<?xml version="1.0" encoding="utf-8"?>
<COLLADA xmlns="http://www.collada.org/2005/11/COLLADASchema" version="1.4.1" xmlns:xsi="http://www.w3.org/2001/XMLSchema-instance">
  <asset>
    <contributor>
      <author>Blender User</author>
      <authoring_tool>Blender 4.5.5 LTS commit date:2025-11-17, commit time:16:03, hash:836beaaf597a</authoring_tool>
    </contributor>
    <created>2026-01-08T13:41:56</created>
    <modified>2026-01-08T13:41:56</modified>
    <unit name="meter" meter="1"/>
    <up_axis>Z_UP</up_axis>
  </asset>
  <library_effects>
    <effect id="材质-effect">
      <profile_COMMON>
        <newparam sid="texture_jpeg-surface">
          <surface type="2D">
            <init_from>texture_jpeg</init_from>
          </surface>
        </newparam>
        <newparam sid="texture_jpeg-sampler">
          <sampler2D>
            <source>texture_jpeg-surface</source>
          </sampler2D>
        </newparam>
        <technique sid="common">
          <lambert>
            <emission>
              <color sid="emission">0 0 0 1</color>
            </emission>
            <diffuse>
              <texture texture="texture_jpeg-sampler" texcoord="UVMap"/>
            </diffuse>
            <index_of_refraction>
              <float sid="ior">1.5</float>
            </index_of_refraction>
          </lambert>
        </technique>
      </profile_COMMON>
    </effect>
  </library_effects>
  <library_images>
    <image id="texture_jpeg" name="texture_jpeg">
      <init_from>texture.jpeg</init_from>
    </image>
  </library_images>
  <library_materials>
    <material id="材质-material" name="材质">
      <instance_effect url="#材质-effect"/>
    </material>
  </library_materials>
  <library_geometries>
    <geometry id="left_gripper_link-mesh" name="left_gripper_link">
      <mesh>
        <source id="left_gripper_link-mesh-positions">
          <float_array id="left_gripper_link-mesh-positions-array" count="4086">-0.01564997 -0.05415797 0.02007895 -0.01564997 0.05383896 0.02091997 -0.01564997 -0.05383896 -0.02091997 -0.01564997 0.05415797 -0.02007895 -0.01564997 0.05272096 -0.02362596 -0.01564997 0.05110698 -0.02472198 -0.01564997 0.04919695 -0.02511799 -0.01564997 -0.05272096 0.02362596 -0.01564997 -0.05110698 0.02472198 -0.01564997 -0.05379199 0.02199494 -0.01564997 -0.04919695 0.02511799 -0.01564997 0.04879999 0.02588099 -0.01564997 0.05071598 0.02551496 -0.01564997 0.052347 0.02444398 -0.01564997 0.05344295 0.02282994 -0.01564997 0.05379199 -0.02199494 -0.01564997 -0.04879999 -0.02588099 -0.01564997 -0.05071598 -0.02551496 -0.01564997 -0.052347 -0.02444398 -0.01564997 -0.05344295 -0.02282994 -0.001999974 0.05415797 -0.02007895 -0.001999974 0.05379199 -0.02199494 -0.001999974 0.05272096 -0.02362596 -0.001999974 0.05110698 -0.02472198 -0.001999974 0.04919695 -0.02511799 -0.001999974 -0.04879999 -0.02588099 -0.001999974 -0.05071598 -0.02551496 -0.001999974 -0.052347 -0.02444398 -0.001999974 -0.05344295 -0.02282994 -0.001999974 -0.05383896 -0.02091997 -0.001999974 -0.05415797 0.02007895 -0.001999974 -0.05379199 0.02199494 -0.001999974 -0.05272096 0.02362596 -0.001999974 -0.05110698 0.02472198 -0.001999974 -0.04919695 0.02511799 -0.001999974 0.04879999 0.02588099 -0.001999974 0.05071598 0.02551496 -0.001999974 0.052347 0.02444398 -0.001999974 0.05344295 0.02282994 -0.001999974 0.05383896 0.02091997 -0.002949953 0.05223697 -0.01864397 -0.002649962 0.05193698 -0.018646 -0.002949953 0.05221199 -0.01544398 -0.002649962 0.05191195 -0.01544594 -0.002949953 -0.05223697 0.01864397 -0.002649962 -0.05193698 0.018646 -0.002949953 -0.05221199 0.01544398 -0.002649962 -0.05191195 0.01544594 -0.005949974 0.03691196 -0.003621995 -0.005949974 0.03753298 -0.004037976 -0.002949953 0.036053 -0.006647944 -0.005949974 0.04451996 -0.001822948 -0.005949974 0.04470998 -0.001361966 -0.002949953 0.04753696 -0.002365946 -0.005949974 0.044999 3.5e-4 -0.002949953 0.04799896 3.74e-4 -0.005949974 0.04385399 -0.002872943 -0.002949953 0.04616695 -0.004782974 -0.005949974 0.04314696 -0.003573 -0.002949953 0.04405295 -0.006585955 -0.005949974 0.04253196 -0.003998994 -0.005949974 0.04114896 -0.004554986 -0.002949953 0.04144895 -0.007555961 -0.005949974 0.04090499 -0.004605948 -0.002949953 0.03867095 -0.007577955 -0.005949974 0.03916895 -0.004618942 -0.005949974 0.03892397 -0.004571974 -0.005949974 0.03619396 -0.002931952 -0.002949953 0.03391098 -0.004878997 -0.005949974 0.03551095 -0.001892983 -0.002949953 0.03250294 -0.00248295 -0.005949974 0.03531396 -0.001434981 -0.002949953 0.03199899 2.49e-4 -0.005949974 0.03499895 2.72e-4 -0.005949974 0.04308599 0.004244983 -0.005949974 0.04246497 0.004660964 -0.002949953 0.04394495 0.007269978 -0.005949974 0.03547698 0.002445995 -0.005949974 0.03528696 0.001984953 -0.002949953 0.03245997 0.002988994 -0.005949974 0.03614395 0.003494977 -0.002949953 0.033831 0.005405962 -0.005949974 0.03685098 0.004195988 -0.002949953 0.03594499 0.007207989 -0.005949974 0.03746497 0.004621982 -0.005949974 0.03884798 0.005176961 -0.002949953 0.03854799 0.008178949 -0.005949974 0.039092 0.005227982 -0.002949953 0.04132699 0.008199989 -0.005949974 0.040829 0.00524199 -0.005949974 0.04107296 0.005193948 -0.005949974 0.04380398 0.003554999 -0.002949953 0.04608696 0.005500972 -0.005949974 0.04448699 0.002515971 -0.002949953 0.04749494 0.003105998 -0.005949974 0.04468399 0.002057969 -0.005949974 -0.003086984 -0.003932952 -0.005949974 -0.002465963 -0.004348993 -0.002949953 -0.003945946 -0.006958961 -0.005949974 0.004521965 -0.002133965 -0.005949974 0.004711985 -0.001672983 -0.002949953 0.007538974 -0.002677977 -0.005949974 0.004999995 3.9e-5 -0.002949953 0.007999956 6.2e-5 -0.005949974 0.00385499 -0.00318396 -0.002949953 0.006167948 -0.005093991 -0.005949974 0.003147959 -0.003884971 -0.002949953 0.00405395 -0.006896972 -0.005949974 0.002533972 -0.004310965 -0.005949974 0.001150965 -0.004865944 -0.002949953 0.001449942 -0.007866978 -0.005949974 9.07e-4 -0.004916965 -0.002949953 -0.001327991 -0.007888972 -0.005949974 -8.3e-4 -0.004930973 -0.005949974 -0.001074969 -0.004882991 -0.005949974 -0.003804981 -0.003243982 -0.002949953 -0.006087958 -0.005189955 -0.005949974 -0.004487991 -0.002203941 -0.002949953 -0.007495999 -0.002794981 -0.005949974 -0.004684984 -0.001746952 -0.002949953 -0.007999956 -6.2e-5 -0.005949974 -0.004999995 -3.9e-5 -0.005949974 0.003086984 0.003932952 -0.005949974 0.002465963 0.004348993 -0.002949953 0.003945946 0.006958961 -0.005949974 -0.004521965 0.002133965 -0.005949974 -0.004711985 0.001672983 -0.002949953 -0.007538974 0.002677977 -0.005949974 -0.00385499 0.00318396 -0.002949953 -0.006167948 0.005093991 -0.005949974 -0.003147959 0.003884971 -0.002949953 -0.00405395 0.006896972 -0.005949974 -0.002533972 0.004310965 -0.005949974 -0.001150965 0.004865944 -0.002949953 -0.001449942 0.007866978 -0.005949974 -9.07e-4 0.004916965 -0.002949953 0.001327991 0.007888972 -0.005949974 8.3e-4 0.004930973 -0.005949974 0.001074969 0.004882991 -0.005949974 0.003804981 0.003243982 -0.002949953 0.006087958 0.005189955 -0.005949974 0.004487991 0.002203941 -0.002949953 0.007495999 0.002794981 -0.005949974 0.004684984 0.001746952 -0.002949953 0.05253899 0.02090996 -0.002649962 0.05283898 0.02091199 -0.002949953 0.05277997 -0.01011496 -0.002649962 0.05315798 -0.020087 -0.002949953 0.05285799 -0.02008897 -0.002949953 0.04881 0.02458095 -0.002649962 0.04880797 0.024881 -0.002649962 0.05081194 0.02436 -0.002949953 0.05066394 0.02409899 -0.002649962 0.05228698 0.02290797 -0.002949953 0.05202895 0.02275598 -0.002649962 -0.04918897 0.024118 -0.002949953 -0.049187 0.02381795 -0.002949953 -0.05285799 0.02008897 -0.002649962 -0.05315798 0.020087 -0.002649962 -0.05263799 0.02209097 -0.002949953 -0.05237698 0.02194297 -0.002649962 -0.05118495 0.02356594 -0.002949953 -0.05103296 0.02330797 -0.002949953 -0.05253899 -0.02090996 -0.002649962 -0.05283898 -0.02091199 -0.002949953 -0.052616 -0.01093494 -0.002949953 -0.04881 -0.02458095 -0.002649962 -0.04880797 -0.024881 -0.002649962 -0.05081194 -0.02436 -0.002949953 -0.05066394 -0.02409899 -0.002649962 -0.05228698 -0.02290797 -0.002949953 -0.05202895 -0.02275598 -0.002649962 0.04918897 -0.024118 -0.002949953 0.049187 -0.02381795 -0.002649962 0.05263799 -0.02209097 -0.002949953 0.05237698 -0.02194297 -0.002649962 0.05118495 -0.02356594 -0.002949953 0.05103296 -0.02330797 -0.002949953 0.05198997 -0.01437395 -0.002649962 0.051714 -0.01449096 -0.002649962 0.05156695 -0.01419895 -0.002949953 0.05137598 -0.01347094 -0.002649962 0.05116599 -0.01368397 -0.002949953 0.05046296 -0.01287096 -0.002649962 0.04939198 -0.01296597 -0.002949953 0.04938995 -0.01266598 -0.002649962 0.05035096 -0.01314896 -0.002649962 0.05064499 -0.013291 -0.002649962 0.05175399 -0.01960498 -0.002949953 0.05203199 -0.01971697 -0.002649962 0.05121797 -0.02041995 -0.002949953 0.05143195 -0.02063 -0.002649962 0.05041098 -0.02096796 -0.002949953 0.05052798 -0.02124398 -0.002649962 0.049456 -0.02116596 -0.002949953 0.04945898 -0.02146595 -0.00119996 0.05193698 -0.018646 -0.00119996 0.05191195 -0.01544594 -0.002949953 -0.05052798 0.02124398 -0.002949953 -0.04945898 0.02146595 -0.002649962 -0.049456 0.02116596 -0.002649962 -0.05041098 0.02096796 -0.002649962 -0.050704 0.02082097 -0.002949953 -0.05143195 0.02063 -0.002649962 -0.05121797 0.02041995 -0.002949953 -0.05203199 0.01971697 -0.002649962 -0.05175399 0.01960498 -0.002649962 -0.05161094 0.01989895 -0.00119996 -0.05193698 0.018646 -0.00119996 -0.05191195 0.01544594 -0.002949953 -0.05198997 0.01437395 -0.002649962 -0.051714 0.01449096 -0.002649962 -0.05156695 0.01419895 -0.002949953 -0.05137598 0.01347094 -0.002649962 -0.05116599 0.01368397 -0.002949953 -0.05046296 0.01287096 -0.002649962 -0.04939198 0.01296597 -0.002949953 -0.04938995 0.01266598 -0.002649962 -0.05035096 0.01314896 -0.002649962 -0.05064499 0.013291 -0.007949948 0.03499895 2.72e-4 -0.007949948 0.03547698 0.002445995 -0.007949948 0.03685098 0.004195988 -0.007949948 0.03884798 0.005176961 -0.007949948 0.04107296 0.005193948 -0.007949948 0.04308599 0.004244983 -0.007949948 0.04448699 0.002515971 -0.007949948 0.044999 3.5e-4 -0.007949948 0.04451996 -0.001822948 -0.007949948 0.04314696 -0.003573 -0.007949948 0.04114896 -0.004554986 -0.007949948 0.03892397 -0.004571974 -0.007949948 0.03691196 -0.003621995 -0.007949948 0.03551095 -0.001892983 -0.007949948 -0.004999995 -3.9e-5 -0.007949948 -0.004521965 0.002133965 -0.007949948 -0.003147959 0.003884971 -0.007949948 -0.001150965 0.004865944 -0.007949948 0.001074969 0.004882991 -0.007949948 0.003086984 0.003932952 -0.007949948 0.004487991 0.002203941 -0.007949948 0.004999995 3.9e-5 -0.007949948 0.004521965 -0.002133965 -0.007949948 0.003147959 -0.003884971 -0.007949948 0.001150965 -0.004865944 -0.007949948 -0.001074969 -0.004882991 -0.007949948 -0.003086984 -0.003932952 -0.007949948 -0.004487991 -0.002203941 -0.001999974 0.05283898 0.02091199 -0.001999974 0.05315798 -0.020087 -0.001999974 0.05263799 -0.02209097 -0.001999974 0.05118495 -0.02356594 -0.001999974 0.04918897 -0.024118 -0.001999974 -0.04880797 -0.024881 -0.001999974 -0.05081194 -0.02436 -0.001999974 -0.05228698 -0.02290797 -0.001999974 -0.05283898 -0.02091199 -0.001999974 -0.05315798 0.020087 -0.001999974 -0.05263799 0.02209097 -0.001999974 -0.05118495 0.02356594 -0.001999974 -0.04918897 0.024118 -0.001999974 0.04880797 0.024881 -0.001999974 0.05081194 0.02436 -0.001999974 0.05228698 0.02290797 -0.002949953 0.05025696 0.01365494 -0.002949953 0.05115997 0.01426899 -0.002949953 0.05175995 0.01518195 -0.002949953 0.05196499 0.01625496 -0.002949953 0.05193996 0.01945495 -0.002949953 0.05171895 0.02052497 -0.002949953 0.05110496 0.02142798 -0.002949953 0.05019199 0.02202796 -0.002949953 0.04911798 0.02223294 -0.002949953 0.050125 -0.01013499 -0.002949953 -0.033831 -0.005405962 -0.002949953 -0.03245997 -0.002988994 -0.002949953 -0.03199899 -2.49e-4 -0.002949953 -0.03250294 0.00248295 -0.002949953 -0.03391098 0.004878997 -0.002949953 -0.04608696 -0.005500972 -0.002949953 -0.04749494 -0.003105998 -0.002949953 -0.04799896 -3.74e-4 -0.002949953 -0.04394495 -0.007269978 -0.002949953 -0.04132699 -0.008199989 -0.002949953 -0.03854799 -0.008178949 -0.002949953 -0.04405295 0.006585955 -0.002949953 -0.04616695 0.004782974 -0.002949953 -0.04753696 0.002365946 -0.002949953 -0.036053 0.006647944 -0.002949953 -0.03867095 0.007577955 -0.002949953 -0.04144895 0.007555961 -0.002949953 -0.03594499 -0.007207989 -0.002949953 0.049187 0.01343297 -0.002949953 -0.05025696 -0.01365494 -0.002949953 -0.05115997 -0.01426899 -0.002949953 -0.05175995 -0.01518195 -0.002949953 -0.05196499 -0.01625496 -0.002949953 -0.049187 -0.01343297 -0.002949953 -0.05193996 -0.01945495 -0.002949953 -0.05171895 -0.02052497 -0.002949953 -0.05110496 -0.02142798 -0.002949953 -0.05019199 -0.02202796 -0.002949953 -0.04911798 -0.02223294 -0.00119996 0.04939198 -0.01296597 -0.00119996 0.05064499 -0.013291 -0.00119996 0.05156695 -0.01419895 -0.002649962 -0.04918497 -0.01373296 -0.002649962 -0.05013996 -0.01393097 -0.002649962 -0.05043196 -0.01407796 -0.002649962 -0.05094695 -0.01447898 -0.002649962 -0.05166494 -0.01625299 -0.002649962 -0.05148196 -0.01529395 -0.002649962 -0.05133998 -0.01499998 -0.002649962 -0.05163997 -0.01945197 -0.002649962 -0.05144196 -0.02040797 -0.002649962 -0.05129599 -0.02069997 -0.002649962 -0.05089396 -0.02121394 -0.002649962 -0.04912096 -0.02193295 -0.002649962 -0.05007898 -0.02174997 -0.002649962 -0.05037295 -0.02160799 -0.00119996 0.05175399 -0.01960498 -0.00119996 0.05121797 -0.02041995 -0.00119996 0.05041098 -0.02096796 -0.00119996 0.049456 -0.02116596 -0.00119996 0.01310497 -0.01338195 -0.00119996 0.01260399 -0.01325196 -0.00119996 0.01316595 -0.02131396 -0.00119996 0.013529 -0.02094495 -0.00119996 0.01365995 -0.02044397 -0.00119996 0.01361095 -0.01424497 -0.00119996 0.01347297 -0.01374596 -0.00119996 0.012667 -0.02145195 -0.002649962 0.04912096 0.02193295 -0.00119996 -0.05161094 0.01989895 -0.00119996 -0.050704 0.02082097 -0.00119996 -0.049456 0.02116596 -0.00119996 -0.01361095 0.01424497 -0.00119996 -0.01347297 0.01374596 -0.00119996 -0.04939198 0.01296597 -0.00119996 -0.01310497 0.01338195 -0.00119996 -0.01260399 0.01325196 -0.00119996 -0.012667 0.02145195 -0.00119996 -0.01316595 0.02131396 -0.00119996 -0.013529 0.02094495 -0.00119996 -0.01365995 0.02044397 -0.00119996 -0.05064499 0.013291 -0.00119996 -0.05156695 0.01419895 -0.002649962 0.04918497 0.01373296 -0.002649962 0.05166494 0.01625299 -0.002649962 0.05148196 0.01529395 -0.002649962 0.05094695 0.01447898 -0.002649962 0.05013996 0.01393097 -0.002649962 0.05163997 0.01945197 -0.002649962 0.05007898 0.02174997 -0.002649962 0.05089396 0.02121394 -0.002649962 0.05144196 0.02040797 -0.007949948 0.03997796 0.002960979 -0.007949948 0.04130595 0.002616941 -0.007949948 0.04228299 0.001653969 -0.007949948 0.04264897 3.32e-4 -0.007949948 0.04230397 -9.96e-4 -0.007949948 0.04134196 -0.001972973 -0.007949948 0.04001897 -0.002338945 -0.007949948 0.03869199 -0.001993954 -0.007949948 0.037714 -0.001031994 -0.007949948 0.03734898 2.91e-4 -0.007949948 0.03769397 0.001617968 -0.007949948 0.03865599 0.002595961 -0.007949948 2.1e-5 -0.002649962 -0.007949948 -0.001306951 -0.002304971 -0.007949948 -0.002284944 -0.001342952 -0.007949948 -0.002649962 -2.1e-5 -0.007949948 -0.002304971 0.001306951 -0.007949948 -0.001342952 0.002284944 -0.007949948 -2.1e-5 0.002649962 -0.007949948 0.001306951 0.002304971 -0.007949948 0.002284944 0.001342952 -0.007949948 0.002649962 2.1e-5 -0.007949948 0.002304971 -0.001306951 -0.007949948 0.001342952 -0.002284944 -0.005949974 -0.03691196 0.003621995 -0.005949974 -0.03753298 0.004037976 -0.005949974 -0.04451996 0.001822948 -0.005949974 -0.04470998 0.001361966 -0.005949974 -0.044999 -3.5e-4 -0.005949974 -0.04385399 0.002872943 -0.005949974 -0.04314696 0.003573 -0.005949974 -0.04253196 0.003998994 -0.005949974 -0.04114896 0.004554986 -0.005949974 -0.04090499 0.004605948 -0.005949974 -0.03916895 0.004618942 -0.005949974 -0.03892397 0.004571974 -0.005949974 -0.03619396 0.002931952 -0.005949974 -0.03551095 0.001892983 -0.005949974 -0.03531396 0.001434981 -0.005949974 -0.03499895 -2.72e-4 -0.005949974 -0.04308599 -0.004244983 -0.005949974 -0.04246497 -0.004660964 -0.005949974 -0.03547698 -0.002445995 -0.005949974 -0.03528696 -0.001984953 -0.005949974 -0.03614395 -0.003494977 -0.005949974 -0.03685098 -0.004195988 -0.005949974 -0.03746497 -0.004621982 -0.005949974 -0.03884798 -0.005176961 -0.005949974 -0.039092 -0.005227982 -0.005949974 -0.040829 -0.00524199 -0.005949974 -0.04107296 -0.005193948 -0.005949974 -0.04380398 -0.003554999 -0.005949974 -0.04448699 -0.002515971 -0.005949974 -0.04468399 -0.002057969 -5e-4 0.01260399 -0.01325196 -5e-4 -0.04918497 -0.01373296 -5e-4 -0.05166494 -0.01625299 -5e-4 -0.05148196 -0.01529395 -5e-4 -0.05133998 -0.01499998 -5e-4 -0.05094695 -0.01447898 -5e-4 -0.05043196 -0.01407796 -5e-4 -0.05013996 -0.01393097 -5e-4 -0.05163997 -0.01945197 -5e-4 -0.04912096 -0.02193295 -5e-4 -0.05007898 -0.02174997 -5e-4 -0.05037295 -0.02160799 -5e-4 -0.05089396 -0.02121394 -5e-4 -0.05129599 -0.02069997 -5e-4 -0.05144196 -0.02040797 -5e-4 0.012667 -0.02145195 -5e-4 0.01365995 -0.02044397 -5e-4 0.01358598 -0.02082794 -5e-4 0.013529 -0.02094495 -5e-4 0.013372 -0.02115398 -5e-4 0.01316595 -0.02131396 -5e-4 0.01304894 -0.02137297 -5e-4 0.01361095 -0.01424497 -5e-4 0.01298695 -0.01332497 -5e-4 0.01310497 -0.01338195 -5e-4 0.01353198 -0.01386195 -5e-4 0.01347297 -0.01374596 -5e-4 0.01331299 -0.01353996 -5e-4 -0.012667 0.02145195 -5e-4 0.04912096 0.02193295 -5e-4 -0.01365995 0.02044397 -5e-4 -0.013529 0.02094495 -5e-4 -0.01316595 0.02131396 -5e-4 -0.01361095 0.01424497 -5e-4 -0.01260399 0.01325196 -5e-4 -0.01298695 0.01332497 -5e-4 -0.01310497 0.01338195 -5e-4 -0.01353198 0.01386195 -5e-4 -0.01347297 0.01374596 -5e-4 -0.01331299 0.01353996 -5e-4 0.04918497 0.01373296 -5e-4 0.05166494 0.01625299 -5e-4 0.05133998 0.01499998 -5e-4 0.05094695 0.01447898 -5e-4 0.05043196 0.01407796 -5e-4 0.05163997 0.01945197 -5e-4 0.05007898 0.02174997 -5e-4 0.05089396 0.02121394 -5e-4 0.05144196 0.02040797 -0.002949953 0.03734898 2.91e-4 -0.002949953 0.03761994 -8.57e-4 -0.002949953 0.037714 -0.001031994 -0.002949953 0.03836297 -0.001772999 -0.002949953 0.03869199 -0.001993954 -0.002949953 0.03942894 -0.002276957 -0.002949953 0.04001897 -0.002338945 -0.002949953 0.040609 -0.002267956 -0.002949953 0.04134196 -0.001972973 -0.002949953 0.04166698 -0.001747965 -0.002949953 0.04264897 3.32e-4 -0.002949953 0.04239499 -8.2e-4 -0.002949953 0.04230397 -9.96e-4 -0.002949953 0.04237699 0.001479983 -0.002949953 0.04228299 0.001653969 -0.002949953 0.04163497 0.002395987 -0.002949953 0.04130595 0.002616941 -0.002949953 0.04056799 0.002898991 -0.002949953 0.03997796 0.002960979 -0.002949953 0.03938895 0.00288999 -0.002949953 0.03865599 0.002595961 -0.002949953 0.03832995 0.002369999 -0.002949953 0.03760194 0.001441955 -0.002949953 0.03769397 0.001617968 -0.002949953 -0.002649962 -2.1e-5 -0.002949953 -0.002379 -0.001167953 -0.002949953 -0.002284944 -0.001342952 -0.002949953 -0.001635968 -0.00208497 -0.002949953 -0.001306951 -0.002304971 -0.002949953 -5.7e-4 -0.002587974 -0.002949953 2.1e-5 -0.002649962 -0.002949953 6.1e-4 -0.002578973 -0.002949953 0.001342952 -0.002284944 -0.002949953 0.001667976 -0.002058982 -0.002949953 0.002649962 2.1e-5 -0.002949953 0.002395987 -0.001130998 -0.002949953 0.002304971 -0.001306951 -0.002949953 0.002379 0.001167953 -0.002949953 0.002284944 0.001342952 -0.002949953 0.001635968 0.00208497 -0.002949953 0.001306951 0.002304971 -0.002949953 5.7e-4 0.002587974 -0.002949953 -2.1e-5 0.002649962 -0.002949953 -6.1e-4 0.002578973 -0.002949953 -0.001342952 0.002284944 -0.002949953 -0.001667976 0.002058982 -0.002949953 -0.002395987 0.001130998 -0.002949953 -0.002304971 0.001306951 -0.000999987 0.05415797 -0.02007895 -0.000999987 0.05383896 0.02091997 -0.000999987 0.04919695 -0.02511799 -0.000999987 0.05110698 -0.02472198 -0.000999987 0.05272096 -0.02362596 -0.000999987 0.05379199 -0.02199494 -0.000999987 -0.04879999 -0.02588099 -0.000999987 -0.05383896 -0.02091997 -0.000999987 -0.05344295 -0.02282994 -0.000999987 -0.052347 -0.02444398 -0.000999987 -0.05071598 -0.02551496 -0.000999987 -0.05415797 0.02007895 -0.000999987 -0.04919695 0.02511799 -0.000999987 -0.05110698 0.02472198 -0.000999987 -0.05272096 0.02362596 -0.000999987 -0.05379199 0.02199494 -0.000999987 0.04879999 0.02588099 -0.000999987 0.05344295 0.02282994 -0.000999987 0.052347 0.02444398 -0.000999987 0.05071598 0.02551496 -0.007949948 -0.044999 -3.5e-4 -0.007949948 -0.04451996 0.001822948 -0.007949948 -0.04314696 0.003573 -0.007949948 -0.04114896 0.004554986 -0.007949948 -0.03892397 0.004571974 -0.007949948 -0.03691196 0.003621995 -0.007949948 -0.03551095 0.001892983 -0.007949948 -0.03499895 -2.72e-4 -0.007949948 -0.03547698 -0.002445995 -0.007949948 -0.03685098 -0.004195988 -0.007949948 -0.03884798 -0.005176961 -0.007949948 -0.04107296 -0.005193948 -0.007949948 -0.04308599 -0.004244983 -0.007949948 -0.04448699 -0.002515971 0 -0.04918897 -0.01323294 0 -0.02409899 -0.01303797 0 0.0126 -0.01275199 0 -0.05194598 -0.01510697 0 -0.05216497 -0.01625597 0 -0.05130296 -0.01412796 0 -0.05033499 -0.01347094 0 -0.05213999 -0.01945596 0 -0.05026698 -0.02221399 0 -0.04911696 -0.02243298 0 -0.05124497 -0.02157098 0 -0.05190294 -0.020603 0 0.01267099 -0.02195197 0 -0.024028 -0.02223795 0 0.01404994 -0.02101498 0 0.01415997 -0.02043998 0 0.01372796 -0.02150398 0 0.01324397 -0.021833 0 0.01411098 -0.01424098 0 0.01317495 -0.01286196 0 0.01366394 -0.01318299 0 0.01399296 -0.01366698 0 0.04911696 0.02243298 0 -0.01267099 0.02195197 0 -0.01341998 0.02174496 0 -0.01396399 0.02119195 0 -0.01415997 0.02043998 0 -0.01411098 0.01424098 0 -0.01317495 0.01286196 0 -0.0126 0.01275199 0 -0.01366394 0.01318299 0 -0.01399296 0.01366698 0 0.04918897 0.01323294 0 0.05177497 0.01475298 0 0.05216497 0.01625597 0 0.05068498 0.01364696 0 0.05213999 0.01945596 0 0.05190294 0.020603 0 0.05124497 0.02157098 0 0.05026698 0.02221399 0 0.04506295 -0.00207895 0 0.04559898 3.55e-4 0 0.04352396 -0.004039943 0 0.041287 -0.005137979 0 0.03879499 -0.005157947 0 0.03654098 -0.004093945 0 0.03497195 -0.002157986 0 0.03439897 2.68e-4 0 0.03493499 0.002701997 0 0.03647297 0.004661977 0 0.03870999 0.005760967 0 0.04120194 0.005779981 0 0.04345595 0.004716992 0 0.04502499 0.00277996 0 0.005063951 -0.002389967 0 0.005599975 4.4e-5 0 0.003525972 -0.00435096 0 0.00128895 -0.00544995 0 -0.001203954 -0.005468964 0 -0.00345695 -0.004404962 0 -0.005025982 -0.002468943 0 -0.005599975 -4.4e-5 0 -0.005063951 0.002389967 0 -0.003525972 0.00435096 0 -0.00128895 0.00544995 0 0.001203954 0.005468964 0 0.00345695 0.004404962 0 0.005025982 0.002468943 0 0.05315798 -0.020087 0 0.05306994 -0.00881195 0 0.05283898 0.02091199 0 0.04918897 -0.024118 0 0.05071794 -0.02380198 0 0.05200797 -0.022924 0 0.05286496 -0.02161997 0 -0.04880797 -0.024881 0 -0.02400898 -0.024688 0 -0.05283898 -0.02091199 0 -0.052522 -0.02243995 0 -0.05164498 -0.02373099 0 -0.05034095 -0.02458798 0 -0.05315798 0.020087 0 -0.05292695 -0.009636998 0 -0.04918897 0.024118 0 -0.05071794 0.02380198 0 -0.05200797 0.022924 0 -0.05286496 0.02161997 0 0.04880797 0.024881 0 -0.02438998 0.024311 0 0.052522 0.02243995 0 0.05164498 0.02373099 0 0.05034095 0.02458798 -0.002949953 -0.03734898 -2.91e-4 -0.002949953 -0.03761994 8.57e-4 -0.007949948 -0.03734898 -2.91e-4 -0.007949948 -0.037714 0.001031994 -0.002949953 -0.037714 0.001031994 -0.002949953 -0.03836297 0.001772999 -0.007949948 -0.03869199 0.001993954 -0.002949953 -0.03869199 0.001993954 -0.002949953 -0.03942894 0.002276957 -0.007949948 -0.04001897 0.002338945 -0.002949953 -0.04001897 0.002338945 -0.002949953 -0.040609 0.002267956 -0.007949948 -0.04134196 0.001972973 -0.002949953 -0.04134196 0.001972973 -0.002949953 -0.04166698 0.001747965 -0.007949948 -0.04230397 9.96e-4 -0.002949953 -0.04264897 -3.32e-4 -0.007949948 -0.04264897 -3.32e-4 -0.002949953 -0.04239499 8.2e-4 -0.002949953 -0.04230397 9.96e-4 -0.007949948 -0.03769397 -0.001617968 -0.007949948 -0.03865599 -0.002595961 -0.007949948 -0.03997796 -0.002960979 -0.007949948 -0.04130595 -0.002616941 -0.007949948 -0.04228299 -0.001653969 0 -0.02412694 -0.009412944 0 -0.03879499 0.005157947 0 -0.03654098 0.004093945 0 -0.03497195 0.002157986 0 -0.03439897 -2.68e-4 0 -0.03493499 -0.002701997 0 -0.03647297 -0.004661977 0 -0.03870999 -0.005760967 0 -0.04120194 -0.005779981 0 -0.04345595 -0.004716992 0 -0.04502499 -0.00277996 0 -0.04559898 -3.55e-4 0 -0.041287 0.005137979 0 -0.04506295 0.00207895 0 -0.04352396 0.004039943 -0.002949953 -0.04237699 -0.001479983 -0.002949953 -0.04228299 -0.001653969 -0.002949953 -0.04163497 -0.002395987 -0.002949953 -0.04130595 -0.002616941 -0.002949953 -0.04056799 -0.002898991 -0.002949953 -0.03997796 -0.002960979 -0.002949953 -0.03938895 -0.00288999 -0.002949953 -0.03865599 -0.002595961 -0.002949953 -0.03832995 -0.002369999 -0.002949953 -0.03760194 -0.001441955 -0.002949953 -0.03769397 -0.001617968 -0.06964999 0.02520698 1.96e-4 -0.06964999 0.02504599 -0.00109899 -0.06964999 -0.01427799 -0.02011197 -0.06964999 0.02455598 -0.002308964 -0.06964999 0.01458895 -0.01988697 -0.06964999 0.009927988 0.022578 -0.06964999 0.01164096 0.02228999 -0.06964999 0.01315099 0.02143299 -0.06964999 -0.02520596 -1.96e-4 -0.06964999 0.02451699 0.00269097 -0.06964999 -0.02512395 -0.001063942 -0.06964999 -0.02451699 -0.00269097 -0.06964999 -0.01458895 0.01988697 -0.06964999 -0.01348298 0.02122598 -0.06964999 0.02502596 0.001488983 -0.06964999 -0.02513694 6.73e-4 -0.06964999 -0.02455598 0.002308964 -0.06964999 0.01427799 0.02011197 -0.06964999 -0.01027798 0.022421 -0.06964999 -0.01198595 0.02210599 -0.06964999 -0.01164096 -0.02228999 -0.06964999 -0.01315099 -0.02143299 -0.06964999 -0.009927988 -0.022578 -0.06964999 0.01027798 -0.022421 -0.06964999 0.01198595 -0.02210599 -0.06964999 0.01348298 -0.02122598 -0.06964999 -0.02999895 -2.33e-4 -0.07464998 -0.02999895 -2.33e-4 -0.07464998 -0.029908 -0.002341985 -0.07314997 -0.004344999 -0.02968394 -0.07464998 -0.007857978 -0.028952 -0.07464998 -0.006652951 -0.029253 -0.07464998 -0.004557967 -0.02965199 -0.07433295 -0.004441976 -0.02966898 -0.07365 -0.004344999 -0.02968394 -0.072169 -0.004233956 -0.02969998 -0.07122796 -0.003900945 -0.02974498 -0.06464999 -0.007857978 -0.028952 -0.07094699 -0.00375396 -0.02976399 -0.070369 -0.00336498 -0.02981096 -0.069664 -0.002660989 -0.02988195 -0.06964999 -0.002643942 -0.02988296 -0.06954097 -0.002500951 -0.02989596 -0.06464999 -0.00249195 -0.02989596 -0.06464999 -0.004978954 -0.02958399 -0.06464999 -0.02999895 -2.33e-4 -0.07464998 0.02986395 -0.002855956 -0.07464998 0.02999895 2.33e-4 -0.06964999 0.02999895 2.33e-4 -0.07433295 0.004903972 -0.02959698 -0.07464998 0.005018949 -0.02957695 -0.07464998 0.00753498 -0.02903795 -0.07145899 0.004471957 -0.02966499 -0.072865 0.004797995 -0.02961397 -0.07464998 0.008307993 -0.02882695 -0.07314997 0.004806995 -0.029612 -0.07365 0.004806995 -0.029612 -0.06911599 -0.001791954 -0.02994596 -0.06878495 -8.4e-4 -0.02998799 -0.06464999 2.33e-4 -0.02999895 -0.06865799 1.92e-4 -0.02999895 -0.06464999 0.002956986 -0.02985399 -0.06875097 0.001191973 -0.02997595 -0.06899195 0.001981973 -0.02993398 -0.06928098 0.002569973 -0.02989 -0.06953799 0.002961993 -0.02985298 -0.06464999 0.005438983 -0.02950298 -0.06964999 0.003108978 -0.02983796 -0.06464999 0.008307993 -0.02882695 -0.07015299 0.003644943 -0.029778 -0.07076799 0.004113972 -0.02971696 -0.07464998 -0.01296597 -0.02705299 -0.06464999 -0.01479697 -0.02609699 -0.07464998 -0.01659595 -0.02499198 -0.06464999 -0.017645 -0.02426195 -0.07464998 -0.017645 -0.02426195 -0.06464999 -0.019104 -0.02313095 -0.07464998 -0.02082997 -0.02158999 -0.06464999 -0.02174299 -0.02066999 -0.07464998 -0.02174299 -0.02066999 -0.06464999 -0.02283096 -0.01946198 -0.07464998 -0.02438098 -0.01747995 -0.06464999 -0.025123 -0.01639598 -0.07464998 -0.025123 -0.01639598 -0.06464999 -0.02586299 -0.01520198 -0.07464998 -0.02713298 -0.01279795 -0.06464999 -0.02767395 -0.01158195 -0.07464998 -0.02767395 -0.01158195 -0.06464999 -0.02810996 -0.01047998 -0.07464998 -0.02899599 -0.007695972 -0.06464999 -0.02931296 -0.006384968 -0.07464998 -0.02931296 -0.006384968 -0.06464999 -0.02950298 -0.005438983 -0.06464999 -0.02998399 -9.77e-4 -0.07464998 -0.01181799 -0.027574 -0.06464999 -0.01004099 -0.02827 -0.06464999 -0.01296597 -0.02705299 -0.06464999 0.01047998 -0.02810996 -0.07464998 0.01246196 -0.02728897 -0.06464999 0.01338499 -0.02684795 -0.07464998 0.01338499 -0.02684795 -0.06464999 0.01520198 -0.02586299 -0.07464998 0.01701098 -0.02471095 -0.06464999 0.01802098 -0.02398395 -0.07464998 0.01802098 -0.02398395 -0.06464999 0.01946198 -0.02283096 -0.07464998 0.021043 -0.02138197 -0.06464999 0.022062 -0.02032899 -0.07464998 0.022062 -0.02032899 -0.06464999 0.02313095 -0.019104 -0.07464998 0.02443599 -0.01740294 -0.06464999 0.02537494 -0.01600295 -0.07464998 0.02537494 -0.01600295 -0.06464999 0.02609699 -0.01479697 -0.07464998 0.02708697 -0.012896 -0.06464999 0.02785098 -0.01114898 -0.07464998 0.02785098 -0.01114898 -0.06464999 0.02827 -0.01004099 -0.07464998 0.02891397 -0.007997989 -0.06464999 0.02940899 -0.005927979 -0.07464998 0.02940899 -0.005927979 -0.06464999 0.02958399 -0.004978954 -0.06464999 0.02999597 -5.11e-4 -0.06464999 0.02999895 2.33e-4 -0.070369 0.02749896 0.01199096 -0.06464999 0.02767395 0.01158195 -0.07094699 0.02765399 0.01163095 -0.071069 0.02767997 0.01156896 -0.06975698 0.02725595 0.01253294 -0.069664 0.02720898 0.01263594 -0.06964999 0.02720195 0.01265197 -0.06911599 0.02683097 0.01342099 -0.06878495 0.02639096 0.01426696 -0.06464999 0.02586299 0.01520198 -0.06865799 0.02588397 0.01516598 -0.06464999 0.025123 0.01639598 -0.072169 0.02783799 0.01118296 -0.07464998 0.02931296 0.006384968 -0.07314997 0.02787899 0.01107895 -0.07464998 0.02896398 0.007815957 -0.07464998 0.02795797 0.01087898 -0.07433295 0.027915 0.01098799 -0.07365 0.02787899 0.01107895 -0.07122796 0.02771097 0.01149398 -0.06464999 0.02810996 0.01047998 -0.06464999 0.02931296 0.006384968 -0.06464999 0.02998399 9.77e-4 -0.07464998 0.02976095 0.003779947 -0.07464998 -0.029841 0.003088951 -0.07433295 -0.02808296 0.01055198 -0.07464998 -0.02812397 0.01044195 -0.07464998 -0.028795 0.008417963 -0.07145899 -0.02792596 0.01095998 -0.072865 -0.02804499 0.01065194 -0.07464998 -0.02940899 0.005927979 -0.07314997 -0.02804899 0.01064294 -0.07365 -0.02804899 0.01064294 -0.06464999 -0.02609699 0.01479697 -0.06464999 -0.02537494 0.01600295 -0.06878495 -0.02555096 0.01572197 -0.06964999 -0.02739495 0.01222699 -0.07015299 -0.02761095 0.01173198 -0.06464999 -0.02785098 0.01114898 -0.06928098 -0.02717 0.01271897 -0.06865799 -0.02607595 0.01483297 -0.06875097 -0.02655595 0.01395595 -0.06899195 -0.02691495 0.01325094 -0.07464998 -0.02339994 0.01877295 -0.07433295 -0.02347296 0.018682 -0.07464998 -0.022062 0.02032899 -0.07365 -0.02353399 0.01860499 -0.07314997 -0.02353399 0.01860499 -0.07216 -0.02360397 0.01851695 -0.07122397 -0.02380698 0.01825398 -0.06464999 -0.022062 0.02032899 -0.07037895 -0.02412897 0.01782596 -0.06975698 -0.02448296 0.01733797 -0.069664 -0.02454698 0.01724594 -0.06964999 -0.02455794 0.01723098 -0.06464999 -0.02313095 0.019104 -0.06911599 -0.025038 0.01652598 -0.06887596 -0.02537095 0.01600998 -0.07076799 0.023678 0.01842099 -0.07145899 0.02345496 0.01870495 -0.06464999 0.02174299 0.02066999 -0.07015299 0.02396595 0.01804596 -0.06875097 0.02536398 0.01602095 -0.06886899 0.02511996 0.01640099 -0.06464999 0.02283096 0.01946198 -0.06899195 0.02493298 0.01668399 -0.06928098 0.02459996 0.01716995 -0.06964999 0.02428698 0.01761096 -0.07464998 0.02174299 0.02066999 -0.072865 0.02324795 0.01896196 -0.07314997 0.02324199 0.01896899 -0.07365 0.02324199 0.01896899 -0.07433295 0.02317994 0.01904499 -0.07464998 0.02310496 0.01913499 -0.06464999 0.02950298 0.005438983 -0.07464998 0.01296597 0.02705299 -0.06464999 0.01479697 0.02609699 -0.07464998 0.01759499 0.02429795 -0.06464999 0.017645 0.02426195 -0.07464998 0.017645 0.02426195 -0.06464999 0.019104 0.02313095 -0.07464998 0.02168798 0.02072799 -0.07464998 -0.002947986 0.02985495 -0.06464999 -2.33e-4 0.02999895 -0.07464998 0.00248295 0.02989697 -0.06464999 0.00249195 0.02989596 -0.07464998 0.007832944 0.02895897 -0.06464999 0.004978954 0.02958399 -0.07464998 0.007857978 0.028952 -0.06464999 0.007857978 0.028952 -0.07464998 0.01292598 0.02707296 -0.06464999 0.01004099 0.02827 -0.06464999 0.01296597 0.02705299 -0.07464998 -0.022008 0.02038794 -0.06464999 -0.01946198 0.02283096 -0.07464998 -0.01802098 0.02398395 -0.06464999 -0.01802098 0.02398395 -0.07464998 -0.01797097 0.02402198 -0.06464999 -0.01520198 0.02586299 -0.07464998 -0.01338499 0.02684795 -0.06464999 -0.01338499 0.02684795 -0.07464998 -0.01334595 0.02686798 -0.06464999 -0.01047998 0.02810996 -0.07464998 -0.008307993 0.02882695 -0.06464999 -0.008307993 0.02882695 -0.07464998 -0.008282959 0.02883398 -0.06464999 -0.005438983 0.02950298 -0.06464999 -0.002956986 0.02985399 -0.07076799 -0.02779197 0.01129496 -0.07106697 -0.02785795 0.01113295 -0.06464999 -0.02827 0.01004099 -0.06464999 -0.02940899 0.005927979 -0.06464999 -0.02958399 0.004978954 -0.06464999 -0.02999597 5.11e-4 -0.01564997 -0.02999895 -2.33e-4 -0.01564997 -0.02950298 -0.005438983 -0.01564997 -0.02810996 -0.01047998 -0.01564997 -0.02586299 -0.01520198 -0.01564997 -0.02283096 -0.01946198 -0.01564997 -0.019104 -0.02313095 -0.01564997 -0.01479697 -0.02609699 -0.01564997 -0.01004099 -0.02827 -0.01564997 -0.004978954 -0.02958399 -0.01564997 2.33e-4 -0.02999895 -0.01564997 0.005438983 -0.02950298 -0.01564997 0.01047998 -0.02810996 -0.01564997 0.01520198 -0.02586299 -0.01564997 0.01946198 -0.02283096 -0.01564997 0.02313095 -0.019104 -0.01564997 0.02609699 -0.01479697 -0.01564997 0.02827 -0.01004099 -0.01564997 0.02958399 -0.004978954 -0.01564997 0.02999895 2.33e-4 -0.01564997 0.02950298 0.005438983 -0.01564997 0.02810996 0.01047998 -0.01564997 0.02586299 0.01520198 -0.01564997 0.02283096 0.01946198 -0.01564997 0.019104 0.02313095 -0.01564997 0.01479697 0.02609699 -0.01564997 0.01004099 0.02827 -0.01564997 0.004978954 0.02958399 -0.01564997 -2.33e-4 0.02999895 -0.01564997 -0.005438983 0.02950298 -0.01564997 -0.01047998 0.02810996 -0.01564997 -0.01520198 0.02586299 -0.01564997 -0.01946198 0.02283096 -0.01564997 -0.02313095 0.019104 -0.01564997 -0.02609699 0.01479697 -0.01564997 -0.02827 0.01004099 -0.01564997 -0.02958399 0.004978954 -0.06964999 -0.026959 0.012519 -0.06964999 -0.02609699 0.01479697 -0.06964999 -0.02458399 0.01671296 -0.06964999 -0.02463698 0.01619595 -0.06964999 -0.021227 0.01426196 -0.06964999 -0.02313697 0.01089298 -0.06964999 -0.02654695 0.01282596 -0.06964999 0.02432096 0.01708799 -0.06964999 0.02586299 0.01520198 -0.06964999 0.026766 0.01293396 -0.06964999 0.026344 0.01323795 -0.06964999 0.02296495 0.01125198 -0.06964999 0.02100199 0.01459097 -0.06964999 0.02438199 0.016577 -0.06964999 0.002637982 -0.02960699 -0.06964999 2.33e-4 -0.02999895 -0.06964999 -0.002180993 -0.02964699 -0.06964999 -0.001706957 -0.02943396 -0.06964999 -0.001737952 -0.02551394 -0.06964999 0.002134978 -0.02548396 -0.06964999 0.002164959 -0.02940398 -0.07314997 -0.02733397 0.01090097 -0.07365 -0.02733397 0.01090097 -0.07005596 -0.02679198 0.01227694 -0.070611 -0.02700698 0.01176095 -0.06973397 -0.02660697 0.01269495 -0.06964999 -0.026959 0.012519 -0.06982296 -0.02666497 0.01256597 -0.06993597 -0.02673 0.01241898 -0.07076495 -0.02705198 0.01164799 -0.07092398 -0.02709394 0.01154196 -0.07108896 -0.02713298 0.01144397 -0.07125997 -0.02716797 0.011352 -0.07142895 -0.02719795 0.01127099 -0.07164597 -0.027233 0.01117998 -0.07236397 -0.02730798 0.010975 -0.06973499 -0.02455395 0.01631599 -0.07076698 -0.02388399 0.01723599 -0.07061195 -0.02395796 0.01713895 -0.07046395 -0.02403599 0.01703596 -0.07032197 -0.02411699 0.01692599 -0.07018697 -0.02420097 0.01681095 -0.070059 -0.02428895 0.01669096 -0.06993895 -0.02437895 0.01656496 -0.069826 -0.02447199 0.016433 -0.07143795 -0.023633 0.01755696 -0.07126396 -0.02368897 0.01748698 -0.07109397 -0.02374899 0.01740998 -0.07092797 -0.02381396 0.01732695 -0.071617 -0.02358299 0.01761996 -0.07236999 -0.02343797 0.01779997 -0.07314997 -0.02338796 0.01785999 -0.07365 -0.02338796 0.01785999 -0.07314997 0.023108 0.01822197 -0.07365 0.023108 0.01822197 -0.06993597 0.02411997 0.01693898 -0.06982296 0.02421498 0.01680999 -0.06964999 0.02432096 0.01708799 -0.06973397 0.02429795 0.01669496 -0.07005596 0.024028 0.01706397 -0.070611 0.02368897 0.01750898 -0.07076495 0.02361398 0.01760399 -0.07092398 0.023543 0.01769298 -0.07142895 0.02335995 0.017919 -0.07125997 0.02341496 0.01785194 -0.07108896 0.02347695 0.01777595 -0.07164597 0.02329897 0.01799398 -0.07236397 0.02315896 0.01816099 -0.06964999 0.026766 0.01293396 -0.06973499 0.026407 0.01310598 -0.07076698 0.02686899 0.01206594 -0.07061195 0.02682197 0.01217895 -0.07046395 0.02677094 0.01229798 -0.07032197 0.02671694 0.01242297 -0.07018697 0.02665996 0.01255297 -0.070059 0.02659898 0.01268899 -0.06993895 0.02653497 0.01283097 -0.069826 0.02646797 0.012977 -0.07092797 0.02691197 0.01195996 -0.07109397 0.02695196 0.01186197 -0.07126396 0.02698796 0.01177197 -0.07143795 0.02702099 0.01168894 -0.071617 0.02705097 0.01161396 -0.07236999 0.027134 0.01139795 -0.07314997 0.027161 0.011325 -0.07365 0.027161 0.011325 -0.06964999 -0.002180993 -0.02964699 -0.06973397 -0.001852989 -0.02942198 -0.07005798 -0.002308964 -0.02937996 -0.069938 -0.002154946 -0.02939599 -0.06982499 -0.001993954 -0.02941 -0.07061195 -0.002862989 -0.02931797 -0.07126295 -0.003298997 -0.02925795 -0.07109296 -0.003202974 -0.02927196 -0.07092797 -0.003097951 -0.02928698 -0.07076698 -0.002983987 -0.029302 -0.07143795 -0.003386974 -0.02924597 -0.071617 -0.003466963 -0.02923399 -0.07236897 -0.003695964 -0.02919799 -0.07314997 -0.003772974 -0.02918499 -0.07314997 0.004226982 -0.02912294 -0.07365 0.004226982 -0.02912294 -0.06993699 0.002610981 -0.02935796 -0.06982398 0.002450942 -0.02937495 -0.06964999 0.002637982 -0.02960699 -0.06973397 0.002309978 -0.02938997 -0.07005697 0.002763986 -0.02934098 -0.070185 0.002913951 -0.02932298 -0.07032096 0.003055989 -0.02930498 -0.070463 0.003190994 -0.02928698 -0.07061195 0.003318965 -0.02926898 -0.07076597 0.003438949 -0.02925199 -0.07092499 0.003551959 -0.029235 -0.07108998 0.00365597 -0.02921897 -0.07126098 0.003752946 -0.02920395 -0.071437 0.003841996 -0.02919 -0.071617 0.003921985 -0.02917599 -0.07164597 0.003933966 -0.02917397 -0.07236397 0.00414896 -0.02913695 -0.07365 -0.003772974 -0.02918499 -0.07615 -0.01427799 -0.02011197 -0.07615 -0.01315099 -0.02143299 -0.07615 -0.01164096 -0.02228999 -0.07615 -0.009927988 -0.022578 -0.07128798 -9e-4 -0.02250796 -0.072075 -0.00168699 -0.02251398 -0.074225 0.002036988 -0.02248495 -0.07314997 0.002324998 -0.02248299 -0.07615 0.01027798 -0.022421 -0.07314997 -0.001974999 -0.02251595 -0.074225 -0.00168699 -0.02251398 -0.07099997 1.75e-4 -0.02249896 -0.07128798 0.001249969 -0.02249097 -0.072075 0.002036988 -0.02248495 -0.07501196 -9e-4 -0.02250796 -0.07529997 1.75e-4 -0.02249896 -0.07501196 0.001249969 -0.02249097 -0.07615 0.01198595 -0.02210599 -0.07615 0.01348298 -0.02122598 -0.07615 0.01458895 -0.01988697 -0.07615 0.02455598 -0.002308964 -0.07615 0.02513694 -6.73e-4 -0.07615 0.02520698 1.96e-4 -0.07615 0.02512395 0.001063942 -0.07615 0.02451699 0.00269097 -0.07501196 0.01885294 0.01232796 -0.07615 0.01427799 0.02011197 -0.07529997 0.01939696 0.01140099 -0.07501196 0.01994198 0.01047497 -0.074225 0.02034097 0.009795963 -0.072075 0.01845395 0.01300698 -0.07314997 0.01830798 0.013255 -0.074225 0.01845395 0.01300698 -0.07128798 0.01885294 0.01232796 -0.07099997 0.01939696 0.01140099 -0.07128798 0.01994198 0.01047497 -0.072075 0.02034097 0.009795963 -0.07314997 0.02048695 0.009547948 -0.07615 0.01315099 0.02143299 -0.07615 0.01164096 0.02228999 -0.07615 0.009927988 0.022578 -0.07615 -0.01027798 0.022421 -0.07493299 -0.027812 0.01046997 -0.074467 -0.02737796 0.01079499 -0.075217 -0.02750098 0.01048696 -0.07314997 -0.02020895 0.01605695 -0.07181799 -0.02032196 0.01585894 -0.07046395 -0.02403599 0.01703596 -0.07047498 -0.02071499 0.01516497 -0.07109397 -0.02374899 0.01740998 -0.07143795 -0.023633 0.01755696 -0.06973499 -0.02455395 0.01631599 -0.06993895 -0.02437895 0.01656496 -0.07018697 -0.02420097 0.01681095 -0.07314997 -0.02415496 0.009097993 -0.07365 -0.02415496 0.009097993 -0.06993597 -0.02673 0.01241898 -0.07048797 -0.02365499 0.009979963 -0.06973397 -0.02660697 0.01269495 -0.07182598 -0.02404397 0.009293973 -0.07108896 -0.02713298 0.01144397 -0.07076495 -0.02705198 0.01164799 -0.07365 -0.02020895 0.01605695 -0.075217 -0.02311897 0.018215 -0.075199 -0.023126 0.01820695 -0.07493299 -0.02326399 0.01849097 -0.074454 -0.02332198 0.01794898 -0.07493299 0.022973 0.01885098 -0.074467 0.02303797 0.01831197 -0.075217 0.02283298 0.01857298 -0.07314997 0.02089399 0.01477497 -0.072075 0.02103996 0.01452696 -0.07128798 0.02143895 0.01384794 -0.07099997 0.02198398 0.01292097 -0.07128798 0.02252799 0.01199495 -0.072075 0.02292698 0.011316 -0.07314997 0.02307295 0.01106798 -0.074225 0.02292698 0.011316 -0.07501196 0.02252799 0.01199495 -0.07529997 0.02198398 0.01292097 -0.07501196 0.02143895 0.01384794 -0.074225 0.02103996 0.01452696 -0.07314997 0.02401095 0.009472966 -0.07181799 0.02389496 0.009669959 -0.07046395 0.02677094 0.01229798 -0.07047498 0.02349096 0.01035696 -0.07076698 0.02686899 0.01206594 -0.07109397 0.02695196 0.01186197 -0.07143795 0.02702099 0.01168894 -0.06973499 0.026407 0.01310598 -0.06993895 0.02653497 0.01283097 -0.07018697 0.02665996 0.01255297 -0.07314997 0.019957 0.01636999 -0.07365 0.019957 0.01636999 -0.06993597 0.02411997 0.01693898 -0.07048797 0.02047097 0.01549595 -0.06973397 0.02429795 0.01669496 -0.07182598 0.02007097 0.01617497 -0.07108896 0.02347695 0.01777595 -0.07076495 0.02361398 0.01760399 -0.07365 0.02401095 0.009472966 -0.075217 0.02733397 0.01091396 -0.075199 0.02732998 0.01092398 -0.07493299 0.027646 0.01090097 -0.074454 0.02720499 0.01122295 -0.07493299 0.004838943 -0.02932095 -0.074467 0.004339993 -0.02910697 -0.075217 0.004667997 -0.02906 -0.07529997 1.98e-4 -0.02549898 -0.07501196 0.001272976 -0.02549099 -0.074225 0.002059996 -0.02548497 -0.07314997 0.002347946 -0.02548199 -0.072075 0.002059996 -0.02548497 -0.07128798 0.001272976 -0.02549099 -0.07099997 1.98e-4 -0.02549898 -0.07128798 -8.77e-4 -0.02550798 -0.072075 -0.001662969 -0.02551394 -0.07314997 -0.001950979 -0.02551597 -0.074225 -0.001662969 -0.02551394 -0.07501196 -8.77e-4 -0.02550798 -0.07314997 -0.003800988 -0.02552998 -0.07181799 -0.003573 -0.02552896 -0.07076698 -0.002983987 -0.029302 -0.07047498 -0.002775967 -0.02552199 -0.07109296 -0.003202974 -0.02927196 -0.07143795 -0.003386974 -0.02924597 -0.06973397 -0.001852989 -0.02942198 -0.069938 -0.002154946 -0.02939599 -0.07314997 0.004197955 -0.02546799 -0.07365 0.004197955 -0.02546799 -0.07048797 0.00318396 -0.02547597 -0.070185 0.002913951 -0.02932298 -0.06993699 0.002610981 -0.02935796 -0.06973397 0.002309978 -0.02938997 -0.07182598 0.003972947 -0.02546995 -0.071437 0.003841996 -0.02919 -0.07108998 0.00365597 -0.02921897 -0.07076597 0.003438949 -0.02925199 -0.070463 0.003190994 -0.02928698 -0.075217 -0.004214942 -0.02912896 -0.075199 -0.004203975 -0.02913099 -0.07493299 -0.004381954 -0.029392 -0.074454 -0.003882944 -0.029172 -0.07365 -0.003800988 -0.02552998 -0.07314997 -0.02063298 0.009227991 -0.07314997 -0.02324295 0.01070696 -0.072075 -0.020491 0.009477972 -0.072075 -0.02310097 0.01095795 -0.07128798 -0.02010297 0.01016294 -0.07128798 -0.02271199 0.01164299 -0.07099997 -0.01957297 0.01109796 -0.07099997 -0.02218198 0.01257795 -0.07128798 -0.01904195 0.01203298 -0.07128798 -0.02165198 0.01351296 -0.072075 -0.01865398 0.01271796 -0.072075 -0.02126395 0.01419699 -0.07314997 -0.01851195 0.012968 -0.07314997 -0.02112197 0.01444798 -0.074225 -0.01865398 0.01271796 -0.074225 -0.02126395 0.01419699 -0.07501196 -0.01904195 0.01203298 -0.07501196 -0.02165198 0.01351296 -0.07529997 -0.01957297 0.01109796 -0.07529997 -0.02218198 0.01257795 -0.07501196 -0.02010297 0.01016294 -0.07501196 -0.02271199 0.01164299 -0.074225 -0.020491 0.009477972 -0.074225 -0.02310097 0.01095795 -0.07615 -0.01198595 0.02210599 -0.07615 -0.01348298 0.02122598 -0.07615 -0.01458895 0.01988697 -0.07615 -0.02451699 -0.00269097 -0.07664996 -0.024948 -0.002943992 -0.07664996 -0.01470899 -0.02036499 -0.07664996 -0.009923994 -0.02307796 -0.07664996 -0.01180797 -0.02276098 -0.07664996 -0.01346999 -0.02181899 -0.07664996 0.01028198 -0.02292096 -0.07664996 0.01502394 -0.02013397 -0.07664996 0.01380795 -0.02160596 -0.07664996 0.01216095 -0.02257394 -0.07664996 0.02499097 -0.002555966 -0.07664996 0.024948 0.002943992 -0.07664996 0.02561599 0.001153945 -0.07664996 0.02570599 2e-4 -0.07664996 0.02562999 -7.56e-4 -0.07664996 0.01470899 0.02036499 -0.07664996 0.009923994 0.02307796 -0.07664996 0.01180797 0.02276098 -0.07664996 0.01346999 0.02181899 -0.07664996 -0.01028198 0.02292096 -0.07584297 -0.02712899 0.009688973 -0.07627099 -0.02694398 0.008908987 -0.07652795 -0.026905 0.008183956 -0.07664495 -0.02699398 0.007453978 -0.07664996 -0.02703595 0.007282972 -0.07652795 -0.005937993 -0.02748799 -0.07656699 -0.006086945 -0.02741497 -0.07664996 -0.006788969 -0.02716499 -0.07623398 -0.005258977 -0.02792495 -0.07581299 -0.004699945 -0.02845197 -0.07664996 -0.01102995 -0.02573597 -0.07664996 -0.01548898 -0.02332597 -0.07664996 -0.01944094 -0.02015095 -0.07664996 -0.02275598 -0.01631498 -0.07664996 -0.02532398 -0.01194494 -0.07664996 -0.02706295 -0.007182955 -0.07664996 -0.027915 -0.002186 -0.07664996 -0.02799898 -2.18e-4 -0.07664996 -0.02785098 0.002882957 -0.07646501 -0.025123 0.007391989 -0.07664996 -0.025635 0.006488978 -0.07468795 -0.02424699 0.008937001 -0.07577097 -0.024589 0.008333981 -0.07577097 -0.01977598 0.01682198 -0.07646501 -0.01924198 0.01776397 -0.07468795 -0.02011799 0.01621896 -0.07664996 -0.01872897 0.01866698 -0.07664996 -0.02013099 0.01946198 -0.07656699 -0.02069896 0.01897895 -0.07652795 -0.02083694 0.01888698 -0.07623398 -0.021555 0.01851695 -0.07581299 -0.02228999 0.018296 -0.07664996 0.01982498 0.019773 -0.07664996 0.01642197 0.02267897 -0.07584297 0.02195495 0.01864999 -0.07627099 0.02118796 0.01887995 -0.07652795 0.02053999 0.01920896 -0.07664495 0.01995295 0.01965099 -0.07664996 -0.01677298 0.02241998 -0.07664996 -0.01245599 0.02507698 -0.07664996 -0.007729947 0.02691197 -0.07664996 -0.002751946 0.02786397 -0.07664996 0.002317965 0.02790397 -0.07664996 0.007310986 0.02702897 -0.07664996 0.01206398 0.02526795 -0.07646501 0.01896297 0.01806098 -0.07664996 0.01843696 0.018956 -0.07468795 0.01986294 0.01652997 -0.07577097 0.01951199 0.01712697 -0.07468795 0.02410495 0.009312987 -0.07577097 0.02445596 0.008715987 -0.07646501 0.02500498 0.007781982 -0.07664996 0.02553099 0.006886959 -0.07664996 0.02691996 0.007702946 -0.07656699 0.02678596 0.008435964 -0.07652795 0.026775 0.008601963 -0.07623398 0.02681297 0.009407997 -0.07581299 0.02698999 0.01015597 -0.07664996 0.02703297 0.007294952 -0.07664996 0.02777695 0.003527998 -0.07664996 0.02799898 2.18e-4 -0.07664996 0.007210969 -0.02705597 -0.07664996 0.01163196 -0.02546995 -0.07584297 0.005173981 -0.02833896 -0.07627099 0.005756974 -0.02778899 -0.07652795 0.006364941 -0.02739197 -0.07664495 0.007040977 -0.02710497 -0.07664996 0.02698695 -0.007463991 -0.07664996 0.02787297 -0.002664983 -0.07664996 0.02528095 -0.01203697 -0.07664996 0.022807 -0.01624298 -0.07664996 0.01963996 -0.01995599 -0.07664996 0.01587694 -0.023063 -0.07646501 0.006159961 -0.02545297 -0.07664996 0.007197976 -0.02544498 -0.07468795 0.004383981 -0.02546697 -0.07577097 0.005076944 -0.02546095 -0.07577097 -0.004679977 -0.02553695 -0.07646501 -0.005762994 -0.02554595 -0.07664996 -0.006800949 -0.025554 -0.07468795 -0.003986954 -0.02553194 -0.07615 -0.02455598 0.002308964 -0.07664996 -0.01502394 0.02013397 -0.07664996 -0.01380795 0.02160596 -0.07664996 -0.01216095 0.02257394 -0.07615 -0.02502596 -0.001488983 -0.07615 -0.02504599 0.00109899 -0.07615 -0.02513694 6.73e-4 -0.07615 -0.02520596 -1.96e-4 -0.07664996 -0.02550798 -0.001621961 -0.07664996 -0.02570599 -2e-4 -0.07664996 -0.02552998 0.001224994 -0.07664996 -0.02499097 0.002555966</float_array>
          <technique_common>
            <accessor source="#left_gripper_link-mesh-positions-array" count="1362" stride="3">
              <param name="X" type="float"/>
              <param name="Y" type="float"/>
              <param name="Z" type="float"/>
            </accessor>
          </technique_common>
        </source>
        <source id="left_gripper_link-mesh-normals">
          <float_array id="left_gripper_link-mesh-normals-array" count="13290">-1 0 0 -1 0 0 -1 0 0 -1 -3.33009e-7 0 -1 -4.90558e-7 0 -1 -1.87624e-6 0 -1 -1.24771e-7 0 -1 0 0 -1 6.11146e-7 0 -1 0 0 -1 0 0 -1 -3.79807e-7 0 -1 -1.37759e-6 0 -1 1.62833e-6 0 -1 -5.00035e-6 0 -1 3.85746e-7 0 -1 1.37759e-6 0 -1 -1.62833e-6 0 0 0.9822401 -0.1876283 0 0.9822401 -0.1876283 0 0.8356294 -0.5492938 0 0.8356294 -0.5492938 0 0.8356294 -0.5492938 0 0.8357105 -0.5491705 0 0.8357105 -0.5491705 0 0.8357105 -0.5491705 0 0.5617769 -0.8272888 0 0.5617769 -0.8272888 0 0.2026844 -0.9792441 0 0.2026844 -0.9792441 0 0.2026844 -0.9792441 0 0.2026835 -0.9792443 0 0.2026835 -0.9792443 0 0.2026835 -0.9792443 0 0.007785677 -0.9999697 0 0.007785677 -0.9999697 0 -0.1876298 -0.9822399 0 -0.1876305 -0.9822397 0 -0.5492917 -0.8356307 0 -0.5492917 -0.8356307 0 -0.5492917 -0.8356308 0 -0.548891 -0.835894 0 -0.8270999 -0.562055 0 -0.8270999 -0.562055 0 -0.8271 -0.5620549 0 -0.8272905 -0.5617745 0 -0.9791762 -0.2030122 0 -0.9791754 -0.2030164 0 -0.9999697 -0.007780313 0 -0.9822401 0.1876283 0 -0.9822401 0.1876283 0 -0.8356294 0.5492938 0 -0.8356294 0.5492938 0 -0.8356294 0.5492938 0 -0.8357105 0.5491705 0 -0.8357105 0.5491705 0 -0.8357105 0.5491705 0 -0.5617769 0.8272888 0 -0.5617769 0.8272888 0 -0.2026844 0.9792441 0 -0.2026844 0.9792441 0 -0.2026844 0.9792441 0 -0.2026835 0.9792443 0 -0.2026835 0.9792443 0 -0.2026835 0.9792443 0 -0.007785677 0.9999697 0 -0.007785677 0.9999697 0 0.1876298 0.9822399 0 0.1876305 0.9822397 0 0.5492917 0.8356307 0 0.5492917 0.8356307 0 0.5492917 0.8356308 0 0.548891 0.835894 0 0.8270999 0.562055 0 0.8270999 0.562055 0 0.8271 0.5620549 0 0.8272905 0.5617745 0 0.9791762 0.2030122 0 0.9791754 0.2030164 0 0.9999697 0.007780313 1 0 0 1 0 0 1 0 0 1 0 0 1 0 0 1 0 0 1 0 0 1 3.12712e-7 0 1 0 0 1 -3.12712e-7 0 1 0 0 1 0 0 1 0 0 1 0 0 1 0 0 -0.7071148 -0.7070773 -0.005525112 -0.7071149 -0.7070771 -0.005525112 -0.7071166 -0.7070755 -0.005525112 -0.7071167 -0.7070754 -0.005525112 -0.7071148 0.7070773 0.005525112 -0.7071149 0.7070771 0.005525112 -0.7071166 0.7070755 0.005525112 -0.7071167 0.7070754 0.005525112 -0.7061725 -0.3940573 -0.588251 -0.7066711 0.6541658 -0.2695983 -0.7016664 0.7025826 -0.1184996 -0.7016838 0.7026275 -0.1181285 -0.701686 0.7025546 -0.1185495 -0.7016532 0.7026013 -0.1184663 -0.6871997 0.6133004 -0.3893831 -0.6871997 0.6133005 -0.3893831 -0.7016324 0.619885 -0.351361 -0.7052912 0.4987806 -0.5037682 -0.6925798 0.4680948 -0.5488356 -0.7062467 0.4031276 -0.5819826 -0.7032606 0.2651838 -0.6596227 -0.6971129 0.2502713 -0.6718616 -0.7069885 0.145348 -0.6921281 -0.7069885 0.1453481 -0.6921281 -0.7069885 0.145348 -0.6921281 -0.7017232 0.005446434 -0.7124289 -0.7017343 0.005177497 -0.71242 -0.7016791 0.005564093 -0.7124714 -0.701558 0.005717217 -0.7125895 -0.7017252 -0.2384844 -0.6713472 -0.6946491 -0.2578107 -0.6715626 -0.7069839 -0.1346982 -0.6942839 -0.7069839 -0.1346982 -0.694284 -0.7069838 -0.1346982 -0.694284 -0.6793745 -0.5082174 -0.5293066 -0.6793745 -0.5082174 -0.5293067 -0.6793745 -0.5082174 -0.5293066 -0.7017426 -0.4536612 -0.5493168 -0.7044067 -0.59312 -0.3898972 -0.6940642 -0.6206776 -0.3647387 -0.7067022 -0.6497517 -0.2799904 -0.7067022 -0.6497518 -0.2799904 -0.7016721 -0.7006727 -0.1292833 -0.701681 -0.7006681 -0.1292597 -0.7016775 -0.7006699 -0.1292691 -0.701667 -0.7006753 -0.1292967 -0.7060778 0.3941141 0.5883266 -0.7066912 -0.6539574 0.2700504 -0.7066913 -0.6539574 0.2700504 -0.7066912 -0.6539575 0.2700504 -0.7016877 -0.7026134 0.1181902 -0.7017163 -0.7025417 0.1184461 -0.7016752 -0.7026309 0.1181605 -0.701696 -0.7026017 0.1182101 -0.6871951 -0.6132949 0.3894 -0.6871951 -0.6132949 0.3894 -0.7017108 -0.6197069 0.3515187 -0.7054014 -0.4990627 0.5033342 -0.6925274 -0.4679764 0.5490027 -0.7060648 -0.4036784 0.5818216 -0.703073 -0.264843 0.6599595 -0.6971838 -0.2505572 0.6716815 -0.7070133 -0.1453419 0.6921041 -0.7070132 -0.1453419 0.6921041 -0.7070133 -0.1453419 0.6921041 -0.7016595 -0.005612194 0.7124903 -0.7015912 -0.005641222 0.7125574 -0.7017109 -0.005475044 0.7124407 -0.7016106 -0.005742788 0.7125374 -0.7016115 0.2385223 0.6714525 -0.6947151 0.2575055 0.6716115 -0.694715 0.2575055 0.6716115 -0.6947151 0.2575055 0.6716115 -0.7069844 0.134679 0.6942872 -0.7069844 0.134679 0.6942872 -0.7069843 0.134679 0.6942873 -0.6794332 0.5081391 0.5293064 -0.6794332 0.5081391 0.5293064 -0.6794332 0.5081391 0.5293063 -0.7016505 0.4537195 0.5493864 -0.7043415 0.5931754 0.3899309 -0.6940419 0.6206302 0.3648619 -0.7067037 0.6497457 0.2800012 -0.7067036 0.6497457 0.2800012 -0.7016897 0.7006641 0.1292347 -0.7016807 0.7006683 0.1292597 -0.7016843 0.7006667 0.1292496 -0.7016948 0.7006615 0.1292205 -0.706102 -0.3944884 -0.5880468 -0.706102 -0.3944883 -0.5880467 -0.7066539 0.6540523 -0.2699183 -0.7066539 0.6540523 -0.2699183 -0.706654 0.6540523 -0.2699183 -0.7016941 0.702604 -0.1182077 -0.7016894 0.7026107 -0.118196 -0.7016916 0.7026075 -0.1182017 -0.7016957 0.7026018 -0.1182118 -0.6872612 0.6131569 -0.3895008 -0.7016627 0.6196861 -0.3516513 -0.7053111 0.4987859 -0.5037351 -0.7053111 0.4987859 -0.5037351 -0.7053111 0.4987858 -0.5037351 -0.6925256 0.4678765 -0.5490901 -0.6925256 0.4678764 -0.5490901 -0.7060627 0.4036766 -0.5818254 -0.7030728 0.2648428 -0.6599598 -0.6973029 0.2505367 -0.6715655 -0.6973028 0.2505367 -0.6715655 -0.7069942 0.1455368 -0.6920825 -0.7069942 0.1455368 -0.6920825 -0.7069942 0.1455368 -0.6920826 -0.7016234 0.005706489 -0.7125251 -0.7017111 0.005318462 -0.7124418 -0.7016381 0.005668103 -0.7125111 -0.7017315 0.005294263 -0.7124219 -0.701725 -0.2384846 -0.6713473 -0.6947206 -0.2574871 -0.6716128 -0.6947206 -0.257487 -0.6716129 -0.6947206 -0.2574871 -0.6716129 -0.706982 -0.1347529 -0.6942753 -0.706982 -0.1347529 -0.6942754 -0.7069818 -0.1347529 -0.6942754 -0.679451 -0.5080173 -0.5294004 -0.7016498 -0.4537192 -0.5493875 -0.7043217 -0.5933634 -0.3896805 -0.6941044 -0.6205776 -0.3648322 -0.7066627 -0.6497525 -0.2800887 -0.7016744 -0.7006819 -0.1292206 -0.7016767 -0.7006807 -0.1292149 -0.7016758 -0.7006812 -0.1292172 -0.7016731 -0.7006826 -0.1292238 -0.706102 0.3944884 0.5880468 -0.706102 0.3944883 0.5880467 -0.7066539 -0.6540523 0.2699183 -0.7066539 -0.6540523 0.2699183 -0.706654 -0.6540523 0.2699183 -0.7016941 -0.702604 0.1182077 -0.7016894 -0.7026107 0.118196 -0.7016916 -0.7026075 0.1182017 -0.7016957 -0.7026018 0.1182118 -0.6872612 -0.6131569 0.3895008 -0.7016627 -0.6196861 0.3516513 -0.7053111 -0.4987859 0.5037351 -0.7053111 -0.4987859 0.5037351 -0.7053111 -0.4987858 0.5037351 -0.6925256 -0.4678765 0.5490901 -0.6925256 -0.4678764 0.5490901 -0.7060627 -0.4036766 0.5818254 -0.7030728 -0.2648428 0.6599598 -0.6973029 -0.2505367 0.6715655 -0.6973028 -0.2505367 0.6715655 -0.7069942 -0.1455368 0.6920825 -0.7069942 -0.1455368 0.6920825 -0.7069942 -0.1455368 0.6920826 -0.7016234 -0.005706489 0.7125251 -0.7017111 -0.005318462 0.7124418 -0.7016381 -0.005668103 0.7125111 -0.7017315 -0.005294263 0.7124219 -0.701725 0.2384846 0.6713473 -0.6947206 0.2574871 0.6716128 -0.6947206 0.257487 0.6716129 -0.6947206 0.2574871 0.6716129 -0.706982 0.1347529 0.6942753 -0.706982 0.1347529 0.6942754 -0.7069818 0.1347529 0.6942754 -0.679451 0.5080173 0.5294004 -0.7016498 0.4537192 0.5493875 -0.7043217 0.5933634 0.3896805 -0.6941044 0.6205776 0.3648322 -0.7066627 0.6497525 0.2800887 -0.7016744 0.7006819 0.1292206 -0.7016767 0.7006807 0.1292149 -0.7016758 0.7006812 0.1292172 -0.7016731 0.7006826 0.1292238 -0.7071152 0.7070771 0.005492269 -0.7071193 0.707073 0.005492329 -0.707032 0.7071602 0.005500137 -0.7071282 0.7070638 0.005528569 -0.7071156 0.7070764 0.005529403 -0.6948293 0.1809557 0.6960369 -0.6947305 0.1805354 0.6962445 -0.6947347 0.1806771 0.6962037 -0.6948254 0.1809555 0.6960409 -0.6947268 0.5045752 0.5125998 -0.6948032 0.5045393 0.5125316 -0.6947078 0.5046401 0.5125617 -0.6946797 0.5046511 0.512589 -0.6947008 0.6933101 0.1916037 -0.694693 0.6933169 0.1916072 -0.694556 0.6934524 0.1916136 -0.6946514 0.6933709 0.1915625 -0.7071122 -0.005505263 0.70708 -0.7071121 -0.005505263 0.7070801 -0.7071122 -0.005505263 0.7070801 -0.6948645 -0.6960901 0.1806153 -0.6946409 -0.6962795 0.1807454 -0.6947926 -0.6961619 0.1806157 -0.6947779 -0.6961764 0.1806159 -0.6947064 -0.5124377 0.504768 -0.6947758 -0.5123757 0.5047354 -0.6946863 -0.5125621 0.5046694 -0.6945992 -0.5126242 0.5047262 -0.6947324 -0.1915946 0.6932809 -0.6947934 -0.1915731 0.6932258 -0.6945534 -0.1916119 0.6934555 -0.6946491 -0.1915603 0.693374 -0.7071157 -0.7070769 -0.00545752 -0.7071352 -0.7070574 -0.005458533 -0.7070767 -0.7071156 -0.005500137 -0.7071216 -0.7070705 -0.005515217 -0.7071154 -0.7070767 -0.005515396 -0.6948293 -0.1809557 -0.6960369 -0.6948297 -0.1809557 -0.6960364 -0.694826 -0.1809556 -0.6960402 -0.6948254 -0.1809555 -0.6960409 -0.6947268 -0.5045752 -0.5125998 -0.6948032 -0.5045393 -0.5125316 -0.6947078 -0.5046401 -0.5125617 -0.6946797 -0.5046511 -0.512589 -0.6947008 -0.6933101 -0.1916037 -0.694693 -0.6933169 -0.1916072 -0.694556 -0.6934524 -0.1916136 -0.6946514 -0.6933709 -0.1915625 -0.7071122 0.005505263 -0.70708 -0.7071121 0.005505263 -0.7070801 -0.7071122 0.005505263 -0.7070801 -0.6948645 0.6960901 -0.1806153 -0.6946409 0.6962795 -0.1807454 -0.6947926 0.6961619 -0.1806157 -0.6947779 0.6961764 -0.1806159 -0.6947064 0.5124377 -0.504768 -0.6947758 0.5123757 -0.5047354 -0.6946863 0.5125621 -0.5046694 -0.6945992 0.5126242 -0.5047262 -0.6947324 0.1915946 -0.6932809 -0.6947934 0.1915731 -0.6932258 -0.6945534 0.1916119 -0.6934555 -0.6946491 0.1915603 -0.693374 -0.6999829 -0.6992835 -0.1450055 -0.7002051 -0.699117 -0.1447352 -0.7000724 -0.6991866 -0.1450409 -0.7001411 -0.6991724 -0.1447775 -0.7062571 -0.6324497 -0.3181325 -0.7062572 -0.6324497 -0.3181325 -0.6422906 -0.6338225 -0.4309664 -0.7040382 -0.5600246 -0.4366953 -0.7040382 -0.5600245 -0.4366955 -0.7002117 -0.3919948 -0.596694 -0.7002117 -0.3919948 -0.596694 -0.7002117 -0.3919949 -0.5966939 -0.7003048 -0.1338047 -0.7011915 -0.7002289 -0.1338602 -0.7012568 -0.7000865 -0.1339641 -0.7013791 -0.7000227 -0.1340107 -0.7014338 -0.7064012 -0.3080924 -0.6372413 -0.7064012 -0.3080924 -0.6372413 -0.7064012 -0.3080924 -0.6372413 -0.6016598 -0.4812751 -0.6374793 -0.6016598 -0.481275 -0.6374793 -0.6016598 -0.4812751 -0.6374793 -0.7003036 -0.7011924 0.1338062 -0.7002281 -0.7012574 0.1338613 -0.7002614 -0.7012535 0.1337071 -0.7002981 -0.701222 0.1336798 -0.7001261 -0.5967333 0.3920878 -0.7001785 -0.5967108 0.3920285 -0.7000387 -0.5967448 0.3922265 -0.7001373 -0.596696 0.3921247 -0.7001864 -0.4012184 0.5905614 -0.700222 -0.401214 0.5905223 -0.700289 -0.401203 0.5904503 -0.6999933 -0.4012554 0.5907652 -0.6999387 -0.1449931 0.6993303 -0.7000454 -0.1450325 0.6992153 -0.7002451 -0.1451063 0.699 -0.7003346 -0.1451394 0.6989036 0 -0.9999695 -0.007815122 0 -0.9999696 -0.007813394 0 -0.9999696 -0.007810533 0 -0.9999696 -0.007808864 -0.7000445 0.1450327 -0.6992161 -0.7003362 0.1451393 -0.698902 -0.700246 0.1451063 -0.6989991 -0.6999369 0.1449933 -0.699332 -0.7063769 0.3181183 -0.632323 -0.7063769 0.3181184 -0.6323232 -0.7063769 0.3181183 -0.632323 -0.642425 0.4307172 -0.6338556 -0.642425 0.4307171 -0.6338556 -0.642425 0.4307171 -0.6338557 -0.7040113 0.4367516 -0.5600144 -0.7040113 0.4367516 -0.5600144 -0.7040113 0.4367517 -0.5600144 -0.7001373 0.596696 -0.3921247 -0.7003036 0.7011924 -0.1338062 -0.7002281 0.7012574 -0.1338613 -0.7002614 0.7012535 -0.1337071 -0.7002981 0.701222 -0.1336798 -0.7063207 0.6373187 -0.308117 -0.7063207 0.6373186 -0.308117 -0.7063206 0.6373189 -0.308117 -0.6017121 0.6374526 -0.4812449 -0.6017122 0.6374526 -0.481245 -0.6017122 0.6374526 -0.4812449 0 0.9999695 0.007815122 0 0.9999696 0.007813394 0 0.9999696 0.007810533 0 0.9999696 0.007808864 -0.6999829 0.6992835 0.1450055 -0.7002051 0.699117 0.1447352 -0.7000724 0.6991866 0.1450409 -0.7001411 0.6991724 0.1447775 -0.7064055 0.6323728 0.3179561 -0.7064055 0.6323727 0.3179562 -0.7064055 0.6323727 0.3179561 -0.6422906 0.6338225 0.4309664 -0.7040382 0.5600246 0.4366953 -0.7040382 0.5600245 0.4366955 -0.7002117 0.3919948 0.596694 -0.7002117 0.3919948 0.596694 -0.7002117 0.3919949 0.5966939 -0.7003048 0.1338047 0.7011915 -0.7002289 0.1338602 0.7012568 -0.7000865 0.1339641 0.7013791 -0.7000227 0.1340107 0.7014338 -0.7064012 0.3080924 0.6372413 -0.7064012 0.3080924 0.6372413 -0.7064012 0.3080924 0.6372413 -0.6016598 0.4812751 0.6374793 -0.6016598 0.481275 0.6374793 -0.6016598 0.4812751 0.6374793 0 -0.9861035 0.1661325 0 -0.9861035 0.1661325 0 -0.9861035 0.1661325 -0.04316043 -0.9756916 0.214856 -0.04316043 -0.9756916 0.214856 -0.04316043 -0.9756916 0.214856 0 -0.9245556 0.3810473 0 -0.8442197 0.5359975 0 -0.8442197 0.5359975 0 -0.8442197 0.5359975 -0.06147551 -0.7850492 0.6163753 0 -0.3724321 0.9280595 -0.05573248 -0.4402233 0.896157 0 -0.5697714 0.8218033 0 -0.5697714 0.8218033 0 -0.5697714 0.8218033 0 -0.7037479 0.7104499 0 -0.7037479 0.7104499 0 -0.7037479 0.7104499 0 -0.2057691 0.9786006 0 -0.2057691 0.9786006 0 -0.2057691 0.9786006 -0.02473497 -0.007828414 0.9996634 -0.02470821 -0.007787406 0.9996644 -0.0247299 -0.00783354 0.9996635 -0.02465164 -0.007833838 0.9996655 0 0.1905756 0.9816726 0 0.1905756 0.9816726 0 0.1905756 0.9816726 0 0.3581222 0.9336748 0 0.3581222 0.9336748 0 0.3581222 0.9336748 -0.05560225 0.4261957 0.9029207 -0.05560225 0.4261957 0.9029207 -0.05560219 0.4261957 0.9029207 0 0.5565539 0.8308116 0 0.6929086 0.7210255 -0.06161051 0.7754741 0.6283662 0 0.9834148 0.1813705 -0.0431391 0.9722757 0.2298243 0 0.9186227 0.3951358 0 0.8356233 0.5493031 0 0.9860492 -0.1664539 -0.04322499 0.9757435 -0.2146074 -0.04322493 0.9757435 -0.2146074 -0.04322493 0.9757435 -0.2146074 0 0.9245556 -0.3810473 0 0.8441994 -0.5360294 0 0.8441994 -0.5360294 0 0.8441994 -0.5360294 -0.06195414 0.7852416 -0.6160823 0 0.3726984 -0.9279526 0 0.3726984 -0.9279526 0 0.3726984 -0.9279526 -0.05543702 0.440416 -0.8960806 0 0.5696942 -0.8218569 0 0.5696942 -0.8218569 0 0.5696942 -0.8218569 0 0.7035813 -0.7106148 0 0.2057691 -0.9786006 0 0.2057691 -0.9786006 0 0.2057691 -0.9786006 -0.02449595 0.007568776 -0.9996713 -0.02457755 0.007485926 -0.99967 -0.02471721 0.007820665 -0.9996639 -0.02483946 0.007883489 -0.9996604 0 -0.1904758 -0.9816919 0 -0.1904758 -0.9816919 0 -0.1904758 -0.9816919 0 -0.3583937 -0.9335706 -0.05543011 -0.4263091 -0.9028777 0 -0.5569476 -0.8305477 0 -0.5569476 -0.8305477 0 -0.5569476 -0.8305477 0 -0.6926703 -0.7212544 0 -0.6926703 -0.7212544 0 -0.6926703 -0.7212544 -0.06160998 -0.7754743 -0.628366 0 -0.9834568 -0.1811433 0 -0.9834568 -0.1811433 0 -0.9834568 -0.1811433 -0.04311239 -0.9722537 -0.229922 0 -0.9184386 -0.3955639 0 -0.9184386 -0.3955639 0 -0.9184386 -0.3955639 0 -0.8358812 -0.5489106 0 -0.8358812 -0.5489106 0 -0.8358812 -0.5489106 0 -0.9861437 0.1658936 -0.04322165 -0.9757376 0.2146349 0 -0.9244258 0.3813622 0 -0.9244258 0.3813622 0 -0.9244257 0.3813622 0 -0.8440914 0.5361994 -0.06161141 -0.7852135 0.6161526 0 -0.3724317 0.9280597 -0.0557323 -0.440225 0.8961563 0 -0.5700445 0.8216138 0 -0.7040874 0.7101134 0 -0.2057216 0.9786106 0 -0.2057216 0.9786106 0 -0.2057216 0.9786106 -0.02473682 -0.007826745 0.9996634 -0.02450942 -0.008057236 0.9996672 -0.02473175 -0.007831931 0.9996635 -0.02492642 -0.00763458 0.9996602 -5.26817e-7 0.190569 0.9816738 0 0.190569 0.9816738 0 0.190569 0.9816738 0 0.3580813 0.9336905 0 0.3580813 0.9336905 0 0.3580813 0.9336905 -0.05542945 0.4263092 0.9028776 0 0.556949 0.8305468 0 0.556949 0.8305468 0 0.556949 0.8305468 0 0.6926274 0.7212956 0 0.6926274 0.7212956 0 0.6926274 0.7212956 -0.0619232 0.7754608 0.6283519 0 0.9834154 0.1813675 -0.04322814 0.9722475 0.2299265 0 0.9183114 0.3958587 0 0.8358635 0.5489374 0 0.9861437 -0.1658936 -0.04322165 0.9757376 -0.2146349 0 0.9244258 -0.3813622 0 0.9244258 -0.3813622 0 0.9244257 -0.3813622 0 0.8440914 -0.5361994 -0.06161141 0.7852135 -0.6161526 0 0.3724317 -0.9280597 -0.0557323 0.440225 -0.8961563 0 0.5700445 -0.8216138 0 0.7040874 -0.7101134 0 0.2057216 -0.9786106 0 0.2057216 -0.9786106 0 0.2057216 -0.9786106 -0.02473682 0.007826745 -0.9996634 -0.02450942 0.008057236 -0.9996672 -0.02473175 0.007831931 -0.9996635 -0.02492642 0.00763458 -0.9996602 -5.26817e-7 -0.190569 -0.9816738 0 -0.190569 -0.9816738 0 -0.190569 -0.9816738 0 -0.3580813 -0.9336905 0 -0.3580813 -0.9336905 0 -0.3580813 -0.9336905 -0.05542945 -0.4263092 -0.9028776 0 -0.556949 -0.8305468 0 -0.556949 -0.8305468 0 -0.556949 -0.8305468 0 -0.6926274 -0.7212956 0 -0.6926274 -0.7212956 0 -0.6926274 -0.7212956 -0.0619232 -0.7754608 -0.6283519 0 -0.9834154 -0.1813675 -0.04322814 -0.9722475 -0.2299265 0 -0.9183114 -0.3958587 0 -0.8358635 -0.5489374 0 0.9999697 0.007780432 0 0.9999698 0.007780432 0 0.9679452 -0.2511616 0 0.9679452 -0.2511616 0 0.7123999 -0.7017738 0 0.7124005 -0.7017732 0 0.7127344 -0.7014341 0 0.7123975 -0.7017763 0 0.2665484 -0.9638215 0 0.007785677 -0.9999697 0 -0.2516158 -0.9678272 0 -0.2516158 -0.9678273 0 -0.251616 -0.9678272 0 -0.251616 -0.9678272 0 -0.7015279 -0.712642 0 -0.7015275 -0.7126424 0 -0.7015294 -0.7126405 0 -0.7015299 -0.7126401 0 -0.9638218 -0.2665475 0 -0.9638218 -0.2665475 0 -0.9999697 -0.007780432 0 -0.9999698 -0.007780432 0 -0.9679452 0.2511616 0 -0.9679452 0.2511616 0 -0.7123999 0.7017738 0 -0.7124005 0.7017732 0 -0.7127344 0.7014341 0 -0.7123975 0.7017763 0 -0.2665484 0.9638215 0 -0.007785677 0.9999697 0 0.2516158 0.9678272 0 0.2516158 0.9678273 0 0.251616 0.9678272 0 0.251616 0.9678272 0 0.7015279 0.712642 0 0.7015275 0.7126424 0 0.7015294 0.7126405 0 0.7015299 0.7126401 0 0.9638218 0.2665475 0 0.9638218 0.2665475 -1 0 0 -1 -6.37476e-7 0 -1 0 0 -1 1.33286e-6 0 -1 2.05113e-7 0 -1 0 0 -1 0 0 -1 -2.41387e-7 0 -1 0 0 -1 0 0 -1 0 0 -1 0 0 -1 0 0 -1 0 0 -1 0 0 -1 0 0 -1 1.33716e-7 0 -1 0 0 -1 0 0 -1 0 0 -1 0 0 -1 0 0 -1 0 0 -1 0 0 -1 0 0 -1 0 0 -1 0 0 -1 0 0 -1 0 0 -1 0 0 -1 0 0 -1 0 0 -1 0 0 -1 1.72984e-7 0 -1 0 0 -1 -3.15643e-6 0 -1 -1.64114e-6 0 -1 0 0 -1 0 0 -1 1.52609e-7 0 -1 -2.90489e-7 0 -1 -2.49291e-7 0 -1 0 0 -1 0 0 -1 0 0 -1 0 0 -1 0 0 -1 0 0 -1 2.28308e-7 0 -1 0 0 -1 0 0 -1 0 0 -1 0 0 -1 0 0 -1 0 0 -1 0 0 -1 0 0 -1 0 0 -1 0 0 -1 0 0 -1 0 0 -1 0 0 -1 0 0 -1 0 0 -1 0 0 -1 0 0 -1 1.29456e-7 0 -1 0 0 -1 0 0 -1 0 0 -1 -3.99809e-7 0 -1 1.61876e-7 0 -1 0 0 -1 0 0 -1 0 0 -1 0 0 -1 0 0 -1 0 0 -1 -1.57947e-7 0 -1 5.94164e-7 0 -1 -1.88554e-7 0 -1 0 0 -1 0 0 -1 2.19144e-7 0 -1 0 0 -1 2.41387e-7 0 -1 0 0 -1 0 0 -1 0 0 -1 0 0 -1 0 0 -1 0 0 -1 0 0 -1 0 0 -1 -1.33716e-7 0 -1 0 0 -1 0 0 -1 0 0 -1 0 0 -1 -5.33195e-7 0 0 -0.1874415 -0.9822758 -0.04384529 -0.2508285 -0.9670381 0 -0.4353548 -0.9002591 0 -0.4353548 -0.9002591 0 -0.4353548 -0.900259 0 -0.6021973 -0.7983474 -0.05890762 -0.7004621 -0.7112544 0 -0.9791749 -0.2030188 -0.04396927 -0.962864 -0.2663827 0 -0.893195 -0.4496695 0 -0.7887271 -0.6147437 0 -0.7887271 -0.6147437 0 -0.7887271 -0.6147437 -0.707114 0.005501568 -0.7070782 -0.707114 0.005501568 -0.7070782 -0.7071139 0.005501568 -0.7070783 -0.707114 0.005501568 -0.7070783 -0.7002455 0.1446625 -0.6990916 -0.7001062 0.1450563 -0.6991495 -0.7002541 0.1446117 -0.6990935 -0.6999318 0.1449926 -0.6993374 -0.7063519 0.318033 -0.6323939 -0.7063519 0.318033 -0.632394 -0.6422849 0.4309721 -0.6338242 -0.7041046 0.4366801 -0.559953 -0.7041046 0.4366801 -0.559953 -0.7041046 0.43668 -0.559953 -0.7001094 0.5967719 -0.3920588 -0.7001094 0.596772 -0.3920589 -0.7001094 0.5967719 -0.3920589 -0.7002997 0.7011963 -0.1338067 -0.7002248 0.7012601 -0.1338638 -0.7000843 0.7013799 -0.1339709 -0.7000215 0.7014335 -0.1340188 -0.7061828 0.6374945 -0.3080692 -0.7061828 0.6374945 -0.3080692 -0.6015313 0.6376121 -0.4812598 -0.6015313 0.6376121 -0.4812598 -0.6015313 0.6376121 -0.4812598 -0.7071244 0.7070675 0.005526781 -0.7071233 0.7070686 0.005526661 -0.707112 0.7070801 0.00552529 -0.7071108 0.7070812 0.005525112 -0.7002701 0.6990611 0.1446908 -0.7002573 0.6990858 0.1446337 -0.700262 0.6990743 0.1446661 -0.7002499 0.6990795 0.1446995 -0.706334 0.6324272 0.3180067 -0.7063341 0.6324271 0.3180067 -0.706334 0.6324272 0.3180066 -0.642578 0.6337845 0.4305937 -0.6425779 0.6337845 0.4305937 -0.7040898 0.559962 0.4366923 -0.7040898 0.559962 0.4366923 -0.7040899 0.559962 0.4366922 -0.7001872 0.3920065 0.596715 -0.7001872 0.3920065 0.596715 -0.7002441 0.1337388 0.7012647 -0.7001097 0.1339483 0.7013589 -0.7002017 0.1338812 0.7012798 -0.7002429 0.1338512 0.7012445 -0.7063632 0.3081116 0.6372742 -0.7063632 0.3081116 0.6372741 -0.7063632 0.3081116 0.6372742 -0.6016072 0.4815015 0.6373579 -0.6016072 0.4815015 0.6373579 -0.6016073 0.4815016 0.6373579 -0.7071195 -0.005501508 0.7070726 -0.7071195 -0.005501508 0.7070727 0 -0.9822753 0.1874445 0 -0.9822764 0.1874383 0 -0.982276 0.1874407 0 -0.9822772 0.1874346 0 -0.8358188 0.5490054 0 -0.8358188 0.5490054 -1.93024e-7 -0.8358188 0.5490054 0 -0.8357662 0.5490856 0 -0.5617772 0.8272886 0 -0.5617773 0.8272885 -2.98692e-7 -0.5621738 0.8270192 0 -0.203014 0.9791759 0 -0.2026841 0.9792442 0 -0.2026847 0.9792441 0 -0.2025426 0.9792735 -1 0 0 -1 0 0 -1 0 0 -1 0 0 -1 0 0 -1 0 0 -1 0 0 -1 6.23143e-7 0 -1 0 0 -1 0 0 -1 0 0 -1 0 0 -1 0 0 -1 0 0 -1 0 0 -0.7071195 0.005501508 -0.7070726 -0.7071195 0.005501508 -0.7070727 0 0.9822753 -0.1874445 -0.04406172 0.9669392 -0.2511719 -0.04406172 0.9669392 -0.2511719 -0.04406166 0.9669391 -0.251172 0 0.9002803 -0.4353107 0 0.9002802 -0.4353107 1.61992e-7 0.9002802 -0.4353107 0 0.7983408 -0.602206 -0.05866038 0.711656 -0.7000749 0 0.2025426 -0.9792735 0 0.2025426 -0.9792735 2.9012e-7 0.2025426 -0.9792735 -0.04383111 0.2661928 -0.9629228 0 0.449253 -0.8934047 0 0.449253 -0.8934046 0 0.449253 -0.8934046 0 0.6151124 -0.7884395 -1 0 0 -1 0 0 -1 0 0 -1 0 0 -1 0 0 -1 0 0 -1 0 0 -1 0 0 -1 0 0 -1 0 0 -1 0 0 -1 -2.7201e-7 0 -1 1.51657e-7 0 -1 0 0 -1 0 0 0 0.1874415 0.9822758 -0.04384529 0.2508285 0.9670381 0 0.4353548 0.9002591 0 0.4353548 0.9002591 0 0.4353548 0.900259 0 0.6021973 0.7983474 -0.05890762 0.7004621 0.7112544 0 0.9791749 0.2030188 -0.04396927 0.962864 0.2663827 0 0.893195 0.4496695 0 0.7887271 0.6147437 0 0.7887271 0.6147437 0 0.7887271 0.6147437 -0.707114 -0.005501568 0.7070782 -0.707114 -0.005501568 0.7070782 -0.7071139 -0.005501568 0.7070783 -0.707114 -0.005501568 0.7070783 -0.7002997 -0.7011963 0.1338067 -0.7002248 -0.7012601 0.1338638 -0.7000843 -0.7013799 0.1339709 -0.7000215 -0.7014335 0.1340188 -0.7002066 -0.5966961 0.3920008 -0.7001971 -0.5967061 0.3920024 -0.7001891 -0.5967118 0.3920082 -0.7001094 -0.5967719 0.3920588 -0.7002395 -0.4012072 0.5905061 -0.7002828 -0.4011847 0.5904701 -0.7002467 -0.4011942 0.5905064 -0.7002376 -0.4011951 0.5905166 -0.7002252 -0.144692 0.6991059 -0.6999787 -0.1450098 0.6992868 -0.7000662 -0.1450421 0.6991926 -0.7001053 -0.1450565 0.6991505 -0.7071244 -0.7070675 -0.005526781 -0.7071233 -0.7070686 -0.005526661 -0.707112 -0.7070801 -0.00552529 -0.7071108 -0.7070812 -0.005525112 -0.7002441 -0.1337388 -0.7012647 -0.7001097 -0.1339483 -0.7013589 -0.7002017 -0.1338812 -0.7012798 -0.7002429 -0.1338512 -0.7012445 -0.7003667 -0.3922129 -0.5963687 -0.7002087 -0.3920032 -0.596692 -0.7001693 -0.3920093 -0.5967341 -0.7001891 -0.3920059 -0.5967133 -0.7002479 -0.5904963 -0.4012072 -0.7002598 -0.5904843 -0.4012041 -0.7001823 -0.5905621 -0.4012246 -0.7001923 -0.590552 -0.401222 -0.7002836 -0.6990464 -0.1446964 -0.7002356 -0.6990941 -0.1446983 -0.7002621 -0.6990743 -0.144666 -0.700424 -0.6989744 -0.1443645 -1 -3.97741e-7 0 -1 -2.06541e-7 0 -1 -3.6433e-7 0 -1 -2.46857e-7 0 -1 -4.60025e-7 0 -1 -4.55537e-7 0 -1 -1.35992e-7 0 -1 0 0 -1 0 0 -1 1.27272e-7 0 -1 0 0 -1 2.92912e-7 0 -1 -4.25694e-7 0 -1 2.08353e-7 0 -1 1.6263e-7 0 -1 2.24834e-7 0 -1 1.46529e-7 0 -1 -2.16116e-7 0 -1 1.34017e-7 0 -1 1.90532e-7 0 -1 0 0 -1 0 0 -1 0 0 -1 1.32164e-7 0 -1 6.03695e-7 0 -1 1.3166e-7 0 -1 -1.62003e-7 0 -1 -2.24678e-7 0 -1 0 0 -1 3.82212e-7 0 -1 0 0 -1 0 0 -1 0 0 -1 0 0 -1 -1.32164e-7 0 -1 -6.03695e-7 0 -1 -1.3166e-7 0 -1 1.62003e-7 0 -1 2.24678e-7 0 -1 0 0 -1 -3.82212e-7 0 -1 0 0 -1 0 0 -1 0 0 -1 0 0 -1 0 0 -1 0 0 -1 -3.27635e-7 0 -1 -3.69745e-7 0 -1 1.56162e-7 0 -1 1.56807e-7 0 -1 0 0 -1 0 0 -1 0 0 -1 0 0 -1 0 0 -1 0 0 -1 0 0 -1 0 0 -1 0 0 -1 0 0 -1 0 0 -1 0 0 -1 3.27635e-7 0 -1 3.69745e-7 0 -1 -1.56162e-7 0 -1 -1.89324e-7 0 -1 0 0 -1 0 0 -1 -1.40061e-7 0 -1 0 0 -1 0 0 -1 0 0 -1 0 0 -1 0 0 -1 0 0 -1 0 0 -1 0 0 -0.7061725 0.3940573 0.588251 -0.7066711 -0.6541658 0.2695983 -0.7016664 -0.7025826 0.1184996 -0.7016838 -0.7026275 0.1181285 -0.701686 -0.7025546 0.1185495 -0.7016532 -0.7026013 0.1184663 -0.6871997 -0.6133004 0.3893831 -0.6871997 -0.6133005 0.3893831 -0.7016324 -0.619885 0.351361 -0.7052912 -0.4987806 0.5037682 -0.6925798 -0.4680948 0.5488356 -0.7062467 -0.4031276 0.5819826 -0.7032606 -0.2651838 0.6596227 -0.6971129 -0.2502713 0.6718616 -0.7069885 -0.145348 0.6921281 -0.7069885 -0.1453481 0.6921281 -0.7069885 -0.145348 0.6921281 -0.7017232 -0.005446434 0.7124289 -0.7017343 -0.005177497 0.71242 -0.7016791 -0.005564093 0.7124714 -0.701558 -0.005717217 0.7125895 -0.7017252 0.2384844 0.6713472 -0.6946491 0.2578107 0.6715626 -0.7069839 0.1346982 0.6942839 -0.7069839 0.1346982 0.694284 -0.7069838 0.1346982 0.694284 -0.6793745 0.5082174 0.5293066 -0.6793745 0.5082174 0.5293067 -0.6793745 0.5082174 0.5293066 -0.7017426 0.4536612 0.5493168 -0.7044067 0.59312 0.3898972 -0.6940642 0.6206776 0.3647387 -0.7067022 0.6497517 0.2799904 -0.7067022 0.6497518 0.2799904 -0.7016721 0.7006727 0.1292833 -0.701681 0.7006681 0.1292597 -0.7016775 0.7006699 0.1292691 -0.701667 0.7006753 0.1292967 -0.7060778 -0.3941141 -0.5883266 -0.7066682 0.6541611 -0.269617 -0.7016877 0.7026134 -0.1181902 -0.7017163 0.7025417 -0.1184461 -0.7016752 0.7026309 -0.1181605 -0.701696 0.7026017 -0.1182101 -0.6871951 0.6132949 -0.3894 -0.6871951 0.6132949 -0.3894 -0.7017108 0.6197069 -0.3515187 -0.7054014 0.4990627 -0.5033342 -0.6925274 0.4679764 -0.5490027 -0.7060648 0.4036784 -0.5818216 -0.703073 0.264843 -0.6599595 -0.6971838 0.2505572 -0.6716815 -0.7070133 0.1453419 -0.6921041 -0.7070132 0.1453419 -0.6921041 -0.7070133 0.1453419 -0.6921041 -0.7016595 0.005612194 -0.7124903 -0.7015912 0.005641222 -0.7125574 -0.7017109 0.005475044 -0.7124407 -0.7016106 0.005742788 -0.7125374 -0.7016115 -0.2385223 -0.6714525 -0.6947151 -0.2575055 -0.6716115 -0.694715 -0.2575055 -0.6716115 -0.6947151 -0.2575055 -0.6716115 -0.7069844 -0.134679 -0.6942872 -0.7069844 -0.134679 -0.6942872 -0.7069843 -0.134679 -0.6942873 -0.6794332 -0.5081391 -0.5293064 -0.6794332 -0.5081391 -0.5293064 -0.6794332 -0.5081391 -0.5293063 -0.7016505 -0.4537195 -0.5493864 -0.7043415 -0.5931754 -0.3899309 -0.6940419 -0.6206302 -0.3648619 -0.7067037 -0.6497457 -0.2800012 -0.7067036 -0.6497457 -0.2800012 -0.7016897 -0.7006641 -0.1292347 -0.7016807 -0.7006683 -0.1292597 -0.7016843 -0.7006667 -0.1292496 -0.7016948 -0.7006615 -0.1292205 4.08394e-6 0.007774174 -0.9999698 0 0.007774055 -0.9999698 1.06418e-4 0.007781684 -0.9999697 0 0.007784307 -0.9999697 0 0.007784307 -0.9999697 2.4324e-6 0.007784247 -0.9999697 0 0.9822754 -0.1874436 0 0.9822754 -0.1874436 0 0.9002608 -0.4353511 0 0.9003234 -0.4352217 0 0.9003233 -0.4352217 0 0.9002608 -0.4353511 0 0.7981373 -0.6024757 0 0.7981414 -0.6024702 0 0.7983403 -0.6022066 0 0.7983444 -0.6022012 0 0.6147417 -0.7887285 0 0.6147457 -0.7887254 0 0.6147426 -0.7887278 0 0.6147466 -0.7887247 0 0.4493599 -0.8933508 0 0.4492314 -0.8934155 0 0.4492315 -0.8934155 0 0.4496597 -0.8932 0 0.2030115 -0.9791764 0 0.2030125 -0.9791762 0 0.2030119 -0.9791763 0 0.2030129 -0.9791761 0 0.9999695 0.007817506 0 0.9999695 0.007815897 0 0.9999695 0.007814824 0 0.9999695 0.007813274 0 0.1876321 0.9822394 0 0.1876311 0.9822396 0 0.1876317 0.9822395 0 0.1876308 0.9822397 0 0.4353455 0.9002636 0 0.4352234 0.9003225 0 0.4352168 0.9003258 0 0.4352242 0.9003222 0 0.6026445 0.7980098 0 0.6026403 0.7980129 0 0.6026436 0.7980105 0 0.6025629 0.7980715 0 0.7886153 0.614887 0 0.7886154 0.614887 0 0.7886154 0.614887 0 0.7886153 0.614887 0 0.8933958 0.4492706 0 0.8933882 0.4492854 0 0.893395 0.4492721 0 0.8933875 0.4492871 0 0.9792196 0.2028028 0 0.9792186 0.2028076 0 0.9792193 0.2028046 0 0.9792183 0.2028095 0 -0.007773816 0.9999698 -4.24714e-6 -0.007773935 0.9999698 -1.10676e-4 -0.007781744 0.9999697 -2.52968e-6 -0.007784366 0.9999697 0 -0.007784426 0.9999697 0 -0.007784426 0.9999698 0 -0.9822679 0.1874828 0 -0.9822679 0.1874828 -4.77596e-7 -0.9822679 0.1874828 0.03639918 -0.9672788 0.2510917 0.03639912 -0.9672788 0.2510917 0.03639894 -0.9672787 0.2510917 0 -0.9002899 0.4352908 -2.32912e-7 -0.9002899 0.4352908 -1.41984e-7 -0.9002899 0.4352908 0 -0.7980707 0.6025639 0 -0.7980707 0.6025639 0 -0.7980707 0.6025639 0.04866045 -0.7117679 0.7007272 0.04866045 -0.7117679 0.7007273 0.04866051 -0.7117679 0.7007273 0 -0.6148541 0.7886409 0 -0.6148541 0.7886409 0 -0.6148541 0.7886409 0 -0.4492318 0.8934153 0 -0.4492318 0.8934153 0 -0.4492318 0.8934153 0.03637558 -0.2661917 0.9632336 0.03637558 -0.2661918 0.9632336 0.03637558 -0.2661917 0.9632336 0 -0.2025213 0.9792779 0 -0.9999688 -0.00790441 4.02138e-7 -0.9999715 -0.007568776 0 -0.9999714 -0.007568418 0 -0.9999688 -0.007903933 0 -0.1875587 -0.9822535 0 -0.1875587 -0.9822535 0 -0.1875587 -0.9822535 0.03645455 -0.2509961 -0.9673014 0 -0.4353912 -0.9002415 0 -0.4353911 -0.9002415 0 -0.4353911 -0.9002415 0 -0.9638222 -0.2665461 0.04828041 -0.9780878 -0.2025176 0.04828047 -0.9780878 -0.2025176 0.04828053 -0.9780878 -0.2025177 -1.84518e-7 -0.8934302 -0.449202 0 -0.8934302 -0.449202 -2.23189e-7 -0.8934302 -0.449202 0 -0.7015606 -0.7126098 -1.39931e-7 -0.7015606 -0.7126098 0 -0.7015606 -0.7126098 0.0961157 -0.7848587 -0.6121754 0.09611552 -0.7848587 -0.6121755 0.09611582 -0.7848587 -0.6121754 3.22121e-7 -0.602598 -0.7980449 -2.04609e-7 -0.602598 -0.7980449 0 -0.602598 -0.7980449 0 0.007773816 -0.9999698 -4.24714e-6 0.007773935 -0.9999698 -1.10676e-4 0.007781744 -0.9999697 -2.52968e-6 0.007784366 -0.9999697 0 0.007784426 -0.9999697 0 0.007784426 -0.9999698 0 0.9678974 -0.2513459 0 0.9678966 -0.2513487 0 0.9678968 -0.2513478 0 0.9678961 -0.2513507 0 0.7125461 -0.7016254 0 0.7125446 -0.7016268 0 0.712646 -0.7015239 0 0.7124763 -0.7016962 0 0.2665469 -0.963822 0 0.2665469 -0.963822 0 0.9999688 0.00790441 4.02138e-7 0.9999715 0.007568776 0 0.9999714 0.007568418 0 0.9999688 0.007903933 0 0.1875587 0.9822535 0 0.1875587 0.9822535 0 0.1875587 0.9822535 0.03645455 0.2509961 0.9673014 0 0.4353912 0.9002415 0 0.4353911 0.9002415 0 0.4353911 0.9002415 0 0.9638222 0.2665461 0.04828041 0.9780878 0.2025176 0.04828047 0.9780878 0.2025176 0.04828053 0.9780878 0.2025177 -1.78756e-7 0.8933657 0.4493305 0 0.8933657 0.4493305 -2.16286e-7 0.8933656 0.4493305 0 0.7015606 0.7126098 -1.39931e-7 0.7015606 0.7126098 0 0.7015606 0.7126098 0.0961157 0.7848587 0.6121754 0.09611552 0.7848587 0.6121755 0.09611582 0.7848587 0.6121754 3.22121e-7 0.602598 0.7980449 -2.04609e-7 0.602598 0.7980449 0 0.602598 0.7980449 4.08394e-6 -0.007774174 0.9999698 0 -0.007774055 0.9999698 1.06418e-4 -0.007781684 0.9999697 0 -0.007784307 0.9999697 0 -0.007784307 0.9999697 2.4324e-6 -0.007784247 0.9999697 0 -0.9822754 0.1874436 -0.02958589 -0.9675451 0.2509607 0.0198239 -0.8358086 0.548663 0 -0.7980556 0.6025839 0 -0.7980557 0.6025839 0 -0.7980557 0.6025839 0 -0.5617798 0.8272868 0.02966892 -0.6145215 0.7883421 0.02966886 -0.6145215 0.7883421 0.02966886 -0.6145215 0.7883421 -0.03934526 -0.2028557 0.9784178 0 -0.2666463 0.9637945 0 -0.9999695 -0.007817506 0 -0.9999695 -0.007815897 0 -0.9999695 -0.007814824 0 -0.9999695 -0.007813274 0 -0.1876321 -0.9822394 0 -0.1876311 -0.9822396 0 -0.1876317 -0.9822395 0 -0.1876308 -0.9822397 0 -0.5492054 -0.8356875 0 -0.5490806 -0.8357694 0 -0.5490835 -0.8357676 0 -0.5490789 -0.8357706 0 -0.8269624 -0.5622573 1.60841e-7 -0.8271535 -0.5619763 0 -0.8269633 -0.562256 0 -0.8269656 -0.5622525 0 -0.9792196 -0.2028028 0 -0.9792186 -0.2028076 0 -0.9792193 -0.2028046 0 -0.9792183 -0.2028095 0 0.9731736 0.2300726 0 0.9731736 0.2300726 0 0.9731736 0.2300726 0.008814275 0.9639494 0.2659399 0 0.8804901 0.4740645 0 0.8804901 0.4740645 0 0.8804901 0.4740645 0 0.752863 0.6581773 0 0.752863 0.6581773 0 0.752863 0.6581773 0.01470118 0.7015137 0.7125044 0.01470112 0.7015137 0.7125045 0.01470112 0.7015137 0.7125045 0 0.5568902 0.8305863 0 0.5568902 0.8305863 0 0.5568902 0.8305863 0 0.3584665 0.9335426 0.01768743 0.2515829 0.9676742 0 0.1041747 0.994559 0 0.1041747 0.994559 0 0.1041747 0.994559 0 -0.1194773 0.992837 0.01769173 -0.2662736 0.9637352 0.01769173 -0.2662736 0.9637351 0.01769173 -0.2662736 0.9637351 0 -0.3726408 0.9279757 0 -0.3726408 0.9279757 0 -0.3726408 0.9279757 0 -0.5696078 0.8219166 0 -0.5696078 0.8219166 0 -0.5696078 0.8219166 0.01474148 -0.7124789 0.7015386 0 -0.9766159 0.2149922 0 -0.9766159 0.2149922 0 -0.9766159 0.2149922 0.00876373 -0.9678366 0.2514269 0 -0.8877117 0.4603998 0 -0.8877117 0.4603998 0 -0.8877117 0.4603998 0 -0.7630391 0.6463524 0 -0.9731368 -0.2302278 0 -0.9731368 -0.2302278 0 -0.9731368 -0.2302278 0.008802711 -0.9638368 -0.2663478 0.008802711 -0.9638369 -0.2663478 0.008802711 -0.9638369 -0.2663478 0 -0.8804713 -0.4740995 0 -0.8804713 -0.4740995 1.69348e-7 -0.8804713 -0.4740995 0 -0.7529832 -0.6580398 0 -0.7529832 -0.6580398 0 -0.7529832 -0.6580398 0.01470172 -0.7015691 -0.7124498 0.01470166 -0.7015691 -0.7124498 0.01470166 -0.7015691 -0.7124498 0 -0.5568966 -0.8305819 0 -0.5568965 -0.8305819 0 -0.5568966 -0.8305819 0 -0.3580605 -0.9336984 0 -0.3580605 -0.9336984 0 -0.3580605 -0.9336984 0.0177139 -0.2513594 -0.9677318 0.0177139 -0.2513594 -0.9677318 0.01771384 -0.2513594 -0.9677318 0 -0.1041747 -0.994559 0 -0.1041747 -0.994559 0 -0.1041747 -0.994559 0 0.1196752 -0.9928132 0.01766067 0.2660977 -0.9637843 0 0.3725762 -0.9280017 0 0.3725762 -0.9280017 0 0.3725762 -0.9280017 0 0.5697369 -0.8218272 0.01478379 0.7128351 -0.7011759 0 0.9766838 -0.2146834 0.008809685 0.9678658 -0.2513135 0.008809745 0.9678658 -0.2513135 0.008809685 0.9678658 -0.2513135 0 0.8877025 -0.4604175 0 0.8877026 -0.4604175 -1.07771e-6 0.8877025 -0.4604175 0 0.7630475 -0.6463424 0 0.7630476 -0.6463424 0 0.7630475 -0.6463424 0 0.9732054 0.2299377 0.008806705 0.9638973 0.2661288 0 0.8805009 0.4740446 0 0.8805009 0.4740446 0 0.8805008 0.4740446 0 0.7527023 0.658361 0.01469928 0.7015131 0.7125049 0.01469928 0.7015131 0.7125049 0.01469928 0.7015131 0.7125049 0 0.5568618 0.8306052 0 0.5568618 0.8306052 0 0.5568618 0.8306052 0 0.3581562 0.9336618 0 0.3581562 0.9336618 0 0.3581562 0.9336618 0.01771599 0.2514031 0.9677203 0 0.1043344 0.9945423 0 -0.1196767 0.992813 0.01766055 -0.2660978 0.9637842 0 -0.3722639 0.9281269 0 -0.5697744 0.8218013 0 -0.5697744 0.8218013 -1.29774e-7 -0.5697744 0.8218013 0.0147131 -0.7124366 0.7015823 0.01471316 -0.7124366 0.7015822 0.0147131 -0.7124366 0.7015823 0 -0.9765447 0.2153146 0.008764147 -0.9678352 0.2514328 0 -0.8876934 0.460435 0 -0.8876934 0.460435 0 -0.8876934 0.460435 0 -0.7630398 0.6463515 0 -0.9732054 -0.2299377 0.008806705 -0.9638973 -0.2661288 0 -0.8805009 -0.4740446 0 -0.8805009 -0.4740446 0 -0.8805008 -0.4740446 0 -0.7527023 -0.658361 0.01469928 -0.7015131 -0.7125049 0.01469928 -0.7015131 -0.7125049 0.01469928 -0.7015131 -0.7125049 0 -0.5568618 -0.8306052 0 -0.5568618 -0.8306052 0 -0.5568618 -0.8306052 0 -0.3581562 -0.9336618 0 -0.3581562 -0.9336618 0 -0.3581562 -0.9336618 0.01771599 -0.2514031 -0.9677203 0 -0.1043344 -0.9945423 0 0.1196767 -0.992813 0.01766055 0.2660978 -0.9637842 0 0.3722639 -0.9281269 0 0.5697744 -0.8218013 0 0.5697744 -0.8218013 -1.29774e-7 0.5697744 -0.8218013 0.0147131 0.7124366 -0.7015823 0.01471316 0.7124366 -0.7015822 0.0147131 0.7124366 -0.7015823 0 0.9765447 -0.2153146 0.008764147 0.9678352 -0.2514328 0 0.8876934 -0.460435 0 0.8876934 -0.460435 0 0.8876934 -0.460435 0 0.7630398 -0.6463515 0 0.9999697 0.007780432 0 0.9999697 0.007780432 0 0.9999697 0.007780253 0 0.9999697 0.007780253 0 0.2025434 -0.9792733 1.60854e-7 0.2025434 -0.9792733 0 0.2025434 -0.9792733 0 0.203012 -0.9791762 0 0.5621749 -0.8270185 0 0.5621749 -0.8270185 0 0.5621748 -0.8270185 0 0.5620542 -0.8271005 0 0.5620542 -0.8271005 0 0.5620542 -0.8271005 0 0.8356305 -0.549292 2.29773e-7 0.8356305 -0.549292 0 0.8356306 -0.5492919 0 0.8356305 -0.5492921 0 0.8356304 -0.5492922 0 0.8356304 -0.5492922 0 0.9822395 -0.1876315 0 0.9822402 -0.1876279 0 0.007785677 -0.9999697 0 0.007785677 -0.9999697 0 0.007785677 -0.9999698 0 -0.9792434 -0.2026879 0 -0.9792434 -0.2026879 0 -0.9792434 -0.2026879 0 -0.9791768 -0.2030094 0 -0.827289 -0.5617766 0 -0.8270195 -0.5621733 0 -0.8270195 -0.5621734 -2.29773e-7 -0.8270195 -0.5621734 0 -0.548891 -0.8358939 0 -0.5488908 -0.8358941 0 -0.1876306 -0.9822397 0 -0.1873002 -0.9823028 0 -0.1873002 -0.9823027 -4.02138e-7 -0.1873002 -0.9823027 0 -0.9999697 -0.007780432 0 -0.9999697 -0.007780432 0 -0.9999697 -0.007780253 0 -0.9999697 -0.007780253 0 -0.2025434 0.9792733 1.60854e-7 -0.2025434 0.9792733 0 -0.2025434 0.9792733 0 -0.203012 0.9791762 0 -0.5621749 0.8270185 0 -0.5621749 0.8270185 0 -0.5621748 0.8270185 0 -0.5620542 0.8271005 0 -0.5620542 0.8271005 0 -0.5620542 0.8271005 0 -0.8356305 0.549292 2.29773e-7 -0.8356305 0.549292 0 -0.8356306 0.5492919 0 -0.8356305 0.5492921 0 -0.8356304 0.5492922 0 -0.8356304 0.5492922 0 -0.9822395 0.1876315 0 -0.9822402 0.1876279 0 -0.007785677 0.9999697 0 -0.007785677 0.9999697 0 -0.007785677 0.9999698 0 0.9792434 0.2026879 0 0.9792434 0.2026879 0 0.9792434 0.2026879 0 0.9791768 0.2030094 0 0.827289 0.5617766 0 0.8270195 0.5621733 0 0.8270195 0.5621734 -2.29773e-7 0.8270195 0.5621734 0 0.548891 0.8358939 0 0.5488908 0.8358941 0 0.1876306 0.9822397 0 0.1873002 0.9823028 0 0.1873002 0.9823027 -4.02138e-7 0.1873002 0.9823027 0 -0.9860492 0.1664539 -0.04322499 -0.9757435 0.2146074 -0.04322493 -0.9757435 0.2146074 -0.04322493 -0.9757435 0.2146074 0 -0.8441994 0.5360294 0 -0.8441994 0.5360294 0 -0.8441994 0.5360294 -0.06195414 -0.7852416 0.6160823 0 -0.3726984 0.9279526 0 -0.3726984 0.9279526 0 -0.3726984 0.9279526 -0.05543702 -0.440416 0.8960806 0 -0.5696942 0.8218569 0 -0.5696942 0.8218569 0 -0.5696942 0.8218569 0 -0.7035813 0.7106148 0 -0.2057691 0.9786006 0 -0.2057691 0.9786006 0 -0.2057691 0.9786006 -0.02449595 -0.007568776 0.9996713 -0.02457755 -0.007485926 0.99967 -0.02471721 -0.007820665 0.9996639 -0.02483946 -0.007883489 0.9996604 0 0.1904758 0.9816919 0 0.1904758 0.9816919 0 0.1904758 0.9816919 0 0.3583937 0.9335706 -0.05543011 0.4263091 0.9028777 0 0.5569476 0.8305477 0 0.5569476 0.8305477 0 0.5569476 0.8305477 0 0.6926703 0.7212544 0 0.6926703 0.7212544 0 0.6926703 0.7212544 -0.06160998 0.7754743 0.628366 0 0.9834568 0.1811433 0 0.9834568 0.1811433 0 0.9834568 0.1811433 -0.04311239 0.9722537 0.229922 0 0.9184386 0.3955639 0 0.9184386 0.3955639 0 0.9184386 0.3955639 0 0.8358812 0.5489106 0 0.8358812 0.5489106 0 0.8358812 0.5489106 0 0.9861035 -0.1661325 0 0.9861035 -0.1661325 0 0.9861035 -0.1661325 -0.04316043 0.9756916 -0.214856 -0.04316043 0.9756916 -0.214856 -0.04316043 0.9756916 -0.214856 0 0.9244277 -0.3813576 0 0.9244277 -0.3813576 0 0.9244276 -0.3813576 0 0.8442197 -0.5359975 0 0.8442197 -0.5359975 0 0.8442197 -0.5359975 -0.06147551 0.7850492 -0.6163753 0 0.3724321 -0.9280595 -0.05573248 0.4402233 -0.896157 0 0.5697714 -0.8218033 0 0.5697714 -0.8218033 0 0.5697714 -0.8218033 0 0.7037479 -0.7104499 0 0.7037479 -0.7104499 0 0.7037479 -0.7104499 0 0.2057691 -0.9786006 0 0.2057691 -0.9786006 0 0.2057691 -0.9786006 -0.02473497 0.007828414 -0.9996634 -0.02470821 0.007787406 -0.9996644 -0.0247299 0.00783354 -0.9996635 -0.02465164 0.007833838 -0.9996655 0 -0.1905756 -0.9816726 0 -0.1905756 -0.9816726 0 -0.1905756 -0.9816726 0 -0.3581222 -0.9336748 0 -0.3581222 -0.9336748 0 -0.3581222 -0.9336748 -0.05560225 -0.4261957 -0.9029207 -0.05560225 -0.4261957 -0.9029207 -0.05560219 -0.4261957 -0.9029207 0 -0.5565539 -0.8308116 0 -0.6929086 -0.7210255 -0.06161051 -0.7754741 -0.6283662 0 -0.9834148 -0.1813705 -0.0431391 -0.9722757 -0.2298243 0 -0.9186227 -0.3951358 0 -0.8356233 -0.5493031 0.7071183 0.005495369 -0.7070739 0.7071144 0.005495548 -0.7070779 0.7068998 0.005505859 -0.7072923 0.7071135 0.00551027 -0.7070786 0.7071163 0.00551033 -0.7070759 0.7002252 0.7012736 -0.1337911 0.7001525 0.7013363 -0.1338428 0.70042 0.7010993 -0.1336848 0.7001899 0.701307 -0.1338007 0.7063315 0.6373177 -0.3080943 0.7063314 0.6373177 -0.3080943 0.6671343 0.6226491 -0.4089499 0.7040799 0.5667415 -0.4278734 0.7040799 0.5667415 -0.4278734 0.7040799 0.5667415 -0.4278734 0.7001841 0.4009523 -0.5907449 0.7002168 0.144936 -0.6990637 0.7001137 0.1450515 -0.6991429 0.7001692 0.1448178 -0.6991359 0.6999615 0.1452221 -0.69926 0.7063492 0.3180352 -0.6323958 0.7063493 0.3180352 -0.6323958 0.7063493 0.3180352 -0.6323958 0.6424342 0.4712349 -0.6043311 0.6424342 0.4712349 -0.6043311 0.7071136 0.7070785 0.005525767 0.7071143 0.7070778 0.005525767 0.707118 0.7070741 0.005525648 0.7071187 0.7070733 0.005525648 0.7005025 0.1337422 0.7010059 0.7002382 0.1335523 0.7013061 0.7003883 0.1336601 0.7011357 0.7003489 0.1338218 0.7011443 0.706369 0.3080672 0.6372892 0.706369 0.3080672 0.6372892 0.7063691 0.3080673 0.6372892 0.6674273 0.4090993 0.6222368 0.7040762 0.4278933 0.5667311 0.7040762 0.4278934 0.5667311 0.7040762 0.4278932 0.566731 0.7001762 0.5905696 0.4012244 0.7001761 0.5905696 0.4012243 0.7001762 0.5905696 0.4012243 0.7002354 0.6990768 0.1447829 0.7003813 0.6989631 0.1446257 0.7004747 0.6988904 0.1445252 0.7002844 0.699056 0.1446464 0.7063878 0.6323891 0.317963 0.7063878 0.6323891 0.317963 0.7063877 0.6323891 0.317963 0.6424554 0.6043406 0.4711939 0.6424555 0.6043404 0.4711939 0.6424554 0.6043404 0.4711939 0.7071185 -0.00551027 0.7070737 0.7071211 -0.00551021 0.707071 0.7073332 -0.005502581 0.7068589 0.7071241 -0.005495727 0.7070682 0.7071202 -0.005495548 0.7070721 0.7002229 -0.7012527 0.1339126 0.7001974 -0.7012959 0.1338199 0.7002126 -0.7012757 0.1338467 0.7001934 -0.7013065 0.1337857 0.7063242 -0.6373039 0.3081396 0.7063243 -0.6373038 0.3081395 0.7063241 -0.637304 0.3081396 0.6874979 -0.6068381 0.3988661 0.6874979 -0.6068381 0.3988661 0.6874979 -0.6068381 0.3988661 0.7040905 -0.5667183 0.4278867 0.7040905 -0.5667183 0.4278867 0.7040906 -0.5667183 0.4278865 0.7001665 -0.4012581 0.5905581 0.7001665 -0.4012581 0.5905582 0.7001665 -0.4012581 0.5905581 0.7002564 -0.1445789 0.6990979 0.7000569 -0.1450101 0.6992085 0.7001267 -0.1448592 0.6991698 0.6999594 -0.1452206 0.6992624 0.7063387 -0.3179885 0.632431 0.7063387 -0.3179885 0.6324311 0.6750252 -0.453646 0.5818473 0.6750253 -0.453646 0.5818473 0.6750253 -0.453646 0.5818473 0.7071179 -0.7070737 -0.005589008 0.7071179 -0.7070736 -0.005589008 0.7071183 -0.7070732 -0.005588829 0.7071184 -0.7070731 -0.005588829 0.7000984 -0.1340103 -0.7013583 0.7001755 -0.1341517 -0.7012543 0.7000432 -0.1339089 -0.7014328 0.6999404 -0.1337205 -0.7015714 0.706172 -0.3079668 -0.637556 0.6875169 -0.3988224 -0.6068454 0.6875169 -0.3988224 -0.6068454 0.7040884 -0.4278771 -0.5667282 0.7040885 -0.427877 -0.5667281 0.7040883 -0.4278773 -0.5667282 0.70064 -0.5900925 -0.4011166 0.700292 -0.6991379 -0.1442129 0.7002038 -0.6991171 -0.1447402 0.7002546 -0.699107 -0.1445442 0.7002444 -0.6991042 -0.1446069 0.7063825 -0.6323705 -0.3180118 0.7063825 -0.6323704 -0.3180118 0.6750057 -0.5818121 -0.4537202 0.6750058 -0.5818121 -0.4537202 0.6750056 -0.5818124 -0.45372 0.7071182 0.00550431 -0.7070741 0.7071181 0.00550431 -0.7070741 0.7071182 0.00550431 -0.7070741 0.6947559 0.191713 -0.6932246 0.6948049 0.19163 -0.6931985 0.6948 0.1916384 -0.6932011 0.6948387 0.1915728 -0.6931805 0.6950168 0.5125566 -0.5042198 0.6947479 0.5125303 -0.5046168 0.6947479 0.5125303 -0.5046167 0.6947475 0.5125303 -0.5046174 0.6947314 0.6961842 -0.1807647 0.6947247 0.6961807 -0.1808039 0.6947207 0.6961991 -0.1807488 0.6947092 0.696205 -0.1807701 0.7071184 0.7070732 0.005588829 0.7071183 0.7070732 0.005588829 0.7071179 0.7070736 0.005589008 0.7071179 0.7070736 0.005589008 0.7000984 0.1340103 0.7013583 0.7001755 0.1341517 0.7012543 0.7000432 0.1339089 0.7014328 0.6999404 0.1337205 0.7015714 0.706172 0.3079668 0.637556 0.6875048 0.3988382 0.6068486 0.6875048 0.3988382 0.6068486 0.6875049 0.3988382 0.6068486 0.7040884 0.4278771 0.5667282 0.7040885 0.427877 0.5667281 0.7040883 0.4278773 0.5667282 0.70064 0.5900925 0.4011166 0.700292 0.6991379 0.1442129 0.7002038 0.6991171 0.1447402 0.7002546 0.699107 0.1445442 0.7002444 0.6991042 0.1446069 0.7063825 0.6323705 0.3180118 0.7063825 0.6323704 0.3180118 0.6750057 0.5818121 0.4537202 0.6750058 0.5818121 0.4537202 0.6750056 0.5818124 0.45372 0.7071177 -0.00550425 0.7070745 0.7071177 -0.00550425 0.7070745 0.7071177 -0.00550425 0.7070745 0.7071177 -0.00550425 0.7070745 0.6948689 -0.6960957 0.1805769 0.6949371 -0.69602 0.1806066 0.6949108 -0.6960492 0.1805951 0.6946828 -0.1914912 0.6933591 0.6946973 -0.1914939 0.6933439 0.6946935 -0.191836 0.6932531 0.694715 -0.1915235 0.693318 0.7040483 -0.436635 0.5600588 0.6225154 -0.557604 0.5491378 0.6225155 -0.557604 0.5491378 0.6225154 -0.557604 0.5491378 0.7040774 -0.5666915 0.4279437 0.7040774 -0.5666915 0.4279438 0.7040774 -0.5666915 0.4279437 0.6948357 -0.6961326 0.1805624 0.7071186 -0.7070735 -0.005525648 0.7071179 -0.7070742 -0.005525648 0.7071142 -0.7070779 -0.005525767 0.7071135 -0.7070785 -0.005525767 0.7002354 -0.6990768 -0.1447829 0.7003813 -0.6989631 -0.1446257 0.7004747 -0.6988904 -0.1445252 0.7002844 -0.699056 -0.1446464 0.7002344 -0.5904564 -0.4012891 0.7002656 -0.5904499 -0.4012445 0.7002808 -0.5904364 -0.4012377 0.7001762 -0.5905696 -0.4012244 0.7001997 -0.3920009 -0.596704 0.7001531 -0.3920019 -0.5967582 0.7002487 -0.3919993 -0.5966476 0.7002096 -0.3920005 -0.5966926 0.7003481 -0.1338217 -0.7011449 0.7005019 -0.1337423 -0.7010065 0.7003876 -0.1336602 -0.7011364 0.7002375 -0.1335524 -0.7013068 0.6980832 -0.6992553 0.1540196 0.6980721 -0.6992733 0.1539877 0.6981118 -0.6992084 0.1541025 0.6981316 -0.699176 0.15416 0.7068837 -0.6278923 0.3256789 0.7068836 -0.6278924 0.325679 0.7068836 -0.6278924 0.3256789 0.693425 -0.5668156 0.4448392 0.7008399 -0.5442873 0.4610583 0.706133 -0.4034487 0.5818982 0.706133 -0.4034487 0.5818982 0.7061331 -0.4034486 0.5818982 0.6906107 -0.3186679 0.6492363 0.7030823 -0.26499 0.6598907 0.7030822 -0.26499 0.6598907 0.7030823 -0.26499 0.6598906 0.6979874 -0.005747139 0.716087 0.6686244 -0.0888434 0.7382739 0.7048703 0.07379949 0.7054868 0.6980633 0.3056603 0.6475179 0.6794103 0.2630295 0.6849943 0.7061519 0.3944248 0.5880296 0.7061519 0.3944247 0.5880296 0.6981777 0.5562022 0.4507629 0.6981161 0.6968333 0.1644909 0.6980926 0.6968378 0.1645718 0.6981065 0.6968351 0.1645241 0.6980873 0.6968388 0.1645901 0.7068666 0.6227406 0.3354607 0.7068666 0.6227406 0.3354607 0.6891259 0.54568 0.4768007 0.6891259 0.54568 0.4768007 0.6980561 0.6992993 -0.1539422 0.6980727 0.6992728 -0.1539877 0.698013 0.6993684 -0.1538237 0.6979832 0.6994163 -0.1537415 0.7068839 0.6278879 -0.3256872 0.7068839 0.6278879 -0.3256872 0.706884 0.6278877 -0.3256871 0.6935111 0.5667816 -0.4447484 0.7009104 0.5441775 -0.4610807 0.7009104 0.5441775 -0.4610807 0.7009106 0.5441775 -0.4610807 0.7060964 0.4034317 -0.5819543 0.690601 0.3189057 -0.6491298 0.7031723 0.2646892 -0.6599154 0.6980801 0.00545895 -0.7159989 0.6685791 0.08899569 -0.7382966 0.7048659 -0.07365703 -0.705506 0.7048659 -0.07365703 -0.7055061 0.698093 -0.3054134 -0.6476024 0.6792966 -0.2628002 -0.685195 0.6792966 -0.2628002 -0.6851951 0.7061292 -0.3942834 -0.5881515 0.7061293 -0.3942834 -0.5881514 0.7061294 -0.3942834 -0.5881514 0.6980596 -0.5564041 -0.4506966 0.6980938 -0.6967923 -0.1647598 0.6980891 -0.6968291 -0.164623 0.6980643 -0.696757 -0.1650328 0.6980718 -0.6968523 -0.1645991 0.7068686 -0.6227525 -0.3354344 0.7068686 -0.6227524 -0.3354344 0.6891103 -0.5456086 -0.4769049 0.6891103 -0.5456086 -0.476905 0.6891103 -0.5456085 -0.4769049 0.6980832 -0.699255 0.1540208 0.6980722 -0.6992728 0.1539896 0.6981117 -0.6992086 0.154102 0.6980745 -0.6993008 0.1538518 0.7069079 -0.6278729 0.3256639 0.7069079 -0.6278728 0.3256638 0.7069079 -0.6278729 0.3256638 0.6933932 -0.5666897 0.4450492 0.700935 -0.5442191 0.4609944 0.7061349 -0.4034698 0.5818812 0.7061347 -0.4034699 0.5818812 0.7061348 -0.4034699 0.5818812 0.6906012 -0.3189062 0.6491293 0.7031697 -0.264688 0.6599188 0.6980805 -0.005456805 0.7159985 0.6685655 -0.08899784 0.7383086 0.7048701 0.07400804 0.7054651 0.6980495 0.3057773 0.6474776 0.6792889 0.2627716 0.6852136 0.6792889 0.2627717 0.6852136 0.7061421 0.394371 0.5880773 0.7061422 0.394371 0.5880773 0.6980023 0.556334 0.4508719 0.6980994 0.6968159 0.1646359 0.6980232 0.6968332 0.1648855 0.6980682 0.696823 0.1647381 0.6980059 0.6968371 0.1649421 0.7068712 0.6227774 0.3353828 0.7068712 0.6227774 0.3353828 0.7068712 0.6227773 0.3353828 0.6891855 0.5456655 0.4767312 0.6980832 0.699255 -0.1540208 0.6980722 0.6992728 -0.1539896 0.6981117 0.6992086 -0.154102 0.6980745 0.6993008 -0.1538518 0.7069079 0.6278729 -0.3256639 0.7069079 0.6278728 -0.3256638 0.7069079 0.6278729 -0.3256638 0.6933932 0.5666897 -0.4450492 0.700935 0.5442191 -0.4609944 0.7061349 0.4034698 -0.5818812 0.7061347 0.4034699 -0.5818812 0.7061348 0.4034699 -0.5818812 0.6906012 0.3189062 -0.6491293 0.7031697 0.264688 -0.6599188 0.6980805 0.005456805 -0.7159985 0.6685655 0.08899784 -0.7383086 0.7048701 -0.07400804 -0.7054651 0.6980495 -0.3057773 -0.6474776 0.6792889 -0.2627716 -0.6852136 0.6792889 -0.2627717 -0.6852136 0.7061421 -0.394371 -0.5880773 0.7061422 -0.394371 -0.5880773 0.6980023 -0.556334 -0.4508719 0.6980994 -0.6968159 -0.1646359 0.6980232 -0.6968332 -0.1648855 0.6980682 -0.696823 -0.1647381 0.6980059 -0.6968371 -0.1649421 0.7068712 -0.6227774 -0.3353828 0.7068712 -0.6227774 -0.3353828 0.7068712 -0.6227773 -0.3353828 0.6891855 -0.5456655 -0.4767312 0.7071174 0.7070747 0.005519211 0.7071251 0.707067 0.005517721 0.7072086 0.7069836 0.005501151 0.7071217 0.7070706 0.00549525 0.7071188 0.7070735 0.005495071 0.7000617 0.1447939 -0.6992484 0.7002195 0.144936 -0.699061 0.7000072 0.1447449 -0.6993132 0.7001389 0.1446786 -0.699195 0.7002763 0.4011512 -0.5905005 0.7001253 0.4012337 -0.5906234 0.7001596 0.4014361 -0.5904453 0.7002299 0.4012216 -0.5905078 0.7003089 0.5966337 -0.3919129 0.7004063 0.5966132 -0.39177 0.7002754 0.5966408 -0.3919621 0.7001591 0.5966652 -0.3921326 0.7001536 0.7013936 -0.1335366 0.7002556 0.7012132 -0.1339486 0.7002207 0.7012395 -0.1339931 0.7002024 0.7013137 -0.1337012 0.707118 0.00550282 -0.7070742 0.7071169 0.005502939 -0.7070752 0.7070901 0.005505383 -0.7071021 0.7071155 0.005506038 -0.7070766 0.7071158 0.005506038 -0.7070763 0.7002517 -0.6990228 -0.1449647 0.7002201 -0.6990599 -0.144939 0.7002626 -0.6990101 -0.1449736 0.7003004 -0.6989659 -0.1450042 0.7001541 -0.5905358 -0.4013126 0.7003012 -0.590557 -0.4010248 0.7003616 -0.5904707 -0.4010463 0.7001801 -0.5905491 -0.4012477 0.7003089 -0.3919121 -0.5966343 0.7004073 -0.3917685 -0.5966131 0.700275 -0.3919616 -0.5966416 0.7001575 -0.392133 -0.5966669 0.7002293 -0.1339808 -0.7012333 0.7002565 -0.1339479 -0.7012125 0.7002199 -0.1339922 -0.7012405 0.7001875 -0.1340315 -0.7012653 0.7071174 -0.7070748 -0.005495131 0.7071146 -0.7070777 -0.005495309 0.7070276 -0.7071645 -0.00550276 0.707111 -0.707081 -0.005517005 0.7071188 -0.7070733 -0.005518317 0.7000617 -0.1447939 0.6992484 0.7002195 -0.144936 0.699061 0.7000072 -0.1447449 0.6993132 0.7001389 -0.1446786 0.699195 0.7002763 -0.4011512 0.5905005 0.7001253 -0.4012337 0.5906234 0.7001596 -0.4014361 0.5904453 0.7002299 -0.4012216 0.5905078 0.7003089 -0.5966337 0.3919129 0.7004063 -0.5966132 0.39177 0.7002754 -0.5966408 0.3919621 0.7001591 -0.5966652 0.3921326 0.7001536 -0.7013936 0.1335366 0.7002556 -0.7012132 0.1339486 0.7002207 -0.7012395 0.1339931 0.7002024 -0.7013137 0.1337012 0.7071174 -0.005506038 0.7070748 0.7071179 -0.005506038 0.7070744 0.7071475 -0.005504965 0.7070447 0.707118 -0.005502879 0.7070742 0.7071168 -0.00550282 0.7070754 0.7002517 0.6990228 0.1449647 0.7002201 0.6990599 0.144939 0.7002626 0.6990101 0.1449736 0.7003004 0.6989659 0.1450042 0.7001541 0.5905358 0.4013126 0.7003012 0.590557 0.4010248 0.7003616 0.5904707 0.4010463 0.7001801 0.5905491 0.4012477 0.7003089 0.3919121 0.5966343 0.7004073 0.3917685 0.5966131 0.700275 0.3919616 0.5966416 0.7001575 0.392133 0.5966669 0.7002293 0.1339808 0.7012333 0.7002565 0.1339479 0.7012125 0.7002199 0.1339922 0.7012405 0.7001875 0.1340315 0.7012653 0 -0.9731736 -0.2300726 0 -0.9731736 -0.2300726 0 -0.9731736 -0.2300726 0.008814275 -0.9639494 -0.2659399 0 -0.8804901 -0.4740645 0 -0.8804901 -0.4740645 0 -0.8804901 -0.4740645 0 -0.752863 -0.6581773 0 -0.752863 -0.6581773 0 -0.752863 -0.6581773 0.01470118 -0.7015137 -0.7125044 0.01470112 -0.7015137 -0.7125045 0.01470112 -0.7015137 -0.7125045 0 -0.5568902 -0.8305863 0 -0.5568902 -0.8305863 0 -0.5568902 -0.8305863 0 -0.3584665 -0.9335426 0.01768743 -0.2515829 -0.9676742 0 0.1194773 -0.992837 0.01769173 0.2662736 -0.9637352 0.01769173 0.2662736 -0.9637351 0.01769173 0.2662736 -0.9637351 0 0.3726408 -0.9279757 0 0.3726408 -0.9279757 0 0.3726408 -0.9279757 0 0.5696078 -0.8219166 0 0.5696078 -0.8219166 0 0.5696078 -0.8219166 0.01474148 0.7124789 -0.7015386 0 0.9766159 -0.2149922 0 0.9766159 -0.2149922 0 0.9766159 -0.2149922 0.00876373 0.9678366 -0.2514269 0 0.8877117 -0.4603998 0 0.8877117 -0.4603998 0 0.8877117 -0.4603998 0 0.7630391 -0.6463524 -1 0 0 -1 -1.27272e-7 0 -1 0 0 -1 -2.92912e-7 0 -1 4.25694e-7 0 -1 -2.08353e-7 0 -1 -1.6263e-7 0 -1 -2.24834e-7 0 -1 -1.46529e-7 0 -1 2.16116e-7 0 -1 -1.34017e-7 0 -1 -1.90532e-7 0 -1 3.97741e-7 0 -1 0 0 -1 2.06541e-7 0 -1 3.6433e-7 0 -1 2.46857e-7 0 -1 4.60025e-7 0 -1 4.55537e-7 0 -1 1.35992e-7 0 -1 0 0 0.6980832 0.6992553 -0.1540196 0.6980721 0.6992733 -0.1539877 0.6981118 0.6992084 -0.1541025 0.6981316 0.699176 -0.15416 0.7068837 0.6278923 -0.3256789 0.7068836 0.6278924 -0.325679 0.7068836 0.6278924 -0.3256789 0.693425 0.5668156 -0.4448392 0.7008399 0.5442873 -0.4610583 0.706133 0.4034487 -0.5818982 0.706133 0.4034487 -0.5818982 0.7061331 0.4034486 -0.5818982 0.6906107 0.3186679 -0.6492363 0.7030822 0.26499 -0.6598907 0.7030823 0.26499 -0.6598906 0.7030823 0.26499 -0.6598907 0.7047506 0.08476382 -0.7043734 0.6895982 0.005811989 -0.7241689 0.7048703 -0.07379949 -0.7054868 0.6980633 -0.3056603 -0.6475179 0.6794103 -0.2630295 -0.6849943 0.7061297 -0.3944432 -0.5880437 0.7061298 -0.3944432 -0.5880437 0.7061297 -0.3944432 -0.5880438 0.6981777 -0.5562022 -0.4507629 0.6981161 -0.6968333 -0.1644909 0.6980926 -0.6968378 -0.1645718 0.6981065 -0.6968351 -0.1645241 0.6980873 -0.6968388 -0.1645901 0.7068666 -0.6227406 -0.3354607 0.7068666 -0.6227406 -0.3354607 0.6891259 -0.54568 -0.4768007 0.6891259 -0.54568 -0.4768007 0 0.9731368 0.2302278 0 0.9731368 0.2302278 0 0.9731368 0.2302278 0.008802711 0.9638368 0.2663478 0.008802711 0.9638369 0.2663478 0.008802711 0.9638369 0.2663478 0 0.8804713 0.4740995 0 0.8804713 0.4740995 1.69348e-7 0.8804713 0.4740995 0 0.7529832 0.6580398 0 0.7529832 0.6580398 0 0.7529832 0.6580398 0.01470172 0.7015691 0.7124498 0.01470166 0.7015691 0.7124498 0.01470166 0.7015691 0.7124498 0 0.5568966 0.8305819 0 0.5568965 0.8305819 0 0.5568966 0.8305819 0 0.3580605 0.9336984 0 0.3580605 0.9336984 0 0.3580605 0.9336984 0.0177139 0.2513594 0.9677318 0.0177139 0.2513594 0.9677318 0.01771384 0.2513594 0.9677318 0 -0.1196752 0.9928132 0.01766067 -0.2660977 0.9637843 0 -0.3725762 0.9280017 0 -0.3725762 0.9280017 0 -0.3725762 0.9280017 0 -0.5697369 0.8218272 0.01478379 -0.7128351 0.7011759 0 -0.9766838 0.2146834 0.008809685 -0.9678658 0.2513135 0.008809745 -0.9678658 0.2513135 0.008809685 -0.9678658 0.2513135 0 -0.8877025 0.4604175 0 -0.8877026 0.4604175 -1.07771e-6 -0.8877025 0.4604175 0 -0.7630475 0.6463424 0 -0.7630476 0.6463424 0 -0.7630475 0.6463424 0.6980561 -0.6992993 0.1539422 0.6980727 -0.6992728 0.1539877 0.698013 -0.6993684 0.1538237 0.6979832 -0.6994163 0.1537415 0.7068839 -0.6278879 0.3256872 0.7068839 -0.6278879 0.3256872 0.706884 -0.6278877 0.3256871 0.6935111 -0.5667816 0.4447484 0.7008605 -0.5442059 0.4611232 0.7060964 -0.4034317 0.5819543 0.690601 -0.3189057 0.6491298 0.7031723 -0.2646892 0.6599154 0.6980801 -0.00545895 0.7159989 0.6685791 -0.08899569 0.7382966 0.7048659 0.07365703 0.705506 0.7048659 0.07365703 0.7055061 0.698093 0.3054134 0.6476024 0.6792966 0.2628002 0.685195 0.6792966 0.2628002 0.6851951 0.7061292 0.3942834 0.5881515 0.7061293 0.3942834 0.5881514 0.7061294 0.3942834 0.5881514 0.6980596 0.5564041 0.4506966 0.6980938 0.6967923 0.1647598 0.6980891 0.6968291 0.164623 0.6980643 0.696757 0.1650328 0.6980718 0.6968523 0.1645991 0.7068686 0.6227525 0.3354344 0.7068686 0.6227524 0.3354344 0.6891103 0.5456086 0.4769049 0.6891103 0.5456086 0.476905 0.6891103 0.5456085 0.4769049 -1 -2.94658e-7 0 -1 2.74791e-6 0 -1 -5.55026e-7 0 -1 -2.61615e-6 0 -1 1.11943e-6 0 -1 1.61555e-7 0 -1 -7.0423e-6 0 -1 8.75406e-6 0 -1 1.31085e-6 0 -1 0 0 -1 1.06748e-6 0 -1 7.01708e-7 0 -1 3.70302e-7 0 -1 1.153e-6 0 -1 -8.29615e-7 0 -1 -1.41077e-5 0 -1 -4.5974e-6 0 -1 2.20256e-7 0 -1 -1.51285e-7 0 -1 8.8161e-7 0 -1 1.41115e-5 0 0 -0.9990706 -0.04310429 7.81469e-7 -0.999091 -0.04263025 0 -0.9990704 -0.0431084 0.0932632 -0.2409419 -0.9660482 0.0932632 -0.2409418 -0.9660482 0.0932632 -0.2409419 -0.9660481 0.01381182 -0.1869936 -0.9822641 0.01381182 -0.1869936 -0.9822641 0.01381182 -0.1869937 -0.9822641 0.001822829 -0.1819806 -0.9833005 0.005609452 -0.1857725 -0.9825768 0.004849433 -0.1851752 -0.9826936 0 -0.1835674 -0.9830072 0.01398181 -0.1739957 -0.9846472 0.01398181 -0.1739957 -0.9846472 0.01398181 -0.1739957 -0.9846472 0.01963782 -0.164989 -0.9860999 0.02467924 -0.1572988 -0.9872427 0.02046591 -0.1635638 -0.9863205 0.02564406 -0.155932 -0.9874349 0.0393005 -0.1391507 -0.9894911 5.21364e-5 -0.08712106 -0.9961977 4.5771e-7 -0.0857073 -0.9963204 -4.22748e-5 -0.0859363 -0.9963007 9.83328e-5 -0.08847391 -0.9960786 0.001425325 -0.1244767 -0.9922216 4.45934e-4 -0.1249802 -0.9921593 8.19446e-4 -0.1250033 -0.992156 -0.04103833 -0.2142348 -0.9759197 0 -0.999085 -0.04276829 -0.003905236 0.9992828 -0.0376656 0 0.9990464 -0.04366213 -0.001163363 0.9991158 -0.04202598 0.01550203 0.2083369 -0.9779343 0.01655912 0.2093986 -0.9776902 0.0138514 0.2060619 -0.978441 0.01734238 0.2271407 -0.9737076 0.002022385 0.2198207 -0.9755383 0.002022385 0.2198207 -0.9755382 0.002022445 0.2198206 -0.9755383 0.1105368 0.262516 -0.9585756 0.1105368 0.2625161 -0.9585756 0.1105368 0.2625161 -0.9585756 0 0.2058966 -0.9785739 0.00634998 0.2082018 -0.9780654 4.12072e-6 -0.07146769 -0.997443 4.16741e-6 -0.07146769 -0.997443 4.19936e-6 -0.07146769 -0.997443 0.004638731 -0.04317849 -0.9990566 0.004053771 -0.04548239 -0.9989569 0.006638288 -0.03903067 -0.999216 0.006819605 -0.03702878 -0.999291 1.07432e-4 -0.01067066 -0.9999431 -3.76506e-4 -0.01084607 -0.9999411 -3.75618e-4 -0.01088207 -0.9999408 -2.73066e-4 0.05315506 -0.9985863 -5.4437e-4 0.05315506 -0.9985862 -2.11972e-4 0.05315506 -0.9985863 0.01907724 0.02476316 -0.9995113 0.006061375 0.05493074 -0.9984718 0.001316308 0.07637494 -0.9970783 0.001316487 0.076375 -0.9970784 0.001316368 0.07637494 -0.9970784 -1.9148e-6 0.09223651 -0.9957372 -1.98325e-6 0.09223651 -0.9957371 -2.26742e-6 0.09223651 -0.9957372 -3.07755e-5 0.1400243 -0.9901481 -6.057e-5 0.1400242 -0.9901481 -2.49162e-5 0.1400243 -0.9901481 0.01448839 0.1120063 -0.9936019 0.01448833 0.1120063 -0.9936019 0.01448833 0.1120063 -0.9936019 -0.04162168 0.2291432 -0.9725025 0.0422753 0.1515398 -0.9875468 0.04227536 0.1515399 -0.9875468 0.0422753 0.1515398 -0.9875468 0.02923053 0.1665179 -0.9856051 -0.00726813 -0.493725 -0.8695877 0.004549384 -0.5416167 -0.8406133 0.004297077 -0.5411584 -0.8409097 0.002229869 -0.5416212 -0.8406197 0 -0.5712019 -0.8208096 0 -0.6126651 -0.7903427 0 -0.6126646 -0.7903431 0 -0.6126645 -0.7903431 -0.007125079 -0.6426956 -0.7660885 0.005015254 -0.6820036 -0.7313317 0.00478959 -0.682187 -0.7311621 0.00246042 -0.6820101 -0.7313387 0 -0.7098029 -0.7044004 0 -0.7430484 -0.6692377 0 -0.7430484 -0.6692378 0 -0.7430483 -0.6692379 -0.006861031 -0.7706138 -0.6372655 0.005474328 -0.8009271 -0.5987369 0.004929304 -0.8001186 -0.5998216 0.003831744 -0.7994157 -0.6007663 0 -0.8251972 -0.5648448 0 -0.8499916 -0.5267964 0 -0.8499921 -0.5267956 0 -0.8499922 -0.5267955 -0.006370961 -0.8729928 -0.4876915 0.006021916 -0.8943116 -0.4474042 0.005749404 -0.8943133 -0.4474043 0.002959728 -0.8943242 -0.4474098 0 -0.9136568 -0.4064866 0 -0.9298654 -0.3679 0 -0.9298666 -0.367897 0 -0.9298667 -0.3678969 -0.00578463 -0.9467009 -0.3220621 0.006537258 -0.9594343 -0.2818563 0.006180346 -0.9596222 -0.2812247 0.003215968 -0.9594499 -0.2818609 0 -0.971989 -0.2350264 0 -0.9804205 -0.196915 0 -0.9804209 -0.1969139 0 -0.9804208 -0.1969138 -0.004985034 -0.9892829 -0.1459273 -0.004984974 -0.9892828 -0.1459273 -0.004985034 -0.9892829 -0.1459273 0.007073402 -0.9942151 -0.1071753 0.006741762 -0.9941917 -0.1074129 0.002035796 -0.995056 -0.0992949 -0.00484693 -0.9997851 -0.02015709 -2.1315e-4 -0.9997811 -0.02092653 -0.004545927 -0.9997721 -0.02085626 0.007474541 -0.2070366 -0.9783047 0.006642222 -0.2057749 -0.9785768 0.005798399 -0.2055363 -0.9786324 0 -0.2021405 -0.9793565 0 -0.3286504 -0.9444518 -0.01326084 -0.2985971 -0.9542872 -0.01202088 -0.300619 -0.9536686 -0.001761496 -0.3019555 -0.9533205 0.01005786 -0.4132449 -0.9105644 0 -0.3841446 -0.923273 0 -0.3841447 -0.923273 0 -0.3841447 -0.9232729 0 -0.4628305 -0.8864468 0 -0.4628306 -0.8864468 0 -0.4628306 -0.8864468 0.01942825 0.180343 -0.983412 0 0.2134237 -0.9769598 0 0.3134724 -0.9495974 0 0.3134725 -0.9495974 -0.008174836 0.3472006 -0.9377552 0.002965152 0.3971833 -0.9177346 0.003671288 0.398446 -0.9171845 0.002227187 0.3968216 -0.9178931 0 0.431109 -0.9022999 0 0.4765794 -0.8791315 0 0.4765796 -0.8791313 0 0.4765794 -0.8791314 -0.00739628 0.5077227 -0.8614888 0.004222571 0.5542127 -0.8323644 0.004475474 0.5546261 -0.8320877 0.002196192 0.5546305 -0.8320939 0 0.5838094 -0.8118909 0 0.5838094 -0.8118909 0 0.5838094 -0.8118909 0 0.6247612 -0.780816 0 0.6251358 -0.7805162 0 0.6251354 -0.7805164 -0.006647706 0.6524687 -0.7577866 0.004680693 0.6924828 -0.7214192 0.005217552 0.6933869 -0.7205467 0.002544581 0.6933942 -0.7205541 0 0.7186129 -0.6954104 0 0.7534519 -0.6575031 0 0.7534519 -0.6575032 0 0.753452 -0.6575031 -0.005832135 0.7765394 -0.6300417 0.005668282 0.8096023 -0.5869515 0.006002247 0.81012 -0.5862334 0.002908945 0.8101314 -0.5862412 0 0.8304956 -0.5570252 0 0.8579945 -0.513659 0 0.8579939 -0.51366 0 0.8581668 -0.5133709 -0.005034089 0.8758296 -0.4825941 0.006361901 0.9007044 -0.434386 0.006847083 0.9012165 -0.4333153 0.005938768 0.9002927 -0.4352445 0 0.9162179 -0.4006806 0 0.9355241 -0.3532629 0 0.9354738 -0.3533961 0 0.9355242 -0.3532629 -0.004283905 0.9475253 -0.3196522 0.007177293 0.9639372 -0.2660329 0.007539808 0.9637016 -0.2668752 0.007151424 0.9640553 -0.2656057 0 0.9725792 -0.2325721 0 0.9833589 -0.181674 0 0.9833592 -0.1816725 0 0.9833588 -0.181674 -0.003406882 0.9892027 -0.1465139 0.008047699 0.9957666 -0.09156566 0.008387625 0.9957406 -0.0918172 0.002387285 0.9964929 -0.08364421 -0.004674375 0.9993298 -0.03630626 0 0.9999895 -0.004604756 0 0.9999899 -0.004508495 0 0.9999899 -0.004508852 1.02137e-4 0.9192584 0.3936549 -4.84415e-6 0.9222138 0.3866804 2.47662e-6 0.9198907 0.3921751 -7.32765e-6 0.9226059 0.3857438 0.001205682 0.9131411 0.407642 0.002915799 0.9097841 0.4150716 0.002808213 0.9099692 0.4146665 0.00329411 0.9089124 0.4169742 0.004620432 0.9065723 0.4220254 0.003798246 0.9081193 0.4186942 0.005702316 0.9046595 0.4260971 0.006948649 0.9025188 0.4305945 0.0194751 0.8901148 0.4553202 0.01166546 0.8942618 0.4473921 0.01302796 0.8942524 0.4473735 0.01239556 0.8942596 0.447377 1.91141e-4 0.8713241 0.4907081 -2.48568e-4 0.8713499 0.4906621 -2.55626e-4 0.8713964 0.4905797 -1.39221e-4 0.8499924 0.5267952 5.42288e-4 0.8515648 0.5242491 0.001592636 0.8525335 0.5226702 0.008876085 0.9571254 0.2895378 0.007441878 0.9569125 0.290281 0.009839892 0.9572222 0.2891867 0.1841112 0.9549158 0.2328928 0.02061766 0.9498626 0.3119871 0.02061766 0.9498626 0.3119871 0.02061766 0.9498627 0.311987 6.27534e-4 0.9491901 0.3147029 0.008323371 0.9496461 0.313214 0.007274866 0.949728 0.312992 0 0.9489134 0.3155367 4.16418e-7 0.9231765 0.3843765 3.08699e-4 0.9298666 0.3678967 1.5483e-4 0.9298672 0.3678954 1.45841e-4 0.9298673 0.3678953 -0.0147466 0.9593507 0.2818315 -0.01664304 0.9996584 0.02015447 0 0.9977565 0.06694948 0 0.9977566 0.06694823 0 0.9977565 0.06694859 0 0.9977564 0.0669499 -0.004394173 -0.9991387 0.04126358 0 -0.9988709 0.04750776 -0.001246035 -0.9989452 0.0459035 0.01244807 -0.949194 0.3144454 0.01379346 -0.9491854 0.3144155 0.01148986 -0.9489552 0.3152016 0.02231234 -0.9628254 0.2692018 0.0223124 -0.9628254 0.2692018 0.02231234 -0.9628254 0.2692018 0.002746224 -0.9610735 0.2762793 0.002746164 -0.9610735 0.2762791 0.002746224 -0.9610735 0.2762793 0.1267079 -0.9630917 0.2374859 0 -0.9481279 0.3178895 0.004822731 -0.9487529 0.3159823 3.8292e-4 -0.8596249 0.5109255 4.98406e-4 -0.8583042 0.5131412 3.88308e-4 -0.8591356 0.511748 0.002069473 -0.9174725 0.3977939 0.002069473 -0.9174725 0.3977939 0.002069473 -0.9174725 0.3977939 0.005801081 -0.9110383 0.412281 -2.60589e-4 -0.8605864 0.5093045 -2.83897e-4 -0.8771938 0.4801365 1.66724e-4 -0.8774291 0.4797065 2.15574e-4 -0.8774467 0.4796741 0.01141011 -0.9006079 0.4344829 0.01199036 -0.9010278 0.4335958 0.01075083 -0.9009652 0.4337583 0.02337896 -0.8942691 0.4469186 0.02337902 -0.8942692 0.4469186 0.02337896 -0.8942692 0.4469186 0.01198571 -0.9039472 0.4274761 0.01198571 -0.9039473 0.4274762 0.01198571 -0.9039472 0.4274761 0.01322889 -0.7581055 0.6519978 0.01322889 -0.7581055 0.6519978 0.01322889 -0.7581055 0.6519978 0.00410974 -0.7588008 0.6513099 0.005169153 -0.7589277 0.6511544 0.004743576 -0.7590434 0.6510229 4.3884e-4 -0.7602367 0.6496462 0.007595598 -0.7769296 0.6295416 0.007595598 -0.7769297 0.6295416 0.007595658 -0.7769297 0.6295416 0.01354736 -0.7860021 0.6180754 0.02293741 -0.7959317 0.6049519 0.02293753 -0.7959316 0.6049519 0.02293753 -0.7959316 0.6049519 0.03069883 -0.8019313 0.596627 0.03147381 -0.8025643 0.5957348 0.0310896 -0.8022771 0.5961417 0.03208583 -0.8030798 0.5950071 -0.03124964 -0.7530844 0.6571815 0.01937621 -0.8195518 0.5726774 0.006649553 -0.8099457 0.5864674 0.00752151 -0.8101124 0.5862264 0.003683269 -0.8101297 0.5862392 1.03107e-4 -0.8402017 0.5422741 1.76258e-6 -0.8486737 0.5289169 1.68098e-6 -0.8486737 0.5289169 1.57631e-6 -0.8486737 0.5289169 0.01644223 0.7792438 0.6265053 0.01088541 0.7724002 0.6350431 0.01196438 0.772542 0.634851 0.01710647 0.7802928 0.6251804 0.001107752 0.8539616 0.5203348 4.20226e-5 0.8414578 0.540323 7.1806e-5 0.8009396 0.5987452 1.4011e-4 0.8009395 0.5987454 4.86193e-5 0.8009396 0.5987452 0.03962957 0.8256418 0.5628013 0.02778768 0.8175185 0.5752317 0.02778774 0.8175185 0.5752317 0.02778768 0.8175185 0.5752316 -0.04701536 0.7423045 0.6684113 -0.0470153 0.7423045 0.6684113 -0.0470153 0.7423045 0.6684113 0.0388627 0.7986024 0.6006031 0.03886276 0.7986024 0.6006031 0.03886276 0.7986023 0.6006031 0.0261352 0.7891313 0.6136684 0.0261352 0.7891313 0.6136684 0.02613526 0.7891312 0.6136685 0.00788325 0.7519792 0.6591396 0.001256644 0.7497072 0.6617686 0.001118421 0.7498296 0.66163 0.004890978 0.7489495 0.6626091 0.01209855 0.7481157 0.663458 0.01328253 0.7478461 0.6637393 0.00236386 0.9950695 0.09915286 0.007870197 0.9942092 0.1071734 0.007662236 0.9941627 0.1076199 -0.002691507 0.9855285 0.1694884 0 0.9804208 0.1969138 0 0.9804205 0.196915 0 0.9804209 0.1969139 0 0.955852 0.2938484 0.02079057 0.9460316 0.3234071 -0.01149147 0.5114015 0.8592651 3.17843e-4 0.5416223 0.840622 1.40825e-4 0.5416225 0.8406218 1.62178e-4 0.5416225 0.8406219 0 0.58727 0.8093912 1.73683e-7 0.58727 0.8093912 1.22249e-6 0.58727 0.8093912 0 0.6126651 0.7903427 0 0.6126646 0.7903431 0 0.6126645 0.7903431 -0.01086509 0.6580837 0.7528665 4.9018e-4 0.6820118 0.7313411 2.15418e-4 0.6820119 0.7313411 2.50336e-4 0.6820119 0.7313411 1.28655e-7 0.7238323 0.689976 1.24168e-7 0.7238323 0.689976 0 0.7238323 0.689976 0 0.7539772 0.6569006 0.01251721 0.743777 0.6683106 0.01251721 0.7437771 0.6683106 0.01251721 0.7437771 0.6683106 -0.01229906 -0.007732689 0.9998945 6.61706e-5 0.03777068 0.9992864 3.00323e-5 0.03777068 0.9992865 3.36714e-5 0.03777068 0.9992865 -5.62615e-5 0.172693 0.9849757 -0.02647912 0.1244328 0.9918746 0.01439851 0.2615901 0.9650717 0.01439839 0.2615902 0.9650716 0.01439958 0.2615898 0.9650717 0 0.2139468 0.9768453 0 0.2140872 0.9768146 0 0.2140872 0.9768146 0 0.347634 0.9376304 -0.02810782 0.2983872 0.954031 -0.02810776 0.2983872 0.954031 0.01649481 0.4314706 0.9019762 0.01649463 0.4314706 0.9019762 0.01649451 0.4314709 0.9019761 0 0.3841446 0.923273 0 0.3841447 0.923273 0 0.3841447 0.9232729 0 0.4628305 0.8864468 0 0.4628306 0.8864468 0 0.4628306 0.8864468 0.004002392 -0.7591626 0.6508889 0 -0.7615658 0.6480877 0 -0.7345404 0.678565 0 -0.7345404 0.678565 2.00097e-7 -0.7345404 0.6785651 5.06933e-4 -0.693396 0.7205566 2.58891e-4 -0.6933963 0.7205565 2.22781e-4 -0.6933964 0.7205564 -0.01089161 -0.6697176 0.7425361 0 -0.6251358 0.7805162 0 -0.6251354 0.7805164 0 -0.6247612 0.780816 0 -0.599875 0.8000937 0 -0.5998751 0.8000937 3.48752e-7 -0.599875 0.8000937 3.88729e-4 -0.5546314 0.8320962 1.9834e-4 -0.5546317 0.832096 1.7224e-4 -0.5546317 0.832096 -0.01146453 -0.5245808 0.8512836 0 -0.4765796 0.8791313 0 -0.4765794 0.8791314 0 -0.4765794 0.8791315 0 -0.4454766 0.8952937 2.47837e-7 -0.4454766 0.8952937 -6.89846e-7 -0.4454767 0.8952937 8.49309e-5 -0.3980471 0.9173651 6.51587e-5 -0.3981494 0.9173206 7.87124e-5 -0.3981441 0.917323 -0.01188892 -0.362385 0.9319527 0 -0.3134725 0.9495974 0 -0.3134724 0.9495974 3.47438e-7 -0.2765998 0.9609853 -4.00591e-7 -0.2765998 0.9609853 0 -0.2765997 0.9609853 1.08119e-4 -0.2293418 0.973346 5.5068e-5 -0.2293419 0.973346 4.86808e-5 -0.2293419 0.9733459 -0.01224941 -0.1879524 0.9821017 -2.72845e-5 -0.1400242 0.9901482 -1.24808e-5 -0.1400243 0.9901481 -1.38716e-5 -0.1400243 0.9901481 5.22787e-5 -0.053155 0.9985863 2.66025e-5 -0.05315506 0.9985863 2.37265e-5 -0.05315506 0.9985863 2.98718e-4 -0.9235416 0.3834983 8.6143e-4 -0.9236832 0.3831562 1.14925e-4 -0.926771 0.3756271 2.77563e-7 -0.927554 0.3736893 7.33788e-6 -0.9355223 0.3532679 4.73307e-4 -0.9346981 0.3554422 0.0013538 -0.9330496 0.3597454 0.002194821 -0.9313718 0.3640629 -4.75362e-4 -0.9641084 0.265509 -0.01266735 -0.9636517 0.2668614 -0.01126074 -0.9637516 0.2665635 0 -0.9592105 0.2826929 0 -0.9833589 0.181674 0 -0.9833592 0.1816725 0 -0.9833588 0.181674 -0.003024518 -0.9886156 0.1504338 0.007910788 -0.9957737 0.09149885 0.008236825 -0.9957417 0.09181851 0.002364933 -0.9964904 0.08367443 -0.005287885 -0.999203 0.03956562 0 -0.9999895 0.004604756 0 -0.9999899 0.004508495 0 -0.9999899 0.004508852 0 -0.9997969 -0.02015203 0.001135349 -0.9954914 -0.09484517 2.92131e-4 -0.9946001 -0.1037814 0 -0.9804211 -0.1969127 0.001404702 -0.9638749 -0.2663518 0 -0.9594549 -0.2818624 0 -0.9298678 -0.367894 0.001628935 -0.9029759 -0.4296882 0 -0.8943284 -0.4474112 0 -0.8499926 -0.5267947 0.001825809 -0.8147131 -0.5798616 0 -0.8009397 -0.5987451 0.00199145 -0.701539 -0.7126284 0 -0.682012 -0.731341 0 -0.6126641 -0.7903435 0.002122282 -0.5671686 -0.8235989 0 -0.5416227 -0.8406218 0 -0.4628307 -0.8864468 0.002216815 -0.4155735 -0.909557 0 -0.3841449 -0.923273 0 -0.2982001 -0.9545034 0.002278208 -0.2512534 -0.9679187 0 -0.2139466 -0.9768454 0 -0.2139466 -0.9768454 0 -0.2139466 -0.9768454 0 -0.1244768 -0.9922226 0.00231862 -0.07937234 -0.9968425 0 -0.03777068 -0.9992865 0 0.05315506 -0.9985864 0.002326846 0.09484457 -0.9954894 0 0.1400244 -0.9901481 0 0.229342 -0.9733459 0.002297639 0.2663514 -0.9638733 0 0.3134723 -0.9495974 0 0.398449 -0.9171906 0.002218127 0.4296876 -0.9029749 0 0.4765792 -0.8791317 0 0.554632 -0.8320959 0.002117991 0.5798611 -0.8147128 0 0.6247608 -0.7808163 0 0.6933966 -0.7205563 0.00199151 0.712629 -0.7015383 0 0.753452 -0.657503 0 0.810135 -0.5862435 0.001823782 0.8235995 -0.567169 0 0.8579951 -0.5136579 0 0.9012373 -0.4333261 0.001619398 0.9095581 -0.4155737 0 0.9354729 -0.3533987 0 0.9637292 -0.266882 0.001409232 0.9679201 -0.251254 0 0.9999899 -0.00450927 0.001144111 0.9968444 -0.07937252 2.85196e-4 0.9960874 -0.08837366 0 0.9834195 -0.1813454 0 0.9997969 0.02015203 0.001135349 0.9954914 0.09484517 2.92131e-4 0.9946001 0.1037814 0 0.9804211 0.1969127 0.001404702 0.9638749 0.2663518 0 0.9594549 0.2818624 0 0.9298678 0.367894 0.001628935 0.9029759 0.4296882 0 0.8943284 0.4474112 0 0.8499926 0.5267947 0.001825809 0.8147131 0.5798616 0 0.8009397 0.5987451 0 0.7430483 0.6692379 0.00199145 0.701539 0.7126284 0 0.682012 0.731341 0 0.6126641 0.7903435 0.002122282 0.5671686 0.8235989 0 0.5416227 0.8406218 0 0.4628307 0.8864468 0.002216815 0.4155735 0.909557 0 0.3841449 0.923273 0 0.2982001 0.9545034 0.002278208 0.2512534 0.9679187 0 0.2139466 0.9768454 0 0.1244768 0.9922226 0.00231862 0.07937234 0.9968425 0 0.03777068 0.9992865 0 -0.05315506 0.9985864 0.002326846 -0.09484457 0.9954894 0 -0.1400244 0.9901481 0 -0.229342 0.9733459 0.002297639 -0.2663514 0.9638733 0 -0.3134723 0.9495974 0 -0.398449 0.9171906 0.002218127 -0.4296876 0.9029749 0 -0.4765792 0.8791317 0 -0.554632 0.8320959 0.002117991 -0.5798611 0.8147128 0 -0.6247608 0.7808163 0 -0.6933966 0.7205563 0.00199151 -0.712629 0.7015383 0 -0.753452 0.657503 0 -0.810135 0.5862435 0.001823782 -0.8235995 0.567169 0 -0.8579951 0.5136579 0 -0.9012373 0.4333261 0.001619398 -0.9095581 0.4155737 0 -0.9354729 0.3533987 0 -0.9637292 0.266882 0.001409232 -0.9679201 0.251254 0 -0.9999899 0.00450927 0.001144111 -0.9968444 0.07937252 2.85196e-4 -0.9960874 0.08837366 0 -0.9834195 0.1813454 1 0 0 1 0 0 1 -1.62934e-7 0 1 0 0 1 0 0 1 2.51089e-7 0 1 0 0 1 0 0 1 0 0 1 0 0 1 0 0 1 -1.26227e-7 0 1 -5.23864e-7 0 1 0 0 1 2.07745e-7 0 1 1.67901e-7 0 1 0 0 1 0 0 1 6.2169e-7 0 1 0 0 1 -1.39951e-7 0 1 0 0 1 0 0 1 4.47988e-7 0 1 0 0 1 -1.53239e-6 0 1 0 0 1 7.09291e-7 0 1 -1.00121e-6 0 -1 -3.10363e-5 0 -1 -3.92497e-5 0 -1 -5.07734e-7 0 -1 -1.95915e-6 0 -1 -6.05996e-6 0 -1 9.91819e-7 0 -1 4.72058e-6 0 -0.02185559 -0.8516289 0.5236895 -0.02185571 -0.851629 0.5236893 -0.02185571 -0.851629 0.5236893 -0.03596729 -0.8472178 0.5300267 -0.05410468 -0.8439801 0.5336388 -0.05718404 -0.8910841 0.4502214 -0.04749625 -0.8907858 0.4519345 -0.05655097 -0.8900936 0.4522559 -0.04497039 -0.8907977 0.4521694 -0.02352768 -0.8877764 0.4596735 -0.02352768 -0.8877764 0.4596734 -0.02352762 -0.8877764 0.4596734 8.61304e-4 -0.8773384 0.4798714 -6.42219e-4 -0.8606891 0.5091305 -1 -2.80429e-5 0 -1 -3.92051e-5 0 -1 -3.04402e-7 0 -1 -3.91443e-6 0 -1 -1.21538e-5 0 -1 -2.13188e-5 0 -1 3.09426e-7 0 -1 3.09474e-7 0 -1 1.22605e-5 0 -0.05430161 0.8840553 0.4642173 -0.02922999 0.8820234 0.4702982 -0.02922999 0.8820235 0.4702982 -0.02922999 0.8820235 0.4702982 -0.05708074 0.8354327 0.5466205 -0.04706782 0.8368728 0.5453702 -0.05654889 0.8363254 0.5453092 -0.04495704 0.8369706 0.5453981 -0.03022527 0.8404142 0.5411013 -0.0317949 0.8401954 0.5413509 -0.021833 0.843225 0.5371174 -0.01967412 0.8440681 0.535875 6.8156e-4 0.8541855 0.5199679 -7.00184e-4 0.8713223 0.4907107 -1 4.89832e-7 0 -1 1.52287e-6 0 -1 2.67098e-6 0 -0.02928471 -0.03354471 -0.9990081 -0.02928477 -0.03354471 -0.9990081 -0.02928477 -0.03354471 -0.9990081 -0.05805671 -0.04016184 -0.9975052 -0.05293112 -0.03990501 -0.9978006 -0.05559498 -0.0399897 -0.9976523 -0.0598908 -0.04009991 -0.9973993 -0.06019479 0.05579388 -0.9966261 -0.05452615 0.05567657 -0.996959 -0.05613803 0.05550247 -0.9968792 -0.04795753 0.05434423 -0.99737 -0.04482692 0.05378204 -0.997546 -0.02345085 0.04593777 -0.998669 4.78735e-4 0.02311635 -0.9997327 4.78733e-4 0.02311635 -0.9997327 4.78733e-4 0.02311635 -0.9997327 -7.46938e-4 -0.01071733 -0.9999423 0 -0.3391084 0.9407474 0 -0.3394134 0.9406374 0 -0.3394178 0.9406358 0 -0.3394071 0.9406396 -0.5276038 -0.4167042 0.7402648 -0.5276038 -0.4167042 0.7402648 -0.5276037 -0.4167042 0.7402648 -0.6386989 -0.4602971 0.6165958 -0.6386988 -0.4602974 0.6165956 -0.6386988 -0.4602975 0.6165956 -0.6146094 -0.4648954 0.6372813 -0.6146095 -0.4648954 0.6372814 -0.6146095 -0.4648954 0.6372814 -0.5823181 -0.4520841 0.6756669 -0.582318 -0.452084 0.675667 -0.5823181 -0.452084 0.675667 -0.6019269 -0.4494947 0.6600292 -0.6019269 -0.4494948 0.6600292 -0.6019269 -0.4494947 0.6600292 -0.5781608 -0.4459322 0.6832824 -0.472965 -0.377166 0.7962726 -0.472965 -0.377166 0.7962725 -0.4562068 -0.3843058 0.8026111 -0.4562068 -0.3843058 0.8026111 -0.4562067 -0.3843058 0.802611 -0.5292645 -0.4362765 0.7276964 -0.5292645 -0.4362764 0.7276964 -0.5292644 -0.4362765 0.7276964 -0.4378991 -0.385092 0.8123722 -0.4378991 -0.385092 0.8123722 -0.4378991 -0.3850919 0.8123722 -0.4060906 -0.3838935 0.8292866 -0.4060906 -0.3838934 0.8292867 -0.4060905 -0.3838934 0.8292866 -0.3781865 -0.3742145 0.8467222 -0.3772781 -0.3741779 0.8471437 -0.3777186 -0.3741819 0.8469455 -0.3767918 -0.3744167 0.8472544 -0.3452358 -0.3704162 0.8623249 -0.3452358 -0.3704161 0.8623249 -0.3452358 -0.3704162 0.8623248 -0.3234803 -0.3610368 0.8746502 -0.3213186 -0.3623391 0.8749084 -0.3131616 -0.3631938 0.8775079 -0.3100886 -0.3630926 0.8786404 -0.2233985 -0.3496183 0.9098682 -0.2233985 -0.3496183 0.9098682 -0.2233985 -0.3496183 0.9098682 -0.1815076 -0.2886199 0.9400817 -0.07587718 -0.3565267 0.9311989 -0.02493864 -0.33932 0.9403405 -0.6377625 -0.7662886 0.07785093 -0.6377626 -0.7662886 0.07785099 -0.462419 -0.8843743 -0.06364703 -0.462419 -0.8843743 -0.06364697 -0.462419 -0.8843743 -0.06364697 -0.4901862 -0.8701484 -0.05059003 -0.4901864 -0.8701483 -0.05059039 -0.4901863 -0.8701484 -0.05059033 -0.5200983 -0.8529033 -0.04531884 -0.5213931 -0.8521932 -0.04377347 -0.5210766 -0.8524022 -0.04347223 -0.5209023 -0.8525409 -0.04283559 -0.5376424 -0.8430936 -0.01157671 -0.5376424 -0.8430936 -0.01157665 -0.5376424 -0.8430936 -0.01157665 -0.5616099 -0.827236 0.0165854 -0.5611377 -0.8275849 0.01509422 -0.5611274 -0.8275923 0.01507395 -0.5582882 -0.8295781 0.0107063 -0.5702014 -0.8211855 0.02290886 -0.5724371 -0.8195432 0.02578401 -0.5735557 -0.8187291 0.02677398 -0.5781627 -0.8153036 0.03175008 -0.5923456 -0.804638 0.04104244 -0.5942091 -0.803224 0.04179525 -0.5956778 -0.8016138 0.05082666 -0.5962707 -0.8009632 0.05403113 -0.6141337 -0.7859892 0.0711382 -0.6141335 -0.7859894 0.07113832 -0.6141336 -0.7859895 0.07113832 -0.3444233 -0.9302815 -0.1262897 -0.3444235 -0.9302814 -0.1262899 -0.3444234 -0.9302814 -0.1262893 -0.3797149 -0.9169675 -0.1224228 -0.3797148 -0.9169675 -0.1224228 -0.3797148 -0.9169675 -0.1224228 -0.4080912 -0.9042294 -0.1258213 -0.4145385 -0.9023424 -0.1180513 -0.4128205 -0.9031233 -0.1180996 -0.4135726 -0.9031119 -0.1155278 -0.4370074 -0.8954563 -0.08475053 -0.4370073 -0.8954562 -0.08475053 -0.3114902 -0.9400238 -0.1390296 -0.2564492 -0.9502808 -0.176636 -0.2564492 -0.9502808 -0.1766359 -0.2564491 -0.9502809 -0.1766359 -0.2237764 -0.9618948 -0.1571068 -0.2237764 -0.9618948 -0.1571069 -0.2237764 -0.9618948 -0.1571069 -0.07726317 -0.9781785 -0.1928665 -0.0863583 -0.9759028 -0.2003897 -0.07549512 -0.9780636 -0.194145 -0.07661807 -0.9785339 -0.1913148 0 -0.9813979 -0.1919848 0 -0.981426 -0.1918414 0 -0.9814258 -0.1918424 0 -0.9813342 -0.1923106 0 0.9842889 -0.1765657 0 0.9842885 -0.1765678 0 0.9842888 -0.1765669 0 0.9842883 -0.176569 -0.601844 0.7964181 0.05917847 -0.601844 0.7964181 0.05917841 -0.601844 0.7964181 0.05917847 -0.5822779 0.8112254 0.05353379 -0.5822779 0.8112255 0.05353385 -0.5822779 0.8112254 0.05353385 -0.6145965 0.7843586 0.08398127 -0.6145965 0.7843586 0.08398127 -0.6145966 0.7843585 0.08398097 -0.6386644 0.7641686 0.09029978 -0.6386644 0.7641689 0.09029948 -0.6386644 0.7641688 0.0902996 -0.578163 0.8146994 0.04463666 -0.5781631 0.8146994 0.04463672 -0.578163 0.8146995 0.04463666 -0.5275714 0.8494594 -0.00934416 -0.5275713 0.8494595 -0.00934416 -0.5275714 0.8494595 -0.00934416 -0.5293365 0.8482981 0.01390355 -0.4561502 0.8872612 -0.06851851 -0.4561502 0.8872612 -0.06851851 -0.4561501 0.8872612 -0.06851851 -0.4729815 0.8781668 -0.07149696 -0.4729815 0.8781668 -0.07149702 -0.4729815 0.8781668 -0.07149708 -0.4378948 0.8960822 -0.07269722 -0.4378949 0.8960822 -0.07269728 -0.4378949 0.8960822 -0.07269722 -0.3497291 0.9285398 -0.1245124 -0.350484 0.9282746 -0.1243671 -0.3504199 0.9282925 -0.1244143 -0.3517274 0.9277201 -0.1249933 -0.3769744 0.9208055 -0.1000388 -0.3769743 0.9208055 -0.1000388 -0.3769744 0.9208055 -0.1000388 -0.4058568 0.9102461 -0.08205014 -0.4058568 0.9102463 -0.0820502 -0.4058567 0.9102462 -0.0820502 -0.3100941 0.9424922 -0.124701 -0.310094 0.9424921 -0.1247009 -0.3100941 0.9424922 -0.124701 -0.2233389 0.9627799 -0.1522322 -0.2233389 0.9627799 -0.1522322 -0.2233389 0.9627799 -0.1522322 -0.1813119 0.958523 -0.2199084 -0.0760734 0.984665 -0.156996 -0.02504926 0.9839802 -0.1765094 -0.6376993 0.4504895 0.6248192 -0.6376993 0.4504895 0.6248192 -0.6376993 0.4504895 0.6248192 -0.4625242 0.3868224 0.7977719 -0.4625243 0.3868223 0.7977719 -0.4625244 0.3868222 0.7977719 -0.4901348 0.3915513 0.7787525 -0.4901348 0.3915513 0.7787525 -0.4901348 0.3915513 0.7787525 -0.5203088 0.3877534 0.7608718 -0.5207271 0.3882256 0.7603448 -0.5207828 0.3883605 0.7602376 -0.5207979 0.3892005 0.7597978 -0.5375206 0.4116801 0.7359289 -0.5375205 0.4116803 0.7359288 -0.5375206 0.4116801 0.7359288 -0.5618827 0.4281876 0.7077735 -0.5608308 0.4269323 0.7093642 -0.5595322 0.425416 0.7112981 -0.5582756 0.4239716 0.7131456 -0.5700935 0.4305952 0.6997009 -0.5728824 0.4324213 0.6962884 -0.5712524 0.4322783 0.6977151 -0.5782461 0.4354335 0.6899487 -0.592324 0.4379088 0.6763048 -0.5951629 0.4377782 0.6738928 -0.5959575 0.444543 0.6687422 -0.5963612 0.4471728 0.6666257 -0.6140843 0.4546949 0.6450992 -0.6140843 0.4546949 0.6450992 -0.4374093 0.373308 0.8181163 -0.4374092 0.373308 0.8181163 -0.4374092 0.3733081 0.8181164 -0.4228358 0.3587327 0.8321784 -0.4228359 0.3587326 0.8321784 -0.40965 0.3615907 0.8375196 -0.4096502 0.3615905 0.8375196 -0.4096501 0.3615906 0.8375196 -0.376995 0.359996 0.8533918 -0.3769949 0.3599961 0.8533918 -0.376995 0.359996 0.8533918 -0.3627676 0.3548957 0.8616548 -0.3627676 0.3548957 0.8616547 -0.3627676 0.3548957 0.8616547 -0.3453744 0.3523896 0.8697921 -0.3418879 0.3532023 0.8708392 -0.3425219 0.3511991 0.8713999 -0.3410541 0.3504114 0.8722924 -0.3128591 0.345282 0.8848161 -0.2581827 0.3181846 0.9121953 -0.2581827 0.3181846 0.9121953 -0.2581827 0.3181846 0.9121954 -0.2243087 0.3422559 0.91244 -0.2243087 0.3422559 0.9124399 -0.08754938 0.3132604 0.9456232 -0.08754932 0.3132604 0.9456232 -0.08754932 0.3132604 0.9456232 -0.07673847 0.3234707 0.9431214 -0.07673847 0.3234706 0.9431215 -0.07673853 0.3234707 0.9431214 0 0.3245763 0.9458596 0 0.3245754 0.9458599 0 0.3245758 0.9458598 0 0.3245749 0.9458601 -0.6379182 0.3157072 -0.7024168 -0.6379183 0.3157073 -0.7024167 -0.6379184 0.3157069 -0.7024168 -0.5728564 0.3869274 -0.7225806 -0.5783792 0.3795869 -0.7220743 -0.5747569 0.3844228 -0.7224082 -0.5923745 0.3667243 -0.7173603 -0.5923745 0.3667243 -0.7173604 -0.5923745 0.3667243 -0.7173603 -0.5964598 0.3533974 -0.7206568 -0.59646 0.3533975 -0.7206564 -0.5964599 0.3533974 -0.7206566 -0.6143029 0.3311942 -0.7162 -0.6143031 0.3311944 -0.7161998 -0.614303 0.3311943 -0.7161999 -0.5700945 0.3905974 -0.7227905 -0.5303546 0.4477567 -0.7198876 -0.5214238 0.4492169 -0.7254802 -0.5272999 0.4442639 -0.724282 -0.530996 0.4492067 -0.71851 -0.3772071 0.5589955 -0.738403 -0.377207 0.5589954 -0.738403 -0.377207 0.5589954 -0.7384031 -0.4098864 0.5444952 -0.7317911 -0.4098864 0.544495 -0.7317912 -0.4098864 0.5444948 -0.7317914 -0.4229481 0.5411279 -0.7268394 -0.4229481 0.5411279 -0.7268394 -0.4375311 0.5215601 -0.7324901 -0.4626158 0.4973748 -0.7338972 -0.4626157 0.4973747 -0.7338972 -0.4626159 0.4973748 -0.7338971 -0.346595 0.5793884 -0.7376862 -0.3480386 0.5786747 -0.7375667 -0.3492592 0.577022 -0.7382844 -0.3505894 0.5755802 -0.7387791 -0.3128749 0.5935851 -0.7414621 -0.312875 0.593585 -0.7414621 -0.3128749 0.5935851 -0.7414622 -0.258306 0.6308093 -0.7316815 -0.2583059 0.6308093 -0.7316815 -0.258306 0.6308093 -0.7316815 -0.2245135 0.6192611 -0.7524025 -0.2245135 0.619261 -0.7524024 -0.2245136 0.6192611 -0.7524025 -0.08706402 0.6621347 -0.7443101 -0.07668375 0.6548857 -0.7518274 -0.07668375 0.6548857 -0.7518274 -0.0766837 0.6548857 -0.7518274 0 -0.6449617 -0.7642151 0 -0.6449468 -0.7642275 0 -0.6449529 -0.7642224 0 -0.6448281 -0.7643277 -0.6015896 -0.3471489 -0.7194287 -0.6015895 -0.3471489 -0.7194287 -0.6015896 -0.3471488 -0.7194287 -0.5825406 -0.3590043 -0.7292205 -0.5825404 -0.3590038 -0.7292208 -0.5825405 -0.359004 -0.7292206 -0.6144292 -0.3196149 -0.7213342 -0.6144292 -0.3196153 -0.7213341 -0.6144292 -0.3196148 -0.7213343 -0.6386133 -0.3038882 -0.7069831 -0.6386133 -0.3038881 -0.7069832 -0.6386133 -0.303888 -0.7069833 -0.5780175 -0.3688822 -0.7278885 -0.5780177 -0.3688827 -0.7278882 -0.5780176 -0.3688824 -0.7278884 -0.5583931 -0.394626 -0.7297037 -0.5583927 -0.3946258 -0.7297041 -0.5583932 -0.3946261 -0.7297037 -0.5420035 -0.4258171 -0.7245081 -0.542495 -0.4256028 -0.7242662 -0.5424839 -0.4256209 -0.7242639 -0.5428876 -0.4255316 -0.7240138 -0.5142815 -0.4423352 -0.7347477 -0.5142816 -0.4423353 -0.7347477 -0.5142815 -0.4423353 -0.7347477 -0.4889684 -0.4639753 -0.7386724 -0.4889684 -0.4639752 -0.7386724 -0.4889683 -0.4639753 -0.7386725 -0.4564562 -0.5031068 -0.733847 -0.4727906 -0.5009958 -0.7248948 -0.4727905 -0.5009959 -0.7248947 -0.4727906 -0.5009957 -0.7248948 -0.4377056 -0.5111111 -0.7397158 -0.4377055 -0.5111112 -0.7397156 -0.4377056 -0.5111112 -0.7397157 -0.4059087 -0.5263367 -0.7471331 -0.4059086 -0.5263367 -0.7471332 -0.3768805 -0.5471354 -0.7473982 -0.3768804 -0.5471354 -0.7473982 -0.3516458 -0.5721477 -0.7409402 -0.3512512 -0.572503 -0.7408529 -0.3497382 -0.5721853 -0.7418134 -0.3490221 -0.5720846 -0.7422283 -0.3128985 -0.5789985 -0.752898 -0.3128985 -0.5789985 -0.752898 -0.3128985 -0.5789986 -0.752898 -0.2931684 -0.5865757 -0.7549711 -0.2931686 -0.5865756 -0.7549712 -0.2931686 -0.5865755 -0.7549711 -0.2231358 -0.6134509 -0.7575542 -0.2231358 -0.6134509 -0.7575543 -0.2231358 -0.6134509 -0.7575542 -0.181348 -0.6694567 -0.7203754 -0.0761187 -0.6279845 -0.7744945 -0.02467763 -0.6448362 -0.7639223 -0.02467769 -0.6448363 -0.7639223 -0.02467769 -0.6448363 -0.7639223 0 0.6568669 -0.7540066 0 0.6567364 -0.7541202 0 0.656803 -0.7540624 0 0.6568893 -0.7539871 0 0.760758 0.6490358 0 0.7607585 0.6490351 0 0.7609758 0.6487803 0 0.7607586 0.649035 0 0.4933034 0.8698574 0 0.4935936 0.8696928 0 0.4935949 0.869692 0 0.4935933 0.869693 0 0.1657987 0.9861596 0 0.1657981 0.9861598 0 0.1657986 0.9861596 0 0.1661289 0.986104 -2.57531e-5 -0.00780332 0.9999696 1.17706e-4 -0.007776856 0.9999698 -1.96396e-6 -0.007770836 0.9999699 1.51566e-4 -0.007729709 0.9999701 4.64738e-6 -0.007729053 0.9999702 1.44005e-5 -0.007780134 0.9999697 8.14448e-7 -0.007772803 0.9999698 6.87969e-5 -0.007821559 0.9999694 -1.50471e-4 -0.007729709 0.9999701 6.93486e-5 -0.007779419 0.9999698 -1.33284e-5 -0.007776796 0.9999698 -8.03297e-5 -0.007778406 0.9999698 -1.48489e-4 -0.007721364 0.9999702 4.09055e-5 -0.007803201 0.9999696 -2.5664e-4 -0.007775783 0.9999698 -2.97809e-5 -0.007805645 0.9999696 0 -0.1813682 0.9834153 0 -0.181368 0.9834153 0 -0.1813682 0.9834153 0 -0.1813679 0.9834153 0 -0.506768 0.8620825 0 -0.5067685 0.8620823 0 -0.5067681 0.8620825 0 -0.5067685 0.8620822 0 -0.7709988 0.6368365 0 -0.7709984 0.6368371 0 -0.7709988 0.6368367 0 -0.7709983 0.6368372 0 -0.869892 0.4932422 0 -0.869892 0.4932423 0 -0.869892 0.4932424 0 -0.869892 0.4932425 0 -0.9268829 0.3753505 0.008739888 -0.9423053 0.3346408 -0.00580126 -0.9924023 0.1228988 -0.00580126 -0.9924023 0.1228988 -0.0058012 -0.9924023 0.1228988 0 -0.9968441 0.07938599 0 -0.9968441 0.07938599 0 -0.9968441 0.07938599 0 -0.9903905 -0.1382999 0 -0.9903905 -0.1382999 0 -0.9903905 -0.1382999 -0.008803486 -0.9954527 -0.09485036 -0.008803486 -0.9954527 -0.09485036 -0.008803486 -0.9954527 -0.09485036 0.01161164 -0.920777 -0.3899167 0 -0.9369201 -0.349544 6.6638e-5 -0.8621215 -0.5067018 -7.90453e-6 -0.8621273 -0.5066919 -3.49515e-4 -0.8621202 -0.5067037 -6.71748e-6 -0.8621153 -0.5067123 3.33573e-5 -0.8621149 -0.506713 3.01377e-5 -0.8621095 -0.506722 3.47733e-5 -0.8621095 -0.506722 7.88126e-6 -0.8621281 -0.5066905 -3.68037e-6 -0.8620994 -0.5067395 -2.98943e-5 -0.8621093 -0.5067227 -3.69216e-5 -0.8621201 -0.506704 9.30328e-5 -0.8621228 -0.5066993 8.17778e-6 -0.8621134 -0.5067155 -6.97957e-5 -0.8621106 -0.5067201 -9.06662e-6 -0.8621343 -0.5066799 -5.91771e-5 -0.8621393 -0.5066713 0 -0.760758 -0.6490358 0 -0.7607585 -0.6490351 0 -0.7609758 -0.6487803 0 -0.7607586 -0.649035 0 -0.4933034 -0.8698574 0 -0.4935936 -0.8696928 0 -0.4935949 -0.869692 0 -0.4935933 -0.869693 0 -0.1657987 -0.9861596 0 -0.1657981 -0.9861598 0 -0.1657986 -0.9861596 0 -0.1661289 -0.986104 0 0.007769644 -0.9999699 0 0.007769644 -0.9999699 0 0.007769644 -0.9999699 0 0.007769644 -0.9999699 -0.2713046 -0.3255465 0.9057667 -0.2713045 -0.3255466 0.9057668 -0.2713046 -0.3255465 0.9057668 -0.3103079 -0.334301 0.8899168 -0.3103078 -0.334301 0.8899169 -0.3103079 -0.3343011 0.8899168 -0.284637 -0.3604627 0.888284 -0.284637 -0.3604627 0.8882841 -0.1080912 -0.3415662 0.9336214 -0.107595 -0.3423491 0.9333919 -0.1081136 -0.3415549 0.933623 -0.1033931 -0.3373393 0.9356881 -0.09805893 -0.4909628 -0.8656443 -0.1686872 -0.4994452 -0.8497642 -0.2901809 -0.468427 -0.8344886 -0.2901809 -0.468427 -0.8344886 -0.6532279 -0.3733921 -0.6586894 -0.6532279 -0.373392 -0.6586895 -0.6532279 -0.3733921 -0.6586894 -0.6153752 -0.3906973 -0.6845941 -0.6153752 -0.3906973 -0.6845942 -0.6153751 -0.3906973 -0.6845942 -0.5761795 -0.4092794 -0.7074657 -0.5761795 -0.4092794 -0.7074657 -0.5761795 -0.4092793 -0.7074657 -0.5357925 -0.4290234 -0.7272314 -0.5357924 -0.429023 -0.7272317 -0.5357924 -0.4290234 -0.7272314 -0.4944442 -0.4496577 -0.7438636 -0.4944441 -0.4496576 -0.7438637 -0.4944441 -0.4496577 -0.7438636 -0.5105043 -0.4409344 -0.7382156 -0.4503822 -0.4476888 -0.7724835 -0.4503821 -0.447689 -0.7724834 -0.4503821 -0.4476892 -0.7724833 -0.4059119 -0.453488 -0.7934635 -0.8646062 -0.2477973 -0.4370958 -0.8646062 -0.2477973 -0.4370958 -0.8646062 -0.2477976 -0.4370956 -0.842665 -0.2671434 -0.4674934 -0.842665 -0.2671435 -0.4674934 -0.8175166 -0.2889721 -0.4981582 -0.8175167 -0.2889722 -0.4981583 -0.8175167 -0.2889722 -0.4981583 -0.7886064 -0.3140537 -0.5286495 -0.7886063 -0.3140537 -0.5286496 -0.7886063 -0.3140538 -0.5286496 -0.7579416 -0.3401992 -0.556587 -0.7579417 -0.3401994 -0.5565869 -0.7828086 -0.3174001 -0.5352271 -0.7242612 -0.342509 -0.5984425 -0.7242612 -0.342509 -0.5984425 -0.7242612 -0.3425091 -0.5984424 -0.6896544 -0.3572751 -0.6298662 -0.6896544 -0.3572751 -0.6298662 -0.6896544 -0.3572751 -0.6298662 0 0.4933449 0.8698338 0 0.4933335 0.8698403 0 0.4933438 0.8698344 0 0.4933325 0.8698409 -0.7892708 0.2922232 0.5400532 -0.7870994 0.293017 0.5427849 -0.783147 0.2944459 0.5477066 -0.7814272 0.2950074 0.5498564 -0.8180854 0.2787984 0.502999 -0.8180853 0.2787982 0.502999 -0.8180853 0.2787982 0.502999 -0.8431203 0.2637104 0.4686202 -0.8431204 0.2637109 0.46862 -0.8431203 0.2637107 0.46862 -0.8647221 0.2477095 0.4369162 -0.8647222 0.2477092 0.4369163 -0.8647222 0.2477091 0.4369164 -0.4034364 0.4489088 0.7973206 -0.4034364 0.4489089 0.7973205 -0.4034364 0.4489091 0.7973204 -0.507698 0.4107856 0.7572966 -0.4535015 0.4087897 0.791977 -0.4535015 0.4087898 0.791977 -0.4535014 0.4087896 0.791977 -0.4954385 0.4082291 0.7667397 -0.4954385 0.4082291 0.7667397 -0.4954385 0.408229 0.7667397 -0.5368859 0.4042899 0.7404751 -0.5368858 0.4042899 0.7404751 -0.5368858 0.4042899 0.7404751 -0.5770345 0.3972135 0.7136194 -0.5770344 0.3972136 0.7136194 -0.5770344 0.3972138 0.7136193 -0.6159211 0.3869184 0.6862472 -0.6159211 0.3869186 0.6862473 -0.6159211 0.3869185 0.6862473 -0.7074224 0.3514906 0.6131949 -0.7074224 0.3514906 0.6131949 -0.7074224 0.3514907 0.6131948 -0.1680005 0.486171 0.8575626 -0.1680005 0.486171 0.8575626 -0.1680005 0.486171 0.8575626 -0.0990535 0.4684896 0.8778986 -0.09905356 0.4684896 0.8778986 -0.0990535 0.4684897 0.8778986 -0.2870828 0.4755665 0.8315167 0 -0.4933325 -0.8698409 0 -0.4933434 -0.8698346 0 -0.4933335 -0.8698403 0 -0.4933445 -0.8698341 -0.3868362 -0.9184973 -0.08197808 -0.3868359 -0.9184975 -0.08197808 -0.3868356 -0.9184975 -0.08197844 -0.3055424 -0.9383237 -0.1618412 -0.3051095 -0.9373794 -0.1680121 -0.3049634 -0.9387395 -0.1605169 -0.2962259 -0.9416881 -0.159605 -0.2632277 -0.9525586 -0.1527851 -0.1091373 -0.9762556 -0.1871208 -0.1007065 -0.977609 -0.1847668 -0.10915 -0.9760619 -0.188121 -0.1082723 -0.9756664 -0.1906628 -0.2710959 0.9471874 -0.1712989 -0.2710959 0.9471873 -0.1712989 -0.2710961 0.9471872 -0.1712989 -0.3103016 0.9378252 -0.1555534 -0.3103017 0.9378252 -0.1555534 -0.2846547 0.949495 -0.1320265 -0.2846547 0.949495 -0.1320265 -0.1079794 0.979413 -0.1705604 -0.1078404 0.9795188 -0.1700396 -0.1080077 0.979408 -0.170571 -0.1032294 0.9790295 -0.1756274 -0.2585996 0.4894873 -0.8327836 -0.2586004 0.4894937 -0.8327795 -0.2585999 0.4894892 -0.8327825 -0.2586005 0.4894956 -0.8327784 -0.7073526 0.3581882 -0.6093879 -0.7070145 0.3583467 -0.6096869 -0.707014 0.3583467 -0.6096875 -0.7071164 0.3582987 -0.609597 -0.9659273 0.1311482 -0.2231251 -0.9659509 0.1310743 -0.2230661 -0.9659342 0.1311266 -0.2231078 -0.9659578 0.1310528 -0.2230489 -0.9659058 -0.131151 0.2232165 -0.9658821 -0.1312249 0.2232753 -0.9658989 -0.1311726 0.2232337 -0.9659583 -0.1311732 0.2229757 -0.7073534 -0.358188 0.6093872 -0.707015 -0.3583466 0.6096864 -0.7073535 -0.3581876 0.6093872 -0.7073539 -0.3581861 0.6093876 -0.2586004 -0.4894932 0.83278 -0.2586001 -0.4894906 0.8327814 -0.2586003 -0.4894925 0.8327803 -0.2586001 -0.48949 0.8327819 0.2586001 -0.4894927 0.8327802 0.2586002 -0.4894909 0.8327812 0.2586002 -0.4894922 0.8327805 0.2586004 -0.4894904 0.8327816 0.7073562 -0.3581889 0.6093832 0.7071207 -0.3582966 0.6095932 0.7071197 -0.3582973 0.6095941 0.7073584 -0.3581818 0.609385 0.9659041 -0.1311928 0.2231992 0.9658808 -0.131205 0.2232927 0.9658973 -0.1311963 0.2232265 0.965874 -0.1312086 0.22332 0.9659268 0.1311057 -0.2231521 0.9659488 0.1311005 -0.2230596 0.9659332 0.1311042 -0.2231251 0.9659553 0.131099 -0.2230326 0.7073574 0.3581819 -0.6093861 0.7070174 0.358345 -0.6096845 0.7071198 0.3582969 -0.6095941 0.7071188 0.3582977 -0.6095948 0.2586005 0.4894936 -0.8327795 0.2585995 0.4894921 -0.8327807 0.2586002 0.4894932 -0.83278 0.2585992 0.4894917 -0.8327811 -0.09775114 -0.5043957 0.8579218 -0.1691393 -0.4862046 0.8573197 -0.2903671 -0.4885058 0.82283 -0.2903671 -0.4885057 0.82283 -0.290367 -0.4885057 0.82283 -0.6531872 -0.3838075 0.6527162 -0.6531872 -0.3838076 0.6527161 -0.6531872 -0.3838074 0.6527162 -0.6154046 -0.3974784 0.6806528 -0.6154046 -0.3974783 0.6806529 -0.6154046 -0.3974783 0.6806528 -0.5760996 -0.4080298 0.7082521 -0.5760996 -0.4080299 0.7082521 -0.5760996 -0.4080299 0.7082521 -0.5358304 -0.415271 0.7351434 -0.5358304 -0.4152711 0.7351434 -0.5358304 -0.4152712 0.7351434 -0.4944301 -0.4193012 0.761397 -0.4944301 -0.4193012 0.761397 -0.4944301 -0.4193013 0.761397 -0.510567 -0.4186663 0.751026 -0.5105669 -0.4186663 0.751026 -0.510567 -0.4186663 0.751026 -0.4504043 -0.4452035 0.7739057 -0.4504044 -0.445203 0.7739059 -0.4504044 -0.4452032 0.7739058 -0.4058334 -0.4605229 0.7894415 -0.4058334 -0.4605229 0.7894416 -0.4058333 -0.4605228 0.7894417 -0.864616 -0.2545775 0.4331622 -0.864616 -0.2545776 0.4331623 -0.8646159 -0.2545774 0.4331623 -0.8426962 -0.2712735 0.4650524 -0.8426963 -0.2712735 0.4650524 -0.8174602 -0.2869207 0.4994353 -0.8174602 -0.2869207 0.4994353 -0.8174602 -0.2869208 0.4994353 -0.7885858 -0.3008908 0.5362809 -0.7885859 -0.3008908 0.5362809 -0.7885858 -0.3008911 0.5362807 -0.7580038 -0.311886 0.5728502 -0.7580039 -0.311886 0.5728502 -0.7825362 -0.3049093 0.5428329 -0.7825362 -0.3049092 0.5428329 -0.7243129 -0.3469926 0.5957911 -0.7243129 -0.3469924 0.5957912 -0.7243129 -0.3469926 0.5957911 -0.6896208 -0.3668438 0.6243788 -0.6896208 -0.3668438 0.6243788 -0.6896208 -0.3668438 0.6243788 0 0.5067189 -0.8621114 0 0.5067082 -0.8621177 0 0.5067179 -0.8621119 0 0.5067071 -0.8621184 -0.7894088 0.3214622 -0.5229685 -0.7870854 0.3235625 -0.5251706 -0.7833113 0.3269491 -0.5287039 -0.7812983 0.3287665 -0.5305522 -0.818073 0.2963076 -0.4929082 -0.818073 0.2963078 -0.492908 -0.818073 0.2963078 -0.4929082 -0.843106 0.2740023 -0.4627043 -0.8431086 0.2740583 -0.4626663 -0.843106 0.274002 -0.4627042 -0.8647137 0.2545053 -0.4330096 -0.8647138 0.2545053 -0.4330096 -0.8647137 0.2545053 -0.4330096 -0.4036054 0.4659584 -0.7873916 -0.4036054 0.4659584 -0.7873917 -0.4036054 0.4659584 -0.7873917 -0.5074361 0.4506859 -0.7344324 -0.4535147 0.4813973 -0.7500541 -0.4535147 0.4813973 -0.7500541 -0.4954059 0.4599142 -0.7369206 -0.4954059 0.4599142 -0.7369207 -0.4954059 0.4599142 -0.7369207 -0.536856 0.439094 -0.7204042 -0.536856 0.439094 -0.7204042 -0.5368559 0.4390939 -0.7204042 -0.5769971 0.4194216 -0.700828 -0.5769971 0.4194216 -0.7008281 -0.5769971 0.4194216 -0.700828 -0.615918 0.4008157 -0.678227 -0.6159179 0.4008157 -0.6782271 -0.6159179 0.4008157 -0.6782271 -0.7071627 0.3553524 -0.6112656 -0.167845 0.4994959 -0.8499012 -0.167845 0.4994958 -0.8499012 -0.09920531 0.5259748 -0.8446946 -0.287221 0.4822288 -0.8276228 -0.287221 0.4822289 -0.8276228 -0.287221 0.4822289 -0.8276228 0 -0.5068267 0.862048 0 -0.5068371 0.8620419 0 -0.5068277 0.8620474 0 -0.5068381 0.8620414 -0.3868904 0.3880908 0.8364815 -0.3868908 0.3880904 0.8364815 -0.3868911 0.3880898 0.8364818 -0.2994695 0.3334589 0.8939369 -0.3050768 0.3233188 0.895764 -0.2986602 0.33309 0.8943452 -0.2962256 0.3325959 0.8953382 -0.2635053 0.3440017 0.9012368 -0.2635053 0.3440017 0.9012369 -0.2635054 0.3440016 0.9012368 -0.1057047 0.3296077 0.938182 -0.1010955 0.3287359 0.9389955 -0.1062703 0.329443 0.938176 -0.108305 0.3225333 0.9403417 -0.2712081 -0.6219076 -0.7346273 -0.2712083 -0.6219076 -0.7346272 -0.2712085 -0.6219075 -0.7346272 -0.3102857 -0.603618 -0.7344169 -0.3102858 -0.603618 -0.7344169 -0.3102856 -0.603618 -0.7344169 -0.2847391 -0.5889872 -0.7563186 -0.2847391 -0.5889873 -0.7563186 -0.2847391 -0.5889872 -0.7563186 -0.1088299 -0.6388868 -0.7615641 -0.1078335 -0.6370829 -0.7632152 -0.1088457 -0.6389694 -0.7614925 -0.1033607 -0.6414647 -0.7601577 0.9659374 -0.2587684 -0.00198388 0.9659371 -0.2587698 -0.00198388 0.9659373 -0.2587689 -0.00198388 0.965937 -0.2587701 -0.00198388 0.7071188 -0.7070741 -0.005420863 0.7071164 -0.7070764 -0.005420863 0.707118 -0.7070748 -0.005420863 0.7071157 -0.7070771 -0.005420863 0.2587869 -0.9659061 -0.007405281 0.2587913 -0.965905 -0.007407188 0.2587882 -0.9659057 -0.007405817 0.2587926 -0.9659046 -0.007407724 -0.2587872 -0.965906 -0.007407724 -0.258792 -0.9659048 -0.007405817 -0.2587886 -0.9659057 -0.007407188 -0.2587933 -0.9659044 -0.007405281 -0.7071144 -0.7070785 -0.005420923 -0.7071164 -0.7070764 -0.005420863 -0.7071149 -0.7070779 -0.005420923 -0.7071169 -0.7070759 -0.005420863 -0.9659373 -0.2587687 -0.001983821 -0.965939 -0.2587626 -0.001983821 -0.9659377 -0.2587669 -0.001983821 -0.9659395 -0.2587608 -0.001983821 -0.96594 0.2587587 0.001983821 -0.9659389 0.2587628 0.001983821 -0.9659397 0.2587599 0.001983821 -0.9659386 0.258764 0.001983821 -0.7071149 0.7070779 0.005420863 -0.7070985 0.7070938 0.005499184 -0.7070135 0.7071789 0.005474925 -0.7069944 0.7071976 0.005537867 -0.258808 0.9659006 0.007392466 -0.2587868 0.9659036 0.007727146 -0.2588076 0.9659006 0.007392346 -0.2587875 0.9659034 0.007727086 0.258787 0.9659035 0.007727086 0.2587869 0.9659035 0.007727205 0.258787 0.9659036 0.007727146 0.2587869 0.9659035 0.007727265 0.7071184 0.7070726 0.00565654 0.7070103 0.7071819 0.00549376 0.7070176 0.7071738 0.005604088 0.7071431 0.707049 0.005508303 0.9659358 0.2587747 0.001983821 0.9659379 0.2587664 0.001983821 0.9659364 0.2587723 0.001983821 0.9659386 0.258764 0.00198388 -0.09798908 0.9951583 0.007623732 -0.1689976 0.9855876 -0.007546722 -0.1689976 0.9855875 -0.007546663 -0.1689976 0.9855877 -0.007546663 -0.2907829 0.9567189 0.0115959 -0.5763471 0.8172047 -6.921e-4 -0.5763471 0.8172048 -6.91948e-4 -0.5763471 0.8172048 -6.91981e-4 -0.5359895 0.8441877 -0.007900476 -0.5359895 0.8441877 -0.007900416 -0.5359894 0.8441877 -0.007900357 -0.4947082 0.868883 -0.017497 -0.4947082 0.868883 -0.0174973 -0.4947082 0.868883 -0.0174973 -0.510509 0.8597756 -0.01291012 -0.510509 0.8597756 -0.01291012 -0.510509 0.8597755 -0.01291012 -0.4506487 0.8927002 -0.001508295 -0.4506487 0.8927002 -0.001508235 -0.4506487 0.8927002 -0.001508295 -0.4059442 0.9138887 0.00410217 -0.4059442 0.9138887 0.00410211 -0.4059442 0.9138887 0.00410223 -0.8428785 0.5380988 0.002399444 -0.8428784 0.5380989 0.002398967 -0.8428762 0.5381021 0.002455532 -0.8646871 0.5022957 0.003899693 -0.8646871 0.5022957 0.00390017 -0.8646871 0.5022957 0.003899633 -0.8177202 0.5756149 -0.00119996 -0.8177202 0.5756148 -0.00120002 -0.8177201 0.5756148 -0.001200139 -0.7889169 0.6144544 -0.00749123 -0.7889169 0.6144543 -0.00749123 -0.7889169 0.6144544 -0.00749123 -0.7827897 0.6222171 -0.009289324 -0.7068814 0.707273 0.009141564 -0.7068814 0.707273 0.009141564 -0.7068814 0.707273 0.009141564 -0.6155654 0.7880762 0.003904283 -0.6155654 0.7880762 0.003904342 -0.6155654 0.7880762 0.003904283 0 -0.9999712 -0.007598578 0 -0.9999685 -0.007933914 0 -0.9999686 -0.007934153 0 -0.9999685 -0.007933914 -0.7244735 -0.6892491 -0.00859636 -0.7244736 -0.689249 -0.008596181 -0.7244735 -0.6892491 -0.008596241 -0.7811403 -0.624116 -0.01729917 -0.7811403 -0.6241159 -0.01729917 -0.7811403 -0.624116 -0.01729917 -0.7585187 -0.6511204 -0.02630203 -0.7585186 -0.6511206 -0.0263009 -0.7585186 -0.6511206 -0.02630132 -0.789082 -0.6140525 -0.01700711 -0.7890821 -0.6140524 -0.01700752 -0.7890821 -0.6140525 -0.01700741 -0.8177512 -0.5754832 -0.01011568 -0.8177512 -0.5754832 -0.01011574 -0.8177511 -0.5754832 -0.01011568 -0.8429964 -0.5378857 -0.005998551 -0.8429965 -0.5378857 -0.005998492 -0.8429965 -0.5378857 -0.005998492 -0.8647171 -0.5022443 -0.003897428 -0.8647171 -0.5022443 -0.003897547 -0.8647171 -0.5022442 -0.003897488 -0.3796686 -0.9250816 -0.008703768 -0.3796682 -0.9250817 -0.008703589 -0.3796684 -0.9250817 -0.008703947 -0.4062065 -0.9137232 -0.0103113 -0.4062065 -0.9137232 -0.0103113 -0.4062064 -0.9137231 -0.0103113 -0.5078938 -0.8611184 -0.02278596 -0.4524457 -0.8907936 -0.04218721 -0.4524458 -0.8907936 -0.04218721 -0.4524456 -0.8907936 -0.04218709 -0.4951618 -0.8682876 -0.0298593 -0.5366203 -0.8435846 -0.02009475 -0.5366204 -0.8435845 -0.02009499 -0.5366203 -0.8435845 -0.02009493 -0.5768201 -0.8167709 -0.01279592 -0.5768202 -0.816771 -0.01279574 -0.5768202 -0.816771 -0.01279556 -0.6156031 -0.7880158 -0.00799936 -0.615603 -0.7880158 -0.00799942 -0.615603 -0.7880158 -0.007999479 -0.6532135 -0.7571524 -0.005698025 -0.6532135 -0.7571524 -0.005698025 -0.6532135 -0.7571524 -0.005698025 -0.6897774 -0.7239973 -0.005926191 -0.6897774 -0.7239973 -0.005926132 -0.6897774 -0.7239973 -0.005926191 -0.1675461 -0.9858332 -0.007822215 -0.09928238 -0.9945064 -0.03316622 -0.2874707 -0.9577823 -0.003712892 -0.2874708 -0.9577823 -0.003712952 -0.2874707 -0.9577823 -0.003712892 -0.387098 0.5299923 -0.7544954 -0.3870991 0.5299928 -0.7544944 -0.3870973 0.5299929 -0.7544954 -0.3023228 0.6156073 -0.7277559 -0.3050763 0.6140711 -0.7279046 -0.3002895 0.6163479 -0.7279708 -0.2962021 0.6091026 -0.7357026 -0.2635317 0.6085692 -0.7484616 -0.2635317 0.6085691 -0.7484616 -0.1005744 0.6500157 -0.7532359 -0.1009555 0.6487591 -0.7542676 -0.1003192 0.6504811 -0.7528681 -0.1083722 0.6530232 -0.749544 0 0.9999707 0.007660567 0 0.9999707 0.007660269 0 0.9999707 0.007660567 0 0.9999707 0.00766021 -0.2586588 0.4763747 0.8403349 -0.2589374 0.4763861 0.8402427 -0.2585386 0.4763062 0.8404107 -0.259102 0.476419 0.8401733 -0.7072181 0.3487353 0.615001 -0.7070582 0.3488104 0.6151423 -0.7072685 0.3487333 0.6149442 -0.7071103 0.3487978 0.6150896 -0.9659232 0.1277102 0.2251281 -0.9659233 0.1277073 0.2251291 -0.9659232 0.1277093 0.2251284 -0.9659234 0.1277064 0.2251294 -0.965953 -0.1276516 -0.2250331 -0.9659298 -0.1276685 -0.2251232 -0.9659462 -0.1276565 -0.2250594 -0.9659231 -0.1276735 -0.2251496 -0.7069823 -0.3488661 -0.615198 -0.7072026 -0.3488296 -0.6149653 -0.7071308 -0.3487372 -0.6151003 -0.706828 -0.3487512 -0.6154404 -0.2586566 -0.476373 -0.8403366 -0.2589372 -0.4763854 -0.8402432 -0.2585375 -0.4763039 -0.8404125 -0.2587877 -0.4763901 -0.8402866 0.2583713 -0.4765144 -0.8403442 0.2589372 -0.4762555 -0.8403167 0.2585366 -0.4764388 -0.8403362 0.2591026 -0.4761798 -0.8403086 0.7070712 -0.3488575 -0.6151007 0.7069199 -0.3488423 -0.6152832 0.7071335 -0.3486408 -0.6151518 0.707069 -0.3488146 -0.6151276 0.9659497 -0.1276316 -0.2250586 0.9659285 -0.1276891 -0.2251172 0.9659435 -0.1276484 -0.2250757 0.9659222 -0.1277059 -0.2251343 0.9659221 0.1277061 0.2251346 0.9659209 0.127716 0.2251342 0.9659218 0.127709 0.2251345 0.9659206 0.1277189 0.225134 0.7072237 0.3488298 0.6149411 0.7070543 0.3488197 0.6151416 0.7072731 0.3487843 0.61491 0.7074422 0.3486288 0.6148038 0.2586914 0.4764227 0.8402976 0.2589375 0.4762519 0.8403187 0.2585382 0.4764422 0.8403338 0.258856 0.4763956 0.8402625 0 0.1813682 -0.9834153 0 0.181368 -0.9834153 0 0.1813682 -0.9834153 0 0.1813679 -0.9834153 0 0.506768 -0.8620825 0 0.5067685 -0.8620823 0 0.5067681 -0.8620825 0 0.5067685 -0.8620822 0 0.7709988 -0.6368365 0 0.7709984 -0.6368371 0 0.7709988 -0.6368367 0 0.7709983 -0.6368372 0 0.8621218 0.5067014 0 0.8621215 0.5067017 0 0.8621209 0.5067026 0 0.8621209 0.5067029 -0.7069398 0.6097582 0.3583728 -0.7069399 0.609758 0.3583729 -0.7069453 0.6097495 0.3583769 -0.7069454 0.6097493 0.358377 -0.7016824 0.1181229 0.7026299 -0.7016398 0.1181547 0.7026672 -0.7015506 0.1182209 0.7027451 -0.7015142 0.118248 0.7027769 -0.7016832 0.3514132 0.619798 -0.7016121 0.3516218 0.6197603 -0.7017757 0.3513567 0.6197251 -0.7017054 0.3513842 0.6197893 -0.7017494 0.542151 0.4621905 -0.7017421 0.5421594 0.4621918 -0.7016496 0.5422707 0.4622018 -0.7016987 0.5422067 0.4622024 -0.7071194 -0.005493938 0.7070729 -0.7071193 -0.005493938 0.707073 -0.7071135 -0.005493938 0.7070788 -0.7071133 -0.005493938 0.7070789 -0.7018734 -0.5491848 0.4536187 -0.7018536 -0.5491943 0.4536377 -0.7018123 -0.5492143 0.4536774 -0.7017954 -0.5492225 0.4536937 -0.7015887 -0.361113 0.6143051 -0.7015626 -0.3611154 0.6143335 -0.7015082 -0.3611204 0.6143927 -0.7014859 -0.3611224 0.614417 -0.7018412 -0.1291562 0.7005267 -0.7017781 -0.1291515 0.7005908 -0.7016094 -0.1293668 0.70072 -0.7016823 -0.1290612 0.7007034 -0.7072683 -0.6149677 0.3486922 -0.7072685 -0.6149675 0.3486924 -0.7072758 -0.6149575 0.3486952 -0.7072759 -0.6149572 0.3486952 -0.7015687 -0.6676487 -0.2490918 -0.7015945 -0.6676201 -0.2490954 -0.7017164 -0.6676104 -0.2487784 -0.7017029 -0.6676225 -0.2487837 -0.7059274 -0.7050681 -0.06742107 -0.7055676 -0.705462 -0.0670647 -0.7058448 -0.7051693 -0.06722694 -0.705834 -0.7051806 -0.06722247 -0.7057107 -0.7062618 0.05627489 -0.7057492 -0.706223 0.05627727 -0.7056528 -0.7063151 0.05633157 -0.7057061 -0.7062762 0.05615073 -0.7016322 -0.6714554 0.2384533 -0.7016723 -0.6714253 0.2384202 -0.7016088 -0.6714103 0.2386488 -0.7017902 -0.6713367 0.2383227 -0.7069454 -0.6097493 -0.358377 -0.7069453 -0.6097495 -0.3583769 -0.7069399 -0.609758 -0.3583729 -0.7069398 -0.6097582 -0.3583728 -0.7016824 -0.1181229 -0.7026299 -0.7016398 -0.1181547 -0.7026672 -0.7015506 -0.1182209 -0.7027451 -0.7015142 -0.118248 -0.7027769 -0.7016832 -0.3514132 -0.619798 -0.7016121 -0.3516218 -0.6197603 -0.701675 -0.351445 -0.6197893 -0.7015833 -0.3515526 -0.619832 -0.7017494 -0.542151 -0.4621905 -0.7017421 -0.5421594 -0.4621918 -0.7016496 -0.5422707 -0.4622018 -0.7016987 -0.5422067 -0.4622024 -0.7071133 0.005493938 -0.7070789 -0.7071135 0.005493938 -0.7070788 -0.7071193 0.005493938 -0.707073 -0.7071194 0.005493938 -0.7070729 -0.7119949 -0.1311363 -0.6898309 -0.7134327 -0.1310752 -0.6883554 -0.7128148 -0.1311166 -0.6889873 -0.7133503 -0.6652749 0.2203195 -0.7131284 -0.6654598 0.2204793 -0.7132508 -0.6653503 0.2204142 -0.7133639 -0.6652462 0.2203623 -0.6984738 -0.677034 0.2318609 -0.6984738 -0.6770339 0.2318609 -0.6984738 -0.677034 0.2318609 -0.7051544 -0.6759783 0.2140341 -0.7023746 -0.6750839 0.2256808 -0.701859 -0.6759007 0.2248381 -0.7060803 -0.6751801 0.2135007 -0.7063741 -0.6822266 0.1886864 -0.7075222 -0.6787256 0.1968346 -0.7041283 -0.682444 0.1961464 -0.7062845 -0.6829707 0.1863154 -0.6892086 -0.1586909 -0.7069715 -0.6862276 -0.1639102 -0.7086784 -0.6847398 -0.1664032 -0.709536 -0.6799457 -0.1742125 -0.7122666 -0.6799457 -0.1742123 -0.7122669 -0.6799456 -0.1742123 -0.7122668 -0.6912835 -0.1551287 -0.7057353 -0.7014986 -0.1311896 -0.700492 -0.7014985 -0.1311895 -0.7004922 -0.7014986 -0.1311896 -0.700492 -0.7079268 -0.1063966 -0.698226 -0.7079269 -0.1063966 -0.6982259 -0.7079268 -0.1063966 -0.698226 -0.7116699 -0.1309323 -0.6902049 -0.7058308 -0.1716756 -0.687263 -0.7134078 -0.2236921 -0.6640868 -0.7071871 -0.231881 -0.6679204 -0.7126707 -0.2249107 -0.6644665 -0.7061997 -0.2326893 -0.6686837 -0.7069931 -0.2922666 -0.6440039 -0.7206861 -0.3296316 -0.6098808 -0.7062812 -0.3495322 -0.6156251 -0.7070707 -0.4039202 -0.5804305 -0.7208328 -0.4340972 -0.540333 -0.706248 -0.4550179 -0.5423768 -0.7070254 -0.5019624 -0.4981454 -0.7210139 -0.5242768 -0.4530705 -0.7061697 -0.5456393 -0.451223 -0.7069261 -0.5836512 -0.3995084 -0.7211251 -0.5973075 -0.3510021 -0.7062712 -0.6180403 -0.3452641 -0.7070226 -0.6461298 -0.2874639 -0.7213152 -0.6505836 -0.2375826 -0.7062587 -0.670232 -0.2280084 -0.707041 -0.687442 -0.1658815 -0.707041 -0.687442 -0.1658815 -0.7214751 -0.6825897 -0.1163828 -0.70633 -0.7003149 -0.1032323 -0.70633 -0.7003149 -0.1032322 -0.7063301 -0.7003149 -0.1032322 -0.7067242 -0.7068457 -0.03016924 -0.706826 -0.7067354 -0.03036713 -0.7067919 -0.7067723 -0.03030103 -0.7068905 -0.7066655 -0.03049266 -0.7065761 -0.7068326 0.03373539 -0.7066196 -0.7067918 0.03367823 -0.7066271 -0.7067848 0.03366833 -0.7066684 -0.706746 0.03361397 -0.7060851 -0.6962835 0.1289702 -0.7309435 -0.674672 0.1026619 -0.7032698 -0.6902921 0.1700248 -0.7032701 -0.690292 0.1700239 -0.7032701 -0.690292 0.1700239 -0.9844297 0.08670473 0.1529075 -0.9844297 0.08670473 0.1529075 -0.9844297 0.08670473 0.1529075 -0.5390997 0.4082723 0.7366719 -0.1376165 0.4886029 0.8615852 -0.1376165 0.4886029 0.8615852 -0.1376165 0.4886029 0.8615852 -0.1758567 0.4931705 0.8519727 -0.4016096 0.4462318 0.7997419 -0.6090806 0.419605 0.6730176 -0.6090806 0.4196049 0.6730176 -0.6090805 0.4196049 0.6730177 -0.9953547 0.09619212 0.004020571 -0.9953547 0.09619224 0.004020571 -0.9953548 0.09619218 0.004020571 -0.984163 0.09985065 0.1464686 -0.9841631 0.09985047 0.1464687 -0.984163 0.09985059 0.1464687 -0.841829 0.243724 0.4815835 -0.841829 0.2437241 0.4815835 -0.841829 0.2437241 0.4815835 -0.9021735 0.2729315 0.3340529 -0.9021735 0.2729315 0.3340529 -0.9021735 0.2729315 0.3340529 -0.8061454 0.2960283 0.5123447 -0.8061453 0.2960283 0.5123447 -0.8061453 0.2960282 0.5123447 -1.36368e-4 -0.8700131 0.4930287 -5.95394e-6 -0.8699035 0.4932221 8.80827e-5 -0.8698673 0.4932858 -8.19889e-5 -0.8698669 0.4932867 -3.49097e-4 -0.869872 0.4932774 -2.66189e-5 -0.8699042 0.4932209 9.30926e-5 -0.8699783 0.4930902 2.51415e-4 -0.8699034 0.4932221 3.06412e-4 -0.8699603 0.4931218 -2.19865e-5 -0.8699799 0.4930872 -4.89512e-5 -0.8699836 0.4930809 1.45732e-4 -0.8699138 0.4932038 -5.67138e-5 -0.8698908 0.4932444 1.01561e-4 -0.8698654 0.4932893 3.36946e-5 -0.8700053 0.4930425 2.2482e-4 -0.8698955 0.4932361 2.10283e-4 -0.869885 0.4932547 1.66105e-4 -0.8698843 0.4932559 1.58602e-4 -0.8699336 0.4931689 1.50521e-4 -0.869884 0.4932563 1.10157e-4 -0.8698772 0.4932683 1.26015e-4 -0.8699026 0.4932239 1.16321e-4 -0.8699254 0.4931834 -3.15683e-5 -0.8698952 0.4932366 -1.88363e-4 -0.8698164 0.4933758 -2.54268e-4 -0.869769 0.4934591 3.18383e-4 -0.8698632 0.4932929 1.76249e-4 -0.8698627 0.493294 3.20244e-4 -0.8698993 0.4932295 -1.92083e-5 -0.8699283 0.4931783 -0.9930503 -0.05805361 -0.1023774 -0.9841713 -0.06728261 -0.1639511 -0.9841713 -0.06728261 -0.1639511 -0.9841713 -0.06728267 -0.1639511 -0.9654888 -0.1233776 -0.2293675 -0.9654887 -0.1233775 -0.2293676 -0.9654888 -0.1233776 -0.2293675 -0.91908 -0.2019467 -0.3383926 -0.8418401 -0.2412096 -0.4828284 -0.8418402 -0.2412096 -0.4828284 -0.8418401 -0.2412097 -0.4828284 -0.7956392 -0.2965844 -0.5282007 -0.7956392 -0.2965844 -0.5282008 -0.628264 -0.3856674 -0.6756812 -0.5390158 -0.3985341 -0.7420462 -0.518478 -0.408187 -0.7513747 -0.5184795 -0.4081865 -0.751374 -0.518479 -0.4081874 -0.7513738 -0.3961248 -0.4584827 -0.7955369 -0.175875 -0.4776046 -0.8607914 -0.175875 -0.4776046 -0.8607915 -0.1355248 -0.4887832 -0.8618143 -0.6972008 0.4717904 0.5397452 -0.7067534 0.4594185 0.5379911 -0.7129262 0.5244353 0.4655148 -0.7129261 0.5244353 0.4655148 -0.7129262 0.5244352 0.4655148 -0.7902112 0.4437134 0.4227113 -0.7902112 0.4437132 0.4227113 -0.7902112 0.4437133 0.4227115 -0.7134299 0.5234361 0.4658674 -0.7134299 0.5234361 0.4658674 -0.7134299 0.5234361 0.4658674 -0.6985361 0.5392925 0.4703307 -0.7058133 0.5232135 0.4775723 -0.7022268 0.5332891 0.4716782 -0.7024514 0.5326408 0.4720762 -0.7061138 0.522376 0.4780446 -0.7064306 0.5043739 0.496551 -0.7075079 0.5100628 0.4891511 -0.7071409 0.5094535 0.4903151 -0.7062897 0.5026744 0.4984712 -0.6847043 -0.5312027 0.4990028 -0.6888825 -0.5327627 0.4915333 -0.6861425 -0.5316471 0.4965479 -0.6913111 -0.5337072 0.4870787 -0.7014573 -0.5410682 0.4638997 -0.7014574 -0.5410682 0.4638997 -0.7014573 -0.5410681 0.4638997 -0.7078998 -0.5515025 0.4412744 -0.7078996 -0.5515026 0.4412744 -0.7078999 -0.5515024 0.4412744 -0.7129746 -0.5316209 0.457216 -0.7126857 -0.531898 0.457344 -0.7126639 -0.5319127 0.457361 -0.7122389 -0.5321896 0.4577009 -0.6799153 -0.5297604 0.50702 -0.6799154 -0.5297602 0.5070201 -0.6799154 -0.5297602 0.50702 -0.7083975 -0.5184009 0.4789923 -0.7083972 -0.5184012 0.4789924 -0.7083969 -0.5184015 0.4789925 -0.6971376 -0.4801719 0.5323854 -0.7068456 -0.4675717 0.5307976 -0.7071064 -0.4240857 0.5658198 -0.7071064 -0.4240857 0.5658198 -0.7071065 -0.4240856 0.5658196 -0.7062987 -0.3711826 0.6027982 -0.7054678 -0.3720494 0.6032367 -0.7058423 -0.3717935 0.6029563 -0.7064871 -0.3709474 0.6027222 -0.7070603 -0.3150765 0.6330817 -0.7070671 -0.315073 0.6330759 -0.7070671 -0.3150731 0.633076 -0.7057892 -0.2566417 0.6603005 -0.7056505 -0.2567918 0.6603903 -0.7059585 -0.2564584 0.6601907 -0.706108 -0.2562966 0.6600937 -0.7071247 -0.195522 0.6795189 -0.7071247 -0.1955209 0.6795191 -0.707125 -0.1955209 0.6795189 -0.7056685 -0.1331536 0.6959182 -0.7056308 -0.1331878 0.6959498 -0.7057147 -0.1331115 0.6958795 -0.7057554 -0.1330743 0.6958453 -0.7057251 -0.005513072 0.7084643 -0.7057688 -0.005479574 0.708421 -0.7056712 -0.005554258 0.7085177 -0.7056237 -0.005590677 0.7085647 -0.705586 0.1223585 0.6979805 -0.7056083 0.1223714 0.6979557 -0.7055586 0.1223426 0.6980111 -0.7055345 0.1223286 0.6980379 -0.7071046 0.1849378 0.6824963 -0.7071049 0.1849374 0.682496 -0.7071044 0.1849382 0.6824963 -0.7059105 0.2460818 0.6641792 -0.7058427 0.2461535 0.6642249 -0.7057658 0.2462345 0.6642765 -0.7057029 0.2463009 0.6643187 -0.7070819 0.3052096 0.6378732 -0.7070821 0.3052098 0.637873 -0.7070811 0.3052109 0.6378736 -0.7062762 0.3615787 0.6086335 -0.7058746 0.3624843 0.6085608 -0.7062224 0.3617976 0.608566 -0.7055376 0.3624389 0.6089785 -0.7071025 0.4152929 0.5723092 -0.7071025 0.4152929 0.5723093 -0.7071025 0.4152928 0.5723093 -0.9844085 0.08911317 -0.1516533 -0.9844086 0.08911317 -0.1516533 -0.9844086 0.08911323 -0.1516533 -0.5392153 0.4337831 -0.7218581 -0.5392152 0.4337831 -0.7218582 -0.5392153 0.4337832 -0.7218581 -0.1370738 0.5019249 -0.8539803 -0.1759811 0.4910864 -0.8531499 -0.4014745 0.4694739 -0.7863922 -0.4014745 0.4694739 -0.7863922 -0.4014745 0.4694739 -0.7863922 -0.6091575 0.3729417 -0.6998869 -0.9953484 -0.04460811 -0.08539211 -0.9953483 -0.04460817 -0.08539223 -0.9953483 -0.04460811 -0.08539199 -0.9841401 0.07692617 -0.1598461 -0.98414 0.07692617 -0.1598461 -0.9841401 0.07692611 -0.1598461 -0.8419485 0.2950977 -0.451708 -0.8419486 0.2950977 -0.451708 -0.8419485 0.2950978 -0.451708 -0.9022529 0.1527659 -0.4032397 -0.9022529 0.1527659 -0.4032397 -0.9022529 0.1527659 -0.4032397 -0.8058946 0.2959315 -0.5127949 -1.20448e-4 0.8621538 0.5066468 2.79793e-5 0.8621644 0.5066286 3.17225e-4 0.8621119 0.5067179 1.86041e-4 0.8621011 0.5067362 -1.10114e-4 0.8621799 0.5066022 4.46545e-5 0.8621933 0.5065796 -2.45595e-5 0.8622133 0.5065455 9.32019e-5 0.862173 0.5066142 -1.40605e-4 0.8621485 0.5066556 -9.33914e-5 0.8619684 0.5069621 -3.3899e-5 0.8621049 0.5067299 3.28361e-5 0.8620233 0.5068687 -2.63603e-4 0.8620904 0.5067546 4.87976e-4 0.8621139 0.5067143 2.7555e-4 0.8621004 0.5067377 1.51618e-4 0.8621236 0.5066982 3.15445e-4 0.8621069 0.5067264 2.56211e-4 0.8622269 0.5065225 -1.12818e-4 0.8620733 0.5067836 -5.16617e-5 0.862092 0.5067519 -8.27526e-5 0.8620446 0.5068326 -1.20039e-5 0.8620226 0.5068701 5.45822e-5 0.8619876 0.5069294 -7.32238e-6 0.8619871 0.5069303 2.53709e-5 0.86198 0.5069422 -3.79902e-5 0.8619643 0.5069692 2.18383e-4 0.8621632 0.5066306 7.12839e-5 0.8621579 0.5066397 -6.36524e-5 0.8621773 0.5066066 5.23709e-5 0.8620329 0.5068524 -0.9930409 -0.05966198 0.1015391 -0.9842522 -0.1078125 0.1400859 -0.9654691 -0.136994 0.2215899 -0.9654691 -0.1369944 0.2215898 -0.9654691 -0.1369939 0.22159 -0.9191143 -0.1920632 0.3440071 -0.9191142 -0.1920632 0.3440071 -0.9191142 -0.1920631 0.3440071 -0.8417134 -0.2976032 0.4505009 -0.7955993 -0.3092328 0.5209577 -0.6281834 -0.3922623 0.6719495 -0.5389181 -0.4433383 0.7162531 -0.5389181 -0.4433383 0.7162531 -0.5389182 -0.4433383 0.7162531 -0.5183756 -0.4465861 0.7292789 -0.5183776 -0.4465864 0.7292773 -0.5183762 -0.4465854 0.7292788 -0.3961287 -0.459779 0.7947864 -0.175978 -0.506703 0.8439692 -0.1355043 -0.5021049 0.8541249 -0.1355043 -0.502105 0.8541249 -0.1355042 -0.5021049 0.8541249 -0.6714717 0.7139577 0.1984697 -0.6714717 0.7139577 0.1984696 -0.6800322 0.7038437 0.2053298 -0.6800323 0.7038437 0.2053298 -0.6800322 0.7038437 0.2053297 -0.6864883 0.6953299 0.2127208 -0.6846664 0.6977711 0.2105885 -0.6889494 0.6919613 0.2157273 -0.6913017 0.6887066 0.2185986 -0.7014676 0.6722939 0.2365675 -0.7014676 0.6722939 0.2365676 -0.7014677 0.6722938 0.2365674 -0.7079181 0.6579132 0.2569093 -0.7079181 0.6579131 0.2569093 -0.707918 0.6579132 0.2569094 -0.7064701 0.7061551 0.04738116 -0.7064821 0.7061438 0.04737055 -0.7064795 0.7061463 0.04737293 -0.706492 0.7061346 0.04736185 -0.7067509 0.6972271 0.1199065 -0.7175577 0.6832995 0.1349548 -0.7070095 0.6870657 0.1675656 -0.7133494 0.6656661 0.2191379 -0.7065626 0.6718543 0.2222186 -0.7071967 0.6710025 0.2227747 -0.7157861 0.6634482 0.2179149 -0.7066525 0.7068861 -0.03089398 -0.7066523 0.7068863 -0.03089368 -0.7066525 0.7068861 -0.03089398 -0.7070758 0.181699 -0.6833954 -0.706882 0.1843802 -0.6828776 -0.7066993 0.1867659 -0.6824182 -0.707126 0.2446054 -0.6634312 -0.7136269 0.2365499 -0.6593793 -0.7127575 0.2376732 -0.6599153 -0.7144756 0.1468083 -0.6840847 -0.7142659 0.1465892 -0.6843507 -0.714307 0.1465913 -0.6843073 -0.7143757 0.1465935 -0.6842351 -0.6958731 0.1430878 -0.7037661 -0.6958731 0.1430878 -0.7037661 -0.695873 0.1430878 -0.7037661 -0.7049846 0.1528561 -0.6925545 -0.699502 0.14637 -0.6994804 -0.7003179 0.1457068 -0.6988022 -0.7040081 0.154964 -0.6930792 -0.7071146 0.1690993 -0.6865817 -0.7071098 0.1799952 -0.6838111 -0.7354508 0.6702662 -0.09927421 -0.7057917 0.6966463 -0.1286162 -0.7066527 0.7068859 -0.03089427 -0.7068153 0.6880005 -0.1645221 -0.706503 0.6705801 -0.2262212 -0.7237307 0.6465556 -0.2412047 -0.7069068 0.6480463 -0.2834059 -0.7064546 0.6198837 -0.3415643 -0.7227867 0.5956656 -0.3503739 -0.7069324 0.5873938 -0.3939735 -0.7063733 0.5496746 -0.445976 -0.7216287 0.5267085 -0.4492551 -0.7070829 0.5081543 -0.4917448 -0.7064094 0.4618291 -0.5363765 -0.7200425 0.4418196 -0.5351022 -0.7071095 0.4130889 -0.5738937 -0.7063182 0.3594223 -0.6098608 -0.7180458 0.3432973 -0.6054397 -0.7070874 0.3046059 -0.6381557 -0.7070875 0.3046059 -0.6381557 -0.7070874 0.3046059 -0.6381557 -0.7060467 0.2458814 -0.6641088 -0.9844882 -0.1754452 -0.001415729 -0.538985 -0.8421837 -0.01490026 -0.1374339 -0.9904812 -0.007676422 -0.1374339 -0.9904812 -0.007676362 -0.1374339 -0.9904812 -0.007676422 -0.1759125 -0.9844052 0.001116812 -0.1759125 -0.9844052 0.001116871 -0.1759125 -0.9844052 0.001116812 -0.4014748 -0.915769 -0.01361101 -0.4014748 -0.915769 -0.01361095 -0.4014748 -0.9157689 -0.01361095 -0.6093462 -0.7924419 0.02707773 -0.9953546 -0.05165666 0.08124631 -0.9953546 -0.0516566 0.08124631 -0.9953546 -0.05165648 0.08124625 -0.9841604 -0.1767805 0.01331001 -0.9841603 -0.1767805 0.01330995 -0.9841603 -0.1767805 0.01330995 -0.8416905 -0.5391454 -0.02965658 -0.902267 -0.4255678 0.06932818 -0.902267 -0.4255678 0.0693283 -0.902267 -0.4255678 0.06932824 -0.8060002 -0.5919153 2.14679e-4 1.80625e-4 0.007765769 -0.9999698 -1.7276e-5 0.007798671 -0.9999697 -1.80595e-5 0.007789731 -0.9999697 8.45315e-6 0.007795333 -0.9999696 -3.91679e-6 0.007799088 -0.9999697 -8.83508e-5 0.007870912 -0.999969 1.89834e-4 0.007667541 -0.9999706 1.41507e-5 0.007790565 -0.9999697 1.837e-4 0.007763564 -0.9999698 2.40987e-4 0.007654786 -0.9999707 1.56865e-4 0.007795631 -0.9999696 -1.14928e-4 0.007755637 -0.99997 3.06966e-5 0.007799804 -0.9999696 1.14087e-4 0.007796287 -0.9999696 -6.49934e-5 0.007758915 -0.9999699 1.45687e-5 0.007805287 -0.9999696 3.114e-4 0.007716894 -0.9999702 -7.71666e-5 0.007650315 -0.9999708 -1.73807e-4 0.007661223 -0.9999707 -4.5549e-5 0.007846832 -0.9999693 -1.35792e-4 0.00775212 -0.99997 1.23823e-4 0.00781095 -0.9999695 -6.18695e-5 0.007816195 -0.9999695 4.4417e-5 0.007773339 -0.9999698 4.13798e-5 0.007783353 -0.9999698 9.33718e-5 0.007703602 -0.9999703 -3.81588e-5 0.007767915 -0.9999698 -9.45015e-5 0.007646858 -0.9999709 -1.03653e-5 0.007788002 -0.9999697 2.52848e-4 0.007550776 -0.9999715 -0.993047 0.1177153 8.76811e-4 -0.9841972 0.1755055 0.02353256 -0.9841971 0.1755055 0.02353256 -0.9841972 0.1755055 0.0235325 -0.9654972 0.2602938 0.007900118 -0.9654971 0.2602939 0.007900476 -0.9654971 0.2602939 0.007900297 -0.9189884 0.3942433 -0.005715787 -0.8416373 0.5390658 0.03247892 -0.795465 0.6059557 0.007305443 -0.6281837 0.7780558 0.003807127 -0.6281837 0.7780559 0.003807187 -0.6281837 0.7780559 0.003807187 -0.5388913 0.8419775 0.02588349 -0.5179772 0.8551142 0.02189517 -0.5179773 0.8551141 0.02189528 -0.5179774 0.8551141 0.02189517 -0.3959733 0.9182618 7.42976e-4 -0.3959732 0.9182618 7.42973e-4 -0.3959732 0.9182618 7.42993e-4 -0.1763902 0.9841774 0.01678031 -0.1351717 0.9907914 0.007805705 -0.1351717 0.9907914 0.007805705 -0.1351717 0.9907914 0.007805705 1.1861e-4 0.8699051 -0.4932191 -1.20373e-5 0.8699014 -0.4932258 3.82424e-6 0.8698724 -0.4932771 1.20621e-5 0.8699009 -0.4932267 -1.35668e-4 0.869903 -0.4932229 1.34831e-4 0.8699032 -0.4932225 -7.74971e-5 0.8699075 -0.4932149 2.70441e-6 0.869891 -0.493244 2.21769e-4 0.8698839 -0.4932565 -2.74294e-4 0.8699313 -0.493173 2.49556e-4 0.8699336 -0.4931689 -5.92949e-5 0.8698834 -0.4932574 -3.97415e-6 0.8698891 -0.4932473 1.26178e-4 0.8698816 -0.4932605 -1.44817e-4 0.8699289 -0.4931771 6.17729e-5 0.8699123 -0.4932065 -0.7018734 0.5491848 -0.4536187 -0.7018536 0.5491943 -0.4536377 -0.7018123 0.5492143 -0.4536774 -0.7017954 0.5492225 -0.4536937 -0.7015887 0.361113 -0.6143051 -0.7015626 0.3611154 -0.6143335 -0.7015082 0.3611204 -0.6143927 -0.7014859 0.3611224 -0.614417 -0.7018412 0.1291562 -0.7005267 -0.7017781 0.1291515 -0.7005908 -0.7016094 0.1293668 -0.70072 -0.7016823 0.1290612 -0.7007034 0 0.9208396 0.3899418 0 0.9268832 -0.3753499 -0.008739888 0.9423049 -0.3346418 0 0.977934 -0.2089141 0 0.9968361 -0.07948523 0 0.9968361 -0.07948529 0 0.9968361 -0.07948523 0 0.9968627 -0.07915079 0 0.9904029 0.1382108 0 0.9904029 0.1382108 0 0.9904029 0.1382108 0.008806943 0.9954565 0.09481078 0.008807003 0.9954564 0.09481072 0.008806943 0.9954564 0.09481072 -0.008728563 0.9368838 0.349532 -0.7039256 0.6540493 0.2769625 -0.7039635 0.6540045 0.2769723 -0.7040098 0.6539495 0.2769842 -0.7040435 0.6539096 0.2769928 -0.7041 0.7032521 0.09838515 -0.7040951 0.7032561 0.098392 -0.7040883 0.7032618 0.09839951 -0.704083 0.7032665 0.09840434 -1 1.01387e-6 0 -1 -1.06819e-6 0 -1 1.91932e-6 0 -1 2.19392e-7 0 -1 -5.98866e-7 0 -1 -6.46742e-7 0 -1 0 0 -1 0 0 -1 0 0 -1 -4.27132e-6 0 -1 -1.39142e-6 0 -1 3.51671e-7 0 -1 1.10422e-5 0 -1 4.93721e-6 0 -1 5.01406e-6 0 -1 -2.95355e-6 0 -1 1.31081e-6 0 -1 -8.00214e-6 0 -1 -6.34625e-7 0 -1 0 0 -1 -1.2326e-7 0 -1 -1.36308e-7 0 -1 -9.86034e-7 0 -1 -8.70088e-7 0 -1 -2.90525e-6 0 -1 3.03291e-6 0 -1 0 0 -1 -1.77548e-6 0 -1 -4.41699e-7 0 -1 -2.65391e-6 0 -1 -7.67336e-7 0 -1 6.34559e-7 0 -1 -1.37266e-6 0 -1 -1.97147e-6 0 -1 9.61948e-7 0 -1 5.92217e-7 0 -1 2.01671e-7 0 -1 -4.0123e-7 0 -1 -6.16636e-7 0 -1 -9.45374e-7 0 -1 -2.68848e-7 0 -1 -3.13575e-7 0 -1 0 0 -1 0 0 -1 1.76782e-6 0 -1 2.4669e-6 0 -1 -7.9569e-7 0 -1 -6.29552e-6 0 -1 1.10001e-6 0 -1 2.61739e-7 0 -1 -5.45149e-7 0 -1 -1.50369e-6 0 -1 1.48147e-6 0 -1 1.71704e-6 0 -1 0 0 -1 -2.72826e-7 0 -0.7072683 0.6149677 -0.3486922 -0.7072685 0.6149675 -0.3486924 -0.7072758 0.6149575 -0.3486952 -0.7072759 0.6149572 -0.3486952 -0.7038679 0.6583383 -0.2667596 -0.7041863 0.6581045 -0.2664961 -0.7041887 0.6581009 -0.2664988 -0.7057942 0.7061682 -0.05640274 -0.7057941 0.7061682 -0.05640274 -0.7057942 0.7061682 -0.05640274 -0.6752059 0.7320671 -0.09041506 -0.706851 0.691757 -0.1477631 -0.7041945 0.658092 -0.2665055</float_array>
          <technique_common>
            <accessor source="#left_gripper_link-mesh-normals-array" count="4430" stride="3">
              <param name="X" type="float"/>
              <param name="Y" type="float"/>
              <param name="Z" type="float"/>
            </accessor>
          </technique_common>
        </source>
        <source id="left_gripper_link-mesh-map-0">
          <float_array id="left_gripper_link-mesh-map-0-array" count="16248">0.463819 0.248031 0.463819 0.248031 0.463819 0.248031 0.463819 0.248031 0.463819 0.248031 0.463819 0.248031 0.463819 0.248031 0.463819 0.248031 0.463819 0.248031 0.463819 0.248031 0.463819 0.248031 0.463819 0.248031 0.463819 0.248031 0.463819 0.248031 0.463819 0.248031 0.463819 0.248031 0.463819 0.248031 0.463819 0.248031 0.463819 0.248031 0.463819 0.248031 0.463819 0.248031 0.463819 0.248031 0.463819 0.248031 0.463819 0.248031 0.463819 0.248031 0.463819 0.248031 0.463819 0.248031 0.463819 0.248031 0.463819 0.248031 0.463819 0.248031 0.463819 0.248031 0.463819 0.248031 0.463819 0.248031 0.463819 0.248031 0.463819 0.248031 0.463819 0.248031 0.463819 0.248031 0.463819 0.248031 0.463819 0.248031 0.463819 0.248031 0.463819 0.248031 0.463819 0.248031 0.463819 0.248031 0.463819 0.248031 0.463819 0.248031 0.463819 0.248031 0.463819 0.248031 0.463819 0.248031 0.463819 0.248031 0.463819 0.248031 0.463819 0.248031 0.463819 0.248031 0.463819 0.248031 0.463819 0.248031 0.463819 0.248031 0.463819 0.248031 0.463819 0.248031 0.463819 0.248031 0.463819 0.248031 0.463819 0.248031 0.463819 0.248031 0.463819 0.248031 0.463819 0.248031 0.463819 0.248031 0.463819 0.248031 0.463819 0.248031 0.463819 0.248031 0.463819 0.248031 0.463819 0.248031 0.463819 0.248031 0.463819 0.248031 0.463819 0.248031 0.463819 0.248031 0.463819 0.248031 0.463819 0.248031 0.463819 0.248031 0.463819 0.248031 0.463819 0.248031 0.463819 0.248031 0.463819 0.248031 0.463819 0.248031 0.463819 0.248031 0.463819 0.248031 0.463819 0.248031 0.463819 0.248031 0.463819 0.248031 0.463819 0.248031 0.463819 0.248031 0.463819 0.248031 0.463819 0.248031 0.463819 0.248031 0.463819 0.248031 0.463819 0.248031 0.463819 0.248031 0.463819 0.248031 0.463819 0.248031 0.463819 0.248031 0.463819 0.248031 0.463819 0.248031 0.463819 0.248031 0.463819 0.248031 0.463819 0.248031 0.463819 0.248031 0.463819 0.248031 0.463819 0.248031 0.463819 0.248031 0.463819 0.248031 0.463819 0.248031 0.463819 0.248031 0.463819 0.248031 0.463819 0.248031 0.463819 0.248031 0.463819 0.248031 0.463819 0.248031 0.463819 0.248031 0.463819 0.248031 0.463819 0.248031 0.463819 0.248031 0.463819 0.248031 0.463819 0.248031 0.463819 0.248031 0.463819 0.248031 0.463819 0.248031 0.463819 0.248031 0.463819 0.248031 0.463819 0.248031 0.463819 0.248031 0.463819 0.248031 0.463819 0.248031 0.463819 0.248031 0.463819 0.248031 0.463819 0.248031 0.463819 0.248031 0.463819 0.248031 0.463819 0.248031 0.463819 0.248031 0.463819 0.248031 0.463819 0.248031 0.463819 0.248031 0.463819 0.248031 0.463819 0.248031 0.463819 0.248031 0.463819 0.248031 0.463819 0.248031 0.463819 0.248031 0.463819 0.248031 0.463819 0.248031 0.463819 0.248031 0.463819 0.248031 0.463819 0.248031 0.463819 0.248031 0.463819 0.248031 0.463819 0.248031 0.463819 0.248031 0.463819 0.248031 0.463819 0.248031 0.463819 0.248031 0.463819 0.248031 0.463819 0.248031 0.463819 0.248031 0.463819 0.248031 0.463819 0.248031 0.463819 0.248031 0.463819 0.248031 0.463819 0.248031 0.463819 0.248031 0.463819 0.248031 0.463819 0.248031 0.463819 0.248031 0.463819 0.248031 0.463819 0.248031 0.463819 0.248031 0.463819 0.248031 0.463819 0.248031 0.463819 0.248031 0.463819 0.248031 0.463819 0.248031 0.463819 0.248031 0.463819 0.248031 0.463819 0.248031 0.463819 0.248031 0.463819 0.248031 0.463819 0.248031 0.463819 0.248031 0.463819 0.248031 0.463819 0.248031 0.463819 0.248031 0.463819 0.248031 0.463819 0.248031 0.463819 0.248031 0.463819 0.248031 0.463819 0.248031 0.463819 0.248031 0.463819 0.248031 0.463819 0.248031 0.463819 0.248031 0.463819 0.248031 0.463819 0.248031 0.463819 0.248031 0.463819 0.248031 0.463819 0.248031 0.463819 0.248031 0.463819 0.248031 0.463819 0.248031 0.463819 0.248031 0.463819 0.248031 0.463819 0.248031 0.463819 0.248031 0.463819 0.248031 0.463819 0.248031 0.463819 0.248031 0.463819 0.248031 0.463819 0.248031 0.463819 0.248031 0.463819 0.248031 0.463819 0.248031 0.463819 0.248031 0.463819 0.248031 0.463819 0.248031 0.463819 0.248031 0.463819 0.248031 0.463819 0.248031 0.463819 0.248031 0.463819 0.248031 0.463819 0.248031 0.463819 0.248031 0.463819 0.248031 0.463819 0.248031 0.463819 0.248031 0.463819 0.248031 0.463819 0.248031 0.463819 0.248031 0.463819 0.248031 0.463819 0.248031 0.463819 0.248031 0.463819 0.248031 0.463819 0.248031 0.463819 0.248031 0.463819 0.248031 0.463819 0.248031 0.463819 0.248031 0.463819 0.248031 0.463819 0.248031 0.463819 0.248031 0.463819 0.248031 0.463819 0.248031 0.463819 0.248031 0.463819 0.248031 0.463819 0.248031 0.463819 0.248031 0.463819 0.248031 0.463819 0.248031 0.463819 0.248031 0.463819 0.248031 0.463819 0.248031 0.463819 0.248031 0.463819 0.248031 0.463819 0.248031 0.463819 0.248031 0.463819 0.248031 0.463819 0.248031 0.463819 0.248031 0.463819 0.248031 0.463819 0.248031 0.463819 0.248031 0.463819 0.248031 0.463819 0.248031 0.463819 0.248031 0.463819 0.248031 0.463819 0.248031 0.463819 0.248031 0.463819 0.248031 0.463819 0.248031 0.463819 0.248031 0.463819 0.248031 0.463819 0.248031 0.463819 0.248031 0.463819 0.248031 0.463819 0.248031 0.463819 0.248031 0.463819 0.248031 0.463819 0.248031 0.463819 0.248031 0.463819 0.248031 0.463819 0.248031 0.463819 0.248031 0.463819 0.248031 0.463819 0.248031 0.463819 0.248031 0.463819 0.248031 0.463819 0.248031 0.463819 0.248031 0.463819 0.248031 0.463819 0.248031 0.463819 0.248031 0.463819 0.248031 0.463819 0.248031 0.463819 0.248031 0.463819 0.248031 0.463819 0.248031 0.463819 0.248031 0.463819 0.248031 0.463819 0.248031 0.463819 0.248031 0.463819 0.248031 0.463819 0.248031 0.463819 0.248031 0.463819 0.248031 0.463819 0.248031 0.463819 0.248031 0.463819 0.248031 0.463819 0.248031 0.463819 0.248031 0.463819 0.248031 0.463819 0.248031 0.463819 0.248031 0.463819 0.248031 0.463819 0.248031 0.463819 0.248031 0.463819 0.248031 0.463819 0.248031 0.463819 0.248031 0.463819 0.248031 0.463819 0.248031 0.463819 0.248031 0.463819 0.248031 0.463819 0.248031 0.463819 0.248031 0.463819 0.248031 0.463819 0.248031 0.463819 0.248031 0.463819 0.248031 0.463819 0.248031 0.463819 0.248031 0.463819 0.248031 0.463819 0.248031 0.463819 0.248031 0.463819 0.248031 0.463819 0.248031 0.463819 0.248031 0.463819 0.248031 0.463819 0.248031 0.463819 0.248031 0.463819 0.248031 0.463819 0.248031 0.463819 0.248031 0.463819 0.248031 0.463819 0.248031 0.463819 0.248031 0.463819 0.248031 0.463819 0.248031 0.463819 0.248031 0.463819 0.248031 0.463819 0.248031 0.463819 0.248031 0.463819 0.248031 0.463819 0.248031 0.463819 0.248031 0.463819 0.248031 0.463819 0.248031 0.463819 0.248031 0.463819 0.248031 0.463819 0.248031 0.463819 0.248031 0.463819 0.248031 0.463819 0.248031 0.463819 0.248031 0.463819 0.248031 0.463819 0.248031 0.463819 0.248031 0.463819 0.248031 0.463819 0.248031 0.463819 0.248031 0.463819 0.248031 0.463819 0.248031 0.463819 0.248031 0.463819 0.248031 0.463819 0.248031 0.463819 0.248031 0.463819 0.248031 0.463819 0.248031 0.463819 0.248031 0.463819 0.248031 0.463819 0.248031 0.463819 0.248031 0.463819 0.248031 0.463819 0.248031 0.463819 0.248031 0.463819 0.248031 0.463819 0.248031 0.463819 0.248031 0.463819 0.248031 0.463819 0.248031 0.463819 0.248031 0.463819 0.248031 0.463819 0.248031 0.463819 0.248031 0.463819 0.248031 0.463819 0.248031 0.463819 0.248031 0.463819 0.248031 0.463819 0.248031 0.463819 0.248031 0.463819 0.248031 0.463819 0.248031 0.463819 0.248031 0.463819 0.248031 0.463819 0.248031 0.463819 0.248031 0.463819 0.248031 0.463819 0.248031 0.463819 0.248031 0.463819 0.248031 0.463819 0.248031 0.463819 0.248031 0.463819 0.248031 0.463819 0.248031 0.463819 0.248031 0.463819 0.248031 0.463819 0.248031 0.463819 0.248031 0.463819 0.248031 0.463819 0.248031 0.463819 0.248031 0.463819 0.248031 0.463819 0.248031 0.463819 0.248031 0.463819 0.248031 0.463819 0.248031 0.463819 0.248031 0.463819 0.248031 0.463819 0.248031 0.463819 0.248031 0.463819 0.248031 0.463819 0.248031 0.463819 0.248031 0.463819 0.248031 0.463819 0.248031 0.463819 0.248031 0.463819 0.248031 0.463819 0.248031 0.463819 0.248031 0.463819 0.248031 0.463819 0.248031 0.463819 0.248031 0.463819 0.248031 0.463819 0.248031 0.463819 0.248031 0.463819 0.248031 0.463819 0.248031 0.463819 0.248031 0.463819 0.248031 0.463819 0.248031 0.463819 0.248031 0.463819 0.248031 0.463819 0.248031 0.463819 0.248031 0.463819 0.248031 0.463819 0.248031 0.463819 0.248031 0.463819 0.248031 0.463819 0.248031 0.463819 0.248031 0.463819 0.248031 0.463819 0.248031 0.463819 0.248031 0.463819 0.248031 0.463819 0.248031 0.463819 0.248031 0.463819 0.248031 0.463819 0.248031 0.463819 0.248031 0.463819 0.248031 0.463819 0.248031 0.463819 0.248031 0.463819 0.248031 0.463819 0.248031 0.463819 0.248031 0.463819 0.248031 0.463819 0.248031 0.463819 0.248031 0.463819 0.248031 0.463819 0.248031 0.463819 0.248031 0.463819 0.248031 0.463819 0.248031 0.463819 0.248031 0.463819 0.248031 0.463819 0.248031 0.463819 0.248031 0.463819 0.248031 0.463819 0.248031 0.463819 0.248031 0.463819 0.248031 0.463819 0.248031 0.463819 0.248031 0.463819 0.248031 0.463819 0.248031 0.463819 0.248031 0.463819 0.248031 0.463819 0.248031 0.463819 0.248031 0.463819 0.248031 0.463819 0.248031 0.463819 0.248031 0.463819 0.248031 0.463819 0.248031 0.463819 0.248031 0.463819 0.248031 0.463819 0.248031 0.463819 0.248031 0.463819 0.248031 0.463819 0.248031 0.463819 0.248031 0.463819 0.248031 0.463819 0.248031 0.463819 0.248031 0.463819 0.248031 0.463819 0.248031 0.463819 0.248031 0.463819 0.248031 0.463819 0.248031 0.463819 0.248031 0.463819 0.248031 0.463819 0.248031 0.463819 0.248031 0.463819 0.248031 0.463819 0.248031 0.463819 0.248031 0.463819 0.248031 0.463819 0.248031 0.463819 0.248031 0.463819 0.248031 0.463819 0.248031 0.463819 0.248031 0.463819 0.248031 0.463819 0.248031 0.463819 0.248031 0.463819 0.248031 0.463819 0.248031 0.463819 0.248031 0.463819 0.248031 0.463819 0.248031 0.463819 0.248031 0.463819 0.248031 0.463819 0.248031 0.463819 0.248031 0.463819 0.248031 0.463819 0.248031 0.463819 0.248031 0.463819 0.248031 0.463819 0.248031 0.463819 0.248031 0.463819 0.248031 0.463819 0.248031 0.463819 0.248031 0.463819 0.248031 0.463819 0.248031 0.463819 0.248031 0.463819 0.248031 0.463819 0.248031 0.463819 0.248031 0.463819 0.248031 0.463819 0.248031 0.463819 0.248031 0.463819 0.248031 0.463819 0.248031 0.463819 0.248031 0.463819 0.248031 0.463819 0.248031 0.463819 0.248031 0.463819 0.248031 0.463819 0.248031 0.463819 0.248031 0.463819 0.248031 0.463819 0.248031 0.463819 0.248031 0.463819 0.248031 0.463819 0.248031 0.463819 0.248031 0.463819 0.248031 0.463819 0.248031 0.463819 0.248031 0.463819 0.248031 0.463819 0.248031 0.463819 0.248031 0.463819 0.248031 0.463819 0.248031 0.463819 0.248031 0.463819 0.248031 0.463819 0.248031 0.463819 0.248031 0.463819 0.248031 0.463819 0.248031 0.463819 0.248031 0.463819 0.248031 0.463819 0.248031 0.463819 0.248031 0.463819 0.248031 0.463819 0.248031 0.463819 0.248031 0.463819 0.248031 0.463819 0.248031 0.463819 0.248031 0.463819 0.248031 0.463819 0.248031 0.463819 0.248031 0.463819 0.248031 0.463819 0.248031 0.463819 0.248031 0.463819 0.248031 0.463819 0.248031 0.463819 0.248031 0.463819 0.248031 0.463819 0.248031 0.463819 0.248031 0.463819 0.248031 0.463819 0.248031 0.463819 0.248031 0.463819 0.248031 0.463819 0.248031 0.463819 0.248031 0.463819 0.248031 0.463819 0.248031 0.463819 0.248031 0.463819 0.248031 0.463819 0.248031 0.463819 0.248031 0.463819 0.248031 0.463819 0.248031 0.463819 0.248031 0.463819 0.248031 0.463819 0.248031 0.463819 0.248031 0.463819 0.248031 0.463819 0.248031 0.463819 0.248031 0.463819 0.248031 0.463819 0.248031 0.463819 0.248031 0.463819 0.248031 0.463819 0.248031 0.463819 0.248031 0.463819 0.248031 0.463819 0.248031 0.463819 0.248031 0.463819 0.248031 0.463819 0.248031 0.463819 0.248031 0.463819 0.248031 0.463819 0.248031 0.463819 0.248031 0.463819 0.248031 0.463819 0.248031 0.463819 0.248031 0.463819 0.248031 0.463819 0.248031 0.463819 0.248031 0.463819 0.248031 0.463819 0.248031 0.463819 0.248031 0.463819 0.248031 0.463819 0.248031 0.463819 0.248031 0.463819 0.248031 0.463819 0.248031 0.463819 0.248031 0.463819 0.248031 0.463819 0.248031 0.463819 0.248031 0.463819 0.248031 0.463819 0.248031 0.463819 0.248031 0.463819 0.248031 0.463819 0.248031 0.463819 0.248031 0.463819 0.248031 0.463819 0.248031 0.463819 0.248031 0.463819 0.248031 0.463819 0.248031 0.463819 0.248031 0.463819 0.248031 0.463819 0.248031 0.463819 0.248031 0.463819 0.248031 0.463819 0.248031 0.463819 0.248031 0.463819 0.248031 0.463819 0.248031 0.463819 0.248031 0.463819 0.248031 0.463819 0.248031 0.463819 0.248031 0.463819 0.248031 0.463819 0.248031 0.463819 0.248031 0.463819 0.248031 0.463819 0.248031 0.463819 0.248031 0.463819 0.248031 0.463819 0.248031 0.463819 0.248031 0.463819 0.248031 0.463819 0.248031 0.463819 0.248031 0.463819 0.248031 0.463819 0.248031 0.463819 0.248031 0.463819 0.248031 0.463819 0.248031 0.463819 0.248031 0.463819 0.248031 0.463819 0.248031 0.463819 0.248031 0.463819 0.248031 0.463819 0.248031 0.463819 0.248031 0.463819 0.248031 0.463819 0.248031 0.463819 0.248031 0.463819 0.248031 0.463819 0.248031 0.463819 0.248031 0.463819 0.248031 0.463819 0.248031 0.463819 0.248031 0.463819 0.248031 0.463819 0.248031 0.463819 0.248031 0.463819 0.248031 0.463819 0.248031 0.463819 0.248031 0.463819 0.248031 0.463819 0.248031 0.463819 0.248031 0.463819 0.248031 0.463819 0.248031 0.463819 0.248031 0.463819 0.248031 0.463819 0.248031 0.463819 0.248031 0.463819 0.248031 0.463819 0.248031 0.463819 0.248031 0.463819 0.248031 0.463819 0.248031 0.463819 0.248031 0.463819 0.248031 0.463819 0.248031 0.463819 0.248031 0.463819 0.248031 0.463819 0.248031 0.463819 0.248031 0.463819 0.248031 0.463819 0.248031 0.463819 0.248031 0.463819 0.248031 0.463819 0.248031 0.463819 0.248031 0.463819 0.248031 0.463819 0.248031 0.463819 0.248031 0.463819 0.248031 0.463819 0.248031 0.463819 0.248031 0.463819 0.248031 0.463819 0.248031 0.463819 0.248031 0.463819 0.248031 0.463819 0.248031 0.463819 0.248031 0.463819 0.248031 0.463819 0.248031 0.463819 0.248031 0.463819 0.248031 0.463819 0.248031 0.463819 0.248031 0.463819 0.248031 0.463819 0.248031 0.463819 0.248031 0.463819 0.248031 0.463819 0.248031 0.463819 0.248031 0.463819 0.248031 0.463819 0.248031 0.463819 0.248031 0.463819 0.248031 0.463819 0.248031 0.463819 0.248031 0.463819 0.248031 0.463819 0.248031 0.463819 0.248031 0.463819 0.248031 0.463819 0.248031 0.463819 0.248031 0.463819 0.248031 0.463819 0.248031 0.463819 0.248031 0.463819 0.248031 0.463819 0.248031 0.463819 0.248031 0.463819 0.248031 0.463819 0.248031 0.463819 0.248031 0.463819 0.248031 0.463819 0.248031 0.463819 0.248031 0.463819 0.248031 0.463819 0.248031 0.463819 0.248031 0.463819 0.248031 0.463819 0.248031 0.463819 0.248031 0.463819 0.248031 0.463819 0.248031 0.463819 0.248031 0.463819 0.248031 0.463819 0.248031 0.463819 0.248031 0.463819 0.248031 0.463819 0.248031 0.463819 0.248031 0.463819 0.248031 0.463819 0.248031 0.463819 0.248031 0.463819 0.248031 0.463819 0.248031 0.463819 0.248031 0.463819 0.248031 0.463819 0.248031 0.463819 0.248031 0.463819 0.248031 0.463819 0.248031 0.463819 0.248031 0.463819 0.248031 0.463819 0.248031 0.463819 0.248031 0.463819 0.248031 0.463819 0.248031 0.463819 0.248031 0.463819 0.248031 0.463819 0.248031 0.463819 0.248031 0.463819 0.248031 0.463819 0.248031 0.463819 0.248031 0.463819 0.248031 0.463819 0.248031 0.463819 0.248031 0.463819 0.248031 0.463819 0.248031 0.463819 0.248031 0.463819 0.248031 0.463819 0.248031 0.463819 0.248031 0.463819 0.248031 0.463819 0.248031 0.463819 0.248031 0.463819 0.248031 0.463819 0.248031 0.463819 0.248031 0.463819 0.248031 0.463819 0.248031 0.463819 0.248031 0.463819 0.248031 0.463819 0.248031 0.463819 0.248031 0.463819 0.248031 0.463819 0.248031 0.463819 0.248031 0.463819 0.248031 0.463819 0.248031 0.463819 0.248031 0.463819 0.248031 0.463819 0.248031 0.463819 0.248031 0.463819 0.248031 0.463819 0.248031 0.463819 0.248031 0.463819 0.248031 0.463819 0.248031 0.463819 0.248031 0.463819 0.248031 0.463819 0.248031 0.463819 0.248031 0.463819 0.248031 0.463819 0.248031 0.463819 0.248031 0.463819 0.248031 0.463819 0.248031 0.463819 0.248031 0.463819 0.248031 0.463819 0.248031 0.463819 0.248031 0.463819 0.248031 0.463819 0.248031 0.463819 0.248031 0.463819 0.248031 0.463819 0.248031 0.463819 0.248031 0.463819 0.248031 0.463819 0.248031 0.463819 0.248031 0.463819 0.248031 0.463819 0.248031 0.463819 0.248031 0.463819 0.248031 0.463819 0.248031 0.463819 0.248031 0.463819 0.248031 0.463819 0.248031 0.463819 0.248031 0.463819 0.248031 0.463819 0.248031 0.463819 0.248031 0.463819 0.248031 0.463819 0.248031 0.463819 0.248031 0.463819 0.248031 0.463819 0.248031 0.463819 0.248031 0.463819 0.248031 0.463819 0.248031 0.463819 0.248031 0.463819 0.248031 0.463819 0.248031 0.463819 0.248031 0.463819 0.248031 0.463819 0.248031 0.463819 0.248031 0.463819 0.248031 0.463819 0.248031 0.463819 0.248031 0.463819 0.248031 0.463819 0.248031 0.463819 0.248031 0.463819 0.248031 0.463819 0.248031 0.463819 0.248031 0.463819 0.248031 0.463819 0.248031 0.463819 0.248031 0.463819 0.248031 0.463819 0.248031 0.463819 0.248031 0.463819 0.248031 0.463819 0.248031 0.463819 0.248031 0.463819 0.248031 0.463819 0.248031 0.463819 0.248031 0.463819 0.248031 0.463819 0.248031 0.463819 0.248031 0.463819 0.248031 0.463819 0.248031 0.463819 0.248031 0.463819 0.248031 0.463819 0.248031 0.463819 0.248031 0.463819 0.248031 0.463819 0.248031 0.463819 0.248031 0.463819 0.248031 0.463819 0.248031 0.463819 0.248031 0.463819 0.248031 0.463819 0.248031 0.463819 0.248031 0.463819 0.248031 0.463819 0.248031 0.463819 0.248031 0.463819 0.248031 0.463819 0.248031 0.463819 0.248031 0.463819 0.248031 0.463819 0.248031 0.463819 0.248031 0.463819 0.248031 0.463819 0.248031 0.463819 0.248031 0.463819 0.248031 0.463819 0.248031 0.463819 0.248031 0.463819 0.248031 0.463819 0.248031 0.463819 0.248031 0.463819 0.248031 0.463819 0.248031 0.463819 0.248031 0.463819 0.248031 0.463819 0.248031 0.463819 0.248031 0.463819 0.248031 0.463819 0.248031 0.463819 0.248031 0.463819 0.248031 0.463819 0.248031 0.463819 0.248031 0.463819 0.248031 0.463819 0.248031 0.463819 0.248031 0.463819 0.248031 0.463819 0.248031 0.463819 0.248031 0.463819 0.248031 0.463819 0.248031 0.463819 0.248031 0.463819 0.248031 0.463819 0.248031 0.463819 0.248031 0.463819 0.248031 0.463819 0.248031 0.463819 0.248031 0.463819 0.248031 0.463819 0.248031 0.463819 0.248031 0.463819 0.248031 0.463819 0.248031 0.463819 0.248031 0.463819 0.248031 0.463819 0.248031 0.463819 0.248031 0.463819 0.248031 0.463819 0.248031 0.463819 0.248031 0.463819 0.248031 0.463819 0.248031 0.463819 0.248031 0.463819 0.248031 0.463819 0.248031 0.463819 0.248031 0.463819 0.248031 0.463819 0.248031 0.463819 0.248031 0.463819 0.248031 0.463819 0.248031 0.463819 0.248031 0.463819 0.248031 0.463819 0.248031 0.463819 0.248031 0.463819 0.248031 0.463819 0.248031 0.463819 0.248031 0.463819 0.248031 0.463819 0.248031 0.463819 0.248031 0.463819 0.248031 0.463819 0.248031 0.463819 0.248031 0.463819 0.248031 0.463819 0.248031 0.463819 0.248031 0.463819 0.248031 0.463819 0.248031 0.463819 0.248031 0.463819 0.248031 0.463819 0.248031 0.463819 0.248031 0.463819 0.248031 0.463819 0.248031 0.463819 0.248031 0.463819 0.248031 0.463819 0.248031 0.463819 0.248031 0.463819 0.248031 0.463819 0.248031 0.463819 0.248031 0.463819 0.248031 0.463819 0.248031 0.463819 0.248031 0.463819 0.248031 0.463819 0.248031 0.463819 0.248031 0.463819 0.248031 0.463819 0.248031 0.463819 0.248031 0.463819 0.248031 0.463819 0.248031 0.463819 0.248031 0.463819 0.248031 0.463819 0.248031 0.463819 0.248031 0.463819 0.248031 0.463819 0.248031 0.463819 0.248031 0.463819 0.248031 0.463819 0.248031 0.463819 0.248031 0.463819 0.248031 0.463819 0.248031 0.463819 0.248031 0.463819 0.248031 0.463819 0.248031 0.463819 0.248031 0.463819 0.248031 0.463819 0.248031 0.463819 0.248031 0.463819 0.248031 0.463819 0.248031 0.463819 0.248031 0.463819 0.248031 0.463819 0.248031 0.463819 0.248031 0.463819 0.248031 0.463819 0.248031 0.463819 0.248031 0.463819 0.248031 0.463819 0.248031 0.463819 0.248031 0.463819 0.248031 0.463819 0.248031 0.463819 0.248031 0.463819 0.248031 0.463819 0.248031 0.463819 0.248031 0.463819 0.248031 0.463819 0.248031 0.463819 0.248031 0.463819 0.248031 0.463819 0.248031 0.463819 0.248031 0.463819 0.248031 0.463819 0.248031 0.463819 0.248031 0.463819 0.248031 0.463819 0.248031 0.463819 0.248031 0.463819 0.248031 0.463819 0.248031 0.463819 0.248031 0.463819 0.248031 0.463819 0.248031 0.463819 0.248031 0.463819 0.248031 0.463819 0.248031 0.463819 0.248031 0.463819 0.248031 0.463819 0.248031 0.463819 0.248031 0.463819 0.248031 0.463819 0.248031 0.463819 0.248031 0.463819 0.248031 0.463819 0.248031 0.463819 0.248031 0.463819 0.248031 0.463819 0.248031 0.463819 0.248031 0.463819 0.248031 0.463819 0.248031 0.463819 0.248031 0.463819 0.248031 0.463819 0.248031 0.463819 0.248031 0.463819 0.248031 0.463819 0.248031 0.463819 0.248031 0.463819 0.248031 0.463819 0.248031 0.463819 0.248031 0.463819 0.248031 0.463819 0.248031 0.463819 0.248031 0.463819 0.248031 0.463819 0.248031 0.463819 0.248031 0.463819 0.248031 0.463819 0.248031 0.463819 0.248031 0.463819 0.248031 0.463819 0.248031 0.463819 0.248031 0.463819 0.248031 0.463819 0.248031 0.463819 0.248031 0.463819 0.248031 0.463819 0.248031 0.463819 0.248031 0.463819 0.248031 0.463819 0.248031 0.463819 0.248031 0.463819 0.248031 0.463819 0.248031 0.463819 0.248031 0.463819 0.248031 0.463819 0.248031 0.463819 0.248031 0.463819 0.248031 0.463819 0.248031 0.463819 0.248031 0.463819 0.248031 0.463819 0.248031 0.463819 0.248031 0.463819 0.248031 0.463819 0.248031 0.463819 0.248031 0.463819 0.248031 0.463819 0.248031 0.463819 0.248031 0.463819 0.248031 0.463819 0.248031 0.463819 0.248031 0.463819 0.248031 0.463819 0.248031 0.463819 0.248031 0.463819 0.248031 0.463819 0.248031 0.463819 0.248031 0.463819 0.248031 0.463819 0.248031 0.463819 0.248031 0.463819 0.248031 0.463819 0.248031 0.463819 0.248031 0.463819 0.248031 0.463819 0.248031 0.463819 0.248031 0.463819 0.248031 0.463819 0.248031 0.463819 0.248031 0.463819 0.248031 0.463819 0.248031 0.463819 0.248031 0.463819 0.248031 0.463819 0.248031 0.463819 0.248031 0.463819 0.248031 0.463819 0.248031 0.463819 0.248031 0.463819 0.248031 0.463819 0.248031 0.463819 0.248031 0.463819 0.248031 0.463819 0.248031 0.463819 0.248031 0.463819 0.248031 0.463819 0.248031 0.463819 0.248031 0.463819 0.248031 0.463819 0.248031 0.463819 0.248031 0.463819 0.248031 0.463819 0.248031 0.463819 0.248031 0.463819 0.248031 0.463819 0.248031 0.463819 0.248031 0.463819 0.248031 0.463819 0.248031 0.463819 0.248031 0.463819 0.248031 0.463819 0.248031 0.463819 0.248031 0.463819 0.248031 0.463819 0.248031 0.463819 0.248031 0.463819 0.248031 0.463819 0.248031 0.463819 0.248031 0.463819 0.248031 0.463819 0.248031 0.463819 0.248031 0.463819 0.248031 0.463819 0.248031 0.463819 0.248031 0.463819 0.248031 0.463819 0.248031 0.463819 0.248031 0.463819 0.248031 0.463819 0.248031 0.463819 0.248031 0.463819 0.248031 0.463819 0.248031 0.463819 0.248031 0.463819 0.248031 0.463819 0.248031 0.463819 0.248031 0.463819 0.248031 0.463819 0.248031 0.463819 0.248031 0.463819 0.248031 0.463819 0.248031 0.463819 0.248031 0.463819 0.248031 0.463819 0.248031 0.463819 0.248031 0.463819 0.248031 0.463819 0.248031 0.463819 0.248031 0.463819 0.248031 0.463819 0.248031 0.463819 0.248031 0.463819 0.248031 0.463819 0.248031 0.463819 0.248031 0.463819 0.248031 0.463819 0.248031 0.463819 0.248031 0.463819 0.248031 0.463819 0.248031 0.463819 0.248031 0.463819 0.248031 0.463819 0.248031 0.463819 0.248031 0.463819 0.248031 0.463819 0.248031 0.463819 0.248031 0.463819 0.248031 0.463819 0.248031 0.463819 0.248031 0.463819 0.248031 0.463819 0.248031 0.463819 0.248031 0.463819 0.248031 0.463819 0.248031 0.463819 0.248031 0.463819 0.248031 0.463819 0.248031 0.463819 0.248031 0.463819 0.248031 0.463819 0.248031 0.463819 0.248031 0.463819 0.248031 0.463819 0.248031 0.463819 0.248031 0.463819 0.248031 0.463819 0.248031 0.463819 0.248031 0.463819 0.248031 0.463819 0.248031 0.463819 0.248031 0.463819 0.248031 0.463819 0.248031 0.463819 0.248031 0.463819 0.248031 0.463819 0.248031 0.463819 0.248031 0.463819 0.248031 0.463819 0.248031 0.463819 0.248031 0.463819 0.248031 0.463819 0.248031 0.463819 0.248031 0.463819 0.248031 0.463819 0.248031 0.463819 0.248031 0.463819 0.248031 0.463819 0.248031 0.463819 0.248031 0.463819 0.248031 0.463819 0.248031 0.463819 0.248031 0.463819 0.248031 0.463819 0.248031 0.463819 0.248031 0.463819 0.248031 0.463819 0.248031 0.463819 0.248031 0.463819 0.248031 0.463819 0.248031 0.463819 0.248031 0.463819 0.248031 0.463819 0.248031 0.463819 0.248031 0.463819 0.248031 0.463819 0.248031 0.463819 0.248031 0.463819 0.248031 0.463819 0.248031 0.463819 0.248031 0.463819 0.248031 0.463819 0.248031 0.463819 0.248031 0.463819 0.248031 0.463819 0.248031 0.463819 0.248031 0.463819 0.248031 0.463819 0.248031 0.463819 0.248031 0.463819 0.248031 0.463819 0.248031 0.463819 0.248031 0.463819 0.248031 0.463819 0.248031 0.463819 0.248031 0.463819 0.248031 0.463819 0.248031 0.463819 0.248031 0.463819 0.248031 0.463819 0.248031 0.463819 0.248031 0.463819 0.248031 0.463819 0.248031 0.463819 0.248031 0.463819 0.248031 0.463819 0.248031 0.463819 0.248031 0.463819 0.248031 0.463819 0.248031 0.463819 0.248031 0.463819 0.248031 0.463819 0.248031 0.463819 0.248031 0.463819 0.248031 0.463819 0.248031 0.463819 0.248031 0.463819 0.248031 0.463819 0.248031 0.463819 0.248031 0.463819 0.248031 0.463819 0.248031 0.463819 0.248031 0.463819 0.248031 0.463819 0.248031 0.463819 0.248031 0.463819 0.248031 0.463819 0.248031 0.463819 0.248031 0.463819 0.248031 0.463819 0.248031 0.463819 0.248031 0.463819 0.248031 0.463819 0.248031 0.463819 0.248031 0.463819 0.248031 0.463819 0.248031 0.463819 0.248031 0.463819 0.248031 0.463819 0.248031 0.463819 0.248031 0.463819 0.248031 0.463819 0.248031 0.463819 0.248031 0.463819 0.248031 0.463819 0.248031 0.463819 0.248031 0.463819 0.248031 0.463819 0.248031 0.463819 0.248031 0.463819 0.248031 0.463819 0.248031 0.463819 0.248031 0.463819 0.248031 0.463819 0.248031 0.463819 0.248031 0.463819 0.248031 0.463819 0.248031 0.463819 0.248031 0.463819 0.248031 0.463819 0.248031 0.463819 0.248031 0.463819 0.248031 0.463819 0.248031 0.463819 0.248031 0.463819 0.248031 0.463819 0.248031 0.463819 0.248031 0.463819 0.248031 0.463819 0.248031 0.463819 0.248031 0.463819 0.248031 0.463819 0.248031 0.463819 0.248031 0.463819 0.248031 0.463819 0.248031 0.463819 0.248031 0.463819 0.248031 0.463819 0.248031 0.463819 0.248031 0.463819 0.248031 0.463819 0.248031 0.463819 0.248031 0.463819 0.248031 0.463819 0.248031 0.463819 0.248031 0.463819 0.248031 0.463819 0.248031 0.463819 0.248031 0.463819 0.248031 0.463819 0.248031 0.463819 0.248031 0.463819 0.248031 0.463819 0.248031 0.463819 0.248031 0.463819 0.248031 0.463819 0.248031 0.463819 0.248031 0.463819 0.248031 0.463819 0.248031 0.463819 0.248031 0.463819 0.248031 0.463819 0.248031 0.463819 0.248031 0.463819 0.248031 0.463819 0.248031 0.463819 0.248031 0.463819 0.248031 0.463819 0.248031 0.463819 0.248031 0.463819 0.248031 0.463819 0.248031 0.463819 0.248031 0.463819 0.248031 0.463819 0.248031 0.463819 0.248031 0.463819 0.248031 0.463819 0.248031 0.463819 0.248031 0.463819 0.248031 0.463819 0.248031 0.463819 0.248031 0.463819 0.248031 0.463819 0.248031 0.463819 0.248031 0.463819 0.248031 0.463819 0.248031 0.463819 0.248031 0.463819 0.248031 0.463819 0.248031 0.463819 0.248031 0.463819 0.248031 0.463819 0.248031 0.463819 0.248031 0.463819 0.248031 0.463819 0.248031 0.463819 0.248031 0.463819 0.248031 0.463819 0.248031 0.463819 0.248031 0.463819 0.248031 0.463819 0.248031 0.463819 0.248031 0.463819 0.248031 0.463819 0.248031 0.463819 0.248031 0.463819 0.248031 0.463819 0.248031 0.463819 0.248031 0.463819 0.248031 0.463819 0.248031 0.463819 0.248031 0.463819 0.248031 0.463819 0.248031 0.463819 0.248031 0.463819 0.248031 0.463819 0.248031 0.463819 0.248031 0.463819 0.248031 0.463819 0.248031 0.463819 0.248031 0.463819 0.248031 0.463819 0.248031 0.463819 0.248031 0.463819 0.248031 0.463819 0.248031 0.463819 0.248031 0.463819 0.248031 0.463819 0.248031 0.463819 0.248031 0.463819 0.248031 0.463819 0.248031 0.463819 0.248031 0.463819 0.248031 0.463819 0.248031 0.463819 0.248031 0.463819 0.248031 0.463819 0.248031 0.463819 0.248031 0.463819 0.248031 0.463819 0.248031 0.463819 0.248031 0.463819 0.248031 0.463819 0.248031 0.463819 0.248031 0.463819 0.248031 0.463819 0.248031 0.463819 0.248031 0.463819 0.248031 0.463819 0.248031 0.463819 0.248031 0.463819 0.248031 0.463819 0.248031 0.463819 0.248031 0.463819 0.248031 0.463819 0.248031 0.463819 0.248031 0.463819 0.248031 0.463819 0.248031 0.463819 0.248031 0.463819 0.248031 0.463819 0.248031 0.463819 0.248031 0.463819 0.248031 0.463819 0.248031 0.463819 0.248031 0.463819 0.248031 0.463819 0.248031 0.463819 0.248031 0.463819 0.248031 0.463819 0.248031 0.463819 0.248031 0.463819 0.248031 0.463819 0.248031 0.463819 0.248031 0.463819 0.248031 0.463819 0.248031 0.463819 0.248031 0.463819 0.248031 0.463819 0.248031 0.463819 0.248031 0.463819 0.248031 0.463819 0.248031 0.463819 0.248031 0.463819 0.248031 0.463819 0.248031 0.463819 0.248031 0.463819 0.248031 0.463819 0.248031 0.463819 0.248031 0.463819 0.248031 0.463819 0.248031 0.463819 0.248031 0.463819 0.248031 0.463819 0.248031 0.463819 0.248031 0.463819 0.248031 0.463819 0.248031 0.463819 0.248031 0.463819 0.248031 0.463819 0.248031 0.463819 0.248031 0.463819 0.248031 0.463819 0.248031 0.463819 0.248031 0.463819 0.248031 0.463819 0.248031 0.463819 0.248031 0.463819 0.248031 0.463819 0.248031 0.463819 0.248031 0.463819 0.248031 0.463819 0.248031 0.463819 0.248031 0.463819 0.248031 0.463819 0.248031 0.463819 0.248031 0.463819 0.248031 0.463819 0.248031 0.463819 0.248031 0.463819 0.248031 0.463819 0.248031 0.463819 0.248031 0.463819 0.248031 0.463819 0.248031 0.463819 0.248031 0.463819 0.248031 0.463819 0.248031 0.463819 0.248031 0.463819 0.248031 0.463819 0.248031 0.463819 0.248031 0.463819 0.248031 0.463819 0.248031 0.463819 0.248031 0.463819 0.248031 0.463819 0.248031 0.463819 0.248031 0.463819 0.248031 0.463819 0.248031 0.463819 0.248031 0.463819 0.248031 0.463819 0.248031 0.463819 0.248031 0.463819 0.248031 0.463819 0.248031 0.463819 0.248031 0.463819 0.248031 0.463819 0.248031 0.463819 0.248031 0.463819 0.248031 0.463819 0.248031 0.463819 0.248031 0.463819 0.248031 0.463819 0.248031 0.463819 0.248031 0.463819 0.248031 0.463819 0.248031 0.463819 0.248031 0.463819 0.248031 0.463819 0.248031 0.463819 0.248031 0.463819 0.248031 0.463819 0.248031 0.463819 0.248031 0.463819 0.248031 0.463819 0.248031 0.463819 0.248031 0.463819 0.248031 0.463819 0.248031 0.463819 0.248031 0.463819 0.248031 0.463819 0.248031 0.463819 0.248031 0.463819 0.248031 0.463819 0.248031 0.463819 0.248031 0.463819 0.248031 0.463819 0.248031 0.463819 0.248031 0.463819 0.248031 0.463819 0.248031 0.463819 0.248031 0.463819 0.248031 0.463819 0.248031 0.463819 0.248031 0.463819 0.248031 0.463819 0.248031 0.463819 0.248031 0.463819 0.248031 0.463819 0.248031 0.463819 0.248031 0.463819 0.248031 0.463819 0.248031 0.463819 0.248031 0.463819 0.248031 0.463819 0.248031 0.463819 0.248031 0.463819 0.248031 0.463819 0.248031 0.463819 0.248031 0.463819 0.248031 0.463819 0.248031 0.463819 0.248031 0.463819 0.248031 0.463819 0.248031 0.463819 0.248031 0.463819 0.248031 0.463819 0.248031 0.463819 0.248031 0.463819 0.248031 0.463819 0.248031 0.463819 0.248031 0.463819 0.248031 0.463819 0.248031 0.463819 0.248031 0.463819 0.248031 0.463819 0.248031 0.463819 0.248031 0.463819 0.248031 0.463819 0.248031 0.463819 0.248031 0.463819 0.248031 0.463819 0.248031 0.463819 0.248031 0.463819 0.248031 0.463819 0.248031 0.463819 0.248031 0.463819 0.248031 0.463819 0.248031 0.463819 0.248031 0.463819 0.248031 0.463819 0.248031 0.463819 0.248031 0.463819 0.248031 0.463819 0.248031 0.463819 0.248031 0.463819 0.248031 0.463819 0.248031 0.463819 0.248031 0.463819 0.248031 0.463819 0.248031 0.463819 0.248031 0.463819 0.248031 0.463819 0.248031 0.463819 0.248031 0.463819 0.248031 0.463819 0.248031 0.463819 0.248031 0.463819 0.248031 0.463819 0.248031 0.463819 0.248031 0.463819 0.248031 0.463819 0.248031 0.463819 0.248031 0.463819 0.248031 0.463819 0.248031 0.463819 0.248031 0.463819 0.248031 0.463819 0.248031 0.463819 0.248031 0.463819 0.248031 0.463819 0.248031 0.463819 0.248031 0.463819 0.248031 0.463819 0.248031 0.463819 0.248031 0.463819 0.248031 0.463819 0.248031 0.463819 0.248031 0.463819 0.248031 0.463819 0.248031 0.463819 0.248031 0.463819 0.248031 0.463819 0.248031 0.463819 0.248031 0.463819 0.248031 0.463819 0.248031 0.463819 0.248031 0.463819 0.248031 0.463819 0.248031 0.463819 0.248031 0.463819 0.248031 0.463819 0.248031 0.463819 0.248031 0.463819 0.248031 0.463819 0.248031 0.463819 0.248031 0.463819 0.248031 0.463819 0.248031 0.463819 0.248031 0.463819 0.248031 0.463819 0.248031 0.463819 0.248031 0.463819 0.248031 0.463819 0.248031 0.463819 0.248031 0.463819 0.248031 0.463819 0.248031 0.463819 0.248031 0.463819 0.248031 0.463819 0.248031 0.463819 0.248031 0.463819 0.248031 0.463819 0.248031 0.463819 0.248031 0.463819 0.248031 0.463819 0.248031 0.463819 0.248031 0.463819 0.248031 0.463819 0.248031 0.463819 0.248031 0.463819 0.248031 0.463819 0.248031 0.463819 0.248031 0.463819 0.248031 0.463819 0.248031 0.463819 0.248031 0.463819 0.248031 0.463819 0.248031 0.463819 0.248031 0.463819 0.248031 0.463819 0.248031 0.463819 0.248031 0.463819 0.248031 0.463819 0.248031 0.463819 0.248031 0.463819 0.248031 0.463819 0.248031 0.463819 0.248031 0.463819 0.248031 0.463819 0.248031 0.463819 0.248031 0.463819 0.248031 0.463819 0.248031 0.463819 0.248031 0.463819 0.248031 0.463819 0.248031 0.463819 0.248031 0.463819 0.248031 0.463819 0.248031 0.463819 0.248031 0.463819 0.248031 0.463819 0.248031 0.463819 0.248031 0.463819 0.248031 0.463819 0.248031 0.463819 0.248031 0.463819 0.248031 0.463819 0.248031 0.463819 0.248031 0.463819 0.248031 0.463819 0.248031 0.463819 0.248031 0.463819 0.248031 0.463819 0.248031 0.463819 0.248031 0.463819 0.248031 0.463819 0.248031 0.463819 0.248031 0.463819 0.248031 0.463819 0.248031 0.463819 0.248031 0.463819 0.248031 0.463819 0.248031 0.463819 0.248031 0.463819 0.248031 0.463819 0.248031 0.463819 0.248031 0.463819 0.248031 0.463819 0.248031 0.463819 0.248031 0.463819 0.248031 0.463819 0.248031 0.463819 0.248031 0.463819 0.248031 0.463819 0.248031 0.463819 0.248031 0.463819 0.248031 0.463819 0.248031 0.463819 0.248031 0.463819 0.248031 0.463819 0.248031 0.463819 0.248031 0.463819 0.248031 0.463819 0.248031 0.463819 0.248031 0.463819 0.248031 0.463819 0.248031 0.463819 0.248031 0.463819 0.248031 0.463819 0.248031 0.463819 0.248031 0.463819 0.248031 0.463819 0.248031 0.463819 0.248031 0.463819 0.248031 0.463819 0.248031 0.463819 0.248031 0.463819 0.248031 0.463819 0.248031 0.463819 0.248031 0.463819 0.248031 0.463819 0.248031 0.463819 0.248031 0.463819 0.248031 0.463819 0.248031 0.463819 0.248031 0.463819 0.248031 0.463819 0.248031 0.463819 0.248031 0.463819 0.248031 0.463819 0.248031 0.463819 0.248031 0.463819 0.248031 0.463819 0.248031 0.463819 0.248031 0.463819 0.248031 0.463819 0.248031 0.463819 0.248031 0.463819 0.248031 0.463819 0.248031 0.463819 0.248031 0.463819 0.248031 0.463819 0.248031 0.463819 0.248031 0.463819 0.248031 0.463819 0.248031 0.463819 0.248031 0.463819 0.248031 0.463819 0.248031 0.463819 0.248031 0.463819 0.248031 0.463819 0.248031 0.463819 0.248031 0.463819 0.248031 0.463819 0.248031 0.463819 0.248031 0.463819 0.248031 0.463819 0.248031 0.463819 0.248031 0.463819 0.248031 0.463819 0.248031 0.463819 0.248031 0.463819 0.248031 0.463819 0.248031 0.463819 0.248031 0.463819 0.248031 0.463819 0.248031 0.463819 0.248031 0.463819 0.248031 0.463819 0.248031 0.463819 0.248031 0.463819 0.248031 0.463819 0.248031 0.463819 0.248031 0.463819 0.248031 0.463819 0.248031 0.463819 0.248031 0.463819 0.248031 0.463819 0.248031 0.463819 0.248031 0.463819 0.248031 0.463819 0.248031 0.463819 0.248031 0.463819 0.248031 0.463819 0.248031 0.463819 0.248031 0.463819 0.248031 0.463819 0.248031 0.463819 0.248031 0.463819 0.248031 0.463819 0.248031 0.463819 0.248031 0.463819 0.248031 0.463819 0.248031 0.463819 0.248031 0.463819 0.248031 0.463819 0.248031 0.463819 0.248031 0.463819 0.248031 0.463819 0.248031 0.463819 0.248031 0.463819 0.248031 0.463819 0.248031 0.463819 0.248031 0.463819 0.248031 0.463819 0.248031 0.463819 0.248031 0.463819 0.248031 0.463819 0.248031 0.463819 0.248031 0.463819 0.248031 0.463819 0.248031 0.463819 0.248031 0.463819 0.248031 0.463819 0.248031 0.463819 0.248031 0.463819 0.248031 0.463819 0.248031 0.463819 0.248031 0.463819 0.248031 0.463819 0.248031 0.463819 0.248031 0.463819 0.248031 0.463819 0.248031 0.463819 0.248031 0.463819 0.248031 0.463819 0.248031 0.463819 0.248031 0.463819 0.248031 0.463819 0.248031 0.463819 0.248031 0.463819 0.248031 0.463819 0.248031 0.463819 0.248031 0.463819 0.248031 0.463819 0.248031 0.463819 0.248031 0.463819 0.248031 0.463819 0.248031 0.463819 0.248031 0.463819 0.248031 0.463819 0.248031 0.463819 0.248031 0.463819 0.248031 0.463819 0.248031 0.463819 0.248031 0.463819 0.248031 0.463819 0.248031 0.463819 0.248031 0.463819 0.248031 0.463819 0.248031 0.463819 0.248031 0.463819 0.248031 0.463819 0.248031 0.463819 0.248031 0.463819 0.248031 0.463819 0.248031 0.463819 0.248031 0.463819 0.248031 0.463819 0.248031 0.463819 0.248031 0.463819 0.248031 0.463819 0.248031 0.463819 0.248031 0.463819 0.248031 0.463819 0.248031 0.463819 0.248031 0.463819 0.248031 0.463819 0.248031 0.463819 0.248031 0.463819 0.248031 0.463819 0.248031 0.463819 0.248031 0.463819 0.248031 0.463819 0.248031 0.463819 0.248031 0.463819 0.248031 0.463819 0.248031 0.463819 0.248031 0.463819 0.248031 0.463819 0.248031 0.463819 0.248031 0.463819 0.248031 0.463819 0.248031 0.463819 0.248031 0.463819 0.248031 0.463819 0.248031 0.463819 0.248031 0.463819 0.248031 0.463819 0.248031 0.463819 0.248031 0.463819 0.248031 0.463819 0.248031 0.463819 0.248031 0.463819 0.248031 0.463819 0.248031 0.463819 0.248031 0.463819 0.248031 0.463819 0.248031 0.463819 0.248031 0.463819 0.248031 0.463819 0.248031 0.463819 0.248031 0.463819 0.248031 0.463819 0.248031 0.463819 0.248031 0.463819 0.248031 0.463819 0.248031 0.463819 0.248031 0.463819 0.248031 0.463819 0.248031 0.463819 0.248031 0.463819 0.248031 0.463819 0.248031 0.463819 0.248031 0.463819 0.248031 0.463819 0.248031 0.463819 0.248031 0.463819 0.248031 0.463819 0.248031 0.463819 0.248031 0.463819 0.248031 0.463819 0.248031 0.463819 0.248031 0.463819 0.248031 0.463819 0.248031 0.463819 0.248031 0.463819 0.248031 0.463819 0.248031 0.463819 0.248031 0.463819 0.248031 0.463819 0.248031 0.463819 0.248031 0.463819 0.248031 0.463819 0.248031 0.463819 0.248031 0.463819 0.248031 0.463819 0.248031 0.463819 0.248031 0.463819 0.248031 0.463819 0.248031 0.463819 0.248031 0.463819 0.248031 0.463819 0.248031 0.463819 0.248031 0.463819 0.248031 0.463819 0.248031 0.463819 0.248031 0.463819 0.248031 0.463819 0.248031 0.463819 0.248031 0.463819 0.248031 0.463819 0.248031 0.463819 0.248031 0.463819 0.248031 0.463819 0.248031 0.463819 0.248031 0.463819 0.248031 0.463819 0.248031 0.463819 0.248031 0.463819 0.248031 0.463819 0.248031 0.463819 0.248031 0.463819 0.248031 0.463819 0.248031 0.463819 0.248031 0.463819 0.248031 0.463819 0.248031 0.463819 0.248031 0.463819 0.248031 0.463819 0.248031 0.463819 0.248031 0.463819 0.248031 0.463819 0.248031 0.463819 0.248031 0.463819 0.248031 0.463819 0.248031 0.463819 0.248031 0.463819 0.248031 0.463819 0.248031 0.463819 0.248031 0.463819 0.248031 0.463819 0.248031 0.463819 0.248031 0.463819 0.248031 0.463819 0.248031 0.463819 0.248031 0.463819 0.248031 0.463819 0.248031 0.463819 0.248031 0.463819 0.248031 0.463819 0.248031 0.463819 0.248031 0.463819 0.248031 0.463819 0.248031 0.463819 0.248031 0.463819 0.248031 0.463819 0.248031 0.463819 0.248031 0.463819 0.248031 0.463819 0.248031 0.463819 0.248031 0.463819 0.248031 0.463819 0.248031 0.463819 0.248031 0.463819 0.248031 0.463819 0.248031 0.463819 0.248031 0.463819 0.248031 0.463819 0.248031 0.463819 0.248031 0.463819 0.248031 0.463819 0.248031 0.463819 0.248031 0.463819 0.248031 0.463819 0.248031 0.463819 0.248031 0.463819 0.248031 0.463819 0.248031 0.463819 0.248031 0.463819 0.248031 0.463819 0.248031 0.463819 0.248031 0.463819 0.248031 0.463819 0.248031 0.463819 0.248031 0.463819 0.248031 0.463819 0.248031 0.463819 0.248031 0.463819 0.248031 0.463819 0.248031 0.463819 0.248031 0.463819 0.248031 0.463819 0.248031 0.463819 0.248031 0.463819 0.248031 0.463819 0.248031 0.463819 0.248031 0.463819 0.248031 0.463819 0.248031 0.463819 0.248031 0.463819 0.248031 0.463819 0.248031 0.463819 0.248031 0.463819 0.248031 0.463819 0.248031 0.463819 0.248031 0.463819 0.248031 0.463819 0.248031 0.463819 0.248031 0.463819 0.248031 0.463819 0.248031 0.463819 0.248031 0.463819 0.248031 0.463819 0.248031 0.463819 0.248031 0.463819 0.248031 0.463819 0.248031 0.463819 0.248031 0.463819 0.248031 0.463819 0.248031 0.463819 0.248031 0.463819 0.248031 0.463819 0.248031 0.463819 0.248031 0.463819 0.248031 0.463819 0.248031 0.463819 0.248031 0.463819 0.248031 0.463819 0.248031 0.463819 0.248031 0.463819 0.248031 0.463819 0.248031 0.463819 0.248031 0.463819 0.248031 0.463819 0.248031 0.463819 0.248031 0.463819 0.248031 0.463819 0.248031 0.463819 0.248031 0.463819 0.248031 0.463819 0.248031 0.463819 0.248031 0.463819 0.248031 0.463819 0.248031 0.463819 0.248031 0.463819 0.248031 0.463819 0.248031 0.463819 0.248031 0.463819 0.248031 0.463819 0.248031 0.463819 0.248031 0.463819 0.248031 0.463819 0.248031 0.463819 0.248031 0.463819 0.248031 0.463819 0.248031 0.463819 0.248031 0.463819 0.248031 0.463819 0.248031 0.463819 0.248031 0.463819 0.248031 0.463819 0.248031 0.463819 0.248031 0.463819 0.248031 0.463819 0.248031 0.463819 0.248031 0.463819 0.248031 0.463819 0.248031 0.463819 0.248031 0.463819 0.248031 0.463819 0.248031 0.463819 0.248031 0.463819 0.248031 0.463819 0.248031 0.463819 0.248031 0.463819 0.248031 0.463819 0.248031 0.463819 0.248031 0.463819 0.248031 0.463819 0.248031 0.463819 0.248031 0.463819 0.248031 0.463819 0.248031 0.463819 0.248031 0.463819 0.248031 0.463819 0.248031 0.463819 0.248031 0.463819 0.248031 0.463819 0.248031 0.463819 0.248031 0.463819 0.248031 0.463819 0.248031 0.463819 0.248031 0.463819 0.248031 0.463819 0.248031 0.463819 0.248031 0.463819 0.248031 0.463819 0.248031 0.463819 0.248031 0.463819 0.248031 0.463819 0.248031 0.463819 0.248031 0.463819 0.248031 0.463819 0.248031 0.463819 0.248031 0.463819 0.248031 0.463819 0.248031 0.463819 0.248031 0.463819 0.248031 0.463819 0.248031 0.463819 0.248031 0.463819 0.248031 0.463819 0.248031 0.463819 0.248031 0.463819 0.248031 0.463819 0.248031 0.463819 0.248031 0.463819 0.248031 0.463819 0.248031 0.463819 0.248031 0.463819 0.248031 0.463819 0.248031 0.463819 0.248031 0.463819 0.248031 0.463819 0.248031 0.463819 0.248031 0.463819 0.248031 0.463819 0.248031 0.463819 0.248031 0.463819 0.248031 0.463819 0.248031 0.463819 0.248031 0.463819 0.248031 0.463819 0.248031 0.463819 0.248031 0.463819 0.248031 0.463819 0.248031 0.463819 0.248031 0.463819 0.248031 0.463819 0.248031 0.463819 0.248031 0.463819 0.248031 0.463819 0.248031 0.463819 0.248031 0.463819 0.248031 0.463819 0.248031 0.463819 0.248031 0.463819 0.248031 0.463819 0.248031 0.463819 0.248031 0.463819 0.248031 0.463819 0.248031 0.463819 0.248031 0.463819 0.248031 0.463819 0.248031 0.463819 0.248031 0.463819 0.248031 0.463819 0.248031 0.463819 0.248031 0.463819 0.248031 0.463819 0.248031 0.463819 0.248031 0.463819 0.248031 0.463819 0.248031 0.463819 0.248031 0.463819 0.248031 0.463819 0.248031 0.463819 0.248031 0.463819 0.248031 0.463819 0.248031 0.463819 0.248031 0.463819 0.248031 0.463819 0.248031 0.463819 0.248031 0.463819 0.248031 0.463819 0.248031 0.463819 0.248031 0.463819 0.248031 0.463819 0.248031 0.463819 0.248031 0.463819 0.248031 0.463819 0.248031 0.463819 0.248031 0.463819 0.248031 0.463819 0.248031 0.463819 0.248031 0.463819 0.248031 0.463819 0.248031 0.463819 0.248031 0.463819 0.248031 0.463819 0.248031 0.463819 0.248031 0.463819 0.248031 0.463819 0.248031 0.463819 0.248031 0.463819 0.248031 0.463819 0.248031 0.463819 0.248031 0.463819 0.248031 0.463819 0.248031 0.463819 0.248031 0.463819 0.248031 0.463819 0.248031 0.463819 0.248031 0.463819 0.248031 0.463819 0.248031 0.463819 0.248031 0.463819 0.248031 0.463819 0.248031 0.463819 0.248031 0.463819 0.248031 0.463819 0.248031 0.463819 0.248031 0.463819 0.248031 0.463819 0.248031 0.463819 0.248031 0.463819 0.248031 0.463819 0.248031 0.463819 0.248031 0.463819 0.248031 0.463819 0.248031 0.463819 0.248031 0.463819 0.248031 0.463819 0.248031 0.463819 0.248031 0.463819 0.248031 0.463819 0.248031 0.463819 0.248031 0.463819 0.248031 0.463819 0.248031 0.463819 0.248031 0.463819 0.248031 0.463819 0.248031 0.463819 0.248031 0.463819 0.248031 0.463819 0.248031 0.463819 0.248031 0.463819 0.248031 0.463819 0.248031 0.463819 0.248031 0.463819 0.248031 0.463819 0.248031 0.463819 0.248031 0.463819 0.248031 0.463819 0.248031 0.463819 0.248031 0.463819 0.248031 0.463819 0.248031 0.463819 0.248031 0.463819 0.248031 0.463819 0.248031 0.463819 0.248031 0.463819 0.248031 0.463819 0.248031 0.463819 0.248031 0.463819 0.248031 0.463819 0.248031 0.463819 0.248031 0.463819 0.248031 0.463819 0.248031 0.463819 0.248031 0.463819 0.248031 0.463819 0.248031 0.463819 0.248031 0.463819 0.248031 0.463819 0.248031 0.463819 0.248031 0.463819 0.248031 0.463819 0.248031 0.463819 0.248031 0.463819 0.248031 0.463819 0.248031 0.463819 0.248031 0.463819 0.248031 0.463819 0.248031 0.463819 0.248031 0.463819 0.248031 0.463819 0.248031 0.463819 0.248031 0.463819 0.248031 0.463819 0.248031 0.463819 0.248031 0.463819 0.248031 0.463819 0.248031 0.463819 0.248031 0.463819 0.248031 0.463819 0.248031 0.463819 0.248031 0.463819 0.248031 0.463819 0.248031 0.463819 0.248031 0.463819 0.248031 0.463819 0.248031 0.463819 0.248031 0.463819 0.248031 0.463819 0.248031 0.463819 0.248031 0.463819 0.248031 0.463819 0.248031 0.463819 0.248031 0.463819 0.248031 0.463819 0.248031 0.463819 0.248031 0.463819 0.248031 0.463819 0.248031 0.463819 0.248031 0.463819 0.248031 0.463819 0.248031 0.463819 0.248031 0.463819 0.248031 0.463819 0.248031 0.463819 0.248031 0.463819 0.248031 0.463819 0.248031 0.463819 0.248031 0.463819 0.248031 0.463819 0.248031 0.463819 0.248031 0.463819 0.248031 0.463819 0.248031 0.463819 0.248031 0.463819 0.248031 0.463819 0.248031 0.463819 0.248031 0.463819 0.248031 0.463819 0.248031 0.463819 0.248031 0.463819 0.248031 0.463819 0.248031 0.463819 0.248031 0.463819 0.248031 0.463819 0.248031 0.463819 0.248031 0.463819 0.248031 0.463819 0.248031 0.463819 0.248031 0.463819 0.248031 0.463819 0.248031 0.463819 0.248031 0.463819 0.248031 0.463819 0.248031 0.463819 0.248031 0.463819 0.248031 0.463819 0.248031 0.463819 0.248031 0.463819 0.248031 0.463819 0.248031 0.463819 0.248031 0.463819 0.248031 0.463819 0.248031 0.463819 0.248031 0.463819 0.248031 0.463819 0.248031 0.463819 0.248031 0.463819 0.248031 0.463819 0.248031 0.463819 0.248031 0.463819 0.248031 0.463819 0.248031 0.463819 0.248031 0.463819 0.248031 0.463819 0.248031 0.463819 0.248031 0.463819 0.248031 0.463819 0.248031 0.463819 0.248031 0.463819 0.248031 0.463819 0.248031 0.463819 0.248031 0.463819 0.248031 0.463819 0.248031 0.463819 0.248031 0.463819 0.248031 0.463819 0.248031 0.463819 0.248031 0.463819 0.248031 0.463819 0.248031 0.463819 0.248031 0.463819 0.248031 0.463819 0.248031 0.463819 0.248031 0.463819 0.248031 0.463819 0.248031 0.463819 0.248031 0.463819 0.248031 0.463819 0.248031 0.463819 0.248031 0.463819 0.248031 0.463819 0.248031 0.463819 0.248031 0.463819 0.248031 0.463819 0.248031 0.463819 0.248031 0.463819 0.248031 0.463819 0.248031 0.463819 0.248031 0.463819 0.248031 0.463819 0.248031 0.463819 0.248031 0.463819 0.248031 0.463819 0.248031 0.463819 0.248031 0.463819 0.248031 0.463819 0.248031 0.463819 0.248031 0.463819 0.248031 0.463819 0.248031 0.463819 0.248031 0.463819 0.248031 0.463819 0.248031 0.463819 0.248031 0.463819 0.248031 0.463819 0.248031 0.463819 0.248031 0.463819 0.248031 0.463819 0.248031 0.463819 0.248031 0.463819 0.248031 0.463819 0.248031 0.463819 0.248031 0.463819 0.248031 0.463819 0.248031 0.463819 0.248031 0.463819 0.248031 0.463819 0.248031 0.463819 0.248031 0.463819 0.248031 0.463819 0.248031 0.463819 0.248031 0.463819 0.248031 0.463819 0.248031 0.463819 0.248031 0.463819 0.248031 0.463819 0.248031 0.463819 0.248031 0.463819 0.248031 0.463819 0.248031 0.463819 0.248031 0.463819 0.248031 0.463819 0.248031 0.463819 0.248031 0.463819 0.248031 0.463819 0.248031 0.463819 0.248031 0.463819 0.248031 0.463819 0.248031 0.463819 0.248031 0.463819 0.248031 0.463819 0.248031 0.463819 0.248031 0.463819 0.248031 0.463819 0.248031 0.463819 0.248031 0.463819 0.248031 0.463819 0.248031 0.463819 0.248031 0.463819 0.248031 0.463819 0.248031 0.463819 0.248031 0.463819 0.248031 0.463819 0.248031 0.463819 0.248031 0.463819 0.248031 0.463819 0.248031 0.463819 0.248031 0.463819 0.248031 0.463819 0.248031 0.463819 0.248031 0.463819 0.248031 0.463819 0.248031 0.463819 0.248031 0.463819 0.248031 0.463819 0.248031 0.463819 0.248031 0.463819 0.248031 0.463819 0.248031 0.463819 0.248031 0.463819 0.248031 0.463819 0.248031 0.463819 0.248031 0.463819 0.248031 0.463819 0.248031 0.463819 0.248031 0.463819 0.248031 0.463819 0.248031 0.463819 0.248031 0.463819 0.248031 0.463819 0.248031 0.463819 0.248031 0.463819 0.248031 0.463819 0.248031 0.463819 0.248031 0.463819 0.248031 0.463819 0.248031 0.463819 0.248031 0.463819 0.248031 0.463819 0.248031 0.463819 0.248031 0.463819 0.248031 0.463819 0.248031 0.463819 0.248031 0.463819 0.248031 0.463819 0.248031 0.463819 0.248031 0.463819 0.248031 0.463819 0.248031 0.463819 0.248031 0.463819 0.248031 0.463819 0.248031 0.463819 0.248031 0.463819 0.248031 0.463819 0.248031 0.463819 0.248031 0.463819 0.248031 0.463819 0.248031 0.463819 0.248031 0.463819 0.248031 0.463819 0.248031 0.463819 0.248031 0.463819 0.248031 0.463819 0.248031 0.463819 0.248031 0.463819 0.248031 0.463819 0.248031 0.463819 0.248031 0.463819 0.248031 0.463819 0.248031 0.463819 0.248031 0.463819 0.248031 0.463819 0.248031 0.463819 0.248031 0.463819 0.248031 0.463819 0.248031 0.463819 0.248031 0.463819 0.248031 0.463819 0.248031 0.463819 0.248031 0.463819 0.248031 0.463819 0.248031 0.463819 0.248031 0.463819 0.248031 0.463819 0.248031 0.463819 0.248031 0.463819 0.248031 0.463819 0.248031 0.463819 0.248031 0.463819 0.248031 0.463819 0.248031 0.463819 0.248031 0.463819 0.248031 0.463819 0.248031 0.463819 0.248031 0.463819 0.248031 0.463819 0.248031 0.463819 0.248031 0.463819 0.248031 0.463819 0.248031 0.463819 0.248031 0.463819 0.248031 0.463819 0.248031 0.463819 0.248031 0.463819 0.248031 0.463819 0.248031 0.463819 0.248031 0.463819 0.248031 0.463819 0.248031 0.463819 0.248031 0.463819 0.248031 0.463819 0.248031 0.463819 0.248031 0.463819 0.248031 0.463819 0.248031 0.463819 0.248031 0.463819 0.248031 0.463819 0.248031 0.463819 0.248031 0.463819 0.248031 0.463819 0.248031 0.463819 0.248031 0.463819 0.248031 0.463819 0.248031 0.463819 0.248031 0.463819 0.248031 0.463819 0.248031 0.463819 0.248031 0.463819 0.248031 0.463819 0.248031 0.463819 0.248031 0.463819 0.248031 0.463819 0.248031 0.463819 0.248031 0.463819 0.248031 0.463819 0.248031 0.463819 0.248031 0.463819 0.248031 0.463819 0.248031 0.463819 0.248031 0.463819 0.248031 0.463819 0.248031 0.463819 0.248031 0.463819 0.248031 0.463819 0.248031 0.463819 0.248031 0.463819 0.248031 0.463819 0.248031 0.463819 0.248031 0.463819 0.248031 0.463819 0.248031 0.463819 0.248031 0.463819 0.248031 0.463819 0.248031 0.463819 0.248031 0.463819 0.248031 0.463819 0.248031 0.463819 0.248031 0.463819 0.248031 0.463819 0.248031 0.463819 0.248031 0.463819 0.248031 0.463819 0.248031 0.463819 0.248031 0.463819 0.248031 0.463819 0.248031 0.463819 0.248031 0.463819 0.248031 0.463819 0.248031 0.463819 0.248031 0.463819 0.248031 0.463819 0.248031 0.463819 0.248031 0.463819 0.248031 0.463819 0.248031 0.463819 0.248031 0.463819 0.248031 0.463819 0.248031 0.463819 0.248031 0.463819 0.248031 0.463819 0.248031 0.463819 0.248031 0.463819 0.248031 0.463819 0.248031 0.463819 0.248031 0.463819 0.248031 0.463819 0.248031 0.463819 0.248031 0.463819 0.248031 0.463819 0.248031 0.463819 0.248031 0.463819 0.248031 0.463819 0.248031 0.463819 0.248031 0.463819 0.248031 0.463819 0.248031 0.463819 0.248031 0.463819 0.248031 0.463819 0.248031 0.463819 0.248031 0.463819 0.248031 0.463819 0.248031 0.463819 0.248031 0.463819 0.248031 0.463819 0.248031 0.463819 0.248031 0.463819 0.248031 0.463819 0.248031 0.463819 0.248031 0.463819 0.248031 0.463819 0.248031 0.463819 0.248031 0.463819 0.248031 0.463819 0.248031 0.463819 0.248031 0.463819 0.248031 0.463819 0.248031 0.463819 0.248031 0.463819 0.248031 0.463819 0.248031 0.463819 0.248031 0.463819 0.248031 0.463819 0.248031 0.463819 0.248031 0.463819 0.248031 0.463819 0.248031 0.463819 0.248031 0.463819 0.248031 0.463819 0.248031 0.463819 0.248031 0.463819 0.248031 0.463819 0.248031 0.463819 0.248031 0.463819 0.248031 0.463819 0.248031 0.463819 0.248031 0.463819 0.248031 0.463819 0.248031 0.463819 0.248031 0.463819 0.248031 0.463819 0.248031 0.463819 0.248031 0.463819 0.248031 0.463819 0.248031 0.463819 0.248031 0.463819 0.248031 0.463819 0.248031 0.463819 0.248031 0.463819 0.248031 0.463819 0.248031 0.463819 0.248031 0.463819 0.248031 0.463819 0.248031 0.463819 0.248031 0.463819 0.248031 0.463819 0.248031 0.463819 0.248031 0.463819 0.248031 0.463819 0.248031 0.463819 0.248031 0.463819 0.248031 0.463819 0.248031 0.463819 0.248031 0.463819 0.248031 0.463819 0.248031 0.463819 0.248031 0.463819 0.248031 0.463819 0.248031 0.463819 0.248031 0.463819 0.248031 0.463819 0.248031 0.463819 0.248031 0.463819 0.248031 0.463819 0.248031 0.463819 0.248031 0.463819 0.248031 0.463819 0.248031 0.463819 0.248031 0.463819 0.248031 0.463819 0.248031 0.463819 0.248031 0.463819 0.248031 0.463819 0.248031 0.463819 0.248031 0.463819 0.248031 0.463819 0.248031 0.463819 0.248031 0.463819 0.248031 0.463819 0.248031 0.463819 0.248031 0.463819 0.248031 0.463819 0.248031 0.463819 0.248031 0.463819 0.248031 0.463819 0.248031 0.463819 0.248031 0.463819 0.248031 0.463819 0.248031 0.463819 0.248031 0.463819 0.248031 0.463819 0.248031 0.463819 0.248031 0.463819 0.248031 0.463819 0.248031 0.463819 0.248031 0.463819 0.248031 0.463819 0.248031 0.463819 0.248031 0.463819 0.248031 0.463819 0.248031 0.463819 0.248031 0.463819 0.248031 0.463819 0.248031 0.463819 0.248031 0.463819 0.248031 0.463819 0.248031 0.463819 0.248031 0.463819 0.248031 0.463819 0.248031 0.463819 0.248031 0.463819 0.248031 0.463819 0.248031 0.463819 0.248031 0.463819 0.248031 0.463819 0.248031 0.463819 0.248031 0.463819 0.248031 0.463819 0.248031 0.463819 0.248031 0.463819 0.248031 0.463819 0.248031 0.463819 0.248031 0.463819 0.248031 0.463819 0.248031 0.463819 0.248031 0.463819 0.248031 0.463819 0.248031 0.463819 0.248031 0.463819 0.248031 0.463819 0.248031 0.463819 0.248031 0.463819 0.248031 0.463819 0.248031 0.463819 0.248031 0.463819 0.248031 0.463819 0.248031 0.463819 0.248031 0.463819 0.248031 0.463819 0.248031 0.463819 0.248031 0.463819 0.248031 0.463819 0.248031 0.463819 0.248031 0.463819 0.248031 0.463819 0.248031 0.463819 0.248031 0.463819 0.248031 0.463819 0.248031 0.463819 0.248031 0.463819 0.248031 0.463819 0.248031 0.463819 0.248031 0.463819 0.248031 0.463819 0.248031 0.463819 0.248031 0.463819 0.248031 0.463819 0.248031 0.463819 0.248031 0.463819 0.248031 0.463819 0.248031 0.463819 0.248031 0.463819 0.248031 0.463819 0.248031 0.463819 0.248031 0.463819 0.248031 0.463819 0.248031 0.463819 0.248031 0.463819 0.248031 0.463819 0.248031 0.463819 0.248031 0.463819 0.248031 0.463819 0.248031 0.463819 0.248031 0.463819 0.248031 0.463819 0.248031 0.463819 0.248031 0.463819 0.248031 0.463819 0.248031 0.463819 0.248031 0.463819 0.248031 0.463819 0.248031 0.463819 0.248031 0.463819 0.248031 0.463819 0.248031 0.463819 0.248031 0.463819 0.248031 0.463819 0.248031 0.463819 0.248031 0.463819 0.248031 0.463819 0.248031 0.463819 0.248031 0.463819 0.248031 0.463819 0.248031 0.463819 0.248031 0.463819 0.248031 0.463819 0.248031 0.463819 0.248031 0.463819 0.248031 0.463819 0.248031 0.463819 0.248031 0.463819 0.248031 0.463819 0.248031 0.463819 0.248031 0.463819 0.248031 0.463819 0.248031 0.463819 0.248031 0.463819 0.248031 0.463819 0.248031 0.463819 0.248031 0.463819 0.248031 0.463819 0.248031 0.463819 0.248031 0.463819 0.248031 0.463819 0.248031 0.463819 0.248031 0.463819 0.248031 0.463819 0.248031 0.463819 0.248031 0.463819 0.248031 0.463819 0.248031 0.463819 0.248031 0.463819 0.248031 0.463819 0.248031 0.463819 0.248031 0.463819 0.248031 0.463819 0.248031 0.463819 0.248031 0.463819 0.248031 0.463819 0.248031 0.463819 0.248031 0.463819 0.248031 0.463819 0.248031 0.463819 0.248031 0.463819 0.248031 0.463819 0.248031 0.463819 0.248031 0.463819 0.248031 0.463819 0.248031 0.463819 0.248031 0.463819 0.248031 0.463819 0.248031 0.463819 0.248031 0.463819 0.248031 0.463819 0.248031 0.463819 0.248031 0.463819 0.248031 0.463819 0.248031 0.463819 0.248031 0.463819 0.248031 0.463819 0.248031 0.463819 0.248031 0.463819 0.248031 0.463819 0.248031 0.463819 0.248031 0.463819 0.248031 0.463819 0.248031 0.463819 0.248031 0.463819 0.248031 0.463819 0.248031 0.463819 0.248031 0.463819 0.248031 0.463819 0.248031 0.463819 0.248031 0.463819 0.248031 0.463819 0.248031 0.463819 0.248031 0.463819 0.248031 0.463819 0.248031 0.463819 0.248031 0.463819 0.248031 0.463819 0.248031 0.463819 0.248031 0.463819 0.248031 0.463819 0.248031 0.463819 0.248031 0.463819 0.248031 0.463819 0.248031 0.463819 0.248031 0.463819 0.248031 0.463819 0.248031 0.463819 0.248031 0.463819 0.248031 0.463819 0.248031 0.463819 0.248031 0.463819 0.248031 0.463819 0.248031 0.463819 0.248031 0.463819 0.248031 0.463819 0.248031 0.463819 0.248031 0.463819 0.248031 0.463819 0.248031 0.463819 0.248031 0.463819 0.248031 0.463819 0.248031 0.463819 0.248031 0.463819 0.248031 0.463819 0.248031 0.463819 0.248031 0.463819 0.248031 0.463819 0.248031 0.463819 0.248031 0.463819 0.248031 0.463819 0.248031 0.463819 0.248031 0.463819 0.248031 0.463819 0.248031 0.463819 0.248031 0.463819 0.248031 0.463819 0.248031 0.463819 0.248031 0.463819 0.248031 0.463819 0.248031 0.463819 0.248031 0.463819 0.248031 0.463819 0.248031 0.463819 0.248031 0.463819 0.248031 0.463819 0.248031 0.463819 0.248031 0.463819 0.248031 0.463819 0.248031 0.463819 0.248031 0.463819 0.248031 0.463819 0.248031 0.463819 0.248031 0.463819 0.248031 0.463819 0.248031 0.463819 0.248031 0.463819 0.248031 0.463819 0.248031 0.463819 0.248031 0.463819 0.248031 0.463819 0.248031 0.463819 0.248031 0.463819 0.248031 0.463819 0.248031 0.463819 0.248031 0.463819 0.248031 0.463819 0.248031 0.463819 0.248031 0.463819 0.248031 0.463819 0.248031 0.463819 0.248031 0.463819 0.248031 0.463819 0.248031 0.463819 0.248031 0.463819 0.248031 0.463819 0.248031 0.463819 0.248031 0.463819 0.248031 0.463819 0.248031 0.463819 0.248031 0.463819 0.248031 0.463819 0.248031 0.463819 0.248031 0.463819 0.248031 0.463819 0.248031 0.463819 0.248031 0.463819 0.248031 0.463819 0.248031 0.463819 0.248031 0.463819 0.248031 0.463819 0.248031 0.463819 0.248031 0.463819 0.248031 0.463819 0.248031 0.463819 0.248031 0.463819 0.248031 0.463819 0.248031 0.463819 0.248031 0.463819 0.248031 0.463819 0.248031 0.463819 0.248031 0.463819 0.248031 0.463819 0.248031 0.463819 0.248031 0.463819 0.248031 0.463819 0.248031 0.463819 0.248031 0.463819 0.248031 0.463819 0.248031 0.463819 0.248031 0.463819 0.248031 0.463819 0.248031 0.463819 0.248031 0.463819 0.248031 0.463819 0.248031 0.463819 0.248031 0.463819 0.248031 0.463819 0.248031 0.463819 0.248031 0.463819 0.248031 0.463819 0.248031 0.463819 0.248031 0.463819 0.248031 0.463819 0.248031 0.463819 0.248031 0.463819 0.248031 0.463819 0.248031 0.463819 0.248031 0.463819 0.248031 0.463819 0.248031 0.463819 0.248031 0.463819 0.248031 0.463819 0.248031 0.463819 0.248031 0.463819 0.248031 0.463819 0.248031 0.463819 0.248031 0.463819 0.248031 0.463819 0.248031 0.463819 0.248031 0.463819 0.248031 0.463819 0.248031 0.463819 0.248031 0.463819 0.248031 0.463819 0.248031 0.463819 0.248031 0.463819 0.248031 0.463819 0.248031 0.463819 0.248031 0.463819 0.248031 0.463819 0.248031 0.463819 0.248031 0.463819 0.248031 0.463819 0.248031 0.463819 0.248031 0.463819 0.248031 0.463819 0.248031 0.463819 0.248031 0.463819 0.248031 0.463819 0.248031 0.463819 0.248031 0.463819 0.248031 0.463819 0.248031 0.463819 0.248031 0.463819 0.248031 0.463819 0.248031 0.463819 0.248031 0.463819 0.248031 0.463819 0.248031 0.463819 0.248031 0.463819 0.248031 0.463819 0.248031 0.463819 0.248031 0.463819 0.248031 0.463819 0.248031 0.463819 0.248031 0.463819 0.248031 0.463819 0.248031 0.463819 0.248031 0.463819 0.248031 0.463819 0.248031 0.463819 0.248031 0.463819 0.248031 0.463819 0.248031 0.463819 0.248031 0.463819 0.248031 0.463819 0.248031 0.463819 0.248031 0.463819 0.248031 0.463819 0.248031 0.463819 0.248031 0.463819 0.248031 0.463819 0.248031 0.463819 0.248031 0.463819 0.248031 0.463819 0.248031 0.463819 0.248031 0.463819 0.248031 0.463819 0.248031 0.463819 0.248031 0.463819 0.248031 0.463819 0.248031 0.463819 0.248031 0.463819 0.248031 0.463819 0.248031 0.463819 0.248031 0.463819 0.248031 0.463819 0.248031 0.463819 0.248031 0.463819 0.248031 0.463819 0.248031 0.463819 0.248031 0.463819 0.248031 0.463819 0.248031 0.463819 0.248031 0.463819 0.248031 0.463819 0.248031 0.463819 0.248031 0.463819 0.248031 0.463819 0.248031 0.463819 0.248031 0.463819 0.248031 0.463819 0.248031 0.463819 0.248031 0.463819 0.248031 0.463819 0.248031 0.463819 0.248031 0.463819 0.248031 0.463819 0.248031 0.463819 0.248031 0.463819 0.248031 0.463819 0.248031 0.463819 0.248031 0.463819 0.248031 0.463819 0.248031 0.463819 0.248031 0.463819 0.248031 0.463819 0.248031 0.463819 0.248031 0.463819 0.248031 0.463819 0.248031 0.463819 0.248031 0.463819 0.248031 0.463819 0.248031 0.463819 0.248031 0.463819 0.248031 0.463819 0.248031 0.463819 0.248031 0.463819 0.248031 0.463819 0.248031 0.463819 0.248031 0.463819 0.248031 0.463819 0.248031 0.463819 0.248031 0.463819 0.248031 0.463819 0.248031 0.463819 0.248031 0.463819 0.248031 0.463819 0.248031 0.463819 0.248031 0.463819 0.248031 0.463819 0.248031 0.463819 0.248031 0.463819 0.248031 0.463819 0.248031 0.463819 0.248031 0.463819 0.248031 0.463819 0.248031 0.463819 0.248031 0.463819 0.248031 0.463819 0.248031 0.463819 0.248031 0.463819 0.248031 0.463819 0.248031 0.463819 0.248031 0.463819 0.248031 0.463819 0.248031 0.463819 0.248031 0.463819 0.248031 0.463819 0.248031 0.463819 0.248031 0.463819 0.248031 0.463819 0.248031 0.463819 0.248031 0.463819 0.248031 0.463819 0.248031 0.463819 0.248031 0.463819 0.248031 0.463819 0.248031 0.463819 0.248031 0.463819 0.248031 0.463819 0.248031 0.463819 0.248031 0.463819 0.248031 0.463819 0.248031 0.463819 0.248031 0.463819 0.248031 0.463819 0.248031 0.463819 0.248031 0.463819 0.248031 0.463819 0.248031 0.463819 0.248031 0.463819 0.248031 0.463819 0.248031 0.463819 0.248031 0.463819 0.248031 0.463819 0.248031 0.463819 0.248031 0.463819 0.248031 0.463819 0.248031 0.463819 0.248031 0.463819 0.248031 0.463819 0.248031 0.463819 0.248031 0.463819 0.248031 0.463819 0.248031 0.463819 0.248031 0.463819 0.248031 0.463819 0.248031 0.463819 0.248031 0.463819 0.248031 0.463819 0.248031 0.463819 0.248031 0.463819 0.248031 0.463819 0.248031 0.463819 0.248031 0.463819 0.248031 0.463819 0.248031 0.463819 0.248031 0.463819 0.248031 0.463819 0.248031 0.463819 0.248031 0.463819 0.248031 0.463819 0.248031 0.463819 0.248031 0.463819 0.248031 0.463819 0.248031 0.463819 0.248031 0.463819 0.248031 0.463819 0.248031 0.463819 0.248031 0.463819 0.248031 0.463819 0.248031 0.463819 0.248031 0.463819 0.248031 0.463819 0.248031 0.463819 0.248031 0.463819 0.248031 0.463819 0.248031 0.463819 0.248031 0.463819 0.248031 0.463819 0.248031 0.463819 0.248031 0.463819 0.248031 0.463819 0.248031 0.463819 0.248031 0.463819 0.248031 0.463819 0.248031 0.463819 0.248031 0.463819 0.248031 0.463819 0.248031 0.463819 0.248031 0.463819 0.248031 0.463819 0.248031 0.463819 0.248031 0.463819 0.248031 0.463819 0.248031 0.463819 0.248031 0.463819 0.248031 0.463819 0.248031 0.463819 0.248031 0.463819 0.248031 0.463819 0.248031 0.463819 0.248031 0.463819 0.248031 0.463819 0.248031 0.463819 0.248031 0.463819 0.248031 0.463819 0.248031 0.463819 0.248031 0.463819 0.248031 0.463819 0.248031 0.463819 0.248031 0.463819 0.248031 0.463819 0.248031 0.463819 0.248031 0.463819 0.248031 0.463819 0.248031 0.463819 0.248031 0.463819 0.248031 0.463819 0.248031 0.463819 0.248031 0.463819 0.248031 0.463819 0.248031 0.463819 0.248031 0.463819 0.248031 0.463819 0.248031 0.463819 0.248031 0.463819 0.248031 0.463819 0.248031 0.463819 0.248031 0.463819 0.248031 0.463819 0.248031 0.463819 0.248031 0.463819 0.248031 0.463819 0.248031 0.463819 0.248031 0.463819 0.248031 0.463819 0.248031 0.463819 0.248031 0.463819 0.248031 0.463819 0.248031 0.463819 0.248031 0.463819 0.248031 0.463819 0.248031 0.463819 0.248031 0.463819 0.248031 0.463819 0.248031 0.463819 0.248031 0.463819 0.248031 0.463819 0.248031 0.463819 0.248031 0.463819 0.248031 0.463819 0.248031 0.463819 0.248031 0.463819 0.248031 0.463819 0.248031 0.463819 0.248031 0.463819 0.248031 0.463819 0.248031 0.463819 0.248031 0.463819 0.248031 0.463819 0.248031 0.463819 0.248031 0.463819 0.248031 0.463819 0.248031 0.463819 0.248031 0.463819 0.248031 0.463819 0.248031 0.463819 0.248031 0.463819 0.248031 0.463819 0.248031 0.463819 0.248031 0.463819 0.248031 0.463819 0.248031 0.463819 0.248031 0.463819 0.248031 0.463819 0.248031 0.463819 0.248031 0.463819 0.248031 0.463819 0.248031 0.463819 0.248031 0.463819 0.248031 0.463819 0.248031 0.463819 0.248031 0.463819 0.248031 0.463819 0.248031 0.463819 0.248031 0.463819 0.248031 0.463819 0.248031 0.463819 0.248031 0.463819 0.248031 0.463819 0.248031 0.463819 0.248031 0.463819 0.248031 0.463819 0.248031 0.463819 0.248031 0.463819 0.248031 0.463819 0.248031 0.463819 0.248031 0.463819 0.248031 0.463819 0.248031 0.463819 0.248031 0.463819 0.248031 0.463819 0.248031 0.463819 0.248031 0.463819 0.248031 0.463819 0.248031 0.463819 0.248031 0.463819 0.248031 0.463819 0.248031 0.463819 0.248031 0.463819 0.248031 0.463819 0.248031 0.463819 0.248031 0.463819 0.248031 0.463819 0.248031 0.463819 0.248031 0.463819 0.248031 0.463819 0.248031 0.463819 0.248031 0.463819 0.248031 0.463819 0.248031 0.463819 0.248031 0.463819 0.248031 0.463819 0.248031 0.463819 0.248031 0.463819 0.248031 0.463819 0.248031 0.463819 0.248031 0.463819 0.248031 0.463819 0.248031 0.463819 0.248031 0.463819 0.248031 0.463819 0.248031 0.463819 0.248031 0.463819 0.248031 0.463819 0.248031 0.463819 0.248031 0.463819 0.248031 0.463819 0.248031 0.463819 0.248031 0.463819 0.248031 0.463819 0.248031 0.463819 0.248031 0.463819 0.248031 0.463819 0.248031 0.463819 0.248031 0.463819 0.248031 0.463819 0.248031 0.463819 0.248031 0.463819 0.248031 0.463819 0.248031 0.463819 0.248031 0.463819 0.248031 0.463819 0.248031 0.463819 0.248031 0.463819 0.248031 0.463819 0.248031 0.463819 0.248031 0.463819 0.248031 0.463819 0.248031 0.463819 0.248031 0.463819 0.248031 0.463819 0.248031 0.463819 0.248031 0.463819 0.248031 0.463819 0.248031 0.463819 0.248031 0.463819 0.248031 0.463819 0.248031 0.463819 0.248031 0.463819 0.248031 0.463819 0.248031 0.463819 0.248031 0.463819 0.248031 0.463819 0.248031 0.463819 0.248031 0.463819 0.248031 0.463819 0.248031 0.463819 0.248031 0.463819 0.248031 0.463819 0.248031 0.463819 0.248031 0.463819 0.248031 0.463819 0.248031 0.463819 0.248031 0.463819 0.248031 0.463819 0.248031 0.463819 0.248031 0.463819 0.248031 0.463819 0.248031 0.463819 0.248031 0.463819 0.248031 0.463819 0.248031 0.463819 0.248031 0.463819 0.248031 0.463819 0.248031 0.463819 0.248031 0.463819 0.248031 0.463819 0.248031 0.463819 0.248031 0.463819 0.248031 0.463819 0.248031 0.463819 0.248031 0.463819 0.248031 0.463819 0.248031 0.463819 0.248031 0.463819 0.248031 0.463819 0.248031 0.463819 0.248031 0.463819 0.248031 0.463819 0.248031 0.463819 0.248031 0.463819 0.248031 0.463819 0.248031 0.463819 0.248031 0.463819 0.248031 0.463819 0.248031 0.463819 0.248031 0.463819 0.248031 0.463819 0.248031 0.463819 0.248031 0.463819 0.248031 0.463819 0.248031 0.463819 0.248031 0.463819 0.248031 0.463819 0.248031 0.463819 0.248031 0.463819 0.248031 0.463819 0.248031 0.463819 0.248031 0.463819 0.248031 0.463819 0.248031 0.463819 0.248031 0.463819 0.248031 0.463819 0.248031 0.463819 0.248031 0.463819 0.248031 0.463819 0.248031 0.463819 0.248031 0.463819 0.248031 0.463819 0.248031 0.463819 0.248031 0.463819 0.248031 0.463819 0.248031 0.463819 0.248031 0.463819 0.248031 0.463819 0.248031 0.463819 0.248031 0.463819 0.248031 0.463819 0.248031 0.463819 0.248031 0.463819 0.248031 0.463819 0.248031 0.463819 0.248031 0.463819 0.248031 0.463819 0.248031 0.463819 0.248031 0.463819 0.248031 0.463819 0.248031 0.463819 0.248031 0.463819 0.248031 0.463819 0.248031 0.463819 0.248031 0.463819 0.248031 0.463819 0.248031 0.463819 0.248031 0.463819 0.248031 0.463819 0.248031 0.463819 0.248031 0.463819 0.248031 0.463819 0.248031 0.463819 0.248031 0.463819 0.248031 0.463819 0.248031 0.463819 0.248031 0.463819 0.248031 0.463819 0.248031 0.463819 0.248031 0.463819 0.248031 0.463819 0.248031 0.463819 0.248031 0.463819 0.248031 0.463819 0.248031 0.463819 0.248031 0.463819 0.248031 0.463819 0.248031 0.463819 0.248031 0.463819 0.248031 0.463819 0.248031 0.463819 0.248031 0.463819 0.248031 0.463819 0.248031 0.463819 0.248031 0.463819 0.248031 0.463819 0.248031 0.463819 0.248031 0.463819 0.248031 0.463819 0.248031 0.463819 0.248031 0.463819 0.248031 0.463819 0.248031 0.463819 0.248031 0.463819 0.248031 0.463819 0.248031 0.463819 0.248031 0.463819 0.248031 0.463819 0.248031 0.463819 0.248031 0.463819 0.248031 0.463819 0.248031 0.463819 0.248031 0.463819 0.248031 0.463819 0.248031 0.463819 0.248031 0.463819 0.248031 0.463819 0.248031 0.463819 0.248031 0.463819 0.248031 0.463819 0.248031 0.463819 0.248031 0.463819 0.248031 0.463819 0.248031 0.463819 0.248031 0.463819 0.248031 0.463819 0.248031 0.463819 0.248031 0.463819 0.248031 0.463819 0.248031 0.463819 0.248031 0.463819 0.248031 0.463819 0.248031 0.463819 0.248031 0.463819 0.248031 0.463819 0.248031 0.463819 0.248031 0.463819 0.248031 0.463819 0.248031 0.463819 0.248031 0.463819 0.248031 0.463819 0.248031 0.463819 0.248031 0.463819 0.248031 0.463819 0.248031 0.463819 0.248031 0.463819 0.248031 0.463819 0.248031 0.463819 0.248031 0.463819 0.248031 0.463819 0.248031 0.463819 0.248031 0.463819 0.248031 0.463819 0.248031 0.463819 0.248031 0.463819 0.248031 0.463819 0.248031 0.463819 0.248031 0.463819 0.248031 0.463819 0.248031 0.463819 0.248031 0.463819 0.248031 0.463819 0.248031 0.463819 0.248031 0.463819 0.248031 0.463819 0.248031 0.463819 0.248031 0.463819 0.248031 0.463819 0.248031 0.463819 0.248031 0.463819 0.248031 0.463819 0.248031 0.463819 0.248031 0.463819 0.248031 0.463819 0.248031 0.463819 0.248031 0.463819 0.248031 0.463819 0.248031 0.463819 0.248031 0.463819 0.248031 0.463819 0.248031 0.463819 0.248031 0.463819 0.248031 0.463819 0.248031 0.463819 0.248031 0.463819 0.248031 0.463819 0.248031 0.463819 0.248031 0.463819 0.248031 0.463819 0.248031 0.463819 0.248031 0.463819 0.248031 0.463819 0.248031 0.463819 0.248031 0.463819 0.248031 0.463819 0.248031 0.463819 0.248031 0.463819 0.248031 0.463819 0.248031 0.463819 0.248031 0.463819 0.248031 0.463819 0.248031 0.463819 0.248031 0.463819 0.248031 0.463819 0.248031 0.463819 0.248031 0.463819 0.248031 0.463819 0.248031 0.463819 0.248031 0.463819 0.248031 0.463819 0.248031 0.463819 0.248031 0.463819 0.248031 0.463819 0.248031 0.463819 0.248031 0.463819 0.248031 0.463819 0.248031 0.463819 0.248031 0.463819 0.248031 0.463819 0.248031 0.463819 0.248031 0.463819 0.248031 0.463819 0.248031 0.463819 0.248031 0.463819 0.248031 0.463819 0.248031 0.463819 0.248031 0.463819 0.248031 0.463819 0.248031 0.463819 0.248031 0.463819 0.248031 0.463819 0.248031 0.463819 0.248031 0.463819 0.248031 0.463819 0.248031 0.463819 0.248031 0.463819 0.248031 0.463819 0.248031 0.463819 0.248031 0.463819 0.248031 0.463819 0.248031 0.463819 0.248031 0.463819 0.248031 0.463819 0.248031 0.463819 0.248031 0.463819 0.248031 0.463819 0.248031 0.463819 0.248031 0.463819 0.248031 0.463819 0.248031 0.463819 0.248031 0.463819 0.248031 0.463819 0.248031 0.463819 0.248031 0.463819 0.248031 0.463819 0.248031 0.463819 0.248031 0.463819 0.248031 0.463819 0.248031 0.463819 0.248031 0.463819 0.248031 0.463819 0.248031 0.463819 0.248031 0.463819 0.248031 0.463819 0.248031 0.463819 0.248031 0.463819 0.248031 0.463819 0.248031 0.463819 0.248031 0.463819 0.248031 0.463819 0.248031 0.463819 0.248031 0.463819 0.248031 0.463819 0.248031 0.463819 0.248031 0.463819 0.248031 0.463819 0.248031 0.463819 0.248031 0.463819 0.248031 0.463819 0.248031 0.463819 0.248031 0.463819 0.248031 0.463819 0.248031 0.463819 0.248031 0.463819 0.248031 0.463819 0.248031 0.463819 0.248031 0.463819 0.248031 0.463819 0.248031 0.463819 0.248031 0.463819 0.248031 0.463819 0.248031 0.463819 0.248031 0.463819 0.248031 0.463819 0.248031 0.463819 0.248031 0.463819 0.248031 0.463819 0.248031 0.463819 0.248031 0.463819 0.248031 0.463819 0.248031 0.463819 0.248031 0.463819 0.248031 0.463819 0.248031 0.463819 0.248031 0.463819 0.248031 0.463819 0.248031 0.463819 0.248031 0.463819 0.248031 0.463819 0.248031 0.463819 0.248031 0.463819 0.248031 0.463819 0.248031 0.463819 0.248031 0.463819 0.248031 0.463819 0.248031 0.463819 0.248031 0.463819 0.248031 0.463819 0.248031 0.463819 0.248031 0.463819 0.248031 0.463819 0.248031 0.463819 0.248031 0.463819 0.248031 0.463819 0.248031 0.463819 0.248031 0.463819 0.248031 0.463819 0.248031 0.463819 0.248031 0.463819 0.248031 0.463819 0.248031 0.463819 0.248031 0.463819 0.248031 0.463819 0.248031 0.463819 0.248031 0.463819 0.248031 0.463819 0.248031 0.463819 0.248031 0.463819 0.248031 0.463819 0.248031 0.463819 0.248031 0.463819 0.248031 0.463819 0.248031 0.463819 0.248031 0.463819 0.248031 0.463819 0.248031 0.463819 0.248031 0.463819 0.248031 0.463819 0.248031 0.463819 0.248031 0.463819 0.248031 0.463819 0.248031 0.463819 0.248031 0.463819 0.248031 0.463819 0.248031 0.463819 0.248031 0.463819 0.248031 0.463819 0.248031 0.463819 0.248031 0.463819 0.248031 0.463819 0.248031 0.463819 0.248031 0.463819 0.248031 0.463819 0.248031 0.463819 0.248031 0.463819 0.248031 0.463819 0.248031 0.463819 0.248031 0.463819 0.248031 0.463819 0.248031 0.463819 0.248031 0.463819 0.248031 0.463819 0.248031 0.463819 0.248031 0.463819 0.248031 0.463819 0.248031 0.463819 0.248031 0.463819 0.248031 0.463819 0.248031 0.463819 0.248031 0.463819 0.248031 0.463819 0.248031 0.463819 0.248031 0.463819 0.248031 0.463819 0.248031 0.463819 0.248031 0.463819 0.248031 0.463819 0.248031 0.463819 0.248031 0.463819 0.248031 0.463819 0.248031 0.463819 0.248031 0.463819 0.248031 0.463819 0.248031 0.463819 0.248031 0.463819 0.248031 0.463819 0.248031 0.463819 0.248031 0.463819 0.248031 0.463819 0.248031 0.463819 0.248031 0.463819 0.248031 0.463819 0.248031 0.463819 0.248031 0.463819 0.248031 0.463819 0.248031 0.463819 0.248031 0.463819 0.248031 0.463819 0.248031 0.463819 0.248031 0.463819 0.248031 0.463819 0.248031 0.463819 0.248031 0.463819 0.248031 0.463819 0.248031 0.463819 0.248031 0.463819 0.248031 0.463819 0.248031 0.463819 0.248031 0.463819 0.248031 0.463819 0.248031 0.463819 0.248031 0.463819 0.248031 0.463819 0.248031 0.463819 0.248031 0.463819 0.248031 0.463819 0.248031 0.463819 0.248031 0.463819 0.248031 0.463819 0.248031 0.463819 0.248031 0.463819 0.248031 0.463819 0.248031 0.463819 0.248031 0.463819 0.248031 0.463819 0.248031 0.463819 0.248031 0.463819 0.248031 0.463819 0.248031 0.463819 0.248031 0.463819 0.248031 0.463819 0.248031 0.463819 0.248031 0.463819 0.248031 0.463819 0.248031 0.463819 0.248031 0.463819 0.248031 0.463819 0.248031 0.463819 0.248031 0.463819 0.248031 0.463819 0.248031 0.463819 0.248031 0.463819 0.248031 0.463819 0.248031 0.463819 0.248031 0.463819 0.248031 0.463819 0.248031 0.463819 0.248031 0.463819 0.248031 0.463819 0.248031 0.463819 0.248031 0.463819 0.248031 0.463819 0.248031 0.463819 0.248031 0.463819 0.248031 0.463819 0.248031 0.463819 0.248031 0.463819 0.248031 0.463819 0.248031 0.463819 0.248031 0.463819 0.248031 0.463819 0.248031 0.463819 0.248031 0.463819 0.248031 0.463819 0.248031 0.463819 0.248031 0.463819 0.248031 0.463819 0.248031 0.463819 0.248031 0.463819 0.248031 0.463819 0.248031 0.463819 0.248031 0.463819 0.248031 0.463819 0.248031 0.463819 0.248031 0.463819 0.248031 0.463819 0.248031 0.463819 0.248031 0.463819 0.248031 0.463819 0.248031 0.463819 0.248031 0.463819 0.248031 0.463819 0.248031 0.463819 0.248031 0.463819 0.248031 0.463819 0.248031 0.463819 0.248031 0.463819 0.248031 0.463819 0.248031 0.463819 0.248031 0.463819 0.248031 0.463819 0.248031 0.463819 0.248031 0.463819 0.248031 0.463819 0.248031 0.463819 0.248031 0.463819 0.248031 0.463819 0.248031 0.463819 0.248031 0.463819 0.248031 0.463819 0.248031 0.463819 0.248031 0.463819 0.248031 0.463819 0.248031 0.463819 0.248031 0.463819 0.248031 0.463819 0.248031 0.463819 0.248031 0.463819 0.248031 0.463819 0.248031 0.463819 0.248031 0.463819 0.248031 0.463819 0.248031 0.463819 0.248031 0.463819 0.248031 0.463819 0.248031 0.463819 0.248031 0.463819 0.248031 0.463819 0.248031 0.463819 0.248031 0.463819 0.248031 0.463819 0.248031 0.463819 0.248031 0.463819 0.248031 0.463819 0.248031 0.463819 0.248031 0.463819 0.248031 0.463819 0.248031 0.463819 0.248031 0.463819 0.248031 0.463819 0.248031 0.463819 0.248031 0.463819 0.248031 0.463819 0.248031 0.463819 0.248031 0.463819 0.248031 0.463819 0.248031 0.463819 0.248031 0.463819 0.248031 0.463819 0.248031 0.463819 0.248031 0.463819 0.248031 0.463819 0.248031 0.463819 0.248031 0.463819 0.248031 0.463819 0.248031 0.463819 0.248031 0.463819 0.248031 0.463819 0.248031 0.463819 0.248031 0.463819 0.248031 0.463819 0.248031 0.463819 0.248031 0.463819 0.248031 0.463819 0.248031 0.463819 0.248031 0.463819 0.248031 0.463819 0.248031 0.463819 0.248031 0.463819 0.248031 0.463819 0.248031 0.463819 0.248031 0.463819 0.248031 0.463819 0.248031 0.463819 0.248031 0.463819 0.248031 0.463819 0.248031 0.463819 0.248031 0.463819 0.248031 0.463819 0.248031 0.463819 0.248031 0.463819 0.248031 0.463819 0.248031 0.463819 0.248031 0.463819 0.248031 0.463819 0.248031 0.463819 0.248031 0.463819 0.248031 0.463819 0.248031 0.463819 0.248031 0.463819 0.248031 0.463819 0.248031 0.463819 0.248031 0.463819 0.248031 0.463819 0.248031 0.463819 0.248031 0.463819 0.248031 0.463819 0.248031 0.463819 0.248031 0.463819 0.248031 0.463819 0.248031 0.463819 0.248031 0.463819 0.248031 0.463819 0.248031 0.463819 0.248031 0.463819 0.248031 0.463819 0.248031 0.463819 0.248031 0.463819 0.248031 0.463819 0.248031 0.463819 0.248031 0.463819 0.248031 0.463819 0.248031 0.463819 0.248031 0.463819 0.248031 0.463819 0.248031 0.463819 0.248031 0.463819 0.248031 0.463819 0.248031 0.463819 0.248031 0.463819 0.248031 0.463819 0.248031 0.463819 0.248031 0.463819 0.248031 0.463819 0.248031 0.463819 0.248031 0.463819 0.248031 0.463819 0.248031 0.463819 0.248031 0.463819 0.248031 0.463819 0.248031 0.463819 0.248031 0.463819 0.248031 0.463819 0.248031 0.463819 0.248031 0.463819 0.248031 0.463819 0.248031 0.463819 0.248031 0.463819 0.248031 0.463819 0.248031 0.463819 0.248031 0.463819 0.248031 0.463819 0.248031 0.463819 0.248031 0.463819 0.248031 0.463819 0.248031 0.463819 0.248031 0.463819 0.248031 0.463819 0.248031 0.463819 0.248031 0.463819 0.248031 0.463819 0.248031 0.463819 0.248031 0.463819 0.248031 0.463819 0.248031 0.463819 0.248031 0.463819 0.248031 0.463819 0.248031 0.463819 0.248031 0.463819 0.248031 0.463819 0.248031 0.463819 0.248031 0.463819 0.248031 0.463819 0.248031 0.463819 0.248031 0.463819 0.248031 0.463819 0.248031 0.463819 0.248031 0.463819 0.248031 0.463819 0.248031 0.463819 0.248031 0.463819 0.248031 0.463819 0.248031 0.463819 0.248031 0.463819 0.248031 0.463819 0.248031 0.463819 0.248031 0.463819 0.248031 0.463819 0.248031 0.463819 0.248031 0.463819 0.248031 0.463819 0.248031 0.463819 0.248031 0.463819 0.248031 0.463819 0.248031 0.463819 0.248031 0.463819 0.248031 0.463819 0.248031 0.463819 0.248031 0.463819 0.248031 0.463819 0.248031 0.463819 0.248031 0.463819 0.248031 0.463819 0.248031 0.463819 0.248031 0.463819 0.248031 0.463819 0.248031 0.463819 0.248031 0.463819 0.248031 0.463819 0.248031 0.463819 0.248031 0.463819 0.248031 0.463819 0.248031 0.463819 0.248031 0.463819 0.248031 0.463819 0.248031 0.463819 0.248031 0.463819 0.248031 0.463819 0.248031 0.463819 0.248031 0.463819 0.248031 0.463819 0.248031 0.463819 0.248031 0.463819 0.248031 0.463819 0.248031 0.463819 0.248031 0.463819 0.248031 0.463819 0.248031 0.463819 0.248031 0.463819 0.248031 0.463819 0.248031 0.463819 0.248031 0.463819 0.248031 0.463819 0.248031 0.463819 0.248031 0.463819 0.248031 0.463819 0.248031 0.463819 0.248031 0.463819 0.248031 0.463819 0.248031 0.463819 0.248031 0.463819 0.248031 0.463819 0.248031 0.463819 0.248031 0.463819 0.248031 0.463819 0.248031 0.463819 0.248031 0.463819 0.248031 0.463819 0.248031 0.463819 0.248031 0.463819 0.248031 0.463819 0.248031 0.463819 0.248031 0.463819 0.248031 0.463819 0.248031 0.463819 0.248031 0.463819 0.248031 0.463819 0.248031 0.463819 0.248031 0.463819 0.248031 0.463819 0.248031 0.463819 0.248031 0.463819 0.248031 0.463819 0.248031 0.463819 0.248031 0.463819 0.248031 0.463819 0.248031 0.463819 0.248031 0.463819 0.248031 0.463819 0.248031 0.463819 0.248031 0.463819 0.248031 0.463819 0.248031 0.463819 0.248031 0.463819 0.248031 0.463819 0.248031 0.463819 0.248031 0.463819 0.248031 0.463819 0.248031 0.463819 0.248031 0.463819 0.248031 0.463819 0.248031 0.463819 0.248031 0.463819 0.248031 0.463819 0.248031 0.463819 0.248031 0.463819 0.248031 0.463819 0.248031 0.463819 0.248031 0.463819 0.248031 0.463819 0.248031 0.463819 0.248031 0.463819 0.248031 0.463819 0.248031 0.463819 0.248031 0.463819 0.248031 0.463819 0.248031 0.463819 0.248031 0.463819 0.248031 0.463819 0.248031 0.463819 0.248031 0.463819 0.248031 0.463819 0.248031 0.463819 0.248031 0.463819 0.248031 0.463819 0.248031 0.463819 0.248031 0.463819 0.248031 0.463819 0.248031 0.463819 0.248031 0.463819 0.248031 0.463819 0.248031 0.463819 0.248031 0.463819 0.248031 0.463819 0.248031 0.463819 0.248031 0.463819 0.248031 0.463819 0.248031 0.463819 0.248031 0.463819 0.248031 0.463819 0.248031 0.463819 0.248031 0.463819 0.248031 0.463819 0.248031 0.463819 0.248031 0.463819 0.248031 0.463819 0.248031 0.463819 0.248031 0.463819 0.248031 0.463819 0.248031 0.463819 0.248031 0.463819 0.248031 0.463819 0.248031 0.463819 0.248031 0.463819 0.248031 0.463819 0.248031 0.463819 0.248031 0.463819 0.248031 0.463819 0.248031 0.463819 0.248031 0.463819 0.248031 0.463819 0.248031 0.463819 0.248031 0.463819 0.248031 0.463819 0.248031 0.463819 0.248031 0.463819 0.248031 0.463819 0.248031 0.463819 0.248031 0.463819 0.248031 0.463819 0.248031 0.463819 0.248031 0.463819 0.248031 0.463819 0.248031 0.463819 0.248031 0.463819 0.248031 0.463819 0.248031 0.463819 0.248031 0.463819 0.248031 0.463819 0.248031 0.463819 0.248031 0.463819 0.248031 0.463819 0.248031 0.463819 0.248031 0.463819 0.248031 0.463819 0.248031 0.463819 0.248031 0.463819 0.248031 0.463819 0.248031 0.463819 0.248031 0.463819 0.248031 0.463819 0.248031 0.463819 0.248031 0.463819 0.248031 0.463819 0.248031 0.463819 0.248031 0.463819 0.248031 0.463819 0.248031 0.463819 0.248031 0.463819 0.248031 0.463819 0.248031 0.463819 0.248031 0.463819 0.248031 0.463819 0.248031 0.463819 0.248031 0.463819 0.248031 0.463819 0.248031 0.463819 0.248031 0.463819 0.248031 0.463819 0.248031 0.463819 0.248031 0.463819 0.248031 0.463819 0.248031 0.463819 0.248031 0.463819 0.248031 0.463819 0.248031 0.463819 0.248031 0.463819 0.248031 0.463819 0.248031 0.463819 0.248031 0.463819 0.248031 0.463819 0.248031 0.463819 0.248031 0.463819 0.248031 0.463819 0.248031 0.463819 0.248031 0.463819 0.248031 0.463819 0.248031 0.463819 0.248031 0.463819 0.248031 0.463819 0.248031 0.463819 0.248031 0.463819 0.248031 0.463819 0.248031 0.463819 0.248031 0.463819 0.248031 0.463819 0.248031 0.463819 0.248031 0.463819 0.248031 0.463819 0.248031 0.463819 0.248031 0.463819 0.248031 0.463819 0.248031 0.463819 0.248031 0.463819 0.248031 0.463819 0.248031 0.463819 0.248031 0.463819 0.248031 0.463819 0.248031 0.463819 0.248031 0.463819 0.248031 0.463819 0.248031 0.463819 0.248031 0.463819 0.248031 0.463819 0.248031 0.463819 0.248031 0.463819 0.248031 0.463819 0.248031 0.463819 0.248031 0.463819 0.248031 0.463819 0.248031 0.463819 0.248031 0.463819 0.248031 0.463819 0.248031 0.463819 0.248031 0.463819 0.248031 0.463819 0.248031 0.463819 0.248031 0.463819 0.248031 0.463819 0.248031 0.463819 0.248031 0.463819 0.248031 0.463819 0.248031 0.463819 0.248031 0.463819 0.248031 0.463819 0.248031 0.463819 0.248031 0.463819 0.248031 0.463819 0.248031 0.463819 0.248031 0.463819 0.248031 0.463819 0.248031 0.463819 0.248031 0.463819 0.248031 0.463819 0.248031 0.463819 0.248031 0.463819 0.248031 0.463819 0.248031 0.463819 0.248031 0.463819 0.248031 0.463819 0.248031 0.463819 0.248031 0.463819 0.248031 0.463819 0.248031 0.463819 0.248031 0.463819 0.248031 0.463819 0.248031 0.463819 0.248031 0.463819 0.248031 0.463819 0.248031 0.463819 0.248031 0.463819 0.248031 0.463819 0.248031 0.463819 0.248031 0.463819 0.248031 0.463819 0.248031 0.463819 0.248031 0.463819 0.248031 0.463819 0.248031 0.463819 0.248031 0.463819 0.248031 0.463819 0.248031 0.463819 0.248031 0.463819 0.248031 0.463819 0.248031 0.463819 0.248031 0.463819 0.248031 0.463819 0.248031 0.463819 0.248031 0.463819 0.248031 0.463819 0.248031 0.463819 0.248031 0.463819 0.248031 0.463819 0.248031 0.463819 0.248031 0.463819 0.248031 0.463819 0.248031 0.463819 0.248031 0.463819 0.248031 0.463819 0.248031 0.463819 0.248031 0.463819 0.248031 0.463819 0.248031 0.463819 0.248031 0.463819 0.248031 0.463819 0.248031 0.463819 0.248031 0.463819 0.248031 0.463819 0.248031 0.463819 0.248031 0.463819 0.248031 0.463819 0.248031 0.463819 0.248031 0.463819 0.248031 0.463819 0.248031 0.463819 0.248031 0.463819 0.248031 0.463819 0.248031 0.463819 0.248031 0.463819 0.248031 0.463819 0.248031 0.463819 0.248031 0.463819 0.248031 0.463819 0.248031 0.463819 0.248031 0.463819 0.248031 0.463819 0.248031 0.463819 0.248031 0.463819 0.248031 0.463819 0.248031 0.463819 0.248031 0.463819 0.248031 0.463819 0.248031 0.463819 0.248031 0.463819 0.248031 0.463819 0.248031 0.463819 0.248031 0.463819 0.248031 0.463819 0.248031 0.463819 0.248031 0.463819 0.248031 0.463819 0.248031 0.463819 0.248031 0.463819 0.248031 0.463819 0.248031 0.463819 0.248031 0.463819 0.248031 0.463819 0.248031 0.463819 0.248031 0.463819 0.248031 0.463819 0.248031 0.463819 0.248031 0.463819 0.248031 0.463819 0.248031 0.463819 0.248031 0.463819 0.248031 0.463819 0.248031 0.463819 0.248031 0.463819 0.248031 0.463819 0.248031 0.463819 0.248031 0.463819 0.248031 0.463819 0.248031 0.463819 0.248031 0.463819 0.248031 0.463819 0.248031 0.463819 0.248031 0.463819 0.248031 0.463819 0.248031 0.463819 0.248031 0.463819 0.248031 0.463819 0.248031 0.463819 0.248031 0.463819 0.248031 0.463819 0.248031 0.463819 0.248031 0.463819 0.248031 0.463819 0.248031 0.463819 0.248031 0.463819 0.248031 0.463819 0.248031 0.463819 0.248031 0.463819 0.248031 0.463819 0.248031 0.463819 0.248031 0.463819 0.248031 0.463819 0.248031 0.463819 0.248031 0.463819 0.248031 0.463819 0.248031 0.463819 0.248031 0.463819 0.248031 0.463819 0.248031 0.463819 0.248031 0.463819 0.248031 0.463819 0.248031 0.463819 0.248031 0.463819 0.248031 0.463819 0.248031 0.463819 0.248031 0.463819 0.248031 0.463819 0.248031 0.463819 0.248031 0.463819 0.248031 0.463819 0.248031 0.463819 0.248031 0.463819 0.248031 0.463819 0.248031 0.463819 0.248031 0.463819 0.248031 0.463819 0.248031 0.463819 0.248031 0.463819 0.248031 0.463819 0.248031 0.463819 0.248031 0.463819 0.248031 0.463819 0.248031 0.463819 0.248031 0.463819 0.248031 0.463819 0.248031 0.463819 0.248031 0.463819 0.248031 0.463819 0.248031 0.463819 0.248031 0.463819 0.248031 0.463819 0.248031 0.463819 0.248031 0.463819 0.248031 0.463819 0.248031 0.463819 0.248031 0.463819 0.248031 0.463819 0.248031 0.463819 0.248031 0.463819 0.248031 0.463819 0.248031 0.463819 0.248031 0.463819 0.248031 0.463819 0.248031 0.463819 0.248031 0.463819 0.248031 0.463819 0.248031 0.463819 0.248031 0.463819 0.248031 0.463819 0.248031 0.463819 0.248031 0.463819 0.248031 0.463819 0.248031 0.463819 0.248031 0.463819 0.248031 0.463819 0.248031 0.463819 0.248031 0.463819 0.248031 0.463819 0.248031 0.463819 0.248031 0.463819 0.248031 0.463819 0.248031 0.463819 0.248031 0.463819 0.248031 0.463819 0.248031 0.463819 0.248031 0.463819 0.248031 0.463819 0.248031 0.463819 0.248031 0.463819 0.248031 0.463819 0.248031 0.463819 0.248031 0.463819 0.248031 0.463819 0.248031 0.463819 0.248031 0.463819 0.248031 0.463819 0.248031 0.463819 0.248031 0.463819 0.248031 0.463819 0.248031 0.463819 0.248031 0.463819 0.248031 0.463819 0.248031 0.463819 0.248031 0.463819 0.248031 0.463819 0.248031 0.463819 0.248031 0.463819 0.248031 0.463819 0.248031 0.463819 0.248031 0.463819 0.248031 0.463819 0.248031 0.463819 0.248031 0.463819 0.248031 0.463819 0.248031 0.463819 0.248031 0.463819 0.248031 0.463819 0.248031 0.463819 0.248031 0.463819 0.248031 0.463819 0.248031 0.463819 0.248031 0.463819 0.248031 0.463819 0.248031 0.463819 0.248031 0.463819 0.248031 0.463819 0.248031 0.463819 0.248031 0.463819 0.248031 0.463819 0.248031 0.463819 0.248031 0.463819 0.248031 0.463819 0.248031 0.463819 0.248031 0.463819 0.248031 0.463819 0.248031 0.463819 0.248031 0.463819 0.248031 0.463819 0.248031 0.463819 0.248031 0.463819 0.248031 0.463819 0.248031 0.463819 0.248031 0.463819 0.248031 0.463819 0.248031 0.463819 0.248031 0.463819 0.248031 0.463819 0.248031 0.463819 0.248031 0.463819 0.248031 0.463819 0.248031 0.463819 0.248031 0.463819 0.248031 0.463819 0.248031 0.463819 0.248031 0.463819 0.248031 0.463819 0.248031 0.463819 0.248031 0.463819 0.248031 0.463819 0.248031 0.463819 0.248031 0.463819 0.248031 0.463819 0.248031 0.463819 0.248031 0.463819 0.248031 0.463819 0.248031 0.463819 0.248031 0.463819 0.248031 0.463819 0.248031 0.463819 0.248031 0.463819 0.248031 0.463819 0.248031 0.463819 0.248031 0.463819 0.248031 0.463819 0.248031 0.463819 0.248031 0.463819 0.248031 0.463819 0.248031 0.463819 0.248031 0.463819 0.248031 0.463819 0.248031 0.463819 0.248031 0.463819 0.248031 0.463819 0.248031 0.463819 0.248031 0.463819 0.248031 0.463819 0.248031 0.463819 0.248031 0.463819 0.248031 0.463819 0.248031 0.463819 0.248031 0.463819 0.248031 0.463819 0.248031 0.463819 0.248031 0.463819 0.248031 0.463819 0.248031 0.463819 0.248031 0.463819 0.248031 0.463819 0.248031 0.463819 0.248031 0.463819 0.248031 0.463819 0.248031 0.463819 0.248031 0.463819 0.248031 0.463819 0.248031 0.463819 0.248031 0.463819 0.248031 0.463819 0.248031 0.463819 0.248031 0.463819 0.248031 0.463819 0.248031 0.463819 0.248031 0.463819 0.248031 0.463819 0.248031 0.463819 0.248031 0.463819 0.248031 0.463819 0.248031 0.463819 0.248031 0.463819 0.248031 0.463819 0.248031 0.463819 0.248031 0.463819 0.248031 0.463819 0.248031 0.463819 0.248031 0.463819 0.248031 0.463819 0.248031 0.463819 0.248031 0.463819 0.248031 0.463819 0.248031 0.463819 0.248031 0.463819 0.248031 0.463819 0.248031 0.463819 0.248031 0.463819 0.248031 0.463819 0.248031 0.463819 0.248031 0.463819 0.248031 0.463819 0.248031 0.463819 0.248031 0.463819 0.248031 0.463819 0.248031 0.463819 0.248031 0.463819 0.248031 0.463819 0.248031 0.463819 0.248031 0.463819 0.248031 0.463819 0.248031 0.463819 0.248031 0.463819 0.248031 0.463819 0.248031 0.463819 0.248031 0.463819 0.248031 0.463819 0.248031 0.463819 0.248031 0.463819 0.248031 0.463819 0.248031 0.463819 0.248031 0.463819 0.248031 0.463819 0.248031 0.463819 0.248031 0.463819 0.248031 0.463819 0.248031 0.463819 0.248031 0.463819 0.248031 0.463819 0.248031 0.463819 0.248031 0.463819 0.248031 0.463819 0.248031 0.463819 0.248031 0.463819 0.248031 0.463819 0.248031 0.463819 0.248031 0.463819 0.248031 0.463819 0.248031 0.463819 0.248031 0.463819 0.248031 0.463819 0.248031 0.463819 0.248031 0.463819 0.248031 0.463819 0.248031 0.463819 0.248031 0.463819 0.248031 0.463819 0.248031 0.463819 0.248031 0.463819 0.248031 0.463819 0.248031 0.463819 0.248031 0.463819 0.248031 0.463819 0.248031 0.463819 0.248031 0.463819 0.248031 0.463819 0.248031 0.463819 0.248031 0.463819 0.248031 0.463819 0.248031 0.463819 0.248031 0.463819 0.248031 0.463819 0.248031 0.463819 0.248031 0.463819 0.248031 0.463819 0.248031 0.463819 0.248031 0.463819 0.248031 0.463819 0.248031 0.463819 0.248031 0.463819 0.248031 0.463819 0.248031 0.463819 0.248031 0.463819 0.248031 0.463819 0.248031 0.463819 0.248031 0.463819 0.248031 0.463819 0.248031 0.463819 0.248031 0.463819 0.248031 0.463819 0.248031 0.463819 0.248031 0.463819 0.248031 0.463819 0.248031 0.463819 0.248031 0.463819 0.248031 0.463819 0.248031 0.463819 0.248031 0.463819 0.248031 0.463819 0.248031 0.463819 0.248031 0.463819 0.248031 0.463819 0.248031 0.463819 0.248031 0.463819 0.248031 0.463819 0.248031 0.463819 0.248031 0.463819 0.248031 0.463819 0.248031 0.463819 0.248031 0.463819 0.248031 0.463819 0.248031 0.463819 0.248031 0.463819 0.248031 0.463819 0.248031 0.463819 0.248031 0.463819 0.248031 0.463819 0.248031 0.463819 0.248031 0.463819 0.248031 0.463819 0.248031 0.463819 0.248031 0.463819 0.248031 0.463819 0.248031 0.463819 0.248031 0.463819 0.248031 0.463819 0.248031 0.463819 0.248031 0.463819 0.248031 0.463819 0.248031 0.463819 0.248031 0.463819 0.248031 0.463819 0.248031 0.463819 0.248031 0.463819 0.248031 0.463819 0.248031 0.463819 0.248031 0.463819 0.248031 0.463819 0.248031 0.463819 0.248031 0.463819 0.248031 0.463819 0.248031 0.463819 0.248031 0.463819 0.248031 0.463819 0.248031 0.463819 0.248031 0.463819 0.248031 0.463819 0.248031 0.463819 0.248031 0.463819 0.248031 0.463819 0.248031 0.463819 0.248031 0.463819 0.248031 0.463819 0.248031 0.463819 0.248031 0.463819 0.248031 0.463819 0.248031 0.463819 0.248031 0.463819 0.248031 0.463819 0.248031 0.463819 0.248031 0.463819 0.248031 0.463819 0.248031 0.463819 0.248031 0.463819 0.248031 0.463819 0.248031 0.463819 0.248031 0.463819 0.248031 0.463819 0.248031 0.463819 0.248031 0.463819 0.248031 0.463819 0.248031 0.463819 0.248031 0.463819 0.248031 0.463819 0.248031 0.463819 0.248031 0.463819 0.248031 0.463819 0.248031 0.463819 0.248031 0.463819 0.248031 0.463819 0.248031 0.463819 0.248031 0.463819 0.248031 0.463819 0.248031 0.463819 0.248031 0.463819 0.248031 0.463819 0.248031 0.463819 0.248031 0.463819 0.248031 0.463819 0.248031 0.463819 0.248031 0.463819 0.248031 0.463819 0.248031 0.463819 0.248031 0.463819 0.248031 0.463819 0.248031 0.463819 0.248031 0.463819 0.248031 0.463819 0.248031 0.463819 0.248031 0.463819 0.248031 0.463819 0.248031 0.463819 0.248031 0.463819 0.248031 0.463819 0.248031 0.463819 0.248031 0.463819 0.248031 0.463819 0.248031 0.463819 0.248031 0.463819 0.248031 0.463819 0.248031 0.463819 0.248031 0.463819 0.248031 0.463819 0.248031 0.463819 0.248031 0.463819 0.248031 0.463819 0.248031 0.463819 0.248031 0.463819 0.248031 0.463819 0.248031 0.463819 0.248031 0.463819 0.248031 0.463819 0.248031 0.463819 0.248031 0.463819 0.248031 0.463819 0.248031 0.463819 0.248031 0.463819 0.248031 0.463819 0.248031 0.463819 0.248031 0.463819 0.248031 0.463819 0.248031 0.463819 0.248031 0.463819 0.248031 0.463819 0.248031 0.463819 0.248031 0.463819 0.248031 0.463819 0.248031 0.463819 0.248031 0.463819 0.248031 0.463819 0.248031 0.463819 0.248031 0.463819 0.248031 0.463819 0.248031 0.463819 0.248031 0.463819 0.248031 0.463819 0.248031 0.463819 0.248031 0.463819 0.248031 0.463819 0.248031 0.463819 0.248031 0.463819 0.248031 0.463819 0.248031 0.463819 0.248031 0.463819 0.248031 0.463819 0.248031 0.463819 0.248031 0.463819 0.248031 0.463819 0.248031 0.463819 0.248031 0.463819 0.248031 0.463819 0.248031 0.463819 0.248031 0.463819 0.248031 0.463819 0.248031 0.463819 0.248031 0.463819 0.248031 0.463819 0.248031 0.463819 0.248031 0.463819 0.248031 0.463819 0.248031 0.463819 0.248031 0.463819 0.248031 0.463819 0.248031 0.463819 0.248031 0.463819 0.248031 0.463819 0.248031 0.463819 0.248031 0.463819 0.248031 0.463819 0.248031 0.463819 0.248031 0.463819 0.248031 0.463819 0.248031 0.463819 0.248031 0.463819 0.248031 0.463819 0.248031 0.463819 0.248031 0.463819 0.248031 0.463819 0.248031 0.463819 0.248031 0.463819 0.248031 0.463819 0.248031 0.463819 0.248031 0.463819 0.248031 0.463819 0.248031 0.463819 0.248031 0.463819 0.248031 0.463819 0.248031 0.463819 0.248031 0.463819 0.248031 0.463819 0.248031 0.463819 0.248031 0.463819 0.248031 0.463819 0.248031 0.463819 0.248031 0.463819 0.248031 0.463819 0.248031 0.463819 0.248031 0.463819 0.248031 0.463819 0.248031 0.463819 0.248031 0.463819 0.248031 0.463819 0.248031 0.463819 0.248031 0.463819 0.248031 0.463819 0.248031 0.463819 0.248031 0.463819 0.248031 0.463819 0.248031 0.463819 0.248031 0.463819 0.248031 0.463819 0.248031 0.463819 0.248031 0.463819 0.248031 0.463819 0.248031 0.463819 0.248031 0.463819 0.248031 0.463819 0.248031 0.463819 0.248031 0.463819 0.248031 0.463819 0.248031 0.463819 0.248031 0.463819 0.248031 0.463819 0.248031 0.463819 0.248031 0.463819 0.248031 0.463819 0.248031 0.463819 0.248031 0.463819 0.248031 0.463819 0.248031 0.463819 0.248031 0.463819 0.248031 0.463819 0.248031 0.463819 0.248031 0.463819 0.248031 0.463819 0.248031 0.463819 0.248031 0.463819 0.248031 0.463819 0.248031 0.463819 0.248031 0.463819 0.248031 0.463819 0.248031 0.463819 0.248031 0.463819 0.248031 0.463819 0.248031 0.463819 0.248031 0.463819 0.248031 0.463819 0.248031 0.463819 0.248031 0.463819 0.248031 0.463819 0.248031 0.463819 0.248031 0.463819 0.248031 0.463819 0.248031 0.463819 0.248031 0.463819 0.248031 0.463819 0.248031 0.463819 0.248031 0.463819 0.248031 0.463819 0.248031 0.463819 0.248031 0.463819 0.248031 0.463819 0.248031 0.463819 0.248031 0.463819 0.248031 0.463819 0.248031 0.463819 0.248031 0.463819 0.248031 0.463819 0.248031 0.463819 0.248031 0.463819 0.248031 0.463819 0.248031 0.463819 0.248031 0.463819 0.248031 0.463819 0.248031 0.463819 0.248031 0.463819 0.248031 0.463819 0.248031 0.463819 0.248031 0.463819 0.248031 0.463819 0.248031 0.463819 0.248031 0.463819 0.248031 0.463819 0.248031 0.463819 0.248031 0.463819 0.248031 0.463819 0.248031 0.463819 0.248031 0.463819 0.248031 0.463819 0.248031 0.463819 0.248031 0.463819 0.248031 0.463819 0.248031 0.463819 0.248031 0.463819 0.248031 0.463819 0.248031 0.463819 0.248031 0.463819 0.248031 0.463819 0.248031 0.463819 0.248031 0.463819 0.248031 0.463819 0.248031 0.463819 0.248031 0.463819 0.248031 0.463819 0.248031 0.463819 0.248031 0.463819 0.248031 0.463819 0.248031 0.463819 0.248031 0.463819 0.248031 0.463819 0.248031 0.463819 0.248031 0.463819 0.248031 0.463819 0.248031 0.463819 0.248031 0.463819 0.248031 0.463819 0.248031 0.463819 0.248031 0.463819 0.248031 0.463819 0.248031 0.463819 0.248031 0.463819 0.248031 0.463819 0.248031 0.463819 0.248031 0.463819 0.248031 0.463819 0.248031 0.463819 0.248031 0.463819 0.248031 0.463819 0.248031 0.463819 0.248031 0.463819 0.248031 0.463819 0.248031 0.463819 0.248031 0.463819 0.248031 0.463819 0.248031 0.463819 0.248031 0.463819 0.248031 0.463819 0.248031 0.463819 0.248031 0.463819 0.248031 0.463819 0.248031 0.463819 0.248031 0.463819 0.248031 0.463819 0.248031 0.463819 0.248031 0.463819 0.248031 0.463819 0.248031 0.463819 0.248031 0.463819 0.248031 0.463819 0.248031 0.463819 0.248031 0.463819 0.248031 0.463819 0.248031 0.463819 0.248031 0.463819 0.248031 0.463819 0.248031 0.463819 0.248031 0.463819 0.248031 0.463819 0.248031 0.463819 0.248031 0.463819 0.248031 0.463819 0.248031 0.463819 0.248031 0.463819 0.248031 0.463819 0.248031 0.463819 0.248031 0.463819 0.248031 0.463819 0.248031 0.463819 0.248031 0.463819 0.248031 0.463819 0.248031 0.463819 0.248031 0.463819 0.248031 0.463819 0.248031 0.463819 0.248031 0.463819 0.248031 0.463819 0.248031 0.463819 0.248031 0.463819 0.248031 0.463819 0.248031 0.463819 0.248031 0.463819 0.248031 0.463819 0.248031 0.463819 0.248031 0.463819 0.248031 0.463819 0.248031 0.463819 0.248031 0.463819 0.248031 0.463819 0.248031 0.463819 0.248031 0.463819 0.248031 0.463819 0.248031 0.463819 0.248031 0.463819 0.248031 0.463819 0.248031 0.463819 0.248031 0.463819 0.248031 0.463819 0.248031 0.463819 0.248031 0.463819 0.248031 0.463819 0.248031 0.463819 0.248031 0.463819 0.248031 0.463819 0.248031 0.463819 0.248031 0.463819 0.248031 0.463819 0.248031 0.463819 0.248031 0.463819 0.248031 0.463819 0.248031 0.463819 0.248031 0.463819 0.248031 0.463819 0.248031 0.463819 0.248031 0.463819 0.248031 0.463819 0.248031 0.463819 0.248031 0.463819 0.248031 0.463819 0.248031 0.463819 0.248031 0.463819 0.248031 0.463819 0.248031 0.463819 0.248031 0.463819 0.248031 0.463819 0.248031 0.463819 0.248031 0.463819 0.248031 0.463819 0.248031 0.463819 0.248031 0.463819 0.248031 0.463819 0.248031 0.463819 0.248031 0.463819 0.248031 0.463819 0.248031 0.463819 0.248031 0.463819 0.248031 0.463819 0.248031 0.463819 0.248031 0.463819 0.248031 0.463819 0.248031 0.463819 0.248031 0.463819 0.248031 0.463819 0.248031 0.463819 0.248031 0.463819 0.248031 0.463819 0.248031 0.463819 0.248031 0.463819 0.248031 0.463819 0.248031 0.463819 0.248031 0.463819 0.248031 0.463819 0.248031 0.463819 0.248031 0.463819 0.248031 0.463819 0.248031 0.463819 0.248031 0.463819 0.248031 0.463819 0.248031 0.463819 0.248031 0.463819 0.248031 0.463819 0.248031 0.463819 0.248031 0.463819 0.248031 0.463819 0.248031 0.463819 0.248031 0.463819 0.248031 0.463819 0.248031 0.463819 0.248031 0.463819 0.248031 0.463819 0.248031 0.463819 0.248031 0.463819 0.248031 0.463819 0.248031 0.463819 0.248031 0.463819 0.248031 0.463819 0.248031 0.463819 0.248031 0.463819 0.248031 0.463819 0.248031 0.463819 0.248031 0.463819 0.248031 0.463819 0.248031 0.463819 0.248031 0.463819 0.248031 0.463819 0.248031 0.463819 0.248031 0.463819 0.248031 0.463819 0.248031 0.463819 0.248031 0.463819 0.248031 0.463819 0.248031 0.463819 0.248031 0.463819 0.248031 0.463819 0.248031 0.463819 0.248031 0.463819 0.248031 0.463819 0.248031 0.463819 0.248031 0.463819 0.248031 0.463819 0.248031 0.463819 0.248031 0.463819 0.248031 0.463819 0.248031 0.463819 0.248031 0.463819 0.248031 0.463819 0.248031 0.463819 0.248031 0.463819 0.248031 0.463819 0.248031 0.463819 0.248031 0.463819 0.248031 0.463819 0.248031 0.463819 0.248031 0.463819 0.248031 0.463819 0.248031 0.463819 0.248031 0.463819 0.248031 0.463819 0.248031 0.463819 0.248031 0.463819 0.248031 0.463819 0.248031 0.463819 0.248031 0.463819 0.248031 0.463819 0.248031 0.463819 0.248031 0.463819 0.248031 0.463819 0.248031 0.463819 0.248031 0.463819 0.248031 0.463819 0.248031 0.463819 0.248031 0.463819 0.248031 0.463819 0.248031 0.463819 0.248031 0.463819 0.248031 0.463819 0.248031 0.463819 0.248031 0.463819 0.248031 0.463819 0.248031 0.463819 0.248031 0.463819 0.248031 0.463819 0.248031 0.463819 0.248031 0.463819 0.248031 0.463819 0.248031 0.463819 0.248031 0.463819 0.248031 0.463819 0.248031 0.463819 0.248031 0.463819 0.248031 0.463819 0.248031 0.463819 0.248031 0.463819 0.248031 0.463819 0.248031 0.463819 0.248031 0.463819 0.248031 0.463819 0.248031 0.463819 0.248031 0.463819 0.248031 0.463819 0.248031 0.463819 0.248031 0.463819 0.248031 0.463819 0.248031 0.463819 0.248031 0.463819 0.248031 0.463819 0.248031 0.463819 0.248031 0.463819 0.248031 0.463819 0.248031 0.463819 0.248031 0.463819 0.248031 0.463819 0.248031 0.463819 0.248031 0.463819 0.248031 0.463819 0.248031 0.463819 0.248031 0.463819 0.248031 0.463819 0.248031 0.463819 0.248031 0.463819 0.248031 0.463819 0.248031 0.463819 0.248031 0.463819 0.248031 0.463819 0.248031 0.463819 0.248031 0.463819 0.248031 0.463819 0.248031 0.463819 0.248031 0.463819 0.248031 0.463819 0.248031 0.463819 0.248031 0.463819 0.248031 0.463819 0.248031 0.463819 0.248031 0.463819 0.248031 0.463819 0.248031 0.463819 0.248031 0.463819 0.248031 0.463819 0.248031 0.463819 0.248031 0.463819 0.248031 0.463819 0.248031 0.463819 0.248031 0.463819 0.248031 0.463819 0.248031 0.463819 0.248031 0.463819 0.248031 0.463819 0.248031 0.463819 0.248031 0.463819 0.248031 0.463819 0.248031 0.463819 0.248031 0.463819 0.248031 0.463819 0.248031 0.463819 0.248031 0.463819 0.248031 0.463819 0.248031 0.463819 0.248031 0.463819 0.248031 0.463819 0.248031 0.463819 0.248031 0.463819 0.248031 0.463819 0.248031 0.463819 0.248031 0.463819 0.248031 0.463819 0.248031 0.463819 0.248031 0.463819 0.248031 0.463819 0.248031 0.463819 0.248031 0.463819 0.248031 0.463819 0.248031 0.463819 0.248031 0.463819 0.248031 0.463819 0.248031 0.463819 0.248031 0.463819 0.248031 0.463819 0.248031 0.463819 0.248031 0.463819 0.248031 0.463819 0.248031 0.463819 0.248031 0.463819 0.248031 0.463819 0.248031 0.463819 0.248031 0.463819 0.248031 0.463819 0.248031 0.463819 0.248031 0.463819 0.248031 0.463819 0.248031 0.463819 0.248031 0.463819 0.248031 0.463819 0.248031 0.463819 0.248031 0.463819 0.248031 0.463819 0.248031 0.463819 0.248031 0.463819 0.248031 0.463819 0.248031 0.463819 0.248031 0.463819 0.248031 0.463819 0.248031 0.463819 0.248031 0.463819 0.248031 0.463819 0.248031 0.463819 0.248031 0.463819 0.248031 0.463819 0.248031 0.463819 0.248031 0.463819 0.248031 0.463819 0.248031 0.463819 0.248031 0.463819 0.248031 0.463819 0.248031 0.463819 0.248031 0.463819 0.248031 0.463819 0.248031 0.463819 0.248031 0.463819 0.248031 0.463819 0.248031 0.463819 0.248031 0.463819 0.248031 0.463819 0.248031 0.463819 0.248031 0.463819 0.248031 0.463819 0.248031 0.463819 0.248031 0.463819 0.248031 0.463819 0.248031 0.463819 0.248031 0.463819 0.248031 0.463819 0.248031 0.463819 0.248031 0.463819 0.248031 0.463819 0.248031 0.463819 0.248031 0.463819 0.248031 0.463819 0.248031 0.463819 0.248031 0.463819 0.248031 0.463819 0.248031 0.463819 0.248031 0.463819 0.248031 0.463819 0.248031 0.463819 0.248031 0.463819 0.248031 0.463819 0.248031 0.463819 0.248031 0.463819 0.248031 0.463819 0.248031 0.463819 0.248031 0.463819 0.248031 0.463819 0.248031 0.463819 0.248031 0.463819 0.248031 0.463819 0.248031 0.463819 0.248031 0.463819 0.248031 0.463819 0.248031 0.463819 0.248031 0.463819 0.248031 0.463819 0.248031 0.463819 0.248031 0.463819 0.248031 0.463819 0.248031 0.463819 0.248031 0.463819 0.248031 0.463819 0.248031 0.463819 0.248031 0.463819 0.248031 0.463819 0.248031 0.463819 0.248031 0.463819 0.248031 0.463819 0.248031 0.463819 0.248031 0.463819 0.248031 0.463819 0.248031 0.463819 0.248031 0.463819 0.248031 0.463819 0.248031 0.463819 0.248031 0.463819 0.248031 0.463819 0.248031 0.463819 0.248031 0.463819 0.248031 0.463819 0.248031 0.463819 0.248031 0.463819 0.248031 0.463819 0.248031 0.463819 0.248031 0.463819 0.248031 0.463819 0.248031 0.463819 0.248031 0.463819 0.248031 0.463819 0.248031 0.463819 0.248031 0.463819 0.248031 0.463819 0.248031 0.463819 0.248031 0.463819 0.248031 0.463819 0.248031 0.463819 0.248031 0.463819 0.248031 0.463819 0.248031 0.463819 0.248031 0.463819 0.248031 0.463819 0.248031 0.463819 0.248031 0.463819 0.248031 0.463819 0.248031 0.463819 0.248031 0.463819 0.248031 0.463819 0.248031 0.463819 0.248031 0.463819 0.248031 0.463819 0.248031 0.463819 0.248031 0.463819 0.248031 0.463819 0.248031 0.463819 0.248031 0.463819 0.248031 0.463819 0.248031 0.463819 0.248031 0.463819 0.248031 0.463819 0.248031 0.463819 0.248031 0.463819 0.248031 0.463819 0.248031 0.463819 0.248031 0.463819 0.248031 0.463819 0.248031 0.463819 0.248031 0.463819 0.248031 0.463819 0.248031 0.463819 0.248031 0.463819 0.248031 0.463819 0.248031 0.463819 0.248031 0.463819 0.248031 0.463819 0.248031 0.463819 0.248031 0.463819 0.248031 0.463819 0.248031 0.463819 0.248031 0.463819 0.248031 0.463819 0.248031 0.463819 0.248031 0.463819 0.248031 0.463819 0.248031 0.463819 0.248031 0.463819 0.248031 0.463819 0.248031 0.463819 0.248031 0.463819 0.248031 0.463819 0.248031 0.463819 0.248031 0.463819 0.248031 0.463819 0.248031 0.463819 0.248031 0.463819 0.248031 0.463819 0.248031 0.463819 0.248031 0.463819 0.248031 0.463819 0.248031 0.463819 0.248031 0.463819 0.248031 0.463819 0.248031 0.463819 0.248031 0.463819 0.248031 0.463819 0.248031 0.463819 0.248031 0.463819 0.248031 0.463819 0.248031 0.463819 0.248031 0.463819 0.248031 0.463819 0.248031 0.463819 0.248031 0.463819 0.248031 0.463819 0.248031 0.463819 0.248031 0.463819 0.248031 0.463819 0.248031 0.463819 0.248031 0.463819 0.248031 0.463819 0.248031 0.463819 0.248031 0.463819 0.248031 0.463819 0.248031 0.463819 0.248031 0.463819 0.248031 0.463819 0.248031 0.463819 0.248031 0.463819 0.248031 0.463819 0.248031 0.463819 0.248031 0.463819 0.248031 0.463819 0.248031 0.463819 0.248031 0.463819 0.248031 0.463819 0.248031 0.463819 0.248031 0.463819 0.248031 0.463819 0.248031 0.463819 0.248031 0.463819 0.248031 0.463819 0.248031 0.463819 0.248031 0.463819 0.248031 0.463819 0.248031 0.463819 0.248031 0.463819 0.248031 0.463819 0.248031 0.463819 0.248031 0.463819 0.248031 0.463819 0.248031 0.463819 0.248031 0.463819 0.248031 0.463819 0.248031 0.463819 0.248031 0.463819 0.248031 0.463819 0.248031 0.463819 0.248031 0.463819 0.248031 0.463819 0.248031 0.463819 0.248031 0.463819 0.248031 0.463819 0.248031 0.463819 0.248031 0.463819 0.248031 0.463819 0.248031 0.463819 0.248031 0.463819 0.248031 0.463819 0.248031 0.463819 0.248031 0.463819 0.248031 0.463819 0.248031 0.463819 0.248031 0.463819 0.248031 0.463819 0.248031 0.463819 0.248031 0.463819 0.248031 0.463819 0.248031 0.463819 0.248031 0.463819 0.248031 0.463819 0.248031 0.463819 0.248031 0.463819 0.248031 0.463819 0.248031 0.463819 0.248031 0.463819 0.248031 0.463819 0.248031 0.463819 0.248031 0.463819 0.248031 0.463819 0.248031 0.463819 0.248031 0.463819 0.248031 0.463819 0.248031 0.463819 0.248031 0.463819 0.248031 0.463819 0.248031 0.463819 0.248031 0.463819 0.248031 0.463819 0.248031 0.463819 0.248031 0.463819 0.248031 0.463819 0.248031 0.463819 0.248031 0.463819 0.248031 0.463819 0.248031 0.463819 0.248031 0.463819 0.248031 0.463819 0.248031 0.463819 0.248031 0.463819 0.248031 0.463819 0.248031 0.463819 0.248031 0.463819 0.248031 0.463819 0.248031 0.463819 0.248031 0.463819 0.248031 0.463819 0.248031 0.463819 0.248031 0.463819 0.248031 0.463819 0.248031 0.463819 0.248031 0.463819 0.248031 0.463819 0.248031 0.463819 0.248031 0.463819 0.248031 0.463819 0.248031 0.463819 0.248031 0.463819 0.248031 0.463819 0.248031 0.463819 0.248031 0.463819 0.248031 0.463819 0.248031 0.463819 0.248031 0.463819 0.248031 0.463819 0.248031 0.463819 0.248031 0.463819 0.248031 0.463819 0.248031 0.463819 0.248031 0.463819 0.248031 0.463819 0.248031 0.463819 0.248031 0.463819 0.248031 0.463819 0.248031 0.463819 0.248031 0.463819 0.248031 0.463819 0.248031 0.463819 0.248031 0.463819 0.248031 0.463819 0.248031 0.463819 0.248031 0.463819 0.248031 0.463819 0.248031 0.463819 0.248031 0.463819 0.248031 0.463819 0.248031 0.463819 0.248031 0.463819 0.248031 0.463819 0.248031 0.463819 0.248031 0.463819 0.248031 0.463819 0.248031 0.463819 0.248031 0.463819 0.248031 0.463819 0.248031 0.463819 0.248031 0.463819 0.248031 0.463819 0.248031 0.463819 0.248031 0.463819 0.248031 0.463819 0.248031 0.463819 0.248031 0.463819 0.248031 0.463819 0.248031 0.463819 0.248031 0.463819 0.248031 0.463819 0.248031 0.463819 0.248031 0.463819 0.248031 0.463819 0.248031 0.463819 0.248031 0.463819 0.248031 0.463819 0.248031 0.463819 0.248031 0.463819 0.248031 0.463819 0.248031 0.463819 0.248031 0.463819 0.248031 0.463819 0.248031 0.463819 0.248031 0.463819 0.248031 0.463819 0.248031 0.463819 0.248031 0.463819 0.248031 0.463819 0.248031 0.463819 0.248031 0.463819 0.248031 0.463819 0.248031 0.463819 0.248031 0.463819 0.248031 0.463819 0.248031 0.463819 0.248031 0.463819 0.248031 0.463819 0.248031 0.463819 0.248031 0.463819 0.248031 0.463819 0.248031 0.463819 0.248031 0.463819 0.248031 0.463819 0.248031 0.463819 0.248031 0.463819 0.248031 0.463819 0.248031 0.463819 0.248031 0.463819 0.248031 0.463819 0.248031 0.463819 0.248031 0.463819 0.248031 0.463819 0.248031 0.463819 0.248031 0.463819 0.248031 0.463819 0.248031 0.463819 0.248031 0.463819 0.248031 0.463819 0.248031 0.463819 0.248031 0.463819 0.248031 0.463819 0.248031 0.463819 0.248031 0.463819 0.248031 0.463819 0.248031 0.463819 0.248031 0.463819 0.248031 0.463819 0.248031 0.463819 0.248031 0.463819 0.248031 0.463819 0.248031 0.463819 0.248031 0.463819 0.248031 0.463819 0.248031 0.463819 0.248031 0.463819 0.248031 0.463819 0.248031 0.463819 0.248031 0.463819 0.248031 0.463819 0.248031 0.463819 0.248031 0.463819 0.248031 0.463819 0.248031 0.463819 0.248031 0.463819 0.248031 0.463819 0.248031 0.463819 0.248031 0.463819 0.248031 0.463819 0.248031 0.463819 0.248031 0.463819 0.248031 0.463819 0.248031 0.463819 0.248031 0.463819 0.248031 0.463819 0.248031 0.463819 0.248031 0.463819 0.248031 0.463819 0.248031 0.463819 0.248031 0.463819 0.248031 0.463819 0.248031 0.463819 0.248031 0.463819 0.248031 0.463819 0.248031 0.463819 0.248031 0.463819 0.248031 0.463819 0.248031 0.463819 0.248031 0.463819 0.248031 0.463819 0.248031 0.463819 0.248031 0.463819 0.248031 0.463819 0.248031 0.463819 0.248031 0.463819 0.248031 0.463819 0.248031 0.463819 0.248031 0.463819 0.248031 0.463819 0.248031 0.463819 0.248031 0.463819 0.248031 0.463819 0.248031 0.463819 0.248031 0.463819 0.248031 0.463819 0.248031 0.463819 0.248031 0.463819 0.248031 0.463819 0.248031 0.463819 0.248031 0.463819 0.248031 0.463819 0.248031 0.463819 0.248031 0.463819 0.248031 0.463819 0.248031 0.463819 0.248031 0.463819 0.248031 0.463819 0.248031 0.463819 0.248031 0.463819 0.248031 0.463819 0.248031 0.463819 0.248031 0.463819 0.248031 0.463819 0.248031 0.463819 0.248031 0.463819 0.248031 0.463819 0.248031 0.463819 0.248031 0.463819 0.248031 0.463819 0.248031 0.463819 0.248031 0.463819 0.248031 0.463819 0.248031 0.463819 0.248031 0.463819 0.248031 0.463819 0.248031 0.463819 0.248031 0.463819 0.248031 0.463819 0.248031 0.463819 0.248031 0.463819 0.248031 0.463819 0.248031 0.463819 0.248031 0.463819 0.248031 0.463819 0.248031 0.463819 0.248031 0.463819 0.248031 0.463819 0.248031 0.463819 0.248031 0.463819 0.248031 0.463819 0.248031 0.463819 0.248031 0.463819 0.248031 0.463819 0.248031 0.463819 0.248031 0.463819 0.248031 0.463819 0.248031 0.463819 0.248031 0.463819 0.248031 0.463819 0.248031 0.463819 0.248031 0.463819 0.248031 0.463819 0.248031 0.463819 0.248031 0.463819 0.248031 0.463819 0.248031 0.463819 0.248031 0.463819 0.248031 0.463819 0.248031 0.463819 0.248031 0.463819 0.248031 0.463819 0.248031 0.463819 0.248031 0.463819 0.248031 0.463819 0.248031 0.463819 0.248031 0.463819 0.248031 0.463819 0.248031 0.463819 0.248031 0.463819 0.248031 0.463819 0.248031 0.463819 0.248031 0.463819 0.248031 0.463819 0.248031 0.463819 0.248031 0.463819 0.248031 0.463819 0.248031 0.463819 0.248031 0.463819 0.248031 0.463819 0.248031 0.463819 0.248031 0.463819 0.248031 0.463819 0.248031 0.463819 0.248031 0.463819 0.248031 0.463819 0.248031 0.463819 0.248031 0.463819 0.248031 0.463819 0.248031 0.463819 0.248031 0.463819 0.248031 0.463819 0.248031 0.463819 0.248031 0.463819 0.248031 0.463819 0.248031 0.463819 0.248031 0.463819 0.248031 0.463819 0.248031 0.463819 0.248031 0.463819 0.248031 0.463819 0.248031 0.463819 0.248031 0.463819 0.248031 0.463819 0.248031 0.463819 0.248031 0.463819 0.248031 0.463819 0.248031 0.463819 0.248031 0.463819 0.248031 0.463819 0.248031 0.463819 0.248031 0.463819 0.248031 0.463819 0.248031 0.463819 0.248031 0.463819 0.248031 0.463819 0.248031 0.463819 0.248031 0.463819 0.248031 0.463819 0.248031 0.463819 0.248031 0.463819 0.248031 0.463819 0.248031 0.463819 0.248031 0.463819 0.248031 0.463819 0.248031 0.463819 0.248031 0.463819 0.248031 0.463819 0.248031 0.463819 0.248031 0.463819 0.248031 0.463819 0.248031 0.463819 0.248031 0.463819 0.248031 0.463819 0.248031 0.463819 0.248031 0.463819 0.248031 0.463819 0.248031 0.463819 0.248031 0.463819 0.248031 0.463819 0.248031 0.463819 0.248031 0.463819 0.248031 0.463819 0.248031 0.463819 0.248031 0.463819 0.248031 0.463819 0.248031 0.463819 0.248031 0.463819 0.248031 0.463819 0.248031 0.463819 0.248031 0.463819 0.248031 0.463819 0.248031 0.463819 0.248031 0.463819 0.248031 0.463819 0.248031 0.463819 0.248031 0.463819 0.248031 0.463819 0.248031 0.463819 0.248031 0.463819 0.248031 0.463819 0.248031 0.463819 0.248031 0.463819 0.248031 0.463819 0.248031 0.463819 0.248031 0.463819 0.248031 0.463819 0.248031 0.463819 0.248031 0.463819 0.248031 0.463819 0.248031 0.463819 0.248031 0.463819 0.248031 0.463819 0.248031 0.463819 0.248031 0.463819 0.248031 0.463819 0.248031 0.463819 0.248031 0.463819 0.248031 0.463819 0.248031 0.463819 0.248031 0.463819 0.248031 0.463819 0.248031 0.463819 0.248031 0.463819 0.248031 0.463819 0.248031 0.463819 0.248031 0.463819 0.248031 0.463819 0.248031 0.463819 0.248031 0.463819 0.248031 0.463819 0.248031 0.463819 0.248031 0.463819 0.248031 0.463819 0.248031 0.463819 0.248031 0.463819 0.248031 0.463819 0.248031 0.463819 0.248031 0.463819 0.248031 0.463819 0.248031 0.463819 0.248031 0.463819 0.248031 0.463819 0.248031 0.463819 0.248031 0.463819 0.248031 0.463819 0.248031 0.463819 0.248031 0.463819 0.248031 0.463819 0.248031 0.463819 0.248031 0.463819 0.248031 0.463819 0.248031 0.463819 0.248031 0.463819 0.248031 0.463819 0.248031 0.463819 0.248031 0.463819 0.248031 0.463819 0.248031 0.463819 0.248031 0.463819 0.248031 0.463819 0.248031 0.463819 0.248031 0.463819 0.248031 0.463819 0.248031 0.463819 0.248031 0.463819 0.248031 0.463819 0.248031 0.463819 0.248031 0.463819 0.248031 0.463819 0.248031 0.463819 0.248031 0.463819 0.248031 0.463819 0.248031 0.463819 0.248031 0.463819 0.248031 0.463819 0.248031 0.463819 0.248031 0.463819 0.248031 0.463819 0.248031 0.463819 0.248031 0.463819 0.248031 0.463819 0.248031 0.463819 0.248031 0.463819 0.248031 0.463819 0.248031 0.463819 0.248031 0.463819 0.248031 0.463819 0.248031 0.463819 0.248031 0.463819 0.248031 0.463819 0.248031 0.463819 0.248031 0.463819 0.248031 0.463819 0.248031 0.463819 0.248031 0.463819 0.248031 0.463819 0.248031 0.463819 0.248031 0.463819 0.248031 0.463819 0.248031 0.463819 0.248031 0.463819 0.248031 0.463819 0.248031 0.463819 0.248031 0.463819 0.248031 0.463819 0.248031 0.463819 0.248031 0.463819 0.248031 0.463819 0.248031 0.463819 0.248031 0.463819 0.248031 0.463819 0.248031 0.463819 0.248031 0.463819 0.248031 0.463819 0.248031 0.463819 0.248031 0.463819 0.248031 0.463819 0.248031 0.463819 0.248031 0.463819 0.248031 0.463819 0.248031 0.463819 0.248031 0.463819 0.248031 0.463819 0.248031 0.463819 0.248031 0.463819 0.248031 0.463819 0.248031 0.463819 0.248031 0.463819 0.248031 0.463819 0.248031 0.463819 0.248031 0.463819 0.248031 0.463819 0.248031 0.463819 0.248031 0.463819 0.248031 0.463819 0.248031 0.463819 0.248031 0.463819 0.248031 0.463819 0.248031 0.463819 0.248031 0.463819 0.248031 0.463819 0.248031 0.463819 0.248031 0.463819 0.248031 0.463819 0.248031 0.463819 0.248031 0.463819 0.248031 0.463819 0.248031 0.463819 0.248031 0.463819 0.248031 0.463819 0.248031 0.463819 0.248031 0.463819 0.248031 0.463819 0.248031 0.463819 0.248031 0.463819 0.248031 0.463819 0.248031 0.463819 0.248031 0.463819 0.248031 0.463819 0.248031 0.463819 0.248031 0.463819 0.248031 0.463819 0.248031 0.463819 0.248031 0.463819 0.248031 0.463819 0.248031 0.463819 0.248031 0.463819 0.248031 0.463819 0.248031 0.463819 0.248031 0.463819 0.248031 0.463819 0.248031 0.463819 0.248031 0.463819 0.248031 0.463819 0.248031 0.463819 0.248031 0.463819 0.248031 0.463819 0.248031 0.463819 0.248031 0.463819 0.248031 0.463819 0.248031 0.463819 0.248031 0.463819 0.248031 0.463819 0.248031 0.463819 0.248031 0.463819 0.248031 0.463819 0.248031 0.463819 0.248031 0.463819 0.248031 0.463819 0.248031 0.463819 0.248031 0.463819 0.248031 0.463819 0.248031 0.463819 0.248031 0.463819 0.248031 0.463819 0.248031 0.463819 0.248031 0.463819 0.248031 0.463819 0.248031 0.463819 0.248031 0.463819 0.248031 0.463819 0.248031 0.463819 0.248031 0.463819 0.248031 0.463819 0.248031 0.463819 0.248031 0.463819 0.248031 0.463819 0.248031 0.463819 0.248031 0.463819 0.248031 0.463819 0.248031 0.463819 0.248031 0.463819 0.248031 0.463819 0.248031 0.463819 0.248031 0.463819 0.248031 0.463819 0.248031 0.463819 0.248031 0.463819 0.248031 0.463819 0.248031 0.463819 0.248031 0.463819 0.248031 0.463819 0.248031 0.463819 0.248031 0.463819 0.248031 0.463819 0.248031 0.463819 0.248031 0.463819 0.248031 0.463819 0.248031 0.463819 0.248031 0.463819 0.248031 0.463819 0.248031 0.463819 0.248031 0.463819 0.248031 0.463819 0.248031 0.463819 0.248031 0.463819 0.248031 0.463819 0.248031 0.463819 0.248031 0.463819 0.248031 0.463819 0.248031 0.463819 0.248031 0.463819 0.248031 0.463819 0.248031 0.463819 0.248031 0.463819 0.248031 0.463819 0.248031 0.463819 0.248031 0.463819 0.248031 0.463819 0.248031 0.463819 0.248031 0.463819 0.248031 0.463819 0.248031 0.463819 0.248031 0.463819 0.248031 0.463819 0.248031 0.463819 0.248031 0.463819 0.248031 0.463819 0.248031 0.463819 0.248031 0.463819 0.248031 0.463819 0.248031 0.463819 0.248031 0.463819 0.248031 0.463819 0.248031 0.463819 0.248031 0.463819 0.248031 0.463819 0.248031 0.463819 0.248031 0.463819 0.248031 0.463819 0.248031 0.463819 0.248031 0.463819 0.248031 0.463819 0.248031 0.463819 0.248031 0.463819 0.248031 0.463819 0.248031 0.463819 0.248031 0.463819 0.248031 0.463819 0.248031 0.463819 0.248031 0.463819 0.248031 0.463819 0.248031 0.463819 0.248031 0.463819 0.248031 0.463819 0.248031 0.463819 0.248031 0.463819 0.248031 0.463819 0.248031 0.463819 0.248031 0.463819 0.248031 0.463819 0.248031 0.463819 0.248031 0.463819 0.248031 0.463819 0.248031 0.463819 0.248031 0.463819 0.248031 0.463819 0.248031 0.463819 0.248031 0.463819 0.248031 0.463819 0.248031 0.463819 0.248031 0.463819 0.248031 0.463819 0.248031 0.463819 0.248031 0.463819 0.248031 0.463819 0.248031 0.463819 0.248031 0.463819 0.248031 0.463819 0.248031 0.463819 0.248031 0.463819 0.248031 0.463819 0.248031 0.463819 0.248031 0.463819 0.248031 0.463819 0.248031 0.463819 0.248031 0.463819 0.248031 0.463819 0.248031 0.463819 0.248031 0.463819 0.248031 0.463819 0.248031 0.463819 0.248031 0.463819 0.248031 0.463819 0.248031 0.463819 0.248031 0.463819 0.248031 0.463819 0.248031 0.463819 0.248031 0.463819 0.248031 0.463819 0.248031 0.463819 0.248031 0.463819 0.248031 0.463819 0.248031 0.463819 0.248031 0.463819 0.248031 0.463819 0.248031 0.463819 0.248031 0.463819 0.248031 0.463819 0.248031 0.463819 0.248031 0.463819 0.248031 0.463819 0.248031 0.463819 0.248031 0.463819 0.248031 0.463819 0.248031 0.463819 0.248031 0.463819 0.248031 0.463819 0.248031 0.463819 0.248031 0.463819 0.248031 0.463819 0.248031 0.463819 0.248031 0.463819 0.248031 0.463819 0.248031 0.463819 0.248031 0.463819 0.248031 0.463819 0.248031 0.463819 0.248031 0.463819 0.248031 0.463819 0.248031 0.463819 0.248031 0.463819 0.248031 0.463819 0.248031 0.463819 0.248031 0.463819 0.248031 0.463819 0.248031 0.463819 0.248031 0.463819 0.248031 0.463819 0.248031 0.463819 0.248031 0.463819 0.248031 0.463819 0.248031 0.463819 0.248031 0.463819 0.248031 0.463819 0.248031 0.463819 0.248031 0.463819 0.248031 0.463819 0.248031 0.463819 0.248031 0.463819 0.248031 0.463819 0.248031 0.463819 0.248031 0.463819 0.248031 0.463819 0.248031 0.463819 0.248031 0.463819 0.248031 0.463819 0.248031 0.463819 0.248031 0.463819 0.248031 0.463819 0.248031 0.463819 0.248031 0.463819 0.248031 0.463819 0.248031 0.463819 0.248031 0.463819 0.248031 0.463819 0.248031 0.463819 0.248031 0.463819 0.248031 0.463819 0.248031 0.463819 0.248031 0.463819 0.248031 0.463819 0.248031 0.463819 0.248031 0.463819 0.248031 0.463819 0.248031 0.463819 0.248031 0.463819 0.248031 0.463819 0.248031 0.463819 0.248031 0.463819 0.248031 0.463819 0.248031 0.463819 0.248031 0.463819 0.248031 0.463819 0.248031 0.463819 0.248031 0.463819 0.248031 0.463819 0.248031 0.463819 0.248031 0.463819 0.248031 0.463819 0.248031 0.463819 0.248031 0.463819 0.248031 0.463819 0.248031 0.463819 0.248031 0.463819 0.248031 0.463819 0.248031 0.463819 0.248031 0.463819 0.248031 0.463819 0.248031 0.463819 0.248031 0.463819 0.248031 0.463819 0.248031 0.463819 0.248031 0.463819 0.248031 0.463819 0.248031 0.463819 0.248031 0.463819 0.248031 0.463819 0.248031 0.463819 0.248031 0.463819 0.248031 0.463819 0.248031 0.463819 0.248031 0.463819 0.248031 0.463819 0.248031 0.463819 0.248031 0.463819 0.248031 0.463819 0.248031 0.463819 0.248031 0.463819 0.248031 0.463819 0.248031 0.463819 0.248031 0.463819 0.248031 0.463819 0.248031 0.463819 0.248031 0.463819 0.248031 0.463819 0.248031 0.463819 0.248031 0.463819 0.248031 0.463819 0.248031 0.463819 0.248031 0.463819 0.248031 0.463819 0.248031 0.463819 0.248031 0.463819 0.248031 0.463819 0.248031 0.463819 0.248031 0.463819 0.248031 0.463819 0.248031 0.463819 0.248031 0.463819 0.248031 0.463819 0.248031 0.463819 0.248031 0.463819 0.248031 0.463819 0.248031 0.463819 0.248031 0.463819 0.248031 0.463819 0.248031 0.463819 0.248031 0.463819 0.248031 0.463819 0.248031 0.463819 0.248031 0.463819 0.248031 0.463819 0.248031 0.463819 0.248031 0.463819 0.248031 0.463819 0.248031 0.463819 0.248031 0.463819 0.248031 0.463819 0.248031 0.463819 0.248031 0.463819 0.248031 0.463819 0.248031 0.463819 0.248031 0.463819 0.248031 0.463819 0.248031 0.463819 0.248031 0.463819 0.248031 0.463819 0.248031 0.463819 0.248031 0.463819 0.248031 0.463819 0.248031 0.463819 0.248031 0.463819 0.248031 0.463819 0.248031 0.463819 0.248031 0.463819 0.248031 0.463819 0.248031 0.463819 0.248031 0.463819 0.248031 0.463819 0.248031 0.463819 0.248031 0.463819 0.248031 0.463819 0.248031 0.463819 0.248031 0.463819 0.248031 0.463819 0.248031 0.463819 0.248031 0.463819 0.248031 0.463819 0.248031 0.463819 0.248031 0.463819 0.248031 0.463819 0.248031 0.463819 0.248031 0.463819 0.248031 0.463819 0.248031 0.463819 0.248031 0.463819 0.248031 0.463819 0.248031 0.463819 0.248031 0.463819 0.248031 0.463819 0.248031 0.463819 0.248031 0.463819 0.248031 0.463819 0.248031 0.463819 0.248031 0.463819 0.248031 0.463819 0.248031 0.463819 0.248031 0.463819 0.248031 0.463819 0.248031 0.463819 0.248031 0.463819 0.248031 0.463819 0.248031 0.463819 0.248031 0.463819 0.248031 0.463819 0.248031 0.463819 0.248031 0.463819 0.248031 0.463819 0.248031 0.463819 0.248031 0.463819 0.248031 0.463819 0.248031 0.463819 0.248031 0.463819 0.248031 0.463819 0.248031 0.463819 0.248031 0.463819 0.248031 0.463819 0.248031 0.463819 0.248031 0.463819 0.248031 0.463819 0.248031 0.463819 0.248031 0.463819 0.248031 0.463819 0.248031 0.463819 0.248031 0.463819 0.248031 0.463819 0.248031 0.463819 0.248031 0.463819 0.248031 0.463819 0.248031 0.463819 0.248031 0.463819 0.248031 0.463819 0.248031 0.463819 0.248031 0.463819 0.248031 0.463819 0.248031 0.463819 0.248031 0.463819 0.248031 0.463819 0.248031 0.463819 0.248031 0.463819 0.248031 0.463819 0.248031 0.463819 0.248031 0.463819 0.248031 0.463819 0.248031 0.463819 0.248031 0.463819 0.248031 0.463819 0.248031 0.463819 0.248031 0.463819 0.248031 0.463819 0.248031 0.463819 0.248031 0.463819 0.248031 0.463819 0.248031 0.463819 0.248031 0.463819 0.248031 0.463819 0.248031 0.463819 0.248031 0.463819 0.248031 0.463819 0.248031 0.463819 0.248031 0.463819 0.248031 0.463819 0.248031 0.463819 0.248031 0.463819 0.248031 0.463819 0.248031 0.463819 0.248031 0.463819 0.248031 0.463819 0.248031 0.463819 0.248031 0.463819 0.248031 0.463819 0.248031 0.463819 0.248031 0.463819 0.248031 0.463819 0.248031 0.463819 0.248031 0.463819 0.248031 0.463819 0.248031 0.463819 0.248031 0.463819 0.248031 0.463819 0.248031 0.463819 0.248031 0.463819 0.248031 0.463819 0.248031 0.463819 0.248031 0.463819 0.248031 0.463819 0.248031 0.463819 0.248031 0.463819 0.248031 0.463819 0.248031 0.463819 0.248031 0.463819 0.248031 0.463819 0.248031 0.463819 0.248031 0.463819 0.248031 0.463819 0.248031 0.463819 0.248031 0.463819 0.248031 0.463819 0.248031 0.463819 0.248031 0.463819 0.248031 0.463819 0.248031 0.463819 0.248031 0.463819 0.248031 0.463819 0.248031 0.463819 0.248031 0.463819 0.248031 0.463819 0.248031 0.463819 0.248031 0.463819 0.248031 0.463819 0.248031 0.463819 0.248031 0.463819 0.248031 0.463819 0.248031 0.463819 0.248031 0.463819 0.248031 0.463819 0.248031 0.463819 0.248031 0.463819 0.248031 0.463819 0.248031 0.463819 0.248031 0.463819 0.248031 0.463819 0.248031 0.463819 0.248031 0.463819 0.248031 0.463819 0.248031 0.463819 0.248031 0.463819 0.248031 0.463819 0.248031 0.463819 0.248031 0.463819 0.248031 0.463819 0.248031 0.463819 0.248031 0.463819 0.248031 0.463819 0.248031 0.463819 0.248031 0.463819 0.248031 0.463819 0.248031 0.463819 0.248031 0.463819 0.248031 0.463819 0.248031 0.463819 0.248031 0.463819 0.248031 0.463819 0.248031 0.463819 0.248031 0.463819 0.248031 0.463819 0.248031 0.463819 0.248031 0.463819 0.248031 0.463819 0.248031 0.463819 0.248031 0.463819 0.248031 0.463819 0.248031 0.463819 0.248031 0.463819 0.248031 0.463819 0.248031 0.463819 0.248031 0.463819 0.248031 0.463819 0.248031 0.463819 0.248031 0.463819 0.248031 0.463819 0.248031 0.463819 0.248031 0.463819 0.248031 0.463819 0.248031 0.463819 0.248031 0.463819 0.248031 0.463819 0.248031 0.463819 0.248031 0.463819 0.248031 0.463819 0.248031 0.463819 0.248031 0.463819 0.248031 0.463819 0.248031 0.463819 0.248031 0.463819 0.248031 0.463819 0.248031 0.463819 0.248031 0.463819 0.248031 0.463819 0.248031 0.463819 0.248031 0.463819 0.248031 0.463819 0.248031 0.463819 0.248031 0.463819 0.248031 0.463819 0.248031 0.463819 0.248031 0.463819 0.248031 0.463819 0.248031 0.463819 0.248031 0.463819 0.248031 0.463819 0.248031 0.463819 0.248031 0.463819 0.248031 0.463819 0.248031 0.463819 0.248031 0.463819 0.248031 0.463819 0.248031 0.463819 0.248031 0.463819 0.248031 0.463819 0.248031 0.463819 0.248031 0.463819 0.248031 0.463819 0.248031 0.463819 0.248031 0.463819 0.248031 0.463819 0.248031 0.463819 0.248031 0.463819 0.248031 0.463819 0.248031 0.463819 0.248031 0.463819 0.248031 0.463819 0.248031 0.463819 0.248031 0.463819 0.248031 0.463819 0.248031 0.463819 0.248031 0.463819 0.248031 0.463819 0.248031 0.463819 0.248031 0.463819 0.248031 0.463819 0.248031 0.463819 0.248031 0.463819 0.248031 0.463819 0.248031 0.463819 0.248031 0.463819 0.248031 0.463819 0.248031 0.463819 0.248031 0.463819 0.248031 0.463819 0.248031 0.463819 0.248031 0.463819 0.248031 0.463819 0.248031 0.463819 0.248031 0.463819 0.248031 0.463819 0.248031 0.463819 0.248031 0.463819 0.248031 0.463819 0.248031 0.463819 0.248031 0.463819 0.248031 0.463819 0.248031 0.463819 0.248031 0.463819 0.248031 0.463819 0.248031 0.463819 0.248031 0.463819 0.248031 0.463819 0.248031 0.463819 0.248031 0.463819 0.248031 0.463819 0.248031 0.463819 0.248031 0.463819 0.248031 0.463819 0.248031 0.463819 0.248031 0.463819 0.248031 0.463819 0.248031 0.463819 0.248031 0.463819 0.248031 0.463819 0.248031 0.463819 0.248031 0.463819 0.248031 0.463819 0.248031 0.463819 0.248031 0.463819 0.248031 0.463819 0.248031 0.463819 0.248031 0.463819 0.248031 0.463819 0.248031 0.463819 0.248031 0.463819 0.248031 0.463819 0.248031 0.463819 0.248031 0.463819 0.248031 0.463819 0.248031 0.463819 0.248031 0.463819 0.248031 0.463819 0.248031 0.463819 0.248031 0.463819 0.248031 0.463819 0.248031 0.463819 0.248031 0.463819 0.248031 0.463819 0.248031 0.463819 0.248031 0.463819 0.248031 0.463819 0.248031 0.463819 0.248031 0.463819 0.248031 0.463819 0.248031 0.463819 0.248031 0.463819 0.248031 0.463819 0.248031 0.463819 0.248031 0.463819 0.248031 0.463819 0.248031 0.463819 0.248031 0.463819 0.248031 0.463819 0.248031 0.463819 0.248031 0.463819 0.248031 0.463819 0.248031 0.463819 0.248031 0.463819 0.248031 0.463819 0.248031 0.463819 0.248031 0.463819 0.248031 0.463819 0.248031 0.463819 0.248031 0.463819 0.248031 0.463819 0.248031 0.463819 0.248031 0.463819 0.248031 0.463819 0.248031 0.463819 0.248031 0.463819 0.248031 0.463819 0.248031 0.463819 0.248031 0.463819 0.248031 0.463819 0.248031 0.463819 0.248031 0.463819 0.248031 0.463819 0.248031 0.463819 0.248031 0.463819 0.248031 0.463819 0.248031 0.463819 0.248031 0.463819 0.248031 0.463819 0.248031 0.463819 0.248031 0.463819 0.248031 0.463819 0.248031 0.463819 0.248031 0.463819 0.248031 0.463819 0.248031 0.463819 0.248031 0.463819 0.248031 0.463819 0.248031 0.463819 0.248031 0.463819 0.248031 0.463819 0.248031 0.463819 0.248031 0.463819 0.248031 0.463819 0.248031 0.463819 0.248031 0.463819 0.248031 0.463819 0.248031 0.463819 0.248031 0.463819 0.248031 0.463819 0.248031 0.463819 0.248031 0.463819 0.248031 0.463819 0.248031 0.463819 0.248031 0.463819 0.248031 0.463819 0.248031 0.463819 0.248031 0.463819 0.248031 0.463819 0.248031 0.463819 0.248031 0.463819 0.248031 0.463819 0.248031 0.463819 0.248031 0.463819 0.248031 0.463819 0.248031 0.463819 0.248031 0.463819 0.248031 0.463819 0.248031 0.463819 0.248031 0.463819 0.248031 0.463819 0.248031 0.463819 0.248031 0.463819 0.248031 0.463819 0.248031 0.463819 0.248031 0.463819 0.248031 0.463819 0.248031 0.463819 0.248031 0.463819 0.248031 0.463819 0.248031 0.463819 0.248031 0.463819 0.248031 0.463819 0.248031 0.463819 0.248031 0.463819 0.248031 0.463819 0.248031 0.463819 0.248031 0.463819 0.248031 0.463819 0.248031 0.463819 0.248031 0.463819 0.248031 0.463819 0.248031 0.463819 0.248031 0.463819 0.248031 0.463819 0.248031 0.463819 0.248031 0.463819 0.248031 0.463819 0.248031 0.463819 0.248031 0.463819 0.248031 0.463819 0.248031 0.463819 0.248031 0.463819 0.248031 0.463819 0.248031 0.463819 0.248031 0.463819 0.248031 0.463819 0.248031 0.463819 0.248031 0.463819 0.248031 0.463819 0.248031 0.463819 0.248031 0.463819 0.248031 0.463819 0.248031 0.463819 0.248031 0.463819 0.248031 0.463819 0.248031 0.463819 0.248031 0.463819 0.248031 0.463819 0.248031 0.463819 0.248031 0.463819 0.248031 0.463819 0.248031 0.463819 0.248031 0.463819 0.248031 0.463819 0.248031 0.463819 0.248031 0.463819 0.248031 0.463819 0.248031 0.463819 0.248031 0.463819 0.248031 0.463819 0.248031 0.463819 0.248031 0.463819 0.248031 0.463819 0.248031 0.463819 0.248031 0.463819 0.248031 0.463819 0.248031 0.463819 0.248031 0.463819 0.248031 0.463819 0.248031 0.463819 0.248031 0.463819 0.248031 0.463819 0.248031 0.463819 0.248031 0.463819 0.248031 0.463819 0.248031 0.463819 0.248031 0.463819 0.248031 0.463819 0.248031 0.463819 0.248031 0.463819 0.248031 0.463819 0.248031 0.463819 0.248031 0.463819 0.248031 0.463819 0.248031 0.463819 0.248031 0.463819 0.248031 0.463819 0.248031 0.463819 0.248031 0.463819 0.248031 0.463819 0.248031 0.463819 0.248031 0.463819 0.248031 0.463819 0.248031 0.463819 0.248031 0.463819 0.248031 0.463819 0.248031 0.463819 0.248031 0.463819 0.248031 0.463819 0.248031 0.463819 0.248031 0.463819 0.248031 0.463819 0.248031 0.463819 0.248031 0.463819 0.248031 0.463819 0.248031 0.463819 0.248031 0.463819 0.248031 0.463819 0.248031 0.463819 0.248031 0.463819 0.248031 0.463819 0.248031 0.463819 0.248031 0.463819 0.248031 0.463819 0.248031 0.463819 0.248031 0.463819 0.248031 0.463819 0.248031 0.463819 0.248031 0.463819 0.248031 0.463819 0.248031 0.463819 0.248031 0.463819 0.248031 0.463819 0.248031 0.463819 0.248031 0.463819 0.248031 0.463819 0.248031 0.463819 0.248031 0.463819 0.248031 0.463819 0.248031 0.463819 0.248031 0.463819 0.248031 0.463819 0.248031 0.463819 0.248031 0.463819 0.248031 0.463819 0.248031 0.463819 0.248031 0.463819 0.248031 0.463819 0.248031 0.463819 0.248031 0.463819 0.248031 0.463819 0.248031 0.463819 0.248031 0.463819 0.248031 0.463819 0.248031 0.463819 0.248031 0.463819 0.248031 0.463819 0.248031 0.463819 0.248031 0.463819 0.248031 0.463819 0.248031 0.463819 0.248031 0.463819 0.248031 0.463819 0.248031 0.463819 0.248031 0.463819 0.248031 0.463819 0.248031 0.463819 0.248031 0.463819 0.248031 0.463819 0.248031 0.463819 0.248031 0.463819 0.248031 0.463819 0.248031 0.463819 0.248031 0.463819 0.248031 0.463819 0.248031 0.463819 0.248031 0.463819 0.248031 0.463819 0.248031 0.463819 0.248031 0.463819 0.248031 0.463819 0.248031 0.463819 0.248031 0.463819 0.248031 0.463819 0.248031 0.463819 0.248031 0.463819 0.248031 0.463819 0.248031 0.463819 0.248031 0.463819 0.248031 0.463819 0.248031 0.463819 0.248031 0.463819 0.248031 0.463819 0.248031 0.463819 0.248031 0.463819 0.248031 0.463819 0.248031 0.463819 0.248031 0.463819 0.248031 0.463819 0.248031 0.463819 0.248031 0.463819 0.248031 0.463819 0.248031 0.463819 0.248031 0.463819 0.248031 0.463819 0.248031 0.463819 0.248031 0.463819 0.248031 0.463819 0.248031 0.463819 0.248031 0.463819 0.248031 0.463819 0.248031 0.463819 0.248031 0.463819 0.248031 0.463819 0.248031 0.463819 0.248031 0.463819 0.248031 0.463819 0.248031 0.463819 0.248031 0.463819 0.248031 0.463819 0.248031 0.463819 0.248031 0.463819 0.248031 0.463819 0.248031 0.463819 0.248031 0.463819 0.248031 0.463819 0.248031 0.463819 0.248031 0.463819 0.248031 0.463819 0.248031 0.463819 0.248031 0.463819 0.248031 0.463819 0.248031 0.463819 0.248031 0.463819 0.248031 0.463819 0.248031 0.463819 0.248031 0.463819 0.248031 0.463819 0.248031 0.463819 0.248031 0.463819 0.248031 0.463819 0.248031 0.463819 0.248031 0.463819 0.248031 0.463819 0.248031 0.463819 0.248031 0.463819 0.248031 0.463819 0.248031 0.463819 0.248031 0.463819 0.248031 0.463819 0.248031 0.463819 0.248031 0.463819 0.248031 0.463819 0.248031 0.463819 0.248031 0.463819 0.248031 0.463819 0.248031 0.463819 0.248031 0.463819 0.248031 0.463819 0.248031 0.463819 0.248031 0.463819 0.248031 0.463819 0.248031 0.463819 0.248031 0.463819 0.248031 0.463819 0.248031 0.463819 0.248031 0.463819 0.248031 0.463819 0.248031 0.463819 0.248031 0.463819 0.248031 0.463819 0.248031 0.463819 0.248031 0.463819 0.248031 0.463819 0.248031 0.463819 0.248031 0.463819 0.248031 0.463819 0.248031 0.463819 0.248031 0.463819 0.248031 0.463819 0.248031 0.463819 0.248031 0.463819 0.248031 0.463819 0.248031 0.463819 0.248031 0.463819 0.248031 0.463819 0.248031 0.463819 0.248031 0.463819 0.248031 0.463819 0.248031 0.463819 0.248031 0.463819 0.248031 0.463819 0.248031 0.463819 0.248031 0.463819 0.248031 0.463819 0.248031 0.463819 0.248031 0.463819 0.248031 0.463819 0.248031 0.463819 0.248031 0.463819 0.248031 0.463819 0.248031 0.463819 0.248031 0.463819 0.248031 0.463819 0.248031 0.463819 0.248031 0.463819 0.248031 0.463819 0.248031 0.463819 0.248031 0.463819 0.248031 0.463819 0.248031 0.463819 0.248031 0.463819 0.248031 0.463819 0.248031 0.463819 0.248031 0.463819 0.248031 0.463819 0.248031 0.463819 0.248031 0.463819 0.248031 0.463819 0.248031 0.463819 0.248031 0.463819 0.248031 0.463819 0.248031 0.463819 0.248031 0.463819 0.248031 0.463819 0.248031 0.463819 0.248031 0.463819 0.248031 0.463819 0.248031 0.463819 0.248031 0.463819 0.248031 0.463819 0.248031 0.463819 0.248031 0.463819 0.248031 0.463819 0.248031 0.463819 0.248031 0.463819 0.248031 0.463819 0.248031 0.463819 0.248031 0.463819 0.248031 0.463819 0.248031 0.463819 0.248031 0.463819 0.248031 0.463819 0.248031 0.463819 0.248031 0.463819 0.248031 0.463819 0.248031 0.463819 0.248031 0.463819 0.248031 0.463819 0.248031 0.463819 0.248031 0.463819 0.248031 0.463819 0.248031 0.463819 0.248031 0.463819 0.248031 0.463819 0.248031 0.463819 0.248031 0.463819 0.248031 0.463819 0.248031 0.463819 0.248031 0.463819 0.248031 0.463819 0.248031 0.463819 0.248031 0.463819 0.248031 0.463819 0.248031 0.463819 0.248031 0.463819 0.248031 0.463819 0.248031 0.463819 0.248031 0.463819 0.248031 0.463819 0.248031 0.463819 0.248031 0.463819 0.248031 0.463819 0.248031 0.463819 0.248031 0.463819 0.248031 0.463819 0.248031 0.463819 0.248031 0.463819 0.248031 0.463819 0.248031 0.463819 0.248031 0.463819 0.248031 0.463819 0.248031 0.463819 0.248031 0.463819 0.248031 0.463819 0.248031 0.463819 0.248031 0.463819 0.248031 0.463819 0.248031 0.463819 0.248031 0.463819 0.248031 0.463819 0.248031 0.463819 0.248031 0.463819 0.248031 0.463819 0.248031 0.463819 0.248031 0.463819 0.248031 0.463819 0.248031 0.463819 0.248031 0.463819 0.248031 0.463819 0.248031 0.463819 0.248031 0.463819 0.248031 0.463819 0.248031 0.463819 0.248031 0.463819 0.248031 0.463819 0.248031 0.463819 0.248031 0.463819 0.248031 0.463819 0.248031 0.463819 0.248031 0.463819 0.248031 0.463819 0.248031 0.463819 0.248031 0.463819 0.248031 0.463819 0.248031 0.463819 0.248031 0.463819 0.248031 0.463819 0.248031 0.463819 0.248031 0.463819 0.248031 0.463819 0.248031 0.463819 0.248031 0.463819 0.248031 0.463819 0.248031 0.463819 0.248031 0.463819 0.248031 0.463819 0.248031 0.463819 0.248031 0.463819 0.248031 0.463819 0.248031 0.463819 0.248031 0.463819 0.248031 0.463819 0.248031 0.463819 0.248031 0.463819 0.248031 0.463819 0.248031 0.463819 0.248031 0.463819 0.248031 0.463819 0.248031 0.463819 0.248031 0.463819 0.248031 0.463819 0.248031 0.463819 0.248031 0.463819 0.248031 0.463819 0.248031 0.463819 0.248031 0.463819 0.248031 0.463819 0.248031 0.463819 0.248031 0.463819 0.248031 0.463819 0.248031 0.463819 0.248031 0.463819 0.248031 0.463819 0.248031 0.463819 0.248031 0.463819 0.248031 0.463819 0.248031 0.463819 0.248031 0.463819 0.248031 0.463819 0.248031 0.463819 0.248031 0.463819 0.248031 0.463819 0.248031 0.463819 0.248031 0.463819 0.248031 0.463819 0.248031 0.463819 0.248031 0.463819 0.248031 0.463819 0.248031 0.463819 0.248031 0.463819 0.248031 0.463819 0.248031 0.463819 0.248031 0.463819 0.248031 0.463819 0.248031 0.463819 0.248031 0.463819 0.248031 0.463819 0.248031 0.463819 0.248031 0.463819 0.248031 0.463819 0.248031 0.463819 0.248031 0.463819 0.248031 0.463819 0.248031 0.463819 0.248031 0.463819 0.248031 0.463819 0.248031 0.463819 0.248031 0.463819 0.248031 0.463819 0.248031 0.463819 0.248031 0.463819 0.248031 0.463819 0.248031 0.463819 0.248031 0.463819 0.248031 0.463819 0.248031 0.463819 0.248031 0.463819 0.248031 0.463819 0.248031 0.463819 0.248031 0.463819 0.248031 0.463819 0.248031 0.463819 0.248031 0.463819 0.248031 0.463819 0.248031 0.463819 0.248031 0.463819 0.248031 0.463819 0.248031 0.463819 0.248031 0.463819 0.248031 0.463819 0.248031 0.463819 0.248031 0.463819 0.248031 0.463819 0.248031 0.463819 0.248031 0.463819 0.248031 0.463819 0.248031 0.463819 0.248031 0.463819 0.248031 0.463819 0.248031 0.463819 0.248031 0.463819 0.248031 0.463819 0.248031 0.463819 0.248031 0.463819 0.248031 0.463819 0.248031 0.463819 0.248031 0.463819 0.248031 0.463819 0.248031 0.463819 0.248031 0.463819 0.248031 0.463819 0.248031 0.463819 0.248031 0.463819 0.248031 0.463819 0.248031 0.463819 0.248031 0.463819 0.248031 0.463819 0.248031 0.463819 0.248031 0.463819 0.248031 0.463819 0.248031 0.463819 0.248031 0.463819 0.248031 0.463819 0.248031 0.463819 0.248031 0.463819 0.248031 0.463819 0.248031 0.463819 0.248031 0.463819 0.248031 0.463819 0.248031 0.463819 0.248031 0.463819 0.248031 0.463819 0.248031 0.463819 0.248031 0.463819 0.248031 0.463819 0.248031 0.463819 0.248031 0.463819 0.248031 0.463819 0.248031 0.463819 0.248031 0.463819 0.248031 0.463819 0.248031 0.463819 0.248031 0.463819 0.248031 0.463819 0.248031 0.463819 0.248031 0.463819 0.248031 0.463819 0.248031 0.463819 0.248031 0.463819 0.248031 0.463819 0.248031 0.463819 0.248031 0.463819 0.248031 0.463819 0.248031 0.463819 0.248031 0.463819 0.248031 0.463819 0.248031 0.463819 0.248031 0.463819 0.248031 0.463819 0.248031 0.463819 0.248031 0.463819 0.248031 0.463819 0.248031 0.463819 0.248031 0.463819 0.248031 0.463819 0.248031 0.463819 0.248031 0.463819 0.248031 0.463819 0.248031 0.463819 0.248031 0.463819 0.248031 0.463819 0.248031 0.463819 0.248031 0.463819 0.248031 0.463819 0.248031 0.463819 0.248031 0.463819 0.248031 0.463819 0.248031 0.463819 0.248031 0.463819 0.248031 0.463819 0.248031 0.463819 0.248031 0.463819 0.248031 0.463819 0.248031 0.463819 0.248031 0.463819 0.248031 0.463819 0.248031 0.463819 0.248031 0.463819 0.248031 0.463819 0.248031 0.463819 0.248031 0.463819 0.248031 0.463819 0.248031 0.463819 0.248031 0.463819 0.248031 0.463819 0.248031 0.463819 0.248031 0.463819 0.248031 0.463819 0.248031 0.463819 0.248031 0.463819 0.248031 0.463819 0.248031 0.463819 0.248031 0.463819 0.248031 0.463819 0.248031 0.463819 0.248031 0.463819 0.248031 0.463819 0.248031 0.463819 0.248031 0.463819 0.248031 0.463819 0.248031 0.463819 0.248031 0.463819 0.248031 0.463819 0.248031 0.463819 0.248031 0.463819 0.248031 0.463819 0.248031 0.463819 0.248031 0.463819 0.248031 0.463819 0.248031 0.463819 0.248031 0.463819 0.248031 0.463819 0.248031 0.463819 0.248031 0.463819 0.248031 0.463819 0.248031 0.463819 0.248031 0.463819 0.248031 0.463819 0.248031 0.463819 0.248031 0.463819 0.248031 0.463819 0.248031 0.463819 0.248031 0.463819 0.248031 0.463819 0.248031 0.463819 0.248031 0.463819 0.248031 0.463819 0.248031 0.463819 0.248031 0.463819 0.248031 0.463819 0.248031 0.463819 0.248031 0.463819 0.248031 0.463819 0.248031 0.463819 0.248031 0.463819 0.248031 0.463819 0.248031 0.463819 0.248031 0.463819 0.248031 0.463819 0.248031 0.463819 0.248031 0.463819 0.248031 0.463819 0.248031 0.463819 0.248031 0.463819 0.248031 0.463819 0.248031 0.463819 0.248031 0.463819 0.248031 0.463819 0.248031 0.463819 0.248031 0.463819 0.248031 0.463819 0.248031 0.463819 0.248031 0.463819 0.248031 0.463819 0.248031 0.463819 0.248031 0.463819 0.248031 0.463819 0.248031 0.463819 0.248031 0.463819 0.248031 0.463819 0.248031 0.463819 0.248031 0.463819 0.248031 0.463819 0.248031 0.463819 0.248031 0.463819 0.248031 0.463819 0.248031 0.463819 0.248031 0.463819 0.248031 0.463819 0.248031 0.463819 0.248031 0.463819 0.248031 0.463819 0.248031 0.463819 0.248031 0.463819 0.248031 0.463819 0.248031 0.463819 0.248031 0.463819 0.248031 0.463819 0.248031 0.463819 0.248031 0.463819 0.248031 0.463819 0.248031 0.463819 0.248031 0.463819 0.248031 0.463819 0.248031 0.463819 0.248031 0.463819 0.248031 0.463819 0.248031 0.463819 0.248031 0.463819 0.248031 0.463819 0.248031 0.463819 0.248031 0.463819 0.248031 0.463819 0.248031 0.463819 0.248031 0.463819 0.248031 0.463819 0.248031 0.463819 0.248031 0.463819 0.248031 0.463819 0.248031 0.463819 0.248031 0.463819 0.248031 0.463819 0.248031 0.463819 0.248031 0.463819 0.248031 0.463819 0.248031 0.463819 0.248031 0.463819 0.248031 0.463819 0.248031 0.463819 0.248031 0.463819 0.248031 0.463819 0.248031 0.463819 0.248031 0.463819 0.248031 0.463819 0.248031 0.463819 0.248031 0.463819 0.248031 0.463819 0.248031 0.463819 0.248031 0.463819 0.248031 0.463819 0.248031 0.463819 0.248031 0.463819 0.248031 0.463819 0.248031 0.463819 0.248031 0.463819 0.248031 0.463819 0.248031 0.463819 0.248031 0.463819 0.248031 0.463819 0.248031 0.463819 0.248031 0.463819 0.248031 0.463819 0.248031 0.463819 0.248031 0.463819 0.248031 0.463819 0.248031 0.463819 0.248031 0.463819 0.248031 0.463819 0.248031</float_array>
          <technique_common>
            <accessor source="#left_gripper_link-mesh-map-0-array" count="8124" stride="2">
              <param name="S" type="float"/>
              <param name="T" type="float"/>
            </accessor>
          </technique_common>
        </source>
        <vertices id="left_gripper_link-mesh-vertices">
          <input semantic="POSITION" source="#left_gripper_link-mesh-positions"/>
        </vertices>
        <triangles material="材质-material" count="2708">
          <input semantic="VERTEX" source="#left_gripper_link-mesh-vertices" offset="0"/>
          <input semantic="NORMAL" source="#left_gripper_link-mesh-normals" offset="1"/>
          <input semantic="TEXCOORD" source="#left_gripper_link-mesh-map-0" offset="2" set="0"/>
          <p>0 0 0 1 1 1 2 2 2 2 2 3 1 1 4 3 3 5 4 4 6 5 5 7 6 6 8 7 7 9 8 8 10 9 9 11 9 9 12 8 8 13 10 10 14 11 11 15 1 1 16 10 10 17 10 10 18 1 1 19 0 0 20 10 10 21 0 0 22 9 9 23 11 11 24 12 12 25 1 1 26 1 1 27 12 12 28 13 13 29 1 1 30 13 13 31 14 7 32 15 14 33 4 4 34 3 3 35 3 3 36 4 4 37 6 6 38 3 3 39 6 6 40 2 2 41 2 2 42 6 6 43 16 15 44 16 15 45 17 16 46 2 2 47 2 2 48 17 16 49 18 17 50 2 2 51 18 17 52 19 7 53 3 18 54 20 18 55 21 18 56 3 19 57 21 19 58 15 19 59 15 20 60 21 21 61 22 22 62 15 23 63 22 24 64 4 25 65 4 26 66 22 26 67 23 26 68 4 27 69 23 27 70 5 27 71 5 28 72 23 29 73 24 30 74 5 31 75 24 32 76 6 33 77 16 34 78 6 34 79 25 34 80 25 35 81 6 35 82 24 35 83 16 36 84 25 36 85 26 36 86 16 37 87 26 37 88 17 37 89 17 38 90 26 39 91 27 40 92 17 41 93 27 41 94 18 41 95 18 42 96 27 43 97 28 44 98 18 45 99 28 45 100 19 45 101 19 46 102 28 46 103 29 46 104 19 47 105 29 47 106 2 47 107 0 48 108 2 48 109 30 48 110 30 48 111 2 48 112 29 48 113 0 49 114 30 49 115 31 49 116 0 50 117 31 50 118 9 50 119 9 51 120 31 52 121 32 53 122 9 54 123 32 55 124 7 56 125 7 57 126 32 57 127 33 57 128 7 58 129 33 58 130 8 58 131 8 59 132 33 60 133 34 61 134 8 62 135 34 63 136 10 64 137 11 65 138 10 65 139 35 65 140 35 66 141 10 66 142 34 66 143 11 67 144 35 67 145 36 67 146 11 68 147 36 68 148 12 68 149 12 69 150 36 70 151 37 71 152 12 72 153 37 72 154 13 72 155 13 73 156 37 74 157 38 75 158 13 76 159 38 76 160 14 76 161 14 77 162 38 77 163 39 77 164 14 78 165 39 78 166 1 78 167 3 79 168 1 79 169 20 79 170 20 79 171 1 79 172 39 79 173 39 80 174 30 81 175 20 82 176 20 82 177 30 81 178 29 83 179 34 84 180 33 85 181 32 85 182 24 86 183 23 85 184 22 85 185 39 80 186 38 87 187 37 88 188 29 83 189 28 89 190 27 90 191 32 85 192 31 91 193 34 84 194 34 84 195 31 91 196 30 81 197 34 84 198 30 81 199 35 92 200 35 92 201 30 81 202 39 80 203 35 92 204 39 80 205 36 85 206 36 85 207 39 80 208 37 88 209 22 85 210 21 93 211 24 86 212 24 86 213 21 93 214 20 82 215 24 86 216 20 82 217 25 94 218 25 94 219 20 82 220 29 83 221 25 94 222 29 83 223 26 85 224 26 85 225 29 83 226 27 90 227 40 95 228 41 96 229 42 97 230 42 97 231 41 96 232 43 98 233 44 99 234 45 100 235 46 101 236 46 101 237 45 100 238 47 102 239 48 103 240 49 103 241 50 103 242 51 104 243 52 104 244 53 104 245 53 105 246 52 106 247 54 107 248 53 105 249 54 107 250 55 108 251 51 109 252 53 110 253 56 109 254 56 111 255 53 111 256 57 111 257 56 112 258 57 112 259 58 112 260 58 113 261 57 113 262 59 113 263 58 114 264 59 114 265 60 114 266 60 115 267 59 115 268 61 115 269 61 116 270 59 116 271 62 116 272 61 117 273 62 118 274 63 119 275 63 120 276 62 121 277 64 122 278 63 120 279 64 122 280 65 123 281 50 124 282 49 124 283 64 124 284 64 125 285 49 125 286 66 125 287 64 126 288 66 127 289 65 128 290 48 129 291 50 130 292 67 131 293 67 132 294 50 132 295 68 132 296 67 133 297 68 133 298 69 133 299 69 134 300 68 134 301 70 134 302 69 135 303 70 136 304 71 135 305 71 137 306 70 138 307 72 139 308 71 137 309 72 139 310 73 140 311 74 141 312 75 141 313 76 141 314 77 142 315 78 143 316 79 144 317 79 145 318 78 146 319 73 147 320 79 145 321 73 147 322 72 148 323 77 149 324 79 150 325 80 149 326 80 151 327 79 151 328 81 151 329 80 152 330 81 152 331 82 152 332 82 153 333 81 153 334 83 153 335 82 154 336 83 154 337 84 154 338 84 155 339 83 155 340 85 155 341 85 156 342 83 156 343 86 156 344 85 157 345 86 158 346 87 159 347 87 160 348 86 161 349 88 162 350 87 160 351 88 162 352 89 163 353 76 164 354 75 164 355 88 164 356 88 165 357 75 166 358 90 167 359 88 168 360 90 169 361 89 170 362 74 171 363 76 172 364 91 173 365 91 174 366 76 174 367 92 174 368 91 175 369 92 175 370 93 175 371 93 176 372 92 176 373 94 176 374 93 177 375 94 178 376 95 177 377 95 179 378 94 180 379 55 181 380 95 179 381 55 181 382 54 182 383 96 183 384 97 184 385 98 183 386 99 185 387 100 186 388 101 187 389 101 188 390 100 189 391 102 190 392 101 188 393 102 190 394 103 191 395 99 192 396 101 192 397 104 192 398 104 193 399 101 193 400 105 193 401 104 194 402 105 195 403 106 196 404 106 197 405 105 198 406 107 198 407 106 199 408 107 199 409 108 199 410 108 200 411 107 200 412 109 200 413 109 201 414 107 201 415 110 202 416 109 203 417 110 204 418 111 205 419 111 206 420 110 207 421 112 208 422 111 206 423 112 208 424 113 209 425 98 210 426 97 210 427 112 210 428 112 211 429 97 212 430 114 213 431 112 214 432 114 215 433 113 216 434 96 217 435 98 217 436 115 217 437 115 218 438 98 218 439 116 218 440 115 219 441 116 219 442 117 219 443 117 220 444 116 220 445 118 220 446 117 221 447 118 221 448 119 221 449 119 222 450 118 223 451 120 224 452 119 222 453 120 224 454 121 225 455 122 226 456 123 227 457 124 226 458 125 228 459 126 229 460 127 230 461 127 231 462 126 232 463 121 233 464 127 231 465 121 233 466 120 234 467 125 235 468 127 235 469 128 235 470 128 236 471 127 236 472 129 236 473 128 237 474 129 238 475 130 239 476 130 240 477 129 241 478 131 241 479 130 242 480 131 242 481 132 242 482 132 243 483 131 243 484 133 243 485 133 244 486 131 244 487 134 245 488 133 246 489 134 247 490 135 248 491 135 249 492 134 250 493 136 251 494 135 249 495 136 251 496 137 252 497 124 253 498 123 253 499 136 253 500 136 254 501 123 255 502 138 256 503 136 257 504 138 258 505 137 259 506 122 260 507 124 260 508 139 260 509 139 261 510 124 261 511 140 261 512 139 262 513 140 262 514 141 262 515 141 263 516 140 263 517 142 263 518 141 264 519 142 264 520 143 264 521 143 265 522 142 266 523 103 267 524 143 265 525 103 267 526 102 268 527 144 269 528 145 270 529 146 271 530 146 271 531 145 270 532 147 272 533 146 271 534 147 272 535 148 273 536 149 274 537 150 275 538 151 276 539 149 274 540 151 276 541 152 277 542 152 278 543 151 279 544 153 280 545 152 278 546 153 280 547 154 281 548 154 282 549 153 283 550 145 284 551 154 282 552 145 284 553 144 285 554 150 286 555 149 286 556 155 287 557 155 287 558 149 286 559 156 288 560 157 289 561 158 290 562 159 291 563 157 289 564 159 291 565 160 292 566 160 293 567 159 294 568 161 295 569 160 293 570 161 295 571 162 296 572 162 297 573 161 298 574 155 299 575 162 297 576 155 299 577 156 300 578 163 301 579 164 302 580 165 303 581 165 303 582 164 302 583 158 304 584 165 303 585 158 304 586 157 305 587 166 306 588 167 307 589 168 308 590 166 306 591 168 308 592 169 309 593 169 310 594 168 311 595 170 312 596 169 310 597 170 312 598 171 313 599 171 314 600 170 315 601 164 316 602 171 314 603 164 316 604 163 317 605 167 318 606 166 318 607 172 319 608 172 319 609 166 318 610 173 320 611 148 321 612 147 322 613 174 323 614 148 321 615 174 323 616 175 324 617 175 325 618 174 326 619 176 327 620 175 325 621 176 327 622 177 328 623 177 329 624 176 330 625 172 331 626 177 329 627 172 331 628 173 332 629 178 333 630 42 334 631 43 335 632 43 335 633 179 336 634 178 333 635 178 337 636 179 338 637 180 338 638 178 339 639 180 339 640 181 339 641 181 340 642 180 341 643 182 340 644 181 342 645 182 343 646 183 344 647 184 345 648 185 346 649 186 347 650 186 347 651 185 346 652 183 348 653 186 349 654 183 350 655 187 351 656 187 352 657 183 353 658 182 354 659 41 355 660 40 356 661 188 357 662 188 357 663 40 356 664 189 358 665 188 359 666 189 360 667 190 361 668 190 361 669 189 360 670 191 362 671 190 363 672 191 364 673 192 365 674 192 365 675 191 364 676 193 366 677 192 367 678 193 368 679 194 369 680 194 369 681 193 368 682 195 370 683 41 371 684 196 372 685 43 373 686 43 373 687 196 372 688 197 374 689 198 375 690 199 376 691 200 377 692 200 377 693 201 378 694 198 375 695 198 379 696 201 380 697 202 381 698 198 382 699 202 383 700 203 384 701 203 385 702 202 386 703 204 387 704 203 388 705 204 388 706 205 388 707 45 389 708 44 390 709 206 391 710 206 391 711 44 390 712 205 392 713 206 393 714 205 394 715 207 395 716 207 396 717 205 397 718 204 398 719 45 399 720 208 400 721 47 401 722 47 401 723 208 400 724 209 402 725 210 403 726 46 404 727 47 405 728 47 405 729 211 406 730 210 403 731 210 407 732 211 408 733 212 409 734 210 410 735 212 410 736 213 410 737 213 411 738 212 412 739 214 411 740 213 413 741 214 414 742 215 415 743 216 416 744 217 417 745 218 418 746 218 418 747 217 417 748 215 419 749 218 420 750 215 421 751 219 422 752 219 423 753 215 424 754 214 425 755 73 426 756 78 427 757 220 428 758 220 429 759 78 430 760 221 431 761 78 432 762 77 432 763 221 432 764 221 433 765 77 434 766 80 435 767 221 436 768 80 436 769 222 436 770 85 437 771 223 437 772 84 437 773 84 438 774 223 438 775 222 438 776 84 439 777 222 440 778 82 441 779 82 442 780 222 443 781 80 444 782 85 445 783 87 446 784 223 447 785 223 448 786 87 449 787 89 450 788 223 448 789 89 450 790 224 451 791 89 452 792 90 453 793 224 454 794 224 455 795 90 456 796 75 457 797 224 458 798 75 459 799 225 460 800 75 461 801 74 461 802 225 461 803 225 462 804 74 462 805 91 462 806 225 463 807 91 463 808 226 463 809 54 464 810 227 464 811 95 464 812 95 465 813 227 465 814 226 465 815 95 466 816 226 466 817 93 466 818 93 467 819 226 467 820 91 467 821 54 468 822 52 468 823 227 468 824 227 469 825 52 470 826 228 471 827 52 472 828 51 472 829 228 472 830 228 473 831 51 474 832 56 475 833 228 476 834 56 476 835 229 476 836 61 477 837 230 478 838 60 479 839 60 480 840 230 480 841 229 480 842 60 481 843 229 482 844 58 483 845 58 484 846 229 484 847 56 484 848 61 485 849 63 486 850 230 487 851 230 488 852 63 489 853 65 490 854 230 488 855 65 490 856 231 491 857 65 492 858 66 493 859 231 494 860 231 495 861 66 495 862 49 495 863 231 496 864 49 496 865 232 496 866 49 497 867 48 498 868 232 499 869 232 500 870 48 501 871 67 502 872 232 503 873 67 503 874 233 503 875 73 504 876 220 505 877 71 506 878 71 507 879 220 507 880 233 507 881 71 508 882 233 509 883 69 510 884 69 511 885 233 512 886 67 513 887 121 514 888 126 514 889 234 514 890 234 515 891 126 515 892 235 515 893 126 516 894 125 517 895 235 518 896 235 519 897 125 519 898 128 519 899 235 520 900 128 520 901 236 520 902 133 521 903 237 521 904 132 521 905 132 522 906 237 522 907 236 522 908 132 523 909 236 523 910 130 523 911 130 524 912 236 524 913 128 524 914 133 525 915 135 526 916 237 527 917 237 528 918 135 529 919 137 530 920 237 528 921 137 530 922 238 531 923 137 532 924 138 533 925 238 534 926 238 535 927 138 536 928 123 537 929 238 538 930 123 538 931 239 538 932 123 539 933 122 540 934 239 541 935 239 542 936 122 543 937 139 544 938 239 545 939 139 545 940 240 545 941 102 546 942 241 546 943 143 546 944 143 547 945 241 547 946 240 547 947 143 548 948 240 548 949 141 548 950 141 549 951 240 549 952 139 549 953 102 550 954 100 550 955 241 550 956 241 551 957 100 551 958 242 551 959 100 552 960 99 553 961 242 554 962 242 555 963 99 555 964 104 555 965 242 556 966 104 556 967 243 556 968 109 557 969 244 557 970 108 557 971 108 558 972 244 558 973 243 558 974 108 559 975 243 559 976 106 559 977 106 560 978 243 560 979 104 560 980 109 561 981 111 562 982 244 563 983 244 564 984 111 565 985 113 566 986 244 564 987 113 566 988 245 567 989 113 568 990 114 569 991 245 570 992 245 571 993 114 572 994 97 573 995 245 574 996 97 574 997 246 574 998 97 575 999 96 576 1000 246 577 1001 246 578 1002 96 579 1003 115 580 1004 246 581 1005 115 581 1006 247 581 1007 121 582 1008 234 582 1009 119 582 1010 119 583 1011 234 583 1012 247 583 1013 119 584 1014 247 584 1015 117 584 1016 117 585 1017 247 585 1018 115 585 1019 145 586 1020 248 587 1021 147 587 1022 147 587 1023 248 587 1024 249 586 1025 147 588 1026 249 589 1027 250 588 1028 147 588 1029 250 588 1030 174 589 1031 174 590 1032 250 591 1033 251 592 1034 174 590 1035 251 592 1036 176 593 1037 176 594 1038 251 594 1039 252 594 1040 176 594 1041 252 594 1042 172 594 1043 172 595 1044 252 595 1045 167 595 1046 167 595 1047 252 595 1048 253 595 1049 167 596 1050 253 597 1051 254 598 1052 167 596 1053 254 598 1054 168 599 1055 168 600 1056 254 601 1057 255 602 1058 168 600 1059 255 602 1060 170 603 1061 170 604 1062 255 605 1063 256 604 1064 170 604 1065 256 604 1066 164 605 1067 164 606 1068 256 607 1069 158 607 1070 158 607 1071 256 607 1072 257 606 1073 158 608 1074 257 609 1075 258 608 1076 158 608 1077 258 608 1078 159 609 1079 159 610 1080 258 611 1081 259 612 1082 159 610 1083 259 612 1084 161 613 1085 161 614 1086 259 614 1087 260 614 1088 161 614 1089 260 614 1090 155 614 1091 155 615 1092 260 615 1093 150 615 1094 150 615 1095 260 615 1096 261 615 1097 150 616 1098 261 617 1099 262 618 1100 150 616 1101 262 618 1102 151 619 1103 151 620 1104 262 621 1105 263 622 1106 151 620 1107 263 622 1108 153 623 1109 153 624 1110 263 625 1111 248 624 1112 153 624 1113 248 624 1114 145 625 1115 264 626 1116 265 627 1117 146 628 1118 265 627 1119 266 629 1120 146 628 1121 146 628 1122 266 629 1123 267 630 1124 146 628 1125 267 630 1126 144 631 1127 267 630 1128 268 632 1129 144 631 1130 144 631 1131 268 632 1132 269 633 1133 144 631 1134 269 633 1135 154 7 1136 154 7 1137 269 633 1138 270 634 1139 154 7 1140 270 634 1141 152 635 1142 152 635 1143 270 634 1144 271 636 1145 152 635 1146 271 636 1147 149 637 1148 149 637 1149 271 636 1150 272 638 1151 149 637 1152 272 638 1153 156 639 1154 156 639 1155 272 638 1156 199 640 1157 156 639 1158 199 640 1159 162 641 1160 162 641 1161 199 640 1162 198 642 1163 162 641 1164 198 642 1165 160 643 1166 160 643 1167 198 642 1168 203 644 1169 160 643 1170 203 644 1171 157 645 1172 157 645 1173 203 644 1174 205 7 1175 107 646 1176 105 647 1177 273 648 1178 274 649 1179 275 650 1180 120 651 1181 120 651 1182 275 650 1183 276 652 1184 120 651 1185 276 652 1186 127 653 1187 127 653 1188 276 652 1189 277 654 1190 127 653 1191 277 654 1192 278 7 1193 279 7 1194 165 655 1195 280 7 1196 280 7 1197 165 655 1198 281 656 1199 279 7 1200 282 657 1201 165 655 1202 165 655 1203 282 657 1204 283 658 1205 165 655 1206 283 658 1207 284 659 1208 129 660 1209 127 653 1210 217 661 1211 217 661 1212 127 653 1213 215 662 1214 215 662 1215 285 663 1216 213 664 1217 213 664 1218 285 663 1219 286 665 1220 213 664 1221 286 665 1222 210 666 1223 210 666 1224 286 665 1225 287 667 1226 205 7 1227 44 7 1228 157 645 1229 157 645 1230 44 7 1231 46 668 1232 157 645 1233 46 668 1234 165 655 1235 165 655 1236 46 668 1237 210 666 1238 165 655 1239 210 666 1240 281 656 1241 281 656 1242 210 666 1243 287 667 1244 278 7 1245 288 669 1246 127 653 1247 127 653 1248 288 669 1249 289 670 1250 127 653 1251 289 670 1252 215 662 1253 215 662 1254 289 670 1255 290 671 1256 215 662 1257 290 671 1258 285 663 1259 116 672 1260 165 655 1261 118 673 1262 118 673 1263 165 655 1264 284 659 1265 118 673 1266 284 659 1267 120 651 1268 120 651 1269 284 659 1270 291 674 1271 120 651 1272 291 674 1273 274 649 1274 124 675 1275 292 676 1276 140 677 1277 140 677 1278 292 676 1279 142 678 1280 124 675 1281 136 679 1282 292 676 1283 292 676 1284 136 679 1285 134 680 1286 292 676 1287 134 680 1288 217 661 1289 217 661 1290 134 680 1291 131 681 1292 217 661 1293 131 681 1294 129 660 1295 116 672 1296 98 7 1297 165 655 1298 165 655 1299 98 7 1300 112 682 1301 165 655 1302 112 682 1303 273 648 1304 273 648 1305 112 682 1306 110 683 1307 273 648 1308 110 683 1309 107 646 1310 68 7 1311 105 647 1312 70 684 1313 70 684 1314 105 647 1315 101 685 1316 70 684 1317 101 685 1318 72 686 1319 72 686 1320 101 685 1321 103 687 1322 72 686 1323 103 687 1324 79 688 1325 79 688 1326 103 687 1327 142 678 1328 79 688 1329 142 678 1330 81 689 1331 273 648 1332 59 690 1333 57 691 1334 57 691 1335 53 692 1336 273 648 1337 273 648 1338 53 692 1339 55 693 1340 273 648 1341 55 693 1342 264 626 1343 68 7 1344 50 7 1345 105 647 1346 105 647 1347 50 7 1348 64 694 1349 105 647 1350 64 694 1351 273 648 1352 273 648 1353 64 694 1354 62 695 1355 273 648 1356 62 695 1357 59 690 1358 55 693 1359 94 696 1360 264 626 1361 264 626 1362 94 696 1363 92 697 1364 264 626 1365 92 697 1366 292 676 1367 292 676 1368 92 697 1369 76 698 1370 76 698 1371 88 699 1372 292 676 1373 292 676 1374 88 699 1375 86 700 1376 292 676 1377 86 700 1378 142 678 1379 142 678 1380 86 700 1381 83 701 1382 142 678 1383 83 701 1384 81 689 1385 293 702 1386 294 7 1387 165 655 1388 273 648 1389 183 703 1390 185 704 1391 294 7 1392 295 705 1393 165 655 1394 165 655 1395 295 705 1396 296 706 1397 165 655 1398 296 706 1399 163 707 1400 273 648 1401 185 704 1402 165 655 1403 165 655 1404 185 704 1405 297 708 1406 165 655 1407 297 708 1408 293 702 1409 264 626 1410 146 628 1411 273 648 1412 273 648 1413 146 628 1414 181 709 1415 273 648 1416 181 709 1417 183 703 1418 296 706 1419 298 710 1420 163 707 1421 163 707 1422 298 710 1423 299 711 1424 163 707 1425 299 711 1426 171 7 1427 171 7 1428 299 711 1429 300 712 1430 171 7 1431 300 712 1432 169 713 1433 169 713 1434 300 712 1435 301 714 1436 169 713 1437 301 714 1438 166 715 1439 166 715 1440 301 714 1441 302 716 1442 166 715 1443 302 716 1444 173 717 1445 173 717 1446 302 716 1447 195 718 1448 173 717 1449 195 718 1450 177 719 1451 177 719 1452 195 718 1453 193 720 1454 177 719 1455 193 720 1456 175 721 1457 175 721 1458 193 720 1459 191 722 1460 175 721 1461 191 722 1462 148 723 1463 148 723 1464 191 722 1465 189 7 1466 189 7 1467 40 7 1468 148 723 1469 148 723 1470 40 7 1471 42 724 1472 148 723 1473 42 724 1474 146 628 1475 146 628 1476 42 724 1477 178 725 1478 146 628 1479 178 725 1480 181 709 1481 184 726 1482 186 726 1483 303 726 1484 303 727 1485 186 727 1486 304 727 1487 186 728 1488 187 729 1489 304 730 1490 304 731 1491 187 731 1492 182 731 1493 304 732 1494 182 732 1495 305 732 1496 43 733 1497 197 733 1498 179 733 1499 179 734 1500 197 734 1501 305 734 1502 179 735 1503 305 735 1504 180 735 1505 180 736 1506 305 737 1507 182 738 1508 306 739 1509 297 740 1510 184 741 1511 184 741 1512 297 740 1513 185 742 1514 293 743 1515 297 744 1516 306 745 1517 306 745 1518 307 746 1519 293 743 1520 293 747 1521 307 747 1522 308 748 1523 293 749 1524 308 749 1525 294 749 1526 294 750 1527 308 751 1528 309 752 1529 294 753 1530 309 754 1531 295 755 1532 310 756 1533 296 757 1534 311 758 1535 311 758 1536 296 757 1537 295 759 1538 311 760 1539 295 761 1540 312 761 1541 312 762 1542 295 763 1543 309 764 1544 313 765 1545 298 766 1546 310 767 1547 310 767 1548 298 766 1549 296 768 1550 299 769 1551 298 770 1552 313 771 1553 313 771 1554 314 772 1555 299 769 1556 299 773 1557 314 774 1558 315 775 1559 299 776 1560 315 777 1561 300 776 1562 300 778 1563 315 779 1564 316 780 1565 300 781 1566 316 781 1567 301 782 1568 317 783 1569 302 784 1570 318 785 1571 318 785 1572 302 784 1573 301 786 1574 318 787 1575 301 788 1576 319 789 1577 319 790 1578 301 791 1579 316 792 1580 194 793 1581 195 793 1582 317 794 1583 317 794 1584 195 793 1585 302 794 1586 196 795 1587 41 796 1588 320 797 1589 320 797 1590 41 796 1591 188 798 1592 320 799 1593 188 800 1594 321 801 1595 321 801 1596 188 800 1597 190 802 1598 321 803 1599 190 804 1600 322 805 1601 322 805 1602 190 804 1603 192 804 1604 322 806 1605 192 807 1606 323 808 1607 323 808 1608 192 807 1609 194 809 1610 324 810 1611 325 811 1612 303 812 1613 326 813 1614 327 814 1615 303 812 1616 303 812 1617 327 814 1618 328 815 1619 196 816 1620 320 817 1621 321 818 1622 328 815 1623 329 819 1624 303 812 1625 303 812 1626 329 819 1627 330 820 1628 303 812 1629 330 820 1630 324 810 1631 304 7 1632 305 821 1633 303 812 1634 303 812 1635 305 821 1636 197 822 1637 303 812 1638 197 822 1639 326 813 1640 326 813 1641 197 822 1642 196 816 1643 331 823 1644 326 813 1645 323 824 1646 323 824 1647 326 813 1648 196 816 1649 323 824 1650 196 816 1651 322 7 1652 322 7 1653 196 816 1654 321 818 1655 200 825 1656 199 825 1657 332 826 1658 332 826 1659 199 825 1660 272 826 1661 45 827 1662 206 827 1663 208 827 1664 208 828 1665 206 829 1666 333 830 1667 206 831 1668 207 832 1669 333 833 1670 333 834 1671 207 834 1672 204 834 1673 333 835 1674 204 835 1675 334 835 1676 200 836 1677 335 837 1678 201 838 1679 201 839 1680 335 839 1681 334 839 1682 201 840 1683 334 841 1684 202 842 1685 202 843 1686 334 843 1687 204 843 1688 336 844 1689 337 845 1690 338 846 1691 338 846 1692 337 845 1693 339 847 1694 338 846 1695 339 847 1696 340 848 1697 335 849 1698 341 850 1699 342 851 1700 342 851 1701 343 852 1702 335 849 1703 335 849 1704 343 852 1705 344 853 1706 335 849 1707 344 853 1708 336 844 1709 208 854 1710 333 855 1711 334 856 1712 345 7 1713 346 857 1714 338 846 1715 338 846 1716 346 857 1717 209 858 1718 338 846 1719 209 858 1720 336 844 1721 336 844 1722 209 858 1723 208 854 1724 336 844 1725 208 854 1726 335 849 1727 335 849 1728 208 854 1729 334 856 1730 216 859 1731 218 859 1732 338 859 1733 338 860 1734 218 860 1735 345 860 1736 218 861 1737 219 862 1738 345 863 1739 345 864 1740 219 864 1741 214 864 1742 345 865 1743 214 865 1744 346 865 1745 47 866 1746 209 866 1747 211 866 1748 211 867 1749 209 867 1750 346 867 1751 211 868 1752 346 868 1753 212 868 1754 212 869 1755 346 870 1756 214 871 1757 347 872 1758 292 873 1759 216 874 1760 216 874 1761 292 873 1762 217 875 1763 348 876 1764 267 877 1765 349 878 1766 349 878 1767 267 877 1768 266 879 1769 349 880 1770 266 881 1771 350 882 1772 350 882 1773 266 881 1774 265 883 1775 350 884 1776 265 885 1777 351 886 1778 351 886 1779 265 885 1780 264 887 1781 351 888 1782 264 889 1783 347 890 1784 347 890 1785 264 889 1786 292 891 1787 352 892 1788 268 893 1789 348 894 1790 348 894 1791 268 893 1792 267 895 1793 332 896 1794 272 897 1795 353 898 1796 353 898 1797 272 897 1798 271 899 1799 353 900 1800 271 901 1801 354 902 1802 354 902 1803 271 901 1804 270 903 1805 354 904 1806 270 905 1807 355 906 1808 355 906 1809 270 905 1810 269 907 1811 355 908 1812 269 909 1813 352 910 1814 352 910 1815 269 909 1816 268 911 1817 356 912 1818 224 913 1819 357 914 1820 357 914 1821 224 913 1822 225 7 1823 357 914 1824 225 7 1825 358 7 1826 358 7 1827 225 7 1828 226 915 1829 358 7 1830 226 915 1831 359 916 1832 359 916 1833 226 915 1834 227 917 1835 359 916 1836 227 917 1837 360 918 1838 360 918 1839 227 917 1840 228 7 1841 360 918 1842 228 7 1843 361 7 1844 361 7 1845 228 7 1846 229 7 1847 361 7 1848 229 7 1849 362 919 1850 229 7 1851 230 920 1852 362 919 1853 362 919 1854 230 920 1855 231 921 1856 362 919 1857 231 921 1858 363 922 1859 363 922 1860 231 921 1861 232 923 1862 363 922 1863 232 923 1864 364 924 1865 364 924 1866 232 923 1867 233 925 1868 364 924 1869 233 925 1870 365 926 1871 365 926 1872 233 925 1873 220 927 1874 365 926 1875 220 927 1876 366 928 1877 366 928 1878 220 927 1879 221 929 1880 366 928 1881 221 929 1882 367 930 1883 367 930 1884 221 929 1885 222 931 1886 367 930 1887 222 931 1888 356 912 1889 356 912 1890 222 931 1891 223 932 1892 356 912 1893 223 932 1894 224 913 1895 368 933 1896 245 934 1897 369 7 1898 369 7 1899 245 934 1900 246 935 1901 369 7 1902 246 935 1903 370 936 1904 370 936 1905 246 935 1906 247 937 1907 370 936 1908 247 937 1909 371 938 1910 371 938 1911 247 937 1912 234 939 1913 371 938 1914 234 939 1915 372 940 1916 372 940 1917 234 939 1918 235 941 1919 372 940 1920 235 941 1921 373 942 1922 373 942 1923 235 941 1924 236 7 1925 373 942 1926 236 7 1927 374 943 1928 236 7 1929 237 944 1930 374 943 1931 374 943 1932 237 944 1933 238 945 1934 374 943 1935 238 945 1936 375 7 1937 375 7 1938 238 945 1939 239 946 1940 375 7 1941 239 946 1942 376 947 1943 376 947 1944 239 946 1945 240 948 1946 376 947 1947 240 948 1948 377 949 1949 377 949 1950 240 948 1951 241 950 1952 377 949 1953 241 950 1954 378 951 1955 378 951 1956 241 950 1957 242 952 1958 378 951 1959 242 952 1960 379 953 1961 379 953 1962 242 952 1963 243 7 1964 379 953 1965 243 7 1966 368 933 1967 368 933 1968 243 7 1969 244 954 1970 368 933 1971 244 954 1972 245 934 1973 254 955 1974 27 956 1975 255 957 1976 255 957 1977 27 956 1978 28 958 1979 255 957 1980 28 958 1981 256 959 1982 256 959 1983 28 958 1984 29 960 1985 256 959 1986 29 960 1987 257 961 1988 257 961 1989 29 960 1990 30 962 1991 257 961 1992 30 962 1993 258 963 1994 251 964 1995 23 965 1996 252 966 1997 252 966 1998 23 965 1999 24 967 2000 252 966 2001 24 967 2002 253 968 2003 253 968 2004 24 967 2005 25 969 2006 253 968 2007 25 969 2008 254 955 2009 254 955 2010 25 969 2011 26 970 2012 254 955 2013 26 970 2014 27 956 2015 262 971 2016 37 972 2017 263 973 2018 263 973 2019 37 972 2020 38 974 2021 263 973 2022 38 974 2023 248 975 2024 248 975 2025 38 974 2026 39 976 2027 248 975 2028 39 976 2029 249 977 2030 249 977 2031 39 976 2032 20 978 2033 249 977 2034 20 978 2035 250 7 2036 250 7 2037 20 978 2038 21 979 2039 250 7 2040 21 979 2041 251 964 2042 251 964 2043 21 979 2044 22 980 2045 251 964 2046 22 980 2047 23 965 2048 30 962 2049 31 981 2050 258 963 2051 258 963 2052 31 981 2053 32 982 2054 258 963 2055 32 982 2056 259 983 2057 259 983 2058 32 982 2059 33 984 2060 259 983 2061 33 984 2062 260 985 2063 260 985 2064 33 984 2065 34 986 2066 260 985 2067 34 986 2068 261 987 2069 261 987 2070 34 986 2071 35 988 2072 261 987 2073 35 988 2074 262 971 2075 262 971 2076 35 988 2077 36 989 2078 262 971 2079 36 989 2080 37 972 2081 380 990 2082 381 990 2083 288 990 2084 382 991 2085 383 991 2086 287 991 2087 287 992 2088 383 993 2089 384 994 2090 287 992 2091 384 994 2092 281 995 2093 382 996 2094 287 997 2095 385 996 2096 385 998 2097 287 998 2098 286 998 2099 385 999 2100 286 999 2101 386 999 2102 386 1000 2103 286 1000 2104 285 1000 2105 386 1001 2106 285 1001 2107 387 1001 2108 387 1002 2109 285 1002 2110 388 1002 2111 388 1003 2112 285 1003 2113 290 1003 2114 388 1004 2115 290 1005 2116 389 1006 2117 389 1007 2118 290 1008 2119 289 1009 2120 389 1007 2121 289 1009 2122 390 1010 2123 288 1011 2124 381 1011 2125 289 1011 2126 289 1012 2127 381 1012 2128 391 1012 2129 289 1013 2130 391 1014 2131 390 1015 2132 380 1016 2133 288 1017 2134 392 1018 2135 392 1019 2136 288 1019 2137 278 1019 2138 392 1020 2139 278 1020 2140 393 1020 2141 393 1021 2142 278 1021 2143 277 1021 2144 393 1022 2145 277 1023 2146 394 1022 2147 394 1024 2148 277 1025 2149 276 1026 2150 394 1024 2151 276 1026 2152 395 1027 2153 396 1028 2154 397 1028 2155 282 1028 2156 398 1029 2157 399 1029 2158 275 1029 2159 275 1030 2160 399 1031 2161 395 1032 2162 275 1030 2163 395 1032 2164 276 1033 2165 398 1034 2166 275 1035 2167 400 1034 2168 400 1036 2169 275 1036 2170 274 1036 2171 400 1037 2172 274 1037 2173 401 1037 2174 401 1038 2175 274 1038 2176 291 1038 2177 401 1039 2178 291 1039 2179 402 1039 2180 402 1040 2181 291 1040 2182 403 1040 2183 403 1041 2184 291 1041 2185 284 1041 2186 403 1042 2187 284 1043 2188 404 1044 2189 404 1045 2190 284 1046 2191 283 1047 2192 404 1045 2193 283 1047 2194 405 1048 2195 282 1049 2196 397 1049 2197 283 1049 2198 283 1050 2199 397 1051 2200 406 1052 2201 283 1053 2202 406 1054 2203 405 1055 2204 396 1056 2205 282 1057 2206 407 1058 2207 407 1059 2208 282 1059 2209 279 1059 2210 407 1060 2211 279 1060 2212 408 1060 2213 408 1061 2214 279 1061 2215 280 1061 2216 408 1062 2217 280 1063 2218 409 1062 2219 409 1064 2220 280 1065 2221 281 1066 2222 409 1064 2223 281 1066 2224 384 1067 2225 184 1068 2226 303 1069 2227 325 1070 2228 410 1071 2229 411 1072 2230 325 1070 2231 325 1070 2232 411 1072 2233 306 1073 2234 325 1070 2235 306 1073 2236 184 1068 2237 412 1074 2238 310 1075 2239 413 1074 2240 413 1074 2241 310 1075 2242 311 1075 2243 413 1076 2244 311 1077 2245 414 1078 2246 414 1078 2247 311 1077 2248 312 1079 2249 414 1080 2250 312 1081 2251 415 1082 2252 415 1082 2253 312 1081 2254 309 1083 2255 415 1084 2256 309 1085 2257 416 1086 2258 416 1086 2259 309 1085 2260 308 1087 2261 416 1088 2262 308 1089 2263 417 1090 2264 417 1090 2265 308 1089 2266 307 1091 2267 417 1092 2268 307 1093 2269 411 1094 2270 411 1094 2271 307 1093 2272 306 1095 2273 310 1096 2274 412 1097 2275 313 1098 2276 313 1098 2277 412 1097 2278 418 1099 2279 419 1100 2280 317 1101 2281 420 1102 2282 420 1102 2283 317 1101 2284 318 1103 2285 420 1104 2286 318 1105 2287 421 1106 2288 421 1106 2289 318 1105 2290 319 1107 2291 421 1108 2292 319 1109 2293 422 1110 2294 422 1110 2295 319 1109 2296 316 1111 2297 422 1112 2298 316 1113 2299 423 1114 2300 423 1114 2301 316 1113 2302 315 1115 2303 423 1116 2304 315 1117 2305 424 1118 2306 424 1118 2307 315 1117 2308 314 1119 2309 424 1120 2310 314 1121 2311 418 1122 2312 418 1122 2313 314 1121 2314 313 1123 2315 323 1124 2316 194 1125 2317 331 1126 2318 331 1126 2319 194 1125 2320 317 1127 2321 331 1126 2322 317 1127 2323 425 1128 2324 425 1128 2325 317 1127 2326 419 1129 2327 426 1130 2328 328 1131 2329 427 1132 2330 427 1133 2331 328 1134 2332 327 1135 2333 427 1136 2334 327 1137 2335 428 1138 2336 428 1139 2337 327 1140 2338 429 1141 2339 429 1142 2340 327 1143 2341 326 1144 2342 429 1145 2343 326 1146 2344 430 1147 2345 430 1148 2346 326 1149 2347 431 1150 2348 431 1151 2349 326 1152 2350 331 1153 2351 431 1154 2352 331 1154 2353 425 1154 2354 432 1155 2355 329 1156 2356 426 1157 2357 426 1157 2358 329 1156 2359 328 1158 2360 410 1159 2361 325 1160 2362 433 1161 2363 433 1162 2364 325 1162 2365 324 1162 2366 433 1163 2367 324 1164 2368 434 1165 2369 330 1166 2370 329 1166 2371 432 1166 2372 432 1167 2373 435 1168 2374 330 1169 2375 330 1170 2376 435 1171 2377 436 1172 2378 330 1173 2379 436 1174 2380 324 1175 2381 324 1176 2382 436 1177 2383 437 1178 2384 324 1179 2385 437 1180 2386 434 1181 2387 335 1182 2388 200 1183 2389 341 1184 2390 341 1184 2391 200 1183 2392 332 1185 2393 341 1184 2394 332 1185 2395 438 1186 2396 438 1186 2397 332 1185 2398 439 1187 2399 440 1188 2400 344 1189 2401 441 1190 2402 441 1190 2403 344 1189 2404 343 1191 2405 441 1192 2406 343 1193 2407 442 1194 2408 442 1194 2409 343 1193 2410 342 1195 2411 442 1196 2412 342 1196 2413 438 1196 2414 438 1196 2415 342 1196 2416 341 1197 2417 443 1198 2418 336 1199 2419 440 1200 2420 440 1200 2421 336 1199 2422 344 1201 2423 444 1202 2424 340 1203 2425 445 1204 2426 445 1205 2427 340 1205 2428 339 1205 2429 445 1206 2430 339 1207 2431 446 1208 2432 337 1209 2433 336 1209 2434 443 1209 2435 443 1210 2436 447 1211 2437 337 1212 2438 337 1213 2439 447 1214 2440 448 1215 2441 337 1216 2442 448 1217 2443 339 1218 2444 339 1219 2445 448 1220 2446 449 1221 2447 339 1222 2448 449 1223 2449 446 1224 2450 216 1225 2451 338 1226 2452 340 1227 2453 444 1228 2454 450 1229 2455 340 1227 2456 340 1227 2457 450 1229 2458 347 1230 2459 340 1227 2460 347 1230 2461 216 1225 2462 451 1231 2463 348 1231 2464 349 1231 2465 451 1232 2466 349 1232 2467 452 1232 2468 452 1233 2469 349 1233 2470 350 1233 2471 452 1234 2472 350 1235 2473 453 1236 2474 453 1237 2475 350 1237 2476 351 1237 2477 453 1238 2478 351 1239 2479 454 1240 2480 454 1241 2481 351 1241 2482 347 1241 2483 454 1242 2484 347 1242 2485 450 1242 2486 348 1243 2487 451 1244 2488 352 1245 2489 352 1245 2490 451 1244 2491 455 1246 2492 439 1247 2493 332 1248 2494 456 1249 2495 456 1249 2496 332 1248 2497 353 1250 2498 456 1251 2499 353 1252 2500 457 1253 2501 457 1253 2502 353 1252 2503 354 1254 2504 457 1255 2505 354 1256 2506 458 1257 2507 458 1257 2508 354 1256 2509 355 1258 2510 458 1259 2511 355 1260 2512 455 1261 2513 455 1261 2514 355 1260 2515 352 1262 2516 459 1263 2517 460 1264 2518 365 1265 2519 365 1266 2520 460 1266 2521 364 1266 2522 460 1267 2523 461 1268 2524 364 1269 2525 364 1270 2526 461 1271 2527 462 1272 2528 364 1273 2529 462 1274 2530 363 1275 2531 462 1276 2532 463 1277 2533 363 1278 2534 363 1279 2535 463 1279 2536 464 1279 2537 363 1280 2538 464 1280 2539 362 1280 2540 464 1281 2541 465 1282 2542 362 1283 2543 362 1284 2544 465 1284 2545 466 1284 2546 362 1285 2547 466 1286 2548 361 1287 2549 466 1288 2550 467 1289 2551 361 1290 2552 361 1291 2553 467 1292 2554 468 1293 2555 361 1294 2556 468 1294 2557 360 1294 2558 469 1295 2559 359 1296 2560 470 1297 2561 470 1298 2562 359 1298 2563 360 1298 2564 470 1299 2565 360 1300 2566 471 1301 2567 471 1302 2568 360 1302 2569 468 1302 2570 469 1303 2571 472 1304 2572 359 1305 2573 359 1306 2574 472 1307 2575 358 1308 2576 472 1309 2577 473 1310 2578 358 1311 2579 358 1312 2580 473 1313 2581 474 1314 2582 358 1315 2583 474 1316 2584 357 1317 2585 474 1318 2586 475 1319 2587 357 1320 2588 357 1321 2589 475 1322 2590 476 1323 2591 357 1324 2592 476 1325 2593 356 1326 2594 476 1327 2595 477 1328 2596 356 1329 2597 356 1330 2598 477 1330 2599 478 1330 2600 356 1331 2601 478 1331 2602 367 1331 2603 478 1332 2604 479 1333 2605 367 1334 2606 367 1335 2607 479 1335 2608 480 1335 2609 367 1336 2610 480 1336 2611 366 1336 2612 459 1337 2613 365 1337 2614 481 1337 2615 481 1338 2616 365 1339 2617 366 1340 2618 481 1341 2619 366 1342 2620 482 1343 2621 482 1344 2622 366 1345 2623 480 1346 2624 483 1347 2625 484 1347 2626 371 1347 2627 371 1348 2628 484 1348 2629 370 1348 2630 484 1349 2631 485 1350 2632 370 1351 2633 370 1352 2634 485 1352 2635 486 1352 2636 370 1353 2637 486 1354 2638 369 1355 2639 486 1356 2640 487 1357 2641 369 1358 2642 369 1359 2643 487 1360 2644 488 1361 2645 369 1362 2646 488 1362 2647 368 1362 2648 488 1363 2649 489 1363 2650 368 1363 2651 368 1364 2652 489 1364 2653 490 1364 2654 368 1365 2655 490 1365 2656 379 1365 2657 490 1366 2658 491 1366 2659 379 1366 2660 379 1367 2661 491 1368 2662 492 1369 2663 379 1370 2664 492 1371 2665 378 1372 2666 493 1373 2667 377 1373 2668 494 1373 2669 494 1374 2670 377 1374 2671 378 1374 2672 494 1375 2673 378 1376 2674 495 1377 2675 495 1378 2676 378 1378 2677 492 1378 2678 493 1379 2679 496 1379 2680 377 1379 2681 377 1380 2682 496 1380 2683 376 1380 2684 496 1381 2685 497 1382 2686 376 1383 2687 376 1384 2688 497 1384 2689 498 1384 2690 376 1385 2691 498 1386 2692 375 1387 2693 498 1388 2694 499 1389 2695 375 1390 2696 375 1391 2697 499 1392 2698 500 1393 2699 375 1394 2700 500 1394 2701 374 1394 2702 500 1395 2703 501 1395 2704 374 1395 2705 374 1396 2706 501 1396 2707 502 1396 2708 374 1397 2709 502 1397 2710 373 1397 2711 502 1398 2712 503 1398 2713 373 1398 2714 373 1399 2715 503 1400 2716 504 1401 2717 373 1402 2718 504 1403 2719 372 1404 2720 483 1405 2721 371 1405 2722 505 1405 2723 505 1406 2724 371 1406 2725 372 1406 2726 505 1407 2727 372 1408 2728 506 1409 2729 506 1410 2730 372 1410 2731 504 1410 2732 507 1411 2733 20 1412 2734 508 1413 2735 508 1413 2736 20 1412 2737 39 1414 2738 509 1415 2739 24 1416 2740 23 1417 2741 509 1418 2742 23 1418 2743 510 1418 2744 510 1419 2745 23 1420 2746 22 1421 2747 510 1422 2748 22 1423 2749 511 1424 2750 511 1425 2751 22 1426 2752 21 1427 2753 511 1428 2754 21 1429 2755 512 1430 2756 512 1431 2757 21 1431 2758 20 1431 2759 512 1432 2760 20 1432 2761 507 1432 2762 513 1433 2763 25 1434 2764 509 34 2765 509 34 2766 25 1434 2767 24 1435 2768 514 1436 2769 29 1437 2770 28 1438 2771 514 1439 2772 28 1439 2773 515 1439 2774 515 1440 2775 28 1440 2776 27 1440 2777 515 1441 2778 27 1442 2779 516 1443 2780 516 1444 2781 27 1444 2782 26 1444 2783 516 1445 2784 26 1445 2785 517 1445 2786 517 1446 2787 26 1446 2788 25 1446 2789 517 1447 2790 25 1448 2791 513 1449 2792 518 1450 2793 30 1451 2794 514 1452 2795 514 1452 2796 30 1451 2797 29 1453 2798 519 1454 2799 34 1455 2800 33 1456 2801 519 1457 2802 33 1457 2803 520 1457 2804 520 1458 2805 33 1459 2806 32 1460 2807 520 1461 2808 32 1462 2809 521 1463 2810 521 1464 2811 32 1465 2812 31 1466 2813 521 1467 2814 31 1468 2815 522 1469 2816 522 1470 2817 31 1470 2818 30 1470 2819 522 1471 2820 30 1471 2821 518 1471 2822 523 1472 2823 35 1473 2824 519 65 2825 519 65 2826 35 1473 2827 34 1474 2828 508 1475 2829 39 1476 2830 38 1477 2831 508 1478 2832 38 1478 2833 524 1478 2834 524 1479 2835 38 1479 2836 37 1479 2837 524 1480 2838 37 1481 2839 525 1482 2840 525 1483 2841 37 1483 2842 36 1483 2843 525 1484 2844 36 1484 2845 526 1484 2846 526 1485 2847 36 1485 2848 35 1485 2849 526 1486 2850 35 1487 2851 523 1488 2852 384 1489 2853 383 1489 2854 527 1489 2855 527 1490 2856 383 1491 2857 528 1492 2858 383 432 2859 382 432 2860 528 432 2861 528 1493 2862 382 1494 2863 385 1495 2864 528 1496 2865 385 1496 2866 529 1496 2867 388 1497 2868 530 1498 2869 387 1499 2870 387 1500 2871 530 1500 2872 529 1500 2873 387 1501 2874 529 1502 2875 386 1503 2876 386 1504 2877 529 1504 2878 385 1504 2879 388 1505 2880 389 1506 2881 530 1507 2882 530 1508 2883 389 1509 2884 390 1510 2885 530 1508 2886 390 1510 2887 531 1511 2888 390 1512 2889 391 1513 2890 531 1514 2891 531 1515 2892 391 1515 2893 381 1515 2894 531 1516 2895 381 1516 2896 532 1516 2897 381 1517 2898 380 1518 2899 532 1519 2900 532 1520 2901 380 1521 2902 392 1522 2903 532 1523 2904 392 1523 2905 533 1523 2906 395 1524 2907 534 1525 2908 394 1526 2909 394 1527 2910 534 1527 2911 533 1527 2912 394 1528 2913 533 1529 2914 393 1530 2915 393 1531 2916 533 1532 2917 392 1533 2918 395 1534 2919 399 1535 2920 534 1536 2921 534 1537 2922 399 1538 2923 535 1539 2924 399 1540 2925 398 1541 2926 535 1542 2927 535 1543 2928 398 1544 2929 400 1545 2930 535 1546 2931 400 1546 2932 536 1546 2933 403 1547 2934 537 1547 2935 402 1547 2936 402 1548 2937 537 1548 2938 536 1548 2939 402 1549 2940 536 1550 2941 401 1551 2942 401 1552 2943 536 1553 2944 400 1554 2945 403 1555 2946 404 1556 2947 537 1557 2948 537 1558 2949 404 1559 2950 405 1560 2951 537 1558 2952 405 1560 2953 538 1561 2954 405 1562 2955 406 1563 2956 538 1564 2957 538 1565 2958 406 1566 2959 397 1567 2960 538 1568 2961 397 1569 2962 539 1570 2963 397 1571 2964 396 1571 2965 539 1571 2966 539 1572 2967 396 1572 2968 407 1572 2969 539 1573 2970 407 1573 2971 540 1573 2972 384 1574 2973 527 1574 2974 409 1574 2975 409 1575 2976 527 1575 2977 540 1575 2978 409 1576 2979 540 1576 2980 408 1576 2981 408 1577 2982 540 1577 2983 407 1577 2984 541 1578 2985 411 1579 2986 542 1580 2987 542 1580 2988 411 1579 2989 410 1581 2990 542 1580 2991 410 1581 2992 543 1582 2993 544 1583 2994 545 1584 2995 412 1585 2996 412 1585 2997 413 1586 2998 544 1583 2999 544 1587 3000 413 1588 3001 414 1587 3002 544 1589 3003 414 1589 3004 546 1589 3005 546 1590 3006 414 1591 3007 415 1592 3008 546 1593 3009 415 1593 3010 547 1593 3011 411 1594 3012 541 1595 3013 417 1596 3014 417 1596 3015 541 1595 3016 547 1597 3017 417 1598 3018 547 1599 3019 416 1600 3020 416 1601 3021 547 1601 3022 415 1602 3023 412 1603 3024 545 1604 3025 418 1605 3026 418 1605 3027 545 1604 3028 548 1606 3029 549 1607 3030 550 1608 3031 419 1609 3032 419 1609 3033 420 1610 3034 549 1607 3035 549 1611 3036 420 1612 3037 421 1613 3038 549 1614 3039 421 1614 3040 551 1614 3041 551 1615 3042 421 1616 3043 422 1617 3044 551 1618 3045 422 1619 3046 552 1620 3047 418 1621 3048 548 1622 3049 424 1623 3050 424 1623 3051 548 1622 3052 552 1624 3053 424 1625 3054 552 1626 3055 423 1627 3056 423 1628 3057 552 1629 3058 422 1630 3059 553 1631 3060 425 1632 3061 554 1633 3062 554 1633 3063 425 1632 3064 419 1634 3065 554 1633 3066 419 1634 3067 550 1635 3068 555 1636 3069 556 1637 3070 426 1638 3071 426 1638 3072 427 1639 3073 555 1636 3074 555 1640 3075 427 1641 3076 428 1642 3077 555 1643 3078 428 1644 3079 557 1645 3080 557 1646 3081 428 1647 3082 429 1648 3083 557 1649 3084 429 1650 3085 558 1651 3086 425 1652 3087 553 1653 3088 431 1654 3089 431 1654 3090 553 1653 3091 558 1655 3092 431 1656 3093 558 1657 3094 430 1657 3095 430 1658 3096 558 1659 3097 429 1660 3098 426 1661 3099 556 1662 3100 432 1663 3101 432 1663 3102 556 1662 3103 559 1664 3104 560 1665 3105 543 1666 3106 410 1667 3107 410 1667 3108 433 1668 3109 560 1665 3110 560 1669 3111 433 1669 3112 434 1669 3113 560 1670 3114 434 1671 3115 561 1670 3116 561 1672 3117 434 1673 3118 437 1674 3119 561 1675 3120 437 1675 3121 562 1675 3122 432 1676 3123 559 1677 3124 435 1678 3125 435 1678 3126 559 1677 3127 562 1679 3128 435 1680 3129 562 1681 3130 436 1681 3131 436 1682 3132 562 1683 3133 437 1684 3134 439 1685 3135 563 1685 3136 438 1686 3137 438 1686 3138 563 1685 3139 564 1687 3140 438 1688 3141 564 1689 3142 442 1690 3143 442 1690 3144 564 1689 3145 565 1691 3146 442 1692 3147 565 1693 3148 441 1694 3149 441 1694 3150 565 1693 3151 566 1695 3152 441 1696 3153 566 1697 3154 440 1698 3155 440 1698 3156 566 1697 3157 567 1699 3158 568 1700 3159 443 1701 3160 567 1702 3161 567 1702 3162 443 1701 3163 440 1703 3164 569 1704 3165 570 1705 3166 444 1706 3167 444 1706 3168 445 1707 3169 569 1704 3170 569 1708 3171 445 1708 3172 446 1708 3173 569 1709 3174 446 1710 3175 571 1711 3176 571 1712 3177 446 1713 3178 449 1714 3179 571 1715 3180 449 1715 3181 572 1715 3182 443 1716 3183 568 1717 3184 447 1718 3185 447 1718 3186 568 1717 3187 572 1719 3188 447 1720 3189 572 1721 3190 448 1721 3191 448 1722 3192 572 1723 3193 449 1724 3194 573 1725 3195 450 1726 3196 570 1727 3197 570 1727 3198 450 1726 3199 444 1728 3200 574 1729 3201 575 1730 3202 451 1731 3203 450 1732 3204 573 1733 3205 454 1734 3206 454 1734 3207 573 1733 3208 576 1735 3209 454 1736 3210 576 1736 3211 453 1736 3212 453 1737 3213 576 1738 3214 574 1739 3215 453 1740 3216 574 1741 3217 452 1742 3218 452 1743 3219 574 1729 3220 451 1731 3221 577 1744 3222 455 1745 3223 575 1746 3224 575 1746 3225 455 1745 3226 451 1747 3227 455 1748 3228 577 1749 3229 458 1750 3230 458 1750 3231 577 1749 3232 578 1751 3233 458 1752 3234 578 1753 3235 457 1754 3236 457 1754 3237 578 1753 3238 579 1755 3239 457 1756 3240 579 1757 3241 456 1758 3242 456 1758 3243 579 1757 3244 580 1759 3245 456 1760 3246 580 1761 3247 439 1762 3248 439 1762 3249 580 1761 3250 563 1763 3251 581 1764 3252 582 1765 3253 469 1766 3254 469 1766 3255 470 1767 3256 581 1764 3257 581 1768 3258 470 1769 3259 471 1770 3260 581 1771 3261 471 1771 3262 583 1771 3263 471 1772 3264 468 1772 3265 583 1772 3266 583 1773 3267 468 1774 3268 467 1775 3269 583 1776 3270 467 1776 3271 584 1776 3272 584 1777 3273 467 1778 3274 466 1779 3275 584 1780 3276 466 1780 3277 585 1780 3278 466 1781 3279 465 1781 3280 585 1781 3281 585 1782 3282 465 1782 3283 464 1782 3284 585 1783 3285 464 1783 3286 586 1783 3287 464 1784 3288 463 1784 3289 586 1784 3290 586 1785 3291 463 1785 3292 462 1786 3293 586 1787 3294 462 1787 3295 587 1787 3296 459 1788 3297 588 1789 3298 460 1790 3299 460 1790 3300 588 1789 3301 587 1791 3302 460 1792 3303 587 1793 3304 461 1792 3305 461 1794 3306 587 1794 3307 462 1795 3308 589 1796 3309 588 1797 3310 459 1798 3311 459 1798 3312 481 1799 3313 589 1796 3314 589 1800 3315 481 1801 3316 482 1802 3317 589 1803 3318 482 1803 3319 590 1803 3320 482 1804 3321 480 1805 3322 590 1806 3323 590 1807 3324 480 1807 3325 479 1807 3326 590 1808 3327 479 1808 3328 591 1808 3329 591 1809 3330 479 1809 3331 478 1809 3332 591 1810 3333 478 1810 3334 592 1810 3335 478 1811 3336 477 1811 3337 592 1811 3338 592 1812 3339 477 1812 3340 476 1813 3341 592 1814 3342 476 1814 3343 593 1814 3344 476 1815 3345 475 1816 3346 593 1815 3347 593 1817 3348 475 1818 3349 474 1819 3350 593 1820 3351 474 1820 3352 594 1820 3353 469 1821 3354 582 1822 3355 472 1823 3356 472 1823 3357 582 1822 3358 594 1824 3359 472 1825 3360 594 1825 3361 473 1826 3362 473 1827 3363 594 1828 3364 474 1829 3365 595 1830 3366 596 1831 3367 493 1832 3368 493 1832 3369 494 1833 3370 595 1830 3371 595 1834 3372 494 1835 3373 495 1836 3374 595 1837 3375 495 1837 3376 597 1837 3377 495 1838 3378 492 1838 3379 597 1838 3380 597 1839 3381 492 1840 3382 491 1841 3383 597 1842 3384 491 1842 3385 598 1842 3386 598 1843 3387 491 1843 3388 490 1843 3389 598 1844 3390 490 1844 3391 599 1844 3392 490 1845 3393 489 1845 3394 599 1845 3395 599 1846 3396 489 1846 3397 488 1846 3398 599 1847 3399 488 1847 3400 600 1847 3401 488 1848 3402 487 1848 3403 600 1849 3404 600 1850 3405 487 1851 3406 486 1851 3407 600 1852 3408 486 1852 3409 601 1852 3410 483 1853 3411 602 1854 3412 484 1855 3413 484 1855 3414 602 1854 3415 601 1856 3416 484 1857 3417 601 1858 3418 485 1859 3419 485 1860 3420 601 1860 3421 486 1860 3422 603 1861 3423 602 1862 3424 483 1863 3425 483 1863 3426 505 1864 3427 603 1861 3428 603 1865 3429 505 1866 3430 506 1867 3431 603 1868 3432 506 1868 3433 604 1868 3434 506 1869 3435 504 1869 3436 604 1869 3437 604 1870 3438 504 1871 3439 503 1872 3440 604 1873 3441 503 1873 3442 605 1873 3443 605 1874 3444 503 1874 3445 502 1874 3446 605 1875 3447 502 1875 3448 606 1875 3449 502 1876 3450 501 1876 3451 606 1876 3452 606 1877 3453 501 1877 3454 500 1877 3455 606 1878 3456 500 1878 3457 607 1878 3458 500 1879 3459 499 1879 3460 607 1880 3461 607 1881 3462 499 1882 3463 498 1882 3464 607 1883 3465 498 1883 3466 608 1883 3467 493 1884 3468 596 1885 3469 496 1886 3470 496 1886 3471 596 1885 3472 608 1887 3473 496 1888 3474 608 1889 3475 497 1890 3476 497 1891 3477 608 1891 3478 498 1891 3479 609 1892 3480 507 1893 3481 610 1894 3482 610 1894 3483 507 1893 3484 508 1895 3485 610 1894 3486 508 1895 3487 611 1896 3488 612 1897 3489 509 1898 3490 510 1899 3491 612 1897 3492 510 1899 3493 613 1900 3494 613 1901 3495 510 1902 3496 511 1903 3497 613 1901 3498 511 1903 3499 614 1904 3500 614 1905 3501 511 1906 3502 512 1907 3503 614 1905 3504 512 1907 3505 615 1908 3506 615 1909 3507 512 1910 3508 507 1911 3509 615 1909 3510 507 1911 3511 609 1912 3512 616 1913 3513 513 1914 3514 617 1915 3515 617 1915 3516 513 1914 3517 509 1916 3518 617 1915 3519 509 1916 3520 612 1917 3521 618 1918 3522 514 1919 3523 515 1920 3524 618 1918 3525 515 1920 3526 619 1921 3527 619 1922 3528 515 1923 3529 516 1924 3530 619 1922 3531 516 1924 3532 620 1925 3533 620 1926 3534 516 1927 3535 517 1928 3536 620 1926 3537 517 1928 3538 621 1929 3539 621 1930 3540 517 1931 3541 513 1932 3542 621 1930 3543 513 1932 3544 616 1933 3545 622 1934 3546 518 1935 3547 623 1936 3548 623 1936 3549 518 1935 3550 514 1937 3551 623 1936 3552 514 1937 3553 618 1938 3554 624 1939 3555 519 1940 3556 520 1941 3557 624 1939 3558 520 1941 3559 625 1942 3560 625 1943 3561 520 1944 3562 521 1945 3563 625 1943 3564 521 1945 3565 626 1946 3566 626 1947 3567 521 1948 3568 522 1949 3569 626 1947 3570 522 1949 3571 627 1950 3572 627 1951 3573 522 1952 3574 518 1953 3575 627 1951 3576 518 1953 3577 622 1954 3578 628 1955 3579 523 1956 3580 629 1957 3581 629 1957 3582 523 1956 3583 519 1958 3584 629 1957 3585 519 1958 3586 624 1959 3587 611 1960 3588 508 1961 3589 524 1962 3590 611 1960 3591 524 1962 3592 630 1963 3593 630 1964 3594 524 1965 3595 525 1966 3596 630 1964 3597 525 1966 3598 631 1967 3599 631 1968 3600 525 1969 3601 526 1970 3602 631 1968 3603 526 1970 3604 632 1971 3605 632 1972 3606 526 1973 3607 523 1974 3608 632 1972 3609 523 1974 3610 628 1975 3611 633 1976 3612 634 1977 3613 635 1978 3614 635 1979 3615 634 1979 3616 636 1979 3617 634 1980 3618 637 1981 3619 636 1982 3620 636 1983 3621 637 1984 3622 638 1985 3623 636 1986 3624 638 1987 3625 639 1988 3626 638 1989 3627 640 1990 3628 639 1991 3629 639 1992 3630 640 1992 3631 641 1992 3632 639 1993 3633 641 1993 3634 642 1993 3635 641 1327 3636 643 1328 3637 642 1329 3638 642 1994 3639 643 1994 3640 644 1994 3641 642 1995 3642 644 1996 3643 645 1997 3644 644 1998 3645 646 1999 3646 645 2000 3647 645 2001 3648 646 2002 3649 647 2003 3650 645 2004 3651 647 2004 3652 648 2004 3653 649 2005 3654 650 2006 3655 651 2007 3656 651 2008 3657 650 2008 3658 648 2008 3659 651 2009 3660 648 2010 3661 652 2011 3662 652 2012 3663 648 2012 3664 647 2012 3665 642 2013 3666 531 2014 3667 639 2015 3668 639 2015 3669 531 2014 3670 532 2016 3671 639 2015 3672 532 2016 3673 636 2017 3674 636 2017 3675 532 2016 3676 533 2018 3677 636 2017 3678 533 2018 3679 635 2019 3680 635 2019 3681 533 2018 3682 534 2020 3683 635 2019 3684 534 2020 3685 653 2021 3686 653 2021 3687 534 2020 3688 535 2022 3689 653 2021 3690 535 2022 3691 654 2023 3692 654 2023 3693 535 2022 3694 536 2024 3695 654 2023 3696 536 2024 3697 655 2025 3698 536 2024 3699 537 2026 3700 655 2025 3701 655 2025 3702 537 2026 3703 538 2027 3704 655 2025 3705 538 2027 3706 656 2028 3707 656 2028 3708 538 2027 3709 539 7 3710 656 2028 3711 539 7 3712 657 7 3713 657 7 3714 539 7 3715 540 2029 3716 657 7 3717 540 2029 3718 650 2030 3719 650 2030 3720 540 2029 3721 527 2031 3722 650 2030 3723 527 2031 3724 648 2032 3725 648 2032 3726 527 2031 3727 528 7 3728 648 2032 3729 528 7 3730 645 7 3731 645 7 3732 528 7 3733 529 7 3734 645 7 3735 529 7 3736 642 2013 3737 642 2013 3738 529 7 3739 530 2033 3740 642 2013 3741 530 2033 3742 531 2014 3743 658 85 3744 543 85 3745 610 85 3746 610 85 3747 543 85 3748 560 85 3749 610 85 3750 560 85 3751 561 85 3752 561 85 3753 562 85 3754 610 85 3755 610 85 3756 562 85 3757 559 85 3758 610 85 3759 559 85 3760 609 85 3761 615 85 3762 609 85 3763 614 85 3764 614 85 3765 609 85 3766 559 85 3767 614 85 3768 559 85 3769 613 85 3770 613 85 3771 559 85 3772 556 85 3773 613 85 3774 556 85 3775 612 85 3776 612 85 3777 556 85 3778 555 85 3779 612 85 3780 555 85 3781 557 85 3782 557 85 3783 558 85 3784 612 85 3785 612 85 3786 558 85 3787 553 85 3788 612 85 3789 553 85 3790 617 85 3791 617 85 3792 553 85 3793 554 85 3794 617 85 3795 554 85 3796 616 85 3797 616 85 3798 554 85 3799 550 85 3800 552 85 3801 618 85 3802 551 85 3803 551 85 3804 618 85 3805 619 85 3806 551 85 3807 619 85 3808 549 85 3809 549 85 3810 619 85 3811 620 85 3812 549 85 3813 620 85 3814 550 85 3815 550 85 3816 620 85 3817 621 85 3818 550 85 3819 621 85 3820 616 85 3821 546 85 3822 547 85 3823 623 85 3824 623 85 3825 547 85 3826 541 85 3827 623 85 3828 541 85 3829 658 85 3830 658 85 3831 541 85 3832 542 85 3833 658 85 3834 542 85 3835 543 85 3836 552 85 3837 548 85 3838 618 85 3839 618 85 3840 548 85 3841 545 85 3842 618 85 3843 545 85 3844 623 85 3845 623 85 3846 545 85 3847 544 85 3848 623 85 3849 544 85 3850 546 85 3851 659 85 3852 660 85 3853 629 85 3854 629 85 3855 660 85 3856 661 85 3857 629 85 3858 661 85 3859 658 85 3860 658 85 3861 661 85 3862 662 85 3863 658 85 3864 662 85 3865 663 85 3866 663 85 3867 664 85 3868 658 85 3869 658 85 3870 664 85 3871 665 85 3872 658 85 3873 665 85 3874 623 85 3875 623 85 3876 665 85 3877 666 85 3878 623 85 3879 666 85 3880 667 85 3881 667 85 3882 668 85 3883 623 85 3884 623 85 3885 668 85 3886 669 85 3887 623 85 3888 669 85 3889 622 85 3890 659 85 3891 629 85 3892 670 85 3893 670 85 3894 629 85 3895 624 85 3896 670 85 3897 624 85 3898 625 85 3899 669 85 3900 671 85 3901 622 85 3902 622 85 3903 671 85 3904 672 85 3905 622 85 3906 672 85 3907 627 85 3908 627 85 3909 672 85 3910 670 85 3911 627 85 3912 670 85 3913 626 85 3914 626 85 3915 670 85 3916 625 85 3917 578 85 3918 577 85 3919 611 85 3920 611 85 3921 577 85 3922 575 85 3923 611 85 3924 575 85 3925 610 85 3926 610 85 3927 575 85 3928 574 85 3929 607 85 3930 608 85 3931 573 85 3932 573 85 3933 608 85 3934 596 85 3935 573 85 3936 596 85 3937 576 85 3938 576 85 3939 596 85 3940 590 85 3941 576 85 3942 590 85 3943 591 85 3944 563 85 3945 628 85 3946 564 85 3947 564 85 3948 628 85 3949 629 85 3950 564 85 3951 629 85 3952 565 85 3953 565 85 3954 629 85 3955 566 85 3956 578 85 3957 611 85 3958 579 85 3959 579 85 3960 611 85 3961 630 85 3962 579 85 3963 630 85 3964 580 85 3965 580 85 3966 630 85 3967 631 85 3968 580 85 3969 631 85 3970 563 85 3971 563 85 3972 631 85 3973 632 85 3974 563 85 3975 632 85 3976 628 85 3977 591 85 3978 592 85 3979 576 85 3980 576 85 3981 592 85 3982 593 85 3983 576 85 3984 593 85 3985 574 85 3986 585 85 3987 586 85 3988 596 85 3989 596 85 3990 586 85 3991 587 85 3992 587 85 3993 588 85 3994 596 85 3995 596 85 3996 588 85 3997 589 85 3998 596 85 3999 589 85 4000 590 85 4001 593 85 4002 594 85 4003 574 85 4004 574 85 4005 594 85 4006 582 85 4007 574 85 4008 582 85 4009 610 85 4010 610 85 4011 582 85 4012 581 85 4013 610 85 4014 581 85 4015 583 85 4016 607 85 4017 573 85 4018 606 85 4019 606 85 4020 573 85 4021 570 85 4022 606 85 4023 570 85 4024 605 85 4025 571 85 4026 572 85 4027 629 85 4028 569 85 4029 603 85 4030 570 85 4031 570 85 4032 603 85 4033 604 85 4034 570 85 4035 604 85 4036 605 85 4037 596 85 4038 595 85 4039 585 85 4040 585 85 4041 595 85 4042 610 85 4043 585 85 4044 610 85 4045 584 85 4046 584 85 4047 610 85 4048 583 85 4049 572 85 4050 568 85 4051 629 85 4052 629 85 4053 568 85 4054 567 85 4055 629 85 4056 567 85 4057 566 85 4058 569 85 4059 571 85 4060 603 85 4061 603 85 4062 571 85 4063 629 85 4064 603 85 4065 629 85 4066 602 85 4067 602 85 4068 629 85 4069 658 85 4070 602 85 4071 658 85 4072 601 85 4073 601 85 4074 658 85 4075 600 85 4076 595 85 4077 597 85 4078 610 85 4079 610 85 4080 597 85 4081 598 85 4082 610 85 4083 598 85 4084 658 85 4085 658 85 4086 598 85 4087 599 85 4088 658 85 4089 599 85 4090 600 85 4091 671 2034 4092 669 2035 4093 649 2036 4094 649 2036 4095 651 2037 4096 671 2034 4097 671 2038 4098 651 2039 4099 652 2040 4100 671 2041 4101 652 2041 4102 672 2041 4103 652 2042 4104 647 2042 4105 672 2042 4106 672 2043 4107 647 2044 4108 646 2045 4109 672 2046 4110 646 2046 4111 670 2046 4112 646 2047 4113 644 2048 4114 670 2049 4115 670 2050 4116 644 2050 4117 643 2050 4118 670 2051 4119 643 2051 4120 659 2051 4121 659 2052 4122 643 2052 4123 641 2052 4124 659 2053 4125 641 2053 4126 660 2053 4127 641 2054 4128 640 2054 4129 660 2054 4130 660 2055 4131 640 2056 4132 638 2057 4133 660 2058 4134 638 2058 4135 661 2058 4136 633 2059 4137 662 2060 4138 634 2061 4139 634 2061 4140 662 2060 4141 661 2062 4142 634 2063 4143 661 2064 4144 637 2063 4145 637 2065 4146 661 2065 4147 638 2066 4148 649 2067 4149 673 2068 4150 650 2069 4151 650 2070 4152 673 2071 4153 657 2072 4154 673 2073 4155 674 2074 4156 657 2075 4157 657 2076 4158 674 2077 4159 675 2078 4160 657 2079 4161 675 2080 4162 656 2081 4163 675 2082 4164 676 2083 4165 656 2084 4166 656 2085 4167 676 2086 4168 677 2087 4169 656 2088 4170 677 2089 4171 655 2090 4172 677 1281 4173 678 1282 4174 655 1283 4175 655 2091 4176 678 2091 4177 679 2091 4178 655 2092 4179 679 2092 4180 654 2092 4181 679 2093 4182 680 2094 4183 654 2095 4184 654 2096 4185 680 2096 4186 681 2096 4187 654 2097 4188 681 2097 4189 653 2097 4190 633 2098 4191 635 2098 4192 682 2098 4193 682 2099 4194 635 2100 4195 653 2101 4196 682 2102 4197 653 2103 4198 683 2104 4199 683 2105 4200 653 2106 4201 681 2107 4202 663 2108 4203 662 2109 4204 633 2110 4205 633 2110 4206 682 2111 4207 663 2108 4208 663 2112 4209 682 2113 4210 683 2114 4211 663 2115 4212 683 2115 4213 664 2115 4214 683 2116 4215 681 2116 4216 664 2116 4217 664 2117 4218 681 2117 4219 680 2117 4220 664 2118 4221 680 2118 4222 665 2118 4223 665 2119 4224 680 2119 4225 679 2119 4226 665 2120 4227 679 2120 4228 666 2120 4229 679 2121 4230 678 2121 4231 666 2121 4232 666 2122 4233 678 2122 4234 677 2123 4235 666 2124 4236 677 2124 4237 667 2124 4238 677 2125 4239 676 2126 4240 667 2125 4241 667 2127 4242 676 2128 4243 675 2129 4244 667 2130 4245 675 2130 4246 668 2130 4247 649 2131 4248 669 2132 4249 673 2133 4250 673 2133 4251 669 2132 4252 668 2134 4253 673 2135 4254 668 2135 4255 674 2136 4256 674 2137 4257 668 2138 4258 675 2139 4259 684 2140 4260 685 2141 4261 686 2142 4262 686 2142 4263 685 2141 4264 687 2143 4265 686 2142 4266 687 2143 4267 688 2144 4268 689 2145 4269 690 2146 4270 691 2147 4271 692 7 4272 693 2148 4273 694 7 4274 694 7 4275 693 2148 4276 695 2149 4277 693 2148 4278 696 2150 4279 697 2151 4280 695 2149 4281 693 2148 4282 686 2142 4283 686 2142 4284 693 2148 4285 698 2152 4286 686 2142 4287 698 2152 4288 684 2140 4289 692 7 4290 699 7 4291 693 2148 4292 693 2148 4293 699 7 4294 700 7 4295 693 2148 4296 700 7 4297 696 2150 4298 691 2147 4299 701 2153 4300 689 2145 4301 689 2145 4302 701 2153 4303 693 2148 4304 689 2145 4305 693 2148 4306 702 2154 4307 702 2154 4308 693 2148 4309 697 2151 4310 702 2154 4311 697 2151 4312 703 2155 4313 704 7 4314 705 2156 4315 706 2157 4316 706 2157 4317 705 2156 4318 686 2142 4319 706 2157 4320 686 2142 4321 707 2158 4322 707 2158 4323 686 2142 4324 688 2144 4325 707 2158 4326 688 2144 4327 708 2159 4328 708 2159 4329 688 2144 4330 709 2160 4331 710 2161 4332 711 2162 4333 712 2163 4334 713 2164 4335 714 2165 4336 715 2166 4337 716 2167 4338 717 2168 4339 715 2169 4340 715 2170 4341 717 2171 4342 718 2172 4343 715 2170 4344 718 2172 4345 713 2173 4346 719 2174 4347 720 2175 4348 721 2176 4349 720 2177 4350 722 2178 4351 721 2179 4352 721 2179 4353 722 2178 4354 723 2180 4355 721 2181 4356 723 2181 4357 724 2181 4358 725 2182 4359 726 2183 4360 727 2184 4361 725 2182 4362 727 2184 4363 724 2185 4364 724 2186 4365 727 2187 4366 728 2188 4367 724 2189 4368 728 2189 4369 721 2189 4370 710 2161 4371 712 2163 4372 729 2190 4373 730 2191 4374 731 2192 4375 732 2193 4376 733 2194 4377 734 2195 4378 735 2196 4379 736 2197 4380 737 2197 4381 738 2197 4382 738 2198 4383 737 2199 4384 739 2200 4385 738 2201 4386 739 2202 4387 735 2203 4388 735 2196 4389 739 2204 4390 740 2205 4391 735 2196 4392 740 2205 4393 733 2194 4394 726 2206 4395 741 2207 4396 727 2208 4397 727 2209 4398 741 2210 4399 742 2211 4400 727 2209 4401 742 2211 4402 743 2212 4403 743 2213 4404 742 2214 4405 744 2215 4406 743 2216 4407 744 2217 4408 745 2218 4409 745 2219 4410 744 2219 4411 746 2219 4412 745 2220 4413 746 2220 4414 747 2220 4415 747 2221 4416 748 2222 4417 745 2223 4418 745 2224 4419 748 2225 4420 749 2226 4421 745 2227 4422 749 2228 4423 750 2229 4424 750 2230 4425 749 2231 4426 751 2232 4427 750 2233 4428 751 2233 4429 752 2233 4430 752 2234 4431 751 2235 4432 753 2236 4433 752 2237 4434 753 2237 4435 754 2237 4436 755 2238 4437 756 2238 4438 757 2238 4439 757 2239 4440 756 2240 4441 758 2241 4442 757 2242 4443 758 2242 4444 759 2242 4445 759 2243 4446 758 2244 4447 760 2245 4448 759 2246 4449 760 2246 4450 761 2246 4451 761 2247 4452 760 2248 4453 762 2249 4454 761 2250 4455 762 2250 4456 763 2250 4457 763 2251 4458 762 2252 4459 764 2253 4460 763 2254 4461 764 2254 4462 765 2254 4463 765 2255 4464 764 2256 4465 766 2257 4466 765 2258 4467 766 2258 4468 767 2258 4469 767 2259 4470 766 2260 4471 768 2261 4472 767 2262 4473 768 2262 4474 769 2262 4475 769 2263 4476 768 2264 4477 770 2265 4478 769 2266 4479 770 2266 4480 771 2266 4481 771 2267 4482 770 2268 4483 772 2269 4484 771 2270 4485 772 2270 4486 773 2270 4487 773 2271 4488 772 2272 4489 774 2273 4490 773 2274 4491 774 2274 4492 775 2274 4493 775 2275 4494 774 2276 4495 776 2277 4496 775 2278 4497 776 2279 4498 712 2280 4499 712 2281 4500 776 2282 4501 777 2283 4502 712 2284 4503 777 2285 4504 729 2286 4505 713 2287 4506 719 2288 4507 714 2289 4508 714 2289 4509 719 2288 4510 721 2290 4511 714 2291 4512 721 2291 4513 778 2291 4514 778 2292 4515 721 2293 4516 779 2294 4517 778 2295 4518 779 2295 4519 755 2295 4520 755 2296 4521 779 2297 4522 780 2298 4523 755 2299 4524 780 2300 4525 756 2301 4526 754 2302 4527 736 2302 4528 752 2302 4529 752 2303 4530 736 2303 4531 738 2303 4532 752 2304 4533 738 2305 4534 781 2304 4535 781 2306 4536 738 2306 4537 782 2306 4538 781 2307 4539 782 2308 4540 783 2309 4541 783 2310 4542 782 2310 4543 784 2310 4544 783 2311 4545 784 2312 4546 785 2313 4547 785 2314 4548 784 2314 4549 786 2314 4550 785 2315 4551 786 2316 4552 787 2317 4553 787 2318 4554 786 2319 4555 788 2320 4556 787 2321 4557 788 2322 4558 789 2323 4559 789 2324 4560 788 2324 4561 790 2324 4562 789 2325 4563 790 2326 4564 791 2327 4565 791 2328 4566 790 2328 4567 792 2328 4568 791 2329 4569 792 2330 4570 793 2331 4571 793 2332 4572 792 2332 4573 794 2332 4574 793 2333 4575 794 2334 4576 795 2335 4577 795 2336 4578 794 2336 4579 796 2336 4580 795 2337 4581 796 2338 4582 797 2339 4583 797 2340 4584 796 2340 4585 798 2340 4586 797 2341 4587 798 2342 4588 799 2343 4589 799 2344 4590 798 2344 4591 800 2344 4592 799 2345 4593 800 2346 4594 801 2347 4595 801 2348 4596 800 2348 4597 802 2348 4598 801 2349 4599 802 2350 4600 803 2351 4601 803 2352 4602 802 2352 4603 804 2352 4604 803 2353 4605 804 2354 4606 805 2355 4607 805 2356 4608 804 2356 4609 730 2356 4610 805 2357 4611 730 2358 4612 806 2359 4613 806 2360 4614 730 2191 4615 732 2193 4616 806 2361 4617 732 2362 4618 807 2363 4619 808 2364 4620 809 2365 4621 810 2366 4622 810 2366 4623 809 2365 4624 811 2367 4625 808 2368 4626 812 2369 4627 809 2370 4628 809 2370 4629 812 2369 4630 813 2371 4631 809 2372 4632 813 2373 4633 814 2374 4634 814 2374 4635 815 2375 4636 809 2372 4637 809 2376 4638 815 2376 4639 816 2376 4640 809 2377 4641 816 2378 4642 817 2379 4643 817 2380 4644 816 2381 4645 818 2382 4646 817 2383 4647 818 2384 4648 819 2385 4649 820 2386 4650 821 2387 4651 822 2388 4652 822 2389 4653 821 2389 4654 823 2389 4655 824 2390 4656 825 2391 4657 823 2392 4658 823 2393 4659 825 2394 4660 826 2395 4661 823 2393 4662 826 2395 4663 822 2396 4664 811 2367 4665 809 2365 4666 827 2397 4667 827 2398 4668 809 2399 4669 828 2400 4670 827 2401 4671 828 2401 4672 829 2401 4673 830 2402 4674 807 2402 4675 831 2402 4676 831 2403 4677 807 2404 4678 732 2405 4679 831 2403 4680 732 2405 4681 731 2406 4682 832 2407 4683 711 2408 4684 710 2409 4685 833 2410 4686 834 2411 4687 835 2412 4688 836 2413 4689 837 2414 4690 838 2415 4691 838 2416 4692 837 2417 4693 839 2418 4694 838 2419 4695 839 2419 4696 835 2419 4697 835 2412 4698 839 2420 4699 840 2421 4700 835 2412 4701 840 2421 4702 833 2410 4703 841 2422 4704 842 2423 4705 843 2424 4706 844 2425 4707 845 2426 4708 846 2427 4709 844 2428 4710 846 2428 4711 847 2428 4712 843 2424 4713 848 2429 4714 841 2422 4715 841 2430 4716 848 2431 4717 849 2432 4718 841 2433 4719 849 2434 4720 846 2435 4721 846 2436 4722 849 2437 4723 850 2438 4724 846 2439 4725 850 2440 4726 847 2441 4727 851 2442 4728 852 2443 4729 853 2444 4730 853 2445 4731 852 2446 4732 854 2447 4733 853 2445 4734 854 2447 4735 855 2448 4736 856 2449 4737 857 2450 4738 858 2451 4739 858 2452 4740 857 2452 4741 859 2452 4742 858 2453 4743 859 2454 4744 860 2455 4745 860 2456 4746 861 2457 4747 858 2458 4748 858 2458 4749 861 2457 4750 862 2459 4751 858 2460 4752 862 2460 4753 863 2460 4754 863 2461 4755 862 2461 4756 864 2461 4757 863 2462 4758 864 2463 4759 842 2464 4760 842 2465 4761 864 2465 4762 865 2465 4763 842 2466 4764 865 2467 4765 843 2468 4766 866 2469 4767 867 2470 4768 868 2471 4769 866 2469 4770 868 2471 4771 869 2472 4772 818 2384 4773 870 2473 4774 819 2385 4775 819 2474 4776 870 2474 4777 871 2474 4778 819 2475 4779 871 2476 4780 872 2477 4781 871 2478 4782 873 2478 4783 872 2478 4784 872 2479 4785 873 2480 4786 874 2481 4787 872 2482 4788 874 2483 4789 868 2484 4790 868 2485 4791 874 2486 4792 875 2487 4793 868 2488 4794 875 2489 4795 869 2490 4796 876 2491 4797 877 2492 4798 878 2493 4799 878 2493 4800 879 2494 4801 876 2491 4802 876 2491 4803 879 2494 4804 880 2495 4805 876 2491 4806 880 2495 4807 881 2496 4808 830 2497 4809 831 2498 4810 882 2499 4811 882 2500 4812 831 2500 4813 821 2500 4814 882 2501 4815 821 2502 4816 829 2503 4817 829 2504 4818 821 2387 4819 820 2386 4820 829 2505 4821 820 2505 4822 827 2505 4823 883 2506 4824 884 2506 4825 885 2506 4826 885 2507 4827 884 2508 4828 886 2509 4829 885 2510 4830 886 2511 4831 887 2512 4832 887 2513 4833 886 2514 4834 888 2515 4835 887 2516 4836 888 2516 4837 889 2516 4838 889 2517 4839 888 2518 4840 868 2519 4841 889 2520 4842 868 2521 4843 876 2522 4844 876 2523 4845 868 2523 4846 867 2523 4847 876 2524 4848 867 2525 4849 877 2526 4850 890 2527 4851 891 2527 4852 892 2527 4853 892 2528 4854 891 2529 4855 893 2530 4856 892 2531 4857 893 2531 4858 894 2531 4859 894 2532 4860 893 2532 4861 895 2532 4862 894 2533 4863 895 2534 4864 896 2535 4865 896 2536 4866 895 2537 4867 897 2538 4868 896 2539 4869 897 2539 4870 898 2539 4871 898 2540 4872 897 2541 4873 899 2540 4874 898 2542 4875 899 2543 4876 883 2544 4877 883 2545 4878 899 2546 4879 900 2547 4880 883 2548 4881 900 2549 4882 884 2550 4883 855 2448 4884 856 2551 4885 853 2445 4886 853 2445 4887 856 2551 4888 858 2552 4889 853 2553 4890 858 2554 4891 901 2555 4892 901 2556 4893 858 2557 4894 902 2558 4895 901 2559 4896 902 2559 4897 903 2559 4898 903 2560 4899 902 2561 4900 904 2562 4901 903 2563 4902 904 2564 4903 905 2565 4904 905 2566 4905 904 2567 4906 906 2568 4907 905 2569 4908 906 2569 4909 907 2569 4910 907 2570 4911 906 2571 4912 908 2572 4913 907 2573 4914 908 2574 4915 909 2575 4916 909 2576 4917 908 2577 4918 910 2578 4919 909 2579 4920 910 2579 4921 911 2579 4922 911 2580 4923 910 2581 4924 912 2581 4925 911 2582 4926 912 2583 4927 913 2584 4928 913 2585 4929 912 2586 4930 914 2587 4931 913 2588 4932 914 2588 4933 890 2588 4934 890 2589 4935 914 2590 4936 915 2591 4937 890 2592 4938 915 2593 4939 891 2594 4940 845 2595 4941 916 2596 4942 846 2597 4943 846 2597 4944 916 2596 4945 917 2598 4946 846 2599 4947 917 2600 4948 918 2601 4949 918 2601 4950 917 2600 4951 836 2602 4952 918 2603 4953 836 2604 4954 919 2605 4955 919 2606 4956 836 2606 4957 838 2606 4958 919 2607 4959 838 2608 4960 920 2609 4961 920 2610 4962 838 2610 4963 832 2610 4964 920 2611 4965 832 2612 4966 921 2613 4967 921 2614 4968 832 2407 4969 710 2409 4970 921 2615 4971 710 2616 4972 729 2617 4973 922 2618 4974 729 2286 4975 777 2285 4976 922 2619 4977 777 2283 4978 923 2620 4979 777 2283 4980 776 2282 4981 923 2620 4982 923 2621 4983 776 2277 4984 774 2276 4985 923 2622 4986 774 2622 4987 924 2622 4988 774 2273 4989 772 2272 4990 924 2623 4991 924 2624 4992 772 2269 4993 770 2268 4994 924 2625 4995 770 2625 4996 925 2625 4997 770 2265 4998 768 2264 4999 925 2626 5000 925 2627 5001 768 2261 5002 766 2260 5003 925 2628 5004 766 2628 5005 926 2628 5006 766 2257 5007 764 2256 5008 926 2629 5009 926 2253 5010 764 2253 5011 762 2252 5012 926 2630 5013 762 2630 5014 927 2630 5015 762 2249 5016 760 2248 5017 927 2631 5018 927 2632 5019 760 2245 5020 758 2244 5021 927 2633 5022 758 2633 5023 928 2633 5024 758 2241 5025 756 2240 5026 928 2634 5027 928 2635 5028 756 2301 5029 780 2300 5030 928 2636 5031 780 2636 5032 929 2636 5033 780 2298 5034 779 2297 5035 929 2637 5036 929 2638 5037 779 2294 5038 721 2293 5039 929 2639 5040 721 2639 5041 930 2639 5042 721 2640 5043 728 2641 5044 930 2642 5045 930 2643 5046 728 2188 5047 727 2187 5048 930 2644 5049 727 2644 5050 931 2644 5051 727 2209 5052 743 2212 5053 931 2645 5054 931 2646 5055 743 2216 5056 745 2218 5057 931 2647 5058 745 2647 5059 932 2647 5060 745 2227 5061 750 2229 5062 932 2648 5063 932 2649 5064 750 2649 5065 752 2649 5066 932 2650 5067 752 2650 5068 933 2650 5069 752 2304 5070 781 2304 5071 933 2651 5072 933 2652 5073 781 2307 5074 783 2309 5075 933 2653 5076 783 2653 5077 934 2653 5078 783 2311 5079 785 2313 5080 934 2654 5081 934 2655 5082 785 2315 5083 787 2317 5084 934 2656 5085 787 2656 5086 935 2656 5087 787 2321 5088 789 2323 5089 935 2657 5090 935 2658 5091 789 2325 5092 791 2327 5093 935 2659 5094 791 2659 5095 936 2659 5096 791 2329 5097 793 2331 5098 936 2660 5099 936 2661 5100 793 2333 5101 795 2335 5102 936 2662 5103 795 2662 5104 937 2662 5105 795 2337 5106 797 2339 5107 937 2663 5108 937 2664 5109 797 2341 5110 799 2343 5111 937 2665 5112 799 2665 5113 938 2665 5114 799 2345 5115 801 2347 5116 938 2666 5117 938 2667 5118 801 2349 5119 803 2351 5120 938 2668 5121 803 2668 5122 939 2668 5123 807 2363 5124 940 2669 5125 806 2361 5126 806 2359 5127 940 2670 5128 939 2671 5129 806 2359 5130 939 2671 5131 805 2357 5132 805 2355 5133 939 2672 5134 803 2353 5135 940 2673 5136 807 2673 5137 830 2673 5138 940 2674 5139 830 2497 5140 941 2675 5141 830 2497 5142 882 2499 5143 941 2675 5144 941 2676 5145 882 2501 5146 829 2503 5147 941 2677 5148 829 2677 5149 942 2677 5150 829 2678 5151 828 2678 5152 942 2678 5153 942 2679 5154 828 2400 5155 809 2399 5156 942 2680 5157 809 2680 5158 943 2680 5159 809 2377 5160 817 2379 5161 943 2681 5162 943 2682 5163 817 2383 5164 819 2385 5165 943 2683 5166 819 2683 5167 944 2683 5168 819 2475 5169 872 2477 5170 944 2684 5171 944 2685 5172 872 2685 5173 868 2685 5174 944 2686 5175 868 2686 5176 945 2686 5177 868 2519 5178 888 2518 5179 945 2687 5180 945 2688 5181 888 2515 5182 886 2514 5183 945 2689 5184 886 2689 5185 946 2689 5186 886 2509 5187 884 2508 5188 946 2690 5189 946 2691 5190 884 2550 5191 900 2549 5192 946 2692 5193 900 2692 5194 947 2692 5195 900 2547 5196 899 2546 5197 947 2693 5198 947 2694 5199 899 2694 5200 897 2694 5201 947 2695 5202 897 2695 5203 948 2695 5204 897 2538 5205 895 2537 5206 948 2696 5207 948 2697 5208 895 2697 5209 893 2697 5210 948 2698 5211 893 2698 5212 949 2698 5213 893 2530 5214 891 2529 5215 949 2699 5216 949 2700 5217 891 2594 5218 915 2593 5219 949 2701 5220 915 2701 5221 950 2701 5222 915 2591 5223 914 2590 5224 950 2702 5225 950 2703 5226 914 2587 5227 912 2586 5228 950 2704 5229 912 2704 5230 951 2704 5231 912 2581 5232 910 2581 5233 951 2705 5234 951 2706 5235 910 2578 5236 908 2577 5237 951 2707 5238 908 2707 5239 952 2707 5240 908 2572 5241 906 2571 5242 952 2708 5243 952 2709 5244 906 2568 5245 904 2567 5246 952 2710 5247 904 2710 5248 953 2710 5249 904 2562 5250 902 2561 5251 953 2711 5252 953 2712 5253 902 2558 5254 858 2557 5255 953 2713 5256 858 2713 5257 954 2713 5258 858 2714 5259 863 2714 5260 954 2714 5261 954 2715 5262 863 2462 5263 842 2464 5264 954 2716 5265 842 2716 5266 955 2716 5267 842 2423 5268 841 2422 5269 955 2717 5270 955 2718 5271 841 2433 5272 846 2435 5273 955 2719 5274 846 2719 5275 956 2719 5276 846 2599 5277 918 2601 5278 956 2720 5279 956 2721 5280 918 2603 5281 919 2605 5282 956 2722 5283 919 2722 5284 957 2722 5285 729 2617 5286 922 2723 5287 921 2615 5288 921 2613 5289 922 2724 5290 957 2725 5291 921 2613 5292 957 2725 5293 920 2611 5294 920 2609 5295 957 2726 5296 919 2607 5297 936 2727 5298 954 2728 5299 955 2729 5300 933 2730 5301 934 2731 5302 957 2732 5303 936 2727 5304 937 2733 5305 954 2728 5306 954 2728 5307 937 2733 5308 938 2734 5309 954 2728 5310 938 2734 5311 939 2735 5312 945 85 5313 946 85 5314 954 2728 5315 923 85 5316 924 85 5317 929 2736 5318 955 2729 5319 956 2737 5320 936 2727 5321 936 2727 5322 956 2737 5323 957 2732 5324 936 2727 5325 957 2732 5326 935 2738 5327 935 2738 5328 957 2732 5329 934 2731 5330 930 2739 5331 931 2740 5332 957 2732 5333 957 2732 5334 931 2740 5335 932 2741 5336 957 2732 5337 932 2741 5338 933 2730 5339 939 2735 5340 940 2742 5341 954 2728 5342 954 2728 5343 940 2742 5344 941 2743 5345 954 2728 5346 941 2743 5347 942 2744 5348 930 2739 5349 957 2732 5350 929 2736 5351 929 2736 5352 957 2732 5353 922 2745 5354 929 2736 5355 922 2745 5356 923 85 5357 942 2744 5358 943 85 5359 954 2728 5360 954 2728 5361 943 85 5362 944 85 5363 954 2728 5364 944 85 5365 945 85 5366 946 85 5367 947 2746 5368 954 2728 5369 954 2728 5370 947 2746 5371 948 2747 5372 954 2728 5373 948 2747 5374 949 2748 5375 924 85 5376 925 2749 5377 929 2736 5378 929 2736 5379 925 2749 5380 926 2750 5381 929 2736 5382 926 2750 5383 928 2751 5384 928 2751 5385 926 2750 5386 927 2752 5387 949 2748 5388 950 2753 5389 954 2728 5390 954 2728 5391 950 2753 5392 951 2754 5393 954 2728 5394 951 2754 5395 953 2755 5396 953 2755 5397 951 2754 5398 952 85 5399 958 2756 5400 844 2757 5401 959 2758 5402 862 7 5403 960 2759 5404 959 2758 5405 959 2758 5406 960 2759 5407 961 2760 5408 959 2758 5409 961 2760 5410 962 7 5411 962 7 5412 963 2761 5413 959 2758 5414 959 2758 5415 963 2761 5416 964 2762 5417 959 2758 5418 964 2762 5419 958 2756 5420 843 2763 5421 865 2764 5422 959 2765 5423 959 2766 5424 865 2766 5425 864 2766 5426 959 2767 5427 864 2767 5428 862 2767 5429 844 2768 5430 847 2769 5431 959 2770 5432 959 2770 5433 847 2769 5434 850 2771 5435 850 2772 5436 849 2773 5437 959 2774 5438 959 2775 5439 849 2432 5440 848 2431 5441 959 2776 5442 848 2429 5443 843 2424 5444 965 2777 5445 875 2778 5446 966 2779 5447 814 7 5448 967 2780 5449 966 2781 5450 966 2781 5451 967 2780 5452 968 2782 5453 966 2779 5454 968 7 5455 969 2783 5456 969 2783 5457 970 2784 5458 966 2779 5459 966 2779 5460 970 2784 5461 971 2785 5462 966 2779 5463 971 2785 5464 965 2777 5465 814 2786 5466 966 2786 5467 815 2786 5468 815 2787 5469 966 2788 5470 816 2789 5471 875 2790 5472 874 2791 5473 966 2792 5474 966 2792 5475 874 2791 5476 873 2793 5477 966 2794 5478 873 2795 5479 871 2796 5480 871 2796 5481 870 2797 5482 966 2794 5483 966 2798 5484 870 2473 5485 818 2384 5486 966 2799 5487 818 2382 5488 816 2381 5489 972 7 5490 751 7 5491 973 7 5492 725 7 5493 974 2800 5494 973 2801 5495 973 2801 5496 974 2800 5497 975 2802 5498 973 7 5499 975 7 5500 976 7 5501 976 7 5502 977 7 5503 973 7 5504 973 7 5505 977 7 5506 978 7 5507 973 7 5508 978 7 5509 972 7 5510 742 2803 5511 741 2804 5512 973 2805 5513 973 2806 5514 741 2807 5515 726 2808 5516 973 2806 5517 726 2808 5518 725 2809 5519 751 2810 5520 749 2810 5521 973 2810 5522 973 2811 5523 749 2812 5524 748 2813 5525 973 2811 5526 748 2813 5527 747 2814 5528 747 2815 5529 746 2815 5530 973 2815 5531 973 2816 5532 746 2817 5533 744 2818 5534 973 2819 5535 744 2215 5536 742 2214 5537 839 2820 5538 979 2821 5539 840 2822 5540 840 2822 5541 979 2821 5542 980 2823 5543 844 2824 5544 981 2825 5545 982 2826 5546 964 2827 5547 983 2828 5548 984 2829 5549 984 2830 5550 983 2831 5551 985 2832 5552 984 2833 5553 985 2834 5554 844 2835 5555 844 2836 5556 985 2837 5557 986 2838 5558 844 2839 5559 986 2839 5560 981 2839 5561 987 2840 5562 916 2841 5563 982 2841 5564 982 2842 5565 916 2843 5566 845 2844 5567 982 2845 5568 845 2846 5569 844 2847 5570 987 2848 5571 988 2849 5572 916 2850 5573 916 2851 5574 988 2852 5575 989 2853 5576 916 2854 5577 989 2855 5578 917 2856 5579 989 2855 5580 990 2857 5581 917 2856 5582 917 2858 5583 990 2859 5584 991 2860 5585 917 2861 5586 991 2862 5587 836 2863 5588 991 2862 5589 992 2864 5590 836 2863 5591 836 2865 5592 992 2866 5593 993 2867 5594 836 2868 5595 993 2868 5596 837 2868 5597 837 2869 5598 993 2869 5599 979 2869 5600 837 2870 5601 979 2870 5602 839 2870 5603 960 2871 5604 994 2872 5605 961 2872 5606 995 2873 5607 996 2874 5608 859 2875 5609 859 2876 5610 996 2877 5611 997 2878 5612 859 2879 5613 997 2880 5614 860 2881 5615 997 2880 5616 998 2882 5617 860 2881 5618 860 2883 5619 998 2884 5620 999 2885 5621 860 2886 5622 999 2887 5623 861 2888 5624 861 2888 5625 999 2887 5626 1000 2889 5627 861 2890 5628 1000 2891 5629 862 2892 5630 862 2892 5631 1000 2891 5632 1001 2893 5633 862 2894 5634 1001 2895 5635 960 2896 5636 960 2896 5637 1001 2895 5638 1002 2897 5639 960 2898 5640 1002 2899 5641 994 2900 5642 1003 2901 5643 1004 2902 5644 857 2903 5645 857 2904 5646 1004 2905 5647 1005 2906 5648 857 2907 5649 1005 2908 5650 859 2909 5651 859 2909 5652 1005 2908 5653 1006 2910 5654 859 2911 5655 1006 2912 5656 995 2911 5657 1003 2913 5658 857 2913 5659 1007 2913 5660 1007 2914 5661 857 2915 5662 856 2916 5663 1007 2917 5664 856 2918 5665 1008 2919 5666 1008 2920 5667 856 2921 5668 855 2922 5669 1008 2920 5670 855 2922 5671 1009 2923 5672 854 2924 5673 1010 2925 5674 855 2926 5675 855 2926 5676 1010 2925 5677 1009 2927 5678 878 2928 5679 1011 2929 5680 879 2930 5681 879 2930 5682 1011 2929 5683 1012 2931 5684 1013 2932 5685 875 2933 5686 1014 2934 5687 1014 2935 5688 875 2936 5689 1015 2937 5690 1014 2938 5691 1015 2939 5692 1016 2940 5693 1016 2941 5694 1015 2942 5695 971 2943 5696 1013 2944 5697 1017 2945 5698 875 2946 5699 875 2947 5700 1017 2948 5701 1018 2949 5702 875 2950 5703 1018 2950 5704 869 2950 5705 869 2951 5706 1018 2952 5707 866 2953 5708 866 2954 5709 1018 2955 5710 1019 2956 5711 866 2957 5712 1019 2958 5713 1020 2959 5714 1021 2960 5715 867 2961 5716 1022 2962 5717 1022 2962 5718 867 2961 5719 866 2963 5720 1022 2964 5721 866 2965 5722 1023 2966 5723 1023 2967 5724 866 2968 5725 1020 2969 5726 1021 2970 5727 1024 2971 5728 867 2972 5729 867 2973 5730 1024 2974 5731 1025 2975 5732 867 2976 5733 1025 2976 5734 877 2976 5735 877 2977 5736 1025 2977 5737 1011 2977 5738 877 2978 5739 1011 2978 5740 878 2978 5741 1026 2979 5742 1027 2980 5743 968 2981 5744 1028 2982 5745 1029 2983 5746 808 2984 5747 808 2985 5748 1029 2986 5749 1030 2987 5750 808 2988 5751 1030 2989 5752 812 2990 5753 1030 2989 5754 1031 2991 5755 812 2990 5756 812 2992 5757 1031 2993 5758 1032 2994 5759 812 2995 5760 1032 2996 5761 813 2997 5762 813 2997 5763 1032 2996 5764 1033 2998 5765 813 2999 5766 1033 3000 5767 814 3001 5768 814 3001 5769 1033 3000 5770 1034 3002 5771 814 3003 5772 1034 3004 5773 1026 3005 5774 1026 3005 5775 1034 3004 5776 1035 3006 5777 1026 3007 5778 1035 3008 5779 1027 3008 5780 1028 3009 5781 808 3010 5782 1036 3011 5783 1036 3012 5784 808 3013 5785 810 3013 5786 1036 3014 5787 810 3015 5788 1037 3016 5789 1037 3017 5790 810 3018 5791 1038 3019 5792 1038 3020 5793 810 3021 5794 811 3022 5795 1038 3023 5796 811 3024 5797 1039 3025 5798 1039 3025 5799 811 3024 5800 827 3026 5801 1039 3027 5802 827 3027 5803 1040 3027 5804 1040 3028 5805 827 3029 5806 820 3030 5807 1040 3031 5808 820 3032 5809 1041 3031 5810 1041 3033 5811 820 3034 5812 822 3035 5813 1041 3036 5814 822 3037 5815 1042 3038 5816 826 3039 5817 1043 3040 5818 822 3041 5819 822 3041 5820 1043 3040 5821 1042 3042 5822 1044 3043 5823 1045 3044 5824 975 3045 5825 1046 3046 5826 1047 3047 5827 725 3048 5828 725 3049 5829 1047 3050 5830 1044 3051 5831 1044 3052 5832 1047 3053 5833 1048 3054 5834 1044 3055 5835 1048 3056 5836 1045 3057 5837 725 3048 5838 724 3058 5839 1046 3046 5840 1046 3059 5841 724 3060 5842 723 3061 5843 1046 3059 5844 723 3061 5845 1049 3062 5846 1050 3063 5847 1051 3064 5848 722 3065 5849 722 3066 5850 1051 3067 5851 1052 3068 5852 722 3069 5853 1052 3070 5854 723 3069 5855 723 3071 5856 1052 3071 5857 1053 3071 5858 723 3072 5859 1053 3073 5860 1049 3074 5861 1050 3075 5862 722 3076 5863 1054 3077 5864 1054 3077 5865 722 3076 5866 720 3078 5867 1054 3079 5868 720 3080 5869 1055 3081 5870 1055 3082 5871 720 3083 5872 719 3084 5873 1055 3085 5874 719 3086 5875 1056 3087 5876 1056 3088 5877 719 3088 5878 713 3088 5879 1056 3089 5880 713 3090 5881 1057 3091 5882 739 3092 5883 1058 3093 5884 740 3094 5885 740 3094 5886 1058 3093 5887 1059 3095 5888 1060 3096 5889 751 3097 5890 1061 3098 5891 1061 3099 5892 751 3100 5893 1062 3101 5894 1061 3102 5895 1062 3103 5896 1063 3104 5897 1063 3105 5898 1062 3106 5899 978 3107 5900 1060 3108 5901 1064 3109 5902 751 3110 5903 751 3111 5904 1064 3112 5905 1065 3113 5906 751 3114 5907 1065 3115 5908 753 3116 5909 753 3116 5910 1065 3115 5911 1066 3117 5912 1066 3118 5913 1067 3119 5914 753 3120 5915 753 3121 5916 1067 3122 5917 1068 3123 5918 753 3124 5919 1068 3124 5920 754 3124 5921 754 3125 5922 1068 3126 5923 1069 3127 5924 754 3128 5925 1069 3129 5926 1070 3130 5927 1070 3131 5928 1071 3131 5929 754 3132 5930 754 3133 5931 1071 3134 5932 1072 3134 5933 754 3135 5934 1072 3136 5935 736 3137 5936 736 3137 5937 1072 3136 5938 1073 3138 5939 736 3139 5940 1073 3140 5941 1074 3141 5942 1074 3142 5943 1075 3143 5944 736 3144 5945 736 3145 5946 1075 3146 5947 1076 3147 5948 736 3148 5949 1076 3148 5950 737 3148 5951 737 3149 5952 1076 3149 5953 1058 3149 5954 737 3150 5955 1058 3151 5956 739 3152 5957 718 3153 5958 1077 3154 5959 713 3155 5960 713 3155 5961 1077 3154 5962 1057 3156 5963 1078 3157 5964 686 3158 5965 1079 3159 5966 1079 3159 5967 686 3158 5968 705 3160 5969 1079 3161 5970 705 3162 5971 1080 3163 5972 1080 3163 5973 705 3162 5974 704 3164 5975 1080 3165 5976 704 3166 5977 1081 3167 5978 1081 3167 5979 704 3166 5980 706 3168 5981 1082 3169 5982 1083 3170 5983 706 3171 5984 1084 3172 5985 1085 3173 5986 1086 3174 5987 706 3171 5988 1083 3170 5989 1081 3175 5990 1081 3175 5991 1083 3170 5992 1087 3176 5993 1081 3175 5994 1087 3176 5995 1088 3177 5996 1082 3169 5997 706 3171 5998 1089 3178 5999 1089 3178 6000 706 3171 6001 707 3179 6002 1089 3178 6003 707 3179 6004 1090 3180 6005 1086 3174 6006 1085 3173 6007 707 3179 6008 707 3179 6009 1085 3173 6010 1091 3181 6011 707 3179 6012 1091 3181 6013 1090 3180 6014 1088 3177 6015 1092 3182 6016 1081 3175 6017 1081 3175 6018 1092 3182 6019 1093 3183 6020 1081 3175 6021 1093 3183 6022 1086 3174 6023 1086 3174 6024 1093 3183 6025 1094 3184 6026 1086 3174 6027 1094 3184 6028 1084 3172 6029 1086 3185 6030 707 3186 6031 1095 3187 6032 1095 3187 6033 707 3186 6034 708 3188 6035 1095 3189 6036 708 3190 6037 1096 3191 6038 1096 3191 6039 708 3190 6040 709 3192 6041 1096 3193 6042 709 3194 6043 1097 3195 6044 1097 3195 6045 709 3194 6046 688 3196 6047 1097 3197 6048 688 3198 6049 1098 3199 6050 1098 3199 6051 688 3198 6052 687 3200 6053 1098 3201 6054 687 3201 6055 685 3201 6056 1098 3202 6057 685 3202 6058 1099 3202 6059 1099 3203 6060 685 3204 6061 684 3205 6062 1099 3206 6063 684 3207 6064 1100 3208 6065 1100 3209 6066 684 3210 6067 698 3211 6068 1100 3212 6069 698 3213 6070 1101 3214 6071 1101 3215 6072 698 3215 6073 693 3215 6074 1101 3216 6075 693 3216 6076 1102 3216 6077 1103 3217 6078 1104 3218 6079 1105 3219 6080 1105 3219 6081 1104 3218 6082 1102 3220 6083 1105 3219 6084 1102 3220 6085 1106 3221 6086 1106 3221 6087 1102 3220 6088 1107 3222 6089 1108 3223 6090 701 3224 6091 1109 3225 6092 1109 3225 6093 701 3224 6094 1104 3218 6095 1109 3225 6096 1104 3218 6097 1110 3226 6098 1110 3226 6099 1104 3218 6100 1103 3217 6101 1108 3223 6102 1111 3227 6103 701 3224 6104 701 3224 6105 1111 3227 6106 1112 3228 6107 701 3224 6108 1112 3228 6109 693 3229 6110 1112 3228 6111 1113 3230 6112 693 3229 6113 693 3229 6114 1113 3230 6115 1114 3231 6116 693 3229 6117 1114 3231 6118 1102 3220 6119 1102 3220 6120 1114 3231 6121 1115 3232 6122 1102 3220 6123 1115 3232 6124 1107 3222 6125 1104 3233 6126 701 3234 6127 1116 3235 6128 1116 3235 6129 701 3234 6130 691 3236 6131 1116 3237 6132 691 3238 6133 1117 3239 6134 1117 3239 6135 691 3238 6136 690 3240 6137 1117 3241 6138 690 3242 6139 1118 3243 6140 1118 3243 6141 690 3242 6142 689 3244 6143 1118 3245 6144 689 3246 6145 1119 3247 6146 1119 3247 6147 689 3246 6148 702 3248 6149 1120 3249 6150 834 3250 6151 833 3251 6152 1121 3252 6153 1122 3253 6154 1120 3254 6155 1120 3255 6156 833 3256 6157 1121 3255 6158 1121 3257 6159 833 3258 6160 840 3259 6161 1121 3257 6162 840 3259 6163 980 3260 6164 1009 3261 6165 1123 3261 6166 1008 3261 6167 1008 3262 6168 1123 3262 6169 1124 3262 6170 1008 3263 6171 1124 3264 6172 1007 3264 6173 1125 3265 6174 996 3266 6175 1126 3267 6176 1126 3268 6177 996 3269 6178 995 3270 6179 1126 3271 6180 995 3272 6181 1006 3273 6182 1006 3274 6183 1127 3275 6184 1126 3276 6185 1126 3277 6186 1127 3278 6187 1004 3279 6188 1126 3280 6189 1004 3280 6190 1124 3280 6191 1124 3281 6192 1004 3282 6193 1128 3283 6194 1124 3284 6195 1128 3284 6196 1007 3284 6197 961 3285 6198 1129 3286 6199 962 3287 6200 962 3288 6201 1129 3289 6202 1002 3289 6203 962 3290 6204 1002 3291 6205 1130 3292 6206 1130 3293 6207 1000 3294 6208 962 3295 6209 962 3296 6210 1000 3297 6211 1131 3296 6212 962 3298 6213 1131 3298 6214 1126 3298 6215 1126 3299 6216 1131 3300 6217 998 3301 6218 1126 3302 6219 998 3303 6220 1125 3304 6221 979 3305 6222 1132 3306 6223 980 3307 6224 980 3307 6225 1132 3306 6226 1133 3308 6227 1134 3309 6228 963 3310 6229 981 3311 6230 981 3311 6231 963 3310 6232 1135 3312 6233 1134 3313 6234 985 3314 6235 963 3315 6236 963 3316 6237 985 3317 6238 1136 3318 6239 963 3319 6240 1136 3320 6241 964 3321 6242 1137 3322 6243 992 3323 6244 991 3324 6245 1137 3325 6246 991 3325 6247 1135 3325 6248 991 3326 6249 990 3327 6250 1135 3328 6251 1135 3329 6252 990 3330 6253 1138 3331 6254 1135 3332 6255 1138 3333 6256 988 3334 6257 988 3335 6258 1139 3336 6259 1135 3337 6260 1135 3338 6261 1139 3339 6262 982 3340 6263 1135 3341 6264 982 3342 6265 981 3343 6266 1132 3344 6267 979 3345 6268 1137 3346 6269 1137 3347 6270 979 3348 6271 993 3349 6272 1137 3350 6273 993 3350 6274 992 3350 6275 1010 3351 6276 1140 3352 6277 1009 3353 6278 1009 3353 6279 1140 3352 6280 1123 3354 6281 1141 3355 6282 1142 3356 6283 1143 3357 6284 1143 3358 6285 1142 3359 6286 1144 3360 6287 1143 3358 6288 1144 3360 6289 851 3361 6290 851 3362 6291 1144 3362 6292 852 3362 6293 852 3363 6294 1144 3364 6295 1010 3365 6296 852 3363 6297 1010 3365 6298 854 3366 6299 1145 3367 6300 881 3368 6301 880 3369 6302 1146 3370 6303 1147 3370 6304 1145 3371 6305 1145 3372 6306 880 3373 6307 1146 3372 6308 1146 3374 6309 880 3375 6310 879 3376 6311 1146 3374 6312 879 3376 6313 1012 3377 6314 1109 3378 6315 1148 3379 6316 1108 3380 6317 1108 3380 6318 1148 3379 6319 1149 3381 6320 1108 3382 6321 1149 3383 6322 1111 3384 6323 1111 3384 6324 1149 3383 6325 1150 3385 6326 1111 3386 6327 1150 3387 6328 1112 3388 6329 1112 3388 6330 1150 3387 6331 1151 3389 6332 1112 3390 6333 1151 3391 6334 1113 3392 6335 1113 3392 6336 1151 3391 6337 1152 3393 6338 1113 3394 6339 1152 3395 6340 1114 3396 6341 1114 3396 6342 1152 3395 6343 1153 3397 6344 1114 3398 6345 1153 3399 6346 1115 3400 6347 1115 3400 6348 1153 3399 6349 1154 3401 6350 1115 3402 6351 1154 3403 6352 1107 3404 6353 1107 3404 6354 1154 3403 6355 1155 3405 6356 1107 3406 6357 1155 3407 6358 1106 3408 6359 1106 3408 6360 1155 3407 6361 1156 3409 6362 1106 3410 6363 1156 3411 6364 1105 3412 6365 1105 3412 6366 1156 3411 6367 1157 3413 6368 1105 3414 6369 1157 3415 6370 1103 3416 6371 1103 3416 6372 1157 3415 6373 1158 3417 6374 1103 3418 6375 1158 3419 6376 1110 3420 6377 1110 3420 6378 1158 3419 6379 1159 3421 6380 1110 3422 6381 1159 3423 6382 1109 3424 6383 1109 3424 6384 1159 3423 6385 1148 3425 6386 1042 3426 6387 1160 3426 6388 1041 3426 6389 1041 3427 6390 1160 3427 6391 1161 3427 6392 1041 3428 6393 1161 3429 6394 1040 3430 6395 1162 3431 6396 1029 3432 6397 1163 3433 6398 1163 3434 6399 1029 3435 6400 1164 3436 6401 1163 3437 6402 1164 3438 6403 1036 3439 6404 1036 3440 6405 1165 3441 6406 1163 3442 6407 1163 3443 6408 1165 3444 6409 1038 3445 6410 1163 3446 6411 1038 3447 6412 1161 3448 6413 1161 3449 6414 1038 3450 6415 1166 3451 6416 1161 3452 6417 1166 3453 6418 1040 3454 6419 968 3455 6420 1167 3456 6421 969 3457 6422 969 3458 6423 1167 3459 6424 1035 3459 6425 969 3460 6426 1035 3461 6427 1168 3462 6428 1168 3463 6429 1033 3464 6430 969 3465 6431 969 3466 6432 1033 3467 6433 1169 3466 6434 969 3468 6435 1169 3469 6436 1163 3468 6437 1163 3470 6438 1169 3471 6439 1031 3472 6440 1163 3473 6441 1031 3474 6442 1162 3475 6443 1011 3476 6444 1170 3477 6445 1012 3478 6446 1012 3478 6447 1170 3477 6448 1171 3479 6449 1172 3480 6450 970 3481 6451 1017 3482 6452 1017 3482 6453 970 3481 6454 1173 3483 6455 1172 3484 6456 1014 3485 6457 970 3486 6458 970 3487 6459 1014 3488 6460 1174 3489 6461 970 3490 6462 1174 3491 6463 971 3492 6464 1175 3493 6465 1024 3494 6466 1021 3495 6467 1175 3496 6468 1021 3496 6469 1173 3496 6470 1021 3497 6471 1022 3497 6472 1173 3498 6473 1173 3499 6474 1022 3500 6475 1176 3501 6476 1173 3502 6477 1176 3503 6478 1020 3504 6479 1020 3505 6480 1177 3506 6481 1173 3507 6482 1173 3508 6483 1177 3509 6484 1018 3510 6485 1173 3511 6486 1018 3511 6487 1017 3511 6488 1170 3512 6489 1011 3513 6490 1175 3512 6491 1175 3514 6492 1011 3514 6493 1025 3514 6494 1175 3515 6495 1025 3516 6496 1024 3517 6497 1043 3518 6498 1178 3519 6499 1042 3520 6500 1042 3520 6501 1178 3519 6502 1160 3521 6503 1179 3522 6504 1180 3523 6505 1181 3524 6506 1181 3525 6507 1180 3526 6508 1182 3527 6509 1181 3525 6510 1182 3527 6511 824 3528 6512 824 3529 6513 1182 3530 6514 825 3531 6515 825 3532 6516 1182 3533 6517 1043 3534 6518 825 3532 6519 1043 3534 6520 826 3535 6521 1183 3536 6522 734 3537 6523 733 3538 6524 1184 3539 6525 1185 3540 6526 1183 3541 6527 1183 3542 6528 733 3543 6529 1184 3544 6530 1184 3545 6531 733 3546 6532 740 3547 6533 1184 3545 6534 740 3547 6535 1059 3548 6536 1093 3549 6537 1186 3550 6538 1094 3551 6539 1094 3551 6540 1186 3550 6541 1187 3552 6542 1094 3553 6543 1187 3554 6544 1084 3555 6545 1084 3555 6546 1187 3554 6547 1188 3556 6548 1084 3557 6549 1188 3558 6550 1085 3559 6551 1085 3559 6552 1188 3558 6553 1189 3560 6554 1085 3561 6555 1189 3562 6556 1091 3563 6557 1091 3563 6558 1189 3562 6559 1190 3564 6560 1091 3565 6561 1190 3566 6562 1090 3567 6563 1090 3567 6564 1190 3566 6565 1191 3568 6566 1090 3569 6567 1191 3570 6568 1089 3571 6569 1089 3571 6570 1191 3570 6571 1192 3572 6572 1089 3573 6573 1192 3574 6574 1082 3575 6575 1082 3575 6576 1192 3574 6577 1193 3576 6578 1082 3577 6579 1193 3578 6580 1083 3579 6581 1083 3579 6582 1193 3578 6583 1194 3580 6584 1083 3581 6585 1194 3582 6586 1087 3583 6587 1087 3583 6588 1194 3582 6589 1195 3584 6590 1087 3585 6591 1195 3586 6592 1088 3587 6593 1088 3587 6594 1195 3586 6595 1196 3588 6596 1088 3589 6597 1196 3590 6598 1092 3591 6599 1092 3591 6600 1196 3590 6601 1197 3592 6602 1092 3593 6603 1197 3594 6604 1093 3595 6605 1093 3595 6606 1197 3594 6607 1186 3596 6608 1057 3597 6609 1198 3597 6610 1056 3597 6611 1056 3598 6612 1198 3599 6613 1199 3600 6614 1056 3601 6615 1199 3601 6616 1055 3601 6617 1200 3602 6618 1052 3603 6619 1201 3604 6620 1052 3605 6621 1202 3606 6622 1201 3607 6623 1201 3608 6624 1202 3609 6625 1050 3610 6626 1201 3611 6627 1050 3612 6628 1199 3613 6629 1199 3614 6630 1050 3615 6631 1203 3616 6632 1199 3617 6633 1203 3618 6634 1055 3619 6635 1048 3620 6636 976 3621 6637 1204 3622 6638 1204 3623 6639 976 3624 6640 975 3625 6641 1048 3626 6642 1205 3627 6643 976 3628 6644 976 3629 6645 1205 3630 6646 1046 3631 6647 976 3632 6648 1046 3632 6649 1201 3632 6650 1201 3633 6651 1046 3634 6652 1049 3635 6653 1201 3636 6654 1049 3637 6655 1200 3638 6656 1058 3639 6657 1206 3640 6658 1059 3641 6659 1059 3641 6660 1206 3640 6661 1207 3642 6662 1208 3643 6663 1066 3644 6664 1209 3645 6665 1208 3646 6666 1209 3647 6667 977 3648 6668 977 3649 6669 1209 3650 6670 1064 3651 6671 977 3652 6672 1064 3653 6673 1210 3654 6674 1210 3655 6675 1061 3656 6676 977 3657 6677 977 3658 6678 1061 3659 6679 1211 3660 6680 977 3661 6681 1211 3662 6682 978 3663 6683 1075 3664 6684 1074 3665 6685 1212 3666 6686 1212 3667 6687 1074 3668 6688 1213 3669 6689 1212 3670 6690 1213 3670 6691 1208 3670 6692 1208 3671 6693 1213 3672 6694 1072 3673 6695 1072 3674 6696 1214 3674 6697 1208 3674 6698 1208 3675 6699 1214 3676 6700 1070 3677 6701 1208 3678 6702 1070 3679 6703 1215 3680 6704 1215 3681 6705 1068 3682 6706 1208 3683 6707 1208 3684 6708 1068 3685 6709 1216 3686 6710 1208 3687 6711 1216 3688 6712 1066 3689 6713 1206 3690 6714 1058 3690 6715 1212 3690 6716 1212 3691 6717 1058 3691 6718 1076 3691 6719 1212 3692 6720 1076 3693 6721 1075 3694 6722 1217 3695 6723 1218 3696 6724 1219 3697 6725 1219 3698 6726 1218 3699 6727 1220 3700 6728 1219 3698 6729 1220 3700 6730 716 3701 6731 716 3702 6732 1220 3702 6733 717 3703 6734 717 3704 6735 1220 3705 6736 1077 3706 6737 717 3704 6738 1077 3706 6739 718 3707 6740 1077 3708 6741 1221 3709 6742 1057 3710 6743 1057 3710 6744 1221 3709 6745 1198 3711 6746 1222 3712 6747 1223 3713 6748 1224 3714 6749 1224 3714 6750 1223 3713 6751 1225 3715 6752 1224 3716 6753 1225 3717 6754 1226 3718 6755 1226 3718 6756 1225 3717 6757 1227 3719 6758 1226 3720 6759 1227 3721 6760 1228 3722 6761 1228 3722 6762 1227 3721 6763 1229 3723 6764 1228 3724 6765 1229 3725 6766 1230 3726 6767 1230 3726 6768 1229 3725 6769 1231 3727 6770 1230 3728 6771 1231 3729 6772 1232 3730 6773 1232 3730 6774 1231 3729 6775 1233 3731 6776 1232 3732 6777 1233 3733 6778 1234 3734 6779 1234 3734 6780 1233 3733 6781 1235 3735 6782 1234 3736 6783 1235 3737 6784 1236 3738 6785 1236 3738 6786 1235 3737 6787 1237 3739 6788 1236 3740 6789 1237 3741 6790 1238 3742 6791 1238 3742 6792 1237 3741 6793 1239 3743 6794 1238 3744 6795 1239 3745 6796 1240 3746 6797 1240 3746 6798 1239 3745 6799 1241 3747 6800 1240 3748 6801 1241 3749 6802 1242 3750 6803 1242 3750 6804 1241 3749 6805 1243 3751 6806 1242 3752 6807 1243 3753 6808 1244 3754 6809 1244 3754 6810 1243 3753 6811 1245 3755 6812 1244 3756 6813 1245 3757 6814 1222 3758 6815 1222 3758 6816 1245 3757 6817 1223 3759 6818 1119 3760 6819 702 3761 6820 1246 3762 6821 1246 3762 6822 702 3761 6823 703 3763 6824 1246 3764 6825 703 3765 6826 1247 3766 6827 1247 3766 6828 703 3765 6829 697 3767 6830 1247 3768 6831 697 3769 6832 1248 3770 6833 1248 3770 6834 697 3769 6835 696 3771 6836 1249 3772 6837 695 3773 6838 1078 3774 6839 1078 3774 6840 695 3773 6841 686 3775 6842 1250 3776 6843 1249 3777 6844 1251 3778 6845 1251 3778 6846 1249 3777 6847 1078 3779 6848 1081 3780 6849 1252 3781 6850 1080 3782 6851 1080 3782 6852 1252 3781 6853 1253 3783 6854 1080 3784 6855 1253 3785 6856 1079 3786 6857 1079 3786 6858 1253 3785 6859 1254 3787 6860 1079 3788 6861 1254 3789 6862 1078 3790 6863 1078 3790 6864 1254 3789 6865 1251 3791 6866 1252 3792 6867 1081 3793 6868 1255 3794 6869 1255 3794 6870 1081 3793 6871 1086 3795 6872 1097 3796 6873 1256 3797 6874 1096 3798 6875 1096 3798 6876 1256 3797 6877 1257 3799 6878 1096 3800 6879 1257 3801 6880 1095 3802 6881 1095 3802 6882 1257 3801 6883 1258 3803 6884 1095 3804 6885 1258 3805 6886 1086 3806 6887 1086 3806 6888 1258 3805 6889 1255 3807 6890 1098 3808 6891 1259 3809 6892 1097 3810 6893 1097 3810 6894 1259 3809 6895 1256 3811 6896 1102 3812 6897 1260 3813 6898 1101 3814 6899 1101 3814 6900 1260 3813 6901 1261 3815 6902 1101 3816 6903 1261 3817 6904 1100 3818 6905 1100 3818 6906 1261 3817 6907 1262 3819 6908 1100 3820 6909 1262 3821 6910 1099 3822 6911 1099 3822 6912 1262 3821 6913 1263 3823 6914 1099 3824 6915 1263 3825 6916 1098 3826 6917 1098 3826 6918 1263 3825 6919 1259 3827 6920 1104 3828 6921 1264 3829 6922 1102 3830 6923 1102 3830 6924 1264 3829 6925 1260 3831 6926 1118 3832 6927 1265 3833 6928 1117 3834 6929 1117 3834 6930 1265 3833 6931 1266 3835 6932 1117 3836 6933 1266 3837 6934 1116 3838 6935 1116 3838 6936 1266 3837 6937 1267 3839 6938 1116 3840 6939 1267 3841 6940 1104 3842 6941 1104 3842 6942 1267 3841 6943 1264 3843 6944 1119 3844 6945 1268 3845 6946 1118 3846 6947 1118 3846 6948 1268 3845 6949 1265 3847 6950 1219 3848 6951 716 3849 6952 715 3850 6953 835 3851 6954 834 3852 6955 1120 3853 6956 1120 3853 6957 1122 3854 6958 835 3851 6959 835 3855 6960 1122 3856 6961 1269 3857 6962 835 3858 6963 1269 3859 6964 1270 3860 6965 1270 3860 6966 1271 3861 6967 835 3858 6968 835 3862 6969 1271 3863 6970 1272 3864 6971 835 3862 6972 1272 3864 6973 1273 3865 6974 1274 3866 6975 1219 3867 6976 1275 3868 6977 1275 3869 6978 1219 3870 6979 1276 3871 6980 1274 3866 6981 1277 3872 6982 1219 3867 6983 1219 3873 6984 1277 3874 6985 1278 3875 6986 1219 3876 6987 1278 3877 6988 1217 3878 6989 1219 3848 6990 715 3850 6991 1276 3879 6992 1276 3880 6993 715 3880 6994 714 3880 6995 1276 3881 6996 714 3882 6997 1279 3883 6998 714 3882 6999 778 3884 7000 1279 3883 7001 1279 3885 7002 778 3885 7003 755 3885 7004 1279 3886 7005 755 3886 7006 1280 3886 7007 755 3887 7008 757 3887 7009 1280 3887 7010 1280 3888 7011 757 3888 7012 759 3888 7013 1280 3889 7014 759 3889 7015 1281 3889 7016 759 3890 7017 761 3890 7018 1281 3890 7019 1281 3891 7020 761 3891 7021 763 3891 7022 1281 3892 7023 763 3892 7024 1282 3892 7025 763 3893 7026 765 3893 7027 1282 3893 7028 1282 3894 7029 765 3894 7030 767 3894 7031 1282 3895 7032 767 3895 7033 1283 3895 7034 767 3896 7035 769 3896 7036 1283 3896 7037 1283 3897 7038 769 3897 7039 771 3897 7040 1283 3898 7041 771 3898 7042 1284 3898 7043 771 3899 7044 773 3899 7045 1284 3899 7046 1284 3900 7047 773 3901 7048 775 3901 7049 1284 3902 7050 775 3902 7051 1285 3902 7052 1285 3903 7053 775 3904 7054 712 3905 7055 1285 3906 7056 712 3907 7057 1286 3908 7058 1286 3908 7059 712 3907 7060 711 3909 7061 1286 3910 7062 711 3911 7063 1287 3912 7064 1287 3912 7065 711 3911 7066 832 3913 7067 1287 3914 7068 832 3914 7069 1273 3914 7070 1273 3915 7071 832 3915 7072 838 3915 7073 1273 3916 7074 838 3917 7075 835 3918 7076 1288 3919 7077 1289 3920 7078 1273 3921 7079 1290 3922 7080 1291 3922 7081 1269 3922 7082 980 3923 7083 1133 3924 7084 1121 3925 7085 1121 3926 7086 1133 3926 7087 1290 3926 7088 1121 3927 7089 1290 3927 7090 1122 3927 7091 1122 3928 7092 1290 3929 7093 1269 3930 7094 1273 3931 7095 1272 3932 7096 1288 3933 7097 1288 3934 7098 1272 3935 7099 1271 3936 7100 1288 3937 7101 1271 3938 7102 1291 3939 7103 1291 3940 7104 1271 3941 7105 1270 3942 7106 1291 3943 7107 1270 3944 7108 1269 3945 7109 1292 3946 7110 1293 3947 7111 1237 3948 7112 1245 3949 7113 1288 3950 7114 1291 3951 7115 1292 3946 7116 1237 3948 7117 1294 3952 7118 1291 3951 7119 1290 3953 7120 1245 3949 7121 1245 3949 7122 1290 3953 7123 1133 3954 7124 1245 3949 7125 1133 3954 7126 1223 3955 7127 1223 3955 7128 1133 3954 7129 1132 3956 7130 1223 3955 7131 1132 3956 7132 1225 3957 7133 1293 3947 7134 1295 3958 7135 1288 3950 7136 1288 3950 7137 1295 3958 7138 1289 3959 7139 1132 3956 7140 1137 3960 7141 1225 3957 7142 1225 3957 7143 1137 3960 7144 1135 3961 7145 1225 3957 7146 1135 3961 7147 1227 3962 7148 1227 3962 7149 1135 3961 7150 963 3963 7151 1227 3962 7152 963 3963 7153 1229 3964 7154 1229 3964 7155 963 3963 7156 962 3965 7157 1229 3964 7158 962 3965 7159 1231 3966 7160 1231 3966 7161 962 3965 7162 1126 3967 7163 1231 3966 7164 1126 3967 7165 1233 3968 7166 1233 3968 7167 1126 3967 7168 1124 3969 7169 1233 3968 7170 1124 3969 7171 1235 3970 7172 1235 3970 7173 1124 3969 7174 1123 3971 7175 1235 3970 7176 1123 3971 7177 1237 3948 7178 1237 3948 7179 1123 3971 7180 1140 3972 7181 1237 3948 7182 1140 3972 7183 1294 3952 7184 1245 3949 7185 1243 3973 7186 1288 3950 7187 1288 3950 7188 1243 3973 7189 1241 3974 7190 1288 3950 7191 1241 3974 7192 1293 3947 7193 1293 3947 7194 1241 3974 7195 1239 3975 7196 1293 3947 7197 1239 3975 7198 1237 3948 7199 1296 3976 7200 1295 3976 7201 1297 3976 7202 1297 3977 7203 1295 3978 7204 1293 3979 7205 1297 3980 7206 1293 3981 7207 1298 3982 7208 1298 3983 7209 1293 3983 7210 1299 3983 7211 1299 3984 7212 1293 3985 7213 1292 3986 7214 1299 3987 7215 1292 3988 7216 1300 3987 7217 1300 3989 7218 1292 3989 7219 1141 3989 7220 1141 3990 7221 1292 3990 7222 1294 3990 7223 1141 3991 7224 1294 3992 7225 1142 3993 7226 1142 3994 7227 1294 3994 7228 1144 3994 7229 1144 3995 7230 1294 3995 7231 1140 3996 7232 1144 3997 7233 1140 3997 7234 1010 3997 7235 889 3998 7236 1301 3998 7237 887 3998 7238 887 3999 7239 1301 3999 7240 1302 3999 7241 881 4000 7242 1145 4001 7243 876 4002 7244 876 4003 7245 1145 4004 7246 889 4005 7247 1145 4006 7248 1147 4007 7249 889 4008 7250 889 4009 7251 1147 4009 7252 1303 4009 7253 889 4010 7254 1303 4011 7255 1304 4012 7256 1304 4012 7257 1305 4013 7258 889 4010 7259 889 4014 7260 1305 4015 7261 1306 4016 7262 889 4014 7263 1306 4016 7264 1301 4017 7265 1297 4018 7266 1298 4019 7267 1143 4020 7268 1298 4019 7269 1299 4021 7270 1143 4020 7271 1143 4022 7272 1299 4023 7273 1300 4024 7274 1143 4025 7275 1300 4026 7276 1141 4027 7277 851 4028 7278 853 4029 7279 1143 4030 7280 1143 4030 7281 853 4029 7282 1296 4031 7283 1143 4032 7284 1296 4033 7285 1297 4034 7286 853 4035 7287 901 4036 7288 1296 4037 7289 1296 4038 7290 901 4038 7291 903 4038 7292 1296 4039 7293 903 4039 7294 1307 4039 7295 903 4040 7296 905 4041 7297 1307 4042 7298 1307 4043 7299 905 4044 7300 907 4045 7301 1307 4043 7302 907 4045 7303 1308 4046 7304 907 4047 7305 909 4048 7306 1308 4049 7307 1308 4050 7308 909 4051 7309 911 4052 7310 1308 4050 7311 911 4052 7312 1309 4053 7313 911 4054 7314 913 4055 7315 1309 4056 7316 1309 4057 7317 913 4058 7318 890 4059 7319 1309 4057 7320 890 4059 7321 1310 4060 7322 1310 4061 7323 890 4062 7324 892 4063 7325 1310 4061 7326 892 4063 7327 1311 4064 7328 1311 4065 7329 892 4066 7330 894 4067 7331 1311 4065 7332 894 4067 7333 1312 4068 7334 1312 4069 7335 894 4070 7336 896 4071 7337 1312 4072 7338 896 4073 7339 1313 4074 7340 896 4073 7341 898 4075 7342 1313 4074 7343 1313 4076 7344 898 4077 7345 883 4078 7346 1313 4079 7347 883 4080 7348 1302 4081 7349 1302 4081 7350 883 4080 7351 885 4082 7352 1302 4083 7353 885 4084 7354 887 4085 7355 1314 4086 7356 1315 4087 7357 1301 4088 7358 1316 4089 7359 1317 4090 7360 1303 4091 7361 1012 4092 7362 1171 4092 7363 1146 4092 7364 1146 4093 7365 1171 4093 7366 1316 4093 7367 1146 4094 7368 1316 4095 7369 1147 4096 7370 1147 4097 7371 1316 4097 7372 1303 4097 7373 1301 4098 7374 1306 4099 7375 1314 4100 7376 1314 4101 7377 1306 4102 7378 1305 4103 7379 1314 4104 7380 1305 4105 7381 1317 4106 7382 1317 4107 7383 1305 4108 7384 1304 4109 7385 1317 4110 7386 1304 4110 7387 1303 4110 7388 1317 4111 7389 1159 4112 7390 1314 4113 7391 1314 4113 7392 1159 4112 7393 1158 4114 7394 1317 4111 7395 1316 4115 7396 1159 4112 7397 1159 4112 7398 1316 4115 7399 1171 4116 7400 1159 4112 7401 1171 4116 7402 1148 4117 7403 1148 4117 7404 1171 4116 7405 1170 4118 7406 1148 4117 7407 1170 4118 7408 1149 4119 7409 1318 4120 7410 1319 4121 7411 1155 4122 7412 1155 4122 7413 1319 4121 7414 1320 4123 7415 1155 4122 7416 1320 4123 7417 1156 4124 7418 1156 4124 7419 1320 4123 7420 1157 4125 7421 1321 4126 7422 1315 4127 7423 1320 4123 7424 1320 4123 7425 1315 4127 7426 1314 4113 7427 1320 4123 7428 1314 4113 7429 1157 4125 7430 1157 4125 7431 1314 4113 7432 1158 4114 7433 970 4128 7434 969 4129 7435 1152 4130 7436 1152 4130 7437 969 4129 7438 1163 4131 7439 1152 4130 7440 1163 4131 7441 1153 4132 7442 1153 4132 7443 1163 4131 7444 1161 4133 7445 1153 4132 7446 1161 4133 7447 1154 4134 7448 1154 4134 7449 1161 4133 7450 1160 4135 7451 1154 4134 7452 1160 4135 7453 1155 4122 7454 1155 4122 7455 1160 4135 7456 1178 4136 7457 1155 4122 7458 1178 4136 7459 1318 4120 7460 1152 4130 7461 1151 4137 7462 970 4128 7463 970 4128 7464 1151 4137 7465 1150 4138 7466 970 4128 7467 1150 4138 7468 1173 4139 7469 1173 4139 7470 1150 4138 7471 1149 4119 7472 1173 4139 7473 1149 4119 7474 1175 4140 7475 1175 4140 7476 1149 4119 7477 1170 4118 7478 1322 4141 7479 1321 4141 7480 1323 4141 7481 1323 4142 7482 1321 4142 7483 1320 4142 7484 1323 4143 7485 1320 4144 7486 1324 4145 7487 1324 4146 7488 1320 4147 7489 1325 4148 7490 1325 4149 7491 1320 4149 7492 1319 4149 7493 1325 4150 7494 1319 4150 7495 1326 4150 7496 1326 4151 7497 1319 4151 7498 1179 4151 7499 1179 4152 7500 1319 4153 7501 1318 4154 7502 1179 4155 7503 1318 4156 7504 1180 4157 7505 1180 4158 7506 1318 4158 7507 1182 4158 7508 1182 4159 7509 1318 4159 7510 1178 4159 7511 1182 4160 7512 1178 4161 7513 1043 4162 7514 1327 4163 7515 1322 4163 7516 1181 4164 7517 1181 4165 7518 1322 4166 7519 1323 4167 7520 1181 4168 7521 1323 4169 7522 1324 4170 7523 1324 4170 7524 1325 4171 7525 1181 4168 7526 1181 4172 7527 1325 4173 7528 1326 4174 7529 1181 4175 7530 1326 4176 7531 1179 4177 7532 831 4178 7533 731 4179 7534 1328 4180 7535 1328 4180 7536 731 4179 7537 1329 4181 7538 831 4182 7539 1328 4182 7540 821 4182 7541 821 4183 7542 1328 4183 7543 1327 4183 7544 821 4184 7545 1327 4184 7546 823 4184 7547 823 4185 7548 1327 4186 7549 1181 4187 7550 823 4185 7551 1181 4187 7552 824 4188 7553 1329 4189 7554 731 4190 7555 730 4191 7556 735 4192 7557 1330 4193 7558 738 4194 7559 738 4195 7560 1330 4196 7561 1331 4197 7562 735 4198 7563 734 4199 7564 1183 4200 7565 1183 4200 7566 1185 4201 7567 735 4198 7568 735 4202 7569 1185 4203 7570 1332 4204 7571 735 4205 7572 1332 4206 7573 1333 4207 7574 1333 4207 7575 1334 4208 7576 735 4205 7577 735 4209 7578 1334 4209 7579 1335 4209 7580 735 4192 7581 1335 4210 7582 1330 4193 7583 804 4211 7584 1336 4211 7585 730 4211 7586 730 4212 7587 1336 4212 7588 1337 4212 7589 730 4191 7590 1337 4213 7591 1329 4189 7592 804 4214 7593 802 4214 7594 1336 4214 7595 1336 4215 7596 802 4215 7597 800 4215 7598 1336 4216 7599 800 4216 7600 1338 4216 7601 800 4217 7602 798 4217 7603 1338 4217 7604 1338 4218 7605 798 4218 7606 796 4218 7607 1338 4219 7608 796 4219 7609 1339 4219 7610 796 4220 7611 794 4220 7612 1339 4220 7613 1339 4221 7614 794 4221 7615 792 4221 7616 1339 4222 7617 792 4222 7618 1340 4222 7619 792 4223 7620 790 4223 7621 1340 4223 7622 1340 4224 7623 790 4224 7624 788 4224 7625 1340 4225 7626 788 4225 7627 1341 4225 7628 788 4226 7629 786 4226 7630 1341 4226 7631 1341 4227 7632 786 4227 7633 784 4227 7634 1341 4228 7635 784 4228 7636 1331 4228 7637 1331 4229 7638 784 4230 7639 782 4231 7640 1331 4197 7641 782 4232 7642 738 4195 7643 1342 4233 7644 1343 4233 7645 1330 4233 7646 1344 4234 7647 1345 4234 7648 1332 4234 7649 1059 4235 7650 1207 4236 7651 1184 4237 7652 1184 4238 7653 1207 4239 7654 1344 4240 7655 1184 4241 7656 1344 4242 7657 1185 4243 7658 1185 4244 7659 1344 4244 7660 1332 4244 7661 1330 4245 7662 1335 4246 7663 1342 4247 7664 1342 4248 7665 1335 4249 7666 1334 4250 7667 1342 4251 7668 1334 4251 7669 1345 4251 7670 1345 4252 7671 1334 4253 7672 1333 4254 7673 1345 4255 7674 1333 4255 7675 1332 4255 7676 1188 4256 7677 1342 4257 7678 1345 4258 7679 1346 4259 7680 1347 4260 7681 1196 4261 7682 1193 4262 7683 1192 4263 7684 977 4264 7685 977 4264 7686 1192 4263 7687 1191 4265 7688 977 4264 7689 1191 4265 7690 1208 4266 7691 1208 4266 7692 1191 4265 7693 1190 4267 7694 1347 4260 7695 1348 4268 7696 1342 4257 7697 1342 4257 7698 1348 4268 7699 1343 4269 7700 1346 4259 7701 1196 4261 7702 1349 4270 7703 1345 4258 7704 1344 4271 7705 1188 4256 7706 1188 4256 7707 1344 4271 7708 1207 4272 7709 1188 4256 7710 1207 4272 7711 1189 4273 7712 1189 4273 7713 1207 4272 7714 1206 4274 7715 1189 4273 7716 1206 4274 7717 1190 4267 7718 1190 4267 7719 1206 4274 7720 1212 4275 7721 1190 4267 7722 1212 4275 7723 1208 4266 7724 1188 4256 7725 1187 4276 7726 1342 4257 7727 1342 4257 7728 1187 4276 7729 1186 4277 7730 1342 4257 7731 1186 4277 7732 1347 4260 7733 1347 4260 7734 1186 4277 7735 1197 4278 7736 1347 4260 7737 1197 4278 7738 1196 4261 7739 977 4264 7740 976 4279 7741 1193 4262 7742 1193 4262 7743 976 4279 7744 1201 4280 7745 1193 4262 7746 1201 4280 7747 1194 4281 7748 1194 4281 7749 1201 4280 7750 1199 4282 7751 1194 4281 7752 1199 4282 7753 1195 4283 7754 1195 4283 7755 1199 4282 7756 1198 4284 7757 1195 4283 7758 1198 4284 7759 1196 4261 7760 1196 4261 7761 1198 4284 7762 1221 4285 7763 1196 4261 7764 1221 4285 7765 1349 4270 7766 1276 4286 7767 1348 4286 7768 1275 4286 7769 1275 4287 7770 1348 4288 7771 1347 4289 7772 1275 4290 7773 1347 4291 7774 1274 4292 7775 1274 4293 7776 1347 4293 7777 1277 4293 7778 1277 4294 7779 1347 4294 7780 1346 4294 7781 1277 4295 7782 1346 4295 7783 1278 4295 7784 1278 4296 7785 1346 4297 7786 1217 4298 7787 1217 4299 7788 1346 4299 7789 1349 4299 7790 1217 4300 7791 1349 4301 7792 1218 4302 7793 1218 4303 7794 1349 4304 7795 1220 4305 7796 1220 4306 7797 1349 4306 7798 1221 4306 7799 1220 4307 7800 1221 4308 7801 1077 4309 7802 1224 4310 7803 700 4311 7804 1222 4312 7805 1222 4312 7806 700 4311 7807 1350 4313 7808 1222 4312 7809 1350 4313 7810 1244 4314 7811 1236 4315 7812 1238 4316 7813 1248 4317 7814 1248 4317 7815 1238 4316 7816 1240 4318 7817 1248 4317 7818 1240 4318 7819 1350 4313 7820 1350 4313 7821 1240 4318 7822 1242 4319 7823 1350 4313 7824 1242 4319 7825 1244 4314 7826 1224 4310 7827 1226 4320 7828 700 4311 7829 700 4311 7830 1226 4320 7831 1228 4321 7832 700 4311 7833 1228 4321 7834 696 4322 7835 1228 4321 7836 1230 4323 7837 696 4322 7838 696 4322 7839 1230 4323 7840 1232 4324 7841 696 4322 7842 1232 4324 7843 1248 4317 7844 1248 4317 7845 1232 4324 7846 1234 4325 7847 1248 4317 7848 1234 4325 7849 1236 4315 7850 1248 4326 7851 1351 4327 7852 1247 4328 7853 1247 4328 7854 1351 4327 7855 1352 4329 7856 1247 4330 7857 1352 4331 7858 1246 4332 7859 1246 4332 7860 1352 4331 7861 1353 4333 7862 1246 4334 7863 1353 4335 7864 1119 4336 7865 1119 4336 7866 1353 4335 7867 1268 4337 7868 695 4338 7869 1249 4338 7870 1354 4338 7871 1350 4339 7872 700 4339 7873 1355 4339 7874 1355 4340 7875 700 4340 7876 699 4340 7877 1355 4341 7878 699 4341 7879 1356 4341 7880 1356 4342 7881 699 4343 7882 1357 4344 7883 1357 4344 7884 699 4343 7885 692 4345 7886 1357 4346 7887 692 4347 7888 1354 4348 7889 1354 4349 7890 692 4350 7891 694 4351 7892 1354 4352 7893 694 4352 7894 695 4352 7895 1249 4353 7896 1250 4354 7897 1354 4355 7898 1354 4355 7899 1250 4354 7900 1358 4356 7901 1354 4357 7902 1358 4358 7903 1357 4359 7904 1357 4359 7905 1358 4358 7906 1359 4360 7907 1287 4361 7908 1273 4362 7909 1289 4363 7910 1253 4364 7911 1279 7 7912 1254 7 7913 1254 7 7914 1279 7 7915 1280 4365 7916 1254 7 7917 1280 4365 7918 1251 4366 7919 1331 4367 7920 1330 7 7921 1343 4368 7922 1302 4369 7923 1301 4370 7924 1315 4371 7925 1321 4372 7926 1322 4373 7927 1327 4374 7928 1321 4372 7929 1327 4374 7930 1262 4375 7931 1280 4365 7932 1281 4376 7933 1251 4366 7934 1251 4366 7935 1281 4376 7936 1282 4377 7937 1251 4366 7938 1282 4377 7939 1250 4378 7940 1352 4379 7941 1307 4380 7942 1353 4381 7943 1353 4381 7944 1307 4380 7945 1308 7 7946 1353 4381 7947 1308 7 7948 1268 7 7949 1256 4382 7950 1259 4383 7951 1338 4384 7952 1327 4374 7953 1328 4385 7954 1262 4375 7955 1262 4375 7956 1328 4385 7957 1329 4386 7958 1262 4375 7959 1329 4386 7960 1263 4387 7961 1263 4387 7962 1329 4386 7963 1337 4388 7964 1263 4387 7965 1337 4388 7966 1259 4383 7967 1259 4383 7968 1337 4388 7969 1336 7 7970 1259 4383 7971 1336 7 7972 1338 4384 7973 1282 4377 7974 1283 4389 7975 1250 4378 7976 1250 4378 7977 1283 4389 7978 1284 4390 7979 1250 4378 7980 1284 4390 7981 1358 4391 7982 1358 4391 7983 1284 4390 7984 1285 4392 7985 1358 4391 7986 1285 4392 7987 1359 4393 7988 1359 4393 7989 1285 4392 7990 1286 4394 7991 1359 4393 7992 1286 4394 7993 1360 4395 7994 1360 4395 7995 1286 4394 7996 1287 4361 7997 1360 4395 7998 1287 4361 7999 1361 4396 8000 1361 4396 8001 1287 4361 8002 1289 4363 8003 1361 4396 8004 1289 4363 8005 1351 4397 8006 1351 4397 8007 1289 4363 8008 1295 4398 8009 1351 4397 8010 1295 4398 8011 1352 4379 8012 1352 4379 8013 1295 4398 8014 1296 4399 8015 1352 4379 8016 1296 4399 8017 1307 4380 8018 1338 4384 8019 1339 7 8020 1256 4382 8021 1256 4382 8022 1339 7 8023 1340 7 8024 1256 4382 8025 1340 7 8026 1257 4400 8027 1257 4400 8028 1340 7 8029 1341 4401 8030 1257 4400 8031 1341 4401 8032 1258 4402 8033 1258 4402 8034 1341 4401 8035 1331 4367 8036 1258 4402 8037 1331 4367 8038 1255 4403 8039 1255 4403 8040 1331 4367 8041 1343 4368 8042 1255 4403 8043 1343 4368 8044 1252 4404 8045 1252 4404 8046 1343 4368 8047 1348 4405 8048 1252 4404 8049 1348 4405 8050 1253 4364 8051 1253 4364 8052 1348 4405 8053 1276 4406 8054 1253 4364 8055 1276 4406 8056 1279 7 8057 1262 4375 8058 1261 4407 8059 1321 4372 8060 1321 4372 8061 1261 4407 8062 1260 4408 8063 1321 4372 8064 1260 4408 8065 1315 4371 8066 1315 4371 8067 1260 4408 8068 1264 4409 8069 1315 4371 8070 1264 4409 8071 1302 4369 8072 1302 4369 8073 1264 4409 8074 1267 4410 8075 1302 4369 8076 1267 4410 8077 1313 4411 8078 1313 4411 8079 1267 4410 8080 1266 4412 8081 1313 4411 8082 1266 4412 8083 1312 4413 8084 1312 4413 8085 1266 4412 8086 1265 4414 8087 1308 7 8088 1309 7 8089 1268 7 8090 1268 7 8091 1309 7 8092 1310 4415 8093 1268 7 8094 1310 4415 8095 1265 4414 8096 1265 4414 8097 1310 4415 8098 1311 4416 8099 1265 4414 8100 1311 4416 8101 1312 4413 8102 1350 4417 8103 1361 4418 8104 1248 4419 8105 1248 4419 8106 1361 4418 8107 1351 4420 8108 1360 4421 8109 1361 4422 8110 1350 4423 8111 1357 4424 8112 1359 4425 8113 1356 4426 8114 1356 4427 8115 1359 4427 8116 1360 4427 8117 1356 4428 8118 1360 4428 8119 1355 4428 8120 1355 4429 8121 1360 4421 8122 1350 4423 8123</p>
        </triangles>
      </mesh>
    </geometry>
  </library_geometries>
  <library_visual_scenes>
    <visual_scene id="Scene" name="Scene">
      <node id="left_gripper_link" name="left_gripper_link" type="NODE">
        <matrix sid="transform">1 0 0 0 0 1 0 0 0 0 1 0 0 0 0 1</matrix>
        <instance_geometry url="#left_gripper_link-mesh" name="left_gripper_link">
          <bind_material>
            <technique_common>
              <instance_material symbol="材质-material" target="#材质-material">
                <bind_vertex_input semantic="UVMap" input_semantic="TEXCOORD" input_set="0"/>
              </instance_material>
            </technique_common>
          </bind_material>
        </instance_geometry>
      </node>
    </visual_scene>
  </library_visual_scenes>
  <scene>
    <instance_visual_scene url="#Scene"/>
  </scene>
</COLLADA>