<?xml version="1.0" encoding="utf-8"?>
<COLLADA xmlns="http://www.collada.org/2005/11/COLLADASchema" version="1.4.1" xmlns:xsi="http://www.w3.org/2001/XMLSchema-instance">
  <asset>
    <contributor>
      <author>Blender User</author>
      <authoring_tool>Blender 4.5.5 LTS commit date:2025-11-17, commit time:16:03, hash:836beaaf597a</authoring_tool>
    </contributor>
    <created>2026-01-08T13:41:56</created>
    <modified>2026-01-08T13:41:56</modified>
    <unit name="meter" meter="1"/>
    <up_axis>Z_UP</up_axis>
  </asset>
  <library_effects>
    <effect id="材质-effect">
      <profile_COMMON>
        <newparam sid="texture_jpeg-surface">
          <surface type="2D">
            <init_from>texture_jpeg</init_from>
          </surface>
        </newparam>
        <newparam sid="texture_jpeg-sampler">
          <sampler2D>
            <source>texture_jpeg-surface</source>
          </sampler2D>
        </newparam>
        <technique sid="common">
          <lambert>
            <emission>
              <color sid="emission">0 0 0 1</color>
            </emission>
            <diffuse>
              <texture texture="texture_jpeg-sampler" texcoord="UVMap"/>
            </diffuse>
            <index_of_refraction>
              <float sid="ior">1.5</float>
            </index_of_refraction>
          </lambert>
        </technique>
      </profile_COMMON>
    </effect>
  </library_effects>
  <library_images>
    <image id="texture_jpeg" name="texture_jpeg">
      <init_from>texture.jpeg</init_from>
    </image>
  </library_images>
  <library_materials>
    <material id="材质-material" name="材质">
      <instance_effect url="#材质-effect"/>
    </material>
  </library_materials>
  <library_geometries>
    <geometry id="right_gripper_finger_link2-mesh" name="right_gripper_finger_link2">
      <mesh>
        <source id="right_gripper_finger_link2-mesh-positions">
          <float_array id="right_gripper_finger_link2-mesh-positions-array" count="7692">-0.05049496 0.06205898 -0.01561599 -0.05049496 0.062056 -0.01567 -0.04989498 0.06145596 -0.01567399 -0.05049496 0.06207996 -0.01545596 -0.04989498 0.06157398 -0.01493597 -0.05049496 0.06211894 -0.01524597 -0.04989498 0.06191295 -0.01381194 -0.05049496 0.06247997 -0.01401096 -0.04989498 0.061643 -0.01466995 -0.05049496 0.06222099 -0.01482897 -0.05049496 0.06207394 -0.01800197 -0.04989498 0.06147396 -0.01800596 -0.05049496 0.05510097 -0.01928699 -0.05049496 0.05487495 -0.018058 -0.04989498 0.05547499 -0.01805299 -0.04989498 0.05566298 -0.01907795 -0.04989498 0.05571198 -0.01919895 -0.05049496 0.05573499 -0.02036499 -0.04989498 0.05619096 -0.01997596 -0.04989498 0.05636996 -0.02016699 -0.05049496 0.05669897 -0.02116096 -0.04989498 0.05699497 -0.020639 -0.04989498 0.05734795 -0.02080994 -0.05049496 0.057877 -0.02157998 -0.04989498 0.05797696 -0.02098798 -0.04989498 0.05849796 -0.02102899 -0.05049496 0.05912697 -0.02156996 -0.04989498 0.05901795 -0.02098 -0.05049496 0.06029897 -0.021133 -0.04989498 0.05964398 -0.02079194 -0.04989498 0.05999499 -0.02061599 -0.05049496 0.06124997 -0.02032196 -0.04989498 0.06061196 -0.02013397 -0.04989498 0.06078797 -0.01993995 -0.05049496 0.06186699 -0.019234 -0.04989498 0.06130099 -0.01903396 -0.04989498 0.06125497 -0.01915597 -0.05049496 0.054856 -0.01572597 -0.04989498 0.05545598 -0.01572096 -0.04989498 0.05531096 -0.01492398 -0.05049496 0.05477797 -0.01526695 -0.04989498 0.055233 -0.01464599 -0.05049496 0.05465799 -0.01481795 -0.04989498 0.05491799 -0.01372599 -0.05049496 0.054515 -0.01437598 -0.05049496 0.05435699 -0.01393896 -0.05049496 0.04868894 -0.01554197 -0.05049496 0.04866296 -0.01577395 -0.04989498 0.04806298 -0.015778 -0.04989498 0.048195 -0.014979 -0.05049496 0.04873299 -0.01531398 -0.04989498 0.04856997 -0.013776 -0.05049496 0.04913395 -0.01397895 -0.04989498 0.04826998 -0.01470094 -0.05049496 0.04884696 -0.01486396 -0.05049496 0.04868096 -0.01810598 -0.04989498 0.04808098 -0.01810997 -0.05049496 0.04170799 -0.019391 -0.05049496 0.04148095 -0.01816195 -0.04989498 0.04208099 -0.018157 -0.04989498 0.04227 -0.01918196 -0.04989498 0.04231798 -0.01930296 -0.05049496 0.04234099 -0.02046895 -0.04989498 0.04279798 -0.02007997 -0.04989498 0.04297596 -0.02027195 -0.05049496 0.04330497 -0.02126497 -0.04989498 0.04360097 -0.02074295 -0.04989498 0.04395395 -0.02091395 -0.05049496 0.04448294 -0.02168399 -0.04989498 0.04458296 -0.02109199 -0.04989498 0.04510396 -0.02113395 -0.05049496 0.04573398 -0.02167397 -0.04989498 0.04562497 -0.02108395 -0.05049496 0.04690498 -0.02123695 -0.04989498 0.04625099 -0.02089595 -0.04989498 0.04660099 -0.02072 -0.05049496 0.04785698 -0.02042597 -0.04989498 0.04721897 -0.02023899 -0.04989498 0.04739397 -0.02004396 -0.05049496 0.048473 -0.01933896 -0.04989498 0.04790794 -0.01913797 -0.04989498 0.04786098 -0.01925998 -0.05049496 0.04146295 -0.01582998 -0.04989498 0.04206299 -0.01582497 -0.04989498 0.04191797 -0.01502799 -0.05049496 0.04138499 -0.01537096 -0.04989498 0.041839 -0.01475 -0.05049496 0.04126495 -0.01492196 -0.04989498 0.04152399 -0.01382994 -0.05049496 0.04112195 -0.01447999 -0.05049496 0.04096299 -0.01404297 -0.05049496 0.03529495 -0.01564699 -0.05049496 0.03526896 -0.01587796 -0.04989498 0.03466898 -0.01588296 -0.04989498 0.03480195 -0.01508396 -0.05049496 0.03533995 -0.01541894 -0.04989498 0.03517699 -0.01387995 -0.05049496 0.03574097 -0.01408398 -0.04989498 0.03487598 -0.01480495 -0.05049496 0.03545296 -0.01496797 -0.05049496 0.03528696 -0.01820999 -0.04989498 0.03468698 -0.018215 -0.05049496 0.02831399 -0.01949596 -0.05049496 0.02808797 -0.01826596 -0.04989498 0.02868795 -0.01826095 -0.04989498 0.02887594 -0.01928597 -0.04989498 0.028925 -0.01940798 -0.05049496 0.02894794 -0.02057296 -0.04989498 0.02940398 -0.02018398 -0.04989498 0.02958297 -0.02037596 -0.05049496 0.02991199 -0.02136999 -0.04989498 0.03020799 -0.02084797 -0.04989498 0.03056097 -0.02101898 -0.05049496 0.03108996 -0.021788 -0.04989498 0.03118896 -0.02119594 -0.04989498 0.03171098 -0.02123796 -0.05049496 0.03233999 -0.02177798 -0.04989498 0.03223097 -0.02118796 -0.05049496 0.03351199 -0.02134197 -0.04989498 0.032857 -0.02100098 -0.04989498 0.03320795 -0.02082395 -0.05049496 0.03446298 -0.02053099 -0.04989498 0.03382498 -0.020343 -0.04989498 0.03399997 -0.02014797 -0.05049496 0.03507995 -0.01944297 -0.04989498 0.03451395 -0.01924198 -0.04989498 0.03446799 -0.01936399 -0.05049496 0.02806895 -0.01593399 -0.04989498 0.02866899 -0.01592898 -0.04989498 0.02852398 -0.01513195 -0.05049496 0.02799099 -0.01547598 -0.04989498 0.02844595 -0.01485395 -0.05049496 0.02787095 -0.01502597 -0.04989498 0.02813094 -0.01393496 -0.05049496 0.02772796 -0.014584 -0.05049496 0.02756994 -0.01414698 -0.05049496 0.06254899 -0.01388895 -0.04989498 0.06208598 -0.01350694 -0.05049496 0.06267595 -0.01378697 -0.04989498 0.062433 -0.01323795 -0.04989498 0.06286197 -0.01314395 -0.050493 0.06275796 -0.01375395 -0.04989498 0.06320697 -0.01320695 -0.05046695 0.06300699 -0.01374298 -0.05049496 0.01467597 -0.016038 -0.04989498 0.01527595 -0.01603394 -0.05049496 0.01469397 -0.01836997 -0.04989498 0.01529395 -0.01836597 -0.05049496 0.01492094 -0.01959997 -0.04989498 0.01548296 -0.01938998 -0.04989498 0.015531 -0.01951199 -0.05049496 0.01555395 -0.02067798 -0.04989498 0.01601099 -0.02028799 -0.04989498 0.01618897 -0.02047997 -0.05049496 0.01651799 -0.021474 -0.04989498 0.01681399 -0.02095198 -0.04989498 0.01716697 -0.02112299 -0.05049496 0.01769596 -0.02189195 -0.04989498 0.01779597 -0.02130097 -0.05049496 0.018947 -0.02188295 -0.04989498 0.01831698 -0.02134197 -0.04989498 0.01883798 -0.02129298 -0.05049496 0.02011799 -0.02144598 -0.04989498 0.019463 -0.02110499 -0.04989498 0.01981395 -0.02092897 -0.05049496 0.02107 -0.02063494 -0.04989498 0.02043199 -0.02044695 -0.04989498 0.02060699 -0.020253 -0.05049496 0.02168595 -0.01954698 -0.04989498 0.02129399 -0.01831895 -0.05049496 0.02189397 -0.018314 -0.04989498 0.02112096 -0.01934599 -0.04989498 0.02107399 -0.01946896 -0.05049496 0.02187597 -0.01598197 -0.04989498 0.02127599 -0.01598697 -0.05049496 0.02205997 -0.01507198 -0.05049496 0.02194595 -0.01552295 -0.04989498 0.02140796 -0.01518797 -0.05049496 0.02190196 -0.015751 -0.04989498 0.02178299 -0.01398396 -0.05049496 0.02234697 -0.01418799 -0.04449498 0.02866899 -0.01592898 -0.04449498 0.02868795 -0.01826095 -0.04449498 0.03468698 -0.018215 -0.04449498 0.03446799 -0.01936399 -0.04449498 0.03382498 -0.020343 -0.04449498 0.032857 -0.02100098 -0.04449498 0.03171098 -0.02123796 -0.04449498 0.03056097 -0.02101898 -0.04449498 0.02958297 -0.02037596 -0.04449498 0.028925 -0.01940798 -0.04449498 0.03466898 -0.01588296 -0.04449498 0.03517699 -0.01387995 -0.04449498 0.03480195 -0.01508396 -0.05049496 0.035824 -0.01394796 -0.04989498 0.03538298 -0.01353996 -0.04989498 0.03571295 -0.01330494 -0.05049496 0.03595596 -0.01385295 -0.04989498 0.03610897 -0.01321899 -0.05049496 0.03611397 -0.01381897 -0.04989498 0.04131197 -0.01349395 -0.05049496 0.04087799 -0.01390796 -0.05049496 0.04074496 -0.01381599 -0.04989498 0.04097896 -0.013264 -0.05049496 0.04058599 -0.013785 -0.04989498 0.04058098 -0.01318496 -0.04449498 0.04206299 -0.01582497 -0.04449498 0.04208099 -0.018157 -0.04449498 0.04808098 -0.01810997 -0.04449498 0.04786098 -0.01925998 -0.04449498 0.04721897 -0.02023899 -0.04449498 0.04625099 -0.02089595 -0.04449498 0.04510396 -0.02113395 -0.04449498 0.04395395 -0.02091395 -0.04449498 0.04297596 -0.02027195 -0.04449498 0.04231798 -0.01930296 -0.04449498 0.04806298 -0.015778 -0.04449498 0.04152399 -0.01382994 -0.04449498 0.04191797 -0.01502799 -0.04449498 0.04856997 -0.013776 -0.04449498 0.048195 -0.014979 -0.05049496 0.04921698 -0.01384299 -0.04989498 0.04877698 -0.01343595 -0.04989498 0.04910695 -0.01319998 -0.05049496 0.04934895 -0.013749 -0.04989498 0.04950296 -0.01311498 -0.05049496 0.04950797 -0.01371496 -0.04989498 0.05470597 -0.01338899 -0.05049496 0.05427199 -0.01380395 -0.05049496 0.05413895 -0.01371198 -0.04989498 0.05437195 -0.01315897 -0.05049496 0.05397999 -0.01367998 -0.04989498 0.05397498 -0.01308 -0.04449498 0.05491799 -0.01372599 -0.04449498 0.05531096 -0.01492398 -0.04449498 0.05545598 -0.01572096 -0.04449498 0.05547499 -0.01805299 -0.04449498 0.06147396 -0.01800596 -0.04449498 0.06125497 -0.01915597 -0.04449498 0.06061196 -0.02013397 -0.04449498 0.05964398 -0.02079194 -0.04449498 0.05849796 -0.02102899 -0.04449498 0.05734795 -0.02080994 -0.04449498 0.05636996 -0.02016699 -0.04449498 0.05571198 -0.01919895 -0.04449498 0.06145596 -0.01567399 -0.04449498 0.06191295 -0.01381194 -0.04449498 0.06157398 -0.01493597 -0.05049496 0.02243 -0.01405197 -0.04989498 0.02199 -0.01364398 -0.04989498 0.02231997 -0.01340895 -0.05049496 0.02256196 -0.01395797 -0.04989498 0.02271598 -0.01332396 -0.05049496 0.02272099 -0.013924 -0.04989498 0.02791899 -0.01359796 -0.05049496 0.02748495 -0.01401197 -0.05049496 0.02735096 -0.01391994 -0.04989498 0.02758496 -0.01336795 -0.05049496 0.02719295 -0.01388895 -0.04989498 0.027188 -0.01328897 -0.04449498 0.02813094 -0.01393496 -0.04449498 0.02852398 -0.01513195 -0.05049496 0.01467198 -0.01598495 -0.05049496 0.01464897 -0.01582497 -0.04989498 0.01514595 -0.01529699 -0.05049496 0.01460599 -0.01561498 -0.05049496 0.01449799 -0.01519995 -0.04989498 0.01478999 -0.01417899 -0.05049496 0.01437097 -0.01479494 -0.05049496 0.01422697 -0.01438695 -0.04449498 0.06320697 -0.01320695 -0.04449498 0.06281697 -0.01314395 -0.04449498 0.062433 -0.01323795 -0.04449498 0.06211596 -0.01347297 -0.05040198 0.06327795 -0.01379096 -0.04989498 0.06376397 -0.013484 -0.04989498 0.06425195 -0.01387 -0.05005997 0.06396496 -0.01383495 -0.05022698 0.06367599 -0.01382398 -0.05022698 0.06373798 -0.02178996 -0.05049496 0.06273895 -0.02193796 -0.05043596 0.06322097 -0.02183997 -0.05027198 0.06365495 -0.02179098 -0.05011099 0.06393897 -0.021788 -0.049995 0.06413996 -0.02177399 -0.049995 0.063353 -0.02226299 -0.049995 0.06324398 -0.02230697 -0.049995 0.06220597 -0.02250099 -0.05049496 0.06220197 -0.02200096 -0.049995 0.01463198 -0.02287095 -0.05049496 0.01462799 -0.02237099 -0.05049496 0.01409 -0.02231699 -0.05049496 0.01402699 -0.01416599 -0.05049496 0.01415598 -0.014265 -0.04449498 0.01527595 -0.01603394 -0.04449498 0.01529395 -0.01836597 -0.04449498 0.02129399 -0.01831895 -0.04449498 0.02107399 -0.01946896 -0.04449498 0.02043199 -0.02044695 -0.04449498 0.019463 -0.02110499 -0.04449498 0.01831698 -0.02134197 -0.04449498 0.01716697 -0.02112299 -0.04449498 0.01618897 -0.02047997 -0.04449498 0.015531 -0.01951199 -0.04449498 0.02127599 -0.01598697 -0.04449498 0.02178299 -0.01398396 -0.04449498 0.02140796 -0.01518797 -0.04449498 0.02758496 -0.01336795 -0.04449498 0.027188 -0.01328897 -0.04449498 0.03610897 -0.01321899 -0.04449498 0.03571295 -0.01330494 -0.04449498 0.03538298 -0.01353996 -0.04449498 0.02791899 -0.01359796 -0.04449498 0.04130899 -0.01348996 -0.04449498 0.040977 -0.01326298 -0.04449498 0.04058098 -0.01318496 -0.04449498 0.04950296 -0.01311498 -0.04449498 0.04910898 -0.01319897 -0.04449498 0.04877996 -0.01343196 -0.04449498 0.05470198 -0.01338595 -0.04449498 0.05436998 -0.01315796 -0.04449498 0.05397498 -0.01308 -0.04449498 0.06213295 -0.01301699 -0.04449498 0.02271598 -0.01332396 -0.04449498 0.02232199 -0.01340794 -0.04449498 0.02199298 -0.01364099 -0.04989498 0.01461195 -0.01387596 -0.05048197 0.01380598 -0.01411497 -0.05046695 0.013695 -0.01412695 -0.04989498 0.01348596 -0.01359397 -0.04989498 0.01426094 -0.01361298 -0.04989498 0.01383095 -0.01352494 -0.04449498 0.01514595 -0.01529699 -0.04449498 0.01478999 -0.01417899 -0.04299497 0.06211698 -0.01100099 -0.04249495 0.06211298 -0.01050096 -0.04249495 0.06326299 -0.01071995 -0.04299497 0.063075 -0.01118397 -0.04249495 0.06424099 -0.01136296 -0.04299497 0.06388998 -0.01171898 -0.04249495 0.06489896 -0.01233094 -0.04299497 0.06443798 -0.01252597 -0.04249495 0.06513595 -0.01347798 -0.04299497 0.06463599 -0.01348096 -0.04299497 0.01454299 -0.01137095 -0.04249495 0.014539 -0.01087099 -0.04049497 0.06513595 -0.01347798 -0.04049497 0.06489896 -0.01233094 -0.04049497 0.06424099 -0.01136296 -0.04049497 0.06326299 -0.01071995 -0.04049497 0.06211298 -0.01050096 -0.04299497 0.06464296 -0.01433897 -0.042723 0.06491798 -0.01484698 -0.04255199 0.06509399 -0.01540899 -0.04249495 0.06515598 -0.01599299 -0.04938197 0.06515598 -0.01599299 -0.04939299 0.06513398 -0.01565295 -0.04951494 0.06491798 -0.01484495 -0.04955697 0.06484198 -0.01468199 -0.04299497 0.06426095 -0.013879 -0.04299497 0.06328195 -0.01323598 -0.04299497 0.06213295 -0.01301699 -0.04938197 0.06518298 -0.01947695 -0.04951399 0.06496298 -0.02062696 -0.04988998 0.06432098 -0.02160596 -0.04049497 0.06518298 -0.01947695 -0.04049497 0.06497097 -0.02060794 -0.04049497 0.06433099 -0.021595 -0.04049497 0.06432098 -0.02160596 -0.04049497 0.06335896 -0.02226096 -0.04049497 0.06220597 -0.02250099 -0.038495 0.06467097 -0.01799696 -0.03899496 0.065171 -0.01799297 -0.038495 0.06465595 -0.01599699 -0.03899496 0.06515598 -0.01599299 -0.04049497 0.065171 -0.01799297 -0.04043698 0.06511795 -0.018579 -0.04026597 0.06495195 -0.01914298 -0.040102 0.06479001 -0.01947999 -0.038495 0.06219094 -0.02051699 -0.03899496 0.062195 -0.02101695 -0.03899496 0.06334096 -0.02077895 -0.038495 0.06314599 -0.02031898 -0.03899496 0.064309 -0.02012097 -0.038495 0.06395298 -0.01977097 -0.03899496 0.06495195 -0.01914298 -0.038495 0.06448799 -0.01895499 -0.03999495 0.06220197 -0.02200096 -0.040048 0.064736 -0.01957398 -0.03999495 0.06316298 -0.02180099 -0.03999495 0.063973 -0.02124595 -0.03999495 0.064507 -0.02042299 -0.03999495 0.06467795 -0.01966595 -0.03999495 0.01462799 -0.02237099 -0.04049497 0.01463198 -0.02287095 -0.049995 0.013592 -0.02269297 -0.05049097 0.01396095 -0.02228999 -0.05046498 0.01374596 -0.02224898 -0.049995 0.01268696 -0.02217495 -0.05011099 0.01288795 -0.02218598 -0.049995 0.01348197 -0.02265197 -0.05022698 0.013089 -0.02218496 -0.05040299 0.01348996 -0.02220898 -0.05022698 0.01302695 -0.01421898 -0.05033099 0.01323497 -0.01420599 -0.04449498 0.01458197 -0.01384299 -0.04449498 0.01426094 -0.01361298 -0.04449498 0.01455795 -0.01338696 -0.04449498 0.01387596 -0.01352494 -0.04449498 0.01348596 -0.01359397 -0.04299497 0.01455795 -0.01338696 -0.04989498 0.01293396 -0.01387995 -0.05005997 0.01273798 -0.01423299 -0.04989498 0.01245194 -0.014274 -0.04989498 0.01341199 -0.01362395 -0.04299497 0.01244395 -0.01428198 -0.04299497 0.01206898 -0.01474797 -0.04299497 0.01206195 -0.01389098 -0.04299497 0.01358699 -0.01156896 -0.04299497 0.01341199 -0.01362395 -0.04299497 0.01278096 -0.01211696 -0.04299497 0.01224499 -0.012932 -0.04249495 0.01156198 -0.01389497 -0.04249495 0.01178199 -0.01274496 -0.04249495 0.01242399 -0.01176595 -0.04249495 0.01339197 -0.01110899 -0.04049497 0.014539 -0.01087099 -0.03999495 0.01454299 -0.01137095 -0.03999495 0.06211698 -0.01100099 -0.03999495 0.06463599 -0.01348096 -0.03999495 0.06443798 -0.01252597 -0.03999495 0.06388998 -0.01171898 -0.03999495 0.063075 -0.01118397 -0.04049497 0.01339197 -0.01110899 -0.03999495 0.01358699 -0.01156896 -0.04049497 0.01242399 -0.01176595 -0.03999495 0.01278096 -0.01211696 -0.04049497 0.01178199 -0.01274496 -0.03999495 0.01224499 -0.012932 -0.04049497 0.01156198 -0.01389497 -0.03999495 0.01206195 -0.01389098 -0.04043698 0.06509399 -0.01540899 -0.04049497 0.06515598 -0.01599299 -0.03999495 0.06464296 -0.01433897 -0.04026597 0.06491798 -0.01484698 -0.03899496 0.06491798 -0.01484698 -0.038495 0.06445795 -0.01504194 -0.03899496 0.06426095 -0.013879 -0.038495 0.06391 -0.01423496 -0.03899496 0.06328195 -0.01323598 -0.038495 0.06309497 -0.01369994 -0.03899496 0.06213295 -0.01301699 -0.038495 0.06213599 -0.01351696 -0.04474598 0.01408898 -0.01739096 -0.04399496 0.01533895 -0.01738095 -0.04399496 0.01520997 -0.016837 -0.04399496 0.01516699 -0.01675695 -0.04399496 0.01485598 -0.01640295 -0.04399496 0.01470595 -0.01630395 -0.04399496 0.01434797 -0.01616799 -0.04399496 0.01407998 -0.01614099 -0.04399496 0.01378899 -0.01617795 -0.04399496 0.01345598 -0.01631295 -0.04399496 0.01328897 -0.01642996 -0.04399496 0.01295095 -0.01687598 -0.04399496 0.01283895 -0.01740097 -0.04399496 0.01300197 -0.01677399 -0.04399496 0.01296699 -0.01794195 -0.04399496 0.01382094 -0.01861196 -0.04399496 0.01437699 -0.01860696 -0.04399496 0.013318 -0.01837396 -0.04399496 0.01521998 -0.01792395 -0.04399496 0.01487594 -0.01836198 -0.038495 0.02653896 -0.02067697 -0.038495 0.02648198 -0.02079498 -0.038495 0.02661198 -0.02029395 -0.038495 0.02656596 -0.01429396 -0.038495 0.02642798 -0.01379495 -0.03899496 0.02561998 -0.02130097 -0.038975 0.02581495 -0.021281 -0.03891897 0.02600198 -0.02122199 -0.03870195 0.02632498 -0.02100294 -0.03999495 0.064309 -0.02012097 -0.03999495 0.06334096 -0.02077895 -0.03999495 0.062195 -0.02101695 -0.03999495 0.012492 -0.02052497 -0.03999495 0.01211696 -0.02007496 -0.03999495 0.01230698 -0.02084594 -0.03999495 0.01462095 -0.02138698 -0.03999495 0.01347094 -0.02116698 -0.03999495 0.01285499 -0.02165198 -0.03999495 0.01366996 -0.02218794 -0.040102 0.01200199 -0.01989096 -0.04049497 0.01160895 -0.019894 -0.040048 0.01205796 -0.01998394 -0.04049497 0.01184594 -0.02104097 -0.04049497 0.01250398 -0.02200895 -0.04049497 0.01348197 -0.02265197 -0.04026198 0.01183897 -0.01956599 -0.04043698 0.01165896 -0.01899498 -0.04049497 0.01159697 -0.01840996 -0.04989099 0.01250696 -0.02201199 -0.04938197 0.01160895 -0.019894 -0.04941195 0.01166498 -0.02045094 -0.04951494 0.01184797 -0.02104496 -0.04961997 0.01203197 -0.02140694 -0.04988998 0.01244395 -0.01428198 -0.04951399 0.011801 -0.01526099 -0.04938197 0.01158195 -0.01640999 -0.04272699 0.01180499 -0.01525199 -0.04262298 0.01170396 -0.01554 -0.04249495 0.01158195 -0.01640999 -0.03999495 0.01206898 -0.01474797 -0.04026597 0.011801 -0.01526099 -0.04043698 0.01163494 -0.01582497 -0.04049497 0.01158195 -0.01640999 -0.03799498 0.02185297 -0.01362299 -0.03799498 0.01642799 -0.01387298 -0.03799498 0.02163898 -0.01394897 -0.03799498 0.01656597 -0.01437199 -0.03799498 0.02156597 -0.01433295 -0.03799498 0.015558 -0.01337897 -0.03799498 0.01605898 -0.01350897 -0.03799498 0.02255797 -0.01332497 -0.03799498 0.02217596 -0.01340395 -0.03799498 0.01659697 -0.01837098 -0.03799498 0.01667594 -0.01875299 -0.03799498 0.01689594 -0.01907598 -0.03799498 0.01722198 -0.01928997 -0.03799498 0.01760494 -0.01936399 -0.03799498 0.02159696 -0.018332 -0.03799498 0.02130997 -0.01904195 -0.03799498 0.02152395 -0.01871597 -0.03799498 0.02098697 -0.019261 -0.03799498 0.02060496 -0.01933997 -0.03999495 0.06426095 -0.013879 -0.03999495 0.01455795 -0.01338696 -0.03999495 0.06213295 -0.01301699 -0.03999495 0.01341199 -0.01362395 -0.03999495 0.01244395 -0.01428198 -0.03999495 0.06328195 -0.01323598 -0.03886097 0.02605897 -0.01343196 -0.03896099 0.02581697 -0.01333397 -0.03899496 0.02555799 -0.01330196 -0.03676998 0.01533895 -0.01738095 -0.03676998 0.01516699 -0.01675695 -0.03676998 0.01470595 -0.01630395 -0.03676998 0.01407998 -0.01614099 -0.03676998 0.01345598 -0.01631295 -0.03676998 0.01300197 -0.01677399 -0.03676998 0.01283895 -0.01740097 -0.03676998 0.01296895 -0.01794499 -0.03676998 0.01332294 -0.01837795 -0.03676998 0.01383095 -0.01861399 -0.03676998 0.01438999 -0.01860398 -0.03676998 0.014889 -0.01835095 -0.03676998 0.01522797 -0.01790595 -0.03679496 0.015558 -0.01337897 -0.03679496 0.01605898 -0.01350897 -0.03679496 0.01642799 -0.01387298 -0.03679496 0.01656597 -0.01437199 -0.03679496 0.01659697 -0.01837098 -0.03679496 0.01667296 -0.01874697 -0.03679496 0.01689195 -0.01907294 -0.03679496 0.01721894 -0.01928997 -0.03679496 0.01760494 -0.01936399 -0.03679496 0.02060496 -0.01933997 -0.03679496 0.02159696 -0.018332 -0.03679496 0.02152395 -0.01871597 -0.03679496 0.02130997 -0.01904195 -0.03679496 0.02098697 -0.019261 -0.03679496 0.02156597 -0.01433295 -0.03679496 0.02255797 -0.01332497 -0.03679496 0.02217596 -0.01340395 -0.03679496 0.02185297 -0.01362299 -0.03679496 0.02163898 -0.01394897 -0.03679496 0.02555799 -0.01330196 -0.03679496 0.02594095 -0.01337498 -0.03679496 0.02605897 -0.01343196 -0.03679496 0.02626699 -0.01358896 -0.03679496 0.02656596 -0.01429396 -0.03679496 0.02648699 -0.01391196 -0.03679496 0.02642798 -0.01379495 -0.03679496 0.02661198 -0.02029395 -0.03679496 0.02653896 -0.02067697 -0.03679496 0.02632498 -0.02100294 -0.03679496 0.02600198 -0.02122199 -0.03679496 0.02561998 -0.02130097 -0.03679496 0.01462095 -0.02138698 -0.03679496 0.012492 -0.02052497 -0.03679496 0.01347094 -0.02116698 -0.03679496 0.01183497 -0.01955699 -0.03679496 0.01159697 -0.01840996 -0.03679496 0.01158195 -0.01640999 -0.03679496 0.011801 -0.01526099 -0.03679496 0.01244395 -0.01428198 -0.03679496 0.01341199 -0.01362395 -0.03679496 0.01455795 -0.01338696 -0.04474598 0.02408897 -0.017313 -0.04399496 0.02283895 -0.01732295 -0.04399496 0.02296894 -0.01786696 -0.04399496 0.02382999 -0.01853597 -0.04399496 0.02438998 -0.01852595 -0.04399496 0.02332299 -0.01830095 -0.04399496 0.02522796 -0.01782798 -0.04399496 0.02533894 -0.01730298 -0.04399496 0.02488899 -0.01827394 -0.03649497 0.01561397 -0.01737898 -0.03649497 0.01540398 -0.01661795 -0.03649497 0.01484197 -0.01606398 -0.03649497 0.01407796 -0.01586598 -0.03649497 0.01331698 -0.01607596 -0.03649497 0.01276296 -0.01663899 -0.03649497 0.012564 -0.01740294 -0.03649497 0.01272195 -0.018067 -0.03649497 0.01315397 -0.01859599 -0.03649497 0.01377397 -0.01888298 -0.03649497 0.01445597 -0.01887094 -0.03649497 0.01506495 -0.01856297 -0.03649497 0.01547896 -0.01801896 -0.03649497 0.01626598 -0.01437395 -0.03649497 0.01616895 -0.01402497 -0.03649497 0.01591098 -0.01376998 -0.03649497 0.01556098 -0.01367896 -0.03649497 0.01629698 -0.01837396 -0.03649497 0.01639598 -0.01886194 -0.03649497 0.01668095 -0.01928597 -0.03649497 0.01710599 -0.01956695 -0.03649497 0.01760697 -0.01966398 -0.03649497 0.02060699 -0.01963996 -0.03649497 0.02110397 -0.01953697 -0.03649497 0.02152299 -0.019252 -0.03649497 0.02180194 -0.01882797 -0.03649497 0.02189695 -0.01832997 -0.03649497 0.02186596 -0.01432996 -0.03649497 0.02256 -0.01362496 -0.03649497 0.02229297 -0.01367998 -0.03649497 0.02206695 -0.01383399 -0.03649497 0.02191698 -0.01406198 -0.03649497 0.02555996 -0.01360195 -0.03649497 0.02626597 -0.01429599 -0.03649497 0.02620995 -0.01402896 -0.03649497 0.026057 -0.01380294 -0.03649497 0.02582895 -0.01365298 -0.03649497 0.02631199 -0.02029597 -0.03649497 0.02561795 -0.02100098 -0.03649497 0.02588498 -0.02094596 -0.03649497 0.02611094 -0.02079194 -0.03649497 0.02626097 -0.02056396 -0.03649497 0.01461797 -0.02108699 -0.03649497 0.01189696 -0.018408 -0.03649497 0.01211094 -0.01943999 -0.03649497 0.012703 -0.02031099 -0.03649497 0.013583 -0.02088898 -0.03649497 0.01188194 -0.01640796 -0.03649497 0.01456099 -0.01368695 -0.03649497 0.013529 -0.01390099 -0.03649497 0.01265799 -0.01449298 -0.03649497 0.012079 -0.01537299 -0.03676998 0.02283895 -0.01732295 -0.03676998 0.02296894 -0.01786696 -0.03676998 0.02332299 -0.01830095 -0.03676998 0.02382999 -0.01853597 -0.03676998 0.02438998 -0.01852595 -0.03676998 0.02488899 -0.01827394 -0.03676998 0.02522796 -0.01782798 -0.03676998 0.02533894 -0.01730298 -0.04399496 0.02520996 -0.01675897 -0.04399496 0.02516698 -0.01668 -0.04399496 0.02485597 -0.01632595 -0.04399496 0.024706 -0.01622599 -0.04399496 0.02434796 -0.01608997 -0.04399496 0.02407896 -0.01606297 -0.04399496 0.02378797 -0.01609998 -0.04399496 0.02345597 -0.01623499 -0.04399496 0.02328896 -0.01635295 -0.04399496 0.02294999 -0.01679795 -0.04399496 0.02300196 -0.01669698 -0.03649497 0.02484095 -0.01598596 -0.03649497 0.02407699 -0.01578795 -0.03649497 0.02331596 -0.015998 -0.03649497 0.02256399 -0.01732498 -0.03649497 0.02276295 -0.01656097 -0.03649497 0.02540397 -0.01653999 -0.03649497 0.02561396 -0.01730096 -0.03649497 0.02547895 -0.01794195 -0.03649497 0.025065 -0.01848495 -0.03649497 0.02445596 -0.01879298 -0.03649497 0.02315396 -0.01851797 -0.03649497 0.022722 -0.01798897 -0.03649497 0.02377295 -0.01880496 -0.03676998 0.02516698 -0.01668 -0.03676998 0.024706 -0.01622599 -0.03676998 0.02407896 -0.01606297 -0.03676998 0.02345597 -0.01623499 -0.03676998 0.02300196 -0.01669698 -0.03369498 0.02260798 -0.01804095 -0.03369498 0.022439 -0.01732599 -0.03369498 0.02259695 -0.01660895 -0.03369498 0.02373397 -0.01892495 -0.03369498 0.02306997 -0.01861095 -0.03369498 0.02446895 -0.01891899 -0.03369498 0.02510797 -0.01601499 -0.03369498 0.02556997 -0.016586 -0.03369498 0.02444398 -0.01570194 -0.03369498 0.02573895 -0.01729995 -0.03369498 0.02370899 -0.01570695 -0.03369498 0.02304995 -0.01603096 -0.03369498 0.025581 -0.01801699 -0.03369498 0.02512794 -0.01859498 -0.03649497 0.02573895 -0.01729995 -0.03649497 0.025581 -0.01801699 -0.03649497 0.02512794 -0.01859498 -0.03649497 0.02446895 -0.01891899 -0.03649497 0.02373397 -0.01892495 -0.03649497 0.02306997 -0.01861095 -0.03649497 0.02260798 -0.01804095 -0.03649497 0.022439 -0.01732599 -0.03649497 0.02259695 -0.01660895 -0.03649497 0.02304995 -0.01603096 -0.03649497 0.02370899 -0.01570695 -0.03649497 0.02444398 -0.01570194 -0.03649497 0.02510797 -0.01601499 -0.03649497 0.02556997 -0.016586 -0.03649497 0.02156198 -0.01383298 -0.03649497 0.02606195 -0.01379799 -0.03649497 0.02663695 -0.01390695 -0.03649497 0.01261699 -0.02090197 -0.03649497 0.01145094 -0.02075797 -0.03649497 0.013071 -0.01868897 -0.03649497 0.01036196 -0.02031695 -0.03649497 0.01260799 -0.01811796 -0.03649497 0.01510798 -0.01609295 -0.03649497 0.01659899 -0.01367998 -0.03649497 0.01556998 -0.01666295 -0.03649497 0.01656198 -0.01387196 -0.03649497 0.01573896 -0.01737797 -0.03649497 0.01659297 -0.01787096 -0.03649497 0.01558196 -0.01809495 -0.03649497 0.01671195 -0.01844495 -0.03649497 0.01512795 -0.018673 -0.03649497 0.02159297 -0.01783299 -0.03649497 0.021483 -0.01840698 -0.03649497 0.02116197 -0.01889699 -0.03649497 0.00792998 0.00306195 -0.03649497 0.01292997 0.003100991 -0.03649497 0.01302099 -0.008570969 -0.03649497 0.01691496 -0.01339 -0.03649497 0.01686698 -0.01340699 -0.03649497 0.016617 -0.01313894 -0.03649497 0.01670598 -0.01351696 -0.03649497 0.013767 -0.010333 -0.03649497 0.009424984 -0.01960897 -0.03649497 0.00870198 -0.01868295 -0.03649497 0.01243895 -0.01740396 -0.03649497 0.008243978 -0.01760095 -0.03649497 0.01259696 -0.01668697 -0.03649497 0.008081972 -0.01643794 -0.03649497 0.01305097 -0.01610898 -0.03649497 0.01370996 -0.01578497 -0.03649497 0.01444399 -0.01577895 -0.03649497 0.01321798 -0.009525954 -0.03649497 0.02712595 -0.01422899 -0.03649497 0.02745497 -0.01471298 -0.03649497 0.02757298 -0.01528596 -0.03649497 0.02760499 -0.01928597 -0.03649497 0.02749496 -0.01986098 -0.03649497 0.020105 -0.01934397 -0.03649497 0.02611595 -0.02079695 -0.03649497 0.02067798 -0.019225 -0.03649497 0.01373499 -0.01900196 -0.03649497 0.01446896 -0.01899695 -0.03649497 0.02668899 -0.02067899 -0.03649497 0.02717298 -0.02034997 -0.03649497 0.01704096 -0.018929 -0.03649497 0.01752996 -0.01924997 -0.03649497 0.01810497 -0.01936 -0.03369498 0.01573896 -0.01737797 -0.03369498 0.01558196 -0.01809495 -0.03369498 0.01512795 -0.018673 -0.03369498 0.01446896 -0.01899695 -0.03369498 0.01373499 -0.01900196 -0.03369498 0.013071 -0.01868897 -0.03369498 0.01260799 -0.01811796 -0.03369498 0.01243895 -0.01740396 -0.03369498 0.01259696 -0.01668697 -0.03369498 0.01305097 -0.01610898 -0.03369498 0.01370996 -0.01578497 -0.03369498 0.01444399 -0.01577895 -0.03369498 0.01510798 -0.01609295 -0.03369498 0.01556998 -0.01666295 -0.03599494 0.014117 -0.009975969 -0.03599494 0.01367896 -0.009330987 -0.03599494 0.01352095 -0.008566975 -0.03599494 0.01262098 -0.021402 -0.03599494 0.02611994 -0.02129697 -0.03599494 0.02810496 -0.01928198 -0.03599494 0.02795797 -0.02004796 -0.03599494 0.02752995 -0.02070099 -0.03599494 0.02688395 -0.02113896 -0.03599494 0.02807295 -0.01528197 -0.03599494 0.02605795 -0.01329797 -0.03599494 0.02682399 -0.01344394 -0.03599494 0.02747696 -0.01387196 -0.03599494 0.027915 -0.01451796 -0.03624498 0.02149295 -0.013583 -0.036062 0.02130895 -0.01340198 -0.03601199 0.02118796 -0.01335299 -0.03599494 0.02105796 -0.01333695 -0.03759497 0.02156198 -0.01383298 -0.03759497 0.02159297 -0.01783299 -0.03759497 0.021483 -0.01840698 -0.03759497 0.02116197 -0.01889699 -0.03759497 0.02067798 -0.019225 -0.03759497 0.020105 -0.01934397 -0.03759497 0.01810497 -0.01936 -0.03759497 0.01659297 -0.01787096 -0.03759497 0.01671195 -0.01844495 -0.03759497 0.01704096 -0.018929 -0.03759497 0.01752996 -0.01924997 -0.03759497 0.01656198 -0.01387196 -0.03759497 0.01705795 -0.01336795 -0.03644198 0.01698398 -0.01337397 -0.03639596 0.01705795 -0.01336795 -0.03759497 0.01686698 -0.01340699 -0.03759497 0.01670598 -0.01351696 -0.03759497 0.01659899 -0.01367998 -0.03644198 0.01698398 -0.01337397 -0.03599494 0.01696795 -0.01278299 -0.03599494 0.01736396 -0.01308596 -0.03614497 0.01759696 -0.013363 -0.03599494 0.01761996 -0.01321095 -0.03599494 0.01789999 -0.01330095 -0.03602397 0.01804596 -0.01335996 -0.03599494 0.01838696 -0.01335698 -0.03599494 0.011325 -0.02124196 -0.03599494 0.01011496 -0.02075195 -0.03599494 0.009073972 -0.019966 -0.03599494 0.008270978 -0.01893597 -0.03599494 0.007761955 -0.01773399 -0.03599494 0.007581949 -0.016442 -0.03449499 0.007913947 0.005061984 -0.03449499 0.012914 0.005100965 -0.03525996 0.01291596 0.00494796 -0.03525996 0.007915973 0.004908978 -0.03590899 0.01291894 0.004514992 -0.03590899 0.007918953 0.004475951 -0.03634196 0.01292395 0.003865957 -0.03634196 0.00792396 0.003826975 -0.03599494 0.01342999 0.003104984 -0.03599494 0.007429957 0.003057956 -0.03099495 0.014117 -0.009975969 -0.03099495 0.01367896 -0.009330987 -0.03099495 0.01352095 -0.008566975 -0.03099495 0.02611994 -0.02129697 -0.03099495 0.01262098 -0.021402 -0.03099495 0.02688395 -0.02113896 -0.03099495 0.02752995 -0.02070099 -0.03099495 0.02795797 -0.02004796 -0.03099495 0.02810496 -0.01928198 -0.03099495 0.02807295 -0.01528197 -0.03099495 0.02792096 -0.01453095 -0.03099495 0.02748298 -0.013879 -0.03099495 0.026829 -0.01344597 -0.03099495 0.02605795 -0.01329797 -0.03099495 0.01838696 -0.01335698 -0.03759497 0.02105796 -0.01333695 -0.03759497 0.02152198 -0.01364195 -0.03759497 0.02149295 -0.013583 -0.03759497 0.02124994 -0.01337295 -0.03759497 0.02130895 -0.01340198 -0.03759497 0.02141296 -0.01347994 -0.03789496 0.02126199 -0.01383495 -0.03789496 0.02129298 -0.01783496 -0.03789496 0.02120494 -0.01829499 -0.03789496 0.02094799 -0.01868599 -0.03789496 0.02056097 -0.01894897 -0.03789496 0.02010196 -0.01904398 -0.03789496 0.018103 -0.01905995 -0.03789496 0.01764297 -0.01897197 -0.03789496 0.01725095 -0.01871496 -0.03789496 0.01698797 -0.01832795 -0.03789496 0.01689296 -0.01786899 -0.03789496 0.01686197 -0.01386898 -0.03789496 0.01687699 -0.01379299 -0.03789496 0.01691997 -0.01372694 -0.03789496 0.01698398 -0.01368296 -0.03789496 0.01706099 -0.013668 -0.03099495 0.01696795 -0.01278299 -0.03099495 0.01761996 -0.01321095 -0.03099495 0.007581949 -0.016442 -0.03099495 0.007761955 -0.01773399 -0.03099495 0.008270978 -0.01893597 -0.03099495 0.009073972 -0.019966 -0.03099495 0.01011496 -0.02075195 -0.03099495 0.011325 -0.02124196 -0.01749497 0.012914 0.005100965 -0.01749497 0.007913947 0.005061984 -0.03587996 0.01342499 0.003678977 -0.035555 0.01342195 0.004164993 -0.03506898 0.01341897 0.004489958 -0.03449499 0.01341795 0.004604995 -0.03449499 0.007417976 0.004557967 -0.03506898 0.00741899 0.004443943 -0.035555 0.00742197 0.004118978 -0.03587996 0.007425963 0.003631949 -0.03237599 0.007458984 -6.9e-4 -0.03202795 0.007832944 -5.49e-4 -0.03251999 0.007452964 5.8e-5 -0.03214496 0.007827997 6.1e-5 -0.02861297 0.007458984 -6.9e-4 -0.02846997 0.007452964 5.8e-5 -0.02884495 0.007827997 6.1e-5 -0.028961 0.007832944 -5.49e-4 -0.02900797 0.007833957 -6.55e-4 -0.02904897 0.007463991 -0.001359999 -0.02931696 0.007836997 -0.001094996 -0.02946597 0.007837951 -0.001228988 -0.02971094 0.007467985 -0.001808941 -0.02985596 0.007839977 -0.001459956 -0.03012698 0.007840991 -0.001547992 -0.03049498 0.007468998 -0.001966953 -0.03049498 0.007840991 -0.001589 -0.03127795 0.007467985 -0.001808941 -0.03086197 0.007840991 -0.001547992 -0.03113299 0.007839977 -0.001459956 -0.03193998 0.007463991 -0.001359999 -0.03152298 0.007837951 -0.001228988 -0.031672 0.007836997 -0.001094996 -0.03198099 0.007833957 -6.55e-4 -0.03099495 0.007507979 -0.006941974 -0.03080397 0.007499992 -0.005984961 -0.01691699 0.007487952 -0.004325985 -0.01904898 0.007463991 -0.001359999 -0.01971095 0.007467985 -0.001808941 -0.01749497 0.007487952 -0.004441976 -0.02049499 0.007468998 -0.001966953 -0.02849495 0.007487952 -0.004441976 -0.02192699 0.007441997 0.001489996 -0.02126997 0.007438957 0.001928985 -0.03587996 0.007425963 0.003631949 -0.03236496 0.007446944 8.33e-4 -0.03192698 0.007441997 0.001489996 -0.03126996 0.007438957 0.001928985 -0.01749497 0.007417976 0.004557967 -0.02945095 0.007489979 -0.004631996 -0.03026199 0.007493972 -0.005173981 -0.02049499 0.007437944 0.002082943 -0.01971995 0.007438957 0.001928985 -0.01692098 0.00741899 0.004443943 -0.01906299 0.007441997 0.001489996 -0.01642894 0.007484972 -0.003997981 -0.01610499 0.007480978 -0.003505945 -0.01861298 0.007458984 -6.9e-4 -0.01599496 0.007476985 -0.002941966 -0.01846998 0.007452964 5.8e-5 -0.01599496 0.007429957 0.003057956 -0.01862394 0.007446944 8.33e-4 -0.01610898 0.007425963 0.003631949 -0.01643395 0.00742197 0.004118978 -0.03049498 0.007437944 0.002082943 -0.02971994 0.007438957 0.001928985 -0.02906298 0.007441997 0.001489996 -0.02236497 0.007446944 8.33e-4 -0.02862399 0.007446944 8.33e-4 -0.02252 0.007452964 5.8e-5 -0.022376 0.007458984 -6.9e-4 -0.02193999 0.007463991 -0.001359999 -0.02127796 0.007467985 -0.001808941 -0.03049498 0.01302099 -0.008570969 -0.03049498 0.01321798 -0.009525954 -0.03049498 0.013767 -0.010333 -0.03049498 0.02611595 -0.02079695 -0.03049498 0.01261699 -0.02090197 -0.03049498 0.02668899 -0.02067899 -0.03049498 0.02717298 -0.02034997 -0.03049498 0.02749496 -0.01986098 -0.03049498 0.02760499 -0.01928597 -0.03049498 0.02757298 -0.01528596 -0.03049498 0.02745896 -0.014723 -0.03049498 0.02713096 -0.01423394 -0.03049498 0.02663999 -0.01390898 -0.03049498 0.02606195 -0.01379799 -0.03789496 0.02105998 -0.01363694 -0.03049498 0.01838999 -0.01385694 -0.03789496 0.02113699 -0.01365095 -0.03789496 0.02120196 -0.01369398 -0.03789496 0.02124595 -0.01375895 -0.03049498 0.016617 -0.01313894 -0.03049498 0.01743197 -0.01367396 -0.03049498 0.008081972 -0.01643794 -0.03049498 0.008243978 -0.01760095 -0.03049498 0.00870198 -0.01868295 -0.03049498 0.009424984 -0.01960897 -0.03049498 0.01036196 -0.02031695 -0.03049498 0.01145094 -0.02075797 -0.015495 0.00792998 0.00306195 -0.015495 0.01292997 0.003100991 -0.01564699 0.01292395 0.003865957 -0.01564699 0.00792396 0.003826975 -0.01607996 0.01291894 0.004514992 -0.01607996 0.007918953 0.004475951 -0.01672899 0.01291596 0.00494796 -0.01672899 0.007915973 0.004908978 -0.02897 0.00782299 6.92e-4 -0.02884495 0.01345294 1.05e-4 -0.02900797 0.01344799 8.21e-4 -0.02900797 0.00782299 7.77e-4 -0.02932798 0.007818996 0.001227974 -0.02946597 0.01344299 0.001394987 -0.02946597 0.007817983 0.001350998 -0.02986299 0.00781697 0.001584947 -0.03012698 0.01344096 0.001712977 -0.03012698 0.007815957 0.001668989 -0.03049498 0.007815957 0.001710951 -0.03086197 0.01344096 0.001712977 -0.03086197 0.007815957 0.001668989 -0.03112596 0.00781697 0.001584947 -0.03152298 0.01344299 0.001394987 -0.03152298 0.007817983 0.001350998 -0.03166097 0.007818996 0.001227974 -0.03198099 0.01344799 8.21e-4 -0.03214496 0.01345294 1.05e-4 -0.03201895 0.00782299 6.92e-4 -0.03198099 0.00782299 7.77e-4 -0.03198099 0.01345896 -6.11e-4 -0.03152298 0.01346296 -0.001184999 -0.03086197 0.013466 -0.001503944 -0.03012698 0.013466 -0.001503944 -0.02946597 0.01346296 -0.001184999 -0.02900797 0.01345896 -6.11e-4 -0.03099495 0.01350796 -0.006894946 -0.03049498 0.01300799 -0.006898999 -0.03034198 0.01300197 -0.006133973 -0.03080397 0.01349997 -0.005937993 -0.02990895 0.01299697 -0.005484998 -0.03026199 0.01349395 -0.005126953 -0.02925997 0.01299297 -0.005050957 -0.02945095 0.01348996 -0.004584968 -0.02849495 0.01299196 -0.004898965 -0.02849495 0.01348799 -0.004394948 -0.01749497 0.01348799 -0.004394948 -0.01749497 0.01299196 -0.004898965 -0.01599496 0.01347696 -0.002894997 -0.015495 0.012977 -0.002898991 -0.01564699 0.01298296 -0.003663957 -0.01610898 0.01348096 -0.00346899 -0.01607996 0.01298797 -0.004312992 -0.01643395 0.01348495 -0.00395596 -0.01672899 0.01299095 -0.004746973 -0.01692098 0.01348698 -0.004280984 -0.02214497 0.007827997 6.1e-5 -0.02202796 0.007832944 -5.49e-4 -0.02214497 0.01345294 1.05e-4 -0.021981 0.01345896 -6.11e-4 -0.021981 0.007833957 -6.55e-4 -0.02167195 0.007836997 -0.001094996 -0.02152299 0.01346296 -0.001184999 -0.02152299 0.007837951 -0.001228988 -0.021133 0.007839977 -0.001459956 -0.02086198 0.013466 -0.001503944 -0.02086198 0.007840991 -0.001547992 -0.02049499 0.007840991 -0.001589 -0.02012699 0.013466 -0.001503944 -0.02012699 0.007840991 -0.001547992 -0.01985597 0.007839977 -0.001459956 -0.01946598 0.01346296 -0.001184999 -0.01946598 0.007837951 -0.001228988 -0.01931697 0.007836997 -0.001094996 -0.01900798 0.01345896 -6.11e-4 -0.01884496 0.007827997 6.1e-5 -0.01884496 0.01345294 1.05e-4 -0.01896095 0.007832944 -5.49e-4 -0.01900798 0.007833957 -6.55e-4 -0.02201896 0.00782299 6.92e-4 -0.021981 0.00782299 7.77e-4 -0.02166098 0.007818996 0.001227974 -0.02152299 0.007817983 0.001350998 -0.02112597 0.00781697 0.001584947 -0.02086198 0.007815957 0.001668989 -0.02049499 0.007815957 0.001710951 -0.02012699 0.007815957 0.001668989 -0.01986294 0.00781697 0.001584947 -0.01946598 0.007817983 0.001350998 -0.01932799 0.007818996 0.001227974 -0.01896995 0.00782299 6.92e-4 -0.01900798 0.00782299 7.77e-4 -0.01900798 0.01344799 8.21e-4 -0.01946598 0.01344299 0.001394987 -0.02012699 0.01344096 0.001712977 -0.02086198 0.01344096 0.001712977 -0.02152299 0.01344299 0.001394987 -0.021981 0.01344799 8.21e-4 -0.01692098 0.01348698 -0.004280984 -0.01749497 0.01341795 0.004604995 -0.01692098 0.01341897 0.004489958 -0.01643395 0.01342195 0.004164993 -0.01610898 0.01342499 0.003678977 -0.01599496 0.01342999 0.003104984 -0.01643395 0.01348495 -0.00395596 -0.015495 0.007976949 -0.002937972 -0.01564198 0.007982969 -0.003689944 -0.016074 0.007987976 -0.004345953 -0.016725 0.007990956 -0.004783987 -0.01749497 0.007991969 -0.004937946 -0.02849495 0.007991969 -0.004937946 -0.02925997 0.007992982 -0.005089998 -0.02990895 0.007996976 -0.005523979 -0.03034198 0.008001983 -0.006172955 -0.03049498 0.008007943 -0.00693798 -0.029495 0.01325094 0.008896946 -0.02899497 0.01338499 0.00889796 -0.029495 0.01338499 0.00889796 -0.031596 -2.75e-4 0.008791983 -0.02999496 -0.00148797 0.008782982 -0.03049498 0.006384968 0.008843958 -0.02999496 0.01238495 0.008890986 -0.03049498 0.01238495 0.008890986 -0.03041899 0.01276695 0.008893966 -0.02986097 0.01288497 0.008894979 -0.03020197 0.01309198 0.008895993 -0.03499495 0.006384968 0.008843958 -0.03499495 0.003302991 0.008819997 -0.02987694 0.013309 0.00889796 -0.03454095 0.002026975 0.008809983 -0.03433799 0.001811981 0.008807957 -0.03419697 0.001694977 0.008806943 -0.03494197 0.002845942 0.008815944 -0.03478395 0.002404987 0.008812963 -0.029495 0.01340699 0.006104946 -0.02987694 0.01332998 0.006103992 -0.03020197 0.01311397 0.006101965 -0.03041899 0.01278895 0.006099998 -0.03049498 0.012407 0.006096959 -0.028907 0.01305299 0.01391899 -0.02890598 0.01304996 0.01392197 0.039505 0.012793 0.005565941 -0.02888 0.01272696 0.01413196 0.039514 0.01240998 0.005638957 -0.02888 0.01272398 0.01413297 -0.02886998 0.01234298 0.01420396 0.039478 0.01311898 0.005353987 0.03943794 0.01333898 0.005033969 -0.02894699 0.01327198 0.01359897 0.03938996 0.01341795 0.004654943 -0.02899497 0.01335096 0.01321995 -0.02617895 -0.00286895 0.01366394 -0.02689898 -0.00288397 0.01374197 -0.02703899 -0.003372967 0.01343995 -0.02685397 -0.002350986 0.01383697 -0.027408 -0.002076983 0.01390898 -0.027565 -0.002276957 0.01390498 -0.02758795 -0.002601981 0.01383095 -0.02613896 -0.003336966 0.01337999 -0.02716696 -0.003703951 0.012968 -0.02613794 -0.003674983 0.01294797 -0.02692598 -0.00385797 0.01255095 -0.026169 -0.003827989 0.01249897 -0.02738499 -0.003781974 0.01257598 -0.02726995 -0.003807961 0.01257097 -0.02724099 -0.003813982 0.01256895 -0.02835297 -0.003153979 0.01312094 -0.02849495 -0.003249943 0.01261198 -0.02802497 -0.003543972 0.01260298 -0.02774095 -0.002492964 0.01385098 -0.02808499 -0.00288695 0.01357495 -0.02789497 -0.003021955 0.01354998 -0.02813798 -0.003306984 0.01309198 -0.02624595 -0.002379953 0.01376098 0.01582598 0.002942979 0.007275998 0.03145796 0.005464971 0.005324959 0.031497 0.005745947 0.005998969 0.002851963 9.99e-4 0.009352982 0.03149199 0.005960941 0.00623399 0.002850949 0.001336991 0.009784996 0.03147399 0.006218969 0.006417989 0.002809941 0.001804947 0.01006895 0.003047943 8.82e-4 0.008866965 0.001929998 0.002162992 0.01026695 -0.01198995 -5.81e-4 0.011904 -0.011949 -0.001048982 0.01161998 -0.011949 -0.001387953 0.01118797 0.03138595 0.006917953 0.006613969 0.03417599 0.006443977 0.005471944 0.03508698 0.00692898 0.00536096 0.03496497 0.00722295 0.005807995 0.03591799 0.009098947 0.006063997 0.03451699 0.008054971 0.00623095 0.03553795 0.008153975 0.006018996 0.036228 0.008746981 0.005943953 0.03578597 0.007773995 0.005709946 0.03649997 0.00841397 0.005658984 0.03593695 0.007499992 0.005258977 0.03667199 0.008177995 0.005279958 0.03195697 0.005557954 0.005271971 0.03327494 0.00593096 0.005132973 0.03321999 0.006055951 0.005587995 0.03452497 0.006473958 0.005002975 0.03316199 0.006379961 0.006027996 0.03304195 0.00682795 0.006320953 0.03408396 0.006754994 0.005914986 0.03475695 0.00762999 0.006112992 0.03391999 0.007183969 0.006213963 0.03568696 0.007175981 0.004882991 0.03674995 0.008026957 0.004774987 0.03414499 0.007843971 0.006275951 0.03289198 0.007295966 0.006428956 0.03210896 0.007063984 0.00652498 0.03868699 0.009981989 0.004969954 0.04073899 0.01169997 0.004299998 0.03772497 0.01076298 0.005849957 0.03973996 0.01229095 0.005589962 0.03821998 0.01058399 0.005708992 0.03995698 0.01217395 0.005500972 0.03849798 0.01024496 0.005417943 0.04060995 0.01179498 0.004801988 0.04050397 0.01186197 0.005000948 0.04034197 0.01195698 0.005208969 0.03129899 0.009018957 0.006641983 0.03073799 0.009539961 0.005950987 0.02962195 0.007475972 0.00683999 0.02906197 0.007996976 0.006148993 0.029199 0.007184982 0.006889998 0.02880299 0.007818996 0.006200969 0.02849096 0.00771898 0.006263971 0.02868896 0.007022976 0.006952941 -0.008453965 0.001037955 0.01155894 -0.008650958 0.001734972 0.01086997 -0.008925974 0.00101298 0.01161795 -0.009178996 0.001742959 0.01096695 -0.00940895 0.00109595 0.01167899 -0.009667992 0.001932978 0.01105797 -0.009861946 0.002072989 0.01109498 -0.01022899 0.001534998 0.01178497 -0.012335 0.003327965 0.01206296 -0.01196795 0.003865957 0.01137197 -0.01265996 0.00367099 0.012106 -0.01230096 0.00427097 0.01143699 -0.01290994 0.004092991 0.01214098 -0.01247096 0.00474298 0.01147097 -0.01310795 0.005000948 0.01217299 -0.01249498 0.004989981 0.01147794 -0.01249498 0.005006968 0.01147794 -0.01310795 0.009258985 0.01220595 -0.01249498 0.009263992 0.01151096 -0.01139497 0.01036596 0.01129394 -0.01130795 0.01106095 0.011994 -0.01199299 0.01092398 0.012079 -0.01181399 0.01028198 0.01137995 -0.012582 0.01053094 0.01214998 -0.01217299 0.01004195 0.01145094 -0.01297098 0.009945988 0.01219397 -0.01241099 0.009683966 0.01149696 0.030487 0.01110094 0.006759941 0.03039997 0.01040697 0.006059944 0.03151798 0.009287953 0.006615996 0.03085994 0.009712994 0.005915999 0.03165298 0.009619951 0.006601989 0.03168499 0.009979963 0.006600975 0.0309 0.00990796 0.005904972 0.03160798 0.01032996 0.006612956 0.03084498 0.01013499 0.005923986 0.03143197 0.01064199 0.00663799 0.03116899 0.01088899 0.006672978 0.03049695 0.01039797 0.006029963 0.03057295 0.01037597 0.006006956 0.03070098 0.01030695 0.005967974 0.03084295 0.01104795 0.006714999 -0.03079396 -0.002374947 0.004425942 -0.03079599 -0.002377986 0.004505991 -0.03193998 -0.001520991 0.004363954 -0.03227597 -4.85e-4 0.003577947 -0.032009 -7.05e-4 0.003696978 -0.03254896 -4.05e-4 0.003444969 -0.03112995 -0.001705944 0.003980994 -0.031277 -0.001314997 0.003912985 -0.03049498 -0.001974999 0.003984987 -0.03315997 2.37e-4 0.002983987 -0.03309196 1.82e-4 0.003042995 -0.03341597 2.97e-4 0.002756953 -0.03295499 7e-5 0.003154993 -0.03248995 -3.09e-4 0.003463983 -0.03336799 4.05e-4 0.00278598 -0.03378295 5.92e-4 0.002309978 -0.03385996 8.01e-4 0.002168953 -0.03384995 4.79e-4 0.002300977 -0.03413796 7.37e-4 0.001791954 -0.03408998 8.32e-4 0.001800954 -0.03393799 3.82e-4 0.002313971 -0.03420495 6.51e-4 0.00179398 -0.03403997 3.07e-4 0.002348959 -0.03434896 5.39e-4 0.001826941 -0.034702 5.03e-4 0.001994967 -0.03458797 4.82e-4 0.001927971 -0.03425997 2.43e-4 0.002474963 -0.03439795 5.16e-4 0.001843988 -0.03480195 5.57e-4 0.002065956 -0.03477895 5.42e-4 0.002048969 -0.03456997 3.91e-4 0.002467989 -0.03444999 3.05e-4 0.002643942 -0.03061097 -0.002129971 0.004022955 -0.03063398 -0.002160966 0.004039943 -0.03124696 -0.001844942 0.004090964 -0.03164196 -0.001289963 0.003871977 -0.03177499 -0.001432955 0.003975987 -0.03214198 -8.86e-4 0.003695964 -0.03228896 -0.001034975 0.003790974 -0.03357297 9.7e-5 0.002768993 -0.03366899 2.4e-5 0.002811968 -0.03270095 -5.85e-4 0.003479957 -0.03278297 -6.54e-4 0.003534972 -0.03405499 9.58e-4 0.001829981 -0.03348696 1.9e-4 0.002749979 -0.03262197 -5.01e-4 0.003449976 -0.03151094 -0.001118957 0.003859996 -0.033867 -4.4e-5 0.002956986 -0.03366696 -2.57e-4 0.003481984 -0.03293395 -7.3e-4 0.003702998 -0.033041 -7.11e-4 0.003915965 -0.03415 2.6e-4 0.002403974 -0.03376996 -2.4e-5 0.002875983 -0.03286194 -7.04e-4 0.003610968 -0.03077697 -0.002350986 0.004305958 -0.03188097 -0.001515984 0.004150986 -0.030743 -0.002304971 0.004197955 -0.03071194 -0.002263963 0.004135966 -0.03233098 -0.001231968 0.004243969 -0.02941197 -0.002903997 0.003827989 -0.02847796 -0.003719985 0.003425955 -0.02854096 -0.003848969 0.003490984 -0.03008198 -0.002569973 0.003996968 -0.02955496 -0.003005981 0.003899991 -0.02961999 -0.003130972 0.004013955 -0.02997398 -0.002419948 0.003946959 -0.02946096 -0.002861976 0.003841996 -0.02963298 -0.003264963 0.004344999 -0.02964699 -0.003220975 0.00417 -0.02857297 -0.003969967 0.003595948 -0.02856898 -0.004063963 0.003728985 -0.02852696 -0.004121959 0.003874957 -0.03440797 3.18e-4 -0.002695977 -0.03480195 5.89e-4 -0.002055943 -0.03480195 6.88e-4 -0.004038989 -0.03281396 -8.14e-4 -0.004049956 -0.03339499 -3.96e-4 -0.003696978 -0.03395897 4e-6 -0.003217995 -0.03517997 8.84e-4 0.001269996 -0.03412699 0.001017987 0.001682996 -0.03431397 0.001203954 0.001198947 -0.03423899 0.001123964 0.001415967 -0.03440696 0.001134991 9.43e-4 -0.03447699 0.001019954 -9.09e-4 -0.03413796 7.65e-4 -0.00177896 -0.03408998 8.6e-4 -0.00178796 -0.03458195 9.14e-4 -9.08e-4 -0.034711 8.42e-4 -9.21e-4 -0.03420597 6.78e-4 -0.001782953 -0.03434997 5.68e-4 -0.001817941 -0.03477996 5.73e-4 -0.002038955 -0.034702 5.34e-4 -0.001985967 -0.03512799 8.72e-4 -0.001031994 -0.03458797 5.11e-4 -0.001919984 -0.03499597 8.2e-4 -9.86e-4 -0.03506898 8e-4 -0.001538991 -0.03530699 0.001037955 -8.05e-4 -0.03524297 9.81e-4 5.35e-4 -0.03535997 0.001090943 5.21e-4 -0.03539198 0.001135945 -1.4e-4 -0.03512799 8.56e-4 0.001045942 -0.03458195 9e-4 9.22e-4 -0.034711 8.28e-4 9.35e-4 -0.03483694 9.65e-4 8e-6 -0.03439897 5.45e-4 -0.001834988 -0.03485298 8.09e-4 -9.48e-4 -0.03480499 9.33e-4 -4.57e-4 -0.03469896 0.001035988 8e-6 -0.03458899 0.001146972 9e-6 -0.03447699 0.001005947 9.25e-4 -0.03405594 9.86e-4 -0.001813948 -0.03415298 0.001065969 -0.001609981 -0.03440696 0.001149952 -9.25e-4 -0.03451895 0.001284956 10e-6 -0.03423899 0.001144945 -0.001397967 -0.03437697 0.001292943 -9.54e-4 -0.034464 0.001399993 -4.81e-4 -0.03449499 0.001438975 1.1e-5 -0.03528296 0.001030981 8e-6 -0.03524297 9.89e-4 -5.19e-4 -0.03514397 9.62e-4 8e-6 -0.035106 9.25e-4 -4.93e-4 -0.03498995 9.39e-4 8e-6 -0.03495496 9.06e-4 -4.71e-4 -0.035106 9.17e-4 5.08e-4 -0.03499597 8.04e-4 9.99e-4 -0.03495496 8.98e-4 4.86e-4 -0.03485298 7.95e-4 9.61e-4 -0.034464 0.001391947 5.03e-4 -0.03442698 0.001341998 7.42e-4 -0.03437697 0.001276969 9.74e-4 -0.02619296 -0.004316985 0.008778989 -0.02620798 -0.004518985 -0.005448997 -0.02405297 -0.004312992 -0.002692997 -0.02621597 -0.004719972 -0.001677989 -0.02451199 -0.004420995 -0.001895964 -0.02601695 -0.004701972 -0.001017987 -0.02480798 -0.004494965 -9.96e-4 -0.02591198 -0.004696965 -1.4e-4 -0.02490997 -0.004525959 -3.6e-5 -0.02605795 -0.004722952 0.001113951 -0.02480798 -0.004509985 9.25e-4 -0.02612096 -0.004731953 0.001333951 -0.024513 -0.004449963 0.001825988 -0.02621597 -0.00474596 0.001602947 -0.02620899 -0.004625976 0.005002975 -0.02405399 -0.004354 0.002623975 -0.02346599 -0.004231989 0.003291964 -0.02620398 -0.004537999 0.006326973 -0.02278196 -0.004093945 0.003816962 -0.02202898 -0.003946959 0.004195988 -0.02123099 -0.003797948 0.004423975 -0.02041 -0.003651976 0.004501998 -0.01948899 -0.003497958 0.004407942 -0.01894897 -0.003412961 0.00425899 0.03145796 0.005203962 0.002712965 -0.01810097 -0.003285944 0.00386399 -0.026169 -0.003632962 -0.01255697 0.002817988 9.83e-4 -0.008880972 -0.02619099 -0.004128992 -0.009249985 0.01508599 0.002937972 -0.007322967 0.03145796 0.005546987 -0.00523895 0.03145796 0.00524497 -0.002631962 -0.026205 -0.004439949 -0.006396949 -0.01749396 -0.003146946 -0.003475964 -0.01772999 -0.003175973 -0.00366497 -0.01887398 -0.003334999 -0.004284977 -0.01970595 -0.003463983 -0.004501998 -0.02041 -0.003581941 -0.004557967 -0.02123099 -0.003728985 -0.004482984 -0.02202796 -0.003880977 -0.004256963 -0.02278095 -0.004033982 -0.00388199 -0.02346497 -0.004179954 -0.00335896 -0.01611196 -0.002995967 -0.001364946 -0.01637399 -0.003019988 -0.002026975 -0.01684194 -0.003069996 -0.002784967 -0.01774597 -0.003234982 0.003626942 -0.016936 -0.003124952 0.002855956 -0.01676195 -0.003101944 0.002628982 -0.01617997 -0.003025949 0.001520991 -0.01596599 -0.002995967 6.9e-4 0.03145796 0.005126953 4e-5 -0.01590996 -0.002984941 -2.3e-5 -0.01610499 -0.002995967 -0.001342952 -0.02834498 -0.00425297 0.003781974 -0.027547 -0.004213988 0.002670943 -0.02752995 -0.004217982 0.002652943 -0.02749395 -0.004399955 0.002659976 -0.02686196 -0.00426495 0.001640975 -0.026766 -0.00425297 0.001415967 -0.02670896 -0.004483997 0.001425981 -0.02789998 -0.004091978 0.003011941 -0.02776598 -0.004557967 0.003423988 -0.02659595 -0.004631996 0.001461982 -0.02655696 -0.004663944 0.001475989 -0.02681398 -0.00474298 0.002224981 -0.02641695 -0.004733979 0.001525998 -0.02665799 -0.004776954 0.002346992 -0.02634096 -0.004749 0.001554965 -0.02695697 -0.004633963 0.002136945 -0.02705299 -0.00446695 0.002076983 -0.02708798 -0.004273951 0.002063989 -0.0273 -0.004701972 0.003051996 -0.02794897 -0.00445497 0.003356993 -0.02799999 -0.004346966 0.003234982 -0.02801299 -0.004205942 0.003139972 -0.02801895 -0.004034996 0.003110945 -0.02743697 -0.004556953 0.002738952 -0.02733796 -0.004668951 0.002845942 -0.02720999 -0.004720985 0.002968966 -0.03599494 0.006392955 0.007843971 -0.03591895 0.006389975 0.00822699 -0.03584796 0.006742954 0.008228957 -0.03570199 0.006386995 0.008550941 -0.03537696 0.006385982 0.008767962 -0.03534799 0.006531953 0.008768975 -0.03514099 0.00673896 0.008770942 -0.03526496 0.006655991 0.008769989 -0.03499495 0.006767988 0.008770942 -0.03564798 0.006657958 0.008552968 -0.03549498 0.006886959 0.008554995 -0.03526496 0.007040977 0.008555948 -0.03499495 0.006885945 0.00871396 -0.03499495 0.007093966 0.008556962 -0.03499495 0.007254958 0.008350968 -0.03564798 0.007042944 0.008231997 -0.03534799 0.007242977 0.008232951 -0.03499495 0.007313966 0.008233964 -0.03591895 0.006774961 0.007846951 -0.03570199 0.007099986 0.007849991 -0.03537696 0.007316946 0.007850944 -0.03499495 0.007392942 0.007851958 -0.03599494 0.006484985 -0.003949999 -0.03591895 0.006866991 -0.003946959 -0.03570199 0.007191956 -0.003943979 -0.03537696 0.007407963 -0.003941953 -0.03499495 0.007484972 -0.003941953 -0.03167796 -0.001201987 -0.004786968 -0.03210496 -0.001116991 -0.004585981 -0.03461599 9.39e-4 -0.004714965 -0.03244495 -0.001007974 -0.004366993 -0.03474897 7.61e-4 -0.004406988 -0.03123998 -0.001253962 -0.004922986 -0.03442394 0.001194953 -0.004918992 -0.03121 -0.001214981 -0.004943966 -0.03110897 -0.001080989 -0.004989981 -0.03419995 0.001491963 -0.004988968 -0.03099495 -9.29e-4 -0.005006968 -0.03099495 0.006491959 -0.004949986 -0.03066599 -0.001419961 -0.00506699 -0.03064697 0.006492972 -0.005011975 -0.030662 -0.001424968 -0.005067944 -0.03028398 0.006494998 -0.005245983 -0.03034895 -0.001875996 -0.00525099 -0.03005397 0.006496965 -0.005609989 -0.03009796 -0.002210974 -0.005574941 -0.03000897 -0.002302944 -0.005846977 -0.02999496 0.006499946 -0.005949974 -0.02999496 -0.002296984 -0.006017982 -0.03499495 0.006491959 -0.004949986 -0.03499495 0.006621956 -0.004939973 -0.03099495 0.00683999 -0.004883944 -0.03499495 0.006873965 -0.004870951 -0.03499495 0.007196962 -0.00465095 -0.03099495 0.007199943 -0.00464797 -0.03499495 0.007410943 -0.004324972 -0.03099495 0.00742799 -0.004281997 -0.03099495 0.007484972 -0.003941953 -0.03049498 0.006885945 0.00871396 -0.03049498 0.007254958 0.008350968 -0.03049498 0.007406949 0.006057977 -0.03049498 0.007392942 0.007851958 -0.02899497 0.007491946 -0.004941999 -0.02899497 0.012492 -0.004902958 -0.02924495 0.007492959 -0.004973948 -0.02934098 0.01249295 -0.004964947 -0.02949094 0.007457971 -0.005073964 -0.02970194 0.01249396 -0.005195975 -0.02993297 0.006964981 -0.005600988 -0.02991098 0.00703299 -0.005543947 -0.02993297 0.01249694 -0.005557 -0.02982795 0.007200956 -0.005391955 -0.02974694 0.007302999 -0.005284965 -0.02996295 0.006841957 -0.005697965 -0.02999496 0.01249998 -0.005902945 -0.03049498 0.001469969 -0.002138972 -0.03049498 0.007469952 -0.002091944 -0.03156995 0.001467943 -0.001850962 -0.03156995 0.007467985 -0.001803994 -0.03235697 0.001461982 -0.001063942 -0.03235697 0.007461965 -0.001016974 -0.03264498 0.001453995 1.1e-5 -0.03264498 0.007452964 5.8e-5 -0.03235697 0.001444995 0.001085996 -0.03235697 0.007444977 0.001132965 -0.03156995 0.001438975 0.001872956 -0.03156995 0.007438957 0.001919984 -0.03049498 0.001436948 0.002160966 -0.03049498 0.00743699 0.002207994 -0.02956199 0.001438975 0.001947999 -0.02956199 0.007437944 0.001994967 -0.02881395 0.001442968 0.001351952 -0.02881395 0.007442951 0.001397967 -0.02839899 0.001449942 4.9e-4 -0.02839899 0.007449984 5.36e-4 -0.02839899 0.001456975 -4.67e-4 -0.02839899 0.007456958 -4.2e-4 -0.02881395 0.001463949 -0.001328945 -0.02881395 0.007463991 -0.001281976 -0.02956199 0.001468956 -0.001925945 -0.02956199 0.007467985 -0.001878976 -0.02049499 0.001469969 -0.002138972 -0.02049499 0.007469952 -0.002091944 -0.02156996 0.001467943 -0.001850962 -0.02156996 0.007467985 -0.001803994 -0.02235698 0.001461982 -0.001063942 -0.02235698 0.007461965 -0.001016974 -0.02264499 0.001453995 1.1e-5 -0.02264499 0.007452964 5.8e-5 -0.02235698 0.001444995 0.001085996 -0.02235698 0.007444977 0.001132965 -0.02156996 0.001438975 0.001872956 -0.02156996 0.007438957 0.001919984 -0.02049499 0.001436948 0.002160966 -0.02049499 0.00743699 0.002207994 -0.01941996 0.001438975 0.001872956 -0.01941996 0.007438957 0.001919984 -0.01863294 0.001444995 0.001085996 -0.01863294 0.007444977 0.001132965 -0.01834499 0.001453995 1.1e-5 -0.01834499 0.007452964 5.8e-5 -0.01863294 0.001461982 -0.001063942 -0.01863294 0.007461965 -0.001016974 -0.01941996 0.001467943 -0.001850962 -0.01941996 0.007467985 -0.001803994 -0.02899497 0.01342099 -0.005512952 -0.02902799 0.01330095 -0.005304992 -0.02899497 0.01320195 -0.005189955 -0.02922999 0.01335597 -0.005441963 -0.02899497 0.01348996 -0.005765974 -0.029365 0.01339399 -0.005649983 -0.02899497 0.01349997 -0.005894958 -0.02941197 0.01340794 -0.005895972 -0.02921396 0.01299196 -0.005059957 -0.02899497 0.01287496 -0.004975974 -0.02935796 0.01258999 -0.004975974 -0.02949994 0.01306998 -0.005254983 -0.02967399 0.01267695 -0.005190968 -0.02969199 0.01312398 -0.005549967 -0.02988594 0.01273596 -0.005515992 -0.02975898 0.01314496 -0.005897998 -0.02996098 0.01275897 -0.005900979 0.04029399 0.01339197 0.004223942 0.04031699 0.01334995 0.004501998 0.04041999 0.01329296 0.004563987 0.03990495 0.01334697 0.004871964 0.03972494 0.01341897 0.004554986 0.04055696 0.01328295 0.004274964 0.04065096 0.013071 0.004703998 0.04079896 0.01307797 0.004321992 0.04079699 0.01279097 0.004790961 0.04096895 0.01279395 0.004354 0.04097199 0.01278799 0.004354 0.04085898 0.01242995 0.004825949 0.04104 0.01245498 0.004364967 0.04081195 0.01208895 0.004793941 0.04099994 0.01213699 0.004354953 0.04071795 0.01186698 0.004735946 0.04088097 0.01187497 0.004328966 0.04019898 0.01242595 0.005427956 0.04016494 0.01278597 0.005366981 0.04008698 0.01306694 0.005216956 0.03996098 0.01328998 0.004977941 0.04017299 0.01208394 0.005375981 0.04044795 0.01208496 0.005198955 0.04048299 0.01242697 0.00524497 0.04043799 0.01278698 0.005190968 0.04033195 0.01306796 0.005058944 0.04016399 0.013291 0.004847943 0.04008996 0.01334798 0.004752993 0.03997498 0.01341998 0.004355967 0.04005897 0.01342195 0.004176974 0.040295 0.01343297 0.002743959 0.04064196 0.01341199 0.001717984 0.04040396 0.01344096 0.00169897 0.04005897 0.01348495 -0.003968 0.04052394 0.01344496 -0.002625942 0.04029297 0.01345598 -0.004014968 0.04078996 0.01333695 -0.002661943 0.040555 0.01334899 -0.004067957 0.04103499 0.01313197 -0.002695977 0.04079598 0.01314699 -0.004117965 0.04096895 0.01286 -0.004153966 0.04120898 0.01284295 -0.002721965 0.041278 0.01251095 -0.002732992 0.04103899 0.01253098 -0.004170954 0.04123795 0.01219195 -0.002730965 0.04100298 0.01221495 -0.004165947 0.04111796 0.01192897 -0.002716958 0.04088795 0.01195198 -0.004144966 0.04103696 0.01174294 -0.002108991 0.04073899 0.011765 -0.004116952 0.04083597 0.011702 0.003769993 0.04133099 0.01280796 0.001766979 0.04139995 0.01247495 0.001769959 0.04135996 0.01215696 0.001763999 0.04123896 0.011895 0.001751959 0.04090899 0.01330298 0.001737952 0.04115498 0.013098 0.001754999 0.04130399 0.01190596 2.64e-4 0.04142498 0.012169 2.67e-4 0.04146498 0.01248699 2.7e-4 0.04139596 0.01281899 2.72e-4 0.04121899 0.01310896 2.73e-4 0.04097294 0.01331394 2.73e-4 0.04070496 0.01342296 2.71e-4 0.04045397 0.01345896 -5.92e-4 0.041076 0.01171195 0.00187397 0.04114896 0.01172596 -1.12e-4 0.04126298 0.01191794 -0.001224994 0.04138398 0.01218098 -0.001229941 0.04142397 0.01249897 -0.001229941 0.04135495 0.01283097 -0.001222968 0.041179 0.01312094 -0.001209974 0.04093295 0.01332497 -0.001192986 0.04066598 0.01343399 -0.001175999 0.04042696 0.01346296 -0.001160979 0.04027199 0.013457 -0.004093945 0.040003 0.01348596 -0.004106998 0.03943794 0.01341497 -0.004825949 0.03938996 0.01348894 -0.004444956 0.03981196 0.01348698 -0.004295945 0.04034495 0.01203495 -0.005018949 0.04058498 0.01195597 -0.004746973 0.04061394 0.01186496 -0.004607975 0.04084599 0.01195299 -0.004302978 0.04073798 0.01176697 -0.004131972 0.04052394 0.01334995 -0.004181981 0.040757 0.01314795 -0.004262983 0.04092395 0.01286095 -0.004321992 0.04099094 0.01253294 -0.00434798 0.04095697 0.01221597 -0.004338979 0.04067295 0.01221996 -0.004821956 0.04021894 0.01222294 -0.005182981 0.03994095 0.01226598 -0.005318999 0.039514 0.01249599 -0.005444943 0.04070097 0.01253598 -0.00484395 0.04064697 0.01286494 -0.004793941 0.04051399 0.01315099 -0.004674971 0.04032999 0.01335197 -0.004510998 0.04012995 0.01345896 -0.004333972 0.04023694 0.01253896 -0.005211949 0.04020196 0.01286798 -0.00514698 0.04011696 0.01315295 -0.004989981 0.03999799 0.013354 -0.004772961 0.03986996 0.01346099 -0.004538953 0.039478 0.01320099 -0.005148947 0.039505 0.012878 -0.005366981 -0.028907 0.01326799 -0.01371395 -0.02888 0.01294499 -0.01393198 -0.02886998 0.01256299 -0.01400995 -0.02893197 0.01342195 -0.01351296 -0.02894699 0.01348197 -0.01339095 -0.02896195 0.01352298 -0.01326894 -0.02899497 0.01355499 -0.01300996 -0.02899497 0.01342397 -0.01351398 -0.02937698 0.01347899 -0.01301097 -0.02991896 0.01293796 -0.01301497 -0.02970194 0.01326197 -0.01301294 -0.02965497 0.01329594 -0.01313996 -0.02931696 0.013475 -0.01324194 -0.02919697 0.01340597 -0.01350396 -0.029329 0.01337397 -0.01348596 -0.02960997 0.01323896 -0.01340895 -0.029679 0.013188 -0.01337999 -0.02989596 0.012932 -0.01323294 -0.02999496 0.012555 -0.01301795 -0.02959597 -0.002855956 -0.008360981 -0.02959698 -0.003092944 -0.006088972 -0.02972894 -0.00297296 -0.006077945 -0.02959495 -0.002190947 -0.01279598 -0.02959597 -0.002714991 -0.009472966 -0.02976298 -0.002032995 -0.01276695 -0.02972894 -0.002594947 -0.009456992 -0.02987694 -0.001865983 -0.01273697 -0.02992498 -0.002285957 -0.00941497 -0.02996897 -0.001625955 -0.012694 -0.02999395 -0.001938998 -0.009367942 -0.02999496 -0.001403987 -0.01265299 -0.02999496 -0.001924991 -0.009345948 -0.02999395 -0.002313971 -0.006019949 -0.02992498 -0.002661943 -0.006050944 -0.029962 -0.001535952 -0.01297897 -0.02994799 -0.001332998 -0.01324099 -0.02980995 -0.001488983 -0.01347196 -0.02986198 -0.001735985 -0.01311695 -0.02927398 -0.001209974 -0.01401495 -0.02909296 -0.001218974 -0.01404899 -0.02911496 -0.001266956 -0.01403295 -0.02945899 -0.001659989 -0.01372599 -0.02941298 -0.00188899 -0.01356899 -0.029495 -0.002039968 -0.01332598 -0.02970296 -0.001907944 -0.01323497 -0.029446 -0.00119096 -0.01394999 -0.02959197 -0.001613974 -0.01365697 -0.029603 -0.001163959 -0.01385498 -0.02973794 -0.001129984 -0.01373398 -0.02992999 -0.001044988 -0.01343095 -0.02999496 -0.001079976 -0.01304095 -0.02999496 -0.001312971 -0.01285296 -0.028979 -9.64e-4 -0.01410597 -0.02908295 -7.14e-4 -0.01411795 -0.02886998 -7.15e-4 -0.01411396 -0.02931594 -0.001693964 -0.013776 -0.02965295 -0.001780986 -0.01345795 -0.02924895 -7.15e-4 -0.01408898 -0.02948695 -7.15e-4 -0.01399195 -0.02965599 -7.16e-4 -0.01387095 -0.02992296 -7.19e-4 -0.01349395 -0.02999496 -7.22e-4 -0.01312094 -0.02899497 0.01256299 -0.01401799 -0.02924895 0.01256299 -0.01398497 -0.02992296 0.01255798 -0.01339 -0.02991199 0.01255798 -0.01341694 -0.02972698 0.01256096 -0.01369899 -0.02966099 0.01256096 -0.01376396 -0.02965599 0.01256096 -0.01376795 0.03434997 0.006115972 0.002578973 0.03688597 0.007838964 0.002468943 0.03214895 0.005681991 -0.005163967 0.033387 0.006050944 -0.005027949 0.03292399 0.005590975 -0.002557992 0.03456497 0.006571948 -0.004896998 0.03293699 0.005476951 4.3e-5 0.03292399 0.00555098 0.002644956 0.03674995 0.008100986 -0.004649996 0.03688597 0.007876992 -0.002346992 0.03567796 0.00691998 -0.002412974 0.03693497 0.007784962 6.1e-5 0.03571599 0.006819963 5.3e-5 0.03567796 0.006881952 0.002520978 0.03437596 0.00604695 4.7e-5 0.03434997 0.006154954 -0.002483963 0.03566598 0.007235944 -0.004772961 0.03874498 0.009932994 -0.004383981 0.03073799 0.009630978 -0.005801975 0.02906197 0.008090972 -0.006023943 0.02918797 0.007286965 -0.006778955 0.02868896 0.007129967 -0.00684297 0.02849096 0.007815957 -0.006142973 0.02879595 0.007910966 -0.006079971 0.02962195 0.007580995 -0.006722986 -0.008650958 0.001903951 -0.01084095 -0.01022899 0.001717984 -0.01175999 -0.009861946 0.002244949 -0.01106095 -0.009398996 0.001273989 -0.01165896 -0.009296 0.001941978 -0.01095998 -0.008453965 0.001217961 -0.01154094 -0.008968949 0.001886963 -0.01089996 -0.008919954 0.001194 -0.01159995 -0.00939399 0.001272976 -0.01165896 -0.01249498 0.005184948 -0.01139897 -0.01235795 0.004559993 -0.011379 -0.01219099 0.004278957 -0.01134997 -0.01196795 0.004042983 -0.01131099 -0.01310795 0.005189955 -0.01209294 -0.012335 0.003514945 -0.01200997 -0.01266199 0.003861963 -0.01204794 -0.01290696 0.004273951 -0.01207494 0.03868097 0.01006895 -0.004837989 0.03849798 0.01032799 -0.005257964 0.03820395 0.01069098 -0.00555396 0.03636997 0.008665978 -0.005688965 0.03591799 0.009191989 -0.005920946 0.03771597 0.01084399 -0.005682945 0.03652298 0.008469998 -0.005490958 0.03666597 0.008266985 -0.005169987 0.03348296 0.007622957 -0.006238996 0.03448599 0.008132994 -0.006108999 0.03472495 0.007704973 -0.005996942 0.03149294 0.005726993 -0.005739986 0.03590697 0.007557988 -0.005145967 0.035353 0.008718967 -0.005995988 0.03551 0.008225977 -0.005894958 0.03286397 0.007384955 -0.006317973 0.03388899 0.007265985 -0.006105959 0.03145498 0.006504952 -0.006407976 0.03138595 0.007019996 -0.006505966 0.03318798 0.006130993 -0.005497992 0.03149199 0.006056964 -0.006139993 0.03312999 0.006461977 -0.005931973 0.03301197 0.006914973 -0.006217956 0.034931 0.007291972 -0.005699992 0.03405195 0.00683099 -0.005812942 0.035052 0.006990969 -0.00525695 0.03414195 0.006512999 -0.005374968 0.03575599 0.007839977 -0.005591988 0.002850949 0.001144945 -0.009335994 0.002849996 0.001489996 -0.009762942 0.002809941 0.001961946 -0.01003998 0.001939952 0.002323985 -0.01023095 -0.01194798 -0.001212954 -0.01120799 -0.02614295 -0.003526985 -0.012896 -0.011949 -8.68e-4 -0.01163494 -0.02613598 -0.003185987 -0.01337796 -0.01198899 -3.96e-4 -0.01191198 -0.02617496 -0.00268799 -0.013695 -0.02624595 -0.002165973 -0.01379597 -0.027565 -0.002059996 -0.01393997 -0.027408 -0.001859962 -0.01393896 -0.02685797 -0.002133965 -0.01387298 -0.02761596 -0.003517985 -0.01264297 -0.02821099 -0.003244996 -0.01265895 -0.02813595 -0.003102958 -0.01314198 -0.02692198 -0.003662943 -0.012609 -0.02716594 -0.003501951 -0.01302397 -0.02723997 -0.003617942 -0.01262694 -0.02726995 -0.003611981 -0.01262795 -0.02703797 -0.003163993 -0.01349097 -0.02689796 -0.00266999 -0.013785 -0.02849495 -0.003052949 -0.01266098 -0.02834898 -0.002945959 -0.01317799 -0.02789396 -0.002811968 -0.01359599 -0.02808099 -0.002670943 -0.01362198 -0.02758699 -0.002386987 -0.01386898 -0.02773898 -0.00227499 -0.01388895 -0.02813899 -0.001286983 -0.01402699 -0.02829599 -0.00148797 -0.01402699 -0.02846997 -0.001702964 -0.01397597 -0.02881199 -0.002097964 -0.01370996 -0.02908098 -0.00237298 -0.01326495 -0.02904498 -0.002621948 -0.01272898 0.03129899 0.009121 -0.006500959 0.030487 0.01120495 -0.006585955 0.03084099 0.01115196 -0.006541967 0.03039997 0.01049995 -0.005896985 0.03047996 0.01049298 -0.005872964 0.03057295 0.01046895 -0.00584495 0.03116697 0.010993 -0.006501972 0.03069198 0.010405 -0.005809962 0.03075295 0.01035296 -0.005791962 0.03143095 0.010746 -0.006470978 0.03084498 0.01022499 -0.005764961 0.03160798 0.01043295 -0.006451964 0.03168499 0.01008194 -0.00644499 0.0309 0.009998977 -0.00575 0.03165298 0.009722948 -0.006450951 0.03085595 0.00979495 -0.005764961 0.03151798 0.009389996 -0.006470978 -0.01139497 0.01054096 -0.011132 -0.01130795 0.01124596 -0.01182097 -0.01249498 0.009441971 -0.01136595 -0.01310795 0.009447991 -0.01205998 -0.01245599 0.009731948 -0.01135498 -0.01297295 0.01012998 -0.01203799 -0.01239597 0.009896993 -0.01134198 -0.01258295 0.01071798 -0.011985 -0.01216995 0.01022195 -0.01129299 -0.01199197 0.01111096 -0.01190799 -0.01180595 0.01046198 -0.01121699 -0.03049498 0.001421988 0.004010975 -0.03157997 0.001423954 0.00386095 -0.03104799 -0.00109899 -0.003969967 -0.03049498 0.00148499 -0.003988981 -0.03170698 -7.97e-4 -0.003817975 -0.03157997 0.001483976 -0.003837943 -0.03228896 -4.19e-4 -0.003577947 -0.03080999 -0.001268982 -0.003997981 -0.03056496 -0.001639962 -0.004011988 -0.03049498 -0.001752972 -0.004013955 -0.03370594 7.14e-4 -0.002379953 -0.03309196 0.001476943 -0.003029942 -0.03412699 0.001466989 -0.001662969 -0.03328299 3.81e-4 -0.002864956 -0.03308999 2.27e-4 -0.003041982 -0.03280496 -10e-7 -0.003264963 -0.03449499 0.001453995 1.1e-5 -0.03412699 0.001440942 0.001685976 -0.03309196 0.001429975 0.003052949 -0.02940899 0.001483976 -0.003837943 -0.03029596 -0.002037942 -0.004010975 -0.02940899 0.001423954 0.00386095 -0.027897 0.001429975 0.003052949 -0.02686196 0.001440942 0.001685976 -0.02649497 0.001453995 1.1e-5 -0.02649497 -0.004205942 -4.1e-5 -0.02662599 -0.004230976 9.83e-4 -0.027125 -0.004239976 -0.00218898 -0.02686196 -0.004237949 -0.001707971 -0.02686196 0.001466989 -0.001662969 -0.02676695 -0.004229962 -0.001482963 -0.02650195 -0.004204988 -2.72e-4 -0.02801895 -0.003985941 -0.003172993 -0.02789896 -0.00404495 -0.003074944 -0.027897 0.001476943 -0.003029942 -0.02761596 -0.004151999 -0.002809941 -0.02714896 -0.004237949 -0.002225995 -0.03008097 -0.002265989 -0.003995954 -0.02925997 -0.002976953 -0.003827989 -0.02847796 -0.003665983 -0.003482997 -0.03422296 2.54e-4 -0.002525985 -0.03374898 5.95e-4 -0.002350986 -0.03381699 4.83e-4 -0.002343952 -0.03390496 3.88e-4 -0.002359986 -0.03400695 3.15e-4 -0.002396941 -0.03286397 -1.06e-4 -0.003242969 -0.03333497 2.69e-4 -0.002837955 -0.03277397 -8.34e-4 -0.003941953 -0.03377795 -6.3e-5 -0.003051996 -0.03327095 -4.28e-4 -0.003490984 -0.03293699 -2.04e-4 -0.003245949 -0.03340595 1.64e-4 -0.002834975 -0.03301894 -2.9e-4 -0.003274977 -0.03349196 7.3e-5 -0.002856969 -0.03310495 -3.59e-4 -0.003327965 -0.03358596 3e-6 -0.002902984 -0.03368395 -4.4e-5 -0.00296998 -0.03411495 2.69e-4 -0.002453982 -0.03235197 -5.17e-4 -0.003562986 -0.03242695 -6.13e-4 -0.003573954 -0.03250098 -6.91e-4 -0.003607988 -0.032579 -7.57e-4 -0.003665983 -0.03265297 -8.05e-4 -0.003743946 -0.03272396 -8.32e-4 -0.003846943 -0.02641695 -0.004505991 3.66e-4 -0.02640497 -0.004499971 -2.78e-4 -0.02627098 -0.004624962 -2.86e-4 -0.02619498 -0.004699945 -9.79e-4 -0.02641695 -0.004709959 -0.00160098 -0.026362 -0.004630982 -9.43e-4 -0.02659499 -0.004609942 -0.001534998 -0.02649396 -0.004505991 -9.16e-4 -0.026672 -0.004523992 -0.001508951 -0.02671998 -0.004439949 -0.001492977 -0.02648496 -0.004331946 -2.73e-4 -0.02628397 -0.004631996 3.77e-4 -0.02610099 -0.004693984 -2.97e-4 -0.02611398 -0.004700958 3.92e-4 -0.026609 -0.004357993 9.83e-4 -0.02652996 -0.004524946 9.97e-4 -0.02639997 -0.00465095 0.001025974 -0.02623397 -0.004719972 0.001066982 -0.02044695 -0.003368973 -0.004111945 -0.02046096 -0.003288984 -0.004066944 -0.02119797 -0.003431975 -0.004004955 -0.02047395 -0.003212988 -0.004039943 -0.02118897 -0.003591954 -0.004120945 -0.02043294 -0.003450989 -0.004183948 -0.02041494 -0.003554999 -0.004357993 -0.02120095 -0.003695964 -0.004289984 -0.022578 -0.003538966 -0.003441989 -0.02191495 -0.003579974 -0.003807961 -0.02193295 -0.003392994 -0.003758966 -0.02110797 -0.003218948 -0.003977954 -0.02049499 -0.003093957 -0.004023969 -0.02309197 -0.00366199 -0.003069996 -0.02321296 -0.00386995 -0.003011941 -0.02259397 -0.003727972 -0.003476977 -0.02320998 -0.003690958 -0.002965986 -0.02373296 -0.003822982 -0.002377986 -0.02374595 -0.003998994 -0.002416968 -0.02414095 -0.003929972 -0.00167495 -0.02416294 -0.004103958 -0.001703977 -0.02440297 -0.004002988 -8.8e-4 -0.024432 -0.004174947 -8.96e-4 -0.024495 -0.004032969 -3.2e-5 -0.02452498 -0.004204988 -3.4e-5 -0.02440398 -0.004016995 8.16e-4 -0.024432 -0.004188954 8.3e-4 -0.02414196 -0.00395596 0.001611948 -0.02416396 -0.004129946 0.001638948 -0.02373296 -0.003858983 0.002316951 -0.02374696 -0.004035949 0.002353966 -0.023211 -0.003736972 0.002906978 -0.02321398 -0.003916978 0.002949953 -0.02309197 -0.003709971 0.003012955 -0.02259498 -0.003781974 0.003416955 -0.02260297 -0.003597974 0.003371 -0.02193397 -0.003450989 0.003705978 -0.02191495 -0.003638982 0.003750979 -0.02122396 -0.003301978 0.003906965 -0.02119797 -0.003493964 0.003950953 -0.02049499 -0.003155946 0.003975987 -0.02046096 -0.003351986 0.004014968 -0.02192699 -0.003737986 -0.003919959 -0.02262496 -0.003883957 -0.00357896 -0.02326095 -0.004023969 -0.003100991 -0.02380996 -0.004150986 -0.002489984 -0.024239 -0.004254996 -0.001754999 -0.02451598 -0.004325985 -9.23e-4 -0.02461194 -0.004355967 -3.5e-5 -0.02451699 -0.004339993 8.54e-4 -0.02423995 -0.004281997 0.001687943 -0.02381098 -0.004189968 0.002422988 -0.02326196 -0.00407195 0.003036975 -0.02262598 -0.003939986 0.003516972 -0.02192699 -0.003798961 0.00386095 -0.02118897 -0.00365597 0.004064977 -0.02043294 -0.003515958 0.004129946 -0.02196598 -0.003843963 -0.004076957 -0.02268999 -0.003990948 -0.003720998 -0.02334898 -0.004132986 -0.003221988 -0.02391695 -0.004260957 -0.002585947 -0.02436095 -0.00436598 -0.001821994 -0.02464699 -0.004436969 -9.58e-4 -0.024746 -0.00446695 -3.6e-5 -0.02464699 -0.00445199 8.87e-4 -0.02436196 -0.004393994 0.001752972 -0.02391797 -0.004300951 0.002517998 -0.02335 -0.004182994 0.003155946 -0.02269095 -0.004048943 0.003656983 -0.02196699 -0.003906965 0.004015982 -0.02120095 -0.00376296 0.004230976 -0.02041494 -0.003621995 0.004301965 -0.01841098 -0.003308951 0.003833949 -0.01900696 -0.003399968 0.004092991 -0.01906996 -0.003325998 0.003942966 -0.018516 -0.00318098 -0.00375396 -0.01794296 -0.003100991 -0.003390967 -0.01803195 -0.002976953 -0.003293991 -0.01774799 -0.002635955 -0.002927958 -0.01809197 -0.002812981 -0.003240942 -0.01721698 -0.002695977 -0.002341985 -0.01651298 -0.002490997 -4e-4 -0.01666796 -0.002503991 -0.001183986 -0.01665097 -0.002631962 -0.001185953 -0.01747995 -0.002640962 0.002608954 -0.01725196 -0.002606987 0.002321958 -0.01723295 -0.002734959 0.002322971 -0.01745498 -0.003036975 -0.002960979 -0.017838 -0.003169953 -0.003520965 -0.01981097 -0.00325495 -0.004055976 -0.01836097 -0.002724945 -0.003404974 -0.01903998 -0.002831995 -0.003747999 -0.01923096 -0.002989947 -0.003834962 -0.01704996 -0.003026962 0.002428948 -0.016909 -0.003096997 0.002522945 -0.01747196 -0.003084957 0.002929985 -0.01734799 -0.003155946 0.003043949 -0.01656299 -0.003050982 0.001951992 -0.016716 -0.002980947 0.001877963 -0.01630496 -0.003015995 0.001325964 -0.01646798 -0.002946972 0.001275956 -0.016146 -0.002992987 6.61e-4 -0.01653695 -0.003017961 -0.001946985 -0.01919597 -0.002916991 0.003760993 -0.01917397 -0.003039956 0.00376898 -0.01975899 -0.003016948 0.003907978 -0.02034199 -0.003249943 0.003986954 -0.01903998 -0.00288999 0.003703951 -0.01836097 -0.00277698 0.003361999 -0.01810598 -0.002864956 0.003206968 -0.01812696 -0.002739965 0.003201961 -0.01789695 -0.002703964 0.003020942 -0.01774799 -0.002680957 0.00288695 -0.01686197 -0.002550959 0.001654982 -0.01676195 -0.002535998 0.001418948 -0.01667499 -0.002653956 0.001220941 -0.01669198 -0.002525985 0.001220941 -0.01649498 -0.00249195 -1.9e-5 -0.016478 -0.002619981 -2e-5 -0.01688897 -0.002657949 -0.001791 -0.01688295 -0.002526998 -0.001738965 -0.01723498 -0.00256896 -0.002338945 -0.01975899 -0.002955973 -0.003954946 -0.01925295 -0.002867996 -0.003824949 -0.01804596 -0.003029942 0.003256976 -0.01716196 -0.002900958 0.002358973 -0.01659697 -0.002820968 0.001238942 -0.01639795 -0.002787947 -2.2e-5 -0.01644796 -0.002798974 6.18e-4 -0.01789695 -0.002656996 -0.003062963 -0.01864194 -0.002895951 -0.003585994 -0.01918596 -0.003150999 -0.003899991 -0.01732999 -0.003106951 -0.003074944 -0.016891 -0.003054976 -0.002545952 -0.01703196 -0.002985954 -0.002450942 -0.01669096 -0.002948999 -0.00187397 -0.01681399 -0.002823948 -0.001819968 -0.01657295 -0.002798974 -0.00120598 -0.01755595 -0.002912998 -0.002875983 -0.01714497 -0.002861976 -0.002379953 -0.01977199 -0.00337696 -0.004174947 -0.02031296 -0.003407955 0.004055976 -0.01912796 -0.003201961 0.003830969 -0.02028799 -0.003530979 0.004173994 -0.02026998 -0.003606975 0.004328966 -0.01785296 -0.003226995 0.003482997 -0.01795798 -0.003154993 0.003352999 -0.01843297 -0.003251969 -0.003895998 -0.01906895 -0.003344953 -0.00416696 -0.01858896 -0.003057956 -0.003645956 -0.01912999 -0.003273963 -0.004014968 -0.01973497 -0.003449976 -0.004330992 -0.01627999 -0.002992987 -0.001289963 -0.01609295 -0.00298196 -2.3e-5 -0.01631498 -0.002923965 6.36e-4 -0.01644396 -0.002923965 -0.001241981 -0.01626396 -0.002912998 -2.3e-5 -0.02851498 -0.003680944 -0.008313953 -0.03033095 -0.002660989 -0.004520952 -0.03002995 -0.00286597 -0.004830956 -0.02940696 -0.003371 -0.004329979 -0.02981197 -0.003005981 -0.005175948 -0.02852696 -0.004060983 -0.003938972 -0.02960395 -0.003101944 -0.005919992 -0.02794498 -0.004403948 -0.003423988 -0.02733099 -0.004625976 -0.002911984 -0.02743095 -0.004514992 -0.002802968 -0.02800995 -0.00415796 -0.003202974 -0.02704596 -0.004434943 -0.002135992 -0.02748894 -0.00435996 -0.002721965 -0.02695 -0.004600942 -0.00219798 -0.02680599 -0.004708945 -0.002287983 -0.02720296 -0.004675984 -0.003035962 -0.02681499 -0.004730999 -0.002621948 -0.026636 -0.004740953 -0.002391993 -0.02633595 -0.004732966 -0.001915991 -0.02796298 -0.004414975 -0.003626942 -0.02737796 -0.004633963 -0.003192961 -0.02729898 -0.00465399 -0.003123998 -0.02854198 -0.003796994 -0.003551959 -0.02799695 -0.004297971 -0.003299951 -0.02857398 -0.003914952 -0.00365895 -0.02856796 -0.004005968 -0.003791987 -0.02992898 -0.002739965 -0.005722999 -0.02980995 -0.002932965 -0.005675971 -0.02994799 -0.002854943 -0.005310952 -0.03004795 -0.002662956 -0.005416989 -0.03092497 -0.001557946 -0.004941999 -0.03102296 -0.001337945 -0.004960954 -0.03074598 -0.001560986 -0.005024969 -0.03109496 -0.001280963 -0.00495398 -0.03042399 -0.002122998 -0.005136966 -0.03079897 -0.001964986 -0.00484699 -0.03081899 -0.00169295 -0.00495696 -0.03087598 -0.001727998 -0.004909992 -0.03048497 -0.002514958 -0.004612982 -0.030613 -0.002344965 -0.004699945 -0.03040099 -0.002539992 -0.004767954 -0.03071695 -0.002159953 -0.004778981 -0.03044199 -0.002349972 -0.004971981 -0.03015297 -0.002717971 -0.005004942 -0.03009998 -0.002443969 -0.005506992 -0.030393 -0.001999974 -0.005201995 -0.03176599 -9.31e-4 -0.003822982 -0.03157299 -0.001338958 -0.004087984 -0.03117197 -0.001399993 -0.004072964 -0.03183698 -0.001051962 -0.00386697 -0.03113394 -0.001316964 -0.004017949 -0.03110897 -0.001259982 -0.003992974 -0.03167098 -0.001418948 -0.004377961 -0.03126996 -0.001558959 -0.004358947 -0.03162896 -0.00140196 -0.004223942 -0.031228 -0.001503944 -0.004199981 -0.03120797 -0.001469969 -0.004146993 -0.03129696 -0.001501977 -0.004694998 -0.03129798 -0.001540958 -0.004600942 -0.03169494 -0.001388967 -0.004532992 -0.031295 -0.001556992 -0.004535973 -0.03129398 -0.001557946 -0.004530966 -0.03126096 -0.001328945 -0.004882991 -0.03128296 -0.001417994 -0.004808962 -0.03169 -0.001261949 -0.004734992 -0.03169697 -0.001313984 -0.004673957 -0.03209799 -0.001197993 -0.004465997 -0.03190898 -0.001149952 -0.003946959 -0.03197598 -0.001217961 -0.004057943 -0.03203296 -0.001249969 -0.004188954 -0.03207498 -0.001242995 -0.004328966 -0.03245997 -0.001040995 -0.004217982 -0.03210097 -0.001161992 -0.004529953 -0.03241896 -0.001059949 -0.004092991 -0.03236299 -0.001046955 -0.00397396 -0.03229498 -0.001004993 -0.003868997 -0.02918499 0.01318395 -0.01377195 -0.02914994 0.01288598 -0.01394897 -0.029841 0.012739 -0.01351797 -0.02957296 0.01302796 -0.01368296 -0.02946597 0.01275897 -0.01387596 -0.03062695 -0.002344965 -0.00434798 -0.03064399 -0.002363979 -0.004464983 -0.03049296 -0.002507984 -0.004397988 -0.03049695 -0.002519965 -0.004504978 -0.030384 -0.002116978 -0.004029989 -0.030191 -0.002416968 -0.004046976 -0.03046494 -0.002190947 -0.004076957 -0.03027695 -0.002544999 -0.00416398 -0.03053498 -0.002255976 -0.00414896 -0.030438 -0.002435982 -0.004202961 -0.03058999 -0.002307951 -0.004240989 -0.03047299 -0.002478957 -0.004295945 -0.03032594 -0.002629995 -0.004329979 -0.03063899 -0.002363979 -0.004583954 -0.030761 -0.00219196 -0.004658997 -0.03086096 -0.002008974 -0.004732966 -0.03086298 -0.002010941 -0.004726946 -0.03088897 -0.002029955 -0.004637956 -0.03089594 -0.002035975 -0.004595994 -0.03089797 -0.002037942 -0.004447996 -0.03088998 -0.002032995 -0.004396975 -0.03060996 -0.001835942 -0.004034996 -0.03068298 -0.001887977 -0.00407195 -0.03079998 -0.001969993 -0.004184961 -0.03086698 -0.002016961 -0.004313945 -0.03033399 -0.002652943 -0.004423975 -0.029428 -0.003327965 -0.004158973 -0.02940696 -0.003238976 -0.004005968 -0.02934896 -0.003116965 -0.003890991 -0.03104799 -0.001578986 -0.004854977 -0.03108495 -0.001462996 -0.004097998 -0.030981 -0.001343965 -0.004013955 -0.03096097 -0.001788973 -0.004802942 -0.03101795 -0.001831948 -0.004661977 -0.03112196 -0.001641988 -0.004715979 -0.031035 -0.001847982 -0.004505991 -0.03113698 -0.001430988 -0.004875957 -0.031201 -0.001527965 -0.004740953 -0.03122895 -0.001583993 -0.004573941 -0.03116697 -0.001548945 -0.004229962 -0.03121697 -0.001590967 -0.004395961 -0.03086197 -0.00148195 -0.004025995 -0.03098499 -0.001569986 -0.004102945 -0.03108096 -0.001636981 -0.004226982 -0.03113996 -0.001672983 -0.004382967 -0.03115397 -0.00167495 -0.004551947 -0.01686197 0.001440942 0.001685976 -0.019409 0.001483976 -0.003837943 -0.02049499 0.00148499 -0.003988981 -0.019409 0.001423954 0.00386095 -0.01789695 0.001429975 0.003052949 -0.02049499 0.001421988 0.004010975 -0.01686197 0.001466989 -0.001662969 -0.01649498 0.001453995 1.1e-5 -0.01789695 0.001476943 -0.003029942 -0.02157998 0.001423954 0.00386095 -0.02157998 0.001483976 -0.003837943 -0.02309197 0.001476943 -0.003029942 -0.02412694 0.001466989 -0.001662969 -0.024495 0.001453995 1.1e-5 -0.02412694 0.001440942 0.001685976 -0.02309197 0.001429975 0.003052949 -0.02730196 -0.004580974 -0.004408955 -0.02729499 -0.00435096 -0.007200956 -0.02728396 -0.004020988 -0.009981989 -0.02827399 -0.003971993 -0.007164955 -0.016568 0.01340794 0.005957961 -0.01749497 0.01340699 0.006104946 -0.01506799 0.01348996 -0.004658997 -0.01464098 0.013484 -0.003821969 -0.01449495 0.01342999 0.003104984 -0.01464098 0.01342296 0.004031956 -0.01506799 0.01341599 0.00486797 -0.01573097 0.01341098 0.005531966 -0.01749497 0.01349997 -0.005894958 -0.016568 0.01349896 -0.005747973 -0.01573097 0.01349496 -0.005321979 -0.01449495 0.01347696 -0.002894997 -0.01749497 0.01342099 -0.005512952 -0.01749497 0.01320195 -0.005189955 -0.01749497 0.01287496 -0.004975974 -0.01749497 0.012492 -0.004902958 -0.01668596 0.01341998 -0.005384981 -0.01678597 0.01320099 -0.005077958 -0.01685297 0.01287496 -0.004873991 -0.01687699 0.01249098 -0.004804968 -0.01672899 0.01249098 -0.004750967 -0.01627397 0.01287198 -0.004579961 -0.01631897 0.01248896 -0.004520952 -0.01587694 0.01248598 -0.004078984 -0.01581496 0.012869 -0.004119992 -0.01559299 0.01248097 -0.003520965 -0.01551997 0.01286399 -0.003541946 -0.015495 0.01247698 -0.002902984 -0.01541894 0.01285898 -0.002899944 -0.01614695 0.01319795 -0.00475198 -0.01563996 0.01319396 -0.004244983 -0.01531398 0.01318895 -0.003605961 -0.01520198 0.01318395 -0.002897977 -0.01595598 0.01341694 -0.005012989 -0.01537698 0.01341199 -0.004433989 -0.01500499 0.01340699 -0.003704965 -0.01487696 0.01339995 -0.002895951 -0.015495 0.01245296 9.7e-5 -0.015495 0.01242995 0.003096997 -0.01541894 0.01281297 0.003099977 -0.01520198 0.01313698 0.003101944 -0.01487696 0.013354 0.003103971 -0.01500499 0.01334697 0.003912985 -0.01531398 0.01313096 0.003810942 -0.01559299 0.01242494 0.003714978 -0.01551997 0.01280796 0.003740966 -0.01581496 0.01280295 0.004319965 -0.01576298 0.01242196 0.004096984 -0.01587694 0.01242095 0.004271984 -0.01631897 0.01241695 0.004714965 -0.01627397 0.01279997 0.004778981 -0.01649498 0.01241594 0.004828989 -0.01685297 0.01279699 0.005073964 -0.01687699 0.01241499 0.004998981 -0.01749497 0.01241397 0.005096971 -0.01749497 0.01279598 0.005175948 -0.01563996 0.01312696 0.004449963 -0.01614695 0.01312297 0.00495696 -0.01678597 0.01311999 0.005282998 -0.01749497 0.01311898 0.005394995 -0.01537698 0.01334196 0.00464195 -0.01595598 0.01333695 0.005220949 -0.01668596 0.01333397 0.005592942 -0.01749497 0.01333296 0.005720973 -0.029495 0.013327 0.005705952 -0.029495 0.01309496 0.005371987 -0.029495 0.01274996 0.005157947 -0.029495 0.01241397 0.005096971 -0.03041899 0.01275897 0.005946993 -0.03041899 0.01253795 0.005736947 -0.03041899 0.01240998 0.005713999 -0.02987694 0.01272398 0.005228996 -0.02987694 0.01241397 0.005172967 -0.03020197 0.01241195 0.005389988 -0.03020197 0.01264899 0.005432963 -0.03041899 0.01266998 0.005818963 -0.03020197 0.01289397 0.005583941 -0.03020197 0.01305699 0.005819976 -0.02987694 0.01304298 0.005426943 -0.02987694 0.01325696 0.005735993 -0.02999496 0.006844997 -0.005585968 -0.030074 0.007202982 -0.005031943 -0.02981495 0.007431983 -0.004773974 -0.02989399 0.007486999 -0.004271984 -0.03024697 0.007485985 -0.004086971 -0.03041696 0.007428944 -0.004384994 -0.03054296 0.007200956 -0.004728972 -0.03062498 0.00683999 -0.004951 -0.03023999 0.006841957 -0.005198955 -0.01749497 0.007491946 -0.004941999 -0.015495 0.007476985 -0.002941966 -0.01564699 0.007482945 -0.003706991 -0.01607996 0.007487952 -0.004355967 -0.01672899 0.007490992 -0.004789948 -0.015495 0.007452964 5.8e-5 -0.015495 0.007429957 0.003057956 -0.01749497 0.007413983 0.00505799 -0.01649498 0.007416963 0.004789948 -0.01576298 0.00742197 0.004057943 -0.029495 0.007413983 0.00505799 -0.02987694 0.007413983 0.005133986 -0.03020197 0.007411956 0.005350947 -0.03041899 0.007409989 0.005674958 -0.03502798 0.007082998 -0.004749953 -0.03533595 0.006491959 -0.004889965 -0.03522998 0.006944954 -0.004805982 -0.03536498 0.006736993 -0.00484395 -0.03541296 0.006491959 -0.004857957 -0.03521394 0.00732696 -0.004441976 -0.03535795 0.007411956 -0.004039943 -0.03549998 0.007131993 -0.004519999 -0.03567397 0.007195949 -0.004125952 -0.03569197 0.006837964 -0.004573941 -0.03588598 0.006870985 -0.004185974 -0.03575897 0.006489992 -0.004593968 -0.03596097 0.006486952 -0.004207968 -0.03499495 0.00309199 -0.004975974 -0.03452998 0.001807987 -0.004985988 -0.03478497 0.002198994 -0.004982948 -0.03494298 0.002637982 -0.004979968 -0.03599494 0.003084957 -0.003975987 -0.03591799 0.003087997 -0.004358947 -0.03570199 0.003089964 -0.004682958 -0.03537696 0.00309199 -0.004899978 -0.03529798 0.001160979 -0.004026949 -0.03567999 0.001745998 -0.004011988 -0.03523194 0.001218974 -0.004397988 -0.03560596 0.001786947 -0.004385948 -0.03506398 0.001361966 -0.004708945 -0.03540998 0.00188595 -0.004700958 -0.03481799 0.001567959 -0.004914999 -0.03512197 0.002030968 -0.004910945 -0.03591698 0.002403974 -0.003993988 -0.03583896 0.002424955 -0.004372954 -0.03562694 0.00247699 -0.004691958 -0.03531199 0.002550959 -0.004904985 -0.035371 0.003302991 0.008745968 -0.03569799 0.003304958 0.008529961 -0.03591799 0.003306984 0.008204996 -0.03599494 0.003309965 0.00781995 -0.03599494 0.003081977 -0.003936946 -0.03599494 0.002952992 -0.001007974 -0.03599494 0.002948999 0.001962959 -0.03599494 0.003071963 0.004929959 -0.02851498 -0.003809988 0.008255958 -0.02851796 -0.003877997 0.007543981 -0.02827399 -0.004082977 0.007101953 -0.02729499 -0.004462957 0.00713098 -0.02730196 -0.004648983 0.004336953 -0.02728396 -0.004175961 0.009917974 -0.03480595 0.001782953 0.008740961 -0.03441196 0.001411974 0.008739948 -0.034738 9.85e-4 0.008245944 -0.03522294 0.001440942 0.008237957 -0.03479897 9.08e-4 0.007887959 -0.03529697 0.001381993 0.007874965 -0.03567898 0.001968979 0.007857978 -0.03559798 0.002005994 0.008227944 -0.03505098 0.001580953 0.008540987 -0.03460299 0.001160979 0.008542954 -0.03511095 0.002242982 0.008742988 -0.03530299 0.002762973 0.008744955 -0.03561896 0.00269097 0.008533954 -0.03539896 0.002101957 0.008537948 -0.03583395 0.002643942 0.008216977 -0.03591597 0.002627968 0.007839977 -0.03520399 9.21e-4 0.002001941 -0.03479897 8.35e-4 0.00712198 -0.03594499 0.002529978 0.004963994 -0.03579199 0.001990973 0.004996955 -0.03554099 0.001488983 0.005027949 -0.03520399 0.001045942 0.005055963 -0.03480094 6.34e-4 0.004240989 -0.03554099 0.001364946 0.001993 -0.03554099 0.001368999 -0.001043975 -0.03579199 0.001871943 -0.001032948 -0.03594499 0.002410948 -0.001020967 -0.03579199 0.001867949 0.001984 -0.03594499 0.002407968 0.001972973 -0.02999496 -0.00168097 0.008768975 -0.03180795 -5.55e-4 0.008726 -0.02999496 -0.001925945 0.008715987 -0.03199595 -8.01e-4 0.008536994 -0.02999496 -0.002148985 0.008626997 -0.03200697 -8.16e-4 0.008519947 -0.02993297 -0.002521991 0.008387982 -0.032139 -9.88e-4 0.008221983 -0.02985 -0.002710998 0.008225977 -0.03219699 -0.001061975 0.007870972 -0.02959597 -0.003031969 0.007854998 -0.02904498 -0.002819955 0.01268595 -0.02959495 -0.002389967 0.01275998 -0.02959495 -0.002750992 0.01031297 -0.029495 -0.002246975 0.01329296 -0.02908098 -0.002578973 0.01322597 -0.02945196 -0.002170979 0.01343196 -0.02881199 -0.002310991 0.01367497 -0.02931898 -0.001914978 0.01374298 -0.02846997 -0.001919984 0.01394796 -0.02920395 -0.001677989 0.01391696 -0.02909296 -0.001437962 0.01402795 -0.02829599 -0.001705944 0.01400196 -0.028979 -0.001183986 0.01408898 -0.02890396 -0.00101298 0.01410198 -0.02813994 -0.001504957 0.01400494 -0.02886998 -9.34e-4 0.01410096 -0.02928197 0.01302295 0.01389396 -0.02928197 0.01323294 0.01358497 -0.02965295 0.01310396 0.01321798 -0.02986097 0.01285099 0.01321595 -0.02990496 0.01273196 0.01337295 -0.02990496 0.01276499 0.01321494 -0.02999496 0.01235097 0.01321196 -0.02928197 0.013309 0.01321899 -0.029495 0.01321697 0.01321899 -0.02965295 0.01304495 0.01350599 -0.02965295 0.01287996 0.013749 -0.02990496 0.01264095 0.01350694 -0.02990496 0.01250594 0.01359498 -0.02965295 0.01263397 0.01390999 -0.02928197 0.01271098 0.01409995 -0.02928197 0.012344 0.01416999 -0.02965295 0.01234495 0.01396495 -0.02990496 0.01234799 0.01362496 -0.02984195 -0.002483963 0.01029294 -0.02999496 -0.001599967 0.01262998 -0.02999496 -0.001901984 0.01063197 -0.02997696 -0.002142965 0.01024794 -0.02989995 -0.002018988 0.01269894 -0.02976298 -0.002230942 0.01273399 -0.02945899 -0.00187397 0.01369798 -0.02992296 -9.29e-4 0.01348096 -0.02999496 -9.26e-4 0.01310896 -0.02999496 -0.001278996 0.01302397 -0.02980995 -0.00169897 0.01344698 -0.02994799 -0.001538991 0.01321798 -0.029962 -0.001737952 0.01295298 -0.02992999 -0.001253962 0.01341295 -0.02973794 -0.001343965 0.01371496 -0.02969896 -0.001140952 0.01380097 -0.02936798 -0.001172959 0.01401698 -0.029446 -0.00140798 0.01392894 -0.029522 -0.001628994 0.01379895 -0.02959197 -0.001825988 0.01362997 -0.02960395 -0.002186 0.01325196 -0.02970296 -0.002113997 0.01320397 -0.02986198 -0.001939952 0.01308798 -0.02999496 -0.001510977 0.01283395 -0.02965599 -9.32e-4 0.01385796 -0.02924895 -9.34e-4 0.01407599</float_array>
          <technique_common>
            <accessor source="#right_gripper_finger_link2-mesh-positions-array" count="2564" stride="3">
              <param name="X" type="float"/>
              <param name="Y" type="float"/>
              <param name="Z" type="float"/>
            </accessor>
          </technique_common>
        </source>
        <source id="right_gripper_finger_link2-mesh-normals">
          <float_array id="right_gripper_finger_link2-mesh-normals-array" count="31017">-0.7062865 -0.7066861 0.04188221 -0.7062866 -0.7066861 0.04188227 -0.7062864 -0.7066863 0.04188233 -0.7017704 -0.7067713 0.0894019 -0.7017707 -0.706771 0.08940196 -0.7017704 -0.7067713 0.08940184 -0.6995639 -0.7056418 0.1126058 -0.6995639 -0.7056418 0.1126058 -0.6900171 -0.7111932 0.134464 -0.6900171 -0.7111933 0.134464 -0.6900172 -0.7111932 0.1344641 -0.706948 -0.6744793 0.2128431 -0.7070141 -0.674406 0.2128559 -0.7069941 -0.6744168 0.2128883 -0.7067238 -0.674609 0.2131769 -0.7069308 -0.6849299 0.1764084 -0.7071844 -0.6851106 0.1746816 -0.7083958 -0.6852321 0.1692109 -0.7089108 -0.6851807 0.1672511 -0.7071151 -0.7070774 -0.005456447 -0.7071155 -0.707077 -0.005456447 -0.7071166 -0.707076 -0.005456447 -0.707117 -0.7070755 -0.005456447 -0.7016373 0.7007595 0.1290009 -0.7016556 0.7006812 0.1293258 -0.7016656 0.7007187 0.1290687 -0.70162 0.7007691 0.1290434 -0.7069938 0.6570867 0.2615277 -0.7069939 0.6570867 0.2615277 -0.7069939 0.6570867 0.2615277 -0.6893628 0.6245217 0.3670852 -0.6893628 0.6245217 0.3670852 -0.6893628 0.6245217 0.3670852 -0.7028891 0.6052591 0.373642 -0.7028891 0.6052591 0.3736422 -0.7028891 0.6052591 0.3736422 -0.7067623 0.5178766 0.4819657 -0.7067623 0.5178766 0.4819657 -0.7067624 0.5178766 0.4819656 -0.6803533 0.4666346 0.5651298 -0.7041096 0.42794 0.5666543 -0.7063758 0.3081509 0.6372411 -0.7063759 0.308151 0.6372411 -0.7063759 0.3081509 0.637241 -0.6745214 0.2474052 0.6955657 -0.7048488 0.1932786 0.6825186 -0.7048487 0.1932786 0.6825186 -0.7058215 0.05611997 0.7061634 -0.7058215 0.05611997 0.7061634 -0.7058215 0.05611997 0.7061634 -0.6727032 -0.005828857 0.7398896 -0.6727032 -0.005828797 0.7398896 -0.6727032 -0.005828857 0.7398895 -0.7057605 -0.06722134 0.7052543 -0.7057604 -0.0672214 0.7052543 -0.7016874 -0.2489184 0.6675885 -0.6513065 -0.218266 0.7267461 -0.7063915 -0.3180235 0.6323544 -0.7063915 -0.3180236 0.6323544 -0.7063915 -0.3180235 0.6323544 -0.7018267 -0.4620472 0.5421733 -0.7018267 -0.4620472 0.5421732 -0.6692045 -0.4569029 0.5860078 -0.6692045 -0.4569028 0.5860078 -0.6692045 -0.4569028 0.5860079 -0.70677 -0.5252799 0.4738748 -0.70677 -0.5252798 0.4738747 -0.701569 -0.6198901 0.3514788 -0.701569 -0.6198901 0.3514788 -0.7017507 -0.7025442 0.1182274 -0.7018283 -0.7024822 0.1181352 -0.7018616 -0.7024555 0.1180955 -0.7016539 -0.7026214 0.1183432 -0.7070069 -0.661118 0.2511259 -0.7070068 -0.6611182 0.2511259 -0.7070069 -0.661118 0.2511259 -0.6860356 -0.624832 0.372747 -0.6860356 -0.624832 0.372747 -0.7071254 0.7070648 0.005761563 -0.7071232 0.707067 0.005760788 -0.7070899 0.7071029 0.005425631 -0.7070904 0.7071023 0.00542438 -0.697273 0.7063961 0.1217167 -0.7017548 0.7008325 0.1279615 -0.6996102 0.702778 0.1290303 -0.6967784 0.7070945 0.1204879 -0.7105951 0.6770986 0.1912907 -0.70947 0.67874 0.1896424 -0.706271 0.6832831 0.1852172 -0.7067862 0.6833328 0.1830566 -0.7067065 0.6693873 0.2290994 -0.7067065 0.6693873 0.2290994 -0.7067065 0.6693873 0.2290993 -0.6968492 0.6824884 0.2204788 -0.6968492 0.6824884 0.2204788 -0.7070763 0.6648994 0.2407321 -0.7070763 0.6648995 0.2407321 -0.7070763 0.6648995 0.2407321 -0.704473 -0.7051872 0.08018076 -0.704473 -0.7051871 0.08018076 -0.7044729 -0.7051872 0.08018076 -0.6984589 -0.7060062 0.1170917 -0.698459 -0.7060062 0.1170917 -0.698459 -0.7060062 0.1170917 -0.6883909 -0.7118938 0.1390153 -0.6883907 -0.711894 0.1390153 -0.6883907 -0.711894 0.1390153 -0.706781 -0.6728686 0.218423 -0.7067281 -0.6728939 0.2185161 -0.7068244 -0.6727413 0.2186744 -0.706692 -0.6728724 0.2186992 -0.7069835 -0.6834749 0.1817595 -0.7063704 -0.6846085 0.179867 -0.7083173 -0.6839854 0.1745012 -0.7091221 -0.6838008 0.1719372 -0.7071183 -0.7070742 -0.005458295 -0.7071172 -0.7070754 -0.005458295 -0.7071142 -0.7070783 -0.005458235 -0.707113 -0.7070795 -0.005458235 -0.7015833 0.7007572 0.1293076 -0.7016975 0.7006247 0.1294054 -0.7016215 0.7007128 0.1293403 -0.7014945 0.7008601 0.1292314 -0.7070237 0.6570947 0.2614271 -0.7070236 0.6570947 0.2614271 -0.6891219 0.6248764 0.3669341 -0.7030853 0.6049787 0.3737272 -0.7067685 0.5179323 0.4818968 -0.7067685 0.5179322 0.4818968 -0.7067685 0.5179322 0.4818968 -0.6801951 0.4667926 0.5651896 -0.6801952 0.4667926 0.5651897 -0.6801951 0.4667926 0.5651897 -0.7040984 0.4279012 0.5666975 -0.7040984 0.4279012 0.5666975 -0.7040984 0.4279012 0.5666975 -0.7063714 0.3080779 0.6372813 -0.7063715 0.3080779 0.6372813 -0.7063715 0.3080778 0.6372812 -0.6744974 0.2470949 0.6956992 -0.6744974 0.2470949 0.6956992 -0.6744974 0.2470949 0.6956992 -0.7052483 0.1930531 0.6821696 -0.7058218 0.05640649 0.7061402 -0.7058218 0.05640643 0.7061402 -0.7058218 0.05640649 0.7061402 -0.6723792 -0.005919396 0.7401832 -0.7057584 -0.06720203 0.7052581 -0.7057585 -0.06720203 0.7052581 -0.7057585 -0.06720203 0.7052581 -0.7016704 -0.2491117 0.6675344 -0.651094 -0.218308 0.7269238 -0.706201 -0.318078 0.6325399 -0.7017817 -0.4622493 0.5420591 -0.7017817 -0.4622493 0.5420591 -0.7017818 -0.4622493 0.5420591 -0.669202 -0.4569031 0.5860105 -0.6692019 -0.4569031 0.5860105 -0.669202 -0.456903 0.5860106 -0.7067726 -0.5252997 0.473849 -0.7067728 -0.5252994 0.4738489 -0.7018389 -0.61974 0.3512046 -0.7017544 -0.7025396 0.1182322 -0.701637 -0.7026336 0.118371 -0.7015864 -0.702674 0.1184308 -0.7014859 -0.7027543 0.1185495 -0.7069984 -0.6610973 0.2512046 -0.7069987 -0.6610969 0.2512047 -0.7069982 -0.6610974 0.2512047 -0.6861447 -0.624888 0.3724521 -0.6861447 -0.624888 0.3724521 -0.6861447 -0.624888 0.3724521 -0.7071257 0.7070668 0.005458235 -0.7071235 0.707069 0.005457818 -0.7071181 0.7070744 0.005456805 -0.707116 0.7070766 0.005456387 -0.6972778 0.7063927 0.1217091 -0.7017877 0.700824 0.1278274 -0.6996447 0.7027537 0.1289749 -0.6968346 0.7070953 0.1201579 -0.7106166 0.677054 0.1913691 -0.7098616 0.6783944 0.189414 -0.7076458 0.6820594 0.1844791 -0.7068659 0.6832185 0.1831747 -0.7068443 0.6692712 0.2290142 -0.7068442 0.6692711 0.2290142 -0.7068442 0.6692711 0.2290143 -0.69687 0.6824653 0.2204841 -0.6968701 0.6824653 0.2204841 -0.6968701 0.6824653 0.2204841 -0.7070586 0.6648665 0.2408752 -0.7070587 0.6648663 0.2408751 -0.7070586 0.6648664 0.2408752 -0.7044831 -0.7051841 0.08011853 -0.704483 -0.7051842 0.08011853 -0.6984379 -0.7060084 0.117204 -0.6984379 -0.7060084 0.117204 -0.6984379 -0.7060084 0.117204 -0.6884061 -0.7119026 0.1388947 -0.6884061 -0.7119027 0.1388946 -0.688406 -0.7119027 0.1388946 -0.7068833 -0.6727098 0.2185809 -0.7068341 -0.6727609 0.2185826 -0.7068575 -0.6727579 0.2185164 -0.7067323 -0.6728132 0.2187509 -0.7070385 -0.6834475 0.1816487 -0.7076542 -0.6834186 0.179345 -0.7092261 -0.6833025 0.1734826 -0.7091043 -0.6838482 0.1718221 -0.7071234 -0.7070692 -0.005458295 -0.7071218 -0.7070707 -0.005457878 -0.7071179 -0.7070747 -0.005456805 -0.7071164 -0.7070763 -0.005456387 -0.701673 0.7007046 0.1291048 -0.7017657 0.7006785 0.128743 -0.70168 0.7007158 0.1290062 -0.7016546 0.7007268 0.1290845 -0.7070142 0.6571059 0.2614248 -0.707014 0.6571061 0.2614248 -0.7070142 0.657106 0.2614248 -0.6893886 0.6244874 0.3670954 -0.6893886 0.6244874 0.3670954 -0.7029642 0.6051524 0.3736735 -0.7029642 0.6051524 0.3736735 -0.7029642 0.6051524 0.3736735 -0.7067893 0.5177968 0.4820119 -0.7067893 0.5177967 0.4820119 -0.7067894 0.5177967 0.4820119 -0.6799944 0.4671991 0.5650953 -0.7041081 0.4279382 0.5666574 -0.7063786 0.3081638 0.6372319 -0.7063786 0.3081637 0.6372319 -0.7063786 0.3081638 0.637232 -0.6744704 0.2470825 0.6957298 -0.6744704 0.2470825 0.6957298 -0.6744704 0.2470825 0.6957298 -0.7049896 0.1932045 0.6823942 -0.7049896 0.1932045 0.6823942 -0.7049895 0.1932045 0.6823942 -0.7058499 0.05650264 0.7061044 -0.70585 0.05650264 0.7061044 -0.70585 0.05650264 0.7061044 -0.6723772 -0.005924105 0.740185 -0.7057588 -0.06723731 0.7052543 -0.7057628 -0.0672369 0.7052505 -0.7057588 -0.06723731 0.7052543 -0.7017065 -0.2487249 0.6676406 -0.7017065 -0.2487249 0.6676406 -0.6510765 -0.2180656 0.7270122 -0.6510765 -0.2180656 0.7270123 -0.6510765 -0.2180657 0.7270123 -0.7063785 -0.3179877 0.632387 -0.7063784 -0.3179879 0.6323871 -0.7063784 -0.3179878 0.6323871 -0.7016647 -0.4622125 0.5422421 -0.7016646 -0.4622124 0.5422421 -0.7016647 -0.4622124 0.5422422 -0.6693236 -0.4568022 0.5859504 -0.7067564 -0.5252589 0.4739184 -0.7067564 -0.5252588 0.4739184 -0.7067562 -0.525259 0.4739185 -0.701672 -0.6198154 0.3514046 -0.7016721 -0.6198154 0.3514046 -0.701672 -0.6198154 0.3514046 -0.7016407 -0.7026321 0.1183581 -0.7018115 -0.7024943 0.1181631 -0.7018848 -0.7024351 0.1180794 -0.7017514 -0.702543 0.1182304 -0.7070198 -0.6611174 0.2510914 -0.7070199 -0.6611173 0.2510914 -0.7070199 -0.6611173 0.2510914 -0.6860624 -0.6248522 0.3726636 -0.6860623 -0.6248522 0.3726636 -0.7070888 0.707104 0.005427896 -0.7071214 0.7070687 0.005760192 -0.7071184 0.7070717 0.005761146 -0.7071173 0.7070729 0.005761563 -0.6973489 0.7063138 0.1217598 -0.7018657 0.7008061 0.1274966 -0.6978393 0.704541 0.1290052 -0.6969928 0.7068988 0.1203963 -0.7106012 0.6771136 0.1912152 -0.7093445 0.6788676 0.1896557 -0.7059666 0.6833722 0.1860473 -0.7068075 0.6833029 0.1830857 -0.7066911 0.6694059 0.229093 -0.706691 0.6694059 0.229093 -0.706691 0.6694059 0.229093 -0.6970026 0.6822492 0.220734 -0.7070249 0.6649544 0.240731 -0.7070249 0.6649544 0.240731 -0.7070249 0.6649544 0.240731 -0.7016653 -0.6202858 0.3505875 -0.7015697 -0.6204062 0.3505656 -0.7015711 -0.6203931 0.3505859 -0.7015899 -0.620352 0.3506212 -0.6995501 -0.4463196 0.5580578 -0.6990088 -0.4446067 0.5600997 -0.6974604 -0.4406046 0.5651696 -0.6967301 -0.4392318 0.5671355 -0.7001105 -0.1528362 0.6974858 -0.66608 -0.2635063 0.6977835 -0.6660801 -0.2635062 0.6977836 -0.6660801 -0.2635062 0.6977835 -0.7192725 0.1255826 0.6832834 -0.7192724 0.1255827 0.6832835 -0.6903694 0.03937774 0.7223846 -0.6903694 0.03937774 0.7223846 -0.6903694 0.03937774 0.7223846 -0.7071156 0.707077 0.005457341 -0.7071156 0.707077 0.005457341 -0.7071154 0.7070772 0.005457341 -0.7071153 0.7070772 0.005457341 -0.7016083 0.7007279 0.12933 -0.7016013 0.700736 0.1293241 -0.701606 0.7007307 0.129328 -0.7016137 0.7007216 0.1293346 -0.7069958 0.657094 0.2615044 -0.7069959 0.6570939 0.2615042 -0.7069957 0.6570941 0.2615044 -0.6891211 0.6248779 0.3669332 -0.7030099 0.6050824 0.373701 -0.7030099 0.6050823 0.373701 -0.7030099 0.6050824 0.3737009 -0.7068127 0.5178182 0.4819548 -0.7068127 0.517818 0.4819547 -0.7068127 0.5178181 0.4819547 -0.6803561 0.4666347 0.5651263 -0.704106 0.4279416 0.5666574 -0.7063626 0.3083001 0.6371836 -0.7063626 0.3083001 0.6371837 -0.6745552 0.2471341 0.6956292 -0.6745552 0.2471341 0.6956292 -0.6745552 0.2471342 0.6956293 -0.7049084 0.1931999 0.6824793 -0.7049084 0.1931999 0.6824793 -0.7049084 0.1931999 0.6824793 -0.7016929 -0.005516886 0.7124581 -0.7016929 -0.005516886 0.7124581 -0.7016929 -0.005516886 0.7124582 -0.631538 0.06162911 0.7728918 -0.6315381 0.06162917 0.7728918 -0.631538 0.06162911 0.7728917 -0.7057586 -0.06719636 0.7052585 -0.7057586 -0.06719636 0.7052586 -0.7057585 -0.06719636 0.7052586 -0.7017182 -0.2486485 0.6676567 -0.7017183 -0.2486485 0.6676567 -0.6511304 -0.2181424 0.7269409 -0.6511304 -0.2181424 0.7269409 -0.6511305 -0.2181423 0.7269409 -0.7063848 -0.318004 0.6323716 -0.7063847 -0.3180041 0.6323717 -0.7063848 -0.3180041 0.6323717 -0.7015599 -0.4621136 0.5424617 -0.6690592 -0.4569112 0.5861672 -0.6690592 -0.4569112 0.5861672 -0.6690592 -0.4569113 0.5861672 -0.7066731 -0.5253297 0.473964 -0.7066731 -0.5253298 0.473964 -0.7018094 -0.619903 0.3509755 -0.701644 -0.7026292 0.1183555 -0.7015737 -0.7026848 0.1184421 -0.7015436 -0.7027086 0.1184793 -0.7014835 -0.7027561 0.1185533 -0.7069847 -0.661073 0.2513069 -0.7069847 -0.661073 0.2513069 -0.7069846 -0.6610731 0.251307 -0.6860091 -0.6251011 0.3723442 -0.7071248 -0.7070678 -0.005458295 -0.7071227 -0.7070698 -0.005457878 -0.7071175 -0.707075 -0.005456805 -0.7071155 -0.7070771 -0.005456387 -0.7091143 -0.6838195 0.1718945 -0.7091143 -0.6838196 0.1718945 -0.7091143 -0.6838196 0.1718945 -0.7044899 -0.7051861 0.08004057 -0.70449 -0.7051861 0.08004057 -0.70449 -0.7051862 0.08004057 -0.6984473 -0.7060006 0.1171952 -0.6984472 -0.7060006 0.1171952 -0.6984472 -0.7060006 0.1171953 -0.6884151 -0.7119036 0.1388454 -0.6884151 -0.7119036 0.1388455 -0.6884149 -0.7119038 0.1388454 -0.7069331 -0.6753853 0.2100009 -0.7069331 -0.6753853 0.2100009 -0.6973243 -0.6816415 0.2215936 0 0.9999669 0.008146524 0 0.9999707 0.007668852 0 0.9999669 0.00814712 0 0.9999707 0.007669448 0 -0.986106 0.1661174 -0.004137694 -0.9823075 0.1872294 -1.66414e-7 -0.9347798 0.3552278 0 -0.9347798 0.3552278 0 -0.9347799 0.3552278 0 -0.8589008 0.512142 0 -0.8589008 0.512142 0 -0.8589009 0.512142 -0.007263898 -0.8358178 0.548959 -1.40044e-7 -0.7425644 0.6697747 0 -0.7425644 0.6697747 1.76697e-7 -0.7425644 0.6697747 0 -0.6148239 0.7886644 -0.009432494 -0.5621454 0.8269847 0 -0.4492803 0.8933909 0 -0.4492803 0.8933909 0 -0.4492803 0.8933909 0 -0.2872824 0.957846 0 -0.2872824 0.957846 0 -0.2872824 0.9578459 -0.01043397 -0.202508 0.979225 0 -0.09513878 0.9954641 0 -0.09513878 0.9954641 0 -0.09513878 0.9954641 0 0.0794332 0.9968402 0 0.0794332 0.9968402 0 0.0794332 0.9968402 -0.01044273 0.1870626 0.9822925 4.5819e-7 0.2723819 0.9621893 0 0.2723819 0.9621893 0 0.2723819 0.9621893 0 0.4353591 0.9002569 0 0.4353591 0.9002569 0 0.4353591 0.9002569 -0.009451687 0.5493405 0.8355451 0 0.6026524 0.7980039 0 0.7318965 0.6814159 0 0.7318965 0.6814159 0 0.7318965 0.6814159 -0.007425367 0.8269991 0.5621542 0 0.9834275 0.1813016 0 0.9834275 0.1813016 0 0.9834275 0.1813016 -0.004213511 0.9792392 0.2026647 -0.004213511 0.9792391 0.2026647 -0.004213511 0.9792392 0.2026647 0 0.9291707 0.3696511 2.49234e-7 0.9291707 0.3696511 1.55726e-7 0.9291707 0.369651 0 0.8506896 0.5256686 0 0.8506895 0.5256685 0 0.8506896 0.5256686 0 -0.9999702 -0.00771898 0 -0.9999702 -0.00771898 0 -0.9999702 -0.00771898 0 -0.9999702 -0.00771898 0 -0.9547612 0.2973736 7.74052e-4 -0.9538927 0.300147 0.002234995 -0.9520003 0.3060892 0.002956569 -0.9509169 0.3094325 0 -0.9664568 0.2568294 0 -0.9664568 0.2568294 0 -0.9664568 0.2568294 0 -0.9864826 0.1638667 0 -0.9864275 0.1641978 0 -0.9864826 0.1638667 -0.6998912 -0.6099997 0.3715544 -0.6998816 -0.6100711 0.3714553 -0.6999187 -0.6101192 0.3713063 -0.6999239 -0.6101223 0.3712916 -0.6996848 -0.4149417 0.5816052 -0.6996591 -0.4150273 0.581575 -0.6996221 -0.4150597 0.5815965 -0.6996834 -0.4149563 0.5815965 -0.6996065 -0.1506881 0.6984582 -0.6996867 -0.1501894 0.6984853 -0.6996694 -0.1501492 0.6985112 -0.6996934 -0.1503098 0.6984527 -0.6999765 0.6040337 0.3810204 -0.6999938 0.6039736 0.3810836 -0.6998924 0.6043235 0.3807148 -0.699855 0.6044523 0.3805791 -0.6997099 0.4058285 0.5879706 -0.6996674 0.4059092 0.5879655 -0.6996688 0.4058963 0.5879727 -0.6997246 0.4058204 0.5879588 -0.6996581 0.1392644 0.7007739 -0.6996678 0.1393122 0.7007547 -0.6996551 0.1392587 0.700778 -0.6996539 0.1391132 0.7008082 0 0.9999703 0.007716655 0 0.9999703 0.007718384 0 0.9999703 0.007717251 0 0.9999702 0.00771898 0 -0.9861342 0.16595 -0.004186809 -0.982267 0.1874412 -0.004186749 -0.982267 0.1874412 -0.004186809 -0.9822669 0.1874412 0 -0.9347991 0.3551768 2.20891e-7 -0.9347993 0.3551767 -4.03081e-7 -0.9347993 0.3551768 0 -0.8588877 0.5121641 0 -0.8588877 0.5121641 0 -0.8588877 0.5121641 -0.007395565 -0.8357388 0.5490773 -0.007395446 -0.8357389 0.5490773 -0.007395505 -0.8357388 0.5490773 -1.43343e-7 -0.7425391 0.6698028 0 -0.7425391 0.6698028 1.78276e-7 -0.7425391 0.6698028 0 -0.6148904 0.7886126 0 -0.6148904 0.7886126 0 -0.6148904 0.7886126 -0.009492993 -0.5619481 0.827118 -0.009492933 -0.5619481 0.827118 -0.009492933 -0.5619481 0.827118 0 -0.4492568 0.8934028 0 -0.2871708 0.9578795 0 -0.2871708 0.9578795 0 -0.2871708 0.9578795 -0.01053559 -0.203158 0.9790893 0 -0.09495991 0.9954811 0 -0.09495991 0.9954811 0 -0.09495991 0.9954811 0 0.07939988 0.9968429 0 0.07939988 0.9968429 0 0.07939988 0.9968429 -0.01049667 0.1875571 0.9821977 -0.01049673 0.1875571 0.9821977 -0.01049673 0.1875571 0.9821977 0 0.2722958 0.9622136 0 0.4354401 0.9002178 0 0.4354401 0.9002178 0 0.4354401 0.9002178 -0.009476482 0.5490164 0.8357579 -0.009476482 0.5490165 0.8357579 -0.009476482 0.5490164 0.8357579 0 0.6026034 0.7980409 0 0.6026034 0.7980409 0 0.6026034 0.7980409 0 0.732015 0.6812886 0 0.732015 0.6812887 2.04585e-7 0.732015 0.6812887 -0.007295608 0.8272679 0.5617605 0 0.9834213 0.1813358 -0.004166781 0.9792691 0.2025209 0 0.9291429 0.3697209 0 0.929143 0.3697209 0 0.9291429 0.3697209 0 0.8509323 0.5252757 0 0.8509323 0.5252757 0 0.8509323 0.5252757 0 0.9461913 0.3236082 4.70583e-4 0.9470914 0.3209639 0.001628339 0.9491274 0.3148882 0.002198457 0.9500915 0.3119636 0 0.9623191 0.2719229 0 0.9623191 0.2719229 0 0.9623191 0.2719229 0 0.9837897 0.1793265 0 0.9837897 0.1793265 0 0.9837897 0.1793265 0 0.9837897 0.1793265 0 -0.9547897 0.2972824 7.4979e-4 -0.9540005 0.2998045 0.002283453 -0.9519914 0.3061163 0.002905488 -0.9510578 0.3089995 0 -0.9664596 0.2568191 1.81772e-7 -0.9664595 0.2568191 0 -0.9664595 0.2568191 0 -0.9864773 0.1638982 3.05622e-7 -0.9864773 0.1638984 0 -0.9864851 0.1638511 0 -0.9864851 0.1638509 -0.6998486 -0.6101092 0.371455 -0.6998547 -0.6100921 0.3714716 -0.6999063 -0.6101051 0.3713529 -0.6996126 -0.6103084 0.3715724 -0.6995882 -0.4148074 0.5818172 -0.699694 -0.4149492 0.5815888 -0.6997355 -0.4148657 0.5815985 -0.6996746 -0.4151373 0.5814779 -0.69966 -0.1501995 0.6985099 -0.6996605 -0.149944 0.6985642 -0.6996597 -0.1502029 0.6985095 -0.6996133 -0.1503262 0.6985295 -0.7000032 0.6042906 0.3805634 -0.6999402 0.6042379 0.3807631 -0.7000012 0.604233 0.3806582 -0.6999983 0.6042156 0.3806915 -0.6996865 0.4057641 0.5880429 -0.6997492 0.4059579 0.5878344 -0.6996655 0.4058821 0.5879864 -0.6996698 0.4059776 0.5879154 -0.6996564 0.1396393 0.700701 -0.6996625 0.1392887 0.7007647 -0.699685 0.1394044 0.7007191 -0.6996046 0.1394557 0.7007892 0 0.9461861 0.3236231 5.31028e-4 0.9471839 0.3206909 0.001634538 0.9491425 0.3148429 0.002155184 0.950087 0.3119779 0 0.9623408 0.2718459 0 0.9623408 0.2718459 0 0.9623408 0.271846 0 0.9837898 0.1793262 0 0.9838498 0.1789961 0 0.9837898 0.1793262 0 0.9999669 0.008144199 0 0.9999707 0.007668256 0 0.9999669 0.008145391 0 0.9999707 0.007669448 0 -0.9861341 0.1659502 -0.004141807 -0.9823375 0.1870722 -1.66412e-7 -0.9347935 0.3551916 0 -0.9347935 0.3551917 0 -0.9347935 0.3551916 0 -0.8589562 0.5120492 0 -0.8589562 0.5120492 0 -0.8589562 0.5120492 -0.007496356 -0.8355588 0.5493499 0 -0.7425112 0.6698337 1.33454e-7 -0.7425112 0.6698337 -2.55575e-7 -0.7425112 0.6698337 0 -0.6149382 0.7885753 0 -0.6149382 0.7885753 0 -0.6149382 0.7885754 -0.009585559 -0.5621424 0.8269848 0 -0.4492558 0.8934032 0 -0.4492558 0.8934032 -1.23917e-7 -0.4492558 0.8934032 0 -0.2873114 0.9578372 0 -0.2873114 0.9578372 0 -0.2873114 0.9578372 -0.01061552 -0.2025067 0.9792234 0 -0.09476923 0.9954993 0 -0.09476923 0.9954993 0 -0.09476923 0.9954993 0 0.07940524 0.9968425 0 0.07940524 0.9968425 0 0.07940524 0.9968425 -0.01050657 0.1873809 0.9822311 -0.01050662 0.1873809 0.9822312 -0.01050657 0.1873809 0.9822311 0 0.4353591 0.9002569 -0.009451687 0.5493426 0.8355438 -2.4208e-7 0.7319621 0.6813455 1.62593e-7 0.731962 0.6813455 -1.33485e-7 0.7319621 0.6813454 -0.007529795 0.8269963 0.5621569 0 0.9834275 0.1813016 0 0.9834275 0.1813016 -0.004141449 0.9792156 0.20278 -0.00414139 0.9792156 0.20278 -0.004141449 0.9792156 0.20278 -1.48633e-7 0.929104 0.3698186 -4.20782e-7 0.929104 0.3698185 2.81682e-7 0.929104 0.3698185 0 0.8508937 0.5253379 0 0.8508937 0.5253379 0 0.8508937 0.5253379 0 -0.9574046 0.2887501 5.22664e-4 -0.956519 0.2916697 0.001949489 -0.9546167 0.2978309 0.002675473 -0.9536817 0.3008056 0 -0.9683861 0.2494563 0 -0.9683861 0.2494563 -2.03254e-7 -0.9683861 0.2494563 0 -0.9874554 0.1578984 0 -0.9874573 0.1578862 0 -0.9874572 0.1578873 0 -0.9874552 0.1578996 -0.6999115 -0.6101019 0.3713482 -0.6998872 -0.6100587 0.3714652 -0.6999016 -0.6100205 0.3715008 -0.6999244 -0.6100527 0.3714048 -0.6996906 -0.4148877 0.5816367 -0.6996778 -0.4149901 0.5815791 -0.6996864 -0.4148257 0.581686 -0.6997013 -0.4147969 0.5816887 -0.6997048 -0.1500144 0.6985049 -0.6996619 -0.1499438 0.6985629 -0.6996853 -0.1501993 0.6984846 -0.6996795 -0.150241 0.6984815 -0.6998938 0.6043141 0.3807271 -0.6998481 0.604445 0.3806034 -0.6998281 0.6045074 0.380541 -0.6998512 0.6044432 0.3806005 -0.6996704 0.4058764 0.5879845 -0.6996686 0.4058712 0.5879903 -0.6996785 0.4059046 0.5879554 -0.6996771 0.4059035 0.5879577 -0.6995577 0.139229 0.7008811 -0.6996409 0.1392198 0.7007999 -0.6996472 0.1392443 0.7007888 -0.6996155 0.1394578 0.700778 0 0.9461282 0.3237925 4.73778e-4 0.9471535 0.3207804 0.001581966 0.9491078 0.3149475 0.002010285 0.9501268 0.3118576 0 0.9837908 0.1793203 0 0.98385 0.1789954 0 0.983851 0.1789896 -0.7062833 0.7059199 0.05330133 -0.7017767 0.7052844 0.1004171 -0.7017767 0.7052843 0.1004171 -0.7017766 0.7052844 0.1004171 -0.6956994 0.7074947 0.1243125 -0.6956994 0.7074947 0.1243125 -0.6956993 0.7074948 0.1243125 -0.7031307 0.6965318 0.1430057 -0.7031307 0.6965318 0.1430057 -0.7031307 0.6965318 0.1430057 -0.7086865 0.6827813 0.1776883 -0.6999384 0.6805353 0.216698 -0.6973261 0.6834421 0.2159707 -0.6977574 0.6832535 0.2151728 -0.6975572 0.6837019 0.2143963 -0.7071943 0.6667114 0.2353128 0 0.1808155 0.9835171 0 0.1808155 0.9835171 0 0.1808155 0.9835171 0.001504063 0.1585861 0.9873441 0.001504182 0.1585862 0.9873441 0.001504123 0.1585862 0.9873441 -0.001592695 -0.2143031 0.9767659 -0.001592695 -0.2143031 0.9767659 -0.001592695 -0.2143031 0.9767659 0 -0.2362809 0.9716848 0 -0.2362809 0.9716849 0 -0.2362809 0.9716849 0 -0.6120041 0.7908546 0 -0.6120041 0.7908546 0 -0.6120041 0.7908546 -0.001800358 -0.5942016 0.8043141 -0.00180006 -0.5942017 0.8043141 -0.001800179 -0.5942016 0.8043141 0.001598715 -0.8706467 0.4919064 0.001598715 -0.8706467 0.4919065 0.001598656 -0.8706467 0.4919064 1.21931e-7 -0.8593345 0.5114141 0 -0.8593346 0.511414 -1.30534e-7 -0.8593346 0.511414 -0.706604 0.2838075 0.6482008 -0.7066039 0.2838075 0.6482008 -0.706604 0.2838075 0.6482008 -0.6957072 0.3200605 0.6430807 -0.6957072 0.3200605 0.6430808 -0.6716555 0.4598689 0.5808612 -0.6716555 0.459869 0.580861 -0.6716555 0.4598687 0.5808613 -0.7002925 0.4244149 0.5739882 -0.7002924 0.4244148 0.5739884 -0.7002925 0.4244149 0.5739883 -0.7118192 0.3637303 0.6008441 -0.7118193 0.3637304 0.6008441 -0.7118192 0.3637303 0.6008442 -0.9153212 0.4027125 0.003135502 -0.9997643 0.02171337 1.99873e-4 -0.9997642 0.02171337 1.99963e-4 -0.9997642 0.02171337 2.00086e-4 -0.99465 0.1033037 3.48085e-7 -0.99465 0.1033037 3.2939e-7 -0.9946499 0.1033037 3.05989e-7 -0.9925795 0.1215965 -5.85997e-4 -0.9723141 0.2336648 0.002453267 -0.9358953 0.3522757 0.00139904 -0.9358953 0.3522757 0.00139904 -0.9358953 0.3522757 0.00139898 -0.877395 0.4796954 0.008399724 -0.877395 0.4796954 0.008399903 -0.877395 0.4796954 0.008399903 -0.630359 0.409711 -0.6593819 -0.7015488 0.1309212 -0.700492 -0.6615338 0.3886443 -0.6413491 -0.6615338 0.3886444 -0.641349 -0.6615338 0.3886443 -0.6413491 -0.6476809 0.08843338 -0.7567622 -0.647681 0.08843332 -0.7567622 -0.647681 0.08843332 -0.7567622 -0.7142978 0.2228163 -0.6634241 -0.7142978 0.2228163 -0.6634241 -0.7080081 0.2624944 -0.6556076 -0.7080082 0.2624945 -0.6556075 -0.7080082 0.2624945 -0.6556075 -0.702731 0.3353637 -0.6274554 -0.702731 0.3353637 -0.6274555 -0.6757704 0.3729962 -0.6357738 -0.6757704 0.3729962 -0.6357737 -0.6757704 0.3729962 -0.6357738 -0.7071174 0.005499184 -0.7070748 -0.7071175 0.005499184 -0.7070748 -0.7071209 0.005499124 -0.7070713 -0.707121 0.005499124 -0.7070713 -1 -4.20188e-7 0 -1 3.21864e-7 0 -1 0 0 -1 4.84672e-6 0 -1 0 0 -1 0 0 -1 6.95924e-7 0 -1 -1.56707e-6 0 -1 -2.83616e-6 0 -1 7.0212e-7 0 -1 0 0 -1 8.36102e-7 0 -1 6.05818e-7 0 -1 -4.52601e-6 0 -1 5.53217e-6 0 -1 -1.15478e-6 0 -1 2.63913e-6 0 -1 5.46011e-6 0 -1 0 0 -1 1.68905e-7 0 -1 4.84668e-6 0 -1 0 0 -1 5.91919e-7 0 -1 -2.45429e-5 0 -1 -3.42779e-6 0 -1 -3.13957e-6 0 -1 -7.05719e-6 0 -1 -5.65072e-6 0 -0.9999998 -7.43184e-4 0 -1 -5.10264e-7 0 -1 1.27877e-6 0 -1 2.07364e-7 0 -1 -2.52444e-5 0 -1 5.40717e-6 0 -1 -7.82208e-7 0 -0.9999998 -6.70815e-4 0 -1 8.84377e-6 0 -1 -1.12566e-6 0 -1 -1.6375e-6 0 -1 0 0 -1 0 0 -1 1.47188e-7 0 -1 0 0 -1 2.00031e-7 0 -1 0 0 -1 -1.37887e-6 0 -1 -2.32914e-6 0 -1 8.04413e-7 0 -1 -3.66094e-6 0 -1 -1.58199e-5 0 -1 -2.69723e-6 0 -1 0 0 -1 -2.74815e-6 0 -1 -1.365e-4 0 -1 4.28983e-6 0 -1 1.96486e-6 0 -1 -2.52995e-5 0 -1 6.46689e-5 0 -1 4.93387e-5 0 -1 -3.35569e-4 0 -1 -6.06293e-6 0 -1 -2.61298e-7 0 -1 -6.08718e-7 0 -1 -8.76885e-5 0 -1 -6.51875e-6 0 0 0.9999703 0.007717847 0 0.9999703 0.007717847 0 0.9999703 0.007717847 0 0.9999703 0.007717847 0 -0.9861074 0.1661096 -0.004268884 -0.9821798 0.1878955 0 -0.9347918 0.3551961 0 -0.9347918 0.3551961 0 -0.9347918 0.3551961 0 -0.85896 0.5120427 0 -0.85896 0.5120427 0 -0.85896 0.5120427 -0.00737679 -0.8359516 0.5487536 0 -0.7425318 0.6698108 0 -0.6149994 0.7885276 -0.009551405 -0.5617489 0.8272526 0 -0.4492599 0.8934011 0 -0.4492599 0.8934011 -1.23735e-7 -0.4492599 0.8934011 0 -0.2873128 0.9578369 0 -0.2873128 0.9578369 0 -0.2873128 0.9578369 -0.01065307 -0.2025091 0.9792225 0 -0.09478282 0.9954981 0 -0.09478282 0.9954981 0 -0.09478282 0.995498 0 0.07940942 0.9968421 3.21707e-7 0.07940942 0.9968421 0 0.07940942 0.9968421 -0.01047033 0.187519 0.9822052 -0.01047033 0.1875191 0.9822052 -0.01047039 0.1875191 0.9822052 0 0.2722947 0.9622139 -0.009451985 0.5493416 0.8355445 0 0.6026508 0.7980051 0 0.7320649 0.681235 0 0.7320649 0.681235 1.95054e-7 0.7320649 0.681235 -0.007272541 0.8269998 0.5621554 0 0.9833897 0.1815069 -0.004129052 0.9792697 0.2025187 1.84729e-7 0.9291728 0.3696457 -3.39543e-7 0.9291728 0.3696457 0 0.9291728 0.3696457 0 0.8508046 0.5254822 0 0.8508046 0.5254822 0 0.8508046 0.5254822 0 -0.9999703 -0.007716655 0 -0.9999703 -0.007718384 0 -0.9999703 -0.007717251 0 -0.9547615 0.2973732 0 -0.9547622 0.2973703 0 -0.9547621 0.2973708 0 -0.9864779 0.1638946 0 -0.9864705 0.1639392 0 -0.9864783 0.1638922 0 -0.9864779 0.1638949 -1 -5.88053e-7 0 -1 -6.20766e-7 0 -1 6.14084e-7 0 -1 7.24291e-7 0 -1 6.74044e-7 0 -1 -3.73698e-7 0 -1 2.12378e-7 0 -1 -5.83318e-7 0 -1 6.54387e-7 0 -1 -6.74025e-7 0 -1 4.49614e-7 0 -1 -4.92666e-7 0 -1 -2.8121e-7 0 -1 0 0 -1 -4.95629e-7 0 -1 -7.64851e-7 0 -1 -6.03474e-6 0 -1 -6.93404e-6 0 0 -0.8541942 0.5199542 0 -0.8542191 0.5199133 0 -0.8542195 0.5199126 0 -0.8541947 0.5199535 0 -0.5807781 0.8140621 0 -0.5807731 0.8140655 0 -0.5807733 0.8140653 0 -0.5808173 0.8140341 0 -0.2101655 0.9776659 0 -0.2102074 0.9776568 0 -0.2102077 0.9776567 7.07754e-7 -0.2101657 0.9776659 -0.7071196 -0.005376219 0.7070736 -0.7071195 -0.00537616 0.7070737 -0.7071188 -0.005375742 0.7070744 -0.7070596 -0.005701184 0.707131 1.85957e-4 0.8458533 0.5334156 0 0.8459838 0.5332088 2.14179e-4 0.8449944 0.5347751 1.95586e-4 0.8447343 0.5351858 -7.03044e-5 0.5670516 0.8236823 -2.93811e-4 0.5683073 0.8228164 3.16634e-5 0.5660462 0.8243736 9.12793e-5 0.5649701 0.8251114 -5.45796e-5 0.1944504 0.9809123 -1.09167e-4 0.194697 0.9808635 2.24019e-6 0.1940739 0.980987 0 0.1938182 0.9810374 -1 0 0 -1 5.88377e-7 0 -1 7.99234e-7 0 -1 1.89381e-7 0 -1 6.91788e-6 0 -1 -2.84782e-6 0 -1 1.00771e-6 0 -1 2.21373e-6 0 -4.06997e-5 -0.2097926 0.977746 0 -0.210191 0.9776604 -1.27896e-4 -0.2092493 0.9778624 -1.01208e-4 -0.2088388 0.9779501 7.41724e-5 -0.5800205 0.8146019 1.00343e-4 -0.5808139 0.8140365 -6.98691e-5 -0.5788792 0.8154133 -2.83091e-4 -0.5779459 0.816075 4.20291e-6 -0.8535567 0.521 8.9702e-5 -0.8541576 0.5200143 1.07068e-4 -0.853329 0.5213729 0 -0.8529521 0.5219893 -0.7071176 -0.005533456 0.7070744 -0.7071178 -0.005533576 0.7070741 -0.7071196 -0.005534112 0.7070723 -0.70712 -0.005534172 0.707072 7.31231e-5 0.8455306 0.533927 0 0.8461419 0.5329576 1.14764e-4 0.8452116 0.5344318 2.02817e-4 0.8447039 0.535234 -2.92191e-4 0.5676319 0.8232825 -1.96434e-4 0.5680614 0.8229861 -8.38683e-5 0.5655729 0.8246983 9.78624e-5 0.5651597 0.8249815 -5.84566e-5 0.1944509 0.9809123 -1.09015e-4 0.1951674 0.9807699 -4.00652e-5 0.1942079 0.9809604 0 0.193726 0.9810557 -1 -4.09575e-7 0 -1 3.49855e-7 0 -1 1.40231e-6 0 -1 0 0 -1 -3.19205e-7 0 -1 -2.72346e-7 0 -1 8.17323e-7 0 -1 1.19146e-6 0 -1 0 0 -1 8.64036e-7 0 -1 1.51251e-6 0 -1 4.90111e-7 0 -1 4.9437e-7 0 -1 5.25656e-7 0 -1 1.35769e-5 0 -1 -7.99364e-6 0 -1 5.10042e-7 0 -4.07227e-5 -0.2097928 0.9777459 0 -0.2098683 0.9777297 -1.44912e-4 -0.2091622 0.977881 -1.01324e-4 -0.2088388 0.9779501 -1.20447e-5 -0.579999 0.8146172 9.7447e-5 -0.5807684 0.814069 -2.06857e-4 -0.5783777 0.8157691 -1.32368e-4 -0.5779459 0.8160752 1.32843e-4 -0.8538349 0.520544 1.85749e-4 -0.8541521 0.5200234 5.4436e-5 -0.8532944 0.5214296 0 -0.8528516 0.5221536 -0.7071183 -0.005533456 0.7070737 -0.7071185 -0.005533516 0.7070735 -0.7071195 -0.005534112 0.7070724 -0.7071197 -0.005534172 0.7070723 0 0.8460852 0.5330477 0 0.8460853 0.5330477 0 0.8460847 0.5330485 0 0.8460847 0.5330485 0 0.5680588 0.822988 3.53878e-7 0.5680254 0.8230112 0 0.5680644 0.8229841 0 0.5680585 0.8229882 0 0.1951654 0.9807704 0 0.1951674 0.9807699 0 0.1951673 0.9807701 0 0.1951653 0.9807704 -0.7015655 0.6148312 0.3602617 -0.701568 0.6148824 0.3601694 -0.7015659 0.6148803 0.3601772 -0.704104 -0.1702097 0.6893956 -0.704104 -0.1702097 0.6893956 -0.7015633 0.6148882 0.3601687 -0.6987909 0.4356902 0.5673318 -0.6995851 0.4375942 0.5648824 -0.6944003 0.433952 0.5740156 -0.6967923 0.4300965 0.5740189 -0.6977162 0.1214908 0.7059972 -0.6977162 0.1214908 0.7059972 -0.7043313 0.1413752 0.6956512 -0.7043313 0.1413753 0.6956512 -0.7043313 0.1413753 0.6956512 -0.6985785 -0.1402947 0.7016448 -0.6985785 -0.1402947 0.7016448 -0.6985785 -0.1402947 0.7016448 0 0.9849134 0.1730477 0 0.9849134 0.1730483 0 0.9849134 0.1730483 0 0.9848969 0.1731421 0 0.9527133 0.3038709 0 0.9526834 0.3039644 0 0.9526544 0.3040554 0 0.9527133 0.3038706 -0.7003873 0.1336607 0.7011365 -0.7002383 0.1335552 0.7013055 -0.7005008 0.133741 0.7010079 -0.7002788 0.1338109 0.7012162 -0.7001318 0.3920187 0.596772 -0.7002142 0.3920004 0.5966874 -0.7003189 0.3918985 0.5966315 -0.7002658 0.3920923 0.5965665 -0.7003553 0.5903902 0.4011756 -0.7002284 0.5904298 0.4013389 -0.700452 0.5903601 0.4010512 -0.7002791 0.5904901 0.4011618 -0.7004212 0.6989321 0.1445831 -0.7003781 0.6989787 0.1445659 -0.7002884 0.6990337 0.1447349 -0.7000804 0.6991927 0.1449727 -0.7071192 -0.005499005 0.707073 -0.7071192 -0.005499005 0.707073 -0.7071192 -0.005499243 0.707073 -0.7071192 -0.005499243 0.707073 0 0.9793135 0.2023491 0 0.9792437 0.2026864 0 0.9792447 0.202682 0 0.9792465 0.2026733 0 0.8270228 0.5621684 0 0.8270177 0.562176 0 0.8272897 0.5617756 0 0.8270254 0.5621646 0 0.548967 0.8358441 0 0.5493624 0.8355843 0 0.5489645 0.8358458 0 0.5490899 0.8357635 0 0.1870719 0.9823462 0 0.1870729 0.9823461 0 0.1870724 0.9823461 0 0.1870714 0.9823463 -0.7071041 0.7070882 0.005498468 -0.7068502 0.7073436 0.00527656 -0.7071531 0.7070391 0.005501925 -0.7070604 0.7071315 0.005544185 -0.7070981 0.7070941 0.005499839 -0.7071157 0.7070766 0.005500674 0 0.9944143 0.1055472 0.003526806 0.9978975 0.06471556 -0.005000293 0.955079 0.2963094 -0.005000233 0.955079 0.2963094 -0.005000174 0.955079 0.2963094 7.60524e-5 0.9660709 0.2582771 0.02840125 0.9052761 0.4238735 0.02840155 0.9052761 0.4238736 0.02840173 0.905276 0.4238736 -0.01723748 0.7689025 0.6391338 -0.01723748 0.7689025 0.6391338 -0.01723748 0.7689025 0.6391338 -8.01066e-6 0.8789871 0.4768456 -8.13241e-6 0.8789871 0.4768456 -8.08418e-6 0.8789871 0.4768456 -2.99838e-4 0.8085079 0.5884853 -2.9983e-4 0.8085079 0.5884853 -2.99833e-4 0.8085079 0.5884853 2.13963e-4 0.620374 0.7843061 0.008306503 0.5489532 0.8358119 0 0.1742045 0.9847095 0.009747922 0.1875308 0.9822103 0.009747862 0.1875309 0.9822104 0.009747922 0.1875308 0.9822104 -1.66125e-7 0.3629667 0.9318021 0 0.3629667 0.9318021 -1.19569e-7 0.3629667 0.9318021 -0.001076579 0.4452917 0.895385 -0.8660352 0.4999682 0.003884375 -0.8660275 0.4999814 0.003905713 -0.8661271 0.4998078 0.004034638 -0.8660619 0.4999219 0.003878593 -0.8659787 0.5000673 0.003707528 -0.8660048 0.5000206 0.003917157 -0.8659974 0.5000331 0.00394392 -0.8659632 0.5000922 0.003952801 -0.8658432 0.5002989 0.004064917 -0.8660986 0.4998582 0.003889203 -0.8659998 0.5000294 0.003891944 -0.8660154 0.5000023 0.003906905 -0.8660398 0.4999609 0.003790795 -1.87602e-4 0.9827225 -0.1850854 0 0.9828817 -0.1842381 -4.08865e-4 0.9824398 -0.1865795 -4.93504e-4 0.9822614 -0.1875164 3.95189e-4 0.8382971 -0.5452136 6.70508e-4 0.8388315 -0.5443909 -1.91285e-5 0.8367098 -0.5476467 -2.89948e-4 0.8359062 -0.5488724 0 0.7145177 -0.6996174 0 0.7145201 -0.6996149 -1.75078e-6 0.7145153 -0.6996198 0 0.6830343 -0.7303864 1.4549e-7 0.6830343 -0.7303864 -1.72877e-7 0.6830343 -0.7303864 0.003894448 0.5627955 -0.826587 -1.54594e-4 0.5277641 -0.8493911 -2.45837e-7 0.3718151 -0.9283069 -1.41252e-7 0.3718151 -0.9283068 -3.38147e-7 0.3718152 -0.9283069 0.002273797 0.2037838 -0.9790134 0 0.1833878 -0.9830408 0 0.1833878 -0.9830407 1.60841e-7 0.1833878 -0.9830407 0.7071213 0.7070724 0.005309283 0.7071202 0.7070736 0.005307018 0.707082 0.7071092 0.005633294 0.7071161 0.7070777 0.005298912 0.7070792 0.707113 0.005502223 0.7070566 0.7071356 0.005505681 0.7070482 0.7071444 0.005446851 0.7070653 0.7071271 0.005477368 0.7070966 0.707096 0.005447506 0.7001073 0.1451113 -0.6991369 0.7002145 0.144702 -0.6991146 0.7001829 0.1447688 -0.6991323 0.7002327 0.144684 -0.6991 0.7001808 0.4012418 -0.5905522 0.699966 0.4014907 -0.5906377 0.7002216 0.4012148 -0.5905222 0.7001963 0.4012224 -0.5905471 0.7000802 0.596826 -0.3920289 0.7001864 0.5967094 -0.3920164 0.7003379 0.5967421 -0.3916962 0.7002447 0.5966944 -0.3919353 0.7000961 0.7013901 -0.1338562 0.7000741 0.701405 -0.133893 0.700138 0.7013569 -0.1338105 0.7001998 0.7013273 -0.1336424 0.7001522 0.1454896 -0.6990134 0.7001621 0.1454967 -0.699002 0.7001445 0.145484 -0.6990223 0.7004593 0.7014777 -0.1314768 0.6255071 0.7746079 -0.09340083 0.6255071 0.7746079 -0.09340095 0.6255068 0.774608 -0.09340149 0.7001327 0.1454754 -0.6990358 0.7015952 0.4028503 -0.5877719 0.7003267 0.401748 -0.5900349 0.7005556 0.4022008 -0.5894542 0.7022669 0.4022802 -0.5873601 0.7072057 0.504997 -0.4948114 0.7072059 0.5049989 -0.494809 0.707205 0.5050008 -0.4948084 0.7000365 0.5991282 -0.3885799 0.7001124 0.5991032 -0.3884817 0.7002117 0.5989937 -0.3884716 0.7002081 0.5990034 -0.3884631 0.7016586 0.6978347 -0.1438819 0.7016586 0.6978347 -0.1438819 0.7016586 0.6978347 -0.143882 0.5616289 0.8071011 -0.1821011 0.5616288 0.8071011 -0.1821015 0.5616289 0.8071011 -0.1821013 0.7071183 0.005499064 -0.7070739 0.7071182 0.005499064 -0.707074 0.7071149 0.005499184 -0.7070774 0.7071148 0.005499184 -0.7070774 0 0.007777154 -0.9999698 0 0.007777154 -0.9999698 0 0.007777094 -0.9999698 0 0.007777094 -0.9999698 -0.7050021 -0.07130402 -0.7056117 -0.7050021 -0.07130402 -0.7056117 -0.7050021 -0.07130402 -0.7056116 -0.673178 -0.1244307 -0.7289365 -0.673178 -0.1244306 -0.7289366 -0.673178 -0.1244307 -0.7289365 -0.6941182 -0.1670115 -0.7002195 -0.6941182 -0.1670115 -0.7002194 -0.6941182 -0.1670115 -0.7002193 -0.7070095 -0.2123097 -0.674583 -0.7070095 -0.2123097 -0.674583 -0.7070095 -0.2123097 -0.674583 -0.6301786 -0.3991861 -0.6659771 -0.6301786 -0.3991861 -0.6659771 -0.6301786 -0.3991861 -0.6659771 -0.661585 -0.3786091 -0.6472716 -0.7866191 -0.2205817 -0.5766925 -0.7866185 -0.2205808 -0.5766937 -0.7866187 -0.2205808 -0.5766933 -0.6829267 -0.3394225 -0.6468412 -0.6829266 -0.3394225 -0.6468414 -0.6829267 -0.3394225 -0.6468413 -0.7064241 -0.2736994 -0.6527279 -0.706424 -0.2736994 -0.652728 -0.706424 -0.2736994 -0.652728 -0.9995183 -0.03103584 -2.39762e-4 -0.9930549 -0.1176509 4.9951e-4 -0.9930549 -0.1176509 4.99627e-4 -0.9930549 -0.1176509 4.99587e-4 -0.9984236 -0.05610191 -0.001699864 -0.9984236 -0.05610191 -0.001699805 -0.9984237 -0.05610191 -0.001700043 -0.9715824 -0.2367017 -2.99921e-4 -0.9715824 -0.2367017 -3.00056e-4 -0.9715823 -0.2367017 -3.00017e-4 -0.9906222 -0.136559 -0.00440061 -0.9906222 -0.136559 -0.004401028 -0.9906222 -0.1365591 -0.004400968 -0.9156142 -0.4020459 -0.003129065 -0.8936131 -0.4487941 -0.006299674 -0.8936131 -0.4487941 -0.006299436 -0.893613 -0.4487941 -0.006299316 -0.9589828 -0.283464 -4.04223e-4 -1 -5.14847e-6 0 -1 -1.42562e-6 0 -1 -6.01547e-5 0 -1 2.68333e-4 0 -1 3.44269e-7 0 -1 2.84209e-7 0 -1 3.19204e-7 0 -1 0 0 -1 4.50899e-7 0 -1 -1.53961e-7 0 -1 0 0 -1 0 0 -1 -5.99944e-7 0 -1 4.81852e-7 0 -1 9.63669e-7 0 -1 1.3852e-5 0 -1 -3.53466e-6 0 -1 6.42818e-7 0 -3.39515e-5 -0.007732212 0.9999702 3.45731e-5 -0.007728576 0.9999702 1.77092e-4 -0.007791638 0.9999697 0 -0.007722258 0.9999703 2.40776e-5 -0.007797122 0.9999696 -5.23985e-6 -0.007800221 0.9999697 -1.4652e-6 -0.007799685 0.9999697 0 -0.007602572 0.9999711 0 -0.007602572 0.9999711 -3.54248e-4 -0.007822155 0.9999694 0 -0.007826209 0.9999694 0 -0.007826209 0.9999694 -1.00259e-4 -0.007803738 0.9999696 0 -0.007826209 0.9999694 -0.7084476 -0.3926652 0.5864437 -0.7084476 -0.3926652 0.5864437 -0.7084476 -0.3926651 0.5864437 -0.7002903 -0.4333277 0.5672925 -0.7002903 -0.4333277 0.5672925 -0.7002903 -0.4333277 0.5672925 -0.6717354 -0.4688525 0.5735408 -0.6717354 -0.4688525 0.5735406 -0.6717354 -0.4688526 0.5735407 -0.6976996 -0.3159052 0.6429769 -0.6976997 -0.315905 0.6429769 -0.6976997 -0.3159051 0.6429768 -0.709749 -0.3320633 0.6212813 -0.7097491 -0.3320633 0.6212813 -0.7070823 -0.2669931 0.6547896 -0.7070824 -0.2669931 0.6547894 -0.7070823 -0.266993 0.6547895 0 0.8629058 0.505365 0 0.8629058 0.505365 0 0.8629058 0.505365 0.001499712 0.8512991 0.5246787 0.001499712 0.8512991 0.5246787 0.001507043 0.8512992 0.5246787 -0.001559019 0.599632 0.8002743 0 0.5815795 0.8134896 0 0.5815795 0.8134896 0 0.5815795 0.8134896 -1.25306e-7 0.1991335 0.9799725 0 0.1991335 0.9799725 0 0.1991335 0.9799724 -0.00180006 0.2210937 0.975251 -0.001800239 0.2210937 0.975251 -0.001800119 0.2210937 0.975251 0.001634299 -0.196116 0.9805794 0 -0.1742172 0.9847073 -1 -6.12525e-7 0 -1 1.20997e-6 0 -1 0 0 -1 1.26013e-6 0 -1 -1.41558e-6 0 -1 -9.39131e-6 0 -1 -5.81433e-6 0 -1 -2.24193e-5 0 -1 6.58482e-7 0 -1 1.14054e-6 0 -1 -2.11962e-6 0 -1 -6.96742e-7 0 -1 1.04348e-6 0 -0.7000561 -0.7013902 0.134065 -0.7002066 -0.701314 0.133677 -0.7001803 -0.7013139 0.1338153 -0.7000614 -0.7014288 0.1338346 -0.7000778 -0.5969506 0.3918431 -0.7001349 -0.5968021 0.3919674 -0.7003464 -0.5965948 0.3919051 -0.7003313 -0.5965494 0.3920012 -0.7003787 -0.4010065 0.5904774 -0.7001939 -0.4012535 0.5905289 -0.7002158 -0.4012199 0.5905256 -0.6999601 -0.4015546 0.5906012 -0.7000455 -0.1449971 0.6992225 -0.6999486 -0.1451035 0.6992976 -0.7001197 -0.1449157 0.6991651 -0.7002354 -0.1447888 0.6990756 0 -0.007777094 0.9999698 0 -0.007777094 0.9999698 0 -0.007777094 0.9999698 0 -0.007777094 0.9999698 0.7071148 -0.005499303 0.7070774 0.7071149 -0.005499303 0.7070773 0.7071182 -0.005499064 0.707074 0.7071183 -0.005499064 0.7070739 0.7002981 0.6990487 0.144615 0.700121 0.6992505 0.1444969 0.7004332 0.6988947 0.1447051 0.7004212 0.6988929 0.1447717 0.7004421 0.5903169 0.4011321 0.7001789 0.5905684 0.4012213 0.7003455 0.5904435 0.4011145 0.7001941 0.5906417 0.4010869 0.7003331 0.3920009 0.5965474 0.7001454 0.392249 0.5966048 0.700476 0.3918121 0.5965038 0.7003791 0.3918284 0.5966067 0.7004891 0.1336431 0.7010383 0.7003185 0.1337129 0.7011953 0.7003762 0.1337653 0.7011278 0.7001993 0.133957 0.7012678 0.7001101 -0.1449864 0.69916 0.7002084 -0.145053 0.6990478 0.7000349 -0.1449355 0.6992459 0.7002511 -0.1446841 0.6990816 0.7002303 -0.4010853 0.5905998 0.700236 -0.4012236 0.5904991 0.7001538 -0.4012531 0.5905766 0.7002664 -0.4012094 0.5904728 0.7003166 -0.5967539 0.3917163 0.7002089 -0.5967007 0.3919897 0.7000505 -0.5968372 0.3920646 0.7001944 -0.5967051 0.392009 0.6999713 -0.7014716 0.1340813 0.7001268 -0.7013539 0.1338852 0.7000636 -0.7013989 0.1339797 0.7002075 -0.7012856 0.1338211 0.7070947 0.7070976 0.005499899 0.7070975 0.7070947 0.005500495 0.7071102 0.7070827 0.00541985 0.7071145 0.7070755 0.005768239 0.7070375 0.7071533 0.005681693 0.7070726 0.7071197 0.005482912 1.28421e-5 0.99997 0.007753372 0 0.99997 0.007750451 0 0.9999694 0.007818818 0 0.9999719 0.007503688 0 0.9999719 0.007503688 2.46205e-5 0.9999706 0.007674515 3.5708e-5 0.9999706 0.007677912 0 0.9999711 0.007614195 0 0.9999685 0.007952213 0 0.9999673 0.00808537 0.7001923 0.6991186 0.1447893 0.70021 0.6990898 0.1448426 0.7000399 0.6992133 0.1450689 0.7001356 0.6991763 0.1447854 0.700245 0.5904307 0.4013085 0.7001696 0.5906146 0.4011696 0.7001246 0.590739 0.4010649 0.7001993 0.5906408 0.4010792 0.7001695 0.3919067 0.5968014 0.7004023 0.3920249 0.5964504 0.7002193 0.3918437 0.5967842 0.700133 0.392185 0.5966614 0.7004573 0.1336762 0.7010637 0.7005121 0.1336159 0.7010204 0.7004156 0.1337221 0.7010967 0.7003502 0.1337939 0.7011482 0.851224 -0.5105376 -0.1215284 0.851224 -0.5105377 -0.1215284 0.851224 -0.5105377 -0.1215284 0.8530077 -0.3919851 -0.3445656 0.8530077 -0.3919852 -0.3445656 0.8530077 -0.3919851 -0.3445656 0.8544726 -0.184167 -0.4857563 0.8544726 -0.184167 -0.4857562 0.8555816 0.0649628 -0.5135757 0.8555816 0.0649628 -0.5135757 0.8564167 0.2969722 -0.4223245 0.8564167 0.2969722 -0.4223246 0.8564167 0.2969721 -0.4223244 0.8517179 0.5126069 -0.1086781 0.851718 0.5126069 -0.1086781 0.856945 0.4594262 -0.2336084 0.8569447 0.4594265 -0.2336086 0.8569449 0.4594263 -0.2336086 0.8534732 0.4001594 -0.3338503 0.8547677 0.1959804 -0.4805869 0.8547677 0.1959804 -0.4805869 0.8547679 0.1959804 -0.4805869 0.8558734 -0.05184495 -0.5145804 0.856577 -0.2861494 -0.4294119 0.8565769 -0.2861494 -0.4294119 0.856577 -0.2861493 -0.4294119 0.8570432 -0.453333 -0.2448804 0.8570431 -0.453333 -0.2448803 0.8570431 -0.453333 -0.2448803 0.8513401 0.5105199 0.1207879 0.8512884 -0.004236638 0.524681 0.8512884 -0.004236638 0.524681 0.8512777 0.2241227 0.4744421 0.8512777 0.2241227 0.4744421 0.8512777 0.2241226 0.4744421 0.8513198 0.4075981 0.3303309 0.8513199 0.407598 0.3303309 0.8513198 0.407598 0.3303309 0.8513084 -0.512403 0.1127719 0.8513084 -0.512403 0.1127719 0.8513084 -0.5124029 0.1127719 0.8513344 -0.4125871 0.3240399 0.851291 -0.231246 0.4709873 1 0 0 1 -5.69753e-7 0 1 1.42687e-6 0 1 2.00325e-5 0 1 1.23703e-6 0 1 0 0 1 1.43766e-6 0 1 -2.44143e-6 0 1 2.00135e-5 0 1 1.4273e-6 0 0.7071871 0.005499839 -0.7070052 0.7071127 0.005504608 -0.7070795 0.707131 0.005499958 -0.7070612 0.7070939 0.005499482 -0.7070984 0.7071184 0.005504727 -0.7070738 0.7070634 0.00549966 -0.7071288 0.7070462 0.005499422 -0.7071461 0 0.9959338 -0.0900886 0.03988385 0.9815636 -0.1869283 0.114404 0.7725974 -0.6245037 0.1144042 0.7725975 -0.6245037 0.114404 0.7725974 -0.6245037 0.03668987 0.8542846 -0.5185092 0.03668993 0.8542847 -0.5185091 0.03668987 0.8542846 -0.5185091 0.02330511 0.8693752 -0.4936028 0.02330511 0.8693752 -0.4936029 0.02330535 0.8693752 -0.4936028 0 0.9016359 -0.4324959 0 0.901636 -0.4324958 0 0.9016359 -0.4324959 0 0.9591501 -0.2828978 0 0.9591501 -0.2828978 0 0.9591501 -0.2828978 0 0.8355853 -0.5493609 0 0.5621688 -0.8270226 0 0.5621652 -0.8270249 0 0.5621696 -0.827022 0 0.5621731 -0.8270196 0 0.2027761 -0.9792252 0 0.2027743 -0.9792256 0 0.2027765 -0.9792251 1.93024e-7 0.2027782 -0.9792247 1 1.48784e-6 0 1 1.85907e-6 0 1 9.88217e-6 0 1 5.19577e-6 0 1 1.80521e-5 0 1 -7.8213e-7 0 1 0 0 1 2.64517e-6 0 1 -1.69739e-6 0 1 -1.3259e-6 0 1 -2.11746e-6 0 0.7070854 -0.7071022 -0.006064236 0.7078214 -0.7062771 -0.01271981 0.7070872 -0.7068877 -0.01837408 0.6860462 -0.7125072 -0.1472218 0.6404053 -0.758817 -0.1186503 0.6404053 -0.758817 -0.1186502 0.6404053 -0.758817 -0.1186503 0.7028115 -0.690756 -0.1700357 0.7028115 -0.690756 -0.1700357 0.7028116 -0.690756 -0.1700357 0.7002104 -0.5905349 -0.4012155 0.7002456 -0.5904968 -0.4012101 0.7002969 -0.5904395 -0.401205 0.700204 -0.5905426 -0.4012155 0.7003964 -0.3919894 -0.5964807 0.7002968 -0.3919875 -0.596599 0.7002512 -0.3920016 -0.5966431 0.7002262 -0.3920044 -0.5966707 0.70049 -0.1336417 -0.7010375 0.700321 -0.1337112 -0.7011932 0.7003762 -0.1337644 -0.7011279 0.7001977 -0.1339566 -0.7012695 0.7070945 -0.7070975 -0.005517244 0.7070708 -0.7071215 -0.005501866 0.7070873 -0.7071049 -0.005500078 2.27251e-5 -0.671224 -0.7412546 0.004000127 -0.5490806 -0.8357598 0.004000067 -0.5490807 -0.8357598 0.004000127 -0.5490807 -0.8357599 0 -0.9793128 -0.2023524 0.01338922 -0.9947163 -0.1017858 0.01338928 -0.9947163 -0.1017858 0.01338917 -0.9947162 -0.1017858 -1.01713e-4 -0.9558475 -0.2938635 -1.01711e-4 -0.9558474 -0.2938635 -1.01727e-4 -0.9558475 -0.2938635 1.27295e-4 -0.827208 -0.5618959 1.27283e-4 -0.8272081 -0.5618959 1.27265e-4 -0.8272081 -0.5618959 0.01587867 -0.889472 -0.4567139 -9.80745e-5 -0.7862017 -0.6179699 -9.81215e-5 -0.7862017 -0.6179699 -9.80996e-5 -0.7862017 -0.6179699 0 -0.1682278 -0.9857482 0 -0.1682278 -0.9857482 0 -0.1682278 -0.9857482 0.002209305 -0.1875246 -0.9822575 0.002209365 -0.1875246 -0.9822575 0.002209365 -0.1875246 -0.9822576 -1.23218e-7 -0.357287 -0.9339948 4.09065e-7 -0.3572869 -0.9339947 2.87924e-6 -0.3572869 -0.9339947 0 -0.5144982 -0.8574914 -0.8659127 -0.5001802 -0.003881394 -0.8659338 -0.5001435 -0.003908753 -0.8658817 -0.5002356 -0.003679275 -0.8660126 -0.5000073 -0.003893435 -0.8660148 -0.5000033 -0.00389558 -0.8659939 -0.5000398 -0.003841221 -0.8660031 -0.5000241 -0.003840148 -0.8659724 -0.5000787 -0.003618597 -0.8660179 -0.4999979 -0.003880858 -0.8659135 -0.5001785 -0.003922522 -0.8659313 -0.5001493 -0.003694891 -0.8660157 -0.5000022 -0.003846287 -0.8659758 -0.5000708 -0.003903806 -0.8660887 -0.499875 -0.003921329 0 -0.3775364 0.9259948 0 -0.3774921 0.9260129 0 -0.3774462 0.9260315 0 -0.3774906 0.9260135 0.01028221 -0.1895843 0.9818107 0 -0.2025213 0.979278 2.89536e-7 -0.471358 0.8819419 0 -0.471358 0.8819419 0 -0.471358 0.8819419 0.01511597 -0.6328159 0.7741549 3.07081e-4 -0.5621696 0.827022 -3.29315e-7 -0.7110983 0.7030926 5.06407e-7 -0.7110984 0.7030926 1.7792e-7 -0.7110983 0.7030927 0 -0.7790712 0.6269356 -0.008594572 -0.8373202 0.5466454 -1.01073e-4 -0.8855851 0.4644773 -1.01035e-4 -0.8855851 0.4644773 -1.01036e-4 -0.8855851 0.4644773 8.56189e-5 -0.9437511 0.330657 8.56351e-5 -0.9437511 0.330657 8.56285e-5 -0.9437511 0.330657 -0.006276905 -0.9824292 0.1865298 0 -0.9903109 0.1388683 -0.7071179 -0.7070744 -0.005502462 -0.7071005 -0.7070918 -0.005500078 -0.70719 -0.707 -0.005782544 -0.70709 -0.7071027 -0.00544542 -0.7071666 -0.7070239 -0.00572139 -0.7070812 -0.707111 -0.005508244 0 -0.2031706 0.9791434 0 -0.2027004 0.9792408 0 -0.2027008 0.9792408 0 -0.2028424 0.9792114 0 -0.5620602 0.8270963 0 -0.5619808 0.8271503 0 -0.5619809 0.8271502 0 -0.5619811 0.8271501 0 -0.8357584 0.5490974 0 -0.8357578 0.5490984 0 -0.8357581 0.5490979 0 -0.8357587 0.549097 0 -0.982252 0.1875663 0 -0.9822785 0.1874275 0 -0.9822517 0.1875675 0 -0.9821892 0.1878948 0.7070938 -0.7070984 -0.00549966 0.707086 -0.7071062 -0.005508005 0.7070458 -0.7071464 -0.005502402 0.7069148 -0.7072795 -0.005230426 0.707095 -0.7070972 -0.005499958 0.7071049 -0.7070873 -0.005499422 1 1.20418e-6 0 1 -4.48031e-7 0 1 -1.30832e-7 0 1 -1.50144e-7 0 1 -1.88332e-7 0 1 9.70587e-7 0 1 5.92463e-7 0 1 -1.2999e-7 0 1 2.39144e-7 0 1 -2.4757e-6 0 1 -3.10815e-5 0 1 -2.22441e-6 0 1 -5.10069e-6 0 1 -1.34372e-6 0 1 0 0 1 1.01461e-5 0 1 -1.95426e-5 0 1 -2.80785e-6 0 1 -1.46387e-6 0 1 -9.73367e-7 0 1 -2.41992e-6 0 1 1.21082e-6 0 1 -1.96353e-6 0 1 6.58333e-7 0 1 8.13118e-7 0 1 -5.63137e-7 0 1 1.50192e-6 0 0 0.18756 0.9822533 0 0.1872307 0.982316 0 0.1875599 0.9822533 0 0.1872299 0.9823161 0 0.5493749 0.8355761 0 0.5489723 0.8358406 0 0.5492552 0.8356548 5.74484e-7 0.5493773 0.8355745 0 0.7693154 0.6388693 0.05755376 0.8258641 0.5609244 0.05755382 0.825864 0.5609244 0.05755376 0.8258641 0.5609244 0 0.8790033 0.4768157 0 0.8790033 0.4768157 0 0.8790033 0.4768158 0 0.9546378 0.2977696 0 0.9546378 0.2977696 -1.29105e-7 0.9546378 0.2977696 0.04006481 0.9783809 0.2028929 0.04006487 0.9783809 0.2028929 0.04006487 0.9783809 0.2028929 0 0.9944151 0.1055399 0.7069717 -0.005505919 0.7072205 0.7071132 -0.005507469 0.707079 0.7071012 -0.00549978 0.707091 0.7071135 -0.005507469 0.7070787 0.7071808 -0.005509197 0.7070114 0.7072701 -0.005508184 0.7069221 0 -0.9728842 -0.2312932 0 -0.9728842 -0.2312932 0 -0.9728842 -0.2312932 -0.002800583 -0.9638646 -0.2663781 -0.002800643 -0.9638646 -0.2663781 -0.002800583 -0.9638646 -0.2663781 1.43571e-7 -0.8798428 -0.475265 0 -0.8798428 -0.475265 0 -0.8798428 -0.475265 0 -0.7512621 -0.660004 -0.004693686 -0.7016329 -0.7125232 -0.004693686 -0.701633 -0.7125232 -0.004693746 -0.7016329 -0.7125232 0 -0.5546014 -0.8321162 -2.52815e-7 -0.5546014 -0.8321162 1.51202e-6 -0.5546014 -0.8321162 0 -0.3542289 -0.9351588 0 -0.3542289 -0.9351588 0 -0.3542289 -0.9351588 -0.005701363 -0.2513284 -0.9678852 -0.005701243 -0.2513284 -0.9678851 -0.005701243 -0.2513284 -0.9678851 0 -0.1002426 -0.9949631 0 0.2661935 -0.9639196 0 0.2661935 -0.9639196 0 0.2661935 -0.9639196 -0.01050478 0.3775878 -0.9259143 -0.01050478 0.3775877 -0.9259143 -0.01050484 0.3775878 -0.9259142 0 0.1249482 -0.9921633 0 0.1249482 -0.9921633 0 0.1249482 -0.9921633 0 0.9678303 -0.2516044 -0.004100859 0.9783326 -0.2069987 -0.004100799 0.9783327 -0.2069987 -0.004100918 0.9783326 -0.2069987 1.84002e-7 0.8914235 -0.453171 1.64216e-7 0.8914235 -0.453171 0 0.8914237 -0.4531711 0 0.7124963 -0.7016759 -0.007303595 0.7673462 -0.6411916 -0.007303535 0.7673461 -0.6411916 -0.007303535 0.7673461 -0.6411916 0 0.5752401 -0.8179847 0 0.5752401 -0.8179847 0 0.5752401 -0.8179847 4.76664e-5 0.972937 0.2310707 0 0.9728594 0.2313975 -5.37758e-5 0.9730506 0.2305918 -1.73747e-4 0.9731323 0.2302466 3.00719e-4 0.7747218 0.6323022 1.24946e-4 0.774496 0.6325789 -8.25565e-5 0.776197 0.6304906 -2.00567e-4 0.7769895 0.6295136 3.44628e-5 0.4227097 0.9062652 2.0209e-4 0.4208847 0.9071141 -2.13939e-4 0.425394 0.9050083 -3.01125e-4 0.4269208 0.904289 2.06803e-4 -0.0150094 0.9998874 3.00805e-4 -0.01731187 0.9998502 -1.70835e-4 -0.01060968 0.9999437 -3.99982e-4 -0.00779283 0.9999696 1.7317e-4 -0.4486532 0.893706 4.07838e-4 -0.4517834 0.8921277 -2.35151e-4 -0.4440384 0.8960078 -5.73405e-4 -0.4407258 0.8976416 5.08103e-4 -0.7954719 0.6059904 -6.67836e-4 -0.7864425 0.6176632 4.99891e-4 -0.9779314 0.2089256 5.67703e-4 -0.9783717 0.2068541 1.92762e-4 -0.9771318 0.2126344 0 -0.9766536 0.2148204 0 0.2511631 0.9679449 0 0.7016526 0.7125193 0 0.7015864 0.7125844 0 0.7015857 0.7125852 0 0.7016518 0.71252 0 0.963821 0.2665507 0 0.9638196 0.2665559 0 0.96382 0.2665541 0 0.9638215 0.2665489 0 0.99997 0.007751345 0 0.99997 0.007751464 0 0.99997 0.007751941 0 0.99997 0.00775212 -1.85028e-4 0.9797722 0.2001163 0 0.9799597 0.1991956 6.42268e-4 0.9794579 0.2016479 0.001435339 0.9792774 0.2025184 -6.30939e-4 0.8294719 0.5585482 -0.001068592 0.8304028 0.5571627 1.62068e-4 0.8275642 0.5613712 7.77803e-4 0.8271506 0.5619798 -8.33376e-4 0.5510298 0.8344852 -7.84666e-4 0.5520452 0.8338139 -3.2111e-4 0.5498892 0.8352376 3.87542e-4 0.5490841 0.8357672 -2.2087e-4 0.1878932 0.9821895 -3.84859e-4 0.188586 0.9820566 -2.99687e-4 0.1878957 0.9821889 0 0.1873953 0.9822847 0 -0.007664203 0.9999707 0 -0.007999777 0.9999681 0 -0.007999777 0.999968 0 -0.007999777 0.9999681 0 -0.9822998 0.1873158 1.93024e-7 -0.9822977 0.1873272 0 -0.9822813 0.1874128 0 -0.9822971 0.1873301 0 -0.8357885 0.5490518 0 -0.8357912 0.5490474 0 -0.8357102 0.5491709 0 -0.835713 0.5491666 0 -0.5619807 0.8271504 0 -0.5619836 0.8271484 0 -0.5619814 0.8271499 0 -0.5619843 0.8271479 0 -0.2028469 0.9792106 0 -0.2028452 0.9792109 0 -0.2025179 0.9792786 0 -0.2028447 0.979211 0 -0.99997 -0.00775212 0 -0.99997 -0.007751941 0 -0.99997 -0.007751464 0 -0.99997 -0.007751345 0 -0.2025194 0.9792783 0 -0.2025187 0.9792785 0 -0.2025188 0.9792785 0 -0.2025195 0.9792782 0 -0.5619836 0.8271484 0 -0.5619807 0.8271504 0 -0.5619814 0.8271499 0 -0.5619843 0.8271479 0 -0.8357102 0.5491709 0 -0.835713 0.5491666 0 -0.8357123 0.5491677 0 -0.8357885 0.5490518 0 -0.9822794 0.1874228 0 -0.9822806 0.1874167 0 -0.9822803 0.1874182 0 -0.9822612 0.1875184 0 0.1229487 0.9924131 0 0.1229487 0.9924131 0 0.1229487 0.9924131 0.007875502 0.1872256 0.9822854 -0.003958225 0.3770799 0.9261723 -0.003958225 0.3770799 0.9261723 -0.003958225 0.3770799 0.9261723 0 0.4354024 0.900236 0 0.4354024 0.900236 0 0.4354024 0.900236 0 0.6024491 0.7981572 -0.01813274 0.7106639 0.7032979 -0.01813274 0.710664 0.7032979 -0.01813274 0.710664 0.703298 0 0.9792078 0.2028596 0 0.9792078 0.2028596 0 0.9792078 0.2028596 -0.01496553 0.9637959 0.266221 -0.01496559 0.9637959 0.266221 -0.01496553 0.9637959 0.266221 0 0.8933719 0.4493182 0 0.8933719 0.4493182 0 0.8933719 0.4493182 0 0.788616 0.6148861 0 0.788616 0.6148861 0 0.788616 0.6148861 0 0.9999681 0.008001446 0 0.9999706 0.007666051 0 0.9999706 0.007666468 0 0.9999681 0.008002161 0 0.9823165 -0.1872281 0 0.9823165 -0.187228 0 0.9822537 -0.1875573 0 0.9823166 -0.1872276 0 0.9003013 -0.4352675 0 0.9003012 -0.4352674 0 0.9003013 -0.4352675 0.009992122 0.8356682 -0.5491439 0.009992063 0.8356682 -0.5491439 0.009992063 0.8356682 -0.5491439 0 0.7981607 -0.6024446 0 0.5619754 -0.827154 0 0.5619779 -0.8271523 0 0.5618982 -0.8272064 0 0.562094 -0.8270735 0 0.2976911 -0.9546623 1.43627e-7 0.2976911 -0.9546623 0 0.2976911 -0.9546623 0.008715093 0.202748 -0.9791923 0.008715093 0.202748 -0.9791922 0.008715033 0.202748 -0.9791922 1.89728e-7 0.1057918 -0.9943883 0 0.1057918 -0.9943883 0 0.1057918 -0.9943884 7.9183e-6 0.007764756 -0.9999699 0 0.007764518 -0.99997 2.92031e-4 0.007791697 -0.9999697 0 0.007818639 -0.9999695 0 0.007818639 -0.9999694 2.62633e-5 0.007816255 -0.9999695 0 -0.5490996 -0.835757 0 -0.5490988 -0.8357575 0 -0.5490999 -0.8357568 0 -0.1875664 -0.982252 0 -0.1878957 -0.982189 0 -0.1875662 -0.982252 0 -0.1875665 -0.9822519 2.45477e-4 -0.8941106 -0.4478462 2.45532e-4 -0.8941106 -0.4478462 2.45517e-4 -0.8941106 -0.4478462 0.008593022 -0.8581932 -0.513255 0.008593022 -0.8581932 -0.5132549 0.008592903 -0.8581932 -0.513255 0.01359933 -0.8403269 -0.5419095 0.01359933 -0.8403269 -0.5419095 0.01359909 -0.8403269 -0.5419095 0.0179997 -0.8270155 -0.5618909 0.01799964 -0.8270155 -0.5618909 0.01799964 -0.8270155 -0.5618909 0 -0.7677893 -0.6407025 0 -0.7677893 -0.6407025 0 -0.7677893 -0.6407025 0 -0.5490985 -0.8357577 -3.00855e-4 -0.9540801 -0.2995518 -3.00682e-4 -0.9540801 -0.2995518 -3.00912e-4 -0.9540801 -0.2995518 0.01584929 -0.9790848 -0.2028349 0.01584935 -0.9790848 -0.2028349 0.01584929 -0.9790848 -0.2028349 0 -0.9943951 -0.1057279 0 -0.9943951 -0.1057279 0 -0.9943952 -0.1057279 -1.29739e-5 -0.99997 -0.007751643 0 -0.9999673 -0.008086502 -3.60748e-5 -0.9999706 -0.007674157 0 -0.9999711 -0.007615625 0 -0.9999684 -0.007951796 -2.48731e-5 -0.9999707 -0.007670104 0 -0.9999696 -0.007817924 -2.29773e-7 -0.9999682 -0.00797832 0 -0.9999719 -0.007499217 0 -0.99997 -0.007749259 0 -0.9959214 0.09022605 0.01581633 -0.9821309 0.1875338 0.01581633 -0.9821309 0.1875338 0.01581639 -0.9821309 0.1875338 0.03523707 -0.7785857 0.6265482 0 -0.8863394 0.4630361 0 -0.9592162 0.2826734 0 -0.9592162 0.2826734 0 -0.9592163 0.2826734 0 -0.8358404 0.5489727 0 -0.56217 0.8270218 0 -0.5621698 0.827022 0 -0.5621698 0.8270218 0 -0.56217 0.8270217 0 -0.2025207 0.979278 0 -0.2025214 0.9792779 0 -0.2025212 0.979278 0 -0.2025205 0.9792781 0 -0.007999777 0.999968 0 -0.007999777 0.999968 -6.06983e-5 -0.007801949 0.9999697 -6.15327e-5 -0.007876336 0.9999691 0 -0.007666409 0.9999706 0 -0.007666409 0.9999706 -8.57828e-5 -0.0076949 0.9999704 8.31389e-6 -0.007798314 0.9999696 0 -0.007791876 0.9999697 9.53507e-6 -0.007791638 0.9999697 0.8512424 0.5105115 0.1215088 0.8512424 0.5105115 0.1215088 0.8512424 0.5105115 0.1215088 0.8512265 -0.00889343 0.5247233 0.8512265 -0.00889343 0.5247234 0.8512264 -0.00889343 0.5247234 0.8513033 0.2206445 0.476024 0.8512285 0.406459 0.3319656 0.8512285 0.406459 0.3319656 0.8517539 -0.5126104 0.1083785 0.8512056 -0.417559 0.3179525 0.8512056 -0.417559 0.3179525 0.8512055 -0.417559 0.3179525 0.8512049 -0.2371655 0.4681908 0.851205 -0.2371656 0.4681909 0.8512049 -0.2371656 0.4681909 0.6947245 -0.6933279 -0.191453 0.6946983 -0.6933326 -0.1915313 0.6946858 -0.6933364 -0.1915629 0.6944798 -0.6935891 -0.1913953 0.6947218 -0.504623 -0.5125596 0.6947835 -0.504379 -0.512716 0.6947345 -0.5046318 -0.5125336 0.6947543 -0.5046233 -0.5125152 0.6947365 -0.1807081 -0.6961938 0.6947211 -0.1807044 -0.6962101 0.6948123 -0.1806733 -0.6961272 0.6948492 -0.1804159 -0.6961571 0.6947081 0.1915833 -0.6933085 0.6946645 0.1912164 -0.6934534 0.6945576 0.1913245 -0.6935306 0.6947423 0.1916328 -0.6932604 0.6943451 0.5127445 -0.5049536 0.694688 0.5125667 -0.5046623 0.6947422 0.5125274 -0.5046276 0.6947274 0.5125404 -0.5046349 0.6947083 0.6962214 -0.1807103 0.6946741 0.6962397 -0.1807711 0.6947017 0.6962121 -0.1807718 0.6947171 0.6962027 -0.1807487 0.6979776 0.6966807 0.1657212 0.6981565 0.6964017 0.1661396 0.6980229 0.6966365 0.1657156 0.6980289 0.6966365 0.1656905 0.6980669 0.5544767 0.4530542 0.6980174 0.5545375 0.4530562 0.6980067 0.5545499 0.4530575 0.6980531 0.5545223 0.4530199 0.69796 0.3012859 0.649676 0.6979497 0.3012905 0.6496847 0.6979178 0.3013258 0.6497027 0.6979517 0.3014437 0.6496115 0.6979432 -0.01249676 0.7160442 0.6979493 -0.01272583 0.7160342 0.6979898 -0.01218515 0.7160041 0.69809 -0.01259225 0.7158994 0.6979105 -0.3238711 0.6387712 0.6982416 -0.3234673 0.6386138 0.6980091 -0.3234752 0.638864 0.6980025 -0.3234754 0.6388711 0.6979586 -0.5698644 0.4337146 0.6979478 -0.5698717 0.4337224 0.6978859 -0.5699216 0.4337565 0.6979274 -0.5698577 0.4337737 0.6988621 -0.6997694 0.1480357 0.6987444 -0.6998801 0.1480684 0.6987795 -0.6998622 0.1479874 0.6987425 -0.6999053 0.1479583 0.6947196 0.6932839 0.1916302 0.6947787 0.6932714 0.1914613 0.6946942 0.6933237 0.1915786 0.694711 0.6932983 0.191609 0.6947495 0.5046621 0.5124835 0.6947912 0.5046558 0.5124333 0.6947355 0.5046129 0.512551 0.694738 0.5046428 0.5125181 0.6946652 0.1808188 0.6962363 0.694781 0.1806408 0.6961669 0.6946599 0.180827 0.6962394 0.694513 0.1810526 0.6963272 0.7071225 0.7070699 0.005479991 0.7071222 0.7070701 0.005480051 0.7071195 0.7070729 0.005480885 0.7071194 0.707073 0.005480945 0.7004635 0.699374 0.1422219 0.7004869 0.6993994 0.1419817 0.7004694 0.6993662 0.1422311 0.7004585 0.6993899 0.1421684 0.700138 0.592934 0.3977891 0.7000913 0.5929012 0.3979199 0.7001202 0.5929194 0.3978421 0.7000731 0.5929001 0.3979538 0.7000896 0.3942649 0.5953401 0.7000864 0.3941944 0.5953907 0.7001926 0.3941221 0.5953136 0.7001104 0.39419 0.5953652 0.7000721 0.1346992 0.7012526 0.7000385 0.1347783 0.701271 0.7001075 0.1347079 0.7012156 0.7001127 0.1348295 0.7011871 0.7071105 -0.005656242 0.7070805 0.7071114 -0.005656301 0.7070797 0.707119 -0.005656719 0.7070719 0.7071198 -0.005656778 0.7070712 0.7001612 -0.1445946 0.6991901 0.700039 -0.1447723 0.6992756 0.700031 -0.144784 0.6992812 0.6999287 -0.1449329 0.6993528 0.7001706 -0.4012007 0.5905922 0.7002604 -0.4012402 0.590459 0.7002385 -0.4012451 0.5904815 0.7002298 -0.4012087 0.5905167 0.7002008 -0.5967025 0.3920013 0.7001766 -0.5967194 0.3920189 0.7000927 -0.5967765 0.3920816 0.7002061 -0.5967004 0.391995 0.7001556 -0.7013557 0.1337251 0.7001392 -0.7013994 0.1335821 0.7002213 -0.7012571 0.133898 0.7003047 -0.701199 0.1337659 0.7071169 -0.7070755 -0.005481541 0.7071171 -0.7070753 -0.005481481 0.7071201 -0.7070722 -0.005480647 0.7071204 -0.707072 -0.005480587 0.6999913 -0.144342 0.6994124 0.7001554 -0.1445973 0.6991954 0.7000406 -0.1444187 0.6993471 0.7001776 -0.1446442 0.6991634 0.7005423 -0.4011936 0.5901562 0.7002078 -0.4013428 0.5904515 0.7003943 -0.4010585 0.5904235 0.7002249 -0.4012142 0.5905187 0.7002187 -0.5966842 0.3919971 0.7001771 -0.5967157 0.3920236 0.7003743 -0.5965569 0.3919129 0.7002573 -0.5965646 0.3921103 0.7002227 -0.7012435 0.133962 0.700199 -0.7012962 0.1338103 0.7001897 -0.7013229 0.1337184 0.700194 -0.701306 0.1337847 0.7071114 -0.005420446 0.7070814 0.7071117 -0.005420565 0.7070811 0.7071144 -0.0054214 0.7070785 0.7071146 -0.005421519 0.7070782 0.7002363 0.6990855 0.1447362 0.7001612 0.6991901 0.1445946 0.7002705 0.6990407 0.144787 0.700214 0.6991149 0.1447024 0.7063252 0.6324347 0.3180112 0.7063251 0.6324348 0.3180112 0.7063252 0.6324347 0.3180111 0.7201007 0.5739007 0.3899912 0.7201007 0.5739008 0.3899912 0.7040519 0.5599518 0.4367665 0.704052 0.5599517 0.4367665 0.7042396 0.4278913 0.5665296 0.7199869 0.3811271 0.5799664 0.7199869 0.3811271 0.5799665 0.7062677 0.3080976 0.6373867 0.7062678 0.3080975 0.6373867 0.7062678 0.3080976 0.6373867 0.7001993 0.1333144 0.7013903 0.699994 0.1337029 0.7015211 0.700138 0.1334304 0.7014294 0.7002377 0.1336227 0.7012932 0.7071077 0.7070852 0.005420386 0.7071081 0.7070847 0.005420386 0.7071185 0.7070744 0.005421161 0.7071191 0.7070738 0.005421161 0.6999927 0.1443469 -0.69941 0.7001516 0.1446071 -0.6991971 0.7000405 0.1444251 -0.699346 0.7002219 0.144715 -0.6991044 0.7002148 0.4012547 -0.5905032 0.7002043 0.4013302 -0.5904642 0.7003939 0.4010518 -0.5904285 0.7002032 0.401203 -0.5905521 0.7002212 0.5966817 -0.3919966 0.7003125 0.596638 -0.3918999 0.7002753 0.59664 -0.3919634 0.7002573 0.5965646 -0.3921103 0.70028 0.7012653 -0.1335475 0.7002174 0.701304 -0.1336726 0.7001675 0.7013093 -0.1339057 0.7002192 0.7012884 -0.1337451 0.7071189 0.005528092 -0.7070731 0.7071186 0.005528092 -0.7070733 0.7071106 0.00552845 -0.7070814 0.7071104 0.00552845 -0.7070816 0.7000713 -0.6991839 -0.1450591 0.7001077 -0.699145 -0.1450709 0.7001601 -0.6991532 -0.144778 0.6999353 -0.6993293 -0.1450147 0.7002441 -0.5903733 -0.4013945 0.7002837 -0.5904164 -0.4012621 0.7003296 -0.5904346 -0.4011554 0.700213 -0.5905302 -0.4012182 0.70024 -0.3919333 -0.5967013 0.7001938 -0.3920128 -0.5967032 0.7002773 -0.3920184 -0.5966015 0.7002183 -0.391994 -0.5966869 0.7001672 -0.1338739 -0.7013157 0.7000386 -0.1341745 -0.7013866 0.7001669 -0.1338768 -0.7013155 0.7000429 -0.1341831 -0.7013807 0.7070855 -0.7071056 -0.00563699 0.7070848 -0.7071064 -0.005636692 0.707118 -0.7070757 -0.005302846 0.7070805 -0.7071107 -0.005634188 0.7003157 -0.1446719 0.6990193 0.7004031 -0.1445493 0.6989572 0.7001951 -0.1447024 0.6991338 0.7002809 -0.1447088 0.6990467 0.7002729 -0.4012287 0.5904518 0.7002857 -0.4012554 0.5904186 0.7002343 -0.401245 0.5904867 0.7002196 -0.4012154 0.5905241 0.7005476 -0.5963929 0.3918529 0.7003021 -0.5966266 0.3919359 0.7001248 -0.5967026 0.392137 0.7002177 -0.5966969 0.3919795 0.7000655 -0.701458 0.1336602 0.700307 -0.7011814 0.1338466 0.7001881 -0.7012974 0.1338607 0.7001562 -0.7013205 0.1339068 0.7071223 -0.005658984 0.7070687 0.7071217 -0.005657613 0.7070693 0.7071207 -0.005654931 0.7070703 0.7071202 -0.00565356 0.7070709 0 0.9728593 0.2313978 0 0.9728689 0.2313576 0 0.9728578 0.2314039 0 0.9728594 0.2313975 0 0.7743358 0.6327751 0 0.7743358 0.6327751 0 0.7743358 0.6327751 0 0.7743358 0.6327751 0 0.4208339 0.9071378 0 0.4208365 0.9071366 0 0.4205318 0.9072778 0 0.4208337 0.9071379 0 -0.0171808 0.9998525 0 -0.01718097 0.9998525 0 -0.01737266 0.9998491 0 -0.01727664 0.9998508 0 -0.4516027 0.8922191 -3.05622e-7 -0.4516028 0.8922192 0 -0.4516027 0.8922191 0 -0.4516028 0.8922192 0 -0.7957223 0.6056618 0 -0.7957771 0.6055898 0 -0.7957192 0.6056659 0 -0.7957225 0.6056615 0 -0.9783726 0.2068508 0 -0.978371 0.2068576 0 -0.9783712 0.2068573 0 -0.9783726 0.2068505 0.851314 -0.5105007 -0.1210519 0.8530418 -0.3920432 -0.3444151 0.8544729 -0.184168 -0.4857555 0.8544728 -0.184168 -0.4857554 0.8555925 0.06481665 -0.5135762 0.8555908 0.06481695 -0.5135787 0.8555909 0.06481695 -0.5135787 0.8564137 0.2970425 -0.4222814 0.8564136 0.2970425 -0.4222814 0.8564136 0.2970426 -0.4222815 0.851756 0.512607 -0.1083788 0.8569056 0.4594748 -0.2336574 0.8569055 0.4594749 -0.2336574 0.8569055 0.4594751 -0.2336575 0.8533535 0.400309 -0.333977 0.8547709 0.1959462 -0.4805952 0.854771 0.1959463 -0.4805952 0.855862 -0.05165547 -0.5146183 0.8565847 -0.2862353 -0.4293392 0.8570424 -0.4532863 -0.2449688 0.8570426 -0.4532862 -0.2449688 0.8570426 -0.4532862 -0.2449688 1 -2.24775e-5 0 1 -9.09069e-6 0 1 2.96527e-6 0 1 -8.003e-7 0 1 2.26211e-6 0 1 -6.9676e-6 0 1 4.54449e-6 0 1 -1.84196e-6 0 1 4.51712e-6 0 1 5.51645e-7 0 1 -6.70282e-7 0 1 -1.46929e-6 0 1 2.14568e-6 0 1 2.98102e-6 0 1 2.2939e-6 0 1 -1.91948e-6 0 1 7.27102e-7 0 1 2.49989e-6 0 1 -1.36512e-6 0 1 -5.89412e-7 0 1 -3.92386e-7 0 1 2.6526e-6 0 1 4.34235e-6 0 1 2.45084e-6 0 1 2.38532e-6 0 1 -2.13235e-7 0 1 4.63388e-6 0 1 -1.58516e-5 0 1 4.39507e-7 0 1 -4.30717e-7 0 1 9.10034e-7 0 1 2.5046e-7 0 1 -1.25692e-7 0 1 -3.19735e-7 0 1 1.06433e-6 0 1 2.96158e-7 0 1 7.65092e-7 0 1 2.82031e-6 0 1 1.83451e-6 0 1 -7.73481e-7 0 1 -3.48187e-6 0 1 1.03681e-5 0 1 -8.08204e-7 0 1 -2.85952e-7 0 1 -4.56567e-6 0 1 0 0 1 -2.90994e-6 0 1 0 0 1 -3.42118e-7 0 1 0 0 1 2.94444e-6 0 1 -1.04329e-5 0 1 -1.09092e-5 0 1 -2.2163e-6 0 1 -4.81414e-7 0 1 -3.01217e-7 0 0.6979621 0.6966732 0.1658173 0.6980546 0.6965671 0.1658741 0.6980857 0.6965664 0.1657462 0.6979579 0.6967056 0.1656985 0.6979483 0.554581 0.4531095 0.6980815 0.5545538 0.4529375 0.6980022 0.5545701 0.4530396 0.698139 0.5545451 0.4528595 0.6978655 0.3011885 0.6498225 0.6979018 0.3012081 0.6497744 0.6979283 0.3012225 0.6497393 0.6979579 0.3012384 0.6497001 0.6978526 -0.01278942 0.7161274 0.6980045 -0.01223242 0.7159889 0.6980135 -0.01264399 0.7159731 0.6980892 -0.01257556 0.7159004 0.6979751 -0.3235813 0.6388474 0.6979532 -0.3233848 0.6389707 0.6979281 -0.3234309 0.6389749 0.6979777 -0.3234907 0.6388904 0.6981037 -0.5696567 0.433754 0.6979189 -0.5698545 0.4337916 0.6979855 -0.5698345 0.4337108 0.6979352 -0.5698958 0.4337111 0.6987217 -0.6998966 0.1480973 0.6987236 -0.6998964 0.1480889 0.6986691 -0.6999347 0.1481651 0.6987153 -0.6999093 0.1480675 0 -0.9728842 -0.2312932 0 -0.9728842 -0.2312932 -0.002827048 -0.9639338 -0.2661275 0 -0.879801 -0.4753422 1.48545e-7 -0.879801 -0.4753422 1.48854e-7 -0.879801 -0.4753422 0 -0.7512579 -0.6600089 -0.004705846 -0.701672 -0.7124846 0 -0.5543118 -0.8323091 0 -0.5543118 -0.8323092 0 -0.5543118 -0.8323092 0 -0.3542289 -0.9351588 0 -0.3542289 -0.9351588 -0.005750298 -0.2516012 -0.967814 0 -0.1002072 -0.9949666 0 -0.1002072 -0.9949666 0 -0.1002072 -0.9949666 0 0.1250424 -0.9921515 0 0.1250424 -0.9921515 0 0.1250424 -0.9921515 -0.005782186 0.2661221 -0.963922 0 0.3775203 -0.9260014 0 0.3775203 -0.9260014 0 0.3775203 -0.9260014 0 0.5752718 -0.8179625 1.80415e-7 0.5752718 -0.8179625 -1.32822e-7 0.5752718 -0.8179625 -0.005099654 0.7125762 -0.7015763 -0.005099773 0.7125762 -0.7015763 -0.005099773 0.7125761 -0.7015763 0 0.7674236 -0.6411405 0 0.7674236 -0.6411405 2.25195e-7 0.7674236 -0.6411405 2.43898e-7 0.8913973 -0.453223 -3.13696e-7 0.8913973 -0.453223 0 0.8913973 -0.453223 -0.003402113 0.9678946 -0.251334 -0.003402113 0.9678946 -0.251334 -0.003402054 0.9678946 -0.251334 0 0.9783724 -0.2068512 0.6947264 -0.6933351 -0.1914206 0.6947675 -0.6933053 -0.1913787 0.6948105 -0.6932743 -0.191335 0.6948431 -0.6932508 -0.1913019 0.6948283 -0.5045788 -0.5124589 0.6948254 -0.5045682 -0.5124732 0.6950256 -0.5043413 -0.5124249 0.6947354 -0.5046356 -0.5125287 0.6947311 -0.1807051 -0.6962 0.6948357 -0.1806918 -0.696099 0.6947142 -0.1807048 -0.6962168 0.6948475 -0.1804171 -0.6961585 0.6947301 0.1914065 -0.6933352 0.6947687 0.1913737 -0.6933056 0.6948089 0.1913396 -0.6932748 0.6948392 0.1913136 -0.6932515 0.6947579 0.5125358 -0.5045974 0.6947256 0.5125198 -0.5046582 0.6948215 0.5126277 -0.5044164 0.6947441 0.5125372 -0.5046151 0.6947467 0.6961618 -0.180792 0.6947401 0.6961897 -0.1807103 0.6947342 0.6961664 -0.1808224 0.6947217 0.6961379 -0.1809805 -1 -7.6623e-7 0 -1 7.34307e-7 0 -1 -5.08915e-6 0 -1 8.20725e-7 0 -1 6.46639e-7 0 -1 1.42431e-7 0 -1 7.74557e-6 0 -1 1.78654e-6 0 -1 0 0 -1 3.8501e-7 0 0 -0.9765723 0.2151901 0 -0.9765699 0.2152008 0 -0.9765718 0.2151922 0 -0.9765694 0.2152029 0 -0.7866593 0.6173874 0 -0.7866599 0.6173867 0 -0.7866594 0.6173873 0 -0.78666 0.6173866 0 -0.4409101 0.8975514 0 -0.4412118 0.897403 0 -0.4412114 0.8974033 0 -0.4412119 0.897403 0 -0.007682979 0.9999706 0 -0.007826864 0.9999694 0 -0.007826805 0.9999694 0 -0.007683038 0.9999706 0 0.4268066 0.904343 0 0.4269788 0.9042617 0 0.426893 0.9043022 0 0.4268919 0.9043027 0 0.7770769 0.6294058 0 0.7768667 0.6296651 0 0.7768658 0.6296663 0 0.7770783 0.6294041 0 0.9731831 0.230032 0 0.9731845 0.2300261 0 0.9731833 0.2300308 0 0.9731848 0.2300249 0 0.9765692 -0.2152036 0 0.9765706 -0.2151974 0 0.9765695 -0.2152024 0 0.9766739 -0.2147279 0 0.7866545 -0.6173935 0 0.78672 -0.6173101 0 0.7866557 -0.617392 0 0.7866621 -0.6173839 0 0.4412134 -0.8974022 0 0.441214 -0.8974019 0 0.4412136 -0.8974022 0 0.4412142 -0.8974019 0 0.007712483 -0.9999703 0 0.007760345 -0.9999699 0 0.007760405 -0.9999699 0 0.007712364 -0.9999703 0 -0.4269958 -0.9042537 0 -0.4269958 -0.9042537 0 -0.4269958 -0.9042537 0 -0.4269958 -0.9042537 0 -0.7769219 -0.629597 0 -0.7769795 -0.629526 0 -0.7769818 -0.6295231 0 -0.776979 -0.6295267 0 -0.9731913 -0.2299972 0 -0.9731129 -0.2303287 0 -0.9731139 -0.2303248 0 -0.97319 -0.2300032 -1 5.4285e-7 0 -1 3.03666e-7 0 -1 2.59105e-6 0 -1 -1.97062e-7 0 -1 -3.99191e-6 0 -1 2.72954e-6 0 -1 3.90681e-7 0 -1 4.58106e-7 0 -1 -7.8847e-7 0 -1 3.44867e-6 0 -1 6.01713e-6 0 -1 2.11734e-6 0 -1 9.33961e-6 0 -1 9.27861e-7 0 -1 5.85897e-7 0 -1 2.04249e-6 0 -1 1.51921e-6 0 -1 2.25722e-7 0 -1 -3.08212e-6 0 -1 1.4729e-6 0 -1 -1.05408e-5 0 -1 -7.52502e-7 0 -1 4.82807e-5 0 -1 1.41202e-6 0 -1 -5.96172e-7 0 -1 -9.97329e-7 0 -1 2.50732e-6 0 -1 9.12348e-6 0 -1 2.78671e-6 0 -1 7.285e-7 0 -1 0 0 -1 0 0 -1 2.65934e-6 0 -1 4.03932e-6 0 -1 1.28662e-7 0 -1 -1.62121e-4 0 -1 -3.31912e-6 0 -1 1.25293e-6 0 -1 -1.19137e-6 0 -1 -4.065e-6 0 -1 -1.13694e-6 0 -1 8.61593e-7 0 -1 7.93308e-7 0 -1 -3.9787e-7 0 -1 0 0 -1 -2.2767e-6 0 -1 -8.53908e-7 0 -1 -4.64665e-6 0 -1 -1.42662e-6 0 -1 -1.93371e-6 0 -1 -4.31591e-7 0 -1 -1.27073e-6 0 -1 -1.8146e-7 0 -1 2.44082e-6 0 -1 5.14104e-7 0 -1 -1.36177e-6 0 -1 -3.8458e-7 0 0 -0.9766706 0.214743 3.21707e-7 -0.9766502 0.214836 0 -0.9766501 0.2148365 0 -0.9766502 0.2148359 0 -0.7867099 0.6173229 0 -0.7866202 0.6174372 0 -0.7867097 0.6173232 0 -0.7864128 0.6177014 0 -0.4409095 0.8975517 0 -0.4407809 0.8976148 0 -0.4409094 0.8975517 0 -0.007769644 0.9999699 0 -0.007721722 0.9999703 0 -0.007721722 0.9999703 0 -0.007769644 0.9999699 0 0.4269077 0.9042952 0 0.4269956 0.9042538 0 0.4269946 0.9042541 0 0.4269958 0.9042537 0 0.7769483 0.6295645 0 0.7769482 0.6295645 0 0.7769482 0.6295645 0 0.7769483 0.6295645 0 0.9731125 0.2303305 0 0.9731127 0.2303299 0 0.9731126 0.2303304 0 0.97319 0.2300032 0 0.97657 -0.2152003 0 0.9765701 -0.2151996 0 0.9765701 -0.2152001 0 0.9765701 -0.2151995 0 0.7866181 -0.61744 0 0.7867089 -0.6173244 0 0.7867073 -0.6173264 0 0.7867093 -0.6173238 0 0.441214 -0.8974019 0 0.4409123 -0.8975502 0 0.007837951 -0.9999694 0 0.008173525 -0.9999666 0 0.008173465 -0.9999666 0 0.007837951 -0.9999694 0 -0.4268087 -0.904342 0 -0.4268949 -0.9043013 0 -0.4268086 -0.9043421 0 -0.4268947 -0.9043014 0 -0.7768625 -0.6296704 0 -0.7768636 -0.629669 0 -0.777074 -0.6294094 0 -0.7768638 -0.6296687 0 -0.9731847 -0.2300253 0 -0.9731847 -0.2300249 0 -0.9731847 -0.2300252 0 -0.9731848 -0.2300249 -0.7002971 0.5904276 0.4012222 -0.7002555 0.5904347 0.4012843 -0.700329 0.5903286 0.4013122 -0.7001971 0.5905624 0.4011985 -0.7006093 0.6987594 0.1445062 -0.7002767 0.6990694 0.1446189 -0.700417 0.6989881 0.1443322 -0.7002918 0.6991369 0.1442189 -0.7071182 0.00549978 -0.7070741 -0.7071182 0.00549978 -0.7070741 -0.7071182 0.005499899 -0.707074 -0.7071182 0.005499899 -0.7070741 -0.7001788 0.7013068 -0.1338602 -0.7002059 0.7013081 -0.1337113 -0.7002065 0.7012955 -0.1337743 -0.7001804 0.7013126 -0.1338213 -0.7002357 0.5966972 -0.3919471 -0.7001417 0.5968049 -0.3919509 -0.7002105 0.5967378 -0.3919304 -0.7001949 0.5967119 -0.3919973 -0.7002081 0.4012467 -0.5905166 -0.7002195 0.4012432 -0.5905053 -0.7002956 0.4009171 -0.5906367 -0.6999623 0.4014917 -0.5906415 -0.7000923 0.1443354 -0.6993125 -0.6998987 0.1446449 -0.6994425 -0.7000823 0.1443514 -0.6993193 -0.7002223 0.1446458 -0.6991183 -0.7071145 0.7070765 0.00565648 -0.7071151 0.7070759 0.00565648 -0.7071192 0.7070718 0.00565654 -0.7071198 0.7070712 0.00565654 -0.7001203 0.1336398 0.7014072 -0.7002267 0.1336664 0.7012959 -0.7001833 0.1337678 0.7013199 -0.7001503 0.1337236 0.7013612 -0.7002368 0.3919458 0.5966967 -0.7001882 0.3919895 0.5967251 -0.7002118 0.3919292 0.596737 -0.7002183 0.3920098 0.5966763 -0.7002812 0.5906371 0.4009416 -0.7002487 0.5905289 0.4011577 -0.7001907 0.5904656 0.4013519 -0.7003427 0.5904662 0.4010859 -0.7000935 0.6993107 0.1443386 -0.7001312 0.6992008 0.1446881 -0.7000835 0.6993175 0.1443545 -0.7002218 0.6991179 0.1446501 -0.7071161 -0.005499005 0.7070761 -0.7070993 -0.005499243 0.707093 -0.7071086 -0.005492806 0.7070836 -0.7070954 -0.005499899 0.7070968 -0.7070065 -0.005504548 0.7071856 -0.7072093 -0.005514562 0.7069828 -0.7072964 -0.005513191 0.7068956 0 0.9999701 0.007748663 0 0.99997 0.007748961 0 0.99997 0.007750034 0 0.99997 0.007750272 0 0.9822368 -0.1876464 0 0.9822727 -0.187458 0 0.9822368 -0.1876464 0 0.9822727 -0.187458 0 0.8357768 -0.5490695 0 0.8357253 -0.5491477 0 0.8357511 -0.5491085 0 0.8357762 -0.5490702 0 0.5619894 -0.8271444 0 0.561994 -0.8271414 0 0.5619919 -0.8271427 0 0.5620667 -0.8270919 0 0.2027774 -0.9792249 0 0.2026861 -0.9792438 0 0.2028727 -0.9792051 0 0.2028701 -0.9792057 0 0.007999718 -0.9999681 0 0.007999777 -0.9999681 0 0.007999777 -0.9999681 0 0.007664203 -0.9999707 0 -0.9791789 -0.2029992 2.98692e-7 -0.9792754 -0.2025335 0 -0.9791786 -0.2030013 0 -0.9792474 -0.2026689 0 -0.8270233 -0.5621676 0 -0.8270209 -0.5621712 0 -0.8272107 -0.561892 0 -0.8272131 -0.5618884 0 -0.5491706 -0.8357104 2.29773e-7 -0.5491692 -0.8357112 0 -0.5487691 -0.835974 0 -0.5487705 -0.8359732 0 -0.187568 -0.9822517 0 -0.1875653 -0.9822521 0 -0.1875665 -0.9822519 0 -0.1878988 -0.9821885 0 -0.99997 -0.007751464 0 -0.99997 -0.007751584 0 -0.99997 -0.00775206 0 -0.99997 -0.00775218 -0.02569919 -0.3421909 0.939279 -0.02569925 -0.342191 0.9392789 -0.02569937 -0.3421909 0.939279 -0.009001672 -0.2193233 0.9756107 0 -0.08229064 0.9966084 0 -0.08229064 0.9966084 0 -0.08229064 0.9966084 0 -0.2027396 0.9792327 1.31153e-7 -0.2027396 0.9792327 0 -0.2027396 0.9792327 -1.19648e-7 -0.5620642 0.8270937 1.21373e-7 -0.562029 0.8271176 0 -0.5620285 0.8271179 0 -0.562024 0.827121 0 -0.8357919 0.5490465 0 -0.8357117 0.5491685 0 -0.8357909 0.5490481 0 -0.8357129 0.5491666 0 -0.9822666 0.1874898 0 -0.9822603 0.1875231 0 -0.9822689 0.1874777 0 -0.9822753 0.1874445 -0.7319983 0.4387377 0.5212367 -0.7319983 0.4387377 0.5212368 -0.7319984 0.4387374 0.5212368 -0.705748 0.4511256 0.5462651 -0.705748 0.4511256 0.546265 -0.7233191 0.4062077 0.5583948 -0.7233191 0.4062078 0.5583949 -0.7233191 0.4062077 0.558395 -0.7148302 0.4249475 0.5553715 -0.6960408 0.3189591 0.643267 -0.6987661 0.3171231 0.6412169 -0.6985859 0.3176384 0.6411581 -0.6994173 0.3147611 0.6416705 -0.7114012 0.215179 0.669034 -0.7114012 0.215179 0.669034 -0.7114012 0.215179 0.6690339 -0.6493824 0.1695836 0.7413124 -0.6493824 0.1695835 0.7413124 -0.6493824 0.1695835 0.7413123 -0.8214771 0.06539696 0.5664793 -0.8214771 0.06539684 0.5664793 -0.8214771 0.06539702 0.5664793 -0.7070617 0.4961283 0.5039054 -0.7070626 0.4961273 0.5039049 -0.7070695 0.4961205 0.5039022 -0.7070704 0.4961194 0.5039018 -0.7040896 -0.08701759 -0.7047594 -0.7040394 -0.08748811 -0.7047513 -0.7041016 -0.0870251 -0.7047466 -0.7041139 -0.08703279 -0.7047334 -0.7041915 -0.2665017 -0.6580967 -0.7041903 -0.2665016 -0.6580981 -0.7041929 -0.2665019 -0.6580951 -0.7041943 -0.2665022 -0.6580936 -0.7041187 -0.4278912 -0.5666799 -0.7042548 -0.4277944 -0.5665839 -0.7041343 -0.4278897 -0.5666616 -0.704123 -0.4278944 -0.5666721 -0.7042833 -0.559782 -0.4366111 -0.7041458 -0.5599389 -0.4366315 -0.7040662 -0.5598431 -0.4368828 -0.7040529 -0.5599741 -0.4367363 -0.7039684 -0.6540222 -0.276918 -0.7041666 -0.6538294 -0.2768693 -0.7040123 -0.6539961 -0.2768681 -0.7040573 -0.6539693 -0.276817 -0.7040836 -0.7033249 -0.09798181 -0.7040793 -0.7033283 -0.09798848 -0.7040895 -0.7032737 -0.09830665 -0.7040849 -0.7032591 -0.09844273 -0.1950503 -0.007597744 0.9807639 -0.1950489 -0.007597625 0.9807641 -0.195096 -0.00759983 0.9807547 -0.1950975 -0.007599949 0.9807544 -0.5555622 -0.006499111 0.8314496 -0.5556417 -0.006500661 0.8313966 -0.5554823 -0.006497681 0.831503 -0.5555623 -0.006499111 0.8314496 -0.8314896 -0.004302024 0.5555238 -0.8313832 -0.004294395 0.5556831 -0.8314363 -0.004298269 0.5556035 -0.8313832 -0.004294395 0.5556831 -0.9807877 -0.001499295 0.1950722 -0.9807878 -0.001499295 0.1950722 -0.9807878 -0.001499295 0.1950722 -0.9807691 -0.001502096 0.1951663 -0.7071207 0.7070714 0.005512773 -0.7071205 0.7070716 0.005512773 -0.7071173 0.7070748 0.005512535 -0.7071171 0.7070749 0.005512535 -0.7071176 -0.7070745 -0.005511522 -0.7071173 -0.7070749 -0.005511522 -1 2.54146e-6 0 -1 -1.11146e-6 0 -1 0 0 -1 8.9743e-7 0 -1 -8.15708e-7 0 -1 3.32758e-7 0 -1 -2.565e-6 0 -1 0 0 -1 -8.99092e-7 0 -1 5.91594e-7 0 -1 3.02771e-6 0 0 0.8272852 0.5617821 0 0.8272835 0.5617848 0 0.8270966 0.56206 0 0.8272833 0.5617851 0 0.9792776 0.2025229 0 0.9792782 0.2025198 0 0.9792776 0.2025226 0 0.9792103 0.2028481 0 0.007778048 -0.9999698 0 0.007778048 -0.9999698 0 0.007778048 -0.9999698 0 0.007778048 -0.9999698 0 0.2025222 -0.9792778 0 0.2025218 -0.9792779 0 0.2025218 -0.9792779 0 0.2025222 -0.9792777 0 0.5619806 -0.8271505 0 0.5619806 -0.8271505 0 0.5619806 -0.8271505 0 0.5619806 -0.8271505 0 0.8357257 -0.5491471 0 0.8357578 -0.5490984 0 0.8357572 -0.5490993 0 0.8357778 -0.5490679 0 0.9822514 -0.1875693 0 0.9822513 -0.1875697 0 0.9822514 -0.1875696 -3.05622e-7 0.9822515 -0.1875693 0 0.9999681 0.008000373 0 0.999968 0.007999539 0 0.999968 0.007999718 0 0.9999681 0.007998883 -2.25046e-4 0.9794733 0.201574 0 0.9792103 0.2028481 -4.9402e-4 0.9797764 0.2000952 -5.99932e-4 0.9799365 0.1993089 3.02312e-4 0.8279087 0.5608628 5.93274e-4 0.8271535 0.5619758 -2.44266e-4 0.8297683 0.558108 -3.79538e-4 0.830393 0.5571779 2.51311e-4 0.5498622 0.8352555 4.1306e-4 0.5489763 0.8358379 1.96079e-5 0.5510206 0.8344917 -2.18719e-4 0.5520539 0.8338085 1.46783e-4 0.1878387 0.9822 2.06207e-4 0.1872291 0.9823163 9.22442e-5 0.1881045 0.9821491 0 0.1885167 0.98207 0 -0.008026659 0.9999679 -6.14308e-5 -0.00773102 0.9999702 -5.34416e-5 -0.007662296 0.9999707 -7.30775e-5 -0.007624149 0.999971 1.50584e-5 -0.007795214 0.9999697 -1.38815e-4 -0.007610857 0.999971 -2.25649e-5 -0.007793068 0.9999697 -2.81151e-4 -0.007918059 0.9999687 2.28937e-5 -0.007818639 0.9999694 0 -0.007838487 0.9999694 0 0.9639593 0.2660495 0.01249873 0.979162 0.2026956 0.01249879 0.979162 0.2026957 0.01249897 0.979162 0.2026957 4.56581e-7 0.8933858 0.4492905 0 0.8933858 0.4492905 4.37174e-7 0.8933858 0.4492906 0 0.7017366 0.7124366 0 0.7017366 0.7124366 0 0.7017366 0.7124366 0 0.1873917 0.9822853 0 0.1873917 0.9822853 0 0.1873917 0.9822853 -0.008117437 0.1218397 0.9925166 -0.008117437 0.1218397 0.9925166 -0.008117496 0.1218397 0.9925166 0.00540179 0.4353035 0.9002677 0.005401015 0.4353035 0.9002677 0.005400955 0.4353036 0.9002676 0 0.3753563 0.9268807 0 0.6025916 0.7980498 4.21744e-7 0.6025916 0.7980498 1.82148e-7 0.6025916 0.7980499 0.021999 0.788383 0.6147914 0.02199888 0.788383 0.6147913 0.02199888 0.7883829 0.6147914 -0.7071135 0.7070789 0.00548011 -0.7071141 0.7070783 0.005480051 -0.7071213 0.7070711 0.005479633 -0.7071219 0.7070705 0.005479633 -0.7001975 0.7012963 -0.133817 -0.7001914 0.7013192 -0.1337289 -0.7002124 0.7013047 -0.1336952 -0.7002613 0.7012624 -0.1336605 -0.7002043 0.5967849 -0.3918697 -0.7002009 0.5967037 -0.3919995 -0.7002232 0.5967128 -0.3919456 -0.7001949 0.5967083 -0.3920032 -0.7001982 0.4012812 -0.5905048 -0.700226 0.4012424 -0.5904982 -0.7002007 0.4012802 -0.5905025 -0.7002071 0.4012275 -0.5905308 -0.7001273 0.1450016 -0.6991398 -0.7000998 0.1449326 -0.6991816 -0.7001869 0.1449249 -0.6990959 -0.7003924 0.1446611 -0.6989448 -0.7071233 0.005659699 -0.7070676 -0.707121 0.005659282 -0.7070701 -0.7071076 0.005656898 -0.7070834 -0.7071052 0.00565648 -0.7070859 -0.7002656 -0.1341388 -0.7011668 -0.7002677 -0.1341319 -0.701166 -0.7002649 -0.1341412 -0.7011671 -0.7002624 -0.1341495 -0.7011681 -0.7001936 -0.3920415 -0.5966845 -0.7001651 -0.3920556 -0.5967088 -0.7002301 -0.3915885 -0.5969392 -0.7002167 -0.392048 -0.5966532 -0.6999276 -0.59069 -0.4014805 -0.7001344 -0.5905374 -0.4013447 -0.7001731 -0.5905327 -0.401284 -0.7003075 -0.5904657 -0.401148 -0.7000171 -0.6992758 -0.1448775 -0.7001436 -0.6991702 -0.1447763 -0.7000443 -0.6992565 -0.1448391 -0.7001377 -0.6991903 -0.1447073 -0.7071026 -0.7070897 -0.005480051 -0.7071042 -0.7070882 -0.00548011 -0.7071246 -0.7070677 -0.005481362 -0.7071262 -0.7070662 -0.005481421 -0.7001925 -0.701299 0.1338298 -0.7002034 -0.7012988 0.1337729 -0.7001895 -0.7012892 0.1338959 -0.7001898 -0.7012878 0.133902 -0.7001995 -0.5967174 0.3919808 -0.7004282 -0.5966503 0.3916745 -0.700232 -0.5967353 0.3918957 -0.7001972 -0.5967249 0.3919736 -0.7002086 -0.4012636 0.5905045 -0.700225 -0.4012017 0.590527 -0.7002084 -0.401269 0.590501 -0.7001932 -0.4013126 0.5904894 -0.7002175 -0.1446693 0.6991182 -0.7002079 -0.1446799 0.6991257 -0.7002128 -0.1446898 0.6991186 -0.700217 -0.1446832 0.6991159 0 0.6071419 0.7945935 0 0.6071419 0.7945935 0 0.6071419 0.7945935 -0.007090985 0.5491457 0.8356965 -0.007090985 0.5491457 0.8356965 -0.007090985 0.5491458 0.8356966 0 0.4404459 0.8977792 1.37372e-7 0.4404459 0.8977792 0 0.4404459 0.8977792 0 0.1873251 0.982298 0 0.1873252 0.982298 0 0.1873251 0.982298 -0.01149553 0.1145631 0.9933494 -0.01149547 0.1145631 0.9933495 -0.01149547 0.1145631 0.9933495 0 0.3063299 0.9519255 0 0.3063299 0.9519255 0 0.3063299 0.9519255 0 0.7015864 0.7125844 0 0.7015866 0.7125842 0 0.7015866 0.7125843 0 0.7015868 0.712584 0 -0.9904342 -0.1379861 0 -0.9904342 -0.1379864 0 -0.9904342 -0.1379863 0 -0.9903879 -0.1383184 0 -0.9208405 -0.3899397 0 -0.9208398 -0.3899411 0 -0.9208399 -0.3899409 0 -0.9208406 -0.3899394 0 -0.7886512 -0.6148411 0 -0.7886509 -0.6148415 0 -0.7886508 -0.6148414 0 -0.7886512 -0.6148409 0 -0.6025722 -0.7980645 0 -0.6025719 -0.7980647 0 -0.6025719 -0.7980646 0 -0.6025723 -0.7980644 0 -0.3753499 -0.9268833 6.43403e-7 -0.3757945 -0.926703 0 -0.3753501 -0.9268831 0 -0.3753499 -0.9268832 0 -0.122526 -0.9924653 0 -0.1225259 -0.9924653 0 -0.1225259 -0.9924653 0 -0.122526 -0.9924653 0 -0.007799744 0.9999696 0 -0.007799744 0.9999697 0 -0.007799744 0.9999697 0 -0.007799744 0.9999697 -0.7001932 0.6991227 0.1447659 -0.7002056 0.6990918 0.1448546 -0.700186 0.6991249 0.1447896 -0.7001954 0.6991257 0.1447402 -0.5935835 0.6970812 0.4021649 -0.5936029 0.6971048 0.4020953 -0.5935834 0.6970805 0.4021662 -0.5936241 0.6971154 0.4020456 -0.3963354 0.6958083 0.5989733 -0.3967821 0.6954869 0.5990509 -0.3966118 0.6956152 0.5990147 -0.3967341 0.6955341 0.5990279 -0.13968 0.6948147 0.7054942 -0.1393076 0.6947427 0.7056387 -0.1396579 0.6948286 0.7054849 -0.1392993 0.6947427 0.7056404 -0.139348 -0.7056166 0.694757 -0.139278 -0.7056407 0.6947466 -0.139352 -0.7056165 0.6947564 -0.1393062 -0.7056587 0.6947226 -0.3966143 -0.7048494 0.5881194 -0.3966211 -0.7048406 0.5881255 -0.3965992 -0.704887 0.5880846 -0.3965978 -0.7048314 0.5881522 -0.593631 -0.7033737 0.390983 -0.593631 -0.7033737 0.390983 -0.593631 -0.7033737 0.390983 -0.5936122 -0.7033666 0.3910244 -0.5936123 -0.7033665 0.3910244 -0.5936123 -0.7033665 0.3910245 -0.7002168 -0.7012844 0.1337783 -0.7002168 -0.7012844 0.1337783 -0.7002168 -0.7012844 0.1337783 -0.7001987 -0.7012985 0.133799 -0.7001987 -0.7012986 0.133799 -0.7001987 -0.7012986 0.133799 0.7007759 -0.7016434 0.1288785 0.700986 -0.7013952 0.1290872 0.700913 -0.7014899 0.128969 0.700715 -0.7017467 0.1286482 -0.7007582 -0.7016871 0.1287369 -0.7007461 -0.7017729 0.1283349 -0.7007072 -0.7017226 0.1288211 -0.7007109 -0.701721 0.1288099 -0.647678 -0.7090534 0.2788486 -0.6476781 -0.7090533 0.2788486 -0.647678 -0.7090534 0.2788486 -0.6136751 -0.6840353 0.3943332 -0.6136751 -0.6840353 0.3943331 -0.6136751 -0.6840353 0.3943331 -0.5825033 -0.7054976 0.4036868 -0.5825033 -0.7054976 0.4036868 -0.4741281 -0.7105144 0.5199729 -0.4741283 -0.7105144 0.5199729 -0.4741281 -0.7105145 0.5199729 -0.4158758 -0.6764693 0.6078131 -0.4158759 -0.6764692 0.6078131 -0.3623986 -0.7084652 0.6055943 -0.3623985 -0.7084651 0.6055944 -0.2167442 -0.7110409 0.6689117 -0.216744 -0.7110412 0.6689114 -0.2167442 -0.711041 0.6689116 -0.1471047 -0.6726046 0.7252333 -0.1471047 -0.6726046 0.7252332 -0.1471047 -0.6726046 0.7252333 -0.07941657 -0.7103003 0.6994043 -0.07941651 -0.7103003 0.6994044 -0.07941651 -0.7103003 0.6994044 0.1410263 -0.7056182 0.6944168 0.08699858 -0.6352106 0.7674235 0.08699834 -0.6352108 0.7674234 0.08699834 -0.6352107 0.7674234 0.2167304 -0.7109942 0.6689659 0.2167302 -0.7109944 0.6689657 0.2167304 -0.7109941 0.668966 0.4009087 -0.7046441 0.5854476 0.4009087 -0.7046441 0.5854477 0.4009087 -0.7046441 0.5854476 0.3864805 -0.6574721 0.6468102 0.4741281 -0.7105145 0.5199729 0.4741283 -0.7105144 0.5199729 0.4741281 -0.7105144 0.5199729 0.5984908 -0.7029814 0.3842214 0.6047168 -0.6769854 0.4195336 0.604717 -0.6769853 0.4195335 0.604717 -0.6769853 0.4195336 0.6476782 -0.7090667 0.2788145 0.647678 -0.7090668 0.2788146 0.6476781 -0.7090667 0.2788145 -1.62246e-5 -0.9999698 -0.007783591 -1.61873e-4 -0.9999698 -0.007778525 -1.99201e-5 -0.9999697 -0.007797539 1.34139e-4 -0.9999698 -0.007772326 -9.00598e-5 -0.9999681 -0.008006453 3.88054e-5 -0.9999702 -0.007731735 6.74202e-5 -0.9999702 -0.007729768 3.16288e-5 -0.9999716 -0.007534921 8.41946e-5 -0.9999696 -0.007801771 -8.75303e-5 -0.9999685 -0.007933914 9.10381e-6 -0.9999699 -0.007758438 8.76998e-5 -0.9999691 -0.007859766 2.15566e-4 -0.9999688 -0.007902383 2.32822e-6 -0.9999697 -0.007794916 0 -0.9999697 -0.007789134 -2.06949e-5 -0.9999697 -0.007789254 -2.05822e-5 -0.9999697 -0.007789015 -2.06751e-5 -0.9999697 -0.007789254 1.09299e-4 -0.99997 -0.007756233 -1.20045e-6 -0.9999708 -0.007653474 -1.52562e-5 -0.9999703 -0.00771892 -1.64712e-4 -0.9999688 -0.007916569 2.45634e-4 -0.9999713 -0.007588088 1.89873e-5 -0.9999697 -0.007788121 -1.58209e-5 -0.99997 -0.00775206 5.64485e-5 -0.9999693 -0.007833838 4.29462e-5 -0.9999698 -0.00777924 -2.63679e-4 -0.9999693 -0.007843375 -6.41599e-5 -0.9999696 -0.007802546 1.20786e-4 -0.9999697 -0.007789671 -3.8102e-5 -0.9999695 -0.007813453 -1.85765e-4 -0.9999694 -0.007825791 -2.74028e-4 -0.9999681 -0.007983326 2.20545e-5 -0.9999693 -0.007851421 -3.04366e-4 -0.9999705 -0.007674157 3.92547e-4 -0.9999668 -0.008143305 -1.18522e-4 -0.9999713 -0.007572591 -2.79015e-5 -0.9999693 -0.007848203 1.7903e-4 -0.9999701 -0.007744967 9.63031e-5 -0.9999693 -0.007837057 1.3354e-4 -0.9999704 -0.007698655 1.14116e-4 -0.9999692 -0.007852315 -7.72114e-6 -0.9999697 -0.007786214 5.02598e-5 -0.9999709 -0.007640719 5.3918e-5 -0.9999709 -0.007635116 1.80796e-5 -0.9999695 -0.00781095 4.90094e-6 -0.9999698 -0.007787525 -9.55599e-5 -0.9999681 -0.007986366 0 -0.9999695 -0.007815599 0 -0.9999707 -0.007661223 0 -0.9999707 -0.007662415 0 -0.999969 -0.007880389 0 -0.999969 -0.007881224 0 -0.9999705 -0.007680654 1.81204e-4 -0.9999673 -0.008090078 -3.74889e-5 -0.9999719 -0.007492899 0.7002533 0.6991015 0.144577 0.7004042 0.6989907 0.1443818 0.7002812 0.6990699 0.1445949 0.7003263 0.6990371 0.1445348 0.7002103 0.5905277 0.4012264 0.70035 0.5903556 0.4012358 0.7002776 0.5903688 0.401343 0.7002234 0.5905197 0.4012153 0.7071182 0.005499422 -0.7070741 0.7071182 0.005499422 -0.7070741 0.7071182 0.005499899 -0.707074 0.7071182 0.005499958 -0.707074 0.7000598 0.1443453 -0.699343 0.700253 0.1445803 -0.6991012 0.7000698 0.1443575 -0.6993306 0.7002041 0.1446856 -0.6991283 0.7001753 0.4013561 -0.5904811 0.7002563 0.401301 -0.5904225 0.7002219 0.4012148 -0.5905219 0.700405 0.4012124 -0.5903064 0.7001563 0.5967606 -0.3919923 0.7002325 0.5967047 -0.3919413 0.7001815 0.5967599 -0.3919485 0.7002265 0.5966985 -0.3919616 0.7001845 0.7013034 -0.1338484 0.7001911 0.7013022 -0.1338191 0.7001805 0.7013049 -0.1338607 0.7001812 0.7012483 -0.134154 0.7071148 0.7070762 0.00565648 0.7070748 0.7071187 0.005326151 0.7071189 0.707072 0.00565654 0.7071195 0.7070715 0.00565654 0.7004476 0.699365 0.1423434 0.7004714 0.6993715 0.1421952 0.7004938 0.6993772 0.1420568 0.7004515 0.6993688 0.1423059 0.7001756 0.5927868 0.3979422 0.7001434 0.5928989 0.3978319 0.7001828 0.5927752 0.3979467 0.6999844 0.5930945 0.3978202 0.7001911 0.3941076 0.5953248 0.700165 0.3941566 0.5953231 0.70019 0.3941098 0.5953247 0.7002211 0.3940512 0.5953268 0.7001484 0.1346244 0.7011908 0.7001675 0.1345986 0.7011766 0.7001492 0.1346232 0.7011903 0.7001262 0.134654 0.7012073 -0.7071123 -0.00548011 0.7070801 -0.7071129 -0.00548017 0.7070795 -0.7071213 -0.005481302 0.7070711 -0.7071219 -0.005481421 0.7070705 0.7071121 -0.005438387 0.7070806 0.7071124 -0.005438327 0.7070803 0.7071168 -0.005437433 0.7070759 0.7071171 -0.005437374 0.7070756 -0.700194 0.1338497 0.7012937 -0.700201 0.1337831 0.7012993 -0.7001971 0.1338077 0.7012984 -0.7001875 0.1338835 0.7012937 -0.7063724 0.3080869 0.6372759 -0.7063726 0.3080868 0.6372757 -0.7063724 0.3080869 0.6372759 -0.7102941 0.3865408 0.5882758 -0.7102943 0.3865408 0.5882757 -0.7102943 0.3865408 0.5882757 -0.7041037 0.4278738 0.5667117 -0.7041034 0.4278739 0.566712 -0.7041035 0.4278739 0.5667119 -0.7040458 0.5600335 0.4366716 -0.7040457 0.5600336 0.4366717 -0.7040457 0.5600335 0.4366716 -0.7103453 0.5822235 0.3955063 -0.7103453 0.5822236 0.3955063 -0.7103455 0.5822235 0.3955063 -0.7063811 0.6323781 0.3179998 -0.7063806 0.6323784 0.318 -0.706381 0.6323782 0.318 -0.700208 0.6991082 0.1447635 -0.7002103 0.699108 0.1447539 -0.7002049 0.6991034 0.1448023 -0.7002 0.6991022 0.1448313 -1 8.10092e-7 0 -1 4.84931e-7 0 -1 -5.49279e-7 0 -1 3.29454e-6 0 -1 1.94086e-6 0 -1 1.37626e-5 0 -1 1.33757e-5 0 -1 1.99611e-4 0 -1 1.19561e-5 0 -1 -1.25463e-5 0 -1 2.16671e-5 0 -1 -7.65929e-7 0 -1 -7.06331e-6 0 0.7000914 0.3918511 0.5969294 0.7002168 0.3920215 0.5966704 0.7002703 0.3920949 0.5965594 0.7000916 0.3918486 0.5969309 0.6999194 0.1335577 0.7016233 0.7001143 0.1337344 0.7013952 0.7001706 0.1337855 0.7013291 0.7003338 0.1339336 0.7011379 0.7070719 0.4961185 0.5039007 0.7070707 0.4961196 0.5039013 0.7070621 0.4961276 0.5039054 0.7070609 0.4961287 0.503906 0.7040873 -0.7033215 -0.09798002 0.7040935 -0.7033147 -0.09798347 0.7040988 -0.7032446 -0.09844774 0.7040961 -0.7032679 -0.09829998 0.7040098 -0.6539845 -0.2769016 0.7040501 -0.6539348 -0.2769165 0.7039657 -0.6540388 -0.2768853 0.7041395 -0.6538432 -0.2769054 0.7040763 -0.5599417 -0.4367402 0.7038759 -0.5601961 -0.4367368 0.7041086 -0.5599369 -0.4366943 0.7040695 -0.5599932 -0.4366849 0.7042194 -0.4278446 -0.56659 0.7042121 -0.4278289 -0.5666108 0.7041303 -0.4278953 -0.5666623 0.7040206 -0.4278425 -0.5668385 0.7041914 -0.2665012 -0.658097 0.7041903 -0.2665016 -0.6580981 0.7041925 -0.2665008 -0.6580959 0.7041938 -0.2665004 -0.6580948 0.7041015 -0.08701545 -0.7047477 0.7041142 -0.08700537 -0.7047364 0.7040877 -0.08702647 -0.7047603 0.7040734 -0.08703786 -0.7047731 0.9807627 -0.00149101 0.1951985 0.9807627 -0.00149089 0.1951985 0.9807627 -0.00149095 0.1951985 0.9808278 -0.00151968 0.1948706 0.8314888 -0.004302024 0.555525 0.8314349 -0.00429815 0.5556055 0.8313818 -0.004294276 0.5556852 0.8314889 -0.004302024 0.5555248 0.5555628 -0.006499171 0.8314493 0.5554044 -0.006496071 0.831555 0.5555637 -0.006499171 0.8314487 0.5556424 -0.006500661 0.8313961 0.1950376 -0.007596313 0.9807664 0.1951333 -0.007602214 0.9807473 0.1950393 -0.007596492 0.980766 0.1951313 -0.007602095 0.9807477 0.7002506 -0.701249 0.1337874 0.7001382 -0.7013015 0.1341006 0.7000226 -0.7014679 0.133833 0.700148 -0.7013427 0.1338329 0.5936234 -0.7033708 0.3909997 0.59359 -0.7033396 0.3911066 0.5935941 -0.7032974 0.3911762 0.5936142 -0.7033076 0.3911275 0.3966363 -0.7048848 0.5880624 0.3965081 -0.7048345 0.5882088 0.3965965 -0.7047807 0.5882138 0.3965903 -0.7048767 0.5881029 0.1394171 -0.7055865 0.6947737 0.1393173 -0.7056358 0.6947437 0.1392908 -0.7056496 0.6947349 0.1391808 -0.7058038 0.6946005 0 -0.7127413 0.7014271 0 -0.7127413 0.7014271 0 -0.7127401 0.7014282 -0.9808083 0.00150305 -0.1949688 -0.9808084 0.00150299 -0.1949688 -0.9808083 0.001503109 -0.1949688 -0.9749747 -0.00149852 -0.2223111 -0.9749747 -0.00149852 -0.2223111 -0.9749747 -0.00149852 -0.2223111 -0.9129199 0.003192663 -0.4081263 -0.8155722 0.004526436 -0.5786376 -0.7818688 -7.14407e-4 -0.6234427 -0.7818688 -7.14382e-4 -0.6234427 -0.7818688 -7.14383e-4 -0.6234427 -0.6662772 0.005802392 -0.7456817 -0.6662772 0.005802512 -0.7456817 -0.6662772 0.005802273 -0.7456817 -0.5081896 0.006686985 -0.8612194 -0.5081896 0.006686985 -0.8612194 -0.5081896 0.006686985 -0.8612194 -0.4338279 1.09441e-4 -0.9009958 -0.4338279 1.09462e-4 -0.9009958 -0.4338279 1.09475e-4 -0.9009958 -0.3036763 0.007404088 -0.9527465 -0.3036764 0.007404088 -0.9527466 -0.3036764 0.007404148 -0.9527465 -0.1120109 0.007700681 -0.9936771 -0.112011 0.007700443 -0.9936771 -0.112011 0.007700502 -0.9936772 0 3.55559e-4 -1 0.1120293 0.007701039 -0.9936751 0.1120293 0.007701158 -0.9936751 0.1120293 0.007701039 -0.9936751 0.303676 0.007404148 -0.9527466 0.303676 0.007404088 -0.9527466 0.303676 0.007404088 -0.9527466 0.4338279 1.09462e-4 -0.9009958 0.4338279 1.09472e-4 -0.9009958 0.4338279 1.09456e-4 -0.9009958 0.5080667 0.006702423 -0.8612918 0.5080667 0.006702482 -0.8612918 0.5080667 0.006702482 -0.8612918 0.6664202 0.005798578 -0.7455539 0.6664202 0.005798459 -0.7455539 0.6664202 0.005798518 -0.7455539 0.78187 -7.1469e-4 -0.6234411 0.78187 -7.14689e-4 -0.6234411 0.7818701 -7.147e-4 -0.6234411 0.9807726 0.001502394 -0.1951487 0.9807726 0.001502394 -0.1951487 0.9807726 0.001502394 -0.1951487 0.9748813 -0.001490354 -0.2227203 0.9748813 -0.001490294 -0.2227203 0.9748812 -0.001490294 -0.2227203 0.9129124 0.003192186 -0.4081429 0.8155739 0.004526436 -0.5786354 0.9820994 -0.00147432 0.188358 0.9749214 -0.005597293 0.2224795 0.9749214 -0.005597352 0.2224795 0.9749213 -0.005597352 0.2224795 0.9156764 -0.003138065 0.4019045 0.9156762 -0.003100156 0.401905 0.9156762 -0.003100514 0.401905 0.8183652 -0.00449562 0.574681 0.7816579 -0.01072633 0.6236152 0.669838 -0.005808115 0.7424846 0.669838 -0.005800068 0.7424848 0.669838 -0.005799949 0.7424847 0.5102108 -0.006692528 0.8600234 0.5102108 -0.006692469 0.8600234 0.5102108 -0.006692409 0.8600234 0.433872 -0.01400059 0.9008657 0.433872 -0.01400065 0.9008657 0.433872 -0.01400065 0.9008657 0.3059449 -0.007400572 0.9520205 0.3059449 -0.007400751 0.9520205 0.3059449 -0.00740087 0.9520205 0.1119722 -0.007701754 0.9936816 0.1119722 -0.007701754 0.9936816 0.1119722 -0.007701694 0.9936816 0 -0.01510936 0.9998859 -0.1120087 -0.007699251 0.9936774 -0.1120087 -0.007699191 0.9936774 -0.1120087 -0.007699072 0.9936774 -0.3059449 -0.00740087 0.9520205 -0.3059449 -0.007400751 0.9520205 -0.3059449 -0.007400453 0.9520205 -0.4339577 -0.01398873 0.9008247 -0.4339577 -0.01398879 0.9008247 -0.4339577 -0.01398867 0.9008247 -0.5100463 -0.006703078 0.8601208 -0.5100463 -0.006703138 0.860121 -0.5100463 -0.006703138 0.8601208 -0.6698428 -0.005800008 0.7424803 -0.6698428 -0.005800008 0.7424803 -0.6698428 -0.005800008 0.7424803 -0.7820141 -0.01067 0.6231695 -0.7820141 -0.01066988 0.6231695 -0.7820141 -0.01066988 0.6231695 -0.9821625 -0.001497566 0.1880279 -0.9821626 -0.001497745 0.1880279 -0.9821626 -0.001497685 0.1880279 -0.9749424 -0.005620241 0.2223864 -0.9749424 -0.005620241 0.2223864 -0.9749424 -0.005620241 0.2223864 -0.9156436 -0.003099918 0.4019793 -0.9156435 -0.003099858 0.4019793 -0.9156436 -0.003099739 0.4019793 -0.8183619 -0.004495561 0.5746857 0.7002184 -0.6990334 -0.1450743 0.7002091 -0.6991038 -0.1447798 0.7002134 -0.6991041 -0.1447566 0.7002239 -0.699081 -0.1448187 0.645614 -0.7046951 -0.2942576 0.6456141 -0.704695 -0.2942577 0.6456141 -0.7046949 -0.2942577 0.6059651 -0.6815531 -0.4102337 0.6059651 -0.6815531 -0.4102337 0.6059651 -0.6815531 -0.4102336 0.5807746 -0.6988425 -0.4175165 0.5807747 -0.6988426 -0.4175165 0.5807746 -0.6988425 -0.4175165 0.4716349 -0.7024019 -0.5330968 0.4716348 -0.7024019 -0.5330967 0.4716348 -0.702402 -0.5330966 0.4105027 -0.6690339 -0.6195815 0.4105027 -0.6690339 -0.6195815 0.4105027 -0.6690339 -0.6195815 0.3610464 -0.6988317 -0.6174786 0.3610465 -0.6988316 -0.6174787 0.3610465 -0.6988316 -0.6174786 0.215048 -0.7005903 -0.680388 0.215048 -0.7005903 -0.6803879 0.1452113 -0.662388 -0.734953 0.1452114 -0.6623879 -0.734953 0.1452113 -0.662388 -0.7349529 0.07940417 -0.6994025 -0.7103036 0.07940423 -0.6994027 -0.7103034 0.07940417 -0.6994026 -0.7103035 -0.1393501 -0.6945835 -0.7057871 -0.08672535 -0.6265242 -0.7745619 -0.08672559 -0.6265241 -0.774562 -0.08672577 -0.626524 -0.7745621 -0.2151311 -0.7005837 -0.6803683 -0.2151312 -0.7005836 -0.6803684 -0.2151312 -0.7005837 -0.6803683 -0.3967864 -0.6955173 -0.5990128 -0.383018 -0.6522886 -0.6540771 -0.383018 -0.6522886 -0.6540772 -0.383018 -0.6522885 -0.6540772 -0.4715713 -0.7023702 -0.5331947 -0.4715715 -0.7023702 -0.5331947 -0.4715714 -0.7023702 -0.5331947 -0.5935996 -0.6971042 -0.4021012 -0.5935996 -0.6971042 -0.4021012 -0.5935996 -0.6971042 -0.4021012 -0.7002857 -0.6991329 -0.1442674 -0.7003851 -0.6990025 -0.1444172 -0.7002233 -0.6991073 -0.1446936 -0.7005108 -0.6988373 -0.1446067 -0.645576 -0.7046744 -0.2943905 -0.645576 -0.7046745 -0.2943904 -0.6455927 -0.7046559 -0.294398 -0.5982093 -0.6763735 -0.4297263 -0.5982092 -0.6763735 -0.4297263 -0.5982093 -0.6763734 -0.4297263 0.7071181 0.7070742 0.005496144 0.7071181 0.7070741 0.00549674 0.7071182 0.707074 0.005497872 0.7071183 0.707074 0.005498468 0.7002088 0.7013131 -0.13367 0.7002418 0.7012676 -0.1337361 0.7001894 0.7013062 -0.1338078 0.7001901 0.701307 -0.1337994 0.5935647 0.7033481 -0.3911297 0.5935735 0.7033174 -0.3911715 0.593336 0.7036256 -0.3909776 0.5933874 0.7033666 -0.3913655 0.3966284 0.7048417 -0.5881191 0.396694 0.7048273 -0.5880923 0.3965166 0.704887 -0.5881403 0.3966232 0.7048304 -0.5881363 0.1392432 0.705545 -0.6948509 0.1392697 0.7054975 -0.6948937 0.1393333 0.7055666 -0.6948108 0.1395184 0.7057679 -0.6945692 0 0.712742 -0.7014264 0 0.7127419 -0.7014265 0 0.7127403 -0.701428 4.36531e-7 0.7124039 -0.7017697 0.7002509 0.7012487 -0.1337871 0.7001661 0.7013003 -0.1339607 0.7003652 0.7011383 -0.1337675 0.7002134 0.7012856 -0.1337899 0.5935913 0.703291 -0.391192 0.5935912 0.703291 -0.391192 0.5935913 0.703291 -0.391192 0.5936444 0.7033324 -0.3910369 0.5936444 0.7033324 -0.3910369 0.5936444 0.7033324 -0.3910369 0.3965417 0.7048966 -0.5881118 0.3966056 0.7048454 -0.5881302 0.3966056 0.7048454 -0.5881301 0.1391987 0.7057245 -0.6946774 0.1391987 0.7057245 -0.6946774 0.1393519 0.7055844 -0.694789 0.1393519 0.7055844 -0.694789 0.139352 0.7055844 -0.694789 0.9820994 -0.001473248 0.188358 0.9749011 -0.005607485 0.2225675 0.9749012 -0.005607545 0.2225675 0.9749011 -0.005607485 0.2225675 0.915611 -0.003140151 0.4020531 0.915611 -0.00310111 0.4020537 0.9156109 -0.00310111 0.4020537 0.8183619 -0.004494965 0.5746858 0.7818653 -0.01069283 0.6233559 0.7818652 -0.01069283 0.6233559 0.7818652 -0.01069283 0.6233559 0.6698427 -0.005808055 0.7424803 0.6698427 -0.005800008 0.7424805 0.6698427 -0.005799889 0.7424804 0.4338721 -0.01400059 0.9008658 0.433872 -0.01400065 0.9008657 0.433872 -0.01400065 0.9008657 0.3059449 -0.007400691 0.9520205 0.3059449 -0.007400691 0.9520205 0.3059449 -0.007400333 0.9520205 0.1119722 -0.007701873 0.9936816 0.1119722 -0.007701754 0.9936816 0.1119722 -0.007701694 0.9936816 0 -0.0151093 0.9998859 -0.1120087 -0.007699072 0.9936774 -0.1120087 -0.007699191 0.9936774 -0.1120087 -0.007699131 0.9936774 -0.3059449 -0.007400453 0.9520205 -0.3059449 -0.007400751 0.9520205 -0.3059449 -0.007400631 0.9520205 -0.4339576 -0.01398879 0.9008247 -0.4339576 -0.01398879 0.9008247 -0.5100463 -0.006703138 0.8601208 -0.5100463 -0.006703078 0.8601208 -0.5100463 -0.006703019 0.8601208 -0.6698382 -0.005800008 0.7424845 -0.6698382 -0.005800068 0.7424845 -0.6698382 -0.005800127 0.7424845 -0.7818652 -0.01069283 0.6233559 -0.7818653 -0.01069283 0.6233559 -0.7818652 -0.01069283 0.6233559 -0.9749425 -0.00562036 0.2223864 -0.9749425 -0.00562036 0.2223864 -0.9749425 -0.0056203 0.2223864 -0.9156243 -0.003100335 0.4020232 -0.9156242 -0.003100633 0.4020232 -0.9156243 -0.003100454 0.4020232 -0.8183635 -0.004495561 0.5746834 0.7008213 -0.7015876 0.1289364 0.7008079 -0.7016077 0.128899 0.700915 -0.7014878 0.1289688 0.7007204 -0.701741 0.1286492 -0.7007589 -0.7016866 0.1287358 -0.7007454 -0.7017737 0.1283348 -0.7007075 -0.7017225 0.1288206 -0.7007404 -0.7016981 0.1287742 -0.6136181 -0.6841 0.3943096 -0.6136181 -0.6841 0.3943096 -0.6136181 -0.6841 0.3943096 -0.5825038 -0.7054978 0.4036858 -0.5825038 -0.7054978 0.4036858 -0.4741558 -0.710523 0.519936 -0.4741559 -0.7105229 0.519936 -0.3623136 -0.7086039 0.6054829 -0.3623136 -0.7086038 0.6054829 -0.2167306 -0.7109943 0.6689656 -0.2167305 -0.7109943 0.6689656 -0.2167307 -0.7109942 0.6689658 -0.1470942 -0.6726758 0.7251694 -0.1470941 -0.6726758 0.7251694 -0.147094 -0.6726758 0.7251694 -0.07946413 -0.7102919 0.6994076 -0.07946407 -0.7102917 0.6994077 -0.07946407 -0.7102918 0.6994078 0.141026 -0.7056192 0.6944158 0.2167297 -0.7109942 0.668966 0.2167297 -0.7109943 0.668966 0.2167298 -0.7109941 0.6689661 0.4009086 -0.7046439 0.585448 0.4009085 -0.7046439 0.585448 0.4009085 -0.7046439 0.585448 0.3864819 -0.6574727 0.6468086 0.4741579 -0.7105237 0.5199333 0.474158 -0.7105235 0.5199334 0.4741579 -0.7105235 0.5199334 0.5982198 -0.703144 0.3843458 0.5982198 -0.703144 0.3843458 0.5982197 -0.7031441 0.3843458 0.6046817 -0.6770261 0.4195185 0.6046817 -0.6770261 0.4195185 0.6046817 -0.6770261 0.4195184 0.6476782 -0.7090576 0.2788375 0.6476783 -0.7090575 0.2788375 0.6476782 -0.7090576 0.2788375 0.7002187 -0.699062 -0.1449347 0.7001978 -0.6990754 -0.1449718 0.7002121 -0.6990663 -0.1449465 0.7002331 -0.6990527 -0.1449104 0.6455768 -0.7046744 -0.2943886 0.6455768 -0.7046744 -0.2943885 0.6455769 -0.7046743 -0.2943886 0.6060106 -0.6815242 -0.4102146 0.6060105 -0.6815242 -0.4102146 0.5806919 -0.6989021 -0.4175319 0.5806919 -0.6989021 -0.4175319 0.5806919 -0.698902 -0.4175319 0.4715062 -0.7024523 -0.5331442 0.4715062 -0.7024523 -0.5331441 0.4715062 -0.7024524 -0.5331441 0.3610128 -0.6988192 -0.6175124 0.3610129 -0.6988192 -0.6175124 0.3610128 -0.6988192 -0.6175123 0.2151417 -0.7005729 -0.6803761 0.2151417 -0.700573 -0.6803761 0.2151417 -0.7005729 -0.6803761 0.145204 -0.6624255 -0.7349206 0.1452039 -0.6624255 -0.7349206 0.145204 -0.6624255 -0.7349206 0.07945078 -0.6993952 -0.7103055 0.07945078 -0.6993953 -0.7103054 0.07945078 -0.6993954 -0.7103054 -0.1392582 -0.6949266 -0.7054674 -0.1392582 -0.6949266 -0.7054674 -0.1392582 -0.6949266 -0.7054674 -0.08669948 -0.626493 -0.7745901 -0.08669954 -0.6264929 -0.7745901 -0.08669942 -0.626493 -0.7745901 -0.2150877 -0.7005813 -0.6803846 -0.2150877 -0.7005812 -0.6803846 -0.2150877 -0.7005813 -0.6803846 -0.396579 -0.6956341 -0.5990146 -0.396579 -0.695634 -0.5990146 -0.396579 -0.695634 -0.5990146 -0.4715797 -0.7024011 -0.5331466 -0.4715797 -0.7024011 -0.5331466 -0.5936006 -0.6971033 -0.4021012 -0.5936006 -0.6971033 -0.4021012 -0.5936006 -0.6971033 -0.4021013 -0.7002328 -0.6991175 -0.1445989 -0.700222 -0.6991094 -0.1446902 -0.7004254 -0.6989489 -0.1444808 -0.700266 -0.6990663 -0.1446856 -0.6455764 -0.704674 -0.2943906 -0.6455757 -0.7046747 -0.2943903 -0.6455906 -0.7046582 -0.294397 -0.5982086 -0.6763749 -0.4297248 -0.5982086 -0.6763749 -0.4297248 -0.5982088 -0.6763749 -0.4297248 -0.9808083 0.001503169 -0.1949688 -0.9808083 0.001503229 -0.1949688 -0.9808083 0.001503229 -0.1949688 -0.9749746 -0.001498699 -0.2223111 -0.9749746 -0.001498758 -0.2223111 -0.9749747 -0.001494288 -0.2223111 -0.9129199 0.003191769 -0.4081263 -0.8155722 0.00452584 -0.5786376 -0.7818688 -7.14384e-4 -0.6234427 -0.7818688 -7.14368e-4 -0.6234427 -0.7818688 -7.14349e-4 -0.6234427 -0.6663486 0.00580126 -0.7456178 -0.6663486 0.005801379 -0.7456178 -0.6663486 0.0058012 -0.7456178 -0.4338279 1.09421e-4 -0.9009958 -0.4338279 1.09414e-4 -0.9009958 -0.4338279 1.09462e-4 -0.9009958 0.1120293 0.007701277 -0.9936751 0.1120293 0.007701098 -0.9936751 0.1120293 0.007700979 -0.9936751 0.303676 0.007404088 -0.9527466 0.303676 0.007404088 -0.9527466 0.303676 0.007404088 -0.9527466 0.4338279 1.09435e-4 -0.9009958 0.433828 1.09377e-4 -0.9009958 0.433828 1.09416e-4 -0.9009958 0.5080667 0.006702482 -0.8612918 0.5080667 0.006702482 -0.8612918 0.5080667 0.006702482 -0.8612918 0.6664202 0.005798459 -0.7455539 0.6664202 0.005798518 -0.7455539 0.6664202 0.005798578 -0.7455539 0.7816622 -6.60057e-4 -0.6237017 0.9807732 0.001502156 -0.1951459 0.9807731 0.001502156 -0.1951458 0.9807732 0.001502156 -0.1951459 0.9749037 -0.001494705 -0.2226222 0.9749037 -0.001494705 -0.2226222 0.9749038 -0.001494705 -0.2226222 0.9129199 0.003192663 -0.4081263 0.8155722 0.004526436 -0.5786376 -4.42099e-6 0.9999696 0.007799923 1.6462e-4 0.9999697 0.007780194 -2.22747e-4 0.9999685 0.007938683 7.10505e-5 0.9999696 0.007813811 0 0.9999696 0.00780797 0 0.9999698 0.007773518 9.8972e-5 0.9999697 0.007789254 -9.31129e-5 0.9999704 0.007696807 -1.05819e-5 0.9999697 0.007792294 1.95764e-4 0.9999697 0.007787227 0 0.9999712 0.007608294 0 0.9999685 0.007944881 -8.60315e-5 0.9999694 0.00783658 -2.377e-4 0.99997 0.007750093 5.68629e-5 0.9999702 0.007727563 -7.05475e-5 0.999969 0.007875084 -6.06726e-5 0.9999693 0.007843315 1.07468e-4 0.999969 0.007871389 1.02381e-4 0.9999687 0.007918298 0 0.9999701 0.007727324 -3.41254e-6 0.9999698 0.007773995 1.05249e-4 0.9999722 0.007467091 2.38015e-4 0.9999719 0.007501006 1.53047e-4 0.9999704 0.007701158 -1.88102e-4 0.9999676 0.008051156 1.67879e-4 0.9999698 0.007765471 -3.98029e-5 0.99997 0.007758736 -7.00533e-6 0.9999693 0.00784713 -1.53769e-4 0.9999706 0.007686316 -2.52917e-4 0.9999706 0.007661044 1.98764e-4 0.9999698 0.00777167 -4.4892e-5 0.9999701 0.007741093 -1.27917e-4 0.9999708 0.007646262 0 0.9999705 0.007679998 0 0.9999706 0.007682502 0 0.9999719 0.007496416 5.52519e-6 0.9999695 0.007822692 -1.06045e-5 0.9999698 0.007767081 0 0.9999719 0.007496893 2.68166e-4 0.9999707 0.007664084 3.28577e-4 0.9999689 0.00788486 1.31704e-4 0.9999697 0.00779438 -2.12209e-5 0.9999697 0.007791697 -8.97282e-5 0.9999701 0.007738053 -4.43472e-5 0.9999709 0.007640421 1.1541e-4 0.9999681 0.00800246 -2.3459e-4 0.9999709 0.00764364 8.78134e-5 0.9999699 0.007757484 -1.55866e-4 0.99997 0.007755994 -3.39227e-5 0.9999697 0.007790267 8.81287e-5 0.9999689 0.007888615 -1.9545e-4 0.9999714 0.007567107 0 0.7014278 0.7127406 0 0.7014278 0.7127406 0.1395631 0.6949355 0.7053984 0.1391631 0.6946038 0.705804 0.1395429 0.6949187 0.7054189 0.1392819 0.6947192 0.705667 0.3965569 0.6956474 0.5990138 0.3965938 0.6956382 0.5989999 0.3966392 0.6955986 0.5990158 0.3966146 0.6956164 0.5990116 0.5936093 0.6971116 0.4020738 0.5936431 0.6971435 0.4019688 0.5936326 0.6971403 0.4019898 0.5935861 0.6970776 0.4021673 0.7000628 0.6992385 0.1448366 0.6999449 0.6994143 0.1445574 0.7000567 0.6992475 0.1448221 0.7002098 0.6990938 0.1448243 0.7071155 0.7070764 0.005538582 0.7071159 0.707076 0.005538642 0.7071202 0.7070717 0.005539 0.7071207 0.7070713 0.005539059 0.7071176 -0.7070744 -0.005538582 0.7071178 -0.7070741 -0.005538582 0.7071204 -0.7070716 -0.005538821 0.7071207 -0.7070713 -0.005538821 0.7003788 -0.6994623 -0.142204 0.7004756 -0.699374 -0.1421617 0.7004312 -0.69941 -0.1422035 0.7004511 -0.6993954 -0.1421777 0.5960121 -0.6970546 -0.3986033 0.5960501 -0.6970134 -0.3986185 0.5960895 -0.6969999 -0.3985832 0.5959694 -0.6970937 -0.3985984 0.3986914 -0.6955225 -0.5977404 0.3987762 -0.6954854 -0.5977272 0.3983752 -0.6955752 -0.59789 0.3987958 -0.6955057 -0.5976904 0.1400477 -0.6946447 -0.7055887 0.1401101 -0.6946734 -0.7055481 0.140077 -0.6946563 -0.7055715 0.1402368 -0.694496 -0.7056975 0 -0.7014273 -0.712741 0 -0.7014274 -0.712741 0.1393284 -0.6945834 -0.7057914 0.1390578 -0.6947962 -0.7056353 0.1389796 -0.6948577 -0.7055903 0.1390373 -0.6948845 -0.7055524 0.3966562 -0.6955857 -0.5990195 0.3965724 -0.6956385 -0.5990136 0.3966632 -0.6955773 -0.5990248 0.3965327 -0.6956694 -0.5990042 0.5935754 -0.6971191 -0.4021111 0.593655 -0.6970699 -0.4020789 0.5937048 -0.697041 -0.4020553 0.5935196 -0.6971424 -0.402153 0.7002153 -0.6990979 -0.144778 0.7002145 -0.6991142 -0.1447035 0.7002108 -0.699097 -0.144804 0.7002128 -0.6991108 -0.1447281 0.7071152 -0.7070769 -0.005507826 0.7071157 -0.7070765 -0.005507826 0.7071241 -0.7070682 -0.005507767 0.7071245 -0.7070677 -0.005507767 1 -2.01725e-7 0 1 1.85135e-7 0 1 2.23759e-7 0 1 -2.62594e-7 0 1 1.01996e-6 0 1 2.8232e-7 0 1 -7.11671e-7 0 1 0 0 1 -5.68338e-7 0 1 -7.92142e-7 0 1 5.95718e-7 0 1 0 0 1 -3.09585e-7 0 1 -2.22366e-6 0 1 -1.71998e-7 0 1 2.64639e-7 0 1 -7.56926e-7 0 1 3.12398e-7 0 1 -2.20358e-7 0 1 2.78272e-5 0 1 1.98103e-6 0 1 -7.05649e-6 0 1 -1.82258e-6 0 0.9807696 0.001501917 -0.195164 0.9807695 0.001501917 -0.1951637 0.9807696 0.001501977 -0.195164 0.9807696 0.001501858 -0.1951637 0.8313828 0.004294395 -0.5556838 0.8314353 0.00429815 -0.5556049 0.8313827 0.004294395 -0.5556839 0.8314353 0.00429815 -0.555605 0.5558977 0.006483137 -0.8312255 0.5558981 0.006483554 -0.8312252 0.5558977 0.006483197 -0.8312255 0.5558981 0.006483614 -0.8312252 0.1953451 0.007536292 -0.9807057 0.1952075 0.007570743 -0.9807329 0.195208 0.007570564 -0.9807327 0.1948875 0.007650196 -0.9807958 0 0.007799744 -0.9999696 0 0.007799744 -0.9999697 0 0.007799744 -0.9999697 0 0.007799744 -0.9999696 0.9813013 0.001696407 -0.1924711 0.9814903 0.001501202 -0.1915066 0.9809585 0.001980841 -0.1942073 0.9807679 0.002132356 -0.1951665 0.8340575 0.003816723 -0.5516644 0.8346506 0.003701508 -0.5507674 0.8324348 0.004355669 -0.554106 0.831595 0.004686474 -0.5553629 0.557821 0.006275057 -0.8299377 0.5582344 0.006145775 -0.8296606 0.5563183 0.006561696 -0.8309434 0.5555098 0.006737649 -0.8314828 0.1957186 0.0074898 -0.9806316 0.1961196 0.00741285 -0.980552 0.195512 0.007526755 -0.9806725 0.1949683 0.007613539 -0.98078 2.42629e-5 -0.007793307 0.9999697 0 -0.007799863 0.9999697 2.9512e-5 -0.007782697 0.9999697 1.17683e-4 -0.007815003 0.9999696 -2.81499e-4 -0.007765829 0.9999698 -3.84349e-4 -0.007798671 0.9999696 -4.76223e-5 -0.007880687 0.999969 0 -0.007842123 0.9999693 -7.17694e-5 -0.007619082 0.999971 -3.88225e-5 -0.007652819 0.9999707 2.36969e-5 -0.00783801 0.9999694 0 -0.007786929 0.9999698 8.64297e-5 -0.007923185 0.9999687 2.3884e-5 -0.007750809 0.99997 -7.9629e-5 -0.007725417 0.9999702 7.87185e-5 -0.007875382 0.9999691 1.05019e-4 -0.00796777 0.9999683 -2.35962e-4 -0.007616758 0.999971 -1.01982e-6 -0.007798612 0.9999697 -0.1953414 0.9807074 0.007402062 -0.1951229 0.9807494 0.007601201 -0.1951374 0.9807465 0.007601559 -0.1950771 0.9807577 0.007703661 -0.5554329 0.8315359 0.006508767 -0.5555583 0.8314523 0.006493926 -0.5555973 0.8314262 0.006498396 -0.555311 0.8316171 0.006547808 -0.8314035 0.5556527 0.004269361 -0.8314762 0.5555441 0.004286885 -0.8314753 0.5555452 0.004297673 -0.8313507 0.5557319 0.004262268 -0.9807794 0.1951141 0.001536428 -0.9807794 0.1951139 0.001536428 -0.9807794 0.1951139 0.001536428 -0.9807794 0.1951141 0.001536428 0.0891059 0.700025 0.7085374 0.08910441 0.7000236 0.7085389 0.0891065 0.7000247 0.7085376 0.1035122 0.5473548 0.8304745 0.1035123 0.5473549 0.8304746 0.1035123 0.5473548 0.8304746 0.1218942 0.1876553 0.9746422 0.1218943 0.1876553 0.9746422 0.1160942 0.3746706 0.919861 0.1160964 0.3746702 0.9198608 0.1160929 0.3746677 0.9198623 0.1219046 0.1861476 0.97493 0.1219047 0.1861476 0.97493 0.1219047 0.1861476 0.9749299 0.1033027 0.5491334 0.8293257 0.1033027 0.5491334 0.8293257 0.1033026 0.5491334 0.8293257 0.06902015 0.8272709 0.5575475 0.06899648 0.8271872 0.5576746 0.06900167 0.8271645 0.5577076 0.06901931 0.8272753 0.5575412 0.02416878 0.9792131 0.2013896 0.02422237 0.9792815 0.2010499 0.02417397 0.9792159 0.2013754 0.02422231 0.9792785 0.2010649 0.1015853 -0.5436317 0.8331536 0.08590155 -0.0853731 0.9926391 0.08590179 -0.0853731 0.9926391 0.08590185 -0.08537316 0.9926391 0.06909632 -0.2277064 0.9712752 0.06909608 -0.2277064 0.9712753 0.07783228 -0.5122818 0.8552834 0.07783228 -0.5122818 0.8552833 0.0706098 -0.8260293 0.5591869 0.07060986 -0.8260293 0.5591869 0.07060986 -0.8260293 0.5591869 0.03376019 -0.7868343 0.6162403 0.03376024 -0.7868343 0.6162404 0.03376019 -0.7868343 0.6162403 0.0329222 -0.9310505 0.3634024 0.03292214 -0.9310504 0.3634024 0.03292214 -0.9310504 0.3634023 0.05962139 -0.9464397 0.3173282 0.05962151 -0.9464397 0.3173283 0.05962145 -0.9464397 0.3173283 -0.1962854 -0.9352164 0.2946904 -0.1962853 -0.9352164 0.2946906 -0.1962854 -0.9352164 0.2946905 -0.1737224 -0.9409928 0.2904359 -0.1737224 -0.9409928 0.2904359 -0.1737223 -0.9409928 0.2904359 -0.1184955 -0.9517107 0.283206 -0.1184954 -0.9517107 0.2832058 -0.1184954 -0.9517108 0.2832057 -0.5031083 -0.8127503 0.293801 -0.5031083 -0.8127503 0.293801 -0.5031083 -0.8127503 0.293801 -0.03303331 -0.2212463 0.9746584 -0.03901845 -0.2162082 0.9755674 -0.02969217 -0.2214746 0.9747141 -0.1975398 -0.439701 0.8761513 -0.1974977 -0.4396855 0.8761687 -0.1974869 -0.4396764 0.8761757 -0.1975169 -0.4397345 0.8761398 -0.3950822 -0.6719414 0.6264223 -0.3951199 -0.671997 0.6263388 -0.3950994 -0.6719506 0.6264016 -0.3950259 -0.671935 0.6264646 -0.5347285 -0.8021644 0.2657027 -0.5347284 -0.8021643 0.2657026 -0.3125516 -0.8809819 0.3552219 -0.3133184 -0.8809169 0.3547072 -0.3163794 -0.8809888 0.3517995 -0.3159167 -0.8815616 0.350779 -0.2362002 -0.764589 0.5996777 -0.2361961 -0.7645879 0.5996805 -0.2362031 -0.764608 0.5996522 -0.2362185 -0.7645829 0.599678 -0.09560316 -0.5028049 0.8590968 -0.09565156 -0.5027769 0.8591079 -0.09566581 -0.5028646 0.859055 -0.09572523 -0.5027779 0.859099 0.05252778 -0.1796999 0.9823182 0.05252778 -0.1797 0.9823182 0.05252778 -0.1797 0.9823181 0.1143549 -0.1803554 0.9769314 0.1100905 -0.1835561 0.9768251 0.1140294 -0.1829559 0.9764858 0.1141667 -0.1785786 0.9772797 0.1926919 -0.9094287 0.3685232 0.1926919 -0.9094287 0.3685232 0.1993765 -0.7715384 0.6041336 0.1994612 -0.7715323 0.6041135 0.1993765 -0.771546 0.6041241 0.1905975 -0.5626851 0.8043993 0.1905974 -0.5626851 0.8043993 0.1905974 -0.5626851 0.8043993 0.1849607 -0.4979426 0.847256 0.1846098 -0.498 0.8472989 0.1850999 -0.4983241 0.8470014 0.1882022 -0.9345822 0.3018875 0.1882931 -0.9347532 0.3013008 0.1881828 -0.9347881 0.3012617 0.1923982 -0.9202179 0.340855 0.1923981 -0.9202179 0.340855 0.1923982 -0.9202179 0.340855 0.1972689 -0.7212121 0.6640318 0.1496149 -0.1708864 0.9738652 0.1486376 -0.1727999 0.9736771 0.1486852 -0.1734055 0.9735622 0.1486039 -0.1731081 0.9736275 0.185341 -0.4978816 0.8472089 0.1853821 -0.498159 0.8470367 0.185341 -0.497885 0.8472068 0.1853824 -0.498166 0.8470326 0.199312 -0.7712158 0.6045668 0.1992986 -0.7715426 0.6041542 0.1992911 -0.7714557 0.6042676 0.1992976 -0.7715581 0.6041345 0.1881988 -0.9341147 0.3033332 0.1883024 -0.9338003 0.3042358 0.1882476 -0.9342161 0.3029907 0.1490788 -0.1723121 0.9736961 0.1501729 -0.1695583 0.9740113 0.1585572 -0.2480148 0.9556927 0.1664806 -0.246964 0.9546167 0.1675707 -0.2482787 0.9540848 0.4374806 -0.6916973 0.5746003 0.4374338 -0.6916629 0.5746775 0.4374654 -0.6916587 0.5746584 0.2137828 -0.1320567 0.9679142 0.22485 -0.1355635 0.9649171 0.2214995 -0.134796 0.9657992 0.2306936 -0.1271584 0.9646819 0.4242691 -0.3891075 0.8176742 0.4242691 -0.3891073 0.8176743 0.4242691 -0.3891074 0.8176743 0.4016746 -0.3823426 0.8321489 0.4016746 -0.3823426 0.8321489 0.4016746 -0.3823425 0.8321489 0.5753879 -0.5980846 0.5578741 0.575388 -0.5980846 0.5578742 0.575388 -0.5980846 0.5578741 0.5293342 -0.5916692 0.6080566 0.5293343 -0.5916693 0.6080566 0.5293342 -0.5916693 0.6080566 0.2887026 -0.9141126 0.2846912 0.2887024 -0.9141126 0.2846913 0.2887024 -0.9141126 0.2846912 0.4065837 -0.8676673 0.2860823 0.4065836 -0.8676674 0.2860823 0.4065837 -0.8676673 0.2860823 0.2093006 -0.9065743 0.3664921 0.2093006 -0.9065743 0.366492 0.2093006 -0.9065743 0.3664922 0.2519363 -0.8864009 0.3883578 0.2519363 -0.8864009 0.3883578 0.2772721 -0.7554445 0.593653 0.2772722 -0.7554445 0.593653 0.2589086 -0.709898 0.6549896 0.2268846 -0.4908391 0.8411899 0.2268846 -0.4908391 0.8411899 0.2268846 -0.4908391 0.8411899 0.262409 -0.5496171 0.7931348 0.2624092 -0.5496171 0.7931348 0.2624091 -0.5496171 0.7931347 0.4374541 -0.6916301 0.5747016 0.3381137 -0.4471221 0.8281068 0.338114 -0.4471271 0.828104 0.3380627 -0.4470135 0.8281863 0.3380938 -0.4470868 0.828134 0.5201171 -0.8230156 0.2283057 0.5201171 -0.8230157 0.2283057 0.5201171 -0.8230157 0.2283057 0.4758666 -0.8261936 0.3015882 0.4758665 -0.8261935 0.3015882 0.3903084 -0.8905779 0.2335175 0.3903083 -0.8905779 0.2335177 0.3903083 -0.8905779 0.2335176 0.3660094 -0.7252196 0.5831755 0.3658914 -0.7250931 0.5834068 0.3658823 -0.7250896 0.583417 0.365877 -0.7250821 0.5834295 0.2921221 -0.4684925 0.8337743 0.2922036 -0.4685976 0.8336866 0.2920706 -0.4686704 0.8336923 0.2921902 -0.4685882 0.8336967 0.6130965 -0.7257057 0.3121922 0.6130966 -0.7257056 0.3121922 0.6130965 -0.7257056 0.3121923 0.6640828 -0.7248293 0.1833483 0.6640828 -0.7248293 0.1833484 0.6640828 -0.7248293 0.1833483 0.5565091 -0.7754252 0.2983511 0.5565091 -0.7754253 0.2983511 0.5565091 -0.7754253 0.2983512 0.5051054 -0.6510155 0.5666104 0.5051106 -0.651113 0.5664938 0.5051105 -0.6511164 0.56649 0.5051804 -0.6509951 0.566567 0.3814132 -0.4212371 0.8228508 0.3814434 -0.4210831 0.8229157 0.3813915 -0.421092 0.822935 0.3815566 -0.4211695 0.8228189 0.2148181 -0.1472936 0.9654832 0.2148181 -0.1472936 0.9654832 0.2148182 -0.1472936 0.9654832 0.2001484 -0.1560273 0.9672623 0.2067064 -0.1603989 0.9651656 0.2071273 -0.1606342 0.9650362 0.208374 -0.1616508 0.964598 0.1803546 -0.1527615 0.9716668 0.1892797 -0.1599436 0.9688092 0.1827458 -0.1546399 0.9709225 0.1889232 -0.1618469 0.9685627 0.1309049 -0.1817138 0.9745994 0.1309048 -0.1817139 0.9745994 0.194501 -0.2657266 0.9442239 0.1676351 -0.2465949 0.95451 0.6682417 -0.689645 0.2790033 0.6682417 -0.6896449 0.2790033 0.1782508 -0.06764346 0.9816573 0.1782508 -0.06764346 0.9816573 0.1782509 -0.06764334 0.9816573 0.2267414 -0.134526 0.9646197 0.2308357 -0.1317946 0.9640254 0.2309057 -0.1280955 0.9645072 0.2831137 -0.1864135 0.9407957 0.2831137 -0.1864135 0.9407958 0.2831137 -0.1864135 0.9407957 0.4281971 -0.3597424 0.828995 0.4284811 -0.3588995 0.8292135 0.4279997 -0.3594721 0.8292142 0.6678903 -0.6810461 0.3001647 0.6678903 -0.6810461 0.3001646 0.6678903 -0.6810461 0.3001646 0.6067773 -0.5951772 0.5268639 0.6067773 -0.5951771 0.5268639 0.6067773 -0.5951772 0.5268639 0.580838 -0.5709425 0.5802173 0.5497927 -0.5115914 0.6603046 0.5497928 -0.5115914 0.6603046 0.5497928 -0.5115914 0.6603047 0.4274965 -0.359197 0.829593 0.6606079 -0.6849995 0.3072018 0.6606079 -0.6849995 0.3072018 0.6606079 -0.6849996 0.3072018 0.5914907 -0.5611796 0.5789787 0.5769459 -0.5499658 0.6038801 0.576946 -0.5499657 0.60388 0.5769459 -0.5499659 0.6038801 0.4284764 -0.3585214 0.8293796 0.4281967 -0.3583978 0.8295773 -0.4082293 0.5382895 0.7372878 -0.4083226 0.5383115 0.7372201 -0.4084821 0.538349 0.7371044 -0.4082263 0.5382297 0.7373331 -0.3289591 0.6060678 0.7242016 -0.3289591 0.6060678 0.7242015 -0.3289591 0.6060678 0.7242016 -0.2802866 0.6211807 0.7318293 -0.2802866 0.6211807 0.7318294 -0.08467209 0.709133 0.6999722 -0.08467221 0.7091331 0.6999721 -0.08467221 0.709133 0.6999721 -0.1276562 0.6790409 0.722916 -0.1276562 0.6790409 0.722916 -0.1276562 0.6790407 0.722916 -0.02423691 0.6998264 0.7139018 -0.02423435 0.6998185 0.7139096 -0.02419131 0.6995925 0.7141324 -0.02408558 0.6993583 0.7143654 0.05029916 0.7096183 0.7027887 0.05029922 0.7096183 0.7027886 0.05029916 0.7096183 0.7027887 0.1429203 0.685709 0.7137065 0.2058432 0.6899347 0.6939875 0.2058432 0.6899348 0.6939875 0.3695114 0.6248635 0.6877551 0.3695114 0.6248634 0.6877551 0.3695114 0.6248634 0.6877551 0.5457838 0.601759 0.5831006 0.5457838 0.6017591 0.5831005 0.5457838 0.601759 0.5831006 0.4102125 0.6004908 0.6863938 0.5259321 0.5124348 0.6788269 0.5257948 0.5123871 0.6789694 0.5259031 0.5123152 0.6789397 0.5258892 0.5124426 0.6788544 0.5794356 0.4641278 0.6699551 0.5794354 0.4641278 0.6699553 0.5794355 0.4641278 0.6699552 0.6131042 0.396164 0.6834891 0.6664585 0.3412234 0.6628724 0.6664584 0.3412234 0.6628724 0.6664584 0.3412234 0.6628724 0.7130839 0.2079973 0.6695137 0.7130839 0.2079973 0.6695137 0.7130838 0.2079973 0.6695138 0.7585138 0.1426835 0.6358447 0.7585138 0.1426835 0.6358447 0.7491234 0.05304443 0.6603033 0.7491235 0.05304437 0.6603032 0.7491234 0.05304443 0.6603033 0.7496961 -0.002855777 0.6617761 0.7497768 -0.001947045 0.661688 0.7497025 -0.00463885 0.6617588 0.7496557 -0.005162954 0.661808 0.7497555 -0.005205869 0.6616946 0.2236531 -0.7056576 0.6723293 0.2236531 -0.7056575 0.6723294 0.2236531 -0.7056575 0.6723294 0.2742592 -0.6725838 0.6873231 0.2742592 -0.6725838 0.687323 0.2742591 -0.6725838 0.6873232 0.4707453 -0.5864343 0.6591614 0.4989455 -0.5451983 0.6736559 0.4989456 -0.5451983 0.6736559 0.4989455 -0.5451983 0.6736558 0.6528701 -0.3856019 0.6519752 0.6528701 -0.385602 0.6519753 0.6528701 -0.385602 0.6519752 0.6596251 -0.3536759 0.6631802 0.6596251 -0.3536759 0.6631803 0.6596251 -0.3536759 0.6631803 0.7473275 -0.1356944 0.6504527 0.7462792 -0.1369841 0.6513852 0.7447605 -0.128265 0.6548894 0.7442671 -0.1260935 0.6558712 0.08790713 -0.7125635 0.6960787 0.08790838 -0.7125708 0.6960712 0.08783626 -0.7128276 0.6958172 0.0878356 -0.7128352 0.6958096 -0.4839737 0.4632992 0.7423769 -0.4839738 0.4632992 0.7423768 -0.4839739 0.4632993 0.7423766 -0.4731463 0.4824879 0.7371146 -0.4731464 0.4824879 0.7371147 -0.4731464 0.4824879 0.7371146 -0.6094031 0.2798699 0.7418226 -0.609403 0.27987 0.7418227 -0.6490504 0.05981147 0.7583906 -0.6620128 0.1740108 0.7290126 -0.662013 0.1740107 0.7290124 -0.662013 0.1740107 0.7290124 -0.6454279 -0.1670563 0.7453288 -0.645428 -0.1670563 0.7453288 -0.6454279 -0.1670563 0.7453289 -0.6250104 -0.2115106 0.7514156 -0.6250103 -0.2115105 0.7514158 -0.6250102 -0.2115105 0.7514158 -0.56588 -0.3775064 0.7329862 -0.5658801 -0.3775065 0.7329862 -0.5658801 -0.3775065 0.7329862 -0.4172646 -0.5438549 0.728088 -0.4157929 -0.544701 0.7282974 -0.4187389 -0.542986 0.7278901 -0.02751868 -0.7794917 0.625808 -0.02751868 -0.7794916 0.625808 -0.02751863 -0.7794915 0.6258082 -0.1697878 -0.7008838 0.6927726 -0.1697879 -0.7008838 0.6927726 -0.1697876 -0.7008837 0.6927729 -0.4198114 -0.5424025 0.7277073 -0.2213442 -0.6485194 0.7283059 -0.2213442 -0.6485195 0.7283058 -0.2213442 -0.6485196 0.7283057 -0.02085578 -0.7195159 0.6941627 -0.0208559 -0.719516 0.6941627 -0.02085584 -0.719516 0.6941627 0.1388767 -0.7115103 0.6888153 0.1388766 -0.7115101 0.6888154 0.1388767 -0.71151 0.6888155 -0.5960019 -0.8021058 -0.03752309 -0.5960025 -0.8021054 -0.03752315 -0.5960015 -0.8021061 -0.03752303 0.4529994 0.06852847 -0.8888731 0.4529994 0.06852847 -0.8888731 0.4529995 0.06852841 -0.8888732 -0.07970541 -0.2011089 -0.9763209 -0.07970529 -0.201109 -0.9763209 0.6677989 0.02798098 -0.7438157 0.6677986 0.02798098 -0.743816 0.667799 0.02798086 -0.7438156 0.6810202 0.1177949 -0.7227281 0.6810208 0.1177946 -0.7227276 0.6810221 0.117794 -0.7227265 0.687415 0.1533212 -0.7098968 0.6874149 0.1533213 -0.7098968 0.6874149 0.1533213 -0.7098968 0.4820216 -0.1185832 -0.8680976 0.4820218 -0.1185836 -0.8680974 0.4820213 -0.1185829 -0.8680978 0.4193046 -0.07282072 -0.9049205 0.4193047 -0.0728206 -0.9049204 0.419305 -0.07282084 -0.9049202 0.6504567 -0.08618706 -0.7546376 0.6504567 -0.08618712 -0.7546377 0.6504567 -0.08618718 -0.7546377 0.7194799 -0.136416 -0.6809841 0.7194799 -0.136416 -0.6809841 0.7194799 -0.136416 -0.680984 0.6942636 -0.2107276 -0.6881802 0.6942635 -0.2107275 -0.6881803 0.6942637 -0.2107277 -0.6881801 0.7438902 -0.3224634 -0.5853587 0.7438903 -0.3224636 -0.5853585 0.7438902 -0.3224635 -0.5853586 0.6313049 -0.5064142 -0.587366 0.6313049 -0.5064142 -0.5873661 0.6313049 -0.5064142 -0.5873661 0.4201201 -0.7098882 -0.5652944 0.4201202 -0.7098884 -0.5652942 0.4201201 -0.7098883 -0.5652943 -0.3055042 -0.9277403 -0.2143949 -0.3051377 -0.927969 -0.2139267 -0.3052055 -0.9262153 -0.2213028 -0.008127987 -0.9183041 -0.3957923 -0.008127987 -0.918304 -0.3957924 -0.008127987 -0.9183041 -0.3957923 -0.5712859 -0.8207051 -0.008710265 -0.571286 -0.8207049 -0.008712112 -0.5712846 -0.8207058 -0.008710503 -0.482519 -0.8729293 -0.07190203 -0.4825193 -0.8729292 -0.07190203 -0.4825192 -0.8729293 -0.07190215 -0.5282757 -0.8474105 -0.05310666 -0.5282758 -0.8474105 -0.05310666 -0.5282758 -0.8474105 -0.05310666 -0.07269567 -0.1845955 -0.9801223 -0.07269549 -0.1845955 -0.9801224 -0.07269555 -0.1845955 -0.9801224 -0.2211976 -0.3590062 -0.9067449 -0.221199 -0.3590052 -0.9067449 -0.2211992 -0.3590049 -0.906745 -0.2921935 -0.4295805 -0.8544493 -0.2921935 -0.4295804 -0.8544493 -0.2921936 -0.4295805 -0.8544493 -0.1124442 -0.5121968 -0.8514756 -0.1124443 -0.5121967 -0.8514757 -0.1124443 -0.5121966 -0.8514758 -0.06869441 -0.4914816 -0.8681744 -0.06869423 -0.4914818 -0.8681744 -0.06869435 -0.4914817 -0.8681744 0.3493995 -0.7460965 -0.5667982 0.3493996 -0.7460968 -0.5667977 0.3493996 -0.7460968 -0.5667976 0.2808966 -0.6964004 -0.6603966 0.2808967 -0.6964005 -0.6603964 0.2808967 -0.6964004 -0.6603966 0.2571423 -0.71917 -0.6455018 0.2571423 -0.7191699 -0.6455018 0.2571423 -0.7191699 -0.6455017 0.1340464 -0.6278793 -0.7666807 0.07952642 -0.6765468 -0.7320929 0.07952636 -0.6765468 -0.7320929 0.07952642 -0.6765468 -0.7320929 0.8386341 -0.1073173 -0.5340188 0.838634 -0.1073174 -0.5340189 0.8386338 -0.1073174 -0.534019 0.8446953 -0.05026024 -0.5328826 0.8446952 -0.05026018 -0.5328828 0.8446952 -0.05026012 -0.5328828 0.7084837 -0.3692547 -0.6014165 0.7084838 -0.3692548 -0.6014164 0.7084838 -0.3692548 -0.6014165 0.6245685 -0.309125 -0.7171862 0.6245684 -0.3091249 -0.7171863 0.6245684 -0.3091249 -0.7171864 0.6028968 -0.3545724 -0.7146986 0.6028968 -0.3545724 -0.7146985 0.6028968 -0.3545723 -0.7146985 0.465113 -0.2560859 -0.8474019 0.4651129 -0.2560859 -0.8474019 0.4651131 -0.2560861 -0.8474018 0.40368 -0.3503329 -0.8451683 0.40368 -0.3503329 -0.8451683 0.40368 -0.3503329 -0.8451682 0.2838552 -0.263463 -0.9219617 0.2838552 -0.263463 -0.9219617 0.2838552 -0.263463 -0.9219619 0.3025686 -0.2154329 -0.9284617 0.3025687 -0.215433 -0.9284616 0.3025686 -0.215433 -0.9284616 0.2010033 -0.1407066 -0.9694325 0.2010033 -0.1407067 -0.9694325 0.2010033 -0.1407067 -0.9694325 0.1759977 -0.204086 -0.9630025 0.1759979 -0.204086 -0.9630025 0.09495419 -0.1405171 -0.9855144 0.09823507 -0.1464978 -0.9843212 0.09750664 -0.1430496 -0.9849007 -0.4044563 -0.906738 -0.1193377 -0.4044563 -0.9067379 -0.1193377 -0.4044563 -0.9067379 -0.1193378 -0.4393608 -0.8825728 -0.1674137 -0.4393607 -0.8825729 -0.1674135 -0.4393608 -0.8825728 -0.1674137 -0.4243457 -0.8838738 -0.1967179 -0.4243457 -0.8838738 -0.1967178 -0.4243457 -0.8838738 -0.1967177 -0.5029824 -0.8506066 -0.153223 -0.5029824 -0.8506065 -0.153223 -0.4968382 -0.8502649 -0.1737864 -0.4968381 -0.8502648 -0.1737864 -0.4968379 -0.8502649 -0.1737868 0.1388597 -0.8712859 -0.4707216 0.1388598 -0.871286 -0.4707216 0.1388599 -0.871286 -0.4707216 0.07295835 -0.8239998 -0.5618733 0.07295823 -0.8239997 -0.5618734 0.0729584 -0.8239997 -0.5618732 0.05237138 -0.836675 -0.5451901 0.05237138 -0.8366751 -0.5451901 -0.05082166 -0.7588196 -0.649315 -0.09491944 -0.7866229 -0.6100941 -0.09491968 -0.7866227 -0.6100943 -0.0949198 -0.7866227 -0.6100943 -0.4906184 -0.7346497 -0.4685975 -0.4906184 -0.7346497 -0.4685974 -0.4906183 -0.7346497 -0.4685975 -0.3670046 -0.5722066 -0.733408 -0.3670045 -0.5722067 -0.733408 -0.3670046 -0.5722066 -0.733408 -0.4414303 -0.6312811 -0.6376705 -0.4414303 -0.6312812 -0.6376705 -0.4414302 -0.631281 -0.6376704 -0.3243069 -0.4999123 -0.8030647 -0.3243069 -0.4999123 -0.8030646 -0.3243068 -0.4999123 -0.8030647 -0.5228956 -0.8312867 -0.1885273 -0.5490367 -0.8221457 -0.1504505 -0.5490366 -0.8221457 -0.1504505 -0.5490367 -0.8221457 -0.1504506 -0.5503287 -0.8165353 -0.1743799 -0.5503289 -0.8165352 -0.1743799 -0.5503287 -0.8165353 -0.1743799 -0.57738 -0.7960773 -0.1813654 -0.57738 -0.7960773 -0.1813654 -0.57738 -0.7960772 -0.1813654 -0.5720814 -0.7846366 -0.2388899 -0.5720815 -0.7846366 -0.2388899 0.5485983 -0.5778564 -0.6042532 0.5485982 -0.5778564 -0.6042533 0.5485982 -0.5778564 -0.6042532 0.4689597 -0.5206882 -0.7134148 0.4689596 -0.5206883 -0.7134148 0.4689596 -0.5206884 -0.7134147 0.4445476 -0.5550634 -0.703052 0.4445476 -0.5550635 -0.703052 0.4445476 -0.5550634 -0.703052 0.3098276 -0.4568334 -0.8338526 0.2488802 -0.528233 -0.8118059 0.24888 -0.5282329 -0.8118059 0.24888 -0.5282329 -0.8118059 0.112526 -0.4309073 -0.8953529 0.1125261 -0.4309074 -0.8953529 0.1125261 -0.4309074 -0.8953529 -0.02108693 -0.6071034 -0.7943431 -0.02108705 -0.6071034 -0.7943431 -0.02108693 -0.6071034 -0.7943431 0.01020205 -0.5490953 -0.8356975 0.01020205 -0.5490953 -0.8356975 0.01020163 -0.5490951 -0.8356977 -0.2004143 -0.7126284 -0.6723057 -0.2004142 -0.7126285 -0.6723056 -0.2004142 -0.7126284 -0.6723057 0.09922051 -0.1353847 -0.9858125 -0.2162275 -0.4873054 -0.8460374 -0.2162274 -0.4873054 -0.8460375 -0.2162274 -0.4873054 -0.8460373 -0.1747732 -0.4658646 -0.8674241 -0.174773 -0.4658647 -0.867424 -0.1747731 -0.4658647 -0.8674241 -0.4178329 -0.6981454 -0.5813853 -0.4178328 -0.6981455 -0.5813853 -0.4178328 -0.6981454 -0.5813853 -0.366396 -0.7367165 -0.5683333 -0.3663961 -0.7367164 -0.5683334 -0.3663961 -0.7367164 -0.5683335 -0.2417403 -0.7047817 -0.6669667 -0.2417404 -0.7047817 -0.6669667 -0.2417403 -0.7047816 -0.6669667 -0.3187005 -0.8149049 -0.4841075 -0.3187006 -0.8149048 -0.4841075 -0.3187006 -0.8149049 -0.4841076 -0.2644961 -0.8516917 -0.4523969 -0.2644963 -0.8516917 -0.4523971 -0.2644965 -0.8516916 -0.4523972 -0.2338533 -0.8406416 -0.4885022 -0.2338533 -0.8406417 -0.4885022 -0.2338532 -0.8406417 -0.4885022 -0.155571 -0.8992525 -0.408831 -0.155571 -0.8992524 -0.408831 -0.1403932 -0.8945761 -0.4242917 -0.1403936 -0.8945758 -0.424292 -0.1403935 -0.894576 -0.424292 -0.1050854 -0.9207687 -0.3756887 -0.1050854 -0.9207687 -0.3756887 -0.1050855 -0.9207687 -0.3756891 0.2310083 -0.8416471 -0.4881243 0.2310085 -0.8416475 -0.4881238 0.2310083 -0.8416474 -0.488124 -0.512316 -0.1714124 -0.8415166 -0.5123161 -0.1714123 -0.8415165 -0.5123162 -0.1714123 -0.8415166 -0.4956617 -0.430975 -0.7540426 -0.4956616 -0.4309751 -0.7540425 -0.4956616 -0.4309751 -0.7540425 -0.3296172 -0.1609098 -0.9303013 -0.3296172 -0.1609098 -0.9303013 -0.3296172 -0.1609098 -0.9303013 -0.6091688 -0.7921578 -0.03740996 -0.6091691 -0.7921576 -0.03740996 -0.6091694 -0.7921574 -0.0374099 -0.6079874 -0.7809773 -0.1429195 -0.6079871 -0.7809774 -0.1429196 -0.6079872 -0.7809773 -0.1429196 -0.2749043 -0.1200497 -0.9539475 -0.1958354 -0.1801913 -0.9639396 -0.1958354 -0.1801912 -0.9639397 -0.1958354 -0.1801912 -0.9639397 -0.1671483 -0.1131238 -0.9794205 -0.1671482 -0.1131239 -0.9794205 -0.1671482 -0.1131239 -0.9794205 -0.6104874 -0.7552413 -0.2385703 -0.6104874 -0.7552413 -0.2385703 -0.6104874 -0.7552413 -0.2385703 -0.5739881 -0.6719029 -0.4680643 -0.5739881 -0.671903 -0.4680643 -0.5681177 -0.6643204 -0.4857167 -0.5681176 -0.6643205 -0.4857167 -0.5681179 -0.6643204 -0.4857167 -0.5220974 -0.5684163 -0.6358596 -0.5220974 -0.5684163 -0.6358595 -0.3462554 -0.3120357 -0.8847265 -0.3462554 -0.3120357 -0.8847265 -0.3462554 -0.3120357 -0.8847265 -0.3939127 -0.4475144 -0.8028472 -0.3939127 -0.4475145 -0.8028473 -0.3939126 -0.4475144 -0.8028472 -0.2950986 -0.3030964 -0.9061177 -0.2950981 -0.3030967 -0.9061179 -0.2950996 -0.3030957 -0.9061177 -0.3706188 -0.1294846 -0.9197148 -0.3706192 -0.1294848 -0.9197148 -0.3706191 -0.1294847 -0.9197148 -0.4152697 -0.05841141 -0.9078212 -0.4152697 -0.05841141 -0.9078212 -0.4152696 -0.05841135 -0.9078212 -0.5892724 -0.3560911 -0.725229 -0.5892724 -0.3560912 -0.725229 -0.5892724 -0.356091 -0.725229 -0.6083061 -0.4243166 -0.6707601 -0.6083058 -0.4243169 -0.6707602 -0.6083059 -0.4243168 -0.6707602 -0.6598659 -0.5936614 -0.4605901 -0.6598661 -0.5936613 -0.46059 -0.6598662 -0.5936612 -0.46059 -0.65914 -0.6247129 -0.4186508 -0.6633101 -0.6239851 -0.413113 -0.6639224 -0.6235257 -0.4128229 -0.643364 -0.7538705 -0.1332751 -0.6433638 -0.7538706 -0.1332752 -0.6433641 -0.7538704 -0.1332751 -0.6397811 -0.7590858 -0.120287 -0.6397814 -0.7590856 -0.1202868 -0.6397812 -0.7590858 -0.1202869 -0.6062879 -0.7940626 -0.04335474 -0.6099113 -0.79149 -0.03939777 -0.6058521 -0.7941499 -0.04763513 -0.6023037 -0.796817 -0.04809385 -0.6031439 -0.7963406 -0.04537981 -0.6052584 -0.7948586 -0.04315251 -0.591578 -0.8046895 -0.05010557 -0.5915781 -0.8046893 -0.05010473 -0.5915779 -0.8046896 -0.05010342 0.8696525 -0.1287077 -0.4765908 0.8696525 -0.1287074 -0.4765911 0.8696526 -0.1287076 -0.476591 0.9404793 -0.03882181 -0.3376262 0.9414667 -0.03294503 -0.3354923 0.941687 -0.0294941 -0.335195 0.8152635 -0.3844659 0.4330489 0.817891 -0.3820844 0.430193 0.8160411 -0.3860471 0.4301683 0.4160493 -0.8172141 0.3988283 0.4160493 -0.8172142 0.3988283 0.484306 -0.7628312 0.4284113 0.4843062 -0.7628313 0.428411 0.4843063 -0.7628315 0.4284108 -0.4959816 -0.8641822 0.08480179 -0.4959816 -0.8641824 0.08480167 -0.4959818 -0.8641821 0.08480209 -0.3001863 -0.9333994 0.1966053 -0.3001863 -0.9333994 0.1966056 -0.3001863 -0.9333994 0.1966055 -0.4027693 -0.9069268 0.1235343 -0.4027692 -0.9069269 0.1235341 -0.4027693 -0.9069268 0.1235343 -0.5956864 -0.8029901 0.01910084 -0.5956864 -0.8029901 0.01910072 -0.5956863 -0.8029901 0.01910072 -0.557677 -0.8283718 0.05288094 -0.5576772 -0.8283719 0.052881 -0.557677 -0.8283718 0.05288076 -0.6596215 -0.7509909 0.03020364 -0.6652737 -0.7462461 0.02297091 -0.6615949 -0.7492925 0.02920484 -0.6863193 -0.7270738 -0.01815557 -0.6868497 -0.7265221 -0.02007788 -0.6858593 -0.7275449 -0.0165981 -0.6490561 -0.7588776 -0.05320745 -0.6490562 -0.7588776 -0.05320739 -0.6490561 -0.7588778 -0.05320709 0.6960652 -0.552711 -0.4582619 0.6960652 -0.552711 -0.4582619 0.6960652 -0.552711 -0.4582619 0.4160894 -0.8109918 -0.4112933 0.4160893 -0.8109917 -0.4112935 0.4160895 -0.8109918 -0.411293 0.4666489 -0.8635506 -0.1910998 0.4666489 -0.8635507 -0.1910995 0.4666489 -0.8635507 -0.1910995 0.2695215 -0.8761212 0.3997122 0.2695214 -0.8761211 0.3997124 0.2695214 -0.8761212 0.3997124 0.1464067 -0.9279257 0.3428104 0.1464067 -0.9279258 0.3428101 0.1464067 -0.9279258 0.3428103 0.1757984 -0.9585087 0.2244018 0.1757983 -0.9585087 0.2244018 0.1757982 -0.9585086 0.2244021 0.4510831 -0.8538998 0.2595753 0.451083 -0.8538998 0.2595754 0.451083 -0.8538998 0.2595753 0.2363598 -0.9587811 0.1577117 0.2363598 -0.9587811 0.1577116 0.2363598 -0.9587811 0.1577116 0.6977048 -0.693032 0.181424 0.7010651 -0.6901002 0.1796373 0.7004312 -0.6905039 0.1805562 0.7003282 -0.6876323 -0.1915788 0.6979725 -0.6901541 -0.1911066 0.6987438 -0.6895623 -0.1904236 0.8750039 -0.4509457 -0.1761143 0.875853 -0.4492817 -0.1761461 0.8778762 -0.445177 -0.1764967 0.8728651 -0.1378057 0.4680987 0.8728651 -0.1378057 0.4680987 0.8728651 -0.1378058 0.4680987 0.936715 -0.01631528 0.3497127 0.9367149 -0.01631528 0.3497128 0.9367149 -0.01631528 0.3497127 0.8147332 -0.3888738 0.4301012 0.8784173 -0.447548 0.1675826 0.8750699 -0.4530857 0.1701945 0.8760033 -0.4515594 0.1694468 0.9343031 0.134083 0.3303022 0.9343032 0.1340829 0.3303019 0.9343033 0.1340829 0.3303017 0.9340167 -0.1298378 0.3327987 0.9340168 -0.1298378 0.3327986 0.9340167 -0.1298378 0.3327987 0.9738582 -0.1772259 0.142096 0.9738583 -0.1772259 0.1420958 0.9738582 -0.1772259 0.1420961 0.977026 0.1561849 0.1450052 0.9770262 0.1561849 0.1450045 0.9770261 0.1561849 0.1450046 0.9851053 -0.1556798 0.07301646 0.9851052 -0.1556799 0.07301664 0.9851053 -0.1556798 0.07301646 -0.442726 -0.8958888 0.03710788 -0.4427259 -0.8958889 0.03710812 -0.442726 -0.8958889 0.03710812 -0.4283156 -0.9029819 0.03419852 -0.1460372 -0.9873715 0.06140756 -0.1431527 -0.9878339 0.06075972 -0.1371934 -0.9887613 0.0594058 -0.1340741 -0.9892316 0.05869472 0.1641136 -0.9832003 0.0798999 0.1654525 -0.9832108 0.07695424 0.1700481 -0.9824798 0.07627046 -0.6441324 -0.7648277 0.01149815 -0.6441324 -0.7648277 0.01149815 -0.6441324 -0.7648276 0.01149821 -0.6668894 -0.7448883 0.01999992 -0.4372786 -0.8930964 0.1056708 -0.3982815 -0.911152 0.105707 -0.3982815 -0.911152 0.1057067 -0.3982816 -0.9111521 0.1057068 -0.1484053 -0.9733911 0.1746018 -0.1484052 -0.9733911 0.1746019 -0.1484052 -0.9733911 0.1746019 0.02200824 -0.9463819 0.3222993 0.02200847 -0.9463822 0.322299 0.02200818 -0.946382 0.3222994 -0.1287129 -0.9663795 0.2225842 -0.1287125 -0.9663796 0.2225838 -0.1287128 -0.9663795 0.2225841 -0.1163242 -0.9780647 0.1727951 -0.1163243 -0.9780648 0.1727944 -0.1163243 -0.9780648 0.1727947 0.1537981 -0.961603 0.2273015 0.1537981 -0.961603 0.2273015 0.1537981 -0.9616029 0.2273017 0.1722043 -0.9819845 0.07779538 0.4575909 -0.8845233 0.09071469 0.4575909 -0.8845233 0.09071457 0.4575909 -0.8845233 0.09071457 0.4521695 -0.8719813 -0.1875935 0.4521695 -0.8719814 -0.1875936 0.4521695 -0.8719814 -0.1875938 0.7011767 -0.6866761 -0.1919046 0.6434164 -0.6230999 -0.4447042 0.6434164 -0.6230999 -0.4447043 0.6434164 -0.6231 -0.4447041 0.81563 -0.3800451 -0.4362492 0.8142276 -0.382289 -0.4369081 0.8173388 -0.3774518 -0.4353017 0.8180071 -0.3761111 -0.4352068 0.9418404 0.04112833 -0.3335344 0.9418405 0.04112833 -0.3335344 0.9418404 0.04112833 -0.3335344 0.9077967 -0.07951003 -0.4118052 0.9077966 -0.07950997 -0.4118053 0.9077966 -0.07950997 -0.4118053 -0.6855057 -0.7276977 -0.02319723 -0.4369423 -0.8915166 -0.1194975 -0.4369423 -0.8915167 -0.1194972 -0.4369422 -0.8915167 -0.1194971 -0.3977284 -0.909622 -0.1200003 -0.3977283 -0.9096221 -0.12 -0.3977283 -0.909622 -0.1200004 -0.1482321 -0.9705696 -0.1897946 -0.148232 -0.9705696 -0.1897947 -0.1482321 -0.9705696 -0.1897946 -0.1158071 -0.9753172 -0.1880034 -0.1158071 -0.9753171 -0.1880037 -0.1158071 -0.9753172 -0.1880034 -0.5049266 -0.8552242 -0.1167942 -0.5049265 -0.8552243 -0.116794 -0.5049268 -0.855224 -0.1167942 -0.5914002 -0.8056682 -0.0338307 -0.5914002 -0.8056683 -0.0338307 -0.5914003 -0.8056682 -0.03383094 -0.2998893 -0.9303709 -0.2108943 -0.4021802 -0.9051622 -0.1375957 -0.4021804 -0.9051622 -0.1375958 -0.4021804 -0.9051622 -0.137596 0.02236956 -0.9412853 -0.3368704 0.0223698 -0.9412854 -0.3368702 0.02236962 -0.9412854 -0.3368703 -0.1281967 -0.9628685 -0.2375918 -0.1281968 -0.9628685 -0.2375921 -0.1281967 -0.9628685 -0.2375919 0.2697525 -0.8697811 -0.4131761 0.2697526 -0.8697813 -0.413176 0.2697525 -0.8697811 -0.4131762 0.9838346 -0.06575906 -0.1665688 0.9838347 -0.06575912 -0.1665688 0.9569565 -0.148871 -0.2491419 0.9569566 -0.1488711 -0.2491418 0.9569565 -0.148871 -0.2491419 0.942124 -0.1329715 -0.3077679 0.942124 -0.1329714 -0.3077679 0.6961918 -0.5596191 0.4496039 0.6961916 -0.5596191 0.449604 0.6961917 -0.5596191 0.449604 0.6437103 -0.6296846 0.434896 0.6437102 -0.6296845 0.4348963 0.6437103 -0.6296845 0.4348961 0.7014837 -0.6894772 0.1803936 0.8789684 -0.4461649 0.1683798 0.8786973 -0.4434316 -0.1768038 0.9779712 -0.1530137 -0.1419833 0.9779712 -0.1530137 -0.1419833 0.9779713 -0.1530137 -0.1419833 0.9892972 0.137687 -0.04830503 0.9892973 0.1376869 -0.04830491 0.9892972 0.1376868 -0.04830461 0.4845016 -0.7559617 -0.4402049 0.4845016 -0.7559616 -0.4402049 0.4845017 -0.7559617 -0.4402048 0.1466131 -0.9224843 -0.3571099 0.1466132 -0.9224842 -0.3571098 0.146613 -0.9224842 -0.35711 0.1918368 -0.9667668 -0.1689989 0.1918367 -0.9667668 -0.1689991 0.1918368 -0.9667668 -0.1689988 -0.1675467 -0.9700817 -0.1756976 -0.1675467 -0.9700819 -0.1756965 -0.1675467 -0.9700819 -0.1756967 0.1641373 -0.9818313 -0.09521752 0.1641373 -0.9818313 -0.0952174 0.1641373 -0.9818313 -0.09521746 -0.1371785 -0.9877328 -0.07460522 -0.133793 -0.9882354 -0.07409656 -0.1443078 -0.986643 -0.07557165 -0.1459978 -0.9862995 -0.07679867 -0.4279559 -0.9025238 -0.04800754 -0.4279559 -0.9025238 -0.04800742 -0.4279559 -0.9025238 -0.04800748 -0.4427344 -0.8951954 -0.05110192 -0.4427344 -0.8951954 -0.05110198 -0.4427344 -0.8951954 -0.05110204 -0.6856822 -0.7277094 -0.01670312 -0.7072933 -0.7067856 0.01379889 -0.7072933 -0.7067856 0.01379865 -0.7072933 -0.7067856 0.01379907 0.1732403 -0.9766537 0.127025 0.1732583 -0.97662 0.1272603 0.173231 -0.9767847 0.1260269 0.1646684 -0.9847351 -0.05640327 0.161371 -0.9855056 -0.05232781 0.1609601 -0.98558 -0.05219149 0.1683505 -0.9851331 -0.03422021 0.1680277 -0.985084 -0.03709697 0.1691284 -0.9852536 -0.02590286 0.1685237 -0.9853702 -0.02540791 0.1686034 -0.9855778 -0.01446861 0.1685406 -0.9855903 -0.01434683 0.16736 -0.9858953 -0.001149177 0.1680731 -0.9857743 -7.63529e-4 0.1696726 -0.9854536 0.009621679 0.169384 -0.9854947 0.01045328 0.169548 -0.9854607 0.0109837 0.1693896 -0.9854818 0.0115267 0.166434 -0.9854521 0.03440994 0.1564537 -0.987218 0.03037786 0.158274 -0.9868738 0.03208357 0.1618067 -0.9861441 0.03658765 0.1639112 -0.9858266 0.03576564 0.1805741 -0.9814783 0.06397998 0.1805741 -0.9814783 0.06397992 0.1805741 -0.9814783 0.06397992 0.1625543 -0.9855663 0.04727792 0.1705147 -0.9833638 0.06261444 0.1660041 -0.9847464 0.052127 0.1665667 -0.9846245 0.0526337 0.1683008 -0.984107 0.05664199 0.1696655 -0.9836251 0.06078964 0.1707211 -0.9832051 0.06451481 0.1698081 -0.9841455 0.05121457 0.1697484 -0.9842614 0.04914271 0.1697744 -0.9842346 0.04958832 0.1696518 -0.9843539 0.04759997 0.1700474 -0.9834814 0.06203639 0.17175 -0.9805523 0.09496968 0.1717539 -0.9802584 0.09795075 0.1717459 -0.9809424 0.09086036 0.1717441 -0.981233 0.08766865 0.1732033 -0.9768934 0.125219 0.1732264 -0.9767588 0.1262336 0.1735022 -0.9741085 -0.1449474 0.1735026 -0.974164 -0.1445729 0.1735038 -0.974298 -0.1436658 0.173496 -0.9742449 -0.1440348 0.1735043 -0.9744269 -0.1427886 0.1718912 -0.9788285 -0.1111227 0.1721267 -0.9785311 -0.1133549 0.1715952 -0.9792342 -0.1079601 0.1713578 -0.9795325 -0.1056061 0.1695934 -0.9841081 -0.0526247 0.1696337 -0.9838229 -0.05759441 0.1695286 -0.9836773 -0.06032586 0.1696968 -0.983582 -0.06139761 0.1699049 -0.9830254 -0.06923389 0.1697941 -0.983233 -0.0665037 0.1703121 -0.9828547 -0.07064491 0.1699527 -0.982404 -0.07744979 0.1696156 -0.9825763 -0.07598859 0.1682095 -0.9831277 -0.07187181 0.1659117 -0.9837954 -0.06796973 0.1662561 -0.9837673 -0.0675345 0.1761623 -0.9809708 -0.08162909 0.1761623 -0.9809708 -0.08162909 0.1660767 -0.9843784 -0.05846107 0.1615698 -0.9854023 -0.05364286 0.1697978 -0.9849756 -0.03149187 0.1696732 -0.9849832 -0.03192669 0.1687838 -0.9848167 -0.04059791 0.1695974 -0.9846709 -0.0407446 0.1696101 -0.9842071 -0.05068516 0.1697006 -0.9845207 0.04382568 0.1696979 -0.9847682 0.0378735 0.1702851 -0.9844805 0.0424416 0.1695978 -0.9849962 0.03192514 0.1696112 -0.9850376 0.03054922 0.1696764 -0.9852644 0.02154481 0.1699705 -0.9854037 0.009470403 0.1699641 -0.9854084 0.009091913 0.1700341 -0.985404 0.008212864 0.1690929 -0.9852011 0.02804732 0.1690929 -0.9852011 0.02804732 0.1690929 -0.9852011 0.02804732 0.1688058 -0.9856461 -0.00252372 0.1688059 -0.9856461 -0.00252372 0.1688058 -0.9856461 -0.00252372 0.1686939 -0.9847088 -0.04348635 0.1700248 -0.9851498 -0.02390414 0.1702511 -0.9852551 -0.01694011 0.1701176 -0.9851994 -0.02102798 0.1699983 -0.9850906 -0.02640515 -0.6226934 -0.7715914 -0.1299988 -0.6226934 -0.7715914 -0.1299988 -0.6226933 -0.7715915 -0.1299989 -0.7471696 -0.1719923 -0.641994 -0.7471691 -0.1719945 -0.6419939 -0.7471691 -0.171995 -0.6419939 -0.8897425 -0.2365809 -0.3903688 -0.8897425 -0.236581 -0.3903688 -0.8897425 -0.2365811 -0.3903688 -0.7141807 -0.1602239 -0.6813768 -0.7141804 -0.1602239 -0.6813771 -0.7141804 -0.1602239 -0.6813771 -0.5784759 -0.7634831 -0.2871569 -0.5784758 -0.7634833 -0.2871569 -0.5784757 -0.7634834 -0.287157 -0.5480579 -0.7912242 -0.2712876 -0.5480449 -0.7912222 -0.2713196 -0.548045 -0.7912221 -0.2713195 -0.3687351 -0.9027297 -0.221616 -0.3687351 -0.9027296 -0.2216161 -0.3687351 -0.9027297 -0.2216162 -0.1405259 -0.9856715 -0.09329676 -0.1405259 -0.9856714 -0.09329688 -0.1405259 -0.9856715 -0.0932967 -0.1637673 -0.9814289 -0.09988892 -0.165149 -0.9814302 -0.09757298 -0.1651847 -0.9814243 -0.09757292 0.03778165 -0.9990897 -0.01980811 0.03778177 -0.9990897 -0.01980829 0.03778159 -0.9990897 -0.01980793 -0.4786263 -0.8391157 -0.2584605 -0.4786263 -0.8391157 -0.2584605 -0.4786263 -0.8391157 -0.2584605 -0.7313508 -0.5575056 -0.3928276 -0.7313507 -0.5575056 -0.3928278 -0.7313508 -0.5575056 -0.3928275 -0.7009322 -0.6193364 -0.353718 -0.7009322 -0.6193364 -0.3537182 -0.8699535 -0.193283 -0.4536769 -0.8699532 -0.1932831 -0.4536775 -0.8699533 -0.193283 -0.4536772 -0.8706937 -0.1448996 -0.4699963 -0.8706936 -0.1448997 -0.4699967 -0.8706939 -0.1448996 -0.4699963 -0.4257667 -0.884694 -0.1898402 -0.4257666 -0.884694 -0.1898403 -0.4257665 -0.8846941 -0.1898403 -0.505231 -0.8606387 0.06358325 -0.5052309 -0.8606387 0.06358319 -0.5052307 -0.8606388 0.06358319 -0.6391779 -0.6901581 -0.3393133 -0.6391781 -0.6901579 -0.3393132 -0.639178 -0.690158 -0.3393133 -0.6680977 -0.6183933 -0.4138059 -0.6694911 -0.453806 -0.5880833 -0.6694917 -0.4538056 -0.5880829 -0.6694915 -0.4538058 -0.588083 -0.6748405 -0.3755682 -0.635247 -0.6748407 -0.3755683 -0.6352469 -0.6748405 -0.3755683 -0.6352471 -0.6165153 -0.1545602 -0.7720234 -0.6165153 -0.1545602 -0.7720233 -0.6165154 -0.1545602 -0.7720233 -0.6079933 -0.09802347 -0.7878678 -0.6079933 -0.09802341 -0.7878677 -0.6079934 -0.09802341 -0.7878677 -0.670323 -0.1486107 -0.7270364 -0.670323 -0.1486107 -0.7270364 -0.6703231 -0.1486107 -0.7270364 -0.6962678 -0.1035992 -0.7102664 -0.696268 -0.1035992 -0.7102662 -0.6962677 -0.1035992 -0.7102665 -0.6926931 -0.4433298 -0.5688892 -0.6926932 -0.4433299 -0.5688891 -0.6926929 -0.44333 -0.5688893 -0.666697 -0.5142961 -0.5394577 -0.6666971 -0.514296 -0.5394577 -0.666697 -0.514296 -0.5394577 -0.595227 -0.7104142 -0.3755215 -0.5952269 -0.7104143 -0.3755216 -0.595227 -0.7104143 -0.3755217 -0.5378266 -0.7814561 -0.3163365 -0.5332022 -0.7839378 -0.3180205 -0.5329701 -0.7839921 -0.3182756 -0.3857135 -0.9194712 -0.07614445 -0.2912433 -0.9515153 -0.09897607 -0.2912433 -0.9515152 -0.09897607 -0.2912433 -0.9515152 -0.09897607 -0.7951194 -0.1790878 -0.5794074 -0.7933008 -0.1869479 -0.5794174 -0.7935023 -0.185528 -0.5795977 -0.7929083 -0.1877109 -0.5797078 -0.714945 -0.5043979 -0.4841863 -0.714945 -0.5043979 -0.4841865 -0.714945 -0.5043979 -0.4841865 -0.6822912 -0.5578771 -0.4724954 -0.6822912 -0.5578771 -0.4724954 -0.6822912 -0.5578771 -0.4724953 -0.5315126 -0.7828332 -0.3235221 -0.4605908 -0.8394901 -0.2882924 -0.4605908 -0.8394901 -0.2882924 -0.4605908 -0.8394901 -0.2882924 -0.2744564 -0.9543494 -0.11786 -0.1668112 -0.9842093 -0.05921208 -0.1668112 -0.9842093 -0.05921214 -0.1668112 -0.9842094 -0.05921208 -0.962611 0.1900501 0.1930315 -0.9626243 0.1900106 0.1930036 -0.9626163 0.1900347 0.19302 -0.5521733 0.1034502 0.8272864 -0.5520554 0.1039849 0.8272981 -0.5521308 0.103622 0.8272932 -0.1104544 0.1575596 0.9813128 -0.1104545 0.1575597 0.9813128 -0.1104545 0.1575598 0.9813128 -0.03882271 0.1873095 0.9815336 -0.03882271 0.1873094 0.9815336 -0.03882271 0.1873094 0.9815336 -0.1949054 0.03109425 0.9803291 -0.1949055 0.03109425 0.9803291 -0.1949054 0.03109425 0.9803291 -0.4681227 0.3062607 0.8288942 -0.4680676 0.3061904 0.8289514 -0.4681279 0.306289 0.8288809 -0.3127517 0.4616878 0.8300787 -0.3127826 0.4616881 0.830067 -0.3128041 0.4616687 0.8300698 -0.3128537 0.4618107 0.8299721 -0.1097232 0.5458422 0.8306728 -0.1097233 0.5458422 0.8306727 -0.1097232 0.5458421 0.8306728 -0.8202997 0.1589424 0.5494049 -0.8203207 0.158895 0.5493873 -0.8203129 0.1588824 0.5494027 -0.5521784 0.1034299 0.8272856 -0.468007 0.3065816 0.8288409 -0.1655367 0.1028991 0.9808208 -0.2661496 0.4196222 0.8678028 -0.2661495 0.4196221 0.8678029 -0.2661495 0.4196221 0.8678029 -0.1203408 0.5980826 0.792348 -0.1558824 0.7789608 0.6073885 -0.1558825 0.7789608 0.6073885 -0.8203089 0.1588689 0.5494123 -0.6954055 0.4604373 0.5517324 -0.6954459 0.4604174 0.5516982 -0.6954113 0.4604294 0.5517318 -0.6954022 0.4604516 0.5517248 -0.4646982 0.691155 0.5534983 -0.4647294 0.6910908 0.5535523 -0.4646602 0.691209 0.5534629 -0.4647004 0.6911503 0.5535023 -0.2116323 0.8022099 0.5582751 -0.2116325 0.8022097 0.5582754 -0.2116323 0.8022099 0.5582752 -0.1756516 0.8794884 0.4423198 -0.1756517 0.8794885 0.4423195 -0.1756516 0.8794884 0.4423198 -0.9626212 0.190004 0.1930255 -0.8160785 0.5438082 0.195675 -0.8160814 0.5438001 0.1956852 -0.8160962 0.5437616 0.1957304 -0.8160683 0.5438381 0.1956342 -0.5452678 0.8145869 0.1978168 -0.5453033 0.814571 0.197784 -0.5452989 0.8145747 0.1977809 -0.545301 0.8145766 0.197767 -0.1915272 0.9610983 0.1990166 -0.1915054 0.9611051 0.1990044 -0.1915078 0.9611043 0.1990054 -0.1917377 0.9611085 0.1987643 -0.9807791 0.1951159 0.001522004 -0.9807787 0.1951178 0.001522004 -0.9807786 0.1951177 0.001522004 -0.9807791 0.1951159 0.001522004 -0.8313988 0.5556598 0.004285871 -0.8314043 0.5556514 0.004281163 -0.8312978 0.5558108 0.004269421 -0.8313983 0.5556604 0.004290759 -0.5555623 0.8314496 0.006498992 -0.555292 0.8316301 0.00648719 -0.5552551 0.8316549 0.006485879 -0.5554853 0.831501 0.006496608 -0.1921084 0.9813711 0.002278566 -0.1951441 0.9807454 0.007567882 -0.1951956 0.9807351 0.007569491 -0.1939967 0.9810021 -4.72839e-4 -0.4389826 -0.5793682 -0.686751 -0.4389826 -0.5793681 -0.686751 -0.5364885 -0.6860489 -0.491444 -0.4880862 -0.6487849 -0.5838237 -0.488086 -0.648785 -0.5838237 -0.4880861 -0.6487849 -0.5838237 -0.5927249 -0.776243 -0.2147651 -0.592725 -0.776243 -0.214765 -0.592725 -0.7762429 -0.214765 -0.5862274 -0.7740423 -0.2391569 -0.5862274 -0.7740423 -0.239157 -0.3149657 -0.4033487 -0.8591312 -0.3149657 -0.4033487 -0.8591312 -0.3149657 -0.4033488 -0.8591312 -0.3280301 -0.424948 -0.8436917 -0.3280301 -0.424948 -0.8436917 -0.32803 -0.424948 -0.8436917 -0.2306987 -0.2981984 -0.9262051 -0.2306991 -0.2981979 -0.9262052 -0.230698 -0.298199 -0.926205 -0.1661044 -0.2117059 -0.9631147 -0.1661047 -0.2117058 -0.9631147 -0.1661047 -0.2117058 -0.9631147 -0.1181181 -0.141133 -0.9829189 -0.1181181 -0.141133 -0.9829189 -0.1181182 -0.141133 -0.982919 -0.05729192 -0.06843298 -0.9960094 -0.1665244 0.007698476 -0.9860073 -0.1689559 0.00758481 -0.9855945 -0.1747813 0.007335782 -0.98458 -0.176688 0.007205426 -0.9842405 -0.3303102 0.007305979 -0.9438441 -0.3303078 0.007299423 -0.9438451 -0.3303065 0.007294178 -0.9438456 -0.5421034 0.007012307 -0.8402826 -0.5421033 0.007012307 -0.8402826 -0.5421034 0.007012307 -0.8402826 -0.4999908 0.004399657 -0.8660197 -0.8455516 0.006928563 -0.5338489 -0.8455516 0.006928503 -0.5338489 -0.8455516 0.006928503 -0.5338489 -0.7894763 0.001495122 -0.6137794 -0.7894762 0.001495242 -0.6137794 -0.7894763 0.001495182 -0.6137794 -0.9506356 0.003499507 -0.3102899 -0.9506356 0.003499388 -0.3102899 -0.9506356 0.003499507 -0.3102899 -0.9850614 -3.99775e-4 -0.1722034 -0.9850614 -3.99705e-4 -0.1722033 -0.9850614 -3.99691e-4 -0.1722033 -0.9963006 2.22111e-4 -0.08593678 -0.9963059 6.99763e-4 -0.08587324 -0.9963039 1.85974e-4 -0.08589833 -3.46301e-7 0.07258564 -0.9973623 1.96946e-7 0.07258564 -0.9973623 -1.28173e-7 0.07258564 -0.9973623 0.003697693 0.184545 -0.9828171 0.003697991 0.184545 -0.9828171 0.003697752 0.184545 -0.9828171 -9.99211e-4 0.2657945 -0.9640293 -9.99088e-4 0.2657945 -0.9640293 -9.99101e-4 0.2657945 -0.9640293 0.002001881 0.5620326 -0.8271127 0.002001821 0.5620326 -0.8271127 0.002001821 0.5620326 -0.8271127 2.16132e-4 0.5482503 -0.8363144 -1.95495e-4 0.8357107 -0.54917 -1.95517e-4 0.8357107 -0.54917 -1.95485e-4 0.8357107 -0.54917 0.002191007 0.8495084 -0.5275707 0.002190947 0.8495084 -0.5275707 0.002191007 0.8495083 -0.5275706 -0.002002716 0.9822548 -0.1875412 -0.002002894 0.9822547 -0.1875411 -0.002002656 0.9822547 -0.1875411 0 0.9863634 -0.1645827 0 0.9863634 -0.1645827 0 0.9863634 -0.1645827 -1 2.20465e-7 0 -1 2.82957e-7 0 -1 1.65577e-7 0 -1 5.47981e-7 0 -1 4.21391e-7 0 -0.1260396 -0.007701516 0.9919953 -0.1260396 -0.007701396 0.9919953 -0.1260396 -0.007701456 0.9919953 -0.1758307 -0.005102872 0.9844073 -0.1758307 -0.005102813 0.9844073 -0.1758307 -0.005102872 0.9844073 -0.376279 -0.00889945 0.9264638 -0.376279 -0.008899331 0.9264638 -0.376279 -0.008899509 0.9264638 -0.539388 -0.002247214 0.8420544 -0.539388 -0.002247214 0.8420544 -0.539388 -0.002247214 0.8420544 -0.927699 -0.002899527 0.3733181 -0.927699 -0.002899646 0.3733181 -0.9276989 -0.00289911 0.3733181 -0.8786292 -0.002500593 0.4774982 -0.8786292 -0.002500295 0.4774982 -0.8786292 -0.002500534 0.4774982 -0.8423148 9.29861e-5 0.538986 -0.7954972 -0.003442287 0.6059476 -0.7954971 -0.003442287 0.6059476 -0.7954972 -0.003442287 0.6059476 -0.6323456 -0.007694423 0.7746484 -0.6323456 -0.007694184 0.7746484 -0.6323456 -0.007694363 0.7746484 -0.9548101 -0.002300381 0.2972079 -0.9548101 -0.002300441 0.2972079 -0.9548101 -0.002300322 0.2972079 -0.9844375 9.09369e-4 0.175733 -0.9844375 9.09378e-4 0.175733 -0.9844375 9.09385e-4 0.175733 -0.9921175 -0.001000046 0.1253076 -0.9921175 -9.99956e-4 0.1253076 -0.9921175 -9.99886e-4 0.1253076 0.2587869 -0.007566094 0.9659048 0.2587867 -0.007566332 0.9659049 0.2587869 -0.007566154 0.9659048 0.2587867 -0.007566392 0.9659049 0.7071168 -0.005538463 0.7070752 0.7071166 -0.00553894 0.7070754 0.7071167 -0.005538523 0.7070751 0.7071166 -0.005539 0.7070754 0.9659382 -0.002026557 0.2587652 0.9659386 -0.002026855 0.2587636 0.9659383 -0.002026617 0.2587649 0.9659386 -0.002026915 0.2587634 0.9659387 0.002026915 -0.2587634 0.9659383 0.002026617 -0.2587649 0.9659386 0.002026855 -0.2587636 0.9659382 0.002026557 -0.2587651 0.7071168 0.005538463 -0.7070751 0.7071164 0.00553894 -0.7070756 0.7071167 0.005538523 -0.7070751 0.7071163 0.005539 -0.7070756 0.2587869 0.007566273 -0.9659049 0.258787 0.007566154 -0.9659048 0.2587869 0.007566213 -0.9659048 0.258787 0.007566094 -0.9659048 -0.2225788 0.007636487 -0.9748848 -0.2225716 0.007637739 -0.9748865 -0.2225781 0.007636606 -0.9748849 -0.2225707 0.007637917 -0.9748866 -0.6235457 0.006096184 -0.7817631 -0.6233909 0.006141245 -0.7818862 -0.6234986 0.006100058 -0.7818007 -0.6238155 0.00599122 -0.7815488 -0.9010227 0.003325819 -0.4337591 -0.9010227 0.003325283 -0.4337592 -0.9010227 0.00332576 -0.4337591 -0.9010228 0.003325223 -0.4337592 -1 6.33538e-7 0 -1 -5.06555e-7 0 -1 5.06014e-7 0 -1 -6.342e-7 0 -0.9010227 -0.00339806 0.4337586 -0.9010227 -0.003397524 0.4337586 -0.9010228 -0.003398001 0.4337586 -0.9010228 -0.003397464 0.4337586 -0.6234411 -0.006095826 0.7818467 -0.623811 -0.006123304 0.7815513 -0.6235529 -0.006103754 0.7817574 -0.6234366 -0.00609523 0.7818502 -0.2225711 -0.007637739 0.9748867 -0.2225782 -0.007636725 0.974885 -0.2225719 -0.007637619 0.9748865 -0.2225791 -0.007636606 0.9748848 0.2587865 -0.007566213 0.965905 0.2587863 -0.007566094 0.9659051 0.2587864 -0.007566213 0.965905 0.2587863 -0.007566094 0.965905 0.7071176 -0.005539 0.7070744 0.7071174 -0.005538523 0.7070745 0.7071175 -0.00553894 0.7070744 0.7071174 -0.005538463 0.7070745 0.9659378 -0.002026557 0.2587667 0.9659382 -0.002027332 0.2587652 0.9659378 -0.002026677 0.2587665 0.9659383 -0.002027451 0.2587649 0.9659382 0.002026915 -0.2587649 0.9659378 0.002027094 -0.2587665 0.9659382 0.002026915 -0.2587651 0.9659377 0.002027094 -0.2587667 0.7071176 0.005539 -0.7070742 0.7071172 0.005538523 -0.7070747 0.7071176 0.00553894 -0.7070744 0.7071171 0.005538463 -0.7070747 0.2587865 0.007566213 -0.965905 0.2587866 0.007566213 -0.965905 0.2587865 0.007566213 -0.965905 0.2587867 0.007566213 -0.9659049 -0.2587869 0.007566273 -0.9659049 -0.258787 0.007566273 -0.9659048 -0.2587869 0.007566273 -0.9659049 -0.258787 0.007566273 -0.9659048 -0.7071173 0.005538463 -0.7070746 -0.7071174 0.005538702 -0.7070744 -0.7071173 0.005538523 -0.7070746 -0.7071175 0.005538761 -0.7070744 -0.9659383 0.002027094 -0.258765 -0.9659379 0.002026915 -0.2587665 -0.9659382 0.002027094 -0.2587652 -0.9659377 0.002026915 -0.2587667 -0.9659377 -0.002026915 0.2587667 -0.9659382 -0.002027094 0.2587652 -0.9659379 -0.002026915 0.2587665 -0.9659382 -0.002027094 0.258765 -0.7071176 -0.005538463 0.7070744 -0.7071174 -0.005538702 0.7070744 -0.7071176 -0.005538523 0.7070744 -0.7071174 -0.005538761 0.7070745 -0.2587866 -0.007566094 0.965905 -0.2587869 -0.007566213 0.9659049 -0.2587867 -0.007566154 0.965905 -0.2587869 -0.007566273 0.9659048 0.4726954 0.7288429 0.4953253 0.4726955 0.728843 0.4953252 0.4726955 0.7288434 0.4953244 -0.0933395 0.8687466 0.4863816 -0.1831095 0.947731 0.2612987 -0.1831094 0.947731 0.2612987 -0.1831094 0.947731 0.2612987 -0.1607723 0.9472118 0.2773846 -0.1607724 0.9472118 0.2773844 -0.1607724 0.9472118 0.2773844 -0.2312948 0.9703105 0.0707125 -0.2312946 0.9703106 0.07071238 -0.2312947 0.9703105 0.07071238 -0.2130155 0.9720121 0.09907996 -0.2130156 0.9720122 0.09908002 -0.2130156 0.9720121 0.09908002 -0.02917659 0.5487768 0.8354598 -0.02917647 0.5487768 0.8354597 -0.02917635 0.5487768 0.8354596 -0.1445104 0.1854677 0.9719663 -0.1445104 0.1854677 0.9719663 -0.1445104 0.1854677 0.9719663 -0.2144941 0.274554 0.9373433 -0.2144943 0.274554 0.9373432 -0.2144939 0.2745541 0.9373433 -0.4642863 0.3393651 0.818089 -0.4643124 0.3392909 0.8181049 -0.4643255 0.3392467 0.8181158 -0.4642779 0.3392713 0.8181327 -0.7274013 0.4116505 0.5490275 -0.7275893 0.4115189 0.5488772 -0.7274332 0.4116283 0.5490021 -0.7272551 0.411753 0.5491444 -0.8700092 0.4527786 0.1951301 -0.8699281 0.4528816 0.1952524 -0.8700017 0.4527923 0.1951319 -0.8700062 0.4527726 0.1951571 -0.26133 0.6911374 0.6738218 -0.2627586 0.6911035 0.6733008 -0.263744 0.6916419 0.672362 -0.2672954 0.6920007 0.670588 -0.2675176 0.692034 0.6704651 -0.481877 0.7513805 0.4508016 -0.4819371 0.7513304 0.4508209 -0.4819403 0.7513261 0.4508246 -0.4819484 0.7512854 0.4508834 -0.5982042 0.7846927 0.1625093 -0.5981885 0.7846993 0.162535 -0.5982014 0.7846881 0.1625416 -0.5982283 0.7846755 0.1625034 0.4369184 0.8939918 0.09940326 0.4369184 0.8939919 0.09940344 0.4369184 0.8939919 0.09940338 0.0505855 0.9789341 0.1978113 0.05081409 0.9803075 0.190828 0.05156797 0.9802778 0.1907778 0.05420202 0.9803224 0.1898161 0.3577165 0.9236811 0.1373032 0.3577165 0.9236811 0.1373032 0.3577165 0.9236811 0.1373033 0.586129 0.7703837 0.2509219 0.586129 0.7703838 0.2509219 0.586129 0.7703837 0.2509219 0.5991764 0.7624902 0.2441238 0.5991763 0.7624903 0.2441238 0.5991762 0.7624903 0.2441237 0.7978614 0.5131704 0.3163442 0.7982924 0.5124019 0.3165021 0.7978616 0.5130781 0.316493 0.7966896 0.5142186 0.3175927 0.8658807 0.3634908 0.3436935 0.865873 0.3635127 0.3436895 0.8658791 0.3634995 0.3436881 0.9116476 0.1929219 0.3628771 0.9117439 0.191582 0.3633447 0.9093887 0.1982905 0.3656409 0.9087521 0.1977294 0.3675226 0.9218124 -0.1598792 0.3531297 0.9218124 -0.1598792 0.3531297 0.9218124 -0.1598792 0.3531297 0.9167199 -0.1261093 0.3791056 0.9167199 -0.1261093 0.3791056 0.9167199 -0.1261093 0.3791056 0.8425273 -0.4384793 0.312864 0.8466868 -0.4158384 0.331964 0.8466867 -0.4158384 0.331964 0.8466867 -0.4158384 0.331964 0.7140883 -0.6312595 0.3026375 0.7140883 -0.6312595 0.3026374 0.7140883 -0.6312595 0.3026375 0.6392047 -0.7295379 0.2432938 0.6392042 -0.7295381 0.2432947 0.6392047 -0.7295379 0.243294 0.6727227 -0.5118082 0.5343188 0.6727229 -0.511808 0.5343188 0.6727223 -0.5118081 0.5343195 0.7008109 -0.443787 0.5584955 0.7008109 -0.443787 0.5584955 0.6765766 -0.3122572 0.6668881 0.6765769 -0.312257 0.6668878 0.6765767 -0.3122571 0.6668879 0.2857359 0.1849156 0.9402985 0.286557 0.1856621 0.9399014 0.2865519 0.1857522 0.9398853 0.286479 0.1866919 0.9397212 0.248766 0.5432568 0.8018652 0.2487661 0.5432567 0.8018652 0.248766 0.5432567 0.8018651 0.2300942 0.5059599 0.831301 0.2300943 0.5059599 0.831301 0.2300941 0.5059599 0.831301 0.1915005 0.8209019 0.5380036 0.1915004 0.8209019 0.5380036 0.1915006 0.8209018 0.5380036 0.138612 0.7601185 0.634828 0.138612 0.7601186 0.6348279 0.138612 0.7601185 0.634828 0.1286958 0.8989711 0.4186747 0.1286959 0.8989711 0.4186747 0.1286958 0.898971 0.4186746 0.5340928 -0.1653966 0.8290892 0.5341545 -0.165347 0.8290593 0.5341532 -0.165339 0.8290618 0.5342427 -0.1653732 0.8289973 0.5304101 0.1898853 0.8262014 0.5304986 0.1898992 0.8261414 0.5304728 0.1898916 0.8261598 0.5304138 0.1898686 0.8262028 0.4624371 0.5135261 0.7228021 0.4623341 0.5134453 0.7229254 0.462398 0.5134739 0.7228642 0.4622935 0.5133926 0.7229889 0.3420456 0.7705013 0.5378965 0.3419615 0.770458 0.5380119 0.3419783 0.7704328 0.5380374 0.3419073 0.770408 0.5381181 0.230994 0.9012908 0.3664923 0.2310185 0.9012508 0.3665753 0.2310162 0.9012534 0.3665705 0.2310322 0.9012171 0.3666495 0.1002895 0.981386 0.1637795 0.1002896 0.981386 0.1637794 0.1002896 0.981386 0.1637794 0.110171 0.9830892 0.1462807 0.1101711 0.9830892 0.1462808 0.110171 0.9830892 0.1462809 0.2878946 0.1551342 0.9450133 0.2878947 0.1551342 0.9450133 0.2878949 0.1551343 0.9450132 0.3481935 -0.06222116 0.9353554 0.3481935 -0.06222116 0.9353554 0.3481934 -0.06222116 0.9353555 0.4405019 -0.1664649 0.8821834 0.440502 -0.166465 0.8821834 0.440502 -0.1664649 0.8821833 0.0439971 -0.7745938 0.6309271 0.04399698 -0.7745938 0.630927 0.04399698 -0.7745937 0.6309271 0.5059936 -0.3598271 0.7838972 0.5059937 -0.3598272 0.7838973 0.5059935 -0.3598271 0.7838973 0.6491785 -0.4940118 0.5783767 0.6491785 -0.4940118 0.5783768 0.7352295 -0.1623516 0.6580878 0.7352437 -0.162307 0.658083 0.7352872 -0.162218 0.6580563 0.7353382 -0.1620995 0.6580285 0.7304018 0.1891896 0.656293 0.7302603 0.1891035 0.6564754 0.7303767 0.1890106 0.6563726 0.7301884 0.1889336 0.6566041 0.6380711 0.5106162 0.5763128 0.6380882 0.5102316 0.5766344 0.638099 0.5102207 0.5766322 0.6380622 0.5098843 0.5769703 0.473512 0.7680115 0.4312131 0.4734595 0.7677837 0.4316765 0.4734873 0.767744 0.4317167 0.4735661 0.7673254 0.4323737 0.3201765 0.9001343 0.2953732 0.3204479 0.8998824 0.2958458 0.320458 0.8998746 0.295859 0.3206892 0.8996521 0.2962847 0.1426649 0.9803247 0.13642 0.1427387 0.9803094 0.136452 0.1424083 0.980358 0.1364485 0.1427302 0.980301 0.1365218 0.1122022 0.9918422 0.06049633 0.1122022 0.9918422 0.06049633 0.1122022 0.9918422 0.06049633 0.1188434 0.9925375 0.02730554 0.1188435 0.9925375 0.02730548 0.1188434 0.9925375 0.02730566 0.1196696 0.9926092 0.02015519 0.1196696 0.9926092 0.02015519 0.1196696 0.9926092 0.02015519 0.1156921 0.9930856 -0.01991349 0.1183992 0.9928948 -0.01189988 0.1145654 0.993216 -0.01992273 0.3713575 0.9268973 -0.05436235 0.3720085 0.9266221 -0.05460125 0.3713968 0.9268812 -0.05436533 0.3705788 0.9272244 -0.05409598 0.6293407 0.7708463 -0.09862291 0.6304841 0.7698875 -0.09880793 0.6283246 0.7717347 -0.09815257 0.6276875 0.7723124 -0.09768402 0.8398374 0.5255492 -0.1359092 0.8408016 0.524088 -0.13559 0.842664 0.5215345 -0.1338622 0.8430774 0.5205422 -0.1351158 0.9652594 0.2073582 -0.1589865 0.9655926 0.205406 -0.1594973 0.9645236 0.2116715 -0.1577638 0.9642449 0.2132859 -0.1572924 0.9789023 -0.1217766 -0.1640756 0.9785116 -0.1242817 -0.164527 0.9798001 -0.1160678 -0.1628496 0.9801732 -0.1136622 -0.1623007 0.8971011 -0.4146439 -0.1525783 0.8957051 -0.4174255 -0.1531943 0.8999259 -0.4088305 -0.1516284 0.9012097 -0.4060922 -0.1513618 0.6978157 -0.7055855 -0.1232974 0.6978157 -0.7055855 -0.1232976 0.6978158 -0.7055855 -0.1232978 0.7663959 -0.6309269 -0.1207004 0.7663959 -0.630927 -0.1207005 0.7663959 -0.630927 -0.1207004 0.7576174 -0.6383922 0.1359105 0.7576174 -0.6383922 0.1359104 0.9697003 0.2027676 0.1362596 0.9696943 0.2027975 0.1362575 0.9696394 0.2030121 0.1363287 0.9826893 -0.1262913 0.1355447 0.9826634 -0.1264483 0.1355856 0.9826623 -0.1264591 0.1355834 0.9827036 -0.1261593 0.1355637 0.8996903 -0.4191935 0.1217967 0.8996459 -0.4192907 0.1217895 0.899677 -0.4192222 0.1217945 0.8997211 -0.4191256 0.1218022 0.8165925 -0.5668106 0.1090991 0.8165924 -0.5668106 0.1090993 0.8165925 -0.5668106 0.1090993 0.1403819 0.9897239 0.02719265 0.1403818 0.9897239 0.02719271 0.1403818 0.9897239 0.02719271 0.3738643 0.9255926 0.0591939 0.3739413 0.925561 0.05920189 0.3738909 0.9255815 0.05919873 0.3739392 0.9255614 0.05920827 0.6334717 0.768054 0.09384447 0.6328402 0.7685722 0.09386241 0.6328957 0.7685267 0.0938608 0.633166 0.7682867 0.09400331 0.8451843 0.5205169 0.1213499 0.8448296 0.5210831 0.1213902 0.8456752 0.5197271 0.121315 0.8466333 0.5181914 0.1212014 0.9202158 0.3689087 0.1308023 0.9202172 0.3689064 0.1307995 0.9202131 0.368914 0.130807 0.9696881 0.2028217 0.1362656 0.9073011 -0.4189451 0.03591555 0.9072958 -0.4189592 0.03588306 0.9073134 -0.4189193 0.03590577 0.9073362 -0.4188696 0.0359078 0.9911977 -0.1255409 0.04203367 0.9911876 -0.1256766 0.04186201 0.9911783 -0.1257567 0.04184311 0.9912254 -0.1253731 0.04187655 0.9780177 0.2038738 0.04378247 0.9780366 0.2037772 0.04380989 0.9780357 0.2037821 0.04380822 0.9780368 0.2037762 0.04381018 0.853426 0.5196046 0.04092806 0.8535872 0.5193426 0.04089421 0.853605 0.5193127 0.04090034 0.8536117 0.5193018 0.04090112 0.6382837 0.7690713 0.03351759 0.6381951 0.7691413 0.03359997 0.6383136 0.7690454 0.03354305 0.6382374 0.769106 0.03360229 0.3766601 0.9260544 0.02346694 0.3769079 0.9259517 0.02353966 0.3768042 0.9259944 0.02351307 0.3767924 0.9259991 0.02352547 0.1204896 0.9926305 0.01292479 0.1169322 0.9930648 0.01221847 0.1102599 0.993844 0.01081013 0.1071749 0.9941887 0.01011633 0.7732017 -0.6270647 0.09459954 0.7732017 -0.6270647 0.09459942 0.7732017 -0.6270647 0.09459948 0.753595 -0.6569362 0.02301132 0.753595 -0.6569362 0.02301144 0.753595 -0.6569362 0.02301132 0.7311335 -0.6817275 0.02630078 0.7311334 -0.6817275 0.02630054 0.7311334 -0.6817275 0.02630078 0.7851482 -0.618763 -0.02597343 0.7851483 -0.618763 -0.02597343 0.7851482 -0.618763 -0.02597332 0.9078357 -0.4184029 -0.02780818 0.9079398 -0.4181485 -0.02823662 0.907854 -0.4183617 -0.02783775 0.9079017 -0.4182325 -0.02821773 0.9917625 -0.1250158 -0.02789926 0.9917399 -0.1252109 -0.02782624 0.9917386 -0.1252236 -0.02781623 0.9917256 -0.1253332 -0.02778446 0.9785934 0.2042883 -0.02492779 0.978597 0.2042688 -0.02494651 0.9786035 0.204239 -0.02493387 0.9786643 0.2039147 -0.0252031 0.8540792 0.5197961 -0.01900094 0.8542146 0.5195772 -0.01889628 0.854093 0.5197733 -0.01900374 0.8540704 0.5198089 -0.0190407 0.6385052 0.7695346 -0.01130235 0.6385427 0.7695038 -0.01128482 0.6385209 0.7695216 -0.0112999 0.6385196 0.7695227 -0.01130002 0.3769552 0.9262265 -0.003065228 0.3771297 0.9261556 -0.003032922 0.3768859 0.9262539 -0.003306031 0.3771641 0.9261416 -0.003030002 0.1266947 0.9919325 0.004301488 0.1237087 0.9923128 0.003391325 0.1222063 0.9925004 0.002955615 0.1189466 0.9928999 0.001301825 0.7175041 -0.6950205 -0.04620015 0.7175041 -0.6950206 -0.04620027 0.7175041 -0.6950206 -0.04620021 0.7890459 -0.6089481 -0.08117169 0.9039195 -0.4178729 -0.09116947 0.903936 -0.4178369 -0.0911718 0.9039278 -0.4178573 -0.09115928 0.903948 -0.4178122 -0.0911647 0.9874569 -0.1245365 -0.09705579 0.987436 -0.1246765 -0.0970872 0.9874535 -0.1245603 -0.09705799 0.9874859 -0.1244158 -0.09691506 0.9743706 0.2047592 -0.09314399 0.9743416 0.2048702 -0.09320288 0.9743018 0.2050305 -0.09326684 0.9743471 0.2048449 -0.09320014 0.8504896 0.5200715 -0.07869756 0.8504301 0.5201687 -0.07869708 0.8504495 0.520137 -0.0786978 0.8504414 0.5201505 -0.07869493 0.6357884 0.7698366 -0.05589902 0.6360245 0.7696582 -0.05567073 0.6358607 0.7697764 -0.0559082 0.6357817 0.7698405 -0.05592328 0.3752119 0.9264749 -0.029329 0.3753235 0.9264307 -0.0293008 0.375271 0.9264515 -0.02931958 0.3753111 0.9264357 -0.02930134 0.1200239 0.9927632 -0.003948509 0.09970986 0.9950025 -0.005301058 0.09970986 0.9950025 -0.005301058 0.09970986 0.9950025 -0.005301177 0.1085591 0.9934252 -0.03634965 0.1085591 0.9934252 -0.03634965 0.1085591 0.9934252 -0.03634965 0.06672966 0.9813228 -0.1804239 0.06672984 0.9813228 -0.1804236 0.06672972 0.9813228 -0.1804237 0.3993028 -0.7246013 -0.5617031 0.3993027 -0.7246012 -0.5617032 0.3993032 -0.7246015 -0.5617025 0.7710127 -0.4447221 -0.4558087 0.7710124 -0.4447223 -0.4558089 0.7710129 -0.4447223 -0.4558085 0.6683143 -0.6754623 -0.3116196 0.6689817 -0.6745245 -0.3122182 0.6683409 -0.675528 -0.3114202 0.1161174 0.9929559 -0.02356636 0.363194 0.9272723 -0.09086394 0.363192 0.9272682 -0.09091466 0.3632079 0.9272656 -0.0908764 0.3631393 0.9273025 -0.09077394 0.6145709 0.7724535 -0.1600572 0.614813 0.7722758 -0.1599847 0.6147626 0.772323 -0.1599512 0.6147568 0.7723383 -0.159899 0.8224092 0.5255107 -0.2179033 0.8224253 0.5254856 -0.2179027 0.8224471 0.5254554 -0.2178928 0.8224427 0.5254632 -0.217891 0.9435362 0.2138794 -0.2529728 0.9435478 0.2138267 -0.2529738 0.9436435 0.2135139 -0.2528812 0.9435523 0.213809 -0.2529723 0.9591019 -0.1126158 -0.2596949 0.9591001 -0.1126875 -0.2596703 0.9590834 -0.1126886 -0.2597317 0.7628053 -0.6310946 -0.1408818 0.7628049 -0.6310952 -0.1408815 0.7628051 -0.6310949 -0.1408817 0.7513426 -0.6263711 -0.20771 0.7513428 -0.6263709 -0.20771 0.751343 -0.6263707 -0.2077103 0.8820126 -0.4048064 -0.2412174 0.8820229 -0.4048101 -0.2411731 0.8820233 -0.404809 -0.2411735 0.7903197 -0.3972111 -0.4664958 0.7902942 -0.3969578 -0.4667543 0.7903149 -0.3972086 -0.4665058 0.7902983 -0.397518 -0.4662706 0.6266109 -0.40074 -0.6684057 0.6266111 -0.40074 -0.6684055 0.6266111 -0.40074 -0.6684056 0.59966 -0.2577307 -0.7576165 0.59966 -0.2577307 -0.7576165 0.59966 -0.2577307 -0.7576166 0.319499 -0.4922811 -0.8096788 0.3194991 -0.4922811 -0.8096788 0.3194991 -0.4922811 -0.8096788 0.4528223 0.4026136 -0.7955214 0.4528223 0.4026136 -0.7955214 0.4528223 0.4026136 -0.7955214 0.8438768 0.2120611 -0.4928509 0.8437788 0.2122437 -0.4929403 0.8438124 0.2122604 -0.4928756 0.8436891 0.2124856 -0.4929895 0.7384058 0.5203832 -0.4289036 0.7381346 0.5207221 -0.4289591 0.738106 0.5207448 -0.4289806 0.7378107 0.5210318 -0.42914 0.5550815 0.767808 -0.3199307 0.5546266 0.7681484 -0.3199024 0.5545916 0.7681632 -0.3199273 0.5538856 0.7685317 -0.3202649 0.3293231 0.925579 -0.1866815 0.3287774 0.9258043 -0.1865262 0.3287372 0.925773 -0.1867518 0.3280478 0.9259704 -0.1869856 0.109264 0.992369 -0.05714267 0.109264 0.9923689 -0.05714267 0.109264 0.992369 -0.05714267 0.6079497 0.2150063 -0.7643099 0.6078001 0.2152711 -0.7643542 0.6078011 0.2152642 -0.7643554 0.6077379 0.2156518 -0.7642964 0.5314562 0.5240674 -0.6655132 0.5310888 0.5240052 -0.6658552 0.5310589 0.524159 -0.6657581 0.5306833 0.5248677 -0.6654992 0.3985117 0.770596 -0.4973633 0.3983559 0.7708649 -0.4970714 0.398404 0.7709459 -0.4969073 0.3973357 0.7714225 -0.4970229 0.2361102 0.9269635 -0.2915318 0.2355096 0.9271835 -0.2913179 0.2355282 0.9271747 -0.2913308 0.2350044 0.9273456 -0.2912099 0.068883 0.9944269 -0.07981383 0.06888294 0.994427 -0.07981371 0.06888294 0.9944269 -0.07981377 0.09389221 0.9917477 -0.08729761 0.09389227 0.9917476 -0.08729743 0.09389221 0.9917476 -0.08729761 -0.02649873 0.9928726 -0.1161972 -0.02649867 0.9928727 -0.1161972 -0.02649855 0.9928727 -0.116197 0.1336035 0.928222 -0.347209 0.133603 0.928222 -0.3472091 0.1336036 0.928222 -0.347209 0.1405984 0.8335435 -0.5342636 0.1405983 0.8335434 -0.5342636 0.1405984 0.8335435 -0.5342635 0.2072474 0.7715979 -0.6014028 0.2072474 0.7715978 -0.6014028 0.239719 0.5567974 -0.7953059 0.2629387 0.5241816 -0.8099981 0.2969829 0.199213 -0.9338712 0.296983 0.199213 -0.9338712 0.2969831 0.199213 -0.9338711 0.2879533 0.2150065 -0.9331962 0.3107024 -0.105634 -0.9446192 0.3107023 -0.105634 -0.9446193 0.3107025 -0.105634 -0.9446192 0.6175782 -0.1069581 -0.779203 0.6176645 -0.107259 -0.7790932 0.6176257 -0.1071774 -0.7791352 0.6175612 -0.1070328 -0.7792062 0.8572779 -0.1090185 -0.5031796 0.8572849 -0.1090389 -0.5031635 0.8572455 -0.1088659 -0.5032678 0.8572267 -0.1088088 -0.5033119 0.9590651 -0.1126981 -0.2597945 0.8820232 -0.404809 -0.2411737 0.06908255 0.8355579 -0.5450417 0.1033061 0.5623563 -0.8204165 0.1033059 0.5623555 -0.8204172 0.1033059 0.5623555 -0.8204172 0.1032962 0.5619616 -0.8206883 0.1219027 0.2027089 -0.9716218 0.1219024 0.202732 -0.971617 0.1219016 0.20278 -0.9716072 0.1218891 0.202757 -0.9716134 0.07636815 0.7960442 -0.6004011 0.05538117 0.8986485 -0.4351598 0.02419394 0.9822785 -0.1858592 0.02419382 0.9822785 -0.1858593 0.02419406 0.9822785 -0.1858592 0.04080724 0.9490868 -0.3123608 0.04080545 0.9490867 -0.312361 0.04080748 0.9490868 -0.3123608 0.01629674 0.9923138 -0.1226701 0.01629674 0.9923138 -0.1226701 0.0162965 0.9923138 -0.1226701 0.03139764 0.8985781 -0.4376891 0.0313977 0.8985779 -0.4376894 0.03139764 0.8985779 -0.4376896 -0.2485982 0.9088274 -0.3350102 -0.2485981 0.9088277 -0.3350093 -0.2485983 0.9088274 -0.3350099 -0.1928011 0.9702973 -0.1461199 -0.192801 0.9702973 -0.1461199 -0.1928009 0.9702973 -0.1461199 -0.8219249 0.5477394 -0.1562727 -0.8209603 0.5497205 -0.154375 -0.8220953 0.5475029 -0.1562047 -0.5555111 0.8313294 0.01729518 -0.5568761 0.830438 0.01618027 -0.5557633 0.8312113 0.01466065 -0.496609 0.8558146 -0.1447787 -0.4966089 0.8558148 -0.1447787 -0.4966089 0.8558148 -0.1447787 -0.1371818 0.9891135 -0.05325347 -0.1371859 0.9891124 -0.0532605 -0.1371818 0.9891135 -0.05325347 -0.1501191 0.9364172 -0.3171547 -0.1501191 0.9364172 -0.3171547 -0.150119 0.9364172 -0.3171547 -0.1007396 0.9268501 -0.3616633 -0.1007395 0.9268501 -0.3616633 -0.1007396 0.9268502 -0.3616633 -0.266733 0.894309 -0.359256 -0.2667328 0.8943091 -0.3592562 -0.2667332 0.8943091 -0.359256 -0.4770877 0.819302 -0.3180121 -0.4770878 0.8193019 -0.3180121 -0.4770877 0.8193019 -0.3180121 -0.5116164 0.8196232 -0.2578111 -0.5116164 0.8196233 -0.2578112 -0.6451239 0.7189134 -0.2588025 -0.645124 0.7189131 -0.258803 -0.645124 0.718913 -0.2588032 -0.8211305 0.546688 -0.1639422 -0.7876363 0.6080199 -0.09970408 -0.7876363 0.60802 -0.09970378 -0.7876363 0.6080199 -0.09970408 -0.9749791 0.1947903 -0.1071102 -0.9749791 0.1947904 -0.1071103 -0.974979 0.1947905 -0.1071103 -0.1751026 0.07860559 0.9814072 -0.1751027 0.07860559 0.9814073 -0.1751027 0.07860559 0.9814073 -0.5642148 -0.007541954 0.8255936 -0.5642148 -0.007542014 0.8255937 -0.5642147 -0.007542014 0.8255938 -0.5379891 0.05885094 0.8408949 -0.5379891 0.05885094 0.8408949 -0.5379891 0.05885094 0.8408949 -0.8237181 0.1090919 0.5564059 -0.8237181 0.1090921 0.5564058 -0.8237183 0.1090921 0.5564057 -0.8396886 0.07261896 0.538191 -0.8396887 0.07261896 0.538191 -0.8396886 0.0726189 0.538191 -0.9680227 0.1559124 0.1965286 -0.9680227 0.1559125 0.1965286 -0.9680227 0.1559124 0.1965286 -0.9762583 0.1271607 0.1753561 -0.9762583 0.1271607 0.1753561 -0.9762583 0.1271607 0.1753562 -0.6710863 -0.7373701 -0.07699722 -0.6710863 -0.7373701 -0.07699763 -0.6710864 -0.7373701 -0.07699698 -0.688873 -0.7160044 -0.1131005 -0.6888731 -0.7160044 -0.1131005 -0.6888729 -0.7160044 -0.1131005 -0.6702013 -0.7328188 -0.1175032 -0.6702013 -0.7328189 -0.117503 -0.6702013 -0.7328187 -0.1175032 -0.8299663 -0.5512878 -0.08507519 -0.8466347 -0.5263118 -0.07877552 -0.9364757 -0.346036 -0.05720561 -0.9364757 -0.346036 -0.05720531 -0.9364757 -0.346036 -0.05720525 -0.980897 -0.192813 -0.02577352 -0.9806594 -0.1942424 -0.02402096 -0.980698 -0.1942007 -0.02275139 -0.993512 -0.1122636 -0.01819288 -0.993512 -0.1122636 -0.01819288 -0.993512 -0.1122636 -0.01819288 -0.9999889 -0.004645705 -7.55229e-4 -0.999965 -0.008294105 -0.0011518 -0.9999948 -0.003241181 -4.22735e-4 -0.999993 -0.003735065 -4.15301e-4 -0.9999644 -0.008420705 -6.43504e-4 -0.9809113 -0.1932528 -0.02159816 -0.9808793 -0.193409 -0.02165091 -0.8471359 -0.5280801 -0.05909609 -0.8470105 -0.5282751 -0.05914914 -0.8470605 -0.5281925 -0.05917251 -0.8467632 -0.5286665 -0.0591951 -0.7182388 -0.6914789 -0.07739573 -0.7182388 -0.6914789 -0.07739573 -0.7182388 -0.6914789 -0.07739573 -0.6703212 -0.7361187 -0.09380185 -0.6703212 -0.7361187 -0.09380185 -0.6703211 -0.7361187 -0.09380179 -0.8899127 -0.3374341 -0.3069099 -0.8899127 -0.3374341 -0.30691 -0.8899127 -0.3374341 -0.3069098 -0.9327974 -0.3280202 -0.1493046 -0.9327974 -0.3280201 -0.1493047 -0.9327974 -0.3280201 -0.1493048 -0.1934067 -0.2460901 -0.9497545 -0.1934057 -0.2460904 -0.9497546 -0.1934062 -0.2460902 -0.9497545 -0.2547989 -0.4459229 -0.8580387 -0.2547989 -0.4459227 -0.8580389 -0.2547988 -0.4459227 -0.8580389 -0.603873 -0.5709687 -0.5561764 -0.6038733 -0.5709687 -0.5561761 -0.6038733 -0.5709687 -0.5561761 -0.6025123 -0.7304389 -0.3216177 -0.6025123 -0.7304389 -0.3216177 -0.6025123 -0.7304389 -0.3216178 -0.6818152 -0.6799939 -0.269697 -0.6818152 -0.6799941 -0.2696968 -0.6818152 -0.6799939 -0.269697 -0.5277847 -0.3534896 -0.7723268 -0.5277733 -0.3534942 -0.7723324 -0.527979 -0.3533185 -0.7722721 -0.7105619 -0.2982953 -0.6372768 -0.7105619 -0.2982952 -0.6372768 -0.6709254 -0.3456982 -0.6560121 -0.6709254 -0.3456982 -0.6560121 -0.6709254 -0.3456983 -0.6560121 -0.8531118 -0.186417 -0.4872877 -0.8531117 -0.1864169 -0.4872875 -0.8531118 -0.1864169 -0.4872875 -0.8939849 -0.2056972 -0.3980952 -0.8939849 -0.205697 -0.3980952 -0.893985 -0.2056968 -0.3980953 -0.9855871 -0.03993797 -0.1643871 -0.9847081 -0.04776537 -0.1675366 -0.9857337 -0.04211133 -0.1629596 -0.9903284 -0.08582794 -0.1090107 -0.9891195 -0.0874086 -0.1183328 -0.9903897 -0.08560401 -0.1086285 -0.9905785 -0.08575469 -0.1067733 -0.1914833 -0.1302266 -0.9728181 -0.1936061 -0.1276841 -0.9727351 -0.1929954 -0.1283967 -0.9727627 -0.1946164 -0.1264781 -0.972691 0.01799041 -0.03885722 -0.9990829 0.01798307 -0.03886026 -0.9990829 0.01798307 -0.03886026 -0.9990829 -0.3815146 -0.3370222 -0.8607338 -0.3815146 -0.3370222 -0.8607339 -0.3815147 -0.3370222 -0.8607338 -0.3887075 -0.5723666 -0.7220132 -0.3887075 -0.5723666 -0.7220132 -0.3887073 -0.5723665 -0.7220132 -0.5433959 -0.5457068 -0.6379069 -0.5433958 -0.5457068 -0.6379068 -0.5396183 -0.6726452 -0.5063207 -0.5396184 -0.6726452 -0.5063205 -0.5396183 -0.6726452 -0.5063207 -0.789171 -0.4397884 -0.4287135 -0.7905326 -0.437918 -0.4281192 -0.7886566 -0.44025 -0.4291864 -0.7898983 -0.5593567 -0.2513578 -0.8246424 -0.5244314 -0.2119828 -0.8246424 -0.5244315 -0.2119828 -0.8246424 -0.5244314 -0.2119828 -0.3661029 -0.1175591 -0.923119 -0.3714931 -0.1147572 -0.9213163 -0.3736394 -0.1138822 -0.9205566 -0.5290471 -0.1200006 -0.8400649 -0.5290471 -0.1200006 -0.840065 -0.5290471 -0.1200006 -0.840065 -0.5770068 -0.09890949 -0.8107281 -0.5770069 -0.09890955 -0.8107281 -0.5770069 -0.09890961 -0.8107281 -0.6760048 -0.1077866 -0.7289717 -0.6760047 -0.1077863 -0.7289718 -0.6760046 -0.1077861 -0.7289718 -0.8165323 -0.02940541 -0.5765505 -0.8165323 -0.02940547 -0.5765504 -0.8165322 -0.02940541 -0.5765504 -0.8524077 -0.0803219 -0.5166717 -0.8524078 -0.08032196 -0.5166715 -0.8524077 -0.0803219 -0.5166717 -0.9817299 -0.01490843 -0.1896951 -0.9817299 -0.01490843 -0.1896951 -0.9852726 -0.03757768 -0.1668108 -0.9931291 -0.1066582 -0.04815369 -0.9930288 -0.1068052 -0.04986441 -0.9930868 -0.1063339 -0.0497179 -0.9918374 -0.1125692 -0.05988955 -0.9212261 -0.3641064 -0.1370006 -0.9212262 -0.3641063 -0.1370007 -0.921226 -0.3641064 -0.1370007 -0.9193791 -0.2457138 -0.3071921 -0.9193791 -0.2457139 -0.3071921 -0.9193791 -0.2457139 -0.307192 -0.7881854 -0.4442898 -0.4258763 -0.7145938 -0.4115858 -0.5656439 -0.7145938 -0.4115858 -0.5656439 -0.7145938 -0.4115857 -0.5656438 -0.5294149 -0.5623255 -0.6352243 -0.5294147 -0.5623252 -0.6352247 -0.5294149 -0.5623255 -0.6352244 -0.5276066 -0.3535981 -0.7723988 -0.3633807 -0.3928036 -0.8447839 -0.3633808 -0.3928037 -0.8447839 -0.3640273 -0.1188753 -0.9237711 -0.1700675 -0.1366602 -0.9759104 -0.1700675 -0.1366602 -0.9759104 -0.1700675 -0.1366602 -0.9759104 0.0623219 0.0078004 -0.9980257 0.0623219 0.007800281 -0.9980257 0.0623219 0.00780034 -0.9980257 0.01790755 0.00739938 -0.9998123 0.01790755 0.007409632 -0.9998122 0.01790755 0.007399439 -0.9998123 -0.1281739 0.00830239 -0.991717 -0.1281739 0.00830233 -0.991717 -0.1281739 0.00830233 -0.991717 -0.9818757 0.001470208 -0.1895207 -0.9818735 0.001501739 -0.189532 -0.9818739 0.001470565 -0.1895295 -0.9818717 0.001501381 -0.1895409 -0.81699 0.004500567 -0.5766344 -0.81699 0.004500508 -0.5766344 -0.8169901 0.00451678 -0.5766342 -0.9227036 -0.004600822 -0.385483 -0.9227036 -0.004600584 -0.385483 -0.9227036 -0.004600644 -0.3854829 -0.8366404 0.002695083 -0.5477459 -0.8366404 0.002695202 -0.547746 -0.8366405 0.002695202 -0.5477459 -0.6998991 0.005477547 -0.7142208 -0.6998991 0.005500197 -0.7142207 -0.6998991 0.005500018 -0.7142207 -0.6641144 0.00580126 -0.7476085 -0.6641117 0.005804002 -0.7476108 -0.6641169 0.005800545 -0.7476063 -0.5802112 0.00630027 -0.8144418 -0.5802111 0.006300449 -0.8144418 -0.5802111 0.00630027 -0.8144418 -0.4704912 0.008898377 -0.8823598 -0.3763875 0.007198989 -0.9264343 -0.3763875 0.007198989 -0.9264344 -0.3763875 0.007198989 -0.9264343 -0.1721309 0.007715404 -0.9850439 0.1937111 -0.9762017 0.09749984 0.1937111 -0.9762017 0.0974999 0.1937111 -0.9762017 0.09749972 0.4052754 -0.908108 0.1053177 0.4052754 -0.908108 0.1053177 0.4052754 -0.9081081 0.1053177 0.6273192 -0.7724726 0.09877675 0.628004 -0.771764 0.09995687 0.6217522 -0.7775036 0.09440624 0.295731 -0.9475724 -0.1210364 0.4112935 -0.9068691 -0.09179383 0.2022923 -0.9728196 -0.1126939 0.2334096 -0.966889 -0.1031776 0.2303263 -0.9721568 -0.04313898 0.2312641 -0.9719109 -0.04366105 0.2306202 -0.9720844 -0.04320138 0.2301563 -0.9722061 -0.04293447 0.2308422 -0.9725962 0.02772426 0.2301348 -0.9727321 0.02881431 0.2303077 -0.9727118 0.02811437 0.2314739 -0.9724377 0.02801281 0.6212387 -0.7756861 -0.1112372 0.6204509 -0.7761635 -0.1122992 0.626543 -0.7720506 -0.1066861 0.6205662 -0.7830508 -0.04158449 0.6213732 -0.7823763 -0.04222351 0.6208583 -0.7828102 -0.04175144 0.620321 -0.7832589 -0.04132205 0.6212164 -0.783087 0.02941215 0.6205064 -0.7836269 0.03001552 0.6204447 -0.7836769 0.02998244 0.6214739 -0.7828891 0.02923661 0.6206858 -0.7783417 0.09451645 0.5216623 -0.846885 0.1032204 0.5216622 -0.8468849 0.1032204 0.5216624 -0.846885 0.1032204 0.5008429 -0.8607059 0.09133398 0.5008429 -0.8607059 0.09133404 0.5000308 -0.865523 0.02896982 0.5007607 -0.865116 0.02851474 0.5003015 -0.8653726 0.02878689 0.4993697 -0.8658887 0.02944117 0.5003687 -0.864756 -0.04275703 0.4993828 -0.8653602 -0.04205513 0.5000483 -0.8649531 -0.04251873 0.5004196 -0.8647257 -0.04277741 0.5004106 -0.8577916 -0.1174013 0.6275344 -0.7712758 -0.1064626 0.2790883 -0.957094 0.07797968 0.2337605 -0.9654644 0.1150413 0.2337606 -0.9654644 0.1150413 0.2337606 -0.9654644 0.1150414 0.3704497 -0.9245834 0.0889523 0.3681099 -0.9293485 0.0283969 0.3693372 -0.9288656 0.02826225 0.3688641 -0.9290602 0.0280441 0.3680424 -0.9293534 0.029105 0.3690807 -0.9283794 -0.04348844 0.36804 -0.9288359 -0.04255002 0.3681225 -0.9287918 -0.04280072 0.3693899 -0.9282603 -0.04340398 0.3705058 -0.9202418 -0.1260178 0.5220813 -0.8470296 -0.09986096 0.6804434 -0.7244621 -0.1102339 0.6801856 -0.724641 -0.1106483 0.6800815 -0.7248076 -0.1101956 0.6801346 -0.7229068 0.1217485 0.6788127 -0.7275598 0.0993489 0.6826028 -0.726076 0.0828675 0.6826028 -0.7260761 0.08286756 0.6826028 -0.7260761 0.0828675 0.6812228 -0.7315356 0.02813166 0.6807854 -0.7318574 0.0302658 0.6827378 -0.7303287 0.02211749 0.6833539 -0.7298141 0.01997423 0.6817522 -0.7303721 -0.04207801 0.6815411 -0.7305861 -0.0417822 0.6822271 -0.729822 -0.04388749 0.6822288 -0.7297848 -0.04447489 0.6805724 -0.7244899 -0.1092505 0.6804053 -0.724697 -0.1089171 -0.6769974 0.7359634 0.005698323 -0.6769898 0.7359704 0.005696475 -0.6769444 0.7360122 0.00568521 -0.6769376 0.7360185 0.005683481 -0.125458 0.690669 -0.7122056 -0.125458 0.690669 -0.7122055 -0.125458 0.690669 -0.7122056 -0.08220446 0.7199887 -0.6891 -0.08220446 0.7199887 -0.6890999 -0.0822044 0.7199887 -0.6891 -0.2781768 0.6336638 -0.7218642 -0.2781767 0.6336638 -0.7218643 -0.2781767 0.6336637 -0.7218643 -0.3270584 0.6187306 -0.7142866 -0.3270583 0.6187306 -0.7142866 -0.1581415 0.9873863 0.007719576 -0.1581296 0.9873884 0.007692873 -0.1581367 0.9873872 0.007708609 -0.1581265 0.987389 0.00768584 0.4094169 0.6119458 -0.6766832 0.4094168 0.6119458 -0.6766833 0.4094169 0.6119458 -0.6766833 0.4454948 0.6138193 -0.6517364 0.4454948 0.6138193 -0.6517363 0.08890479 0.7238787 -0.6841751 0.08890485 0.7238787 -0.6841751 0.08890485 0.7238786 -0.6841751 0.05136775 0.7111896 -0.7011211 0.05136781 0.7111896 -0.7011212 0.05136781 0.7111895 -0.7011212 0.2405107 0.698009 -0.674491 0.2405107 0.698009 -0.6744909 0.2405107 0.698009 -0.6744909 0.2008931 0.6931897 -0.6921922 0.2008931 0.6931897 -0.6921923 0.2008931 0.6931897 -0.6921923 0.2739646 0.6750787 -0.6849907 0.273971 0.675086 -0.6849809 0.2739694 0.6750854 -0.6849821 0.9999938 0.003547191 -1.27402e-7 0.9999809 0.006183981 0 0.9999906 0.004362821 3.38154e-5 0.9955942 0.09376353 8.00325e-4 0.9955942 0.09376353 8.00381e-4 0.9955942 0.09376347 8.00394e-4 0.976925 0.2135604 0.00310117 0.976925 0.2135604 0.00310117 0.976925 0.2135604 0.003101229 0.9410735 0.3381969 0.001905977 0.9410734 0.3381972 0.001901149 0.9410735 0.3381969 0.001905977 0.8586084 0.5126133 0.004400193 0.8586083 0.5126133 0.004400253 0.8586084 0.5126133 0.004400312 0.7718482 0.6357944 0.004000604 0.7718483 0.6357944 0.004000782 0.7718482 0.6357944 0.004000782 0.7272784 0.6863221 0.005301535 0.7272785 0.6863221 0.005301415 0.7272784 0.6863221 0.005301415 0.7443868 0.1416901 -0.6525428 0.7427204 0.1412274 -0.6545391 0.7463316 0.1418805 -0.6502761 0.5989666 0.4556319 -0.6585125 0.5989665 0.4556318 -0.6585125 0.5989666 0.4556318 -0.6585125 0.5759933 0.4695146 -0.6691694 0.6752286 0.335877 -0.6566987 0.6752285 0.335877 -0.6566987 0.6752285 0.3358771 -0.6566986 0.660596 0.3495498 -0.6644005 0.6605959 0.3495498 -0.6644005 0.7454804 0.1502683 -0.6493677 0.679874 -0.7190712 -0.1439032 0.6798738 -0.7190714 -0.143903 0.6798737 -0.7190715 -0.1439031 0.666423 -0.6831698 -0.298596 0.6636258 -0.6862651 -0.2977267 0.6660798 -0.684103 -0.2972218 0.6662117 -0.6772995 -0.3121337 0.5827842 -0.5504266 -0.5978237 0.5847116 -0.5458648 -0.60012 0.5824279 -0.5467433 -0.6015394 0.580787 -0.5438908 -0.6056975 0.4240437 -0.3418489 -0.8386456 0.4317724 -0.3372386 -0.836566 0.4253501 -0.3430505 -0.8374926 0.4251012 -0.3439 -0.8372704 0.276608 -0.1796102 -0.9440489 0.2774897 -0.1814046 -0.9434468 0.2834039 -0.1725442 -0.9433509 0.2279557 -0.1086578 -0.9675896 0.225399 -0.104035 -0.968696 0.2270638 -0.1070553 -0.967978 0.2245587 -0.1030564 -0.9689959 0.2155708 -0.1305804 -0.967718 0.2155708 -0.1305805 -0.967718 0.4309337 -0.3344124 -0.8381316 0.4783926 -0.4111897 -0.7759276 0.4783926 -0.4111897 -0.7759277 0.4783925 -0.4111897 -0.7759276 0.5862576 -0.5475443 -0.5970739 0.5845126 -0.5424275 -0.6034216 0.6630107 -0.6862856 -0.2990468 0.6631816 -0.6751064 -0.3231433 0.6631816 -0.6751064 -0.3231433 0.6631816 -0.6751064 -0.3231433 0.1967527 -0.1411896 -0.970234 0.1978026 -0.1424875 -0.9698306 0.1969324 -0.13836 -0.9706051 0.2148789 -0.9237996 -0.3168933 0.3019011 -0.8603436 -0.4106883 0.3019011 -0.8603436 -0.4106882 0.3019011 -0.8603436 -0.4106882 0.5125009 -0.7852085 -0.3475496 0.5125008 -0.7852085 -0.3475496 0.5125008 -0.7852084 -0.3475496 0.6115891 -0.7195291 -0.3289936 0.6115891 -0.719529 -0.3289936 0.6115891 -0.719529 -0.3289936 0.214014 -0.1303975 -0.9680882 0.2140199 -0.1295842 -0.968196 0.2141918 -0.1310632 -0.9679589 0.1848451 -0.1522062 -0.9709097 0.1833999 -0.1529821 -0.9710618 0.1845422 -0.1493089 -0.9714171 0.1602626 -0.158263 -0.9743042 0.1642052 -0.1640289 -0.9726928 0.1630217 -0.1625765 -0.9731357 0.2647427 -0.7445834 -0.6127862 0.2632707 -0.7487487 -0.6083289 0.2625321 -0.7500097 -0.6070935 0.2274938 -0.4831531 -0.8454642 0.2272995 -0.4850796 -0.8444127 0.228226 -0.4790763 -0.847584 0.2287643 -0.4768791 -0.8486774 0.1598044 -0.1567047 -0.9746314 0.1975509 -0.1369373 -0.9706811 0.3364486 -0.434927 -0.8352491 0.3364082 -0.4350156 -0.8352192 0.3364085 -0.4350047 -0.8352247 0.3364261 -0.4349374 -0.8352527 0.4347951 -0.683991 -0.5857557 0.4348174 -0.6839807 -0.5857509 0.4348103 -0.6840197 -0.5857109 0.4347043 -0.6841157 -0.5856774 0.6667346 -0.7202348 -0.1916424 0.6667346 -0.7202348 -0.1916424 0.6667346 -0.7202348 -0.1916424 0.5505497 -0.6087166 -0.5712786 0.5504426 -0.5727607 -0.6074193 0.4201398 -0.3793535 -0.8243625 0.4224783 -0.4599447 -0.7810013 0.4224783 -0.4599448 -0.7810013 0.2820836 -0.1050394 -0.9536224 0.2820836 -0.1050394 -0.9536224 0.2820836 -0.1050394 -0.9536224 0.275208 -0.1803041 -0.9443257 0.1838993 -0.1486421 -0.9716411 0.2904528 -0.4562495 -0.8411145 0.2905034 -0.4562357 -0.8411046 0.2905253 -0.4564173 -0.8409985 0.2904989 -0.4562244 -0.8411122 0.3633555 -0.7169546 -0.5949361 0.3634032 -0.7169172 -0.5949521 0.3633275 -0.7169837 -0.5949181 0.363256 -0.7170556 -0.5948751 0.2141945 -0.1326273 -0.9677452 0.3798779 -0.4092642 -0.8295756 0.3795228 -0.4093954 -0.8296735 0.3798 -0.4091789 -0.8296534 0.3798877 -0.4093031 -0.829552 0.502624 -0.6438024 -0.5769642 0.5026124 -0.6438496 -0.5769216 0.5028114 -0.6439641 -0.5766203 0.5026237 -0.6438558 -0.5769048 0.56023 -0.8082219 -0.1814387 0.56023 -0.8082218 -0.1814386 0.56023 -0.8082219 -0.1814387 0.4726523 -0.8225291 -0.3163002 0.4726523 -0.8225291 -0.3163002 0.4145342 -0.8724148 -0.2589477 0.4145342 -0.8724148 -0.2589477 0.4145342 -0.8724147 -0.2589477 0.3875673 -0.8675232 -0.3117617 0.2597047 -0.9278562 -0.26765 0.2597047 -0.9278562 -0.26765 0.2597047 -0.9278562 -0.26765 0.2651711 -0.7430498 -0.6144602 0.1887103 -0.9283184 -0.3203332 0.1887107 -0.9283152 -0.3203424 0.1884096 -0.9293323 -0.3175587 0.1883209 -0.9294385 -0.3173001 0.1993226 -0.7601025 -0.6184778 0.1993053 -0.7620041 -0.6161389 0.1993398 -0.7586666 -0.6202327 0.1993998 -0.755211 -0.6244167 0.1855558 -0.4871591 -0.8533728 0.1853935 -0.484798 -0.8547517 0.1856488 -0.4890162 -0.8522898 0.1858969 -0.492153 -0.8504281 0.1490652 -0.1598253 -0.9758255 0.1487454 -0.1576052 -0.9762353 0.1492849 -0.1620352 -0.9754275 0.14981 -0.1662787 -0.9746325 0.1882049 -0.9298385 -0.316195 0.1882101 -0.9296098 -0.3168637 0.1881583 -0.9297901 -0.3163651 0.1868071 -0.9414823 -0.2805606 0.186807 -0.9414823 -0.2805606 0.1868071 -0.9414823 -0.2805606 0.1991351 -0.7617121 -0.6165549 0.1974404 -0.7621034 -0.6166165 0.1981114 -0.7616357 -0.616979 0.2001934 -0.8014752 -0.5635247 0.2001934 -0.8014753 -0.5635247 0.2001935 -0.8014753 -0.5635247 0.1850539 -0.4846661 -0.8549 0.1842994 -0.484805 -0.8549842 0.1848432 -0.48476 -0.8548923 0.1884042 -0.5162536 -0.8354556 0.1884043 -0.5162537 -0.8354557 0.1493135 -0.1641241 -0.9750737 0.149805 -0.1690449 -0.9741573 0.1489562 -0.1607888 -0.9756839 0.08700346 -0.06739467 -0.9939258 0.08700329 -0.06739467 -0.9939258 0.08700329 -0.06739461 -0.9939258 -0.3892768 -0.8658735 -0.3142084 -0.3892766 -0.8658735 -0.3142083 -0.3892767 -0.8658735 -0.3142084 0.06370109 -0.9172077 -0.3932841 -0.1176143 -0.9473268 -0.2978908 -0.1176143 -0.9473268 -0.2978909 -0.1176142 -0.9473268 -0.2978908 -0.1735448 -0.9363701 -0.3051119 -0.1735448 -0.93637 -0.3051122 -0.1735448 -0.93637 -0.3051122 0.01408511 -0.954477 -0.2979518 0.01408505 -0.9544771 -0.2979518 0.01408505 -0.9544771 -0.2979518 0.05224287 -0.8156424 -0.5761929 0.05214738 -0.8157167 -0.5760964 0.05220103 -0.8158717 -0.575872 0.05215638 -0.8158685 -0.5758805 0.09264272 -0.5288834 -0.843623 0.09261351 -0.5288861 -0.8436245 0.09245026 -0.5289005 -0.8436334 0.09258913 -0.528918 -0.8436071 0.1156746 -0.1717287 -0.9783296 0.1183038 -0.1685833 -0.9785622 0.11361 -0.1742522 -0.9781252 0.1132466 -0.1746419 -0.9780979 -0.5304967 -0.7877166 -0.3131706 -0.5301021 -0.7882836 -0.3124113 -0.5302765 -0.7880998 -0.312579 -0.5295392 -0.7887075 -0.3122963 -0.3866129 -0.667934 -0.6359204 -0.3866128 -0.667934 -0.6359204 -0.3866131 -0.667934 -0.6359203 -0.3986037 -0.6528512 -0.6441278 -0.3986037 -0.6528512 -0.6441277 -0.3986036 -0.6528511 -0.6441278 -0.1953024 -0.427608 -0.8826146 -0.1957666 -0.4268859 -0.8828611 -0.1957613 -0.4268875 -0.8828616 -0.1967722 -0.4255918 -0.8832623 -0.2339465 -0.9194182 -0.3161317 -0.2339466 -0.9194183 -0.3161314 -0.2339467 -0.9194183 -0.3161312 -0.3062633 -0.8641301 -0.3993522 -0.3062633 -0.8641301 -0.3993521 -0.3062632 -0.8641301 -0.3993521 -0.2358281 -0.7553746 -0.6113872 -0.2357934 -0.7553355 -0.6114489 -0.2357926 -0.7553384 -0.6114457 -0.2357975 -0.7552921 -0.611501 -0.09528392 -0.4895168 -0.8667724 -0.09541833 -0.4895724 -0.8667262 -0.0953955 -0.4895421 -0.8667458 -0.09540498 -0.4895017 -0.8667677 0.05247056 -0.1647688 -0.9849356 0.05247062 -0.1647688 -0.9849356 0.05247062 -0.1647688 -0.9849356 0.03866463 -0.1247438 -0.9914354 0.03866451 -0.1247437 -0.9914354 0.03866451 -0.1247437 -0.9914354 0.06200307 -0.2746912 -0.9595314 0.06200259 -0.2746912 -0.9595314 0.06200307 -0.2746912 -0.9595313 0.07240682 -0.05817461 -0.9956772 0.07390642 -0.05718004 -0.9956247 0.0707218 -0.0585035 -0.995779 0.0687707 -0.06092107 -0.9957707 -0.0390008 -0.1985598 -0.9793125 -0.03825938 -0.1980591 -0.9794431 -0.03857785 -0.1981774 -0.9794067 -0.04011338 -0.1993191 -0.9791133 -0.385605 -0.720642 -0.5761805 -0.3856052 -0.7206419 -0.5761806 -0.3720718 -0.5822653 -0.7228622 -0.2160137 -0.4113975 -0.8854888 -0.2138836 -0.4123146 -0.8855792 -0.2150606 -0.4121453 -0.885373 -0.2124938 -0.4273052 -0.8787814 -0.2124941 -0.4273052 -0.8787814 -0.212494 -0.4273052 -0.8787814 -0.110202 -0.285605 -0.9519902 -0.1102034 -0.2856041 -0.9519903 -0.1102043 -0.2856034 -0.9519904 -0.4189664 -0.6379149 -0.6461669 -0.4207851 -0.6361337 -0.646741 -0.4181444 -0.6379111 -0.646703 -0.5659961 -0.7615154 -0.3158209 -0.563868 -0.7641532 -0.3132458 -0.564906 -0.7622316 -0.3160451 -0.559046 -0.7636187 -0.323039 -0.5609023 -0.7650927 -0.3162622 -0.5612239 -0.7648167 -0.3163592 -0.420805 -0.6357315 -0.6471234 -0.4205371 -0.6356623 -0.6473655 -0.2160956 -0.4106325 -0.8858238 -0.216008 -0.4106357 -0.8858436 -0.03830945 -0.1980046 -0.9794523 -0.03831034 -0.1980052 -0.9794521 0.07392585 -0.05707031 -0.9956294 0.07392597 -0.05707377 -0.9956292 -0.02415871 0.7105796 -0.703202 -0.02415877 0.7105799 -0.7032017 -0.024163 0.7105959 -0.7031854 -0.02416306 0.7105962 -0.7031852 -0.4084482 0.5495777 -0.7287898 -0.4084707 0.5496633 -0.7287126 -0.4085092 0.5498095 -0.7285807 -0.4083467 0.5497314 -0.7287307 -0.01697194 -0.6975982 -0.7162882 -0.01697194 -0.6975982 -0.7162882 -0.01697194 -0.6975982 -0.7162882 0.1356842 -0.741911 -0.6566262 0.1356843 -0.741911 -0.6566262 0.1356843 -0.7419109 -0.6566262 0.01782786 -0.7175692 -0.696259 0.01782786 -0.7175695 -0.6962588 0.01782804 -0.7175687 -0.6962595 -0.2278253 -0.6501195 -0.7248726 -0.2278253 -0.6501195 -0.7248727 -0.1630053 -0.6941425 -0.7011387 -0.1630051 -0.6941424 -0.701139 -0.1630053 -0.6941425 -0.7011388 -0.3058179 -0.6119969 -0.729339 -0.3058177 -0.6119969 -0.729339 -0.3058179 -0.6119969 -0.729339 -0.4198911 -0.5391056 -0.7301073 -0.4198911 -0.5391055 -0.7301073 -0.4198912 -0.5391055 -0.7301073 -0.4599104 -0.4889644 -0.7412127 -0.4599104 -0.4889644 -0.7412127 -0.4599103 -0.4889644 -0.7412129 -0.5658993 -0.366347 -0.7386121 -0.5658994 -0.366347 -0.7386121 -0.5658992 -0.3663471 -0.7386122 -0.6374024 -0.1548716 -0.7548065 -0.6371865 -0.2008268 -0.7440846 -0.6371867 -0.2008269 -0.7440845 -0.6371867 -0.2008268 -0.7440845 -0.6652472 0.0721668 -0.7431273 -0.6652473 0.07216686 -0.7431273 -0.6652472 0.0721668 -0.7431273 -0.6308095 0.1896678 -0.7523998 -0.6308095 0.1896678 -0.7524 -0.6308094 0.1896678 -0.7523999 -0.6092058 0.2907033 -0.7378075 -0.6092058 0.2907033 -0.7378075 -0.6092058 0.2907033 -0.7378076 -0.4876795 0.4773234 -0.7309795 -0.4876796 0.4773235 -0.7309795 -0.4876796 0.4773235 -0.7309794 -0.4618794 0.4979235 -0.7339889 0.087924 -0.7015286 -0.7071967 0.087924 -0.7015285 -0.7071967 0.08792436 -0.7015277 -0.7071975 0.08792436 -0.7015277 -0.7071975 0.7472269 -0.07682931 -0.6601131 0.7472267 -0.07682937 -0.6601132 0.7472268 -0.07682937 -0.6601132 0.7533204 -0.127844 -0.6451081 0.7533205 -0.127844 -0.6451081 0.7533203 -0.127844 -0.6451081 0.7183222 -0.2063024 -0.664419 0.7183223 -0.2063024 -0.6644189 0.7183221 -0.2063024 -0.6644191 0.6499329 -0.3713099 -0.663111 0.6632375 -0.3618543 -0.6551164 0.6632375 -0.3618543 -0.6551164 0.6632375 -0.3618543 -0.6551164 0.4644709 -0.5648479 -0.6820658 0.5042413 -0.5571247 -0.6598128 0.5042413 -0.5571247 -0.6598128 0.2227222 -0.679674 -0.6988835 0.2227222 -0.6796739 -0.6988835 0.2227222 -0.6796739 -0.6988835 0.2714102 -0.6896311 -0.6713758 0.7498171 0.005094647 -0.6616255 0.7498173 0.005094647 -0.6616253 0.7498182 0.005094647 -0.6616243 0.7495018 0.005130469 -0.6619825 1 4.57683e-7 0 1 -5.97656e-7 0 0.09805411 0.007616758 -0.9951519 0.1369379 -0.003657341 -0.9905729 0.2082936 -0.037391 0.9773514 0.1370072 0.001197338 0.9905693 0.1370073 0.001197397 0.9905694 0.1370072 0.001197338 0.9905694 0.3739383 -0.01244479 0.9273701 0.3739383 -0.01244479 0.9273701 0.3739383 -0.01244479 0.9273701 0.1034312 -0.01510351 0.994522 0.1034312 -0.01510328 0.994522 0.1034312 -0.01510328 0.994522 0.0468707 -0.008596897 0.998864 0.0468707 -0.008596777 0.998864 0.0468707 -0.008596837 0.998864 0.008825361 -0.007800161 0.9999307 0.008825361 -0.007800102 0.9999307 0.008825361 -0.007799386 0.9999307 0.8039876 -0.1575744 0.5733886 0.8039875 -0.1575744 0.5733886 0.7955925 -0.07063478 0.6017004 0.7955926 -0.07063478 0.6017004 0.7955925 -0.07063478 0.6017004 0.7438332 -0.02882808 0.6677434 0.7438332 -0.02882808 0.6677434 0.7438332 -0.02882808 0.6677433 0.6732728 -0.006020009 0.7393697 0.4713289 -0.007710337 0.8819239 0.5449284 -0.129913 0.8283573 0.5449283 -0.129913 0.8283573 0.5449284 -0.1299129 0.8283573 0.481705 -0.06002098 0.8742756 0.5887284 -0.7989324 0.1229065 0.5887286 -0.7989324 0.1229059 0.5887283 -0.7989324 0.1229068 0.9148903 -0.3226049 0.242697 0.9148904 -0.3226048 0.2426968 0.9148905 -0.3226048 0.2426968 0.9462422 -0.06821477 0.3161844 0.9462422 -0.06821483 0.3161844 0.9462422 -0.06821477 0.3161844 0.9249983 -0.008229494 0.3798822 0.9249984 -0.008229434 0.3798821 0.9249984 -0.008229553 0.3798823 0.9032879 -2.51569e-4 0.4290348 0.903288 -2.51626e-4 0.4290348 0.903288 -2.51615e-4 0.4290348 0.9227075 0.002911508 -0.38549 0.9227075 0.002911508 -0.38549 0.9227075 0.002911508 -0.38549 0.9397224 -0.04227495 -0.3393152 0.9452363 -0.1187681 -0.3040108 0.9452362 -0.1187681 -0.3040112 0.9452362 -0.1187681 -0.3040112 0.9311196 -0.2449662 -0.2701998 0.9311196 -0.2449662 -0.2701995 0.9311196 -0.2449662 -0.2701999 0.8664243 -0.4437971 -0.2288083 0.8664243 -0.4437969 -0.2288083 0.8664246 -0.443797 -0.2288076 0.5891562 -0.7965787 -0.1354902 0.5891564 -0.7965785 -0.1354897 0.5891564 -0.7965785 -0.1354895 0.9980823 4.9963e-4 -0.06189966 0.9980823 4.99692e-4 -0.06189966 0.9980823 4.99648e-4 -0.06189966 0.9981049 0.001481115 0.06151747 0.9981049 0.001481294 0.06151765 0.9981049 0.001481175 0.06151747 0.6913751 0.002202808 -0.7224927 0.6913752 0.002202868 -0.7224926 0.6913751 0.002202808 -0.7224927 0.7687421 -0.04049897 -0.6382755 0.7687421 -0.04049897 -0.6382755 0.768742 -0.04049897 -0.6382755 0.7908707 -0.1220254 -0.5996944 0.7908707 -0.1220254 -0.5996944 0.7908707 -0.1220254 -0.5996944 0.8610334 -0.02339661 -0.50801 0.8610334 -0.02339679 -0.5080099 0.8610334 -0.02339667 -0.50801 0.8993628 0.003398954 -0.43719 0.8993628 0.003398597 -0.43719 0.8993628 0.003398656 -0.43719 0.2240787 0.006500005 -0.9745494 0.2240787 0.006499946 -0.9745495 0.2240787 0.006499767 -0.9745494 0.3184403 0.009001314 -0.9479002 0.3184403 0.009001255 -0.9479002 0.3184403 0.009001255 -0.9479002 0.400595 -0.009984493 -0.9162009 0.400595 -0.009984493 -0.9162009 0.400595 -0.009984552 -0.9162009 0.4478808 -0.03057616 -0.8935704 0.4478808 -0.03057593 -0.8935703 0.4478808 -0.0305761 -0.8935704 0.5115168 -0.07261103 -0.8561999 0.5115167 -0.07261109 -0.8561999 0.5115168 -0.07261097 -0.8561999 0.4712259 -0.01819831 -0.8818249 0.471226 -0.01819831 -0.8818249 0.4712259 -0.01819831 -0.8818248 0.6323096 0.006000399 -0.7746927 0.6323096 0.006000518 -0.7746926 0.6323096 0.006000578 -0.7746927 0.6581125 0.006031274 -0.7528955 -0.1371531 -0.007689297 0.9905201 -0.1371531 -0.007689297 0.99052 -0.1371531 -0.007689356 0.9905201 -0.06157678 -0.03338992 0.9975438 -0.06157678 -0.03338992 0.9975438 -0.06157678 -0.03338992 0.9975438 -0.06521266 0.007798731 -0.997841 -0.0652126 0.007798731 -0.997841 -0.0652126 0.007798731 -0.997841 -0.1371402 -0.002138853 -0.9905495 -0.1371402 -0.002138853 -0.9905494 -0.1371402 -0.002138853 -0.9905495 -0.1954305 0.006701529 -0.9806947 -0.1954305 0.006701529 -0.9806947 -0.1954305 0.006701529 -0.9806947 -0.2645269 0.00750041 -0.9643492 -0.2645269 0.007500886 -0.9643492 -0.2645269 0.007500529 -0.9643492 -0.3902606 0.007297158 -0.9206755 -0.3902606 0.007297158 -0.9206755 -0.3902606 0.007297158 -0.9206755 -0.4712549 -0.01071071 -0.8819321 -0.564051 0.003828406 -0.8257311 -0.8001774 -0.008022427 -0.5997099 -0.742214 -0.02680242 -0.6696269 -0.742214 -0.02680277 -0.6696267 -0.742214 -0.02680242 -0.6696269 -0.7971994 -0.008579552 -0.6036551 -0.693975 0.005637764 -0.719977 -0.693975 0.005637764 -0.719977 -0.6939751 0.005637764 -0.719977 -0.6339314 0.006000161 -0.773366 -0.6339314 0.005999982 -0.773366 -0.6339314 0.006000339 -0.773366 -0.9768292 0.001966238 -0.2140117 -0.9915162 -0.02545601 -0.1274657 -0.9511392 -0.001396119 -0.3087592 -0.9511393 -0.001396119 -0.3087592 -0.9511393 -0.001396059 -0.3087592 -0.9205289 0.003002643 -0.3906631 -0.9205289 0.003006935 -0.3906629 -0.9205288 0.003002643 -0.390663 -0.8814675 0.003701388 -0.47223 -0.8814676 0.003701269 -0.4722301 -0.8814676 0.00370115 -0.4722301 -0.8773946 -0.003784358 0.4797547 -0.9204984 -0.003002047 0.3907348 -0.9204983 -0.003008902 0.390735 -0.9204984 -0.003001987 0.3907348 -0.9767723 -0.009523928 0.2140684 -0.9767943 -0.009497761 0.2139694 -0.9767761 -0.009519457 0.2140516 -0.9767993 -0.009491801 0.2139467 -0.9995267 -2.17588e-4 0.03076243 -0.9995267 -2.17621e-4 0.03076243 -0.9995267 -2.17618e-4 0.03076243 -0.6343131 -0.006069958 0.7730525 -0.6849892 -0.005605459 0.7285317 -0.6849892 -0.005605459 0.7285317 -0.6849892 -0.005605518 0.7285317 -0.7972143 -0.01621091 0.6034788 -0.7823908 -0.02206146 0.622397 -0.8394355 -0.01130533 0.5433417 -0.8394355 -0.01130533 0.5433417 -0.8394355 -0.01130533 0.5433417 -0.09475153 -0.0248934 0.9951897 -0.09475153 -0.02489346 0.9951897 -0.09475153 -0.02489352 0.9951897 -0.2047867 -0.004581212 0.978796 -0.2047867 -0.004581272 0.978796 -0.2047867 -0.004581272 0.978796 -0.4713196 -0.01376503 0.8818551 -0.426498 -0.03143966 0.9039421 -0.5639783 -0.00902009 0.8257404 -0.01018172 -0.9228969 0.3849126 -0.01018178 -0.9228969 0.3849126 -0.0101816 -0.922897 0.3849124 -0.5806254 -0.814086 -0.011756 -0.5806255 -0.8140859 -0.01175594 -0.5806254 -0.814086 -0.011756 -0.4857171 -0.8717402 0.06440466 -0.4857171 -0.8717402 0.06440448 -0.4857172 -0.8717402 0.06440478 0.8102267 -0.1576737 0.5645101 0.8102268 -0.1576737 0.5645099 0.8102267 -0.1576737 0.5645101 0.8222988 -0.104859 0.5593114 0.8222988 -0.104859 0.5593116 0.8222988 -0.104859 0.5593115 0.6960169 -0.3882631 0.603997 0.6960169 -0.3882632 0.6039969 0.6960168 -0.3882632 0.6039969 0.7407959 -0.3289037 0.5856995 0.740796 -0.3289043 0.5856992 0.7407958 -0.3289037 0.5856996 0.5354124 -0.5933988 0.6010088 0.5354121 -0.5933987 0.6010091 0.6276885 -0.5128045 0.5856952 0.6276888 -0.5128046 0.5856946 0.6276888 -0.5128046 0.5856947 0.3375154 -0.7581003 0.558003 0.3375154 -0.7581005 0.5580028 0.3375154 -0.7581004 0.5580028 0.5737898 -0.1492084 0.8052963 0.5737898 -0.1492086 0.8052963 0.5737895 -0.1492084 0.8052965 0.6450967 0.06014955 0.7617298 0.6450967 0.06014955 0.7617298 0.6450967 0.06014955 0.7617299 0.6268075 -0.1023206 0.7724267 0.6268073 -0.1023204 0.7724268 0.6268073 -0.1023204 0.7724268 -0.5601405 -0.8264989 0.05605608 -0.5601404 -0.8264989 0.05605608 -0.5601404 -0.8264989 0.05605614 -0.4518882 -0.8808338 0.14117 -0.451888 -0.8808338 0.14117 -0.4518881 -0.8808339 0.14117 -0.4712321 -0.8658096 0.1682684 -0.4712321 -0.8658095 0.1682684 -0.4712324 -0.8658093 0.1682686 -0.4837871 -0.8607672 0.158209 -0.483787 -0.8607671 0.158209 -0.483787 -0.8607672 0.158209 -0.5172274 -0.8362286 0.1822028 -0.5172274 -0.8362286 0.1822029 -0.5172274 -0.8362286 0.1822028 0.4357007 -0.3491609 0.8296094 0.4357007 -0.3491608 0.8296093 0.4357007 -0.3491608 0.8296093 0.4803072 -0.3051875 0.822293 0.4803074 -0.3051877 0.8222928 0.4803074 -0.3051877 0.8222927 0.2797673 -0.5340041 0.7978534 0.2797672 -0.534004 0.7978534 0.3227166 -0.5018101 0.8025214 0.3227166 -0.50181 0.8025215 0.1068109 -0.6869754 0.7187881 0.1068109 -0.6869753 0.7187882 0.1068109 -0.6869753 0.7187882 0.1445875 -0.6665847 0.7312724 0.144587 -0.6665843 0.7312729 0.1445871 -0.6665844 0.7312728 -0.164807 -0.8355728 0.5240771 -0.1648069 -0.8355728 0.5240771 -0.164807 -0.8355728 0.5240771 -0.01446384 -0.8100981 0.5861159 -0.01446378 -0.8100982 0.5861159 -0.01446378 -0.8100982 0.5861158 -0.2273159 -0.860996 0.4549874 -0.2273159 -0.860996 0.4549875 -0.227316 -0.8609958 0.4549877 0.4170836 -0.716486 0.5591861 0.4170837 -0.7164862 0.5591859 0.4170839 -0.7164864 0.5591855 0.2193083 -0.8401713 0.496 0.219308 -0.8401714 0.4960001 0.2193083 -0.8401714 0.4959999 0.1331168 -0.8816082 0.4528211 0.1331167 -0.8816082 0.4528212 0.1331168 -0.8816083 0.4528211 -0.1117156 -0.9260758 0.360421 -0.1117157 -0.9260758 0.3604211 -0.1117157 -0.9260758 0.3604211 0.4304025 -0.1366263 0.892237 0.4304025 -0.1366264 0.8922371 0.4303833 -0.136612 0.8922486 0.4802144 -0.08199083 0.8733108 0.4802145 -0.08199095 0.8733108 0.4802144 -0.08199083 0.8733108 0.2927042 -0.3332545 0.896251 0.2927043 -0.3332545 0.896251 0.2927043 -0.3332545 0.896251 0.3464158 -0.2852796 0.8936508 0.3464157 -0.2852796 0.8936508 0.1410672 -0.5063341 0.8507207 0.1410672 -0.5063341 0.8507208 0.1410673 -0.5063343 0.8507207 0.1905792 -0.4703004 0.8616828 0.1905792 -0.4703004 0.8616827 0.1905792 -0.4703005 0.8616828 -0.01369726 -0.649625 0.7601314 -0.01369732 -0.649625 0.7601316 -0.01369732 -0.649625 0.7601316 0.02457261 -0.6280763 0.7777637 -0.172392 -0.7600127 0.6266274 -0.1723922 -0.7600126 0.6266275 -0.1723919 -0.7600128 0.6266272 -0.2393954 -0.7811999 0.5765557 -0.2393954 -0.7811999 0.5765557 -0.2393955 -0.7811999 0.5765557 -0.3268749 -0.8296386 0.4526066 -0.3237908 -0.833287 0.4480987 -0.3268275 -0.8296704 0.4525824 -0.4606568 -0.8496689 0.2566282 -0.460657 -0.8496689 0.2566283 -0.4606568 -0.8496689 0.2566282 0.6925949 -0.1492229 0.705723 0.692595 -0.1492229 0.7057229 0.6925948 -0.1492228 0.7057231 0.7249236 -0.09780865 0.68185 0.7249237 -0.09780865 0.6818498 0.7249236 -0.09780865 0.68185 0.5713241 -0.3693765 0.7329051 0.5713239 -0.3693764 0.7329053 0.5713239 -0.3693764 0.7329053 0.6088287 -0.327728 0.7224416 0.6088514 -0.3277437 0.7224154 0.6088287 -0.3277279 0.7224417 0.4134148 -0.5655733 0.7135931 0.4134148 -0.5655733 0.7135931 0.4134148 -0.5655733 0.713593 0.4517618 -0.535311 0.7136901 0.4517619 -0.5353111 0.7136899 0.4517619 -0.5353112 0.7136899 0.2287034 -0.7257856 0.6487913 0.2287034 -0.7257854 0.6487914 0.2287032 -0.7257854 0.6487916 0.2643024 -0.70679 0.6561952 0.2643026 -0.7067902 0.6561951 0.2643027 -0.7067903 0.6561948 0.02902173 -0.8394142 0.5427168 0.02902179 -0.8394144 0.5427166 0.02902179 -0.8394143 0.5427168 0.05873274 -0.830501 0.5539121 0.0587328 -0.8305011 0.5539119 0.05873274 -0.830501 0.5539121 -0.1728871 -0.8992448 0.4018319 -0.172887 -0.8992448 0.4018319 -0.172887 -0.8992449 0.4018318 -0.1509248 -0.8979311 0.4134507 -0.4444827 -0.8821704 0.155597 -0.4444825 -0.8821706 0.1555967 -0.4444826 -0.8821706 0.1555969 -0.4224608 -0.8975923 0.1259166 -0.4224607 -0.8975923 0.1259166 -0.4224608 -0.8975923 0.1259166 -0.2861243 -0.9431928 0.1688797 -0.2861243 -0.9431928 0.1688796 -0.2861243 -0.9431928 0.1688797 -0.9196426 -0.2405894 -0.3104421 -0.9196426 -0.2405893 -0.3104422 -0.9196426 -0.2405894 -0.3104422 -0.6844012 -0.7288161 -0.02054876 -0.6845079 -0.7287144 -0.02059853 -0.6843971 -0.7288202 -0.02054238 -0.01501899 -0.9997932 0.01371639 -0.01455205 -0.999778 0.015239 -0.01236367 -0.9998963 0.007392823 -0.03768986 -0.9985476 0.03849893 -0.03768992 -0.9985477 0.03849887 -0.03769004 -0.9985476 0.0384984 -0.00967592 -0.9997652 0.01939225 -0.3513969 -0.925715 0.1398998 -0.3513968 -0.9257151 0.1398999 -0.3513969 -0.925715 0.1398999 -0.4418157 -0.885715 0.1425053 -0.4418156 -0.885715 0.1425057 -0.4418157 -0.8857151 0.1425055 -0.6469156 -0.727426 0.2288051 -0.6469156 -0.7274259 0.228805 -0.6469155 -0.727426 0.2288053 -0.6917144 -0.6848993 0.2290069 -0.6917145 -0.6848993 0.2290067 -0.6917144 -0.6848993 0.2290068 -0.9513023 -0.2230477 0.2127762 -0.9714351 -0.1303267 0.1983153 -0.9714351 -0.1303268 0.1983152 -0.9714351 -0.1303268 0.1983153 -0.9908643 -0.1314686 0.0300669 -0.9908643 -0.1314685 0.0300669 -0.9908643 -0.1314687 0.03006708 -0.6843115 -0.7289015 -0.02050167 -0.3754357 -0.9267014 -0.01651215 -0.3754385 -0.9266985 -0.01661229 -0.3753075 -0.9267526 -0.0165522 -0.3750868 -0.9268429 -0.01649665 -0.9813281 0.1487776 -0.1219042 -0.981328 0.1487776 -0.1219044 -0.981328 0.1487776 -0.1219041 -0.986077 -0.1331972 -0.09955257 -0.9860771 -0.1331972 -0.09955257 -0.986077 -0.1331973 -0.09955275 -0.9585402 -0.1289145 -0.2541295 -0.9585402 -0.1289145 -0.2541295 -0.8483996 -0.4264505 -0.313621 -0.8483996 -0.4264506 -0.3136211 -0.8483995 -0.4264506 -0.3136212 -0.7404916 -0.6241187 -0.2492951 -0.7404916 -0.6241187 -0.2492952 -0.6399094 -0.7238829 -0.2578945 -0.6399094 -0.7238829 -0.2578945 -0.6399094 -0.7238829 -0.2578945 -0.5668368 -0.7933833 -0.2218988 -0.5668368 -0.7933832 -0.221899 -0.5668368 -0.7933833 -0.2218987 -0.3910841 -0.9056419 -0.1639093 -0.3910841 -0.9056419 -0.1639093 -0.3910841 -0.9056419 -0.1639093 -0.3464564 -0.9233883 -0.1652938 -0.3464564 -0.9233883 -0.1652938 -0.3464564 -0.9233884 -0.1652937 -0.1656706 -0.9815956 -0.09499186 -0.8984998 -0.4281237 -0.09699618 -0.8984999 -0.4281238 -0.09699618 -0.8984997 -0.4281237 -0.0969963 -0.6525083 -0.7575098 -0.02030044 -0.6525082 -0.7575098 -0.02030068 -0.6525083 -0.7575098 -0.02030032 -0.8856485 -0.4318016 -0.1708049 -0.8856484 -0.4318016 -0.1708049 -0.8856484 -0.4318016 -0.1708049 -0.6712263 -0.7276944 -0.1411249 -0.6723034 -0.726587 -0.1417024 -0.6713286 -0.7275965 -0.1411427 -0.6706324 -0.7283224 -0.140708 -0.3668673 -0.9256987 -0.09214365 -0.3674293 -0.9254136 -0.09276682 -0.3669958 -0.9257273 -0.09134143 -0.3657743 -0.9261759 -0.09169161 0.04309082 -0.9985091 -0.03351032 0.04309099 -0.9985091 -0.0335105 0.04309058 -0.9985091 -0.03351014 0.02145367 -0.9982525 -0.05506205 0.02145373 -0.9982525 -0.05506211 -0.007047891 -0.9990469 -0.04307967 -0.01017719 -0.999109 -0.04096019 -0.01387631 -0.9992336 -0.0366013 -0.0103802 -0.9994813 -0.03048831 -0.0525099 -0.9982499 -0.0272023 -0.0525099 -0.9982499 -0.0272023 -0.0525099 -0.9982499 -0.02720218 -0.00778383 -0.9999179 -0.0101791 -0.00778383 -0.9999179 -0.01017904 -0.00778383 -0.9999179 -0.0101791 -0.0261113 -0.9995862 0.01206803 -0.0261113 -0.9995862 0.01206803 -0.0261113 -0.9995862 0.01206803 -0.3696717 -0.9272831 0.05906796 -0.3709324 -0.9267707 0.05920654 -0.3698441 -0.9271973 0.05933433 -0.3693421 -0.9273846 0.05953389 -0.6766209 -0.7294344 0.1005464 -0.6772897 -0.7288338 0.1003997 -0.6767141 -0.7293441 0.1005752 -0.6757829 -0.7301899 0.1006982 -0.8927754 -0.4319333 0.1280072 -0.8927754 -0.4319333 0.1280071 -0.8927754 -0.4319332 0.1280071 -0.6245096 -0.75203 0.2108048 -0.6245095 -0.7520299 0.2108055 -0.6245098 -0.75203 0.2108043 -0.8339416 -0.5122015 0.2054045 -0.8339417 -0.5122015 0.2054042 -0.8339417 -0.5122015 0.2054044 0.1633031 -0.4646007 0.8703324 0.1633032 -0.4646007 0.8703324 0.1633032 -0.4646007 0.8703324 0.138801 -0.3074055 0.9414013 0.1388213 -0.3074013 0.9413995 0.1388009 -0.3074055 0.9414013 0.17999 -0.6306021 0.7549468 0.1799901 -0.630602 0.7549468 0.1978248 -0.8327336 0.5171269 0.1968484 -0.834897 0.5140019 0.1956063 -0.8375933 0.5100743 0.1869213 -0.9731936 0.1339956 0.1871613 -0.9728831 0.1359015 0.1868186 -0.9731948 0.1341293 0.4664901 -0.1810687 0.8657951 0.4664981 -0.1810669 0.8657912 0.4664902 -0.1810687 0.865795 0.2992134 -0.213815 0.9299218 0.2992134 -0.213815 0.9299218 0.2992134 -0.213815 0.9299219 0.2959298 -0.2410795 0.924287 0.2959297 -0.2410795 0.924287 0.2959296 -0.2410795 0.9242869 0.09758692 -0.1649487 0.9814627 0.09758687 -0.1649486 0.9814626 0.09758687 -0.1649486 0.9814627 0.09779679 -0.1138436 0.9886736 0.09779691 -0.1138436 0.9886736 0.09779697 -0.1138436 0.9886736 0.6008101 -0.1245758 0.7896254 0.6008102 -0.1245757 0.7896254 0.6008102 -0.1245758 0.7896253 0.6173929 -0.1906949 0.7631917 0.6173929 -0.190695 0.7631917 0.617393 -0.190695 0.7631916 0.4644063 -0.196217 0.863612 0.4644065 -0.196217 0.863612 0.4644064 -0.196217 0.863612 0.6768057 -0.1908005 0.7110058 0.6768059 -0.1908005 0.7110056 0.676806 -0.1908006 0.7110056 0.7549837 -0.171983 0.6327887 0.7549836 -0.171983 0.6327888 0.7549839 -0.171983 0.6327885 0.7506392 -0.1956724 0.631073 0.7506393 -0.1956724 0.6310731 0.7506392 -0.1956723 0.6310731 0.8633928 -0.169107 0.475348 0.8595618 -0.1885281 0.4749851 0.8595603 -0.1885284 0.4749876 0.8595618 -0.1885281 0.4749851 0.9384978 -0.1780831 0.295818 0.9405143 -0.168671 0.2949286 0.9396057 -0.1729278 0.2953594 0.9378832 -0.1813285 0.2957959 0.9801877 -0.1711576 0.09968459 0.9804285 -0.1698821 0.09949976 0.98034 -0.1701607 0.09989494 0.9795887 -0.1743149 0.1001018 0.9798455 -0.1719115 -0.1017319 0.9797353 -0.1727341 -0.1013988 0.9799386 -0.1713675 -0.1017531 0.9803693 -0.1684964 -0.1023967 0.9395042 -0.1675638 -0.2987543 0.9388405 -0.1768655 -0.2954608 0.9389927 -0.1739324 -0.296716 0.9397648 -0.1644881 -0.299643 0.8616905 -0.1809504 -0.4740745 0.8616905 -0.1809504 -0.4740744 0.8616905 -0.1809504 -0.4740744 0.8613687 -0.1628267 -0.4811773 0.8613688 -0.1628267 -0.481177 0.8613689 -0.1628267 -0.4811769 0.7543612 -0.1853114 -0.629761 0.7543616 -0.1853112 -0.6297606 0.7543615 -0.1853113 -0.6297608 0.751632 -0.162992 -0.6391267 0.751632 -0.162992 -0.6391268 0.7516319 -0.162992 -0.6391269 0.6771103 -0.1796494 -0.713616 0.6771104 -0.1796494 -0.7136158 0.6771103 -0.1796494 -0.713616 0.6150032 -0.1234235 -0.7788054 0.6150033 -0.1234235 -0.7788053 0.6150031 -0.1234235 -0.7788054 0.6070017 -0.1673308 -0.7768844 0.6070018 -0.1673308 -0.7768843 0.6070018 -0.1673308 -0.7768844 0.47189 -0.1940004 -0.8600488 0.4718899 -0.1940006 -0.8600487 0.4718899 -0.1940005 -0.8600488 0.4634124 -0.1681833 -0.8700365 0.4634118 -0.1681835 -0.8700367 0.4634119 -0.1681835 -0.8700367 0.3065878 -0.1981824 -0.9309822 0.3065881 -0.1981823 -0.9309821 0.306588 -0.1981823 -0.9309821 0.2958884 -0.1721878 -0.9395753 0.295888 -0.1721879 -0.9395753 0.2958879 -0.172188 -0.9395753 0.1312227 -0.2023298 -0.9704861 0.1312226 -0.2023299 -0.9704861 0.1312226 -0.2023299 -0.9704861 0.1191948 -0.1768842 -0.9769875 0.1191945 -0.1768844 -0.9769876 0.1191944 -0.1768844 -0.9769876 0.1628013 -0.5751011 0.8017197 0.1628014 -0.575101 0.8017197 0.3245018 -0.545688 0.7726081 0.3245019 -0.545688 0.7726081 0.3245017 -0.545688 0.7726082 0.3199008 -0.5622206 0.7626083 0.3199008 -0.5622207 0.7626083 0.319901 -0.5622207 0.7626082 0.4621858 -0.5341253 0.7078803 0.4621858 -0.5341253 0.7078803 0.4621858 -0.5341253 0.7078802 0.4563213 -0.5501835 0.6993347 0.4563215 -0.5501835 0.6993346 0.4563214 -0.5501835 0.6993346 0.5856091 -0.523092 0.6192227 0.5856093 -0.523092 0.6192227 0.5788224 -0.5381882 0.6126322 0.5788224 -0.5381881 0.6126322 0.5788226 -0.538188 0.612632 0.6910158 -0.5133346 0.5089055 0.6910157 -0.5133345 0.5089057 0.691016 -0.5133346 0.5089052 0.6840903 -0.5267897 0.5044929 0.6840904 -0.5267896 0.5044929 0.6840903 -0.5267897 0.504493 0.7699763 -0.514279 0.3776956 0.7751068 -0.5056836 0.3788058 0.7736692 -0.5078522 0.3788432 0.769066 -0.5163007 0.3767905 0.8311435 -0.5051604 0.2324079 0.833862 -0.5004246 0.2329151 0.8320195 -0.5049042 0.229816 0.8297322 -0.50738 0.2326155 0.8627578 -0.499787 0.07656461 0.863573 -0.4984024 0.07639914 0.8626689 -0.4999412 0.07655775 0.8621622 -0.5007935 0.07669758 0.8625494 -0.4989506 -0.08400475 0.8622337 -0.4995799 -0.08350467 0.8629997 -0.4980493 -0.0847249 0.8635159 -0.4972341 -0.08425426 0.8324748 -0.4989401 -0.2409245 0.8302894 -0.5036755 -0.2386015 0.8312454 -0.5015949 -0.2396535 0.8333683 -0.4969764 -0.241892 0.7728245 -0.5021359 -0.3880749 0.7703841 -0.510181 -0.3823922 0.771455 -0.5069062 -0.384582 0.7738135 -0.500122 -0.388704 0.6864096 -0.5184897 -0.5099121 0.6864094 -0.5184898 -0.5099123 0.6864097 -0.5184897 -0.5099119 0.6887783 -0.5061956 -0.51899 0.6887784 -0.5061956 -0.5189899 0.6887784 -0.5061956 -0.5189899 0.58204 -0.5280348 -0.6183922 0.58204 -0.5280348 -0.6183921 0.5820399 -0.5280348 -0.6183922 0.5824102 -0.514307 -0.6295131 0.5824102 -0.514307 -0.6295132 0.5824103 -0.514307 -0.629513 0.4606035 -0.5386009 -0.7055165 0.4606034 -0.5386009 -0.7055165 0.4606034 -0.538601 -0.7055165 0.4584051 -0.5239232 -0.7178922 0.4584049 -0.5239233 -0.7178923 0.4584051 -0.5239232 -0.7178923 0.3248949 -0.5495966 -0.7696668 0.3248948 -0.5495966 -0.7696668 0.3248951 -0.5495965 -0.7696668 0.320187 -0.5345579 -0.7821305 0.3201867 -0.534558 -0.7821305 0.3201869 -0.5345579 -0.7821306 0.1783068 -0.5605247 -0.8087142 0.1783068 -0.5605247 -0.8087142 0.1783069 -0.5605247 -0.8087142 0.1711958 -0.5455034 -0.8204377 0.1711958 -0.5455034 -0.8204377 0.1711959 -0.5455034 -0.8204378 0.1952022 -0.8391294 0.5076988 0.2899504 -0.8253244 0.4845292 0.2961915 -0.820412 0.4890754 0.2943915 -0.8213408 0.4886032 0.2923718 -0.8264995 0.4810585 0.3833774 -0.8117001 0.4406415 0.3862897 -0.8078856 0.4450855 0.3856284 -0.8092311 0.4432107 0.3817077 -0.8135932 0.4385949 0.4622551 -0.7997922 0.3829526 0.4657682 -0.795996 0.3865885 0.466098 -0.7962953 0.385573 0.4609575 -0.8011128 0.3817544 0.5298758 -0.7881456 0.3131429 0.5328741 -0.785265 0.3152841 0.5326996 -0.7865499 0.3123629 0.5281122 -0.7896955 0.3122159 0.5831644 -0.7786008 0.2317333 0.5858009 -0.7763295 0.2327015 0.5849789 -0.776995 0.2325475 0.5818248 -0.7797611 0.2311983 0.6203912 -0.7715495 0.1408054 0.6225281 -0.7696843 0.1415799 0.6213687 -0.7707076 0.1411059 0.6196725 -0.7721097 0.1408991 0.6403533 -0.7668216 0.04395723 0.6407731 -0.7664743 0.04389685 0.6403643 -0.7668128 0.04395413 0.6399114 -0.767188 0.04400247 0.6403418 -0.7660739 -0.05561715 0.6398787 -0.7664766 -0.05539762 0.6402928 -0.7661164 -0.05559647 0.6407332 -0.765733 -0.05580377 0.6205216 -0.7691696 -0.1527455 0.6199185 -0.7697818 -0.1521095 0.620586 -0.7691176 -0.1527456 0.6220275 -0.7677565 -0.1537269 0.5848237 -0.773391 -0.2446375 0.582322 -0.776042 -0.2421983 0.5831208 -0.7752927 -0.2426755 0.5851833 -0.7728167 -0.2455908 0.5310471 -0.7816975 -0.3270139 0.5291837 -0.7845928 -0.3230773 0.5301346 -0.7831283 -0.3250653 0.5318904 -0.7805377 -0.3284109 0.4617164 -0.7947232 -0.3939964 0.4624136 -0.7948969 -0.3928267 0.462803 -0.7937161 -0.3947509 0.4644997 -0.7902836 -0.3996147 0.3841208 -0.8026084 -0.4563673 0.3837534 -0.8063465 -0.450043 0.3838461 -0.8050771 -0.4522315 0.3844975 -0.8011555 -0.4585974 0.2939881 -0.8142536 -0.5005619 0.2949979 -0.8184623 -0.4930475 0.294661 -0.8171505 -0.4954191 0.2938756 -0.813242 -0.5022694 0.1952124 -0.8266413 -0.5277843 0.1980678 -0.8307229 -0.5202583 0.1968804 -0.8297026 -0.5223331 0.1950244 -0.8252143 -0.5300821 0.1864028 -0.9734157 0.133101 0.2207806 -0.9671413 0.1260697 0.221113 -0.9669795 0.1267271 0.2208341 -0.9671136 0.1261889 0.2204982 -0.9672795 0.1255034 0.2517037 -0.9611371 0.1134061 0.2516735 -0.9611383 0.1134618 0.2516816 -0.961149 0.1133535 0.2517161 -0.9611401 0.1133524 0.2786681 -0.9554499 0.09726053 0.2784111 -0.9555754 0.09676343 0.2788001 -0.9554324 0.09705364 0.2790818 -0.9553275 0.09727716 0.3014551 -0.9503179 0.0775932 0.300846 -0.9505404 0.07723176 0.3012429 -0.9503698 0.07778316 0.3020496 -0.950109 0.07784014 0.319391 -0.9459932 0.05555516 0.318515 -0.946318 0.05505216 0.3194035 -0.9459893 0.05554914 0.3198997 -0.9458129 0.05569893 0.3316211 -0.9428933 0.03130167 0.3309921 -0.9431176 0.03120028 0.3314465 -0.9429629 0.03105318 0.3321065 -0.9427198 0.03138208 0.3378289 -0.9411907 0.005632996 0.3377317 -0.9412255 0.005640208 0.3379989 -0.9411292 0.005721151 0.3380813 -0.9410998 0.005704581 0.3379095 -0.9409578 -0.02039277 0.3381615 -0.9408644 -0.02051776 0.3378863 -0.940967 -0.02034801 0.3377028 -0.941034 -0.02029925 0.3316606 -0.9422807 -0.04591882 0.3320775 -0.9421206 -0.04619097 0.3316329 -0.9422907 -0.04591202 0.3311026 -0.9424922 -0.04560154 0.3193493 -0.9450294 -0.07025372 0.319803 -0.9448429 -0.07069694 0.319311 -0.9450434 -0.07023972 0.3186952 -0.9452913 -0.06969785 0.3015472 -0.9489641 -0.09239387 0.3019132 -0.9487973 -0.09291058 0.3015207 -0.9489743 -0.09237396 0.3010624 -0.9491785 -0.09176993 0.2787886 -0.9538133 -0.1118806 0.2790027 -0.953701 -0.1123033 0.2787995 -0.953808 -0.1118981 0.2785773 -0.9539218 -0.1114812 0.2517328 -0.9592533 -0.1283116 0.251666 -0.9592814 -0.1282321 0.2517335 -0.9592531 -0.1283108 0.2517849 -0.9592342 -0.1283519 0.2208677 -0.96503 -0.1411903 0.2207998 -0.9651561 -0.1404324 0.2210252 -0.9649685 -0.1413643 0.2208619 -0.9649557 -0.1417056 0.186614 -0.9709185 -0.1499753 0.187018 -0.9711321 -0.1480767 0.1860259 -0.9712177 -0.1487632 0.1865729 -0.9707875 -0.1508716 -0.04667174 -0.9035053 -0.4260281 -0.04667174 -0.9035053 -0.4260281 -0.04667174 -0.9035054 -0.4260281 -0.2980414 -0.7155767 0.6317605 -0.3005111 -0.7133662 0.6330891 -0.2943186 -0.7191398 0.6294558 -0.7137321 0.2098972 0.6682288 -0.7137324 0.2098973 0.6682286 -0.7137319 0.2098972 0.6682291 -0.9717572 -0.1336385 0.1944963 -0.9717571 -0.1336385 0.1944965 -0.9717571 -0.1336384 0.1944967 -0.7701503 -0.1203935 -0.6263976 -0.7701503 -0.1203934 -0.6263977 -0.1861686 -0.9196874 0.3457113 -0.1838784 -0.9206415 0.3443954 -0.1886599 -0.9186327 0.3471619 0.0503894 -0.6533967 0.7553368 0.05038952 -0.6533967 0.7553368 0.05038958 -0.6533967 0.7553368 -0.4591076 0.06891411 0.8857038 -0.4591077 0.06891405 0.8857038 -0.4591077 0.06891411 0.8857038 -0.2472041 -0.9162957 -0.3151067 -0.2430804 -0.9190641 -0.3102147 -0.2460011 -0.9171573 -0.313538 -0.2431508 -0.9192866 -0.3094994 -0.3317044 -0.9245282 -0.18767 -0.3345368 -0.9231525 -0.1894062 -0.3351269 -0.9230669 -0.1887793 -0.3351937 -0.9227101 -0.1903973 -0.3588746 -0.9258929 -0.1180322 -0.3603391 -0.9252345 -0.1187303 -0.3608494 -0.9250947 -0.1182692 0.009036481 -0.9982439 0.05854547 0.01145315 -0.9982694 0.05768018 0.006832063 -0.9982138 0.05935215 -0.2345682 -0.1055582 -0.9663516 -0.2345682 -0.1055582 -0.9663516 -0.2345682 -0.1055582 -0.9663515 -0.2178947 0.2259036 -0.949468 -0.2178949 0.2259036 -0.949468 -0.2178946 0.2259036 -0.949468 -0.4660824 0.178906 -0.866464 -0.4660825 0.178906 -0.866464 -0.4660823 0.178906 -0.8664641 -0.5459185 -0.1163203 -0.8297244 -0.5459186 -0.1163202 -0.8297244 -0.5459189 -0.1163201 -0.8297243 -0.6037118 -0.1245083 -0.7874197 -0.6037121 -0.1245084 -0.7874194 -0.6037121 -0.1245084 -0.7874194 -0.7233794 0.1485278 -0.6742862 -0.7233788 0.1485276 -0.6742868 -0.723379 0.1485277 -0.6742866 -0.919957 -0.02851545 -0.3909809 -0.9199568 -0.02851545 -0.3909814 -0.919957 -0.02851545 -0.3909808 -0.9325104 -0.125891 -0.3384907 -0.9325103 -0.125891 -0.3384907 -0.9325103 -0.1258908 -0.3384909 -0.9790744 -0.1272681 -0.1587963 -0.9783589 -0.1320644 -0.159289 -0.9784369 -0.1315381 -0.1592451 -0.9791312 -0.1269385 -0.1587097 -0.9904055 -0.1299891 0.04690301 -0.9904055 -0.1299891 0.04690301 -0.9904055 -0.1299892 0.04690307 -0.9206644 -0.1293946 0.3682855 -0.9206644 -0.1293946 0.3682856 -0.9206644 -0.1293945 0.3682857 -0.9260975 -0.1018787 0.3632689 -0.9260975 -0.1018787 0.3632688 -0.9260976 -0.1018787 0.3632688 -0.8429148 -0.1643556 0.51233 -0.8429148 -0.1643556 0.5123301 -0.8429148 -0.1643556 0.5123301 -0.8497837 -0.1382042 0.5086919 -0.8497838 -0.1382042 0.5086915 -0.849784 -0.1382042 0.5086914 -0.7415279 -0.126311 0.6589248 -0.7415282 -0.126311 0.6589245 -0.7415286 -0.1263109 0.6589241 -0.06648468 -0.1421383 0.9876116 -0.06648468 -0.1421383 0.9876115 -0.06648486 -0.1421384 0.9876115 -0.1997634 0.242457 0.9493731 -0.1997634 0.242457 0.949373 -0.2270884 -0.1214231 0.966275 -0.2270885 -0.1214231 0.966275 -0.2270886 -0.1214232 0.966275 -0.3150514 -0.1348906 0.9394398 -0.3150514 -0.1348905 0.9394398 -0.3150515 -0.1348907 0.9394398 -0.6680064 0.007246911 -0.7441203 -0.6680212 0.00869733 -0.7440915 -0.6686333 0.01000809 -0.743525 -0.7100291 0.2199786 -0.6689307 -0.710029 0.2199786 -0.6689307 -0.710029 0.2199786 -0.6689307 -0.6097948 -0.429498 -0.6660946 -0.6097944 -0.4294978 -0.6660948 -0.6097947 -0.4294979 -0.6660946 -0.6206325 -0.4089621 -0.6690033 -0.6206325 -0.4089621 -0.6690033 -0.6206326 -0.4089621 -0.6690031 -0.8509825 -0.1309789 -0.5085994 -0.8509825 -0.1309789 -0.5085995 -0.8781106 0.2104346 -0.4296966 -0.8781105 0.2104346 -0.4296969 -0.8781104 0.2104346 -0.4296969 -0.7915252 -0.4314802 -0.4327965 -0.791525 -0.4314802 -0.4327965 -0.7915251 -0.4314802 -0.4327965 -0.798173 -0.4191081 -0.4327451 -0.798173 -0.4191081 -0.4327451 -0.798173 -0.4191081 -0.4327452 -0.9771116 0.1571677 0.1433575 -0.892675 -0.4294075 0.1368965 -0.8922119 -0.4302414 0.1372969 -0.8915933 -0.43181 0.1363877 -0.8914063 -0.4266339 -0.1528997 -0.8914065 -0.4266339 -0.1528993 -0.8914064 -0.4266339 -0.1528996 -0.6522819 -0.7552747 -0.06394106 -0.8735924 -0.431401 -0.2252327 -0.8735923 -0.431401 -0.2252327 -0.8735923 -0.4314008 -0.2252326 -0.6010042 0.1584194 0.7833884 -0.6010042 0.1584194 0.7833884 -0.6010042 0.1584194 0.7833883 -0.2927514 -0.4278843 0.8551092 -0.2939317 -0.4243818 0.8564487 -0.2907878 -0.428282 0.8555799 -0.2922103 -0.4298107 0.8543279 -0.08020001 -0.394492 0.9153929 -0.08020019 -0.394492 0.9153928 -0.08020043 -0.3944921 0.9153928 0.0114057 -0.4913298 0.870899 0.01140534 -0.4913299 0.870899 0.01140552 -0.4913298 0.870899 -0.2482069 -0.9233087 0.2930775 -0.2506563 -0.9213982 0.2969796 -0.2462331 -0.9234129 0.2944114 -0.2950652 -0.9262498 0.2345167 -0.2992964 -0.9244034 0.2364321 -0.2966901 -0.9255397 0.2352685 -0.5685868 -0.7273089 0.3843579 -0.5704621 -0.7258542 0.3843289 -0.5655867 -0.7292973 0.3850158 -0.6245041 -0.7311175 0.2747035 -0.6273524 -0.7286484 0.2747737 -0.6253357 -0.7303094 0.2749608 -0.3967995 -0.7258746 0.5618329 -0.4035382 -0.7209254 0.5634035 -0.3992789 -0.7241144 0.5623475 -0.4044835 -0.7190899 0.565069 -0.4879058 -0.7289525 0.4801836 -0.4934328 -0.7239357 0.4821217 -0.4883998 -0.7280262 0.481086 -0.08479666 -0.3438616 0.9351838 -0.08479672 -0.3438616 0.9351838 -0.08479702 -0.3438616 0.9351838 0.03929972 -0.8959031 0.4425079 0.03929984 -0.8959031 0.4425079 -0.05962282 -0.7044898 0.7072052 -0.05790489 -0.7068678 0.7049716 -0.06333065 -0.6997134 0.7116112 0.06706416 -0.6861099 0.7244003 0.06706416 -0.6861099 0.7244002 0.06706422 -0.6861099 0.7244003 0.08842051 -0.8515422 0.5167765 0.08842045 -0.8515421 0.5167766 0.08842051 -0.8515421 0.5167766 -0.09439063 -0.4144229 -0.9051764 -0.09439045 -0.4144229 -0.9051764 -0.09439057 -0.4144229 -0.9051764 -0.1072939 -0.3837205 -0.917195 -0.107294 -0.3837205 -0.917195 -0.1072939 -0.3837205 -0.917195 -0.01571202 -0.6943923 -0.7194252 -0.01571214 -0.6943923 -0.7194252 -0.01571208 -0.6943923 -0.7194252 -0.02567291 -0.6766505 -0.7358567 0.06540071 -0.8920949 -0.4470899 0.06540089 -0.8920949 -0.44709 0.06540095 -0.8920949 -0.44709 0.05886334 -0.8852211 -0.4614313 0.1460011 -0.98561 -0.08518731 0.1460012 -0.98561 -0.08518731 0.1460013 -0.9856099 -0.08518731 -0.1219253 -0.9065634 -0.4040759 -0.1219253 -0.9065632 -0.4040759 -0.1219253 -0.9065633 -0.4040759 -0.02959167 -0.9439077 -0.328881 -0.02959156 -0.9439077 -0.328881 -0.02959132 -0.9439077 -0.3288811 -0.2516803 -0.6935669 -0.6749978 -0.2516803 -0.6935669 -0.6749979 -0.2516804 -0.6935669 -0.6749978 -0.2389591 -0.7095715 -0.6628777 -0.2389591 -0.7095715 -0.6628777 -0.2389591 -0.7095715 -0.6628777 -0.3798896 -0.3972816 -0.8353751 -0.3798893 -0.3972815 -0.8353751 -0.3798896 -0.3972815 -0.835375 -0.3667948 -0.4237537 -0.8281875 -0.3667948 -0.4237537 -0.8281875 -0.3667945 -0.4237537 -0.8281875 -0.4704099 0.03819966 -0.881621 -0.4704099 0.03819972 -0.8816208 -0.4704098 0.03819972 -0.8816209 -0.3224725 -0.1191029 -0.939056 -0.3224725 -0.1191029 -0.939056 -0.3224725 -0.1191029 -0.939056 -0.1218282 -0.912535 0.3904329 -0.1168314 -0.915615 0.3847073 -0.1190905 -0.9157263 0.3837482 -0.1150047 -0.9158046 0.3848062 -0.04549497 -0.9060675 0.4206805 -0.04158598 -0.9082716 0.4163091 -0.04353934 -0.9071781 0.4184883 -0.6671966 -0.01076799 0.7448039 -0.6670278 -0.01072722 0.7449557 -0.6675995 -0.01389181 0.744391 -0.4587292 -0.3544028 0.8148412 -0.4587295 -0.3544029 0.814841 -0.4587296 -0.3544029 0.814841 -0.4318912 -0.4335827 0.7908705 -0.4318912 -0.4335826 0.7908705 -0.4318912 -0.4335827 0.7908705 -0.3013192 -0.4153795 0.8582929 -0.3013191 -0.4153795 0.858293 -0.3013191 -0.4153794 0.8582931 -0.1794925 -0.7137482 0.6770125 -0.1769941 -0.7148901 0.6764653 -0.1838272 -0.7085281 0.6813189 -0.06508541 -0.6980286 0.7131059 0.03884327 -0.8988015 0.4366317 0.03835153 -0.9016856 0.4306882 0.0351904 -0.8990524 0.4364246 0.1193585 -0.8883742 0.4433338 0.1193585 -0.8883743 0.4433338 0.1193585 -0.8883742 0.4433338 0.1454645 -0.980001 0.1357877 0.1454645 -0.980001 0.1357876 0.1454645 -0.980001 0.1357877 0.1502025 -0.9796323 -0.1332663 0.1284162 -0.9801607 -0.1509777 0.1284162 -0.9801607 -0.1509777 0.1284162 -0.9801607 -0.1509777 0.1747892 -0.8750596 -0.451353 0.174789 -0.8750596 -0.451353 0.1747891 -0.8750596 -0.4513531 0.07467472 -0.8449484 -0.5296093 0.0746749 -0.8449485 -0.5296092 0.0746749 -0.8449485 -0.5296091 0.1534488 -0.6683822 -0.7278178 0.1534487 -0.6683823 -0.7278177 0.1534487 -0.6683824 -0.7278177 0.01040774 -0.5726879 -0.8197075 0.01040774 -0.5726879 -0.8197075 0.01040768 -0.5726879 -0.8197075 0.1091127 -0.3821916 -0.9176188 0.1091127 -0.3821915 -0.9176187 0.1091128 -0.3821917 -0.9176187 -0.05291962 -0.2056484 -0.9771941 -0.05490577 -0.2067558 -0.9768508 -0.052459 -0.2057312 -0.9772015 -0.05141639 -0.2012785 -0.9781838 -0.4514216 -0.7062797 -0.5453327 -0.4514215 -0.7062797 -0.5453327 -0.4514214 -0.7062797 -0.5453326 -0.2810282 -0.896947 -0.3413346 -0.2810283 -0.896947 -0.3413345 -0.2810283 -0.896947 -0.3413345 -0.3960118 -0.7171152 -0.5735158 -0.3960119 -0.7171152 -0.5735159 -0.186443 -0.9126151 -0.3638309 -0.187086 -0.9117822 -0.365585 -0.1846647 -0.9145139 -0.3599492 -0.1832801 -0.9152235 -0.3588516 0.05461722 -0.993757 -0.09728384 0.05461734 -0.993757 -0.09728407 0.05461728 -0.9937569 -0.09728401 0.07441067 -0.9909408 -0.1118012 0.07441067 -0.9909408 -0.1118013 0.07441067 -0.9909408 -0.1118012 0.08122432 -0.9925972 -0.09029787 0.08122432 -0.9925971 -0.09029799 0.08122432 -0.9925971 -0.09029787 0.08619302 -0.9851635 -0.1484047 0.0861935 -0.9851634 -0.1484048 0.08619308 -0.9851634 -0.1484047 0.09591108 -0.9890721 -0.1119711 0.09591108 -0.9890721 -0.1119711 0.09591102 -0.9890721 -0.1119711 0.1225097 -0.9850468 -0.1211375 0.1225095 -0.9850468 -0.1211376 0.1225096 -0.9850468 -0.1211376 -0.02945196 -0.996049 -0.08377933 -0.02945196 -0.9960491 -0.08377933 -0.0294519 -0.9960491 -0.08377939 0.005060434 -0.9985738 -0.05314999 0.005060315 -0.9985738 -0.05314993 0.005060315 -0.9985738 -0.05314987 -0.01556599 -0.9990853 -0.03982889 -0.01190745 -0.9992094 -0.03793442 -0.0144515 -0.999118 -0.03942859 -0.01034843 -0.9992604 -0.03703403 -0.01344221 -0.999761 -0.01724404 -0.01375693 -0.9997521 -0.01751059 -0.01374304 -0.9997532 -0.01745617 -0.001712143 -0.9993913 0.03484529 -0.005913257 -0.9995995 0.02767378 -0.005123853 -0.9995345 0.03007841 -0.01212733 -0.9998734 0.01030427 -0.01125764 -0.9998877 0.009892046 -0.01244503 -0.9998697 0.01028949 -0.01430052 -0.9998393 0.01081407 -0.01419848 -0.9997444 -0.01760095 -0.3737781 -0.9264268 -0.04498153 -0.3733324 -0.9266234 -0.04463595 -0.3737452 -0.9264495 -0.04478663 -0.3612241 -0.9248159 -0.119301 8.05208e-4 -0.9993443 0.03619879 -4.29494e-4 -0.999312 0.03708863 -0.3380239 -0.926383 0.1659951 -0.3392271 -0.9256675 0.1675252 -0.3361611 -0.9268655 0.1670813 -0.3729173 -0.9256597 0.06393009 -0.3703595 -0.9267705 0.06269347 -0.3711716 -0.9264205 0.06306117 -0.3734328 -0.9254819 0.06349217 -0.374135 -0.9262837 -0.04496204 -0.6789396 -0.7262647 0.1076143 -0.6784604 -0.7267653 0.1072553 -0.6764358 -0.7287668 0.1064594 -0.6285611 -0.7277306 0.2744434 -0.3347945 -0.9273271 0.1672635 -0.3007657 -0.9240325 0.2360174 0.004318475 -0.9981716 0.06029099 0.03569072 -0.9971397 0.06662458 0.03569072 -0.9971397 0.06662458 0.03569108 -0.9971396 0.06662476 0.02135002 -0.9956519 0.09067428 0.02135002 -0.9956519 0.09067434 0.06890124 -0.9950798 0.07119721 0.06890124 -0.9950797 0.07119739 0.06890124 -0.9950798 0.07119727 -0.5647821 -0.7306722 0.3835875 -0.4947648 -0.723048 0.4820888 -0.2440022 -0.9240405 0.2942994 -0.1908009 -0.9177196 0.3484048 0.05389368 -0.9952235 0.08139878 0.05389368 -0.9952235 0.08139878 0.05389362 -0.9952235 0.0813989 0.07429838 -0.9925466 0.09659796 0.07429838 -0.9925466 0.09659796 0.0742985 -0.9925466 0.09659785 0.05699807 -0.9874172 0.1475077 0.05699783 -0.9874172 0.1475076 0.05699795 -0.9874172 0.1475077 0.1063449 -0.9900814 0.09181278 0.1063448 -0.9900815 0.09181278 0.1063448 -0.9900814 0.09181278 0.1219968 -0.9854802 0.1180916 0.1555721 -0.9820001 0.1071131 0.1555721 -0.9820001 0.1071131 0.1555721 -0.9820001 0.1071131 0.1301574 -0.9861489 0.1028082 0.03349477 -0.8983642 0.4379726 -0.03960067 -0.9093737 0.4140911 -0.1849399 -0.7064422 0.6831813 -0.292189 -0.7213605 0.627905 -0.4403159 -0.420418 0.7933289 -0.4403159 -0.420418 0.793329 -0.4403158 -0.4204179 0.7933289 -0.5608062 -0.435896 0.7039113 -0.5608065 -0.435896 0.7039111 -0.5608065 -0.4358959 0.7039111 -0.5147037 -0.6281678 0.5835112 -0.5147039 -0.6281678 0.5835111 -0.5147039 -0.6281678 0.5835111 -0.6734329 -0.4275852 0.6030415 -0.6734327 -0.4275853 0.6030417 -0.6734329 -0.4275852 0.6030415 -0.7595415 -0.437022 0.4817763 -0.7626881 -0.4318505 0.481469 -0.7604906 -0.4352743 0.4818615 -0.7641916 -0.4295482 0.4811441 -0.8308381 -0.4361294 0.3456869 -0.8332786 -0.4319449 0.345066 -0.8315448 -0.434917 0.3455149 -0.8339449 -0.4308135 0.3448708 -0.8909723 -0.4332199 0.1359741 -0.6792763 -0.725967 0.107497 -0.6823806 -0.7280028 -0.06609636 -0.6820638 -0.7283163 -0.06591296 -0.6820321 -0.7283464 -0.06590789 -0.6816391 -0.7287327 -0.06570476 -0.6625234 -0.7257583 -0.1853042 -0.661813 -0.7265575 -0.1847102 -0.6617891 -0.7265773 -0.1847181 -0.6604332 -0.7280152 -0.1839071 -0.6008356 -0.7164569 -0.3545224 -0.6008355 -0.7164569 -0.3545227 -0.6008355 -0.716457 -0.3545225 -0.3886271 -0.8969217 -0.2109515 -0.3886271 -0.8969217 -0.2109515 -0.3886271 -0.8969216 -0.2109515 -0.5614208 -0.7244765 -0.3999258 -0.5614209 -0.7244764 -0.3999258 -0.5614209 -0.7244764 -0.3999258 -0.2957289 -0.9207711 -0.2544115 -0.296867 -0.9199624 -0.2560065 -0.2943263 -0.9217647 -0.2524318 -0.2929802 -0.92237 -0.251786 0.01631379 -0.9973792 -0.07048904 0.01631379 -0.9973792 -0.07048904 0.02939432 -0.9956294 -0.08864635 0.02939432 -0.9956294 -0.08864635 0.02939432 -0.9956294 -0.08864635 0.04619503 -0.9968086 -0.06510603 0.0461952 -0.9968085 -0.06510621 0.04619503 -0.9968086 -0.06510609 0.02069193 -0.9925209 -0.1203086 0.02069193 -0.9925209 -0.1203086 0.02069205 -0.9925209 -0.1203088 -0.6036124 -0.7886886 -0.1167164 -0.6018614 -0.796676 -0.05541157 -0.601777 -0.7966016 -0.05736249 -0.601022 -0.797101 -0.05833101 -0.6004849 -0.7974704 -0.05881196 -0.5978104 -0.7991661 -0.06290048 -0.5965344 -0.8001028 -0.0631054 -0.5881459 -0.8056734 -0.07053297 -0.58877 -0.8052724 -0.06990343 -0.5886231 -0.805282 -0.07101976 -0.5865302 -0.8067478 -0.07169705 -0.6028352 -0.7881086 -0.1243971 -0.6028352 -0.7881087 -0.1243971 -0.5857216 -0.8012902 -0.1219197 -0.5857216 -0.8012902 -0.1219196 -0.6008902 -0.7929408 -0.1008763 -0.6008903 -0.7929408 -0.1008763 -0.6008902 -0.7929407 -0.1008762 -0.6023037 -0.7939318 -0.08308249 -0.5370028 -0.7870497 0.3036132 -0.5370026 -0.7870497 0.3036134 -0.5370025 -0.7870497 0.3036135 -0.6704469 -0.1603591 0.7244211 -0.670447 -0.160359 0.724421 -0.6704469 -0.1603591 0.7244211 -0.7013022 -0.1075555 0.7047035 -0.7013021 -0.1075554 0.7047037 -0.7013022 -0.1075554 0.7047035 -0.8271294 -0.193229 0.5277494 -0.8271295 -0.1932291 0.5277494 -0.8271295 -0.193229 0.5277495 -0.79781 -0.1520895 0.5834107 -0.79781 -0.1520895 0.5834106 -0.7154131 -0.5123962 0.4750099 -0.7154132 -0.5123962 0.4750096 -0.7154132 -0.5123962 0.4750097 -0.8554255 -0.2207697 0.4685168 -0.8554255 -0.2207697 0.4685168 -0.8554255 -0.2207697 0.4685168 -0.8824013 -0.1477603 0.4466932 -0.8824014 -0.1477603 0.4466933 -0.8824013 -0.1477603 0.4466934 -0.8951482 -0.2193046 0.3880919 -0.8951482 -0.2193048 0.3880919 -0.8951482 -0.2193047 0.3880919 -0.6494328 -0.6809133 0.3385175 -0.6494329 -0.6809133 0.3385176 -0.4779062 -0.8437256 0.2444028 -0.4710384 -0.8466553 0.2475842 -0.4705135 -0.8465899 0.2488027 -0.4082259 -0.8833882 0.230167 -0.408226 -0.8833883 0.2301667 -0.4082259 -0.8833883 0.230167 -0.2161101 -0.97374 0.07160305 -0.2161099 -0.9737399 0.07160353 -0.2161099 -0.97374 0.07160341 -0.1369119 -0.9878898 0.07299959 -0.1423873 -0.9872928 0.07056087 -0.1385871 -0.9874431 0.07582712 -0.1383554 -0.9873772 0.07709872 -0.06737524 -0.9960526 0.05779105 -0.06737536 -0.9960526 0.05779057 -0.06737524 -0.9960526 0.05779093 -0.02609378 -0.9973102 0.06849467 -0.0260936 -0.9973102 0.06849485 -0.02609401 -0.9973103 0.06849443 -0.4003266 -0.9123989 0.08524644 -0.4003266 -0.9123989 0.08524644 -0.4003266 -0.9123989 0.08524644 -0.4098514 -0.9071937 0.09498131 -0.4098514 -0.9071937 0.09498131 -0.4098514 -0.9071938 0.09498131 -0.3096584 -0.9475051 0.07966011 -0.3096583 -0.9475052 0.07966023 -0.3096584 -0.9475051 0.07966005 -0.628273 -0.1644418 0.7604156 -0.6282731 -0.1644417 0.7604156 -0.6282731 -0.1644417 0.7604156 -0.6003174 -0.1206101 0.7906152 -0.6003175 -0.12061 0.7906152 -0.6003174 -0.12061 0.7906152 -0.6803402 -0.4571778 0.5728227 -0.6830822 -0.4570844 0.5696249 -0.6814166 -0.4562805 0.5722583 -0.6614149 -0.4012341 0.6336731 -0.6614148 -0.4012342 0.6336732 -0.6614145 -0.4012344 0.6336733 -0.667163 -0.6274113 0.4015579 -0.6696289 -0.6246398 0.401774 -0.6696319 -0.6246638 0.4017317 -0.289813 -0.9534338 0.08350187 -0.2898127 -0.9534339 0.08350145 -0.289813 -0.9534337 0.08350205 -0.2728418 -0.9565802 0.1025271 -0.2728418 -0.9565802 0.1025272 -0.2728419 -0.9565802 0.102527 -0.515088 -0.7918187 0.3281882 -0.515088 -0.7918188 0.3281883 -0.515088 -0.7918188 0.3281883 -0.4713285 -0.8441659 0.2554088 -0.68262 -0.565773 0.4625267 -0.6826201 -0.565773 0.4625266 -0.6826199 -0.565773 0.4625267 -0.7424066 -0.5632113 0.3628026 -0.7424065 -0.5632113 0.3628026 -0.7424065 -0.5632113 0.3628027 -0.7693738 -0.5085375 0.3865923 -0.7693743 -0.5085374 0.3865915 -0.7693742 -0.5085374 0.3865917 -0.5805292 -0.8022083 0.1394552 -0.5805291 -0.8022084 0.1394552 -0.5805292 -0.8022083 0.1394551 -0.5752149 -0.8125198 0.09454822 -0.5752149 -0.8125198 0.09454822 -0.5752149 -0.8125198 0.09454822 -0.6387791 -0.6959884 0.3279657 -0.638779 -0.6959884 0.3279658 -0.6387791 -0.6959884 0.3279657 -0.5947058 -0.7167623 0.3641111 -0.5947058 -0.7167623 0.3641111 -0.6790482 -0.4591187 0.5728033 -0.6789169 -0.5209318 0.5173991 -0.6789169 -0.5209318 0.5173993 -0.6789171 -0.5209317 0.517399 -0.6991348 -0.1312705 0.7028362 -0.6991349 -0.1312705 0.702836 -0.6991348 -0.1312705 0.7028362 -0.7766215 -0.227593 0.5874184 -0.7766215 -0.227593 0.5874185 -0.7766215 -0.2275931 0.5874187 -0.8439907 -0.5193763 -0.1338961 -0.8439906 -0.5193763 -0.1338961 -0.8439907 -0.5193763 -0.1338961 -0.8208817 -0.5367243 -0.1951418 -0.8208816 -0.5367244 -0.1951419 -0.8208817 -0.5367244 -0.1951419 -0.4097594 -0.2584406 -0.8748176 -0.4097594 -0.2584406 -0.8748176 -0.4097594 -0.2584406 -0.8748176 -0.248694 -0.2845043 -0.9258556 -0.248693 -0.2845046 -0.9258559 -0.2486933 -0.2845045 -0.9258558 -0.1966 -0.1883046 -0.9622317 -0.1966003 -0.1883038 -0.9622318 -0.1966001 -0.1883046 -0.9622317 -0.2422956 -0.1894894 -0.9515181 -0.2422955 -0.1894894 -0.9515181 -0.2422956 -0.1894894 -0.9515181 -0.6609045 -0.3230515 -0.6773795 -0.6609045 -0.3230515 -0.6773796 -0.6609045 -0.3230516 -0.6773796 -0.4536054 -0.3637043 -0.8136101 -0.4536053 -0.3637045 -0.81361 -0.4536053 -0.3637044 -0.8136101 -0.4952113 -0.2982105 -0.8159879 -0.4952114 -0.2982104 -0.815988 -0.4952114 -0.2982105 -0.8159878 -0.6976365 -0.6661454 -0.2637303 -0.697625 -0.6661639 -0.2637141 -0.6978892 -0.6660873 -0.2632079 -0.6775085 -0.5748686 -0.4588121 -0.6775086 -0.5748686 -0.4588119 -0.6775085 -0.5748686 -0.458812 -0.6958638 -0.5888982 -0.4110628 -0.6958639 -0.5888981 -0.4110627 -0.6958638 -0.5888981 -0.4110628 -0.7739829 -0.563746 -0.2883418 -0.773983 -0.5637459 -0.2883418 -0.773983 -0.563746 -0.2883419 -0.7713053 -0.5824476 -0.2565991 -0.7713053 -0.5824477 -0.2565991 -0.7713053 -0.5824477 -0.2565991 -0.7472952 -0.5535044 -0.3676721 -0.7472953 -0.5535044 -0.3676721 -0.7472953 -0.5535043 -0.367672 -0.710069 -0.6938171 -0.1200828 -0.7100691 -0.693817 -0.1200827 -0.710069 -0.6938171 -0.1200829 -0.6909044 -0.7159526 -0.1003146 -0.6909043 -0.7159528 -0.1003149 -0.6909044 -0.7159527 -0.1003146 -0.6755036 -0.7262641 -0.1274182 -0.6737868 -0.7268005 -0.1333135 -0.6747632 -0.7264793 -0.1300864 -0.6772274 -0.7230659 -0.1361575 -0.666168 -0.730515 -0.1502268 -0.6617943 -0.73281 -0.1581699 -0.6657623 -0.730179 -0.1536207 -0.6660888 -0.72777 -0.1633295 -0.6092903 -0.7675947 -0.1989068 -0.6092904 -0.7675945 -0.1989069 -0.6092903 -0.7675945 -0.198907 -0.6711222 -0.7380834 -0.06948411 -0.6719233 -0.7375836 -0.06700354 -0.671848 -0.7376567 -0.06695449 -0.6756938 -0.7345029 -0.06279742 -0.8332849 -0.5409973 -0.1138339 -0.833285 -0.5409974 -0.1138339 -0.833285 -0.5409974 -0.1138339 -0.8172288 -0.5472137 -0.1808159 -0.8172287 -0.5472137 -0.1808159 -0.8172289 -0.5472136 -0.1808158 -0.9063873 -0.3228983 -0.2723944 -0.9063875 -0.3228983 -0.2723944 -0.9063874 -0.3228983 -0.2723943 -0.8093293 -0.3742078 -0.4527192 -0.8093292 -0.3742079 -0.4527192 -0.8093292 -0.374208 -0.4527194 -0.8291962 -0.2843363 -0.4812346 -0.8291962 -0.2843362 -0.4812347 -0.8291961 -0.2843363 -0.4812346 -0.6940038 -0.3866136 -0.6073622 -0.6940038 -0.3866135 -0.6073623 -0.6940037 -0.3866135 -0.6073622 -0.6548179 -0.4787847 -0.5847895 -0.6548179 -0.4787848 -0.5847895 -0.3922832 -0.2324289 -0.8899948 -0.3922832 -0.2324289 -0.8899948 -0.3922832 -0.2324289 -0.8899949 -0.1209554 -0.02007013 -0.9924551 -0.1209554 -0.02007013 -0.9924551 -0.1209554 -0.02007013 -0.9924551 -0.3172936 -0.09869772 -0.9431774 -0.3172935 -0.09869813 -0.9431774 -0.3172936 -0.09869784 -0.9431774 -0.7767002 0.02620595 -0.629325 -0.7767003 0.02620595 -0.629325 -0.7767003 0.02620589 -0.6293251 -0.5639299 -0.124701 -0.8163533 -0.5573158 -0.1179393 -0.8218817 -0.561949 -0.1227279 -0.8180168 -0.4824413 0.02056109 -0.875687 -0.4824413 0.02056109 -0.875687 -0.3972914 -0.04519796 -0.9165788 -0.3972905 -0.04519677 -0.9165792 -0.3972889 -0.0451954 -0.9165801 -0.9963041 -3.29077e-4 -0.08589613 -0.4126943 -0.2257668 -0.8824471 -0.4126943 -0.2257668 -0.8824471 -0.4126944 -0.2257668 -0.8824471 -0.5564873 -0.1162058 -0.8226896 -0.6089933 -0.2426218 -0.7551569 -0.6089934 -0.2426217 -0.7551568 -0.6089931 -0.242622 -0.755157 -0.8072259 -0.1015841 -0.5814355 -0.8072259 -0.101584 -0.5814355 -0.8072258 -0.1015841 -0.5814356 -0.8065392 -0.1603116 -0.5690296 -0.8065392 -0.1603116 -0.5690296 -0.8065394 -0.1603117 -0.5690295 -0.9555097 -0.07629454 -0.2849218 -0.9555097 -0.07629466 -0.2849219 -0.9555097 -0.07629454 -0.2849218 -0.8996005 -0.2642956 -0.3476592 -0.8996006 -0.2642954 -0.3476592 -0.8996006 -0.2642953 -0.3476592 -0.9771001 -0.2002294 -0.07199847 -0.9771 -0.2002294 -0.07199847 -0.9771001 -0.2002294 -0.07199847 -0.9801442 -0.1900056 -0.0567035 -0.9801442 -0.1900056 -0.05670356 -0.9801442 -0.1900056 -0.05670356 -0.46073 -0.8875077 0.007615566 -0.46073 -0.8875077 0.007615625 -0.4607301 -0.8875076 0.007615625 0.1746281 -0.1114468 0.978307 0.1746279 -0.1114467 0.9783071 0.174628 -0.1114468 0.9783071 -0.1331176 -0.6851069 0.7161762 -0.1350415 -0.6801481 0.7205292 -0.131784 -0.6783785 0.7227972 -0.02650624 -0.5456175 0.8376151 -0.02650612 -0.5456176 0.837615 -0.02650624 -0.5456176 0.837615 0.05798012 -0.3723218 0.9262909 0.05798012 -0.3723218 0.9262909 0.05798012 -0.3723218 0.9262909 0.03578448 -0.4028166 0.9145809 0.03578495 -0.4028169 0.9145808 0.03578454 -0.4028167 0.914581 0.1525016 -0.1973043 0.9684082 0.1525015 -0.1973043 0.9684082 0.1525015 -0.1973043 0.9684082 -0.3308893 -0.923386 0.1946042 -0.3316029 -0.9231138 0.1946807 -0.3308815 -0.9233788 0.1946513 -0.2504127 -0.8926117 0.3748839 -0.2504127 -0.8926117 0.374884 -0.2431816 -0.8369647 0.490258 -0.2431815 -0.8369647 0.490258 -0.2431817 -0.8369647 0.490258 -0.1900014 -0.7894034 0.5837308 -0.1900013 -0.7894035 0.5837309 -0.1900015 -0.7894035 0.5837308 -0.1328969 -0.6882188 0.7132274 -0.3882028 -0.8470371 -0.3630797 -0.3882028 -0.8470371 -0.3630796 -0.3882029 -0.8470371 -0.3630797 -0.3817877 -0.9015205 -0.2037134 -0.3817876 -0.9015205 -0.2037132 -0.3817876 -0.9015205 -0.2037132 -0.3865993 -0.914288 -0.1209077 -0.3882905 -0.9128131 -0.1265023 -0.3884781 -0.9126512 -0.1270928 -0.3895003 -0.9117062 -0.1306953 -0.3313637 -0.9426036 0.04118901 -0.333855 -0.9417075 0.04156678 -0.3376028 -0.9403037 0.04305189 -0.3485243 -0.5467998 -0.7612758 -0.3485243 -0.5467998 -0.7612758 -0.3485243 -0.5467999 -0.7612758 -0.3763761 -0.6829075 -0.6260819 -0.376376 -0.6829075 -0.6260819 -0.3763761 -0.6829075 -0.6260818 -0.4931291 -0.6329586 -0.5968142 -0.4931291 -0.6329586 -0.5968142 -0.4931292 -0.6329586 -0.5968142 -0.02300596 -0.6236082 0.7813984 -0.0230059 -0.6236083 0.7813985 -0.02300614 -0.6236081 0.7813985 -0.1886056 -0.7803879 0.5961735 -0.1886054 -0.780388 0.5961734 -0.1886053 -0.7803881 0.5961734 -0.2171249 -0.8475326 0.4842987 -0.217125 -0.8475326 0.4842988 -0.217125 -0.8475326 0.4842988 -0.3034342 -0.8867763 0.3486483 -0.3027983 -0.8858162 0.3516288 -0.3030453 -0.8852137 0.3529309 -0.3302041 -0.9236823 0.1943615 -0.3914936 -0.9174164 0.07127445 -0.3914936 -0.9174164 0.07127445 -0.3914936 -0.9174164 0.07127445 -0.4086948 -0.9052974 -0.1157808 -0.4086949 -0.9052973 -0.1157808 -0.4086952 -0.9052972 -0.1157807 -0.3934015 -0.8920885 0.2222917 -0.3934014 -0.8920886 0.2222914 -0.3934016 -0.8920885 0.2222916 -0.6662756 -0.7113465 -0.2237477 -0.6662757 -0.7113465 -0.2237477 -0.4879109 -0.8408182 -0.2344523 -0.4879109 -0.8408181 -0.2344523 -0.4879108 -0.8408182 -0.2344523 -0.5414144 -0.6708353 -0.5068044 -0.5414145 -0.6708351 -0.5068044 -0.5414142 -0.6708353 -0.5068045 -0.4066038 -0.724015 -0.5572035 -0.406604 -0.724015 -0.5572033 -0.4066044 -0.7240149 -0.5572031 -0.3154808 -0.3759935 -0.8712639 -0.3154808 -0.3759935 -0.8712639 -0.3154808 -0.3759935 -0.8712639 -0.346077 -0.5748517 -0.741469 -0.346077 -0.5748517 -0.741469 -0.346077 -0.5748517 -0.741469 -0.4791218 -0.5187811 -0.7080314 -0.4791217 -0.5187811 -0.7080315 -0.4791219 -0.5187812 -0.7080314 -0.4090824 -0.8054825 -0.4287769 -0.4090822 -0.8054826 -0.4287768 -0.4090821 -0.8054826 -0.428777 -0.5732995 -0.7279679 -0.3760192 -0.5732996 -0.7279679 -0.3760192 -0.5732998 -0.7279678 -0.3760191 -0.4005036 -0.9162792 -0.005412518 -0.4005035 -0.9162793 -0.005412697 -0.4005036 -0.9162793 -0.005412518 -0.5641165 -0.8233588 0.06207126 -0.5641165 -0.8233588 0.06207132 -0.5641166 -0.8233588 0.06207138 -0.4143157 -0.8643472 0.2850379 -0.4143157 -0.8643472 0.2850379 -0.4143161 -0.864347 0.2850381 -0.3328812 -0.8271544 0.4527756 -0.2796307 -0.8151915 0.5072177 -0.2796307 -0.8151914 0.5072176 -0.2796306 -0.8151913 0.5072177 -0.1943721 -0.7448569 0.6382851 -0.1943717 -0.7448572 0.6382848 -0.1943718 -0.7448571 0.6382848 0.2856831 -0.1595039 0.944957 0.285683 -0.1595038 0.944957 0.285683 -0.1595039 0.944957 0.3551884 -0.08201086 0.9311903 0.3551882 -0.08201074 0.9311904 0.3551884 -0.08201086 0.9311904 0.1188955 -0.4015073 0.9081057 0.1188955 -0.4015073 0.9081056 0.1188955 -0.4015073 0.9081057 0.2394984 -0.2949989 0.9249953 0.2394984 -0.2949989 0.9249953 0.2394984 -0.2949988 0.9249953 -0.05769747 -0.6071761 0.7924697 -0.05769723 -0.6071762 0.7924697 -0.05769735 -0.6071761 0.7924696 0.1163065 -0.489054 0.8644645 0.1163063 -0.489054 0.8644646 0.1163064 -0.489054 0.8644646 -0.04310536 -0.6292248 0.7760272 -0.0431053 -0.6292249 0.7760271 -0.04310536 -0.6292248 0.7760272 -0.126252 -0.7109177 0.69185 -0.126252 -0.7109177 0.69185 -0.1262519 -0.7109178 0.69185 -0.1750095 -0.7867985 0.5918782 -0.1750096 -0.7867985 0.5918782 -0.1750099 -0.7867983 0.5918785 -0.2577259 -0.8279335 0.4981 -0.3133729 -0.8820569 0.3518141 -0.3721741 -0.8887058 0.2677473 -0.3721739 -0.8887059 0.2677472 -0.3721739 -0.8887059 0.2677471 -0.4245175 -0.9016993 0.08199638 -0.4245175 -0.9016993 0.08199638 -0.4245175 -0.9016992 0.08199626 -0.5539687 -0.8137778 -0.1757395 -0.5539687 -0.8137778 -0.1757395 -0.5539686 -0.8137779 -0.1757397 -0.4465132 -0.8693236 -0.2119024 -0.4465131 -0.8693236 -0.2119024 -0.4465133 -0.8693234 -0.2119025 -0.4445911 -0.7943711 -0.4139004 -0.4445909 -0.7943711 -0.4139004 -0.4445912 -0.794371 -0.4139002 -0.4027067 -0.811407 -0.4236107 -0.4027066 -0.8114071 -0.4236108 -0.4027068 -0.811407 -0.4236107 -0.3715015 -0.7286891 -0.575325 -0.371501 -0.7286893 -0.5753251 -0.3715021 -0.728689 -0.5753248 -0.9711803 0.1484997 -0.186432 -0.9711802 0.1484997 -0.186432 -0.9711802 0.1484997 -0.186432 0.06113022 0.2022815 -0.9774177 0.06113034 0.2022817 -0.9774176 0.06113034 0.2022817 -0.9774176 -0.2648808 0.7373227 -0.6214447 -0.2648807 0.7373228 -0.6214446 -0.09939014 0.7646691 -0.6367126 -0.1004369 0.7647382 -0.6364652 -0.09936136 0.7648152 -0.6365416 0.01485949 0.2158048 -0.9763235 0.01485949 0.2158047 -0.9763235 0.01485949 0.2158047 -0.9763235 -0.0557571 0.5047371 -0.8614706 -0.0557571 0.5047371 -0.8614706 -0.05575704 0.5047371 -0.8614706 0.003796696 0.5596374 -0.828729 -0.09768235 0.7639485 -0.6378408 0.03121757 0.7952219 -0.6055144 0.03121745 0.7952222 -0.6055139 0.03121751 0.7952222 -0.605514 -0.8365777 0.0202797 -0.547473 -0.8365776 0.0202797 -0.547473 -0.8365777 0.0202797 -0.547473 -0.6890705 0.2500332 -0.680195 -0.6890706 0.2500332 -0.680195 -0.6791223 0.2473105 -0.6911081 -0.6791223 0.2473106 -0.6911081 -0.6791223 0.2473106 -0.6911081 -0.6593913 0.2470327 -0.7100549 -0.6593913 0.2470327 -0.710055 -0.6593913 0.2470327 -0.710055 -0.6478909 0.2247897 -0.7278097 -0.6478921 0.2247841 -0.7278103 -0.6478897 0.2247885 -0.7278111 -0.4702758 -0.03073585 -0.8819842 -0.4702758 -0.03073585 -0.8819842 -0.4702758 -0.03073585 -0.8819841 -0.47401 0.6644667 -0.5777529 -0.4740101 0.6644669 -0.5777528 -0.4740102 0.6644665 -0.5777531 -0.4090985 0.6526988 -0.6376697 -0.4090986 0.6526988 -0.6376697 -0.3660153 0.4423559 -0.8187515 -0.3663009 0.4424954 -0.8185485 -0.366213 0.4424522 -0.8186112 -0.3662225 0.4424579 -0.8186038 -0.2934854 0.194781 -0.9359096 -0.2934854 0.194781 -0.9359096 -0.2934854 0.1947808 -0.9359096 -0.1269504 0.1486924 -0.9807009 -0.1269504 0.1486924 -0.9807009 -0.1269504 0.1486924 -0.9807009 -0.6408988 0.5628135 -0.5220056 -0.6408988 0.5628136 -0.5220053 -0.6408988 0.5628136 -0.5220054 -0.7606183 0.4248182 -0.4909067 -0.7606183 0.4248182 -0.4909067 -0.7945696 0.4207434 -0.4377605 -0.7945695 0.4207434 -0.4377605 -0.7945695 0.4207435 -0.4377604 -0.9316532 0.1916108 -0.3087195 -0.9316532 0.1916107 -0.3087195 -0.9316532 0.1916107 -0.3087195 -0.9002027 0.2225921 -0.3742833 -0.9002026 0.2225918 -0.3742836 -0.9002026 0.2225918 -0.3742837 -0.7212781 -0.6601703 0.2096022 -0.7212781 -0.6601704 0.2096022 -0.7212784 -0.6601701 0.209602 -0.7095191 -0.6970522 0.1034451 -0.7095193 -0.6970521 0.1034449 -0.7095191 -0.6970523 0.1034451 -0.1483882 -0.07598125 0.986006 -0.1483884 -0.07598114 0.986006 -0.1483883 -0.07598114 0.986006 -0.1964132 -0.1779232 0.9642434 -0.196413 -0.1779233 0.9642435 -0.1964133 -0.1779232 0.9642434 -0.3051922 -0.2451873 0.9201853 -0.3065676 -0.2391505 0.9213162 -0.3042996 -0.2356435 0.9229702 -0.4411813 -0.4272031 0.7892126 -0.4411814 -0.4272029 0.7892128 -0.4411814 -0.427203 0.7892127 -0.4245969 -0.4214022 0.801335 -0.4245967 -0.4214024 0.8013349 -0.4245969 -0.4214022 0.801335 -0.5026944 -0.4865897 0.714513 -0.5026946 -0.4865896 0.714513 -0.5026946 -0.4865896 0.714513 -0.5823395 -0.5058192 0.6364179 -0.5823395 -0.5058191 0.6364179 -0.6235145 -0.5917046 0.5109946 -0.6235144 -0.5917047 0.5109945 -0.6235144 -0.5917048 0.5109944 -0.5623013 -0.6476008 0.5142281 -0.5623015 -0.6476006 0.5142281 -0.5623014 -0.6476007 0.5142281 -0.5587642 -0.659215 0.5032079 -0.5587642 -0.6592149 0.5032081 -0.7880035 -0.5550023 -0.2665011 -0.7880036 -0.5550025 -0.2665011 -0.7880036 -0.5550024 -0.2665011 -0.6973886 -0.6661809 -0.2642958 -0.7039134 -0.7013043 -0.1125981 -0.7039135 -0.7013043 -0.112598 -0.7039134 -0.7013043 -0.112598 -0.7302274 -0.6826218 -0.02820491 -0.7302274 -0.6826218 -0.02820491 -0.7302274 -0.6826218 -0.02820491 -0.8088943 -0.5871134 -0.03143054 -0.8088943 -0.5871134 -0.03143054 -0.8088944 -0.5871134 -0.03143054 -0.6496099 -0.6395152 -0.4111294 -0.6496101 -0.6395149 -0.4111294 -0.6496101 -0.639515 -0.4111294 -0.6765984 -0.4806815 -0.5578172 -0.6782815 -0.4790791 -0.5571512 -0.6765376 -0.4807299 -0.5578493 -0.7174949 -0.5601035 -0.4141077 -0.7174949 -0.5601034 -0.4141078 -0.7174948 -0.5601036 -0.4141077 -0.7058225 -0.56102 -0.4325174 -0.7058248 -0.5610191 -0.4325147 -0.7058231 -0.5610198 -0.4325167 -0.7587763 -0.5558716 -0.3395076 -0.7587763 -0.5558717 -0.3395076 -0.7587763 -0.5558716 -0.3395076 -0.7803257 -0.590213 -0.2067376 -0.780325 -0.5902138 -0.2067381 -0.780326 -0.5902128 -0.2067376 -0.7717136 -0.6294112 -0.09110265 -0.7717135 -0.6294114 -0.0911026 -0.7717136 -0.6294113 -0.0911026 -0.7895088 -0.6135089 -0.01680779 -0.7895087 -0.6135092 -0.01680773 -0.7895087 -0.6135092 -0.01680767 -0.7667015 -0.6075224 0.2075703 -0.7667012 -0.6075228 0.2075702 -0.7667014 -0.6075225 0.2075703 -0.7666987 -0.6155278 0.1824796 -0.7666985 -0.6155279 0.1824798 -0.7666987 -0.6155278 0.1824796 -0.1385139 -0.0872156 0.9865128 -0.138514 -0.08721548 0.9865127 -0.1385141 -0.08721542 0.9865127 -0.123096 -0.0826807 0.9889445 -0.1226814 -0.08486771 0.9888108 -0.1222199 -0.08650946 0.9887256 -0.3108258 -0.2367403 0.9205114 -0.3010345 -0.2326107 0.9248083 -0.4803483 -0.3597283 0.7999132 -0.4803481 -0.3597286 0.7999131 -0.4803485 -0.3597279 0.7999132 -0.5020642 -0.3650712 0.7839991 -0.5020642 -0.3650712 0.7839992 -0.5020641 -0.365071 0.7839992 -0.6053 -0.479629 0.63527 -0.6052998 -0.4796292 0.6352701 -0.6053 -0.4796291 0.6352701 -0.6758254 -0.506673 0.5352966 -0.6770029 -0.5053868 0.5350245 -0.6769997 -0.5053862 0.5350292 -0.7266576 -0.6093863 0.317202 -0.7266576 -0.6093863 0.3172022 -0.7266575 -0.6093863 0.3172021 -0.722449 -0.5395314 0.4324042 -0.7224492 -0.539531 0.4324043 -0.7224488 -0.5395317 0.4324042 -0.6710977 -0.5999944 0.4354707 -0.671098 -0.599994 0.4354707 -0.682227 -0.660024 0.3145388 -0.6822273 -0.6600238 0.3145388 -0.6822272 -0.6600238 0.3145389 -0.6419018 -0.6981019 0.3172003 -0.6419022 -0.6981015 0.3172003 -0.6419022 -0.6981015 0.3172002 -0.6168395 -0.7794812 0.1091703 -0.6168394 -0.7794813 0.1091702 -0.6168395 -0.7794812 0.1091703 -0.6820887 -0.6955958 0.2256138 -0.6820886 -0.6955958 0.2256138 -0.6820888 -0.6955958 0.2256137 -0.597885 -0.7946912 -0.104878 -0.597885 -0.7946912 -0.104878 -0.5978851 -0.7946912 -0.104878 -0.6980634 -0.7152662 0.03319233 -0.6980632 -0.7152665 0.03319251 -0.6980638 -0.7152659 0.03319215 -0.614941 -0.7874496 0.04207819 -0.6149412 -0.7874495 0.04207819 -0.6149408 -0.7874498 0.04207813 -0.287799 -0.1071031 0.9516831 -0.2877987 -0.1071032 0.9516831 -0.287799 -0.107103 0.9516831 -0.6443146 -0.7557081 0.1173209 -0.6442726 -0.7562984 0.1136903 -0.6473538 -0.7536629 0.1136902 -0.6434938 -0.7581782 0.105269 -0.6645737 -0.604674 0.438989 -0.6645737 -0.6046739 0.4389889 -0.6645736 -0.604674 0.438989 -0.6719257 -0.6239175 0.3990526 -0.6001507 -0.3785585 0.7046365 -0.6001507 -0.3785585 0.7046365 -0.6307736 -0.4239705 0.6499029 -0.6307731 -0.4239709 0.6499031 -0.630773 -0.423971 0.6499032 -0.6104941 -0.7565965 0.2342194 -0.610494 -0.7565966 0.2342194 -0.6231237 -0.7722274 0.1240231 -0.6231236 -0.7722276 0.1240231 -0.6231236 -0.7722276 0.1240231 -0.5885561 -0.6354988 0.499743 -0.5885561 -0.6354987 0.499743 -0.5885561 -0.6354988 0.4997429 -0.6036914 -0.6521938 0.4584758 -0.6036915 -0.6521936 0.4584758 -0.4666795 -0.406545 0.7854499 -0.4666794 -0.4065451 0.7854499 -0.4666796 -0.406545 0.7854499 -0.5091524 -0.4496131 0.7339019 -0.5091524 -0.4496131 0.7339019 -0.3366481 -0.2004518 0.9200474 -0.336648 -0.2004518 0.9200474 -0.3366481 -0.2004518 0.9200474 -0.4597902 -0.1055656 0.8817307 -0.4597903 -0.1055656 0.8817306 -0.4597903 -0.1055656 0.8817306 -0.5247796 -0.1791952 0.8321632 -0.5247798 -0.1791951 0.8321631 -0.5247797 -0.1791951 0.832163 -0.5152527 -0.3015088 -0.8022514 -0.5152528 -0.3015089 -0.8022513 -0.5152525 -0.3015087 -0.8022514 -0.1073804 -0.5041843 0.8568943 -0.1073805 -0.5041842 0.8568943 -0.1073805 -0.5041842 0.8568943 -0.01678895 -0.1819866 0.9831577 -0.01678872 -0.1819871 0.9831577 -0.01678884 -0.1819868 0.9831577 0.05559509 -0.1626622 0.9851144 0.05559515 -0.1626622 0.9851144 0.05559504 -0.1626622 0.9851143 -0.08292102 -0.3589239 0.9296762 -0.08292025 -0.3589243 0.9296761 -0.08292007 -0.3589244 0.9296761 -0.581263 -0.4151531 -0.6998438 -0.581263 -0.4151529 -0.699844 -0.581263 -0.4151532 -0.6998438 -0.7822047 -0.4346029 -0.4464036 -0.7822048 -0.434603 -0.4464036 -0.7822047 -0.4346029 -0.4464036 -0.6360039 -0.5152085 -0.5745079 -0.6360039 -0.5152078 -0.5745086 -0.6360038 -0.5152081 -0.5745083 -0.8473073 -0.5100954 -0.1478955 -0.8473073 -0.5100955 -0.1478951 -0.8473072 -0.5100955 -0.147895 -0.8098716 -0.549092 -0.2064123 -0.8098717 -0.5490917 -0.2064124 -0.8098717 -0.5490918 -0.2064126 -0.8568772 -0.5152727 -0.01598858 -0.8568772 -0.5152726 -0.01598864 -0.856877 -0.5152729 -0.01598834 -0.7784348 -0.609418 -0.150496 -0.778435 -0.6094176 -0.1504963 -0.7784349 -0.6094179 -0.1504961 -0.8224013 -0.5386027 0.1832029 -0.8224013 -0.5386027 0.1832028 -0.8224013 -0.5386028 0.1832028 -0.8275807 -0.4630633 0.3173052 -0.8275807 -0.4630634 0.3173053 -0.8275808 -0.4630634 0.3173051 -0.6044438 -0.3818312 -0.69918 -0.6044439 -0.3818314 -0.69918 -0.6044438 -0.3818314 -0.69918 -0.6756029 -0.4828044 -0.5571901 -0.7517861 -0.4830611 -0.4488538 -0.7517861 -0.483061 -0.448854 -0.7517861 -0.4830609 -0.448854 -0.7552946 -0.4926136 -0.4322755 -0.7552953 -0.4926112 -0.4322769 -0.7552953 -0.4926111 -0.4322771 -0.7703984 -0.539713 -0.3394057 -0.7703984 -0.5397131 -0.3394056 -0.7703984 -0.539713 -0.3394058 -0.2593989 -0.3969194 -0.8804359 -0.2593989 -0.3969195 -0.8804359 -0.2593989 -0.3969194 -0.8804358 -0.3074987 -0.2759059 -0.9106705 -0.3074984 -0.275906 -0.9106705 -0.3074985 -0.275906 -0.9106705 -0.274584 -0.5737457 -0.7716345 -0.4215674 -0.2719751 -0.8650494 -0.4223834 -0.2697095 -0.8653606 -0.424827 -0.2664396 -0.8651774 -0.3300154 -0.7438203 -0.5812239 -0.3300155 -0.7438203 -0.5812239 -0.3300157 -0.7438204 -0.5812237 -0.47877 -0.5884036 -0.6515831 -0.4787707 -0.5884041 -0.6515823 -0.47877 -0.5884036 -0.6515831 -0.4053104 -0.8401362 -0.3604091 -0.4053108 -0.8401362 -0.3604086 -0.4053103 -0.8401363 -0.3604092 -0.3891811 -0.8519148 -0.3503987 -0.3891812 -0.8519148 -0.3503987 -0.3891813 -0.851915 -0.3503984 -0.4606515 -0.8668062 -0.190912 -0.4606515 -0.866806 -0.1909124 -0.4606515 -0.8668061 -0.1909121 -0.1283902 -0.5082808 0.8515671 -0.1283903 -0.5082804 0.8515675 -0.1283903 -0.50828 0.8515676 -0.257402 -0.6377025 0.7260026 -0.2574019 -0.6377025 0.7260027 -0.257402 -0.6377028 0.7260024 -0.2077146 -0.7578227 0.618514 -0.2077146 -0.7578228 0.6185138 -0.2077147 -0.7578227 0.618514 -0.2650976 -0.760175 0.5931757 -0.2650979 -0.7601746 0.593176 -0.2650979 -0.7601746 0.593176 -0.4417573 -0.828977 0.3429979 -0.4417574 -0.8289771 0.3429978 -0.4417574 -0.8289771 0.3429979 -0.2679021 -0.8864453 0.3774165 -0.2679023 -0.8864454 0.3774161 -0.2679022 -0.8864454 0.3774164 -0.5178054 -0.8554974 -0.001408755 -0.5178056 -0.8554973 -0.001408576 -0.5178054 -0.8554974 -0.001408755 -0.3388203 -0.9399042 0.04220151 -0.4321943 -0.8931859 -0.1242062 -0.4321969 -0.893185 -0.1242035 -0.4321975 -0.893185 -0.1242015 -0.1195708 -0.08762276 0.9889516 -0.0958141 -0.09341019 0.9910067 -0.09581416 -0.09341019 0.9910067 -0.09581422 -0.09341007 0.9910067 -0.2986224 -0.2359198 0.9247521 -0.2986226 -0.2359197 0.9247521 -0.2986224 -0.2359198 0.9247521 -0.369584 -0.2634871 0.8910568 -0.4866546 -0.3857576 0.7838102 -0.5950123 -0.4161968 0.6875614 -0.5950123 -0.4161968 0.6875614 -0.5950123 -0.4161969 0.6875614 -0.6770824 -0.5048903 0.5353927 -0.7534029 -0.5182744 0.4046921 -0.753403 -0.5182744 0.4046921 -0.7534028 -0.5182743 0.4046922 -0.78751 -0.5927623 0.1687039 -0.78751 -0.5927623 0.1687037 -0.78751 -0.5927623 0.1687039 -0.8301946 -0.5523517 0.07539606 -0.8301946 -0.5523518 0.075396 -0.8301947 -0.5523518 0.07539606 -0.7590928 -0.5938793 -0.2666186 -0.7590927 -0.5938794 -0.2666187 -0.7590927 -0.5938794 -0.2666187 -0.1030886 -0.1071648 0.9888824 -0.1030887 -0.1071648 0.9888825 -0.1030885 -0.1071649 0.9888825 -0.04398149 -0.1219887 0.9915566 -0.04398131 -0.1219891 0.9915566 -0.04398149 -0.1219888 0.9915566 -0.3093718 -0.3433001 0.8868112 -0.3110536 -0.3427324 0.8864424 -0.3111901 -0.3427785 0.8863767 -0.315481 -0.3424004 0.8850049 -0.5163872 -0.5186989 0.6813926 -0.5163871 -0.5186989 0.6813926 -0.516387 -0.5186986 0.681393 -0.5459971 -0.5079996 0.6662009 -0.5459972 -0.5079994 0.6662009 -0.5459972 -0.5079994 0.666201 -0.6633993 -0.6338068 0.3977313 -0.6633994 -0.6338068 0.3977313 -0.7065283 -0.60534 0.3665806 -0.7065283 -0.60534 0.3665806 -0.730923 -0.6790032 0.06860208 -0.7309231 -0.6790031 0.0686019 -0.7309231 -0.6790031 0.06860172 -0.7748932 -0.6315939 0.02509844 -0.774893 -0.631594 0.02509838 -0.774893 -0.631594 0.02509838 -0.7108161 -0.6501394 -0.2684389 -0.7108161 -0.6501393 -0.268439 -0.710816 -0.6501393 -0.2684389 -0.7447097 -0.5851807 -0.3208912 -0.7447096 -0.5851808 -0.3208911 -0.6086236 -0.5473189 -0.574473 -0.6086236 -0.547319 -0.574473 -0.6086237 -0.5473189 -0.5744731 -0.6223084 -0.4640091 -0.6304188 -0.6223085 -0.464009 -0.6304188 -0.6223086 -0.4640088 -0.6304188 -0.4819257 -0.4006953 -0.7792245 -0.4819257 -0.4006952 -0.7792246 -0.4267632 -0.2652084 -0.8646026 -0.9210387 0.003107368 -0.3894589 -0.9210387 0.003107428 -0.3894589 -0.9210387 0.003107368 -0.3894589 -0.2478539 -0.005990803 0.968779 -0.1371468 -0.01520818 0.9904341 -0.1371468 -0.01520818 0.990434 -0.1371468 -0.01520812 0.990434 -0.09225142 -0.007672309 0.9957063 -0.09225142 -0.007672309 0.9957062 -0.09225142 -0.007672309 0.9957062 -0.5576377 -0.04061084 -0.8290905 -0.5576378 -0.04061061 -0.8290904 -0.5576377 -0.0406109 -0.8290905 -0.4714584 -0.00579518 -0.8818694 -0.4714583 -0.00579518 -0.8818694 -0.4714583 -0.00579518 -0.8818694 -0.4490522 -0.005894064 -0.8934862 -0.3439165 0.004756152 -0.9389882 -0.1372467 0.01633924 -0.9904022 -0.1372467 0.01633924 -0.9904022 -0.1372467 0.01633918 -0.9904022 -0.2505381 -0.01910668 -0.9679182 -0.2505381 -0.0191065 -0.9679182 -0.2505381 -0.01910662 -0.9679182 -0.09246963 0.007693827 -0.9956859 -0.09246957 0.007693827 -0.9956858 -0.09246957 0.007693827 -0.9956858 -0.7972713 0.004687547 -0.603603 -0.8606839 -0.04569262 -0.5070852 -0.7822299 -0.0121929 -0.6228706 -0.7208356 0.001806378 -0.6931037 -0.720835 0.001797676 -0.6931044 -0.720835 0.001797676 -0.6931044 -0.6682429 0.005801975 -0.7439205 -0.6211058 0.00609982 -0.783703 -0.6211058 0.006099879 -0.783703 -0.6211058 0.006100118 -0.783703 -0.9324468 -0.00197184 0.3613023 -0.9765308 -0.02189147 0.2142624 -0.9765309 -0.02189147 0.2142624 -0.9765309 -0.02189153 0.2142624 -0.98084 -0.01575452 0.1941773 -0.9988589 -4.34053e-4 0.04775691 -0.9988589 -4.34001e-4 0.04775691 -0.9988589 -4.34006e-4 0.04775691 -0.9767595 0.001710116 -0.2143318 -0.9767594 0.001710116 -0.2143318 -0.9767595 0.001710057 -0.2143318 -0.9872318 -0.02384579 -0.1574954 -0.9420911 -0.001104116 -0.3353554 -0.9420911 -0.001104176 -0.3353554 -0.9420911 -0.001104056 -0.3353554 -0.8621159 -0.005100011 0.5066857 -0.8621159 -0.005099952 0.5066857 -0.8621159 -0.005100011 0.5066856 -0.7970594 -0.02738231 0.6032799 -0.7540417 -0.01109284 0.656733 -0.7540417 -0.01109284 0.656733 -0.7540416 -0.01109272 0.656733 -0.3369 -0.009200155 0.9414955 -0.3369 -0.009199976 0.9414955 -0.3369 -0.009200155 0.9414955 -0.448928 -0.01969975 0.8933508 -0.448928 -0.01969975 0.8933508 -0.448928 -0.01969975 0.8933508 -0.4712433 -0.02664059 0.8816009 -0.59295 -0.006317198 0.8052145 -0.5929501 -0.006317198 0.8052146 -0.59295 -0.006317138 0.8052145 -0.6682587 -0.005798816 0.7439064 0.1369562 0.007572948 -0.9905483 0.0936945 -0.002700686 -0.9955974 0.0936945 -0.002700686 -0.9955974 0.0936945 -0.002700626 -0.9955974 0.07669121 -0.007728815 0.997025 0.07669121 -0.007728755 0.997025 0.07669121 -0.007728755 0.997025 0.1372694 -0.01561516 0.9904106 0.1372694 -0.01561522 0.9904107 0.1372694 -0.01561522 0.9904106 0.256829 -0.00291717 0.9664525 0.256829 -0.00291717 0.9664525 0.256829 -0.00291717 0.9664524 0.4442284 -0.01764398 0.8957399 0.4712639 -0.02412557 0.8816623 0.5870012 -0.006299793 0.8095616 0.5870012 -0.006299734 0.8095616 0.5870012 -0.006299793 0.8095617 0.663897 -0.005799949 0.7478016 0.663897 -0.005800306 0.7478016 0.663897 -0.00579971 0.7478016 0.7972545 -0.01072943 0.6035481 0.7504872 -0.03331524 0.6600448 0.9766117 -0.01859247 0.2142051 0.9766117 -0.01859241 0.2142051 0.9766117 -0.01859241 0.2142051 0.9495958 -0.003084659 0.3134618 0.9495958 -0.003084838 0.3134618 0.9495958 -0.003084778 0.3134618 0.8651086 -0.003360033 0.5015735 0.8651336 0.00450015 -0.5015213 0.8651337 0.004500091 -0.5015213 0.8651336 0.00450015 -0.5015213 0.94969 0.001811921 -0.3131864 0.94969 0.001811861 -0.3131864 0.94969 0.001811861 -0.3131864 0.9766374 -0.01529115 -0.214349 0.9766374 -0.01529121 -0.214349 0.9942895 8.35824e-4 -0.1067137 0.9942413 -8.08945e-4 0.1071615 0.9942413 -8.0888e-4 0.1071615 0.9942414 -8.08819e-4 0.1071615 0.2713954 0.01099872 -0.9624052 0.2713954 0.01099854 -0.9624052 0.2713954 0.01099866 -0.9624052 0.4473364 -0.003909766 -0.8943573 0.4473364 -0.003909647 -0.8943572 0.4473364 -0.003909468 -0.8943573 0.4712609 -0.009946465 -0.8819378 0.5897706 0.006284236 -0.8075465 0.7972718 0.004697263 -0.6036023 0.671118 -0.05559813 -0.7392628 0.7507188 -0.02290266 -0.6602247 0.7507188 -0.02290266 -0.6602248 2.4284e-4 -0.9999696 -0.007801949 1.72996e-5 -0.9999703 -0.007712483 7.47529e-5 -0.99997 -0.007746934 5.69493e-6 -0.9999717 -0.00752592 2.86034e-4 -0.9999704 -0.007705092 2.08785e-4 -0.9999706 -0.007675051 1.13275e-4 -0.9999693 -0.007843434 7.55981e-5 -0.999968 -0.008001744 1.81958e-4 -0.999971 -0.007607221 1.93798e-4 -0.9999715 -0.007553517 -3.40755e-5 -0.9999698 -0.007770597 2.74125e-5 -0.999969 -0.0078848 1.75608e-5 -0.9999675 -0.008075237 1.10937e-4 -0.9999678 -0.008026659 0 -0.9999672 -0.008107721 -3.00154e-7 -0.9999672 -0.008107841 -2.38118e-4 -0.9999698 -0.007774889 7.39674e-5 -0.9999714 -0.007576227 -1.10825e-4 -0.9999708 -0.007642805 -3.2615e-4 -0.9999685 -0.007928669 -2.73335e-4 -0.9999691 -0.007852613 -1.42599e-4 -0.9999701 -0.007727324 -6.00748e-5 -0.9999703 -0.007720768 -1.40878e-4 -0.9999703 -0.007722437 -1.74419e-4 -0.9999704 -0.007689058 -1.4969e-4 -0.9999718 -0.007519364 -5.49666e-5 -0.9999703 -0.007712781 3.84654e-6 -0.9999688 -0.007914245 1.73411e-4 -0.9999694 -0.00783044 -2.3812e-4 -0.9999698 -0.007774889 7.3967e-5 -0.9999714 -0.007576167 -1.10824e-4 -0.9999708 -0.007642865 -3.2615e-4 -0.9999685 -0.007928729 -2.73334e-4 -0.9999691 -0.007852613 -1.42599e-4 -0.9999701 -0.007727324 -6.00748e-5 -0.9999703 -0.007720768 -1.40878e-4 -0.9999702 -0.007722437 -1.74419e-4 -0.9999704 -0.007689058 -1.4969e-4 -0.9999718 -0.007519364 -5.49662e-5 -0.9999703 -0.007712841 -3.45198e-5 -0.9999698 -0.007776319 2.42761e-6 -0.9999697 -0.007799386 2.52119e-4 -0.9999696 -0.007802426 -1.23417e-6 -0.9999705 -0.007689893 -4.70489e-5 -0.9999701 -0.007734775 -9.77076e-5 -0.9999705 -0.007679939 2.67282e-4 -0.9999685 -0.007947742 0 -0.9999699 -0.007772147 3.84705e-6 -0.9999688 -0.007914185 7.12758e-5 -0.999968 -0.008010566 -1.60904e-5 -0.9999687 -0.007929682 -7.50301e-5 -0.9999693 -0.007848381 -1.16834e-4 -0.9999695 -0.007822453 -1.37938e-4 -0.9999695 -0.007821202 2.34302e-4 -0.9999707 -0.007663846 1.04326e-4 -0.9999698 -0.007773101 1.46632e-4 -0.9999698 -0.007767736 -0.01946431 -0.9963429 -0.08319956 -0.02161258 -0.996387 -0.08213454 -0.01935267 -0.9963433 -0.08321952 0.2112873 -0.9760612 -0.05159807 0.2112873 -0.9760612 -0.05159771 0.2112874 -0.9760612 -0.05159807 0.112625 -0.9920529 -0.05609524 0.112625 -0.9920529 -0.05609506 0.112625 -0.9920529 -0.0560953 -0.1686207 -0.9841229 -0.05540186 -0.1686207 -0.9841229 -0.05540168 -0.1686207 -0.9841229 -0.05540162 -0.008027434 -0.9976472 -0.06808578 -0.008027434 -0.9976472 -0.06808578 -0.008027434 -0.9976472 -0.06808578 -0.05128365 -0.9950028 -0.08567136 -0.05128359 -0.9950028 -0.08567142 -0.05128359 -0.9950027 -0.08567148 0.03456115 -0.9971266 -0.06740957 0.03456115 -0.9971266 -0.06740969 0.03456115 -0.9971266 -0.06740969 -0.01915132 -0.9928421 -0.1178886 -5.65593e-4 -0.9941172 -0.1083082 -5.6559e-4 -0.9941172 -0.1083083 -5.6559e-4 -0.9941173 -0.1083083 -0.01876747 -0.9963129 -0.08371698 -0.1301302 -0.9798101 -0.1517844 -0.1301302 -0.97981 -0.1517844 -0.1301302 -0.97981 -0.1517844 0.04802894 -0.9905476 -0.1284866 0.04802894 -0.9905476 -0.1284866 0.04802894 -0.9905476 -0.1284866 0.001611709 -0.9889388 -0.148315 -0.4115452 -0.9028723 -0.1243073 -0.4115451 -0.9028723 -0.1243074 -0.4115452 -0.9028723 -0.1243074 -0.2540974 -0.9608917 -0.110099 -0.2540974 -0.9608917 -0.110099 -0.2540974 -0.9608917 -0.1100988 -0.1992426 -0.9784071 -0.05497378 -0.1992426 -0.978407 -0.05497378 -0.1992426 -0.978407 -0.05497378 -0.3101176 -0.9487563 -0.06073415 -0.3290261 -0.941065 -0.07834869 -0.3624315 -0.9281846 -0.08436119 -0.3623355 -0.9253855 -0.1112418 -0.4401763 -0.886991 -0.1396128 -0.4401763 -0.8869911 -0.1396128 -0.4401763 -0.8869911 -0.1396128 -0.1878817 -0.9704993 -0.1511012 -0.1878817 -0.9704993 -0.1511014 -0.1878817 -0.9704993 -0.1511012 -0.5556238 -0.8225241 -0.1213931 -0.5556238 -0.8225241 -0.1213932 -0.5556238 -0.8225241 -0.1213931 -0.4766839 -0.8707485 -0.1207051 -0.4766839 -0.8707485 -0.120705 -0.4766839 -0.8707485 -0.1207051 -0.615417 -0.785096 -0.06990176 -0.615417 -0.7850961 -0.06990176 -0.6154169 -0.7850961 -0.06990164 -0.5051664 -0.8606929 -0.06336313 -0.9782978 0.2071984 0.001553356 -0.977826 0.2094128 0.001600265 -0.9793197 0.2023121 0.001650393 -0.9800032 0.1989748 0.001701474 -0.8133402 0.5817715 0.00443989 -0.8121793 0.5833916 0.004373371 -0.8158857 0.5781959 0.004488289 -0.8173267 0.5761569 0.004496872 -0.2704742 -0.9626988 -0.00740081 -0.2704743 -0.9626988 -0.00740087 -0.2704743 -0.9626988 -0.007399916 -0.09745758 -0.9952084 -0.007898509 -0.09745752 -0.9952083 -0.00789839 -0.09745758 -0.9952084 -0.00789839 -0.08008033 -0.9967579 -0.007799685 -0.08008033 -0.9967579 -0.007799446 -0.08008033 -0.9967579 -0.007799446 -0.2539936 -0.9671769 -0.007499814 -0.2539936 -0.9671769 -0.007499814 -0.2539936 -0.9671769 -0.007499516 -0.4711085 -0.882048 -0.006945848 -0.4696958 -0.8828014 -0.006899654 -0.4773225 -0.8787004 -0.006990909 -0.4791156 -0.8777239 -0.007000029 -0.6467478 -0.7626813 -0.005897998 -0.6467478 -0.7626812 -0.005897939 -0.6467478 -0.7626813 -0.005897879 -0.8091083 -0.58763 -0.005900561 -0.8091083 -0.58763 -0.005900382 -0.8091083 -0.58763 -0.005900204 -0.765887 -0.6429558 -0.005001425 -0.765887 -0.6429558 -0.005001485 -0.765887 -0.6429558 -0.005001723 -0.9723126 -0.2336771 -0.001799345 -0.9723748 -0.2334181 -0.001799941 -0.9723113 -0.2336826 -0.001799881 -0.9722494 -0.2339403 -0.001798093 -3.57644e-6 -0.9999696 -0.007803261 3.74922e-6 -0.9999697 -0.007785201 -1.64417e-6 -0.9999696 -0.007798492 6.94407e-6 -0.9999698 -0.007777392 0.9808602 -0.1947074 -0.001500129 0.9808602 -0.1947074 -0.001500189 0.9808602 -0.1947074 -0.00150007 0.9911894 -0.132434 -0.00220257 0.9911894 -0.1324343 -0.002197086 0.9911894 -0.1324343 -0.002197146 0.9402675 -0.3404276 -0.002501964 0.9402675 -0.3404276 -0.002502024 0.9402674 -0.3404276 -0.002502024 0.8324808 -0.5540347 -0.004620194 0.82131 -0.5704652 -0.004406392 0.551795 -0.8339549 -0.006456911 0.5505985 -0.8347449 -0.006503164 0.5539103 -0.8325521 -0.006367802 0.5548775 -0.8319073 -0.006430208 0.1916952 -0.9814248 -0.007648766 0.1902994 -0.9816956 -0.007752537 0.1932172 -0.9811266 -0.007609128 0.1945834 -0.9808565 -0.007615029 0.1243036 0.007731914 -0.9922142 0.1243038 0.007689476 -0.9922145 0.1243479 0.007707238 -0.9922088 0.1243006 0.007705152 -0.9922147 0.1242933 0.007758915 -0.9922152 0.1242924 0.007758498 -0.9922153 0.1242229 0.007818102 -0.9922236 0.1241729 0.007551729 -0.992232 0.124254 0.007434785 -0.9922226 0.1242957 0.0075953 -0.9922162 0.124292 0.007674932 -0.992216 0.1243195 0.007750391 -0.9922119 0.1243215 0.007784485 -0.9922115 0.1242824 0.007767677 -0.9922166 0.1243538 0.007905125 -0.9922065 0.124283 0.007819414 -0.9922161 0.1243279 0.007730364 -0.9922112 0.1242445 0.007804632 -0.9922209 0.1242877 0.007732927 -0.9922161 0.124284 0.007750689 -0.9922164 0.1243382 0.00761193 -0.9922108 0.1242962 0.007818698 -0.9922144 0.1243013 0.007717728 -0.9922145 0.124301 0.007673084 -0.992215 0.1243007 0.007713377 -0.9922146 0.1242974 0.007709145 -0.992215 0.1241902 0.007837772 -0.9922275 0.1243196 0.00759226 -0.9922133 0.1243072 0.007775247 -0.9922134 0.1243043 0.007740318 -0.992214 0.1243073 0.007664918 -0.9922143 0.1242955 0.007660508 -0.9922157 0.1242906 0.00767672 -0.9922162 0.1242785 0.007674992 -0.9922177 0.1243124 0.007838845 -0.9922122 0.1242871 0.007718563 -0.9922163 0.1242911 0.007749438 -0.9922156 0.1242978 0.007763743 -0.9922147 0.1243021 0.00769174 -0.9922147 0.124305 0.007685184 -0.9922143 0.1243073 0.00766766 -0.9922142 0.5261273 0.5230165 -0.6705548 0.5260528 0.5229779 -0.6706435 0.5258461 0.5228707 -0.6708891 0.5257714 0.5228321 -0.6709777 0.648884 0.7608643 0.005937159 0.6487116 0.7610114 0.005910336 0.6488702 0.7608761 0.005935013 0.6489511 0.7608073 0.005891621 0.5859628 0.8103137 0.006290555 0.4707926 0.8822047 0.008314728 0.3625898 0.9319262 0.006502211 0.3625898 0.9319262 0.00650227 0.3625898 0.9319262 0.00650227 0.1644191 0.9863576 0.008074402 0.0176326 0.9998214 0.006797134 0.0176326 0.9998214 0.006797015 0.0176326 0.9998214 0.006797015 -0.05261671 0.9985843 0.007799625 -0.05261671 0.9985844 0.007799625 -0.05261671 0.9985844 0.007799804 -0.3016844 0.9533795 0.007354319 -0.3028444 0.9530113 0.007401883 -0.3008967 0.9536286 0.007334351 -0.299849 0.9539589 0.007298707 -0.5641201 0.8256676 0.006457626 -0.5652239 0.824912 0.006500124 -0.5633414 0.8261992 0.006436347 -0.5624603 0.8267996 0.006399512 -1 0 0 -1 1.32021e-6 0 -1 1.86895e-5 0 -1 1.76751e-6 0 -1 1.73416e-7 0 -1 3.88786e-7 0 -0.1951422 0.9807457 0.007581055 -0.2139087 0.9768149 0.008700013 -0.2139087 0.9768149 0.008700191 -0.2139087 0.9768151 0.008688032 -0.5553054 0.8316279 0.00556755 -0.6056126 0.7957164 0.008300304 -0.6056126 0.7957164 0.008300125 -0.6056126 0.7957164 0.008300006 -0.8315083 0.5555068 0.002500176 -0.8315083 0.5555068 0.002488374 -0.8315083 0.5555068 0.002500295 -0.8863694 0.4629345 0.006401836 -0.8863694 0.4629345 0.006401896 -0.8863694 0.4629345 0.006401836 -0.9807629 0.1952006 -9.01494e-4 -0.980763 0.1952006 -9.0155e-4 -0.980763 0.1952006 -9.01537e-4 -0.9914938 0.1301503 0.001006126 1.28152e-5 0.9999697 0.007793247 1.78975e-5 0.999969 0.007877469 4.5662e-6 0.9999691 0.007875442 0 0.9999691 0.007876634 0 0.9999691 0.007876813 3.51692e-4 0.9999691 0.007855653 -1.08402e-5 0.9999724 0.007432103 -2.31122e-6 0.9999707 0.007663726 -7.44305e-7 0.9999704 0.007689535 0 0.9999678 0.008033931 -1.61723e-7 0.9999696 0.007805407 -6.2603e-6 0.9999697 0.007788538 8.60783e-6 0.9999692 0.00786364 0 0.9999697 0.00779885 0 0.9999701 0.007729709 -1.64231e-4 0.999968 0.008001267 -3.68489e-6 0.9999702 0.007730484 -2.73169e-5 0.9999682 0.007977962 -1.47347e-6 0.9999693 0.007851958 1.91719e-6 0.9999696 0.007803082 1.39354e-5 0.9999706 0.007667899 -5.55395e-6 0.9999705 0.007683932 6.76319e-6 0.99997 0.007755815 7.20797e-6 0.9999696 0.007817149 -5.34207e-6 0.9999697 0.007791519 1.50423e-5 0.9999722 0.007455408 3.49037e-6 0.9999701 0.007734477 -2.24361e-5 0.9999691 0.007858812 -3.63733e-5 0.9999696 0.007807314 -1.03161e-5 0.9999695 0.00781244 2.23959e-7 0.9973614 0.07259565 2.24427e-7 0.9973614 0.07259559 0 0.9973614 0.07259565 0.00142014 0.9792768 0.2025217 0 0.9640274 0.2658035 1.33454e-7 0.9640274 0.2658035 -3.26421e-7 0.9640274 0.2658035 0 0.8271528 0.5619773 0 0.8271498 0.5619816 0 0.8271499 0.5619816 0 0.8271528 0.5619772 0 0.5491163 0.8357459 0 0.5491164 0.835746 0 0.5491163 0.8357459 0 0.5490763 0.8357723 0 0.1872313 0.9823158 0 0.1872301 0.9823161 0 0.1875597 0.9822533 0 0.1875609 0.982253 -0.03090441 0.9787822 0.2025595 -0.03081715 0.9788124 0.2024267 -0.03104472 0.9787335 0.2027729 -0.08768481 0.8239229 0.5598772 -0.08770334 0.8239006 0.5599072 -0.08766925 0.8239468 0.5598445 -0.1306704 0.5443007 0.8286508 -0.1306481 0.5443334 0.8286327 -0.1306053 0.544342 0.8286339 -0.1535863 0.1850775 0.970648 -0.1536224 0.1850056 0.9706561 -0.1535109 0.1851986 0.9706369 -0.153536 0.1851591 0.9706404 -0.3395003 0.1877979 0.9216678 -0.3395003 0.1877976 0.9216678 -0.3395003 0.1877977 0.9216678 -0.4490841 0.1397895 0.8824865 -0.449084 0.1397896 0.8824865 -0.4794161 0.1871291 0.8574047 -0.4794162 0.1871291 0.8574047 -0.4794162 0.1871291 0.8574048 -0.693798 0.1873553 0.6953722 -0.6938312 0.1873288 0.6953461 -0.6937769 0.187406 0.6953795 -0.6938002 0.1874242 0.6953513 -0.874297 0.1892271 0.4469876 -0.874266 0.1892852 0.4470237 -0.8742733 0.1893184 0.4469954 -0.8742704 0.1893238 0.4469988 -0.9691401 0.1917381 0.1549326 -0.9691476 0.1916537 0.1549893 -0.9691592 0.1916753 0.1548905 -0.9691686 0.1915946 0.1549322 -0.1305829 0.5444186 0.8285871 -0.3787684 0.5449848 0.7480148 -0.3789121 0.5450144 0.7479204 -0.3789088 0.5449957 0.7479358 -0.3789216 0.544983 0.7479386 -0.5902249 0.5461845 0.5944049 -0.5901619 0.5462505 0.5944068 -0.5902386 0.5461708 0.5944038 -0.5900834 0.5463472 0.5943958 -0.7437044 0.5478032 0.3831649 -0.7436277 0.547807 0.3833086 -0.7436928 0.5477669 0.3832396 -0.7437118 0.547734 0.3832497 -0.8243616 0.5497754 0.1348143 -0.8243626 0.5497782 0.1347969 -0.8243972 0.5497446 0.1347236 -0.8243095 0.5498223 0.1349416 -0.08766436 0.8239623 0.5598225 -0.2543711 0.8243749 0.5056695 -0.2543917 0.8243625 0.5056793 -0.2542132 0.8244612 0.505608 -0.2542874 0.8244111 0.5056524 -0.3962292 0.8251751 0.4026024 -0.3960793 0.8252525 0.4025911 -0.3961455 0.825223 0.4025862 -0.3961659 0.8252114 0.4025901 -0.4992827 0.82626 0.2607898 -0.4992576 0.8262766 0.2607855 -0.4990996 0.826444 0.2605569 -0.4994477 0.8262425 0.2605295 -0.5534586 0.827537 0.09416007 -0.5534499 0.8275606 0.09400433 -0.5534074 0.8275784 0.09409809 -0.5533974 0.8275851 0.09409767 -0.03111642 0.9787088 0.2028821 -0.08929711 0.9789419 0.1835725 -0.089679 0.9788489 0.1838815 -0.08949792 0.9789454 0.1834562 -0.08952718 0.9789414 0.1834633 -0.1395571 0.9792146 0.1471831 -0.1395367 0.9792186 0.1471756 -0.1394947 0.9792306 0.1471356 -0.1399105 0.9791476 0.1472923 -0.17589 0.9795891 0.0973041 -0.1759382 0.979583 0.09727799 -0.1759435 0.9795858 0.09723973 -0.1759576 0.9795911 0.09716093 -0.1950778 0.9800289 0.03857582 -0.1949446 0.9800519 0.03866386 -0.1949974 0.9800478 0.03850054 -0.1950579 0.9800359 0.03850185 -0.9808713 0.1946522 0.001495003 -0.9808758 0.1946292 0.001492142 -0.9808104 0.1949586 0.001497626 -0.8313672 0.5557072 0.00427556 -0.8314353 0.5556049 0.004298448 -0.8314785 0.5555403 0.004304826 -0.555561 0.8314504 0.006497144 -0.5553049 0.8316214 0.00651431 -0.5552318 0.8316702 0.006508946 -0.555607 0.8314197 0.006499826 -0.195114 0.9807512 0.007600367 -0.1951429 0.980746 0.007519125 -0.1952449 0.9807257 0.007525742 -0.195122 0.9807496 0.007600724 -0.9807789 0.1951162 0.001561105 -0.9807869 0.1950764 0.001555442 -0.8314825 0.5555344 0.004301071 -0.1951054 0.9805079 -0.02320182 -0.1950043 0.9805249 -0.02333086 -0.1950139 0.9805237 -0.02330064 -0.5534308 0.8289247 -0.08122986 -0.5534343 0.8289213 -0.08124172 -0.5534261 0.8289293 -0.08121526 -0.9691795 0.1940385 -0.1517903 -0.9691804 0.1938409 -0.1520374 -0.969154 0.194069 -0.1519144 -0.8243443 0.551824 -0.1262809 -0.8243427 0.5518192 -0.1263129 -0.8243362 0.5518396 -0.1262659 -0.9691531 0.1940505 -0.1519439 -0.8742865 0.1962286 -0.4439792 -0.8742865 0.1962287 -0.4439792 -0.8742865 0.1962287 -0.4439792 -0.9081711 0.1116439 -0.4034364 -0.9081712 0.1116439 -0.4034364 -0.9081711 0.1116439 -0.4034364 -0.8225712 0.1990101 -0.5327021 -0.8225713 0.1990105 -0.5327019 -0.8225713 0.1990103 -0.5327021 -0.6938821 0.1982694 -0.692255 -0.6938332 0.1982184 -0.6923186 -0.6940994 0.1980522 -0.6920992 -0.6938311 0.1980864 -0.6923586 -0.534165 0.2011615 -0.8210979 -0.534165 0.2011615 -0.8210979 -0.5341651 0.2011615 -0.8210979 -0.4497287 0.1445896 -0.8813843 -0.4497286 0.1445896 -0.8813841 -0.3990517 0.2010435 -0.8946169 -0.3990517 0.2010435 -0.8946169 -0.1535845 0.2002009 -0.9676422 -0.1535191 0.2002739 -0.9676375 -0.1535006 0.2003105 -0.9676328 -0.1535035 0.2003074 -0.9676331 -0.8243721 0.5517785 -0.1262975 -0.743655 0.5537623 -0.3745992 -0.7436996 0.5537027 -0.3745989 -0.7437062 0.5537194 -0.3745609 -0.7436983 0.5537247 -0.3745689 -0.5901892 0.5553134 -0.5859213 -0.590171 0.5554022 -0.5858555 -0.5902324 0.555205 -0.5859807 -0.5903671 0.5550534 -0.5859885 -0.3789949 0.5565845 -0.7393082 -0.3788499 0.5565814 -0.7393848 -0.3789025 0.5565813 -0.739358 -0.3788257 0.5565569 -0.7394157 -0.1308628 0.5571722 -0.8200209 -0.1306259 0.5572357 -0.8200155 -0.1306077 0.5571642 -0.8200669 -0.130591 0.5571603 -0.8200723 -0.5534079 0.8289467 -0.08116197 -0.4993292 0.8301963 -0.2478803 -0.4993436 0.830195 -0.2478556 -0.4992929 0.8302102 -0.2479069 -0.4992688 0.8302225 -0.2479137 -0.3962297 0.8312758 -0.3898494 -0.3962664 0.8312386 -0.3898916 -0.3962254 0.8312782 -0.3898488 -0.3962312 0.8312672 -0.3898662 -0.2544016 0.8320733 -0.4928833 -0.2544019 0.832082 -0.4928684 -0.2544053 0.8321241 -0.4927957 -0.2543908 0.8323042 -0.4924988 -0.08771646 0.8325194 -0.5470077 -0.08771401 0.8325219 -0.5470042 -0.08771967 0.8325163 -0.5470119 -0.08752131 0.8327678 -0.5466607 -0.1949774 0.980531 -0.02329611 -0.1758884 0.9809901 -0.08198761 -0.175916 0.9809822 -0.08202117 -0.1758934 0.9809913 -0.08196181 -0.1758918 0.9809891 -0.08199125 -0.1395772 0.9813937 -0.131851 -0.1395828 0.9813814 -0.131937 -0.1397572 0.981355 -0.1319486 -0.1395541 0.9813832 -0.1319542 -0.0895701 0.9816675 -0.1682447 -0.08963572 0.9816486 -0.1683197 -0.08959323 0.9816589 -0.1682827 -0.0895918 0.9816604 -0.1682749 -0.03090035 0.9817968 -0.1874042 -0.03088653 0.9818171 -0.1873002 -0.03090482 0.9817879 -0.1874501 -0.03090429 0.9817876 -0.1874512 -1.23751e-4 0.9817666 -0.1900907 0 0.9822489 -0.1875822 -3.1389e-4 0.9810035 -0.1939901 -3.02022e-4 0.9806917 -0.1955597 2.67918e-4 0.8359767 -0.5487649 -4.98699e-4 0.8218506 -0.569703 -4.98704e-4 0.8218506 -0.5697029 -4.98647e-4 0.8218506 -0.5697029 4.98409e-4 0.5619789 -0.8271515 4.98377e-4 0.5619789 -0.8271515 4.9832e-4 0.5619789 -0.8271515 -7.46012e-4 0.5271179 -0.8497919 6.92569e-4 0.2025218 -0.9792776 0 0.1786277 -0.9839168 -0.9799925 0.1952042 -0.0388599 -0.9799925 0.1952042 -0.0388599 -0.9799926 0.1952042 -0.0388599 -0.9802483 0.03521692 -0.1946102 -0.9802483 0.03521698 -0.1946102 -0.9802483 0.03521698 -0.1946102 -0.5499028 0.1487026 -0.8218847 -0.5498772 0.1487883 -0.8218864 -0.5499862 0.1488254 -0.8218067 -0.1922696 0.1749071 -0.9656293 -0.1922562 0.1750022 -0.9656147 -0.1921901 0.1748951 -0.9656473 -0.8259751 0.2971851 -0.4790055 -0.825982 0.2971934 -0.4789886 -0.8259812 0.2971919 -0.4789909 -0.8260231 0.4632223 -0.3211094 -0.8260243 0.4632447 -0.3210734 -0.8260963 0.4631526 -0.3210213 -0.8260175 0.4632354 -0.3211043 -0.826011 0.5527872 -0.1101471 -0.8259924 0.5528061 -0.1101921 -0.8260586 0.5526856 -0.1102985 -0.8259816 0.5528114 -0.1102454 -0.550153 0.1490708 -0.8216507 -0.5474429 0.4411271 -0.7111351 -0.5474782 0.4411862 -0.7110714 -0.5474814 0.4411939 -0.7110641 -0.5474484 0.441197 -0.7110875 -0.5475111 0.6877025 -0.4767568 -0.5475031 0.6877413 -0.4767099 -0.5475109 0.6877025 -0.4767568 -0.5475742 0.687619 -0.4768046 -0.5475002 0.8206416 -0.1636798 -0.5474736 0.8206504 -0.1637241 -0.5474548 0.8206667 -0.1637055 -0.5474119 0.8207016 -0.1636742 -0.1921975 0.1748545 -0.9656533 -0.1912595 0.5174679 -0.8340545 -0.1911483 0.5174893 -0.8340666 -0.19126 0.5174679 -0.8340544 -0.1910153 0.5174728 -0.8341075 -0.1910248 0.8065634 -0.5594328 -0.1911414 0.806714 -0.5591758 -0.1910285 0.8065606 -0.5594355 -0.1912425 0.8066323 -0.5592589 -0.1912589 0.9625787 -0.1919959 -0.1912179 0.9626045 -0.1919075 -0.1912633 0.9625778 -0.1919959 -0.1912476 0.9625765 -0.1920176 -0.9799939 0.163555 -0.1134103 -0.9799939 0.163555 -0.1134102 -0.9799939 0.163555 -0.1134103 -0.8276251 0.1000945 -0.5522842 -0.8276578 0.1000643 -0.5522406 -0.8276259 0.1000491 -0.5522913 -0.8276028 0.09999436 -0.5523357 -0.8259513 0.2972249 -0.4790217 -0.9799797 0.1049017 -0.1692199 -0.9799797 0.1049018 -0.1692199 -0.9799797 0.1049017 -0.1692199 -0.9699845 0.175592 -0.1682193 -0.9699845 0.1755918 -0.1682192 -0.9699845 0.1755917 -0.1682192 -0.8830853 0.4365855 -0.1719118 -0.8830851 0.4365857 -0.171912 -0.8830853 0.4365853 -0.1719117 -0.8697025 0.4189895 -0.2608938 -0.8697025 0.4189895 -0.2608937 -0.8697024 0.4189895 -0.2608938 -0.9199059 0.2836228 -0.2707979 -0.9199058 0.2836228 -0.2707979 -0.9199059 0.2836228 -0.2707978 -0.4044591 0.8987832 -0.1691203 -0.4044591 0.8987832 -0.1691204 -0.4044591 0.8987833 -0.1691204 -0.395583 0.8480328 -0.3526395 -0.3955833 0.8480327 -0.3526394 -0.3955829 0.8480328 -0.3526396 -0.2078157 0.9681249 -0.1398108 -0.2078157 0.9681248 -0.1398108 -0.2078156 0.9681249 -0.1398109 -0.1037252 0.9906803 -0.08828186 -0.1037252 0.9906803 -0.08828192 -0.1037253 0.9906803 -0.08828186 -0.03340119 0.9858283 -0.164399 -0.03288859 0.9857023 -0.1652554 -0.03163105 0.9850963 -0.1690704 -0.03201913 0.9849033 -0.1701186 -0.09548944 0.8456507 -0.5251255 -0.09552466 0.8455902 -0.5252166 -0.09550315 0.8456177 -0.525176 -0.09599483 0.8455203 -0.5252432 -0.1493893 0.542098 -0.8269298 -0.149531 0.5422283 -0.8268187 -0.1495375 0.5422343 -0.8268135 -0.1492274 0.5423756 -0.8267768 -0.1741028 0.1817173 -0.9678156 -0.1741364 0.1816893 -0.9678149 -0.1741021 0.1816736 -0.967824 -0.1740942 0.1817175 -0.9678171 -0.8326459 0.1769877 -0.5247632 -0.8326821 0.176904 -0.5247337 -0.8326075 0.1769415 -0.5248395 -0.8326642 0.1768835 -0.524769 -0.7573806 0.4480517 -0.4749994 -0.7573808 0.4480516 -0.4749991 -0.7573804 0.4480518 -0.4749996 -0.7400782 0.5313077 -0.4123063 -0.7400782 0.5313078 -0.4123063 -0.7400782 0.5313077 -0.4123063 -0.6050776 0.6775696 -0.4180678 -0.6050776 0.6775696 -0.4180678 -0.6050776 0.6775696 -0.4180678 -0.5132811 0.7807217 -0.3563935 -0.513281 0.7807218 -0.3563935 -0.533886 0.1791622 -0.8263576 -0.5335398 0.1793335 -0.8265439 -0.5335797 0.179401 -0.8265036 -0.5338225 0.1791853 -0.8263936 -0.458542 0.5382508 -0.7071247 -0.4586473 0.5384451 -0.7069086 -0.4586108 0.5383721 -0.7069877 -0.4586293 0.5384379 -0.7069256 -0.2943758 0.8431906 -0.4498585 -0.2943655 0.8431929 -0.4498608 -0.2943886 0.843173 -0.4498831 -0.2943808 0.8431776 -0.4498794 -0.08401554 0.9889027 -0.1225275 -0.08401554 0.9889026 -0.1225275 -0.0840156 0.9889027 -0.1225275 -0.07914245 0.9865031 -0.1433466 -0.07914245 0.9865031 -0.1433466 -0.07914251 0.986503 -0.1433467 0 -0.007799744 0.9999696 0 -0.007799744 0.9999697 0 -0.007799744 0.9999696 -0.9877121 -0.00118792 0.1562803 -0.9877121 -0.00118792 0.1562803 -0.9877121 -0.00118792 0.1562803 -0.980753 0.003437638 0.1952223 -0.9807531 0.003437697 0.1952223 -0.980753 0.003437638 0.1952223 -0.8912133 -0.007248938 0.4535266 -0.8314675 0.003093361 0.5555649 -0.8314675 0.003093361 0.5555649 -0.8314675 0.003093361 0.5555649 -0.7071034 -0.01046538 0.7070327 -0.5558798 8.60424e-4 0.8312624 -0.156295 -0.007698059 0.9876804 -0.156295 -0.007698059 0.9876804 -0.156295 -0.007698118 0.9876804 -0.195187 -0.002676188 0.9807625 -0.195187 -0.002676248 0.9807625 -0.195187 -0.002676188 0.9807625 -0.3460828 -0.007299721 0.9381757 -0.3460828 -0.007299602 0.9381757 -0.3460828 -0.007327377 0.9381754 -0.4885132 -0.006799578 0.87253 -0.4885132 -0.006799697 0.87253 -0.4885132 -0.006799578 0.87253 -0.1562938 0.007698059 -0.9876806 -0.1562939 0.007698059 -0.9876807 -0.1562938 0.007697999 -0.9876806 -0.2588679 0.0205968 -0.9656932 -0.707054 0.01420408 -0.707017 -0.7071488 0.01426863 -0.7069208 -0.7071183 0.01419562 -0.7069527 -0.7070829 0.01428467 -0.7069864 -0.5446637 0.006498873 -0.8386295 -0.5446637 0.006498873 -0.8386294 -0.5446637 0.006498813 -0.8386294 -0.4065897 0.007127344 -0.9135831 -0.9876601 0.001221418 -0.1566081 -0.9658341 0.01508134 -0.2587222 -0.9136192 0.003171265 -0.4065586 -0.8387109 0.004198372 -0.5445608 -0.8387109 0.004198372 -0.5445608 -0.8387109 0.004198253 -0.5445608 0 0.007799744 -0.9999696 0 0.007799744 -0.9999697 0 0.007799744 -0.9999697 0 0.007799744 -0.9999696 -0.1951257 0.007649838 -0.9807484 -0.1951224 0.007649838 -0.9807491 -0.1951225 0.007649838 -0.9807491 -0.1951259 0.007649838 -0.9807485 -0.5555853 0.006498932 -0.8314342 -0.5553064 0.006486475 -0.8316206 -0.5557047 0.006504297 -0.8313544 -0.5557048 0.006504297 -0.8313543 -0.8314824 0.004298031 -0.5555346 -0.831456 0.004299879 -0.5555742 -0.8314825 0.00429815 -0.5555343 -0.8314557 0.004299879 -0.5555744 -0.9807831 0.00150001 -0.1950958 -0.9807831 0.00149995 -0.1950959 -0.9808111 0.001505255 -0.194955 -0.9808763 0.001518309 -0.1946259 0 0.9638214 0.2665492 0.007573485 0.9792495 0.2025166 0 0.8933971 0.4492679 0 0.8933971 0.4492679 1.36843e-7 0.8933971 0.4492679 0 0.7885887 0.6149211 0 0.7885887 0.6149211 0 0.7885887 0.6149211 0.007587671 0.7015016 0.7126275 0.007587671 0.7015016 0.7126275 0.007587671 0.7015016 0.7126275 0 0.1872297 0.9823162 0.005674362 0.2511607 0.9679288 0 0.4349621 0.9004488 0 0.6024547 0.7981532 -2.02459e-4 0.9999676 0.008045852 1.29091e-4 0.9999689 0.007899522 8.10003e-5 0.9999688 0.007903575 -1.96221e-4 0.9999685 0.007941365 8.03203e-5 0.9999694 0.007831454 2.33769e-4 0.9999706 0.00767219 1.46107e-4 0.9999679 0.008006572 -7.45576e-5 0.99997 0.007761538 1.35039e-5 0.9999696 0.007804334 5.24007e-5 0.9999691 0.007862567 2.12965e-5 0.99997 0.007754087 -4.30326e-5 0.9999698 0.007774949 0 0.9999696 0.007803857 -4.24154e-5 0.9999699 0.007769644 2.28785e-6 0.9999696 0.007817327 2.09836e-6 0.9999696 0.007803201 -1.46832e-4 0.9999712 0.007597386 5.78382e-5 0.999969 0.007883846 -9.03837e-6 0.9999684 0.007948577 -5.08774e-5 0.9999696 0.007817506 -1.18307e-4 0.9999712 0.00760746 7.67736e-6 0.9999695 0.00781995 4.02248e-5 0.9999687 0.00792104 -1.28594e-4 0.999969 0.007881581 2.24037e-4 0.9999694 0.007829248 1.17713e-4 0.9999709 0.007646918 -1.12145e-4 0.9999701 0.007738232 -6.1097e-5 0.9999697 0.007791757 1.45949e-5 0.9999676 0.008046984 2.41754e-5 0.9999697 0.00778526 5.79554e-5 0.9999706 0.007672846 2.04757e-6 0.9999688 0.007899045 5.45511e-6 0.9999697 0.007789671 3.34269e-5 0.9999705 0.007682919 1.63373e-4 0.999969 0.007892072 5.14253e-5 0.9999682 0.007970452 5.03328e-5 0.9999691 0.007872045 -8.98066e-7 0.9999685 0.007945239 2.82744e-5 0.999969 0.007885038 -4.38082e-5 0.9999697 0.007794797 -1.02639e-4 0.9999696 0.007807552 4.34874e-5 0.9999696 0.007796764 -2.06187e-4 0.9999705 0.007679224 -9.74532e-5 0.9999693 0.007843673 5.36269e-5 0.9999699 0.007760226 4.89894e-5 0.9999691 0.007868111 2.31482e-5 0.9999696 0.007808446 3.30113e-6 0.9999706 0.007674038 0.4726546 0.4953168 -0.7288752 0.4726545 0.4953167 -0.7288753 0.4726545 0.4953167 -0.7288753 -0.172905 0.07162678 -0.9823306 -0.1729048 0.07162684 -0.9823307 -0.172905 0.07162684 -0.9823307 -0.09368264 0.4863556 -0.8687243 -0.09368246 0.4863555 -0.8687244 -0.0936827 0.4863556 -0.8687242 -0.1831305 0.2612462 -0.9477414 -0.1831306 0.2612462 -0.9477413 -0.1831305 0.2612461 -0.9477414 -0.1607683 0.2773824 -0.9472131 -0.1607684 0.2773823 -0.9472131 -0.1607683 0.2773824 -0.9472131 -0.2031283 0.157411 -0.9664164 -0.2031283 0.1574109 -0.9664165 -0.2031283 0.1574109 -0.9664165 -0.3770855 0.1276106 -0.9173451 -0.3770855 0.1276105 -0.9173452 -0.3770855 0.1276106 -0.9173452 -0.02923011 0.8353797 -0.5488955 -0.02923011 0.8353798 -0.5488955 -0.02923017 0.83538 -0.5488954 -0.1444 0.9719725 -0.1855213 -0.1444001 0.9719726 -0.1855212 -0.1444002 0.9719725 -0.1855212 -0.2144649 0.9373348 -0.2746059 -0.2144649 0.9373348 -0.2746059 -0.2144649 0.9373348 -0.2746059 -0.4643592 0.818078 -0.3392919 -0.4644719 0.8179941 -0.3393399 -0.4643892 0.8180622 -0.3392891 -0.4643191 0.8180984 -0.3392977 -0.7274154 0.5488218 -0.4118999 -0.7274191 0.5488008 -0.4119213 -0.7274149 0.5488238 -0.411898 -0.7274164 0.5488147 -0.4119076 -0.8700652 0.1948533 -0.4527899 -0.8699969 0.1951777 -0.4527818 -0.870081 0.1949451 -0.4527201 -0.8699437 0.1952486 -0.4528533 -0.261282 0.6738466 -0.6911314 -0.266007 0.6737248 -0.6894456 -0.2629766 0.6724282 -0.6918697 -0.2672408 0.6705979 -0.6920123 -0.2675274 0.670417 -0.6920768 -0.481941 0.4507898 -0.7513465 -0.4819322 0.4508215 -0.7513332 -0.4819466 0.4508846 -0.7512861 -0.4819692 0.4507767 -0.7513363 -0.5981992 0.1624994 -0.7846986 -0.5981839 0.162452 -0.7847199 -0.5981899 0.1625255 -0.7847002 -0.5982117 0.1624768 -0.7846937 -0.1951032 0.9807742 -0.004082798 -0.5462078 0.8338984 -0.0791859 -0.5462074 0.8338987 -0.07918578 -0.5462077 0.8338985 -0.07918596 -0.5542567 0.8300681 -0.06153482 -0.5542567 0.8300681 -0.06153482 -0.5542569 0.830068 -0.06153482 -0.8255507 0.5545327 -0.1046881 -0.8237506 0.5563605 -0.1090776 -0.824999 0.5555716 -0.1035225 -0.8267027 0.5531964 -0.1026466 -0.9725087 0.1949831 -0.1273121 -0.9722233 0.1956974 -0.1283921 -0.9725797 0.1948235 -0.1270143 -0.9726879 0.1945016 -0.1266782 -1.41863e-5 0.007813096 -0.9999695 0 0.007646858 -0.9999708 1.19446e-5 0.007719159 -0.9999702 -9.68171e-5 0.007861793 -0.9999692 -7.36195e-5 0.007846951 -0.9999693 -7.48058e-5 0.007841527 -0.9999693 2.5931e-4 0.007458508 -0.9999722 -3.60291e-5 0.007840037 -0.9999693 -0.9914283 0.001001119 -0.1306484 -0.9807197 -0.003498733 -0.1953886 -0.9807197 -0.003498852 -0.1953886 -0.9807196 -0.003498852 -0.1953886 -0.8864194 0.009502947 -0.4627855 -0.8864194 0.009502887 -0.4627856 -0.8864194 0.009502828 -0.4627855 -0.831233 3.99853e-4 -0.5559241 -0.831233 3.99911e-4 -0.5559241 -0.831233 3.99857e-4 -0.5559241 -0.6056581 0.01050794 -0.7956557 -0.6056581 0.010508 -0.7956557 -0.6056581 0.01050806 -0.7956557 -0.5558599 0.004398584 -0.8312644 -0.5558598 0.004398524 -0.8312644 -0.5558599 0.004389524 -0.8312645 -0.3799278 0.007344126 -0.924987 -0.3799281 0.007399559 -0.9249866 -0.3799281 0.007399618 -0.9249866 -0.1732895 0.004986226 -0.9848583 -0.1955675 0.007661521 -0.9806604 -0.1955674 0.007661581 -0.9806603 -0.1955675 0.007661521 -0.9806604 -0.1323879 -0.1307466 -0.982537 -0.1320226 -0.1306002 -0.9826055 -0.1324592 -0.1307281 -0.9825298 -0.8178937 -0.5280412 -0.2285222 -0.8177079 -0.5289365 -0.2271126 -0.8169511 -0.5325183 -0.2213941 -0.8168579 -0.5332072 -0.2200762 -0.6888225 -0.4413991 -0.575057 -0.6889129 -0.4421504 -0.5743709 -0.6896569 -0.4460575 -0.5704438 -0.6898301 -0.4467955 -0.5696562 -0.4596481 -0.2908254 -0.8391332 -0.4601075 -0.2913747 -0.8386906 -0.4611048 -0.2942227 -0.8371472 -0.4611166 -0.294987 -0.8368716 -0.9202075 -0.3247014 -0.2186032 -0.9203398 -0.3255785 -0.2167333 -0.9204511 -0.3306041 -0.2084971 -0.9201791 -0.3318208 -0.2077631 -0.7768104 -0.2717947 -0.5680611 -0.7782635 -0.2712858 -0.5663127 -0.7790695 -0.2760526 -0.5628905 -0.779157 -0.2775818 -0.5620167 -0.5190109 -0.1779841 -0.836032 -0.5186451 -0.1813943 -0.8355258 -0.5206314 -0.1818299 -0.8341947 -0.5217036 -0.1821677 -0.8334509 -0.5548179 -0.05830174 -0.8299266 -0.5544435 -0.05645644 -0.8303043 -0.5539155 -0.05470204 -0.830774 -0.5513048 -0.05460292 -0.8325153 -0.8273202 -0.0924856 -0.554065 -0.8264955 -0.09219473 -0.5553426 -0.8240087 -0.08848536 -0.5596249 -0.8235097 -0.08714228 -0.5605693 -0.9742767 -0.113013 -0.1949692 -0.9740359 -0.1116384 -0.1969543 -0.9729898 -0.1061359 -0.2050027 -0.9727804 -0.1059796 -0.206075 -0.6734183 -0.7002179 -0.2370712 -0.6724146 -0.7014925 -0.2361505 -0.6704606 -0.7046791 -0.2321854 -0.6717078 -0.7042805 -0.2297772 -0.5657243 -0.585527 -0.5806154 -0.5673575 -0.5861189 -0.5784204 -0.5659613 -0.588618 -0.5772493 -0.5653823 -0.5900065 -0.5763986 -0.377007 -0.3865166 -0.8417071 -0.3770809 -0.3869581 -0.8414711 -0.3771992 -0.388211 -0.8408407 -0.3774067 -0.3899771 -0.8399299 -0.1331187 -0.1309078 -0.9824168 -0.1621914 -0.09727358 -0.9819531 -0.1616913 -0.09660911 -0.9821012 -0.1622025 -0.09725445 -0.9819532 -0.1621785 -0.09799045 -0.981884 -0.1829876 -0.05793631 -0.9814067 -0.1827148 -0.05683243 -0.981522 -0.1828209 -0.05740165 -0.9814691 -0.1836051 -0.05830872 -0.9812692 -0.1943216 -0.01400554 -0.980838 -0.1940383 -0.01342076 -0.9809022 -0.1943272 -0.01405209 -0.9808362 -0.1952958 -0.01464736 -0.980635 -0.1944738 -0.006484925 0.9808863 -0.1919202 -0.007600665 0.9813812 -0.1928203 -0.007400274 0.9812062 -0.195145 -0.007377982 0.9807467 -0.5544103 -0.006773173 0.832216 -0.55529 -0.007014214 0.8316273 -0.552123 -0.006426036 0.833738 -0.5511777 -0.00640136 0.8343634 -0.8306623 -0.004469931 0.5567587 -0.8315379 -0.004690468 0.5554484 -0.8296737 -0.003587365 0.5582373 -0.8292131 -0.004200458 0.5589169 -0.980749 -0.001774728 0.1952649 -0.9808109 -0.001702189 0.1949541 -0.9805915 -0.001577496 0.1960554 -0.980489 -0.001495659 0.1965684 -1 4.0304e-7 0 -1 7.6024e-7 0 -1 3.92178e-7 0 -1 -4.72996e-7 0 -1 -2.4199e-7 0 -0.5533788 -0.8289915 0.08090162 -0.5533788 -0.8289916 0.08090126 -0.5533787 -0.8289916 0.08090114 -0.1133056 -0.9883034 0.1020695 -0.1133056 -0.9883034 0.1020695 -0.1133056 -0.9883034 0.1020696 -0.03132927 -0.9975837 0.06201183 0.1289076 -0.9910492 0.03470289 0.1289076 -0.9910492 0.03470289 0.1289076 -0.9910492 0.03470283 -0.3623369 -0.9299163 0.06298977 -0.362337 -0.9299163 0.06298983 -0.362337 -0.9299163 0.06298983 -0.3335881 -0.9397221 0.07510834 -0.3335881 -0.9397222 0.07510834 -0.5835179 -0.8102086 0.05539792 -0.5835179 -0.8102086 0.05539774 -0.5835179 -0.8102086 0.05539786 -0.5656403 -0.82287 0.0541861 -0.5656403 -0.82287 0.0541861 -0.5656403 -0.82287 0.0541861 -0.4375862 -0.8974744 0.05530172 -0.4375861 -0.8974744 0.0553016 -0.4375862 -0.8974744 0.05530172 -0.5260898 -0.8431659 0.1109099 -0.5260898 -0.8431658 0.11091 -0.5260898 -0.8431658 0.1109099 -0.4768613 -0.8724295 0.1070988 -0.4768613 -0.8724295 0.1070987 -0.4768613 -0.8724295 0.1070986 -0.3422732 -0.9334888 0.1069943 -0.3422732 -0.9334888 0.1069943 -0.3422732 -0.9334888 0.1069943 -0.3621745 -0.9256222 0.109787 -0.3621745 -0.9256222 0.109787 -0.3621745 -0.9256222 0.109787 -0.7298915 -0.6796651 0.07289618 -0.7298915 -0.6796651 0.07289624 -0.7298915 -0.6796651 0.0728963 -0.02152222 -0.9945005 0.1024967 0.008135557 -0.9914718 0.1300671 0.008135557 -0.9914719 0.1300671 0.008135557 -0.9914718 0.1300671 0.04712313 -0.9924252 0.1134532 -0.131061 -0.9819476 0.1363887 -0.131061 -0.9819476 0.1363888 -0.188082 -0.9726919 0.1359987 -0.188082 -0.9726919 0.1359988 -0.188082 -0.9726919 0.135999 -0.2117246 -0.9678913 0.1354961 -0.2117246 -0.9678913 0.1354962 -0.2117246 -0.9678913 0.1354963 -0.2671766 -0.962862 0.03890347 -0.2671766 -0.962862 0.03890347 -0.2671766 -0.962862 0.03890347 -0.003247261 -0.9991545 0.04098421 -0.003247261 -0.9991545 0.04098433 -0.003247261 -0.9991545 0.04098415 -0.01885002 -0.997601 0.06661158 -0.02012389 -0.9976454 0.06556594 -0.02008128 -0.9976509 0.0654934 -0.02045011 -0.9976209 0.06583619 -0.002306401 -0.9959593 0.08977651 -0.133048 -0.1336206 0.982061 -0.137058 -0.139992 0.980621 -0.1370808 -0.1377145 0.9809402 -0.1321896 -0.1440714 0.9806985 -0.1165082 -0.1472063 0.9822201 -0.1150619 -0.1499546 0.9819748 -0.1119289 -0.1525577 0.9819359 -0.6628126 -0.7006762 0.264069 -0.6628126 -0.7006762 0.264069 -0.671649 -0.6977908 0.2489491 -0.671649 -0.6977908 0.2489491 -0.6716492 -0.6977907 0.2489492 -0.8174699 -0.5269106 0.2326121 -0.8174698 -0.5269107 0.2326119 -0.8174698 -0.5269107 0.232612 -0.8086125 -0.5324844 0.2502126 -0.8086125 -0.5324843 0.2502126 -0.6785025 -0.4402484 0.5880609 -0.6785026 -0.4402485 0.5880609 -0.6785026 -0.4402485 0.5880609 -0.5515382 -0.5855504 0.5940845 -0.559305 -0.5850518 0.5872755 -0.5575776 -0.5855206 0.5884496 -0.5507473 -0.5845539 0.5957972 -0.1761541 -0.07068669 0.9818214 -0.1783588 -0.07082694 0.9814131 -0.1783477 -0.07069307 0.9814248 -0.179376 -0.06989234 0.9812948 -0.5116861 -0.1922863 0.8373789 -0.5133613 -0.192726 0.8362517 -0.5082162 -0.1867445 0.8407394 -0.156529 -0.1082658 0.9817216 -0.1573523 -0.1081737 0.9816002 -0.1573965 -0.1081697 0.9815934 -0.157736 -0.1081057 0.9815461 -0.4510412 -0.2998026 0.8406428 -0.450572 -0.3015894 0.8402553 -0.4495711 -0.29444 0.8433213 -0.5085135 -0.1842271 0.8411151 -0.7730133 -0.2852382 0.5666477 -0.7730134 -0.2852382 0.5666478 -0.7730134 -0.2852382 0.5666478 -0.9210135 -0.3253901 0.2141389 -0.913008 -0.3340957 0.2340866 -0.913008 -0.3340957 0.2340866 -0.913008 -0.3340957 0.2340866 -0.7678847 -0.2743146 0.5788822 -0.7678849 -0.2743146 0.5788822 -0.7678849 -0.2743145 0.5788822 -0.6807117 -0.4508035 0.5774149 -0.6807116 -0.4508034 0.5774149 -0.6807116 -0.4508035 0.5774149 -0.4478578 -0.2939144 0.8444156 -0.3634244 -0.3882556 0.8468651 -0.3684827 -0.3890355 0.8443174 -0.3685435 -0.3891583 0.8442344 -0.3625693 -0.3880932 0.8473058 -0.9750866 -0.1062963 0.1946985 -0.9750866 -0.106296 0.1946981 -0.9750865 -0.1062963 0.1946985 -0.9693424 -0.1176519 0.215716 -0.9693424 -0.117652 0.215716 -0.9693424 -0.117652 0.2157159 -0.825908 -0.09349805 0.5559985 -0.8259079 -0.09349799 0.5559985 -0.825908 -0.09349822 0.5559984 -0.816307 -0.1013118 0.568664 -0.5502637 -0.06536906 0.8324283 -0.5502688 -0.06653052 0.8323328 -0.5432359 -0.0697934 0.8366742 -0.5418342 -0.07059103 0.8375158 -0.1919324 -0.02737098 0.9810265 -0.1913039 -0.0282256 0.981125 -0.1901924 -0.02953279 0.9813026 -0.1887619 -0.02921265 0.9815884 -0.9934604 -0.1140397 -0.005594253 -0.9934768 -0.1138021 -0.007271111 -0.9934682 -0.1139155 -0.006656348 -0.6726794 -0.7397466 0.01665878 -0.673675 -0.7385817 0.0256766 -0.6724701 -0.739965 0.0153529 -0.6892035 -0.7212785 0.068964 -0.6892035 -0.7212785 0.068964 -0.6892035 -0.7212785 0.06896406 -0.9958692 -0.09048962 0.007499516 -0.9959752 -0.08945965 0.005523085 -0.9959466 -0.08984076 0.00437963 -0.9934307 -0.113601 0.01380014 -0.9934306 -0.113601 0.01380008 -0.9934307 -0.113601 0.01380014 -0.9621251 -0.2719475 0.01896715 -0.9631586 -0.2684842 0.01555573 -0.9622307 -0.2720129 0.01101088 -0.9406387 -0.33766 0.03442049 -0.9406387 -0.33766 0.03442049 -0.9406386 -0.33766 0.03442049 -0.8920209 -0.4511062 0.02832132 -0.8942069 -0.4472822 0.01824158 -0.8945438 -0.4458411 0.03189378 -0.7960153 -0.6019669 0.06321078 -0.7960153 -0.6019669 0.06321078 -0.7960153 -0.6019669 0.06321078 -0.8374379 -0.5452456 0.037485 -0.8374379 -0.5452457 0.03748494 -0.8374379 -0.5452457 0.03748482 -0.6406927 -0.7645919 0.07008755 -0.6406927 -0.7645919 0.07008761 -0.6406927 -0.7645919 0.07008761 -0.7041186 -0.7083274 0.04989403 -0.7041186 -0.7083274 0.04989403 -0.7041186 -0.7083274 0.04989409 -0.7661609 -0.6426109 0.006995558 -0.7661609 -0.6426109 0.006995499 -0.7661609 -0.6426109 0.006995558 -0.7961896 -0.6048734 0.01450473 -0.7937027 -0.6080395 0.01800554 -0.7950267 -0.6060841 0.02438473 -0.8292239 -0.5589127 0.002088606 -0.6901324 -0.7227831 -0.03608405 -0.8019583 -0.596158 -0.03819078 -0.8019584 -0.596158 -0.03819102 -0.8019583 -0.596158 -0.0381909 -0.8373433 -0.5461855 -0.02318954 -0.7486661 -0.6623895 -0.02719181 -0.7486661 -0.6623895 -0.02719181 -0.7486661 -0.6623895 -0.02719193 -0.67135 -0.7397374 -0.04558253 -0.67135 -0.7397375 -0.04558253 -0.67135 -0.7397375 -0.04558253 -0.8945535 -0.4467157 -0.01480847 -0.8945535 -0.4467157 -0.01480847 -0.8945535 -0.4467157 -0.01480847 -0.9619422 -0.272137 -0.02467387 -0.9619422 -0.2721369 -0.02467387 -0.9619422 -0.272137 -0.02467387 -0.9411767 -0.3378157 -0.008196532 -0.9411767 -0.3378157 -0.008196413 -0.9411767 -0.3378157 -0.008196413 -0.9958279 -0.09076917 -0.009383678 -0.996194 -0.08702254 -0.004953086 -0.9960459 -0.08883756 -7.92902e-4 -0.9934826 -0.1138743 -0.005015194 -0.8098198 -0.5864325 -0.01699668 -0.8098199 -0.5864325 -0.01699656 -0.8098198 -0.5864325 -0.01699668 -0.8401951 -0.5422839 -6.99969e-4 -0.8401951 -0.5422839 -6.99953e-4 -0.8401951 -0.5422838 -7.00074e-4 -0.8945702 -0.4469273 -6.00972e-4 -0.8945677 -0.446932 -6.00789e-4 -0.894634 -0.4467993 -5.95041e-4 -0.8945674 -0.4469326 -6.00792e-4 -0.962128 -0.2725983 -2.98795e-4 -0.962185 -0.2723969 -2.5034e-4 -0.962104 -0.2726829 -3.14269e-4 -0.962192 -0.2721468 0.01108163 -0.9959278 -0.09015166 6.9151e-4 -0.9959291 -0.09009438 0.002856492 -0.6732769 -0.7389166 0.02646929 -0.6848517 -0.7280756 0.02973377 -0.6848517 -0.7280756 0.02973383 -0.6848517 -0.7280756 0.02973383 -0.7961219 -0.6046323 0.02469861 -0.796193 -0.6045387 0.02469563 -0.8947625 -0.4461702 0.01822876 -0.8946099 -0.4464773 0.01820635 -0.04679608 -0.0694946 0.9964842 -0.04679578 -0.06949484 0.9964842 -0.04679572 -0.0694949 0.9964842 -0.1141511 -0.1460583 0.9826681 -0.1132404 -0.1505011 0.9821029 -0.1107243 -0.1518168 0.9821873 -0.153356 -0.209842 0.9656336 -0.1533561 -0.2098419 0.9656336 -0.1533561 -0.2098419 0.9656336 -0.3114657 -0.4182282 0.8532726 -0.3115055 -0.4183075 0.8532193 -0.3145522 -0.4214662 0.8505429 -0.3995102 -0.5440815 0.7378122 -0.3987506 -0.5450129 0.7375357 -0.3977994 -0.5409432 0.7410373 -0.4904361 -0.6418231 0.5895215 -0.4876897 -0.6427477 0.5907912 -0.4844599 -0.6419758 0.5942775 -0.5105076 -0.6772063 0.5298808 -0.5105077 -0.6772062 0.5298808 -0.5105077 -0.6772062 0.5298808 -0.580947 -0.7708405 0.2613536 -0.5818303 -0.7707595 0.2596219 -0.5811239 -0.7696582 0.2644268 -0.5806891 -0.7688614 0.2676796 -0.3169674 -0.4238697 0.8484494 -0.313098 -0.4199288 0.851839 -0.5810873 -0.7694968 0.2649762 -0.5823617 -0.7700886 0.2604199 -0.481395 -0.6411163 0.5976862 -0.4847576 -0.6439922 0.5918482 -0.405573 -0.5412628 0.7365767 -0.4036059 -0.5443174 0.7354052 -0.2803912 -0.3569773 0.8910376 -0.280391 -0.3569774 0.8910376 -0.2803912 -0.3569774 0.8910376 -0.5989059 -0.7988827 0.05566257 -0.5973218 -0.800124 0.0548501 -0.6019498 -0.7963502 0.05901604 -0.6016997 -0.7950969 0.07601648 -0.6017263 -0.7950741 0.07604551 -0.6015854 -0.7951952 0.07589221 -0.6019411 -0.7899411 0.1168769 -0.6019919 -0.7899038 0.116867 -0.6019411 -0.7899411 0.116877 -0.6018354 -0.7899727 0.1172068 -0.6016548 -0.7951471 0.07584691 -0.6016072 -0.7951902 0.07577151 -0.5981208 -0.796206 0.09114634 -0.5981207 -0.796206 0.09114634 -0.5981207 -0.7962059 0.09114634 -0.619681 -0.7811141 0.0765267 -0.6196811 -0.7811141 0.07652676 -0.6196811 -0.7811141 0.07652676 -0.5856692 -0.8035814 0.1060602 -0.5856692 -0.8035814 0.1060602 -0.5856692 -0.8035814 0.1060602 -0.6104503 -0.7915487 0.02830594 -0.6128653 -0.7896915 0.02799344 -0.610098 -0.7918151 0.02845102 -0.6055285 -0.7952677 0.02974396 -0.6046033 -0.7959325 0.03076261 -0.5932012 -0.8030736 0.05643945 -0.6062994 -0.7936504 0.05020219 -0.6082354 -0.7922719 0.04852795 -0.6069519 -0.7931848 0.04967272 -0.6053308 -0.794331 0.05111962 -0.6050835 -0.7941718 0.05626046 -0.6009221 -0.7972682 0.05706298 -0.5590311 -0.7685769 0.3110851 -0.5652911 -0.766339 0.3052385 -0.5658921 -0.7663145 0.3041846 -0.5626927 -0.7695345 0.3019832 -0.4790992 -0.7017998 0.5272014 -0.479099 -0.7017999 0.5272013 -0.4790989 -0.7017999 0.5272012 -0.3872544 -0.6712217 0.6320565 -0.3872544 -0.6712217 0.6320565 -0.3970823 -0.6168717 0.679555 -0.3937054 -0.6193022 0.6793091 -0.3965906 -0.6163185 0.6803436 -0.2148556 -0.4254276 0.879118 -0.2152411 -0.4249206 0.879269 -0.2155559 -0.4247975 0.8792513 -0.2043015 -0.5139843 0.8331153 -0.2043015 -0.5139843 0.8331153 -0.2043017 -0.5139843 0.8331153 -0.1548855 -0.3523672 0.9229561 -0.1548854 -0.3523673 0.9229561 -0.1548855 -0.3523672 0.9229561 -0.03962063 -0.2131496 0.9762158 -0.03818219 -0.2127512 0.9763602 -0.0373314 -0.2144243 0.976027 -0.04097396 -0.2166061 0.9753989 0.05189764 -0.0981931 0.9938133 0.05189764 -0.0981931 0.9938133 0.05189764 -0.0981931 0.9938133 0.07780086 -0.07578188 0.9940847 0.07534521 -0.07603216 0.9942547 0.07326292 -0.07474261 0.994508 0.1073913 -0.02950793 0.9937789 0.1073912 -0.02950793 0.9937789 0.1073915 -0.02950811 0.9937789 -0.5609691 -0.7700643 0.3038333 -0.563061 -0.7691447 0.3022892 -0.4185195 -0.6475489 0.636806 -0.4193087 -0.6501641 0.6336141 -0.4242153 -0.6492538 0.6312773 -0.4264988 -0.6480994 0.6309248 -0.2159819 -0.4248785 0.8791076 -0.2165038 -0.4250079 0.8789167 0.07362127 -0.07364672 0.9945633 0.07225781 -0.07473963 0.9945818 0.1242924 -0.007763206 0.9922153 0.124291 -0.007581174 0.9922169 0.12427 -0.007687985 0.9922187 0.1242696 -0.007757723 0.9922183 0.1243018 -0.007699251 0.9922146 0.1242954 -0.007774591 0.9922148 0.124294 -0.007768929 0.992215 0.1243038 -0.007706046 0.9922143 0.1242619 -0.007610738 0.9922203 0.1242991 -0.007688701 0.9922151 0.1242651 -0.007593274 0.9922201 0.1242978 -0.007458329 0.992217 0.1243126 -0.007520079 0.9922146 0.1243337 -0.007868468 0.9922093 0.1243499 -0.0077883 0.992208 0.1242331 -0.007587313 0.9922242 0.1243152 -0.007736444 0.9922127 0.1243489 -0.007877051 0.9922074 0.1242625 -0.007781624 0.9922189 0.1242909 -0.007566452 0.9922171 0.1243174 -0.007746636 0.9922122 0.1243237 -0.007804989 0.9922111 0.1243333 -0.007776319 0.99221 0.1242949 -0.007672727 0.9922156 0.1243017 -0.007700741 0.9922147 0.1242904 -0.007799863 0.9922152 0.1243031 -0.007716536 0.9922143 0.124256 -0.007731676 0.9922202 0.1243008 -0.007713794 0.9922147 0.1243058 -0.00768727 0.9922143 0.1243446 -0.007662177 0.9922096 0.1242964 -0.007883369 0.9922139 0.1241469 -0.007780909 0.9922334 0.1242356 -0.007905542 0.9922212 0.124247 -0.007840037 0.9922204 0.1242997 -0.007722377 0.9922147 0.1243152 -0.007751464 0.9922126 0.1242989 -0.007803142 0.9922142 0.1242951 -0.007510483 0.992217 0.1242961 -0.007665693 0.9922156 -0.09929287 0.5359796 0.8383715 -0.09929287 0.5359797 0.8383715 -0.09929287 0.5359796 0.8383715 -0.1173693 0.8124393 0.5711104 -0.1173692 0.8124392 0.5711103 -0.1173693 0.8124393 0.5711104 -0.1211683 0.9685798 0.2171899 -0.1211683 0.9685798 0.2171899 -0.1211683 0.9685798 0.21719 -0.7482224 0.6133204 0.2529851 -0.7482222 0.6133205 0.2529851 -0.7482222 0.6133206 0.2529852 -0.8856469 0.454724 0.09410512 -0.8856469 0.454724 0.09410512 -0.8856469 0.4547239 0.09410482 -0.9764659 0.2111857 0.04375976 -0.976466 0.2111858 0.04375976 -0.9764659 0.2111856 0.04375988 -0.1426078 0.9692406 0.2005884 -0.1426078 0.9692406 0.2005884 -0.1426079 0.9692406 0.2005884 -0.3899435 0.9017015 0.1867578 -0.3899435 0.9017015 0.1867578 -0.3899435 0.9017015 0.1867578 -0.4809135 0.8427078 0.2420035 -0.4809136 0.8427079 0.2420035 -0.4809135 0.8427078 0.2420036 -0.1014574 0.6870014 0.7195385 -0.101457 0.6870015 0.7195384 -0.1014571 0.6870015 0.7195383 -0.1017027 0.8228266 0.5591182 -0.1017027 0.8228267 0.559118 -0.4765112 0.7271918 0.4940942 -0.4764847 0.7272037 0.4941024 -0.4764795 0.7272065 0.4941034 -0.4764588 0.7272181 0.4941062 -0.7967513 0.4998404 0.3396281 -0.7967461 0.4998455 0.3396325 -0.7967383 0.4998534 0.3396392 -0.7967409 0.331754 0.5051172 -0.7967339 0.3317807 0.5051105 -0.7967412 0.3317749 0.505103 -0.7967396 0.3317822 0.5051008 -0.4764931 0.4827021 0.734815 -0.4764623 0.4827196 0.7348234 -0.4764908 0.4827148 0.7348082 -0.4765043 0.4827035 0.7348069 -0.08780425 0.5470336 0.8324931 -0.08780425 0.5470336 0.8324931 -0.08780437 0.5470336 0.8324931 -0.08809512 0.366367 0.9262908 -0.08809912 0.3663636 0.9262917 -0.087592 0.3663808 0.926333 -0.08187621 0.1820712 0.9798706 -0.08558237 0.1859217 0.9788303 -0.08576959 0.1861417 0.9787722 -0.08637279 0.1866597 0.9786204 -0.4766924 0.1647039 0.8635028 -0.4765963 0.1645735 0.8635807 -0.4765588 0.1645227 0.863611 -0.4764457 0.1643693 0.8637027 -0.7967111 0.1133133 0.5936427 -0.7967274 0.1133047 0.5936225 -0.7966839 0.1133359 0.5936749 -0.7967005 0.1133271 0.5936541 -0.976496 0.04040068 0.2117154 -0.976496 0.04040068 0.2117154 -0.9764961 0.04040074 0.2117154 -0.9764874 0.1183968 0.1801517 -0.9764874 0.1183966 0.1801517 -0.9764874 0.1183967 0.1801517 -0.5742022 0.8017053 0.1660137 -0.5742022 0.8017052 0.1660137 -0.5742021 0.8017053 0.1660137 -0.7967231 0.5918015 0.1224887 -0.796723 0.5918015 0.1224887 -0.7967231 0.5918014 0.1224889 -0.7967594 0.499832 0.3396212 -0.9764696 0.1783987 0.1211659 -0.9764695 0.1783986 0.1211661 -0.9764695 0.1783986 0.1211659 -0.7724196 0.635078 -0.006638288 -0.7071077 0.707084 0.005563497 -0.8893299 0.4572519 0.003599524 -0.88933 0.4572519 0.003599584 -0.8893299 0.4572519 0.003604412 -0.9659076 0.2588736 -0.002646863 -0.9773604 0.2115751 0.001598536 -0.9773604 0.2115751 0.001598596 -0.9773604 0.2115751 0.001598596 -0.1452859 0.9893598 0.007701039 -0.1452859 0.9893598 0.007701098 -0.1452859 0.9893598 0.007701039 -0.2588646 0.9659137 -2.04908e-4 -0.3965084 0.9180027 0.007221996 -0.5817314 0.8133559 0.0063982 -0.7364848 -0.6720855 0.07675397 -0.7364627 -0.6720818 0.07699859 -0.7365453 -0.6719912 0.07699894 -0.9952044 -0.09672123 0.01460355 -0.9952045 -0.09672123 0.01460361 -0.9952044 -0.09672123 0.01460343 -0.9760076 -0.2137606 0.04142129 -0.9760075 -0.2137605 0.04142141 -0.9760076 -0.2137606 0.04142135 -0.9305901 -0.362969 0.04749399 -0.9301643 -0.3642569 0.04595005 -0.9301753 -0.3642132 0.04607385 -0.843944 -0.5301462 0.08187609 -0.843944 -0.5301461 0.08187615 -0.843944 -0.5301462 0.08187621 -0.7360733 -0.6704965 0.0929014 -0.7360733 -0.6704964 0.09290152 -0.7360733 -0.6704965 0.09290128 -0.6889054 -0.7170284 0.1062058 -0.6889054 -0.7170284 0.1062056 -0.6889055 -0.7170284 0.1062057 -0.7366555 -0.6718764 0.07694768 -0.9305818 -0.363439 0.0439291 -0.8906417 -0.449207 0.07050234 -0.8906417 -0.449207 0.07050234 -0.8906416 -0.449207 0.07050228 -0.9984984 -0.05326837 -0.01278513 -0.9984984 -0.05326837 -0.01278519 -0.9984984 -0.05326837 -0.01278519 -0.9839709 -0.1769923 0.02179896 -0.9839708 -0.1769923 0.02179902 -0.9839708 -0.1769923 0.02179902 -0.3985658 -0.616279 0.6792243 -0.3861898 -0.41799 0.8222784 -0.3861899 -0.41799 0.8222784 -0.3861899 -0.41799 0.8222785 -0.980879 -0.045376 0.189255 -0.980879 -0.04537606 0.1892549 -0.8899278 -0.3421359 0.3016151 -0.8899276 -0.3421358 0.3016156 -0.8899277 -0.3421359 0.3016153 -0.8940083 -0.2118968 0.394777 -0.8940084 -0.2118968 0.3947771 -0.8940084 -0.2118963 0.3947771 -0.8531144 -0.1939723 0.484325 -0.8531144 -0.1939724 0.484325 -0.8531144 -0.1939723 0.484325 -0.8504096 -0.05978035 0.522714 -0.8504096 -0.05978035 0.522714 -0.8504097 -0.05978029 0.5227138 -0.5506734 -0.1273977 0.8249416 -0.5506735 -0.1273977 0.8249416 -0.5506737 -0.1273976 0.8249415 -0.6082789 -0.2105895 0.765277 -0.6082787 -0.2105896 0.7652772 -0.6082791 -0.2105894 0.765277 -0.608285 -0.2382808 0.7571074 -0.608285 -0.2382808 0.7571076 -0.6082849 -0.2382808 0.7571075 -0.693921 -0.3394265 0.6350302 -0.693921 -0.3394265 0.6350302 -0.7094401 -0.2964094 0.6394031 -0.6807109 -0.6813763 0.2689964 -0.680711 -0.6813764 0.2689961 -0.680711 -0.6813763 0.2689964 -0.5475026 -0.7768685 0.3109928 -0.5475025 -0.7768684 0.310993 -0.5475025 -0.7768684 0.310993 -0.5543205 -0.6487302 0.5214192 -0.5543205 -0.6487302 0.5214192 -0.5543199 -0.6487302 0.5214198 -0.6272114 -0.5275087 0.57301 -0.6272114 -0.5275088 0.5730099 -0.6272115 -0.5275087 0.57301 -0.6482695 -0.5086269 0.5666086 -0.6482696 -0.5086268 0.5666086 -0.6482697 -0.5086271 0.5666084 -0.6496058 -0.7135888 0.2623042 -0.6496059 -0.7135887 0.2623041 -0.6496059 -0.7135887 0.2623039 -0.7898704 -0.5631998 0.2427153 -0.7898705 -0.5631998 0.2427154 -0.8396506 -0.5105327 0.185319 -0.8396506 -0.5105327 0.1853189 -0.8396506 -0.5105327 0.1853191 -0.9917721 -0.1173351 0.05119389 -0.9900301 -0.08764505 0.1102678 -0.9900157 -0.08409559 0.1131238 -0.9900514 -0.08705824 0.1105398 -0.989383 -0.09211122 0.1124143 -0.9846357 -0.05063521 0.1671188 -0.9846358 -0.05063515 0.1671189 -0.9846357 -0.05063515 0.1671188 -0.9862315 -0.01249265 0.1648989 -0.9862314 -0.01249265 0.1648989 -0.9862313 -0.01249259 0.164899 -0.8441908 -0.09131234 0.5282082 -0.8441908 -0.09131234 0.5282082 -0.8441908 -0.0913124 0.5282082 -0.8168482 0.01086968 0.5767505 -0.8168482 0.01086962 0.5767504 -0.8168481 0.01086944 0.5767503 -0.5506191 -0.1119675 0.8272134 -0.5506191 -0.1119675 0.8272134 -0.5506191 -0.1119675 0.8272134 -0.4703976 0.02031898 0.8822207 -0.4703978 0.0203191 0.8822206 -0.4703978 0.0203191 0.8822206 -0.1160995 -0.1800774 0.976777 -0.1160995 -0.1800774 0.9767768 -0.1160997 -0.1800774 0.9767768 -0.06599974 0.04499155 0.9968048 -0.06600242 0.04503929 0.9968025 -0.06600213 0.04503935 0.9968025 -0.9756257 -0.2193673 0.005706131 -0.9756257 -0.2193673 0.005706191 -0.9756256 -0.2193673 0.00570625 -0.9237126 -0.3478526 0.1604791 -0.9237126 -0.3478527 0.1604791 -0.9237126 -0.3478527 0.160479 -0.9194113 -0.2503722 0.3033096 -0.9194114 -0.2503722 0.3033095 -0.7909025 -0.4476944 0.4171845 -0.7909025 -0.4476944 0.4171845 -0.7909025 -0.4476944 0.4171845 -0.7107386 -0.4828193 0.5116018 -0.522106 -0.6372021 0.5669029 -0.5221059 -0.637202 0.5669031 -0.522106 -0.637202 0.5669031 -0.5317552 -0.4349086 0.7266987 -0.531755 -0.4349085 0.7266989 -0.531755 -0.4349086 0.7266988 -0.3729445 -0.4332213 0.820507 -0.3729445 -0.4332213 0.8205071 -0.3729446 -0.4332213 0.820507 -0.3743088 -0.3726138 0.8491478 -0.3743087 -0.3726139 0.8491479 -0.3743088 -0.3726136 0.8491478 -0.2797007 -0.2908014 0.9149875 -0.2797008 -0.2908013 0.9149875 -0.2797008 -0.2908014 0.9149875 -0.2797256 -0.2547532 0.9256643 -0.2797254 -0.2547531 0.9256644 -0.1829054 -0.1520911 0.9712951 -0.1829055 -0.1520912 0.9712949 -0.1829054 -0.1520911 0.9712949 -0.1809171 0.004215359 0.9834893 -0.180917 0.004215359 0.9834893 -0.180917 0.004215419 0.9834893 -0.9773657 -0.001598298 0.2115507 -0.9773657 -0.001598417 0.2115507 -0.9773658 -0.001598358 0.2115508 -0.06581312 -0.007740676 0.997802 -0.08341103 -0.007300317 0.9964886 -0.08341103 -0.007300317 0.9964885 -0.08341103 -0.007300376 0.9964885 -0.4836363 -0.007398188 0.8752379 -0.4706124 -0.007000088 0.8823123 -0.4706124 -0.006999969 0.8823124 -0.4706124 -0.007004916 0.8823124 -0.8024008 -0.004601001 0.596768 -0.8024008 -0.00460118 0.5967679 -0.8024008 -0.00460112 0.596768 -0.817017 -0.005200386 0.5765903 -0.817017 -0.005200505 0.5765903 -0.817017 -0.005200326 0.5765903 -0.9817804 -7.296e-4 0.1900177 -1 -3.75229e-6 0 -1 -4.74131e-6 0 -1 -1.63162e-6 0 -1 -2.98994e-5 0 -1 1.28241e-5 0 -1 0 0 -1 2.20352e-6 0 -1 4.06785e-6 0 -1 3.18429e-4 1.06183e-4</float_array>
          <technique_common>
            <accessor source="#right_gripper_finger_link2-mesh-normals-array" count="10339" stride="3">
              <param name="X" type="float"/>
              <param name="Y" type="float"/>
              <param name="Z" type="float"/>
            </accessor>
          </technique_common>
        </source>
        <source id="right_gripper_finger_link2-mesh-map-0">
          <float_array id="right_gripper_finger_link2-mesh-map-0-array" count="30768">0.441679 0.562823 0.441679 0.562885 0.440971 0.562902 0.441679 0.562823 0.440971 0.562902 0.441679 0.562639 0.44097 0.56205 0.441679 0.562396 0.440971 0.562902 0.440971 0.562902 0.441679 0.562396 0.441679 0.562639 0.508583 0.503757 0.508758 0.503087 0.509565 0.504074 0.509565 0.504074 0.508758 0.503087 0.509695 0.50339 0.509565 0.504074 0.509695 0.50339 0.509869 0.504155 0.509869 0.504155 0.509695 0.50339 0.510171 0.50351 0.441692 0.56557 0.440984 0.565587 0.441679 0.562885 0.441679 0.562885 0.440984 0.565587 0.440971 0.562902 0.545329 0.468472 0.545329 0.467046 0.54602 0.467069 0.54602 0.467069 0.54602 0.468257 0.545329 0.468472 0.545329 0.468472 0.54602 0.468257 0.54602 0.468399 0.545329 0.468472 0.54602 0.468399 0.545329 0.469742 0.514709 0.51093 0.515604 0.510382 0.515989 0.510891 0.515989 0.510891 0.515604 0.510382 0.515826 0.510178 0.515989 0.510891 0.515826 0.510178 0.516911 0.509786 0.515826 0.510178 0.516373 0.509462 0.516911 0.509786 0.538974 0.541824 0.539345 0.541079 0.539741 0.5411 0.538974 0.541824 0.539741 0.5411 0.540305 0.541877 0.539741 0.5411 0.540454 0.541124 0.540305 0.541877 0.540305 0.541877 0.540454 0.541124 0.541051 0.541131 0.540305 0.541877 0.541051 0.541131 0.541744 0.541883 0.541744 0.541883 0.541051 0.541131 0.541653 0.541129 0.541744 0.541883 0.541653 0.541129 0.543116 0.541841 0.541653 0.541129 0.542383 0.541111 0.543116 0.541841 0.543116 0.541841 0.542383 0.541111 0.542796 0.541094 0.516911 0.505642 0.516373 0.506009 0.515989 0.504542 0.542796 0.541094 0.543535 0.541043 0.544257 0.541756 0.515989 0.504542 0.515826 0.505295 0.515604 0.505092 0.515989 0.504542 0.515604 0.505092 0.514747 0.503825 0.440984 0.565587 0.441692 0.56557 0.440985 0.566773 0.440985 0.566773 0.441692 0.56557 0.441693 0.566993 0.514569 0.504494 0.514747 0.503825 0.514709 0.504549 0.514709 0.504549 0.514747 0.503825 0.515604 0.505092 0.545329 0.464362 0.54602 0.464385 0.545329 0.467046 0.545329 0.467046 0.54602 0.464385 0.54602 0.467069 0.54602 0.463461 0.54602 0.464385 0.545329 0.464362 0.545329 0.464362 0.545329 0.463831 0.54602 0.463461 0.54602 0.463461 0.545329 0.463831 0.54602 0.463138 0.545329 0.463831 0.545329 0.463309 0.54602 0.463138 0.54602 0.463138 0.545329 0.463309 0.54602 0.462065 0.54602 0.462065 0.545329 0.463309 0.545329 0.462793 0.54602 0.462065 0.545329 0.462793 0.545329 0.462283 0.507764 0.562103 0.507763 0.56237 0.507055 0.562384 0.507058 0.561462 0.507765 0.56184 0.507055 0.562384 0.507055 0.562384 0.507765 0.56184 0.507764 0.562103 0.508422 0.519117 0.508602 0.518449 0.509481 0.519469 0.509481 0.519469 0.508602 0.518449 0.509615 0.518786 0.509481 0.519469 0.509615 0.518786 0.5098 0.519556 0.5098 0.519556 0.509615 0.518786 0.510131 0.518919 0.507766 0.565055 0.507058 0.565069 0.507763 0.56237 0.507763 0.56237 0.507058 0.565069 0.507055 0.562384 0.55373 0.562848 0.55373 0.561422 0.554422 0.561445 0.554422 0.561445 0.554422 0.562633 0.55373 0.562848 0.55373 0.562848 0.554422 0.562633 0.554422 0.562775 0.55373 0.562848 0.554422 0.562775 0.55373 0.564118 0.514709 0.526348 0.515604 0.525801 0.515989 0.526309 0.515989 0.526309 0.515604 0.525801 0.515826 0.525597 0.515989 0.526309 0.515826 0.525597 0.516911 0.525205 0.515826 0.525597 0.516373 0.52488 0.516911 0.525205 0.538974 0.548873 0.539345 0.548128 0.539741 0.548149 0.538974 0.548873 0.539741 0.548149 0.540305 0.548926 0.539741 0.548149 0.540454 0.548173 0.540305 0.548926 0.540305 0.548926 0.540454 0.548173 0.541051 0.54818 0.540305 0.548926 0.541051 0.54818 0.541744 0.548932 0.541744 0.548932 0.541051 0.54818 0.541653 0.548178 0.541744 0.548932 0.541653 0.548178 0.543116 0.54889 0.541653 0.548178 0.542383 0.54816 0.543116 0.54889 0.543116 0.54889 0.542383 0.54816 0.542796 0.548142 0.516911 0.521061 0.516373 0.521427 0.515989 0.51996 0.542796 0.548142 0.543535 0.548092 0.544257 0.548804 0.515989 0.51996 0.515826 0.520713 0.515604 0.52051 0.515989 0.51996 0.515604 0.52051 0.514747 0.519244 0.507058 0.565069 0.507766 0.565055 0.507054 0.566255 0.507054 0.566255 0.507766 0.565055 0.507762 0.566478 0.514569 0.519913 0.514747 0.519244 0.514709 0.519967 0.514709 0.519967 0.514747 0.519244 0.515604 0.52051 0.553731 0.558738 0.554422 0.558761 0.55373 0.561422 0.55373 0.561422 0.554422 0.558761 0.554422 0.561445 0.554422 0.557837 0.554422 0.558761 0.553731 0.558738 0.553731 0.558738 0.553731 0.558207 0.554422 0.557837 0.554422 0.557837 0.553731 0.558207 0.554422 0.557514 0.553731 0.558207 0.553731 0.557685 0.554422 0.557514 0.554422 0.557514 0.553731 0.557685 0.554422 0.556441 0.554422 0.556441 0.553731 0.557685 0.553731 0.557169 0.554422 0.556441 0.553731 0.557169 0.553731 0.556659 0.565365 0.422985 0.565364 0.423252 0.564656 0.423266 0.564659 0.422344 0.565366 0.422722 0.564656 0.423266 0.564656 0.423266 0.565366 0.422722 0.565365 0.422985 0.508422 0.534535 0.508602 0.533867 0.509481 0.534887 0.509481 0.534887 0.508602 0.533867 0.509615 0.534204 0.509481 0.534887 0.509615 0.534204 0.5098 0.534974 0.5098 0.534974 0.509615 0.534204 0.510131 0.534337 0.565366 0.425937 0.564658 0.425951 0.565364 0.423252 0.565364 0.423252 0.564658 0.425951 0.564656 0.423266 0.527457 0.565454 0.527457 0.564029 0.528148 0.564052 0.528148 0.564052 0.528148 0.56524 0.527457 0.565454 0.527457 0.565454 0.528148 0.56524 0.528148 0.565382 0.527457 0.565454 0.528148 0.565382 0.527457 0.566724 0.514709 0.541766 0.515604 0.541219 0.515989 0.541728 0.515989 0.541728 0.515604 0.541219 0.515826 0.541015 0.515989 0.541728 0.515826 0.541015 0.516911 0.540623 0.515826 0.541015 0.516373 0.540299 0.516911 0.540623 0.538974 0.555921 0.539345 0.555177 0.539741 0.555198 0.538974 0.555921 0.539741 0.555198 0.540305 0.555975 0.539741 0.555198 0.540454 0.555222 0.540305 0.555975 0.540305 0.555975 0.540454 0.555222 0.541051 0.555229 0.540305 0.555975 0.541051 0.555229 0.541744 0.555981 0.541744 0.555981 0.541051 0.555229 0.541653 0.555226 0.541744 0.555981 0.541653 0.555226 0.543116 0.555938 0.541653 0.555226 0.542383 0.555209 0.543116 0.555938 0.543116 0.555938 0.542383 0.555209 0.542796 0.555191 0.516911 0.536479 0.516373 0.536845 0.515989 0.535379 0.542796 0.555191 0.543535 0.555141 0.544257 0.555853 0.515989 0.535379 0.515826 0.536131 0.515604 0.535928 0.515989 0.535379 0.515604 0.535928 0.514747 0.534662 0.564658 0.425951 0.565366 0.425937 0.564653 0.427137 0.564653 0.427137 0.565366 0.425937 0.56536 0.42736 0.514569 0.535331 0.514747 0.534662 0.514709 0.535385 0.514709 0.535385 0.514747 0.534662 0.515604 0.535928 0.527457 0.561345 0.528148 0.561368 0.527457 0.564029 0.527457 0.564029 0.528148 0.561368 0.528148 0.564052 0.528148 0.560444 0.528148 0.561368 0.527457 0.561345 0.527457 0.561345 0.527457 0.560813 0.528148 0.560444 0.528148 0.560444 0.527457 0.560813 0.528148 0.56012 0.527457 0.560813 0.527457 0.560291 0.528148 0.56012 0.528148 0.56012 0.527457 0.560291 0.528148 0.559047 0.528148 0.559047 0.527457 0.560291 0.527457 0.559776 0.528148 0.559047 0.527457 0.559776 0.527457 0.559265 0.508758 0.503087 0.508583 0.503757 0.508618 0.503007 0.508618 0.503007 0.508583 0.503757 0.508234 0.503557 0.508618 0.503007 0.508234 0.503557 0.508503 0.50286 0.508234 0.503557 0.507928 0.503155 0.508503 0.50286 0.564946 0.471738 0.564197 0.471989 0.564187 0.47149 0.564946 0.471738 0.564187 0.47149 0.56494 0.471642 0.56494 0.471642 0.564187 0.47149 0.564194 0.471097 0.56494 0.471642 0.564194 0.471097 0.56491 0.471355 0.520547 0.56204 0.521238 0.562063 0.520547 0.564724 0.520547 0.564724 0.521238 0.562063 0.521238 0.564747 0.520547 0.566149 0.520547 0.564724 0.521238 0.564747 0.521238 0.564747 0.521238 0.565935 0.520547 0.566149 0.520547 0.566149 0.521238 0.565935 0.521238 0.566077 0.520547 0.566149 0.521238 0.566077 0.520547 0.567419 0.514709 0.557185 0.515604 0.556637 0.515989 0.557146 0.515989 0.557146 0.515604 0.556637 0.515826 0.556433 0.515989 0.557146 0.515826 0.556433 0.516911 0.556041 0.515826 0.556433 0.516373 0.555717 0.516911 0.556041 0.538974 0.56297 0.539345 0.562226 0.539741 0.562247 0.538974 0.56297 0.539741 0.562247 0.540305 0.563024 0.540305 0.563024 0.539741 0.562247 0.540454 0.56227 0.540305 0.563024 0.540454 0.56227 0.541744 0.563029 0.540454 0.56227 0.541051 0.562278 0.541744 0.563029 0.541744 0.563029 0.541051 0.562278 0.541653 0.562275 0.541744 0.563029 0.541653 0.562275 0.543116 0.562987 0.541653 0.562275 0.542383 0.562258 0.543116 0.562987 0.543116 0.562987 0.542383 0.562258 0.542796 0.56224 0.516911 0.551897 0.516373 0.552263 0.515989 0.550797 0.542796 0.56224 0.543535 0.56219 0.544257 0.562902 0.515989 0.550797 0.515826 0.551549 0.515604 0.551346 0.515989 0.550797 0.515604 0.551346 0.514747 0.55008 0.499662 0.565215 0.50037 0.565201 0.499658 0.566401 0.499658 0.566401 0.50037 0.565201 0.500365 0.566624 0.514569 0.550749 0.514747 0.55008 0.514709 0.550804 0.514709 0.550804 0.514747 0.55008 0.515604 0.551346 0.50037 0.565201 0.499662 0.565215 0.500367 0.562516 0.500367 0.562516 0.499662 0.565215 0.499659 0.56253 0.509615 0.549623 0.510131 0.549756 0.5098 0.550392 0.500368 0.562249 0.500367 0.562516 0.499659 0.56253 0.499662 0.561608 0.500369 0.561986 0.499659 0.56253 0.499659 0.56253 0.500369 0.561986 0.500368 0.562249 0.508422 0.549954 0.508602 0.549286 0.5098 0.550392 0.500876 0.501414 0.500876 0.500046 0.501406 0.500921 0.528148 0.561368 0.534367 0.561368 0.528148 0.564052 0.528148 0.564052 0.534367 0.561368 0.534367 0.564052 0.564658 0.425951 0.564653 0.427137 0.558441 0.425952 0.558441 0.425952 0.564653 0.427137 0.558435 0.427279 0.564653 0.427137 0.564652 0.427278 0.558435 0.427279 0.558435 0.427279 0.564652 0.427278 0.564638 0.428188 0.558435 0.427279 0.564638 0.428188 0.558417 0.428415 0.564638 0.428188 0.564633 0.428414 0.558417 0.428415 0.543535 0.548952 0.543535 0.555141 0.542796 0.555191 0.543535 0.548952 0.542796 0.555191 0.542383 0.54902 0.542796 0.555191 0.542383 0.555209 0.542383 0.54902 0.542383 0.54902 0.542383 0.555209 0.541653 0.555226 0.542383 0.54902 0.541653 0.555226 0.541051 0.54904 0.541653 0.555226 0.541051 0.555229 0.541051 0.54904 0.541051 0.54904 0.541051 0.555229 0.540454 0.555222 0.541051 0.54904 0.540454 0.555222 0.539741 0.549009 0.540454 0.555222 0.539741 0.555198 0.539741 0.549009 0.539741 0.549009 0.539741 0.555198 0.539345 0.555177 0.539741 0.549009 0.539345 0.555177 0.538653 0.548932 0.539345 0.555177 0.538653 0.555121 0.538653 0.548932 0.534367 0.566527 0.528148 0.566527 0.528148 0.566298 0.534367 0.566527 0.528148 0.566298 0.534367 0.565382 0.528148 0.564052 0.534367 0.564052 0.528148 0.56524 0.528148 0.56524 0.534367 0.564052 0.534367 0.565382 0.528148 0.56524 0.534367 0.565382 0.528148 0.565382 0.528148 0.565382 0.534367 0.565382 0.528148 0.566298 0.564658 0.425951 0.558441 0.425952 0.564656 0.423266 0.564656 0.423266 0.558441 0.425952 0.558439 0.423267 0.558453 0.420953 0.564669 0.420952 0.558442 0.422345 0.558442 0.422345 0.564669 0.420952 0.564661 0.422022 0.564661 0.422022 0.564659 0.422344 0.558442 0.422345 0.558442 0.422345 0.564659 0.422344 0.564656 0.423266 0.558442 0.422345 0.564656 0.423266 0.558439 0.423267 0.508447 0.533771 0.508602 0.533867 0.508422 0.534535 0.508422 0.534535 0.508033 0.534295 0.508447 0.533771 0.564941 0.502632 0.564207 0.503118 0.564181 0.502725 0.564941 0.502632 0.564181 0.502725 0.56493 0.502475 0.56493 0.502475 0.564181 0.502725 0.564172 0.502265 0.56493 0.502475 0.564172 0.502265 0.564927 0.502291 0.508033 0.52747 0.508422 0.527228 0.508602 0.527856 0.508602 0.527856 0.508447 0.527952 0.508033 0.52747 0.508033 0.52747 0.508447 0.527952 0.50834 0.528105 0.508033 0.52747 0.50834 0.528105 0.507766 0.527852 0.564181 0.496667 0.56493 0.496964 0.564927 0.497145 0.564181 0.496667 0.564927 0.497145 0.564172 0.497119 0.554422 0.558761 0.56064 0.558761 0.554422 0.561445 0.554422 0.561445 0.56064 0.558761 0.56064 0.561445 0.507058 0.565069 0.507054 0.566255 0.500841 0.565074 0.500841 0.565074 0.507054 0.566255 0.500836 0.566401 0.507054 0.566255 0.507053 0.566397 0.500836 0.566401 0.500836 0.566401 0.507053 0.566397 0.50704 0.567306 0.500836 0.566401 0.50704 0.567306 0.500818 0.567536 0.50704 0.567306 0.507035 0.567532 0.500818 0.567536 0.543535 0.541903 0.543535 0.548092 0.542796 0.548142 0.543535 0.541903 0.542796 0.548142 0.542383 0.541971 0.542796 0.548142 0.542383 0.54816 0.542383 0.541971 0.542383 0.541971 0.542383 0.54816 0.541653 0.548178 0.542383 0.541971 0.541653 0.548178 0.541051 0.541991 0.541653 0.548178 0.541051 0.54818 0.541051 0.541991 0.541051 0.541991 0.541051 0.54818 0.540454 0.548173 0.541051 0.541991 0.540454 0.548173 0.539741 0.54196 0.540454 0.548173 0.539741 0.548149 0.539741 0.54196 0.539741 0.54196 0.539741 0.548149 0.539345 0.548128 0.539741 0.54196 0.539345 0.548128 0.538653 0.541883 0.539345 0.548128 0.538653 0.548072 0.538653 0.541883 0.56064 0.563921 0.554422 0.56392 0.554422 0.563692 0.56064 0.563921 0.554422 0.563692 0.56064 0.562776 0.554422 0.561445 0.56064 0.561445 0.554422 0.562633 0.554422 0.562633 0.56064 0.561445 0.56064 0.562776 0.554422 0.562633 0.56064 0.562776 0.554422 0.562775 0.554422 0.562775 0.56064 0.562776 0.554422 0.563692 0.507058 0.565069 0.500841 0.565074 0.507055 0.562384 0.507055 0.562384 0.500841 0.565074 0.500838 0.562388 0.554422 0.556441 0.56064 0.556441 0.554422 0.557514 0.554422 0.557514 0.56064 0.556441 0.56064 0.557838 0.554422 0.557514 0.56064 0.557838 0.554422 0.557837 0.554422 0.557837 0.56064 0.557838 0.56064 0.558761 0.554422 0.557837 0.56064 0.558761 0.554422 0.558761 0.500851 0.560075 0.507067 0.560071 0.500841 0.561466 0.500841 0.561466 0.507067 0.560071 0.50706 0.56114 0.50706 0.56114 0.507058 0.561462 0.500841 0.561466 0.500841 0.561466 0.507058 0.561462 0.507055 0.562384 0.500841 0.561466 0.507055 0.562384 0.500838 0.562388 0.508447 0.518353 0.508602 0.518449 0.508422 0.519117 0.508422 0.519117 0.508033 0.518877 0.508447 0.518353 0.564941 0.487221 0.564207 0.487707 0.564181 0.487314 0.564941 0.487221 0.564181 0.487314 0.56493 0.487064 0.56493 0.487064 0.564181 0.487314 0.564172 0.486854 0.56493 0.487064 0.564172 0.486854 0.564927 0.48688 0.508033 0.512052 0.508422 0.511809 0.508602 0.512437 0.508602 0.512437 0.508447 0.512534 0.508033 0.512052 0.508033 0.512052 0.508447 0.512534 0.50834 0.512687 0.508033 0.512052 0.50834 0.512687 0.507766 0.512434 0.564181 0.481256 0.56493 0.481553 0.564927 0.481734 0.564181 0.481256 0.564927 0.481734 0.564172 0.481708 0.54602 0.462065 0.552239 0.462065 0.54602 0.463138 0.54602 0.463138 0.552239 0.462065 0.552239 0.463462 0.54602 0.463138 0.552239 0.463462 0.54602 0.463461 0.54602 0.463461 0.552239 0.463462 0.552239 0.464385 0.54602 0.463461 0.552239 0.464385 0.54602 0.464385 0.54602 0.464385 0.552239 0.464385 0.54602 0.467069 0.54602 0.467069 0.552239 0.464385 0.552239 0.46707 0.440984 0.565587 0.440985 0.566773 0.434767 0.565614 0.434767 0.565614 0.440985 0.566773 0.434767 0.566941 0.440985 0.566773 0.440984 0.566914 0.434767 0.566941 0.434767 0.566941 0.440984 0.566914 0.440974 0.567824 0.434767 0.566941 0.440974 0.567824 0.434754 0.568077 0.440974 0.567824 0.44097 0.56805 0.434754 0.568077 0.543535 0.534854 0.543535 0.541043 0.542796 0.541094 0.543535 0.534854 0.542796 0.541094 0.542383 0.534922 0.542796 0.541094 0.542383 0.541111 0.542383 0.534922 0.542383 0.534922 0.542383 0.541111 0.541653 0.541129 0.542383 0.534922 0.541653 0.541129 0.541051 0.534942 0.541653 0.541129 0.541051 0.541131 0.541051 0.534942 0.541051 0.534942 0.541051 0.541131 0.540454 0.541124 0.541051 0.534942 0.540454 0.541124 0.539741 0.534911 0.540454 0.541124 0.539741 0.5411 0.539741 0.534911 0.539741 0.534911 0.539741 0.5411 0.539345 0.541079 0.539741 0.534911 0.539345 0.541079 0.538653 0.534834 0.539345 0.541079 0.538653 0.541023 0.538653 0.534834 0.552239 0.469545 0.54602 0.469544 0.54602 0.469316 0.552239 0.469545 0.54602 0.469316 0.552239 0.4684 0.54602 0.467069 0.552239 0.46707 0.54602 0.468257 0.54602 0.468257 0.552239 0.46707 0.552239 0.4684 0.54602 0.468257 0.552239 0.4684 0.54602 0.468399 0.54602 0.468399 0.552239 0.4684 0.54602 0.469316 0.440984 0.565587 0.434767 0.565614 0.440971 0.562902 0.440971 0.562902 0.434767 0.565614 0.434754 0.562929 0.434758 0.560778 0.440974 0.560751 0.434754 0.562078 0.434754 0.562078 0.440974 0.560751 0.440971 0.561743 0.440971 0.561743 0.44097 0.56205 0.434754 0.562078 0.434754 0.562078 0.44097 0.56205 0.440971 0.562902 0.434754 0.562078 0.440971 0.562902 0.434754 0.562929 0.508447 0.54919 0.508602 0.549286 0.508422 0.549954 0.508422 0.549954 0.508033 0.549713 0.508447 0.54919 0.564941 0.518043 0.564207 0.518529 0.564181 0.518136 0.564941 0.518043 0.564181 0.518136 0.56493 0.517886 0.56493 0.517886 0.564181 0.518136 0.564172 0.517675 0.56493 0.517886 0.564172 0.517675 0.564927 0.517702 0.508033 0.542888 0.508422 0.542646 0.508602 0.543274 0.508602 0.543274 0.508447 0.543371 0.508033 0.542888 0.508033 0.542888 0.508447 0.543371 0.50834 0.543524 0.508033 0.542888 0.50834 0.543524 0.507766 0.543271 0.564181 0.512077 0.56493 0.512375 0.564927 0.512556 0.564181 0.512077 0.564927 0.512556 0.564172 0.51253 0.528148 0.559047 0.534367 0.559047 0.528148 0.56012 0.528148 0.56012 0.534367 0.559047 0.534367 0.560444 0.528148 0.56012 0.534367 0.560444 0.528148 0.560444 0.528148 0.560444 0.534367 0.560444 0.534367 0.561368 0.528148 0.560444 0.534367 0.561368 0.528148 0.561368 0.520547 0.56204 0.520547 0.561978 0.521238 0.562063 0.521238 0.562063 0.520547 0.561978 0.520547 0.561793 0.521238 0.562063 0.520547 0.561793 0.521238 0.561209 0.521238 0.561209 0.520547 0.561793 0.520547 0.561549 0.521238 0.561209 0.520547 0.561549 0.520547 0.561067 0.521238 0.561209 0.520547 0.561067 0.521238 0.559906 0.521238 0.559906 0.520547 0.561067 0.520547 0.560595 0.521238 0.559906 0.520547 0.560595 0.520547 0.560118 0.558005 0.471122 0.564194 0.471097 0.564187 0.47149 0.558005 0.471122 0.564187 0.47149 0.557997 0.471567 0.557997 0.471567 0.564187 0.47149 0.564197 0.471989 0.557997 0.471567 0.564197 0.471989 0.558007 0.472014 0.558007 0.472014 0.564197 0.471989 0.564227 0.472403 0.558007 0.472014 0.564227 0.472403 0.558033 0.472393 0.434762 0.560385 0.440978 0.560397 0.440974 0.560751 0.434762 0.560385 0.440974 0.560751 0.434758 0.560778 0.56491 0.471355 0.564194 0.471097 0.564841 0.471046 0.564841 0.471046 0.564194 0.471097 0.564225 0.470472 0.564269 0.469933 0.564454 0.47026 0.564225 0.470472 0.508223 0.501625 0.508611 0.50139 0.508581 0.501717 0.508223 0.501625 0.508581 0.501717 0.508522 0.502169 0.508522 0.502169 0.508581 0.501717 0.517722 0.501696 0.508503 0.50286 0.508466 0.502765 0.517857 0.502838 0.517857 0.502838 0.508466 0.502765 0.508458 0.50248 0.517857 0.502838 0.508458 0.50248 0.517754 0.502284 0.517754 0.502284 0.508458 0.50248 0.508522 0.502169 0.517754 0.502284 0.508522 0.502169 0.517717 0.50179 0.517717 0.50179 0.508522 0.502169 0.517722 0.501696 0.517733 0.501468 0.51773 0.50124 0.518284 0.50215 0.518333 0.502276 0.518546 0.503471 0.517924 0.503456 0.517733 0.501468 0.518284 0.50215 0.517722 0.501696 0.517924 0.503456 0.517857 0.502838 0.518333 0.502276 0.518333 0.502276 0.517857 0.502838 0.517754 0.502284 0.518333 0.502276 0.517754 0.502284 0.518284 0.50215 0.518284 0.50215 0.517754 0.502284 0.517717 0.50179 0.518284 0.50215 0.517717 0.50179 0.517722 0.501696 0.518546 0.558237 0.517924 0.558223 0.518546 0.503471 0.518546 0.503471 0.517924 0.558223 0.517924 0.503456 0.515989 0.541728 0.517402 0.553249 0.514747 0.54245 0.514747 0.54245 0.517402 0.553249 0.516911 0.551897 0.510392 0.549808 0.510131 0.549756 0.509614 0.542933 0.510392 0.549808 0.509614 0.542933 0.510657 0.54984 0.510657 0.54984 0.509614 0.542933 0.510131 0.542797 0.509614 0.542933 0.510131 0.549756 0.509615 0.549623 0.509614 0.542933 0.509615 0.549623 0.509106 0.543094 0.510392 0.53439 0.510131 0.534337 0.509614 0.527514 0.516911 0.551897 0.515989 0.550797 0.514747 0.54245 0.514747 0.54245 0.515989 0.550797 0.514747 0.55008 0.514747 0.54245 0.514747 0.55008 0.513334 0.542704 0.513334 0.542704 0.514747 0.55008 0.513334 0.549834 0.513334 0.542704 0.513334 0.549834 0.510657 0.54271 0.510657 0.54271 0.513334 0.549834 0.510657 0.54984 0.510657 0.54271 0.510657 0.54984 0.510131 0.542797 0.516911 0.556041 0.517924 0.558223 0.515989 0.557146 0.515989 0.557146 0.517924 0.558223 0.517857 0.558842 0.515989 0.557146 0.517857 0.558842 0.514747 0.557869 0.515989 0.541728 0.516911 0.540623 0.517402 0.553249 0.517402 0.553249 0.516911 0.540623 0.517924 0.558223 0.517402 0.553249 0.517924 0.558223 0.517402 0.554688 0.517402 0.554688 0.517924 0.558223 0.516911 0.556041 0.514747 0.511614 0.517402 0.522412 0.516911 0.521061 0.510392 0.53439 0.509614 0.527514 0.510657 0.534422 0.510657 0.534422 0.509614 0.527514 0.510131 0.527379 0.508447 0.54919 0.50834 0.549037 0.508602 0.549286 0.508602 0.549286 0.50834 0.549037 0.508303 0.548855 0.508303 0.543707 0.50834 0.543524 0.508447 0.543371 0.510171 0.558206 0.510413 0.558158 0.517857 0.558842 0.517857 0.558842 0.510413 0.558158 0.510596 0.558133 0.514747 0.511614 0.515989 0.510891 0.517402 0.522412 0.517402 0.522412 0.515989 0.510891 0.516911 0.509786 0.517402 0.522412 0.516911 0.509786 0.517402 0.508433 0.516911 0.505642 0.515989 0.504542 0.517857 0.502838 0.517857 0.502838 0.515989 0.504542 0.514747 0.503825 0.517857 0.502838 0.514747 0.503825 0.513334 0.503579 0.508447 0.543371 0.508602 0.543274 0.508303 0.543707 0.508303 0.543707 0.508602 0.543274 0.509106 0.543094 0.508303 0.543707 0.509106 0.543094 0.508303 0.548855 0.508303 0.548855 0.509106 0.543094 0.509615 0.549623 0.508303 0.548855 0.509615 0.549623 0.508602 0.549286 0.509228 0.558472 0.509694 0.558328 0.517857 0.558842 0.517857 0.558842 0.509694 0.558328 0.510171 0.558206 0.510596 0.558133 0.510657 0.558128 0.517857 0.558842 0.517857 0.558842 0.510657 0.558128 0.513334 0.558122 0.517857 0.558842 0.513334 0.558122 0.514747 0.557869 0.510392 0.518972 0.510131 0.518919 0.509614 0.512096 0.517402 0.53783 0.516911 0.536479 0.517402 0.523851 0.517402 0.523851 0.516911 0.536479 0.515989 0.535379 0.517402 0.523851 0.515989 0.535379 0.516911 0.525205 0.508303 0.533436 0.508303 0.528288 0.509106 0.527676 0.510657 0.534422 0.510131 0.527379 0.510657 0.527292 0.510657 0.534422 0.510657 0.527292 0.513334 0.534415 0.513334 0.534415 0.510657 0.527292 0.513334 0.527285 0.513334 0.534415 0.513334 0.527285 0.514747 0.534662 0.514747 0.534662 0.513334 0.527285 0.514747 0.527032 0.514747 0.534662 0.514747 0.527032 0.515989 0.535379 0.515989 0.535379 0.514747 0.527032 0.515989 0.526309 0.515989 0.535379 0.515989 0.526309 0.516911 0.525205 0.508503 0.558864 0.508618 0.558716 0.517857 0.558842 0.517857 0.558842 0.508618 0.558716 0.508758 0.558635 0.517857 0.558842 0.508758 0.558635 0.509228 0.558472 0.510392 0.518972 0.509614 0.512096 0.510657 0.519003 0.510657 0.519003 0.509614 0.512096 0.510131 0.51196 0.516911 0.540623 0.517402 0.539269 0.517924 0.558223 0.517924 0.558223 0.517402 0.539269 0.517402 0.53783 0.517924 0.558223 0.517402 0.53783 0.517924 0.503456 0.517924 0.503456 0.517402 0.53783 0.517402 0.523851 0.517402 0.523851 0.517402 0.522412 0.517924 0.503456 0.517924 0.503456 0.517402 0.522412 0.517402 0.508433 0.517924 0.503456 0.517402 0.508433 0.517857 0.502838 0.517857 0.502838 0.517402 0.508433 0.517402 0.506994 0.517857 0.502838 0.517402 0.506994 0.516911 0.505642 0.510413 0.503557 0.510171 0.50351 0.517857 0.502838 0.517857 0.502838 0.510171 0.50351 0.509695 0.50339 0.50834 0.528105 0.508447 0.527952 0.508303 0.528288 0.508303 0.528288 0.508447 0.527952 0.508602 0.527856 0.508303 0.528288 0.508602 0.527856 0.509106 0.527676 0.513334 0.503579 0.510657 0.503585 0.517857 0.502838 0.517857 0.502838 0.510657 0.503585 0.510596 0.503581 0.517857 0.502838 0.510596 0.503581 0.510413 0.503557 0.508447 0.533771 0.50834 0.533619 0.508602 0.533867 0.508602 0.533867 0.50834 0.533619 0.508303 0.533436 0.508602 0.533867 0.508303 0.533436 0.509615 0.534204 0.509615 0.534204 0.508303 0.533436 0.509106 0.527676 0.509615 0.534204 0.509106 0.527676 0.509614 0.527514 0.509615 0.534204 0.509614 0.527514 0.510131 0.534337 0.508303 0.518018 0.508303 0.51287 0.509106 0.512258 0.516911 0.521061 0.515989 0.51996 0.514747 0.511614 0.514747 0.511614 0.515989 0.51996 0.514747 0.519244 0.514747 0.511614 0.514747 0.519244 0.513334 0.511867 0.513334 0.511867 0.514747 0.519244 0.513334 0.518997 0.513334 0.511867 0.513334 0.518997 0.510657 0.511873 0.510657 0.511873 0.513334 0.518997 0.510657 0.519003 0.510657 0.511873 0.510657 0.519003 0.510131 0.51196 0.508618 0.503007 0.508503 0.50286 0.508758 0.503087 0.508758 0.503087 0.508503 0.50286 0.517857 0.502838 0.508758 0.503087 0.517857 0.502838 0.509695 0.50339 0.50834 0.512687 0.508447 0.512534 0.508303 0.51287 0.508303 0.51287 0.508447 0.512534 0.508602 0.512437 0.508303 0.51287 0.508602 0.512437 0.509106 0.512258 0.508447 0.518353 0.50834 0.518201 0.508602 0.518449 0.508602 0.518449 0.50834 0.518201 0.508303 0.518018 0.508602 0.518449 0.508303 0.518018 0.509615 0.518786 0.509615 0.518786 0.508303 0.518018 0.509106 0.512258 0.509615 0.518786 0.509106 0.512258 0.509614 0.512096 0.509615 0.518786 0.509614 0.512096 0.510131 0.518919 0.521238 0.562063 0.527457 0.562063 0.521238 0.564747 0.521238 0.564747 0.527457 0.562063 0.527457 0.564747 0.499662 0.565215 0.499658 0.566401 0.493445 0.565219 0.493445 0.565219 0.499658 0.566401 0.49344 0.566547 0.499658 0.566401 0.499657 0.566542 0.49344 0.566547 0.49344 0.566547 0.499657 0.566542 0.499644 0.567452 0.49344 0.566547 0.499644 0.567452 0.493422 0.567682 0.499644 0.567452 0.499639 0.567678 0.493422 0.567682 0.543535 0.556001 0.543535 0.56219 0.542796 0.56224 0.543535 0.556001 0.542796 0.56224 0.542383 0.556069 0.542796 0.56224 0.542383 0.562258 0.542383 0.556069 0.542383 0.556069 0.542383 0.562258 0.541653 0.562275 0.542383 0.556069 0.541653 0.562275 0.541051 0.556089 0.541653 0.562275 0.541051 0.562278 0.541051 0.556089 0.541051 0.556089 0.541051 0.562278 0.540454 0.56227 0.541051 0.556089 0.540454 0.56227 0.539741 0.556058 0.540454 0.56227 0.539741 0.562247 0.539741 0.556058 0.539741 0.556058 0.539741 0.562247 0.539345 0.562226 0.539741 0.556058 0.539345 0.562226 0.538653 0.555981 0.539345 0.562226 0.538653 0.56217 0.538653 0.555981 0.527457 0.567222 0.521238 0.567222 0.521238 0.566993 0.527457 0.567222 0.521238 0.566993 0.527457 0.566077 0.521238 0.564747 0.527457 0.564747 0.521238 0.565935 0.521238 0.565935 0.527457 0.564747 0.527457 0.566077 0.521238 0.565935 0.527457 0.566077 0.521238 0.566077 0.521238 0.566077 0.527457 0.566077 0.521238 0.566993 0.499662 0.565215 0.493445 0.565219 0.499659 0.56253 0.499659 0.56253 0.493445 0.565219 0.493442 0.562534 0.493455 0.560221 0.499671 0.560217 0.499662 0.561608 0.493455 0.560221 0.499662 0.561608 0.493445 0.561612 0.493445 0.561612 0.499662 0.561608 0.499659 0.56253 0.493445 0.561612 0.499659 0.56253 0.493442 0.562534 0.456209 0.564324 0.456115 0.564781 0.456115 0.55451 0.456115 0.55451 0.456209 0.554967 0.456209 0.564324 0.456209 0.564324 0.456209 0.554967 0.456476 0.555348 0.456209 0.564324 0.456476 0.555348 0.456476 0.563941 0.456476 0.563941 0.456476 0.555348 0.456865 0.555588 0.456476 0.563941 0.456865 0.555588 0.456865 0.563699 0.456865 0.563699 0.456865 0.555588 0.458243 0.556027 0.456865 0.563699 0.458243 0.556027 0.458243 0.563254 0.458243 0.563254 0.458243 0.556027 0.459158 0.556185 0.458243 0.563254 0.459158 0.556185 0.459158 0.563092 0.459158 0.563092 0.459158 0.556185 0.461834 0.563085 0.461834 0.563085 0.459158 0.556185 0.461834 0.556178 0.461834 0.563085 0.461834 0.556178 0.463152 0.562819 0.461834 0.556178 0.463152 0.556438 0.464269 0.557184 0.464269 0.562068 0.463152 0.562819 0.465015 0.560946 0.465015 0.560946 0.463152 0.562819 0.461834 0.556178 0.465015 0.560946 0.461834 0.556178 0.465277 0.559624 0.465277 0.559624 0.461834 0.556178 0.464269 0.557184 0.465277 0.559624 0.464269 0.557184 0.465015 0.558303 0.564675 0.420558 0.564669 0.420952 0.558453 0.420953 0.558453 0.420953 0.558459 0.420559 0.564675 0.420558 0.564207 0.503118 0.558018 0.503143 0.557992 0.50275 0.564207 0.503118 0.557992 0.50275 0.564181 0.502725 0.564181 0.502725 0.557992 0.50275 0.557983 0.50229 0.564181 0.502725 0.557983 0.50229 0.564172 0.502265 0.564927 0.502291 0.564172 0.502265 0.564927 0.497145 0.564927 0.497145 0.564172 0.502265 0.564172 0.497119 0.56064 0.556441 0.554422 0.556441 0.554422 0.556043 0.56064 0.556441 0.554422 0.556043 0.56064 0.556039 0.558017 0.496325 0.564207 0.496296 0.564181 0.496667 0.558017 0.496325 0.564181 0.496667 0.557992 0.496694 0.557992 0.496694 0.564181 0.496667 0.564172 0.497119 0.557992 0.496694 0.564172 0.497119 0.557983 0.497144 0.417739 0.553642 0.417832 0.554096 0.417739 0.563912 0.417739 0.563912 0.417832 0.554096 0.418096 0.554476 0.417739 0.563912 0.418096 0.554476 0.417832 0.563458 0.420783 0.562223 0.419867 0.562385 0.418489 0.55472 0.418489 0.55472 0.419867 0.562385 0.418489 0.562831 0.418489 0.55472 0.418489 0.562831 0.418096 0.554476 0.418096 0.554476 0.418489 0.562831 0.418096 0.563077 0.418096 0.554476 0.418096 0.563077 0.417832 0.563458 0.418489 0.55472 0.419867 0.555158 0.420783 0.562223 0.420783 0.562223 0.419867 0.555158 0.420783 0.555316 0.420783 0.562223 0.420783 0.555316 0.423459 0.562217 0.423459 0.562217 0.420783 0.555316 0.423459 0.55531 0.423459 0.562217 0.423459 0.55531 0.424776 0.55557 0.424776 0.55557 0.425893 0.556316 0.426639 0.557434 0.424776 0.561951 0.423459 0.562217 0.425893 0.5612 0.425893 0.5612 0.423459 0.562217 0.424776 0.55557 0.425893 0.5612 0.424776 0.55557 0.426639 0.560077 0.426639 0.560077 0.424776 0.55557 0.426639 0.557434 0.426639 0.560077 0.426639 0.557434 0.426901 0.558755 0.557983 0.486879 0.564172 0.486854 0.564181 0.487314 0.557983 0.486879 0.564181 0.487314 0.557992 0.487337 0.557992 0.487337 0.564181 0.487314 0.564207 0.487707 0.557992 0.487337 0.564207 0.487707 0.558017 0.487728 0.500857 0.559676 0.507073 0.559676 0.507067 0.560071 0.500857 0.559676 0.507067 0.560071 0.500851 0.560075 0.564927 0.48688 0.564172 0.486854 0.564927 0.481734 0.564927 0.481734 0.564172 0.486854 0.564172 0.481708 0.552239 0.462065 0.54602 0.462065 0.54602 0.461667 0.552239 0.462065 0.54602 0.461667 0.552239 0.461663 0.558017 0.480914 0.564207 0.480885 0.564181 0.481256 0.558017 0.480914 0.564181 0.481256 0.557992 0.481284 0.557992 0.481284 0.564181 0.481256 0.564172 0.481708 0.557992 0.481284 0.564172 0.481708 0.557983 0.481734 0.428096 0.560385 0.428096 0.550994 0.428189 0.55993 0.428189 0.55993 0.428096 0.550994 0.428453 0.559549 0.428324 0.549757 0.428249 0.550206 0.428096 0.550994 0.428096 0.550994 0.428249 0.550206 0.428352 0.550649 0.428096 0.550994 0.428352 0.550649 0.428453 0.559549 0.428453 0.559549 0.428352 0.550649 0.428619 0.551016 0.428453 0.559549 0.428619 0.551016 0.428846 0.559303 0.428846 0.559303 0.428619 0.551016 0.429007 0.551251 0.428846 0.559303 0.429007 0.551251 0.430224 0.558858 0.430224 0.558858 0.429007 0.551251 0.431139 0.558696 0.429007 0.551251 0.430294 0.551648 0.431139 0.558696 0.431139 0.558696 0.430294 0.551648 0.431139 0.551789 0.431139 0.558696 0.431139 0.551789 0.433816 0.558689 0.433816 0.558689 0.431139 0.551789 0.433816 0.551782 0.433816 0.551782 0.435133 0.552042 0.433816 0.558689 0.433816 0.558689 0.435133 0.552042 0.43625 0.552788 0.433816 0.558689 0.43625 0.552788 0.436996 0.553907 0.43625 0.557672 0.435133 0.558423 0.436996 0.55655 0.436996 0.55655 0.435133 0.558423 0.433816 0.558689 0.436996 0.55655 0.433816 0.558689 0.437258 0.555228 0.437258 0.555228 0.433816 0.558689 0.436996 0.553907 0.557983 0.517701 0.564172 0.517675 0.564181 0.518136 0.557983 0.517701 0.564181 0.518136 0.557992 0.518159 0.557992 0.518159 0.564181 0.518136 0.564207 0.518529 0.557992 0.518159 0.564207 0.518529 0.558017 0.51855 0.49346 0.559822 0.499677 0.559822 0.499671 0.560217 0.49346 0.559822 0.499671 0.560217 0.493455 0.560221 0.564927 0.517702 0.564172 0.517675 0.564927 0.512556 0.564927 0.512556 0.564172 0.517675 0.564172 0.51253 0.534367 0.55865 0.534367 0.559047 0.528148 0.559047 0.528148 0.559047 0.528148 0.55865 0.534367 0.55865 0.558018 0.511732 0.564207 0.511707 0.564181 0.512077 0.558018 0.511732 0.564181 0.512077 0.557992 0.512103 0.557992 0.512103 0.564181 0.512077 0.564172 0.51253 0.557992 0.512103 0.564172 0.51253 0.557983 0.512555 0.508234 0.558207 0.508583 0.558005 0.508758 0.558635 0.564926 0.527966 0.56491 0.528094 0.564194 0.528306 0.508758 0.558635 0.508618 0.558716 0.508234 0.558207 0.508234 0.558207 0.508618 0.558716 0.508503 0.558864 0.508234 0.558207 0.508503 0.558864 0.507928 0.55861 0.564197 0.527417 0.564946 0.527715 0.564926 0.527966 0.564197 0.527417 0.564926 0.527966 0.564187 0.527907 0.564187 0.527907 0.564926 0.527966 0.564194 0.528306 0.527457 0.562063 0.521238 0.562063 0.521238 0.561209 0.527457 0.562063 0.521238 0.561209 0.527457 0.56121 0.527457 0.56121 0.521238 0.561209 0.521238 0.559906 0.527457 0.56121 0.521238 0.559906 0.527457 0.559906 0.507684 0.502466 0.507056 0.502444 0.507081 0.501134 0.507684 0.502466 0.507081 0.501134 0.507706 0.501374 0.507706 0.501374 0.507081 0.501134 0.507154 0.500046 0.507706 0.501374 0.507154 0.500046 0.507766 0.500467 0.569976 0.471074 0.569619 0.470684 0.570736 0.469933 0.569976 0.471074 0.570736 0.469933 0.570907 0.470448 0.438423 0.537725 0.43822 0.537149 0.43955 0.537149 0.438423 0.537725 0.43955 0.537149 0.439531 0.537724 0.507684 0.557206 0.507056 0.557184 0.507684 0.502466 0.507684 0.502466 0.507056 0.557184 0.507056 0.502444 0.43955 0.534845 0.43955 0.537149 0.43822 0.537149 0.43955 0.534845 0.43822 0.537149 0.43822 0.534845 0.43822 0.534845 0.43822 0.537149 0.437075 0.537149 0.43822 0.534845 0.437075 0.537149 0.437075 0.534846 0.504861 0.500055 0.507154 0.500046 0.507081 0.501134 0.504861 0.500055 0.507081 0.501134 0.504789 0.501143 0.504789 0.501143 0.507081 0.501134 0.507056 0.502444 0.504789 0.501143 0.507056 0.502444 0.504763 0.502453 0.440518 0.537724 0.439531 0.537724 0.441116 0.537412 0.441116 0.537412 0.439531 0.537724 0.43955 0.537149 0.441116 0.537412 0.43955 0.537149 0.44177 0.537215 0.44177 0.537215 0.43955 0.537149 0.442446 0.537149 0.442446 0.537149 0.442446 0.545081 0.44177 0.537215 0.44177 0.537215 0.442446 0.545081 0.442053 0.545093 0.44177 0.537215 0.442053 0.545093 0.441116 0.537412 0.441116 0.537412 0.442053 0.545093 0.441114 0.545233 0.440922 0.545282 0.439971 0.537725 0.441114 0.545233 0.441114 0.545233 0.439971 0.537725 0.440518 0.537724 0.441114 0.545233 0.440518 0.537724 0.441116 0.537412 0.440922 0.545282 0.439961 0.545671 0.439971 0.537725 0.556361 0.469956 0.564269 0.469933 0.564225 0.470472 0.556361 0.469956 0.564225 0.470472 0.556289 0.471044 0.557983 0.472347 0.556263 0.472354 0.558005 0.471122 0.558005 0.471122 0.556263 0.472354 0.556289 0.471044 0.558005 0.471122 0.556289 0.471044 0.564194 0.471097 0.564194 0.471097 0.556289 0.471044 0.564225 0.470472 0.511164 0.500055 0.515162 0.500046 0.517733 0.501468 0.509832 0.500318 0.508611 0.50139 0.509639 0.500402 0.509639 0.500402 0.508611 0.50139 0.50867 0.501066 0.509832 0.500318 0.510773 0.500078 0.508611 0.50139 0.508611 0.50139 0.510773 0.500078 0.511164 0.500055 0.508611 0.50139 0.511164 0.500055 0.508581 0.501717 0.508581 0.501717 0.511164 0.500055 0.517733 0.501468 0.508581 0.501717 0.517733 0.501468 0.517722 0.501696 0.515162 0.500046 0.516467 0.500301 0.517733 0.501468 0.517733 0.501468 0.516467 0.500301 0.517548 0.501035 0.517733 0.501468 0.517548 0.501035 0.51773 0.50124 0.446456 0.545081 0.446456 0.534845 0.447746 0.534846 0.446456 0.545081 0.447746 0.534846 0.447769 0.545232 0.447769 0.545232 0.447746 0.534846 0.448853 0.534846 0.447769 0.545232 0.448853 0.534846 0.448864 0.545665 0.448864 0.545665 0.448853 0.534846 0.448864 0.534846 0.555908 0.52951 0.545391 0.529652 0.556071 0.52931 0.556071 0.52931 0.545391 0.529652 0.545566 0.528581 0.556071 0.52931 0.545566 0.528581 0.556202 0.52843 0.556202 0.52843 0.545566 0.528581 0.556213 0.528307 0.556213 0.528307 0.545566 0.528581 0.545629 0.527268 0.556213 0.528307 0.545629 0.527268 0.556263 0.527125 0.444729 0.532542 0.444748 0.533118 0.442427 0.532542 0.442427 0.532542 0.444748 0.533118 0.442446 0.533118 0.444748 0.534845 0.445419 0.534779 0.446456 0.534845 0.446456 0.534845 0.445419 0.534779 0.446061 0.534583 0.446456 0.534845 0.446061 0.534583 0.446441 0.534393 0.566761 0.527102 0.567456 0.527133 0.567381 0.528438 0.566761 0.527102 0.567381 0.528438 0.566699 0.52819 0.566699 0.52819 0.567381 0.528438 0.567194 0.529514 0.566699 0.52819 0.567194 0.529514 0.566543 0.529087 0.446736 0.532542 0.447156 0.533118 0.446061 0.533118 0.446736 0.532542 0.446061 0.533118 0.445823 0.532542 0.445823 0.532542 0.446061 0.533118 0.444748 0.533118 0.445823 0.532542 0.444748 0.533118 0.444729 0.532542 0.544934 0.527244 0.545629 0.527268 0.545566 0.528581 0.446456 0.534845 0.446441 0.534393 0.447746 0.534846 0.447746 0.534846 0.446441 0.534393 0.446546 0.534332 0.544934 0.527244 0.545566 0.528581 0.544882 0.528338 0.544882 0.528338 0.545566 0.528581 0.545391 0.529652 0.544882 0.528338 0.545391 0.529652 0.544734 0.52924 0.545391 0.529652 0.545388 0.529663 0.544734 0.52924 0.448434 0.53427 0.448853 0.534846 0.447746 0.534846 0.448434 0.53427 0.447746 0.534846 0.447512 0.53427 0.447512 0.53427 0.447746 0.534846 0.446546 0.534332 0.447512 0.53427 0.446546 0.534332 0.446649 0.53427 0.544934 0.472542 0.545629 0.472565 0.544934 0.527244 0.544934 0.527244 0.545629 0.472565 0.545629 0.527268 0.556263 0.527125 0.545629 0.527268 0.556263 0.472422 0.556263 0.472422 0.545629 0.527268 0.545629 0.472565 0.517924 0.558223 0.518546 0.558237 0.517857 0.558842 0.517857 0.558842 0.518546 0.558237 0.518333 0.559434 0.517857 0.558842 0.518333 0.559434 0.517825 0.55899 0.517825 0.55899 0.518333 0.559434 0.517779 0.559238 0.51773 0.560472 0.517733 0.560237 0.518284 0.55956 0.518284 0.55956 0.517733 0.560237 0.517722 0.560002 0.518284 0.55956 0.517722 0.560002 0.518333 0.559434 0.518333 0.559434 0.517722 0.560002 0.517737 0.559535 0.518333 0.559434 0.517737 0.559535 0.517779 0.559238 0.517857 0.558842 0.517825 0.55899 0.508503 0.558864 0.508503 0.558864 0.517825 0.55899 0.517779 0.559238 0.508503 0.558864 0.517779 0.559238 0.508444 0.559118 0.508444 0.559118 0.517779 0.559238 0.517737 0.559535 0.508444 0.559118 0.517737 0.559535 0.508458 0.559246 0.517722 0.560002 0.508581 0.560023 0.517737 0.559535 0.517737 0.559535 0.508581 0.560023 0.508557 0.559781 0.517737 0.559535 0.508557 0.559781 0.508458 0.559246 0.483301 0.560294 0.483034 0.560662 0.482778 0.560319 0.482778 0.560319 0.483034 0.560662 0.48293 0.561105 0.482778 0.560319 0.48293 0.561105 0.483006 0.561554 0.482778 0.550928 0.482871 0.551382 0.482778 0.560319 0.482778 0.560319 0.482871 0.551382 0.483135 0.551762 0.482778 0.560319 0.483135 0.551762 0.483301 0.560294 0.483301 0.560294 0.483135 0.551762 0.483527 0.552006 0.483301 0.560294 0.483527 0.552006 0.483688 0.560057 0.483688 0.560057 0.483527 0.552006 0.484905 0.552444 0.483688 0.560057 0.484905 0.552444 0.484975 0.559654 0.484975 0.559654 0.484905 0.552444 0.485821 0.552602 0.484975 0.559654 0.485821 0.552602 0.485821 0.559509 0.485821 0.559509 0.485821 0.552602 0.488497 0.559503 0.488497 0.559503 0.485821 0.552602 0.488497 0.552596 0.488497 0.559503 0.488497 0.552596 0.489815 0.559237 0.489815 0.559237 0.488497 0.552596 0.489815 0.552856 0.489815 0.559237 0.489815 0.552856 0.490932 0.553602 0.491678 0.557363 0.490932 0.558486 0.49194 0.556041 0.49194 0.556041 0.490932 0.558486 0.489815 0.559237 0.49194 0.556041 0.489815 0.559237 0.491678 0.55472 0.491678 0.55472 0.489815 0.559237 0.490932 0.553602 0.556263 0.527094 0.556263 0.472354 0.557983 0.481734 0.557983 0.481734 0.556263 0.472354 0.557983 0.472347 0.557983 0.50229 0.557983 0.512555 0.556263 0.527094 0.557983 0.497144 0.564172 0.497119 0.564172 0.502265 0.557983 0.527087 0.556263 0.527094 0.557983 0.517701 0.557983 0.517701 0.556263 0.527094 0.557983 0.512555 0.557983 0.517701 0.557983 0.512555 0.564172 0.517675 0.564172 0.517675 0.557983 0.512555 0.564172 0.51253 0.564172 0.502265 0.557983 0.50229 0.557983 0.497144 0.557983 0.497144 0.557983 0.50229 0.556263 0.527094 0.557983 0.497144 0.556263 0.527094 0.557983 0.486879 0.557983 0.486879 0.556263 0.527094 0.557983 0.481734 0.557983 0.486879 0.557983 0.481734 0.564172 0.486854 0.564172 0.486854 0.557983 0.481734 0.564172 0.481708 0.564762 0.528629 0.564644 0.528869 0.564226 0.528958 0.508223 0.560139 0.508581 0.560023 0.508611 0.560361 0.564226 0.528958 0.564454 0.529202 0.564269 0.529534 0.564762 0.528629 0.564226 0.528958 0.56491 0.528094 0.56491 0.528094 0.564226 0.528958 0.564197 0.528394 0.56491 0.528094 0.564197 0.528394 0.564194 0.528306 0.527457 0.559906 0.521238 0.559906 0.521238 0.559549 0.527457 0.559906 0.521238 0.559549 0.527457 0.559509 0.558033 0.527085 0.564227 0.527027 0.564197 0.527417 0.558033 0.527085 0.564197 0.527417 0.558008 0.527442 0.558008 0.527442 0.564197 0.527417 0.564187 0.527907 0.558008 0.527442 0.564187 0.527907 0.557997 0.52788 0.557997 0.52788 0.564187 0.527907 0.564194 0.528306 0.557997 0.52788 0.564194 0.528306 0.558005 0.528332 0.572458 0.530312 0.572989 0.530746 0.572005 0.530749 0.571449 0.473106 0.571449 0.527872 0.569136 0.527878 0.571711 0.471784 0.570907 0.470448 0.572458 0.470661 0.572458 0.470661 0.570907 0.470448 0.572005 0.470227 0.572458 0.470661 0.572005 0.470227 0.572989 0.470224 0.569136 0.527878 0.571449 0.527872 0.569354 0.528978 0.569354 0.528978 0.571449 0.527872 0.571711 0.529193 0.569354 0.528978 0.571711 0.529193 0.569976 0.529911 0.572458 0.530312 0.572005 0.530749 0.571711 0.529193 0.571711 0.529193 0.572005 0.530749 0.570907 0.530532 0.571711 0.529193 0.570907 0.530532 0.569976 0.529911 0.569136 0.527878 0.569136 0.473111 0.571449 0.473106 0.571449 0.473106 0.569136 0.473111 0.569354 0.472009 0.571449 0.473106 0.569354 0.472009 0.571711 0.471784 0.571711 0.471784 0.569354 0.472009 0.569976 0.471074 0.571711 0.471784 0.569976 0.471074 0.570907 0.470448 0.501698 0.539501 0.501687 0.538911 0.503014 0.538917 0.501698 0.539501 0.503014 0.538917 0.502804 0.539506 0.570907 0.530532 0.570736 0.531081 0.569619 0.530335 0.570907 0.530532 0.569619 0.530335 0.569976 0.529911 0.507766 0.559275 0.507154 0.559667 0.507081 0.558516 0.507766 0.559275 0.507081 0.558516 0.507706 0.558316 0.507706 0.558316 0.507081 0.558516 0.507056 0.557184 0.507706 0.558316 0.507056 0.557184 0.507684 0.557206 0.507056 0.557184 0.504763 0.557193 0.507056 0.502444 0.507056 0.502444 0.504763 0.557193 0.504763 0.502453 0.47907 0.56048 0.478361 0.56049 0.47756 0.505731 0.47756 0.505731 0.478361 0.56049 0.476851 0.50574 0.439531 0.53427 0.43955 0.534845 0.43822 0.534845 0.439531 0.53427 0.43822 0.534845 0.438423 0.53427 0.475066 0.503141 0.475418 0.502612 0.476518 0.503323 0.475066 0.503141 0.476518 0.503323 0.475983 0.503734 0.475983 0.503734 0.476518 0.503323 0.47727 0.504418 0.475983 0.503734 0.47727 0.504418 0.476609 0.504646 0.476609 0.504646 0.47727 0.504418 0.47756 0.505731 0.476609 0.504646 0.47756 0.505731 0.476851 0.50574 0.478361 0.56049 0.47907 0.56048 0.478853 0.56181 0.478361 0.56049 0.478853 0.56181 0.47818 0.561598 0.47818 0.561598 0.478853 0.56181 0.478163 0.562955 0.47818 0.561598 0.478163 0.562955 0.477605 0.562552 0.477605 0.562552 0.478163 0.562955 0.477104 0.563741 0.477605 0.562552 0.477104 0.563741 0.476723 0.563207 0.476723 0.563207 0.477104 0.563741 0.475838 0.564048 0.476723 0.563207 0.475838 0.564048 0.475668 0.563463 0.44177 0.534779 0.442446 0.534845 0.43955 0.534845 0.439531 0.53427 0.440518 0.53427 0.43955 0.534845 0.43955 0.534845 0.440518 0.53427 0.441116 0.534582 0.43955 0.534845 0.441116 0.534582 0.44177 0.534779 0.446456 0.545081 0.442446 0.545081 0.442446 0.537149 0.442446 0.533118 0.444748 0.533118 0.442446 0.534845 0.442446 0.534845 0.444748 0.533118 0.444748 0.534845 0.43955 0.537149 0.43955 0.534845 0.442446 0.537149 0.442446 0.537149 0.43955 0.534845 0.442446 0.534845 0.442446 0.537149 0.442446 0.534845 0.446456 0.545081 0.446456 0.545081 0.442446 0.534845 0.444748 0.534845 0.446456 0.545081 0.444748 0.534845 0.446456 0.534845 0.442427 0.532542 0.442446 0.533118 0.441116 0.533118 0.442427 0.532542 0.441116 0.533118 0.441319 0.532542 0.423794 0.508878 0.42416 0.508359 0.42524 0.5091 0.423794 0.508878 0.42524 0.5091 0.424694 0.509495 0.424694 0.509495 0.42524 0.5091 0.425962 0.510215 0.424694 0.509495 0.425962 0.510215 0.425295 0.510425 0.425295 0.510425 0.425962 0.510215 0.426215 0.511535 0.425295 0.510425 0.426215 0.511535 0.425506 0.511525 0.477912 0.565515 0.477358 0.564145 0.477979 0.564145 0.478076 0.564172 0.478541 0.564426 0.477912 0.565515 0.478688 0.564567 0.47893 0.564931 0.477912 0.565515 0.50128 0.555929 0.50161 0.555969 0.501107 0.557097 0.479013 0.565969 0.478931 0.566187 0.477912 0.565515 0.477912 0.565515 0.478542 0.566685 0.478006 0.566949 0.478637 0.5666 0.478542 0.566685 0.477912 0.565515 0.478931 0.566187 0.478637 0.5666 0.477912 0.565515 0.47907 0.56556 0.479013 0.565969 0.477912 0.565515 0.50097 0.555909 0.50128 0.555929 0.501107 0.557097 0.478541 0.564426 0.478688 0.564567 0.477912 0.565515 0.477979 0.564145 0.478076 0.564172 0.477912 0.565515 0.477912 0.565515 0.478006 0.566949 0.477389 0.56695 0.477912 0.565515 0.476439 0.566173 0.476295 0.565549 0.476829 0.566673 0.476439 0.566173 0.477912 0.565515 0.477389 0.56695 0.476829 0.566673 0.477912 0.565515 0.477912 0.565515 0.476805 0.564423 0.477358 0.564145 0.476425 0.564924 0.476805 0.564423 0.477912 0.565515 0.476295 0.565549 0.476425 0.564924 0.477912 0.565515 0.417869 0.552622 0.417739 0.55269 0.417739 0.51158 0.417869 0.552622 0.417739 0.51158 0.418294 0.552531 0.418552 0.509539 0.419452 0.508909 0.420513 0.508682 0.418294 0.552531 0.420513 0.508682 0.424952 0.552484 0.424952 0.552484 0.420513 0.508682 0.422732 0.508666 0.418294 0.552531 0.417739 0.51158 0.420513 0.508682 0.420513 0.508682 0.417739 0.51158 0.41795 0.510477 0.420513 0.508682 0.41795 0.510477 0.418552 0.509539 0.422732 0.508666 0.423794 0.508878 0.424694 0.509495 0.425506 0.552635 0.424952 0.552484 0.425506 0.511525 0.425506 0.511525 0.424952 0.552484 0.422732 0.508666 0.425506 0.511525 0.422732 0.508666 0.425295 0.510425 0.425295 0.510425 0.422732 0.508666 0.424694 0.509495 0.567887 0.48508 0.567456 0.527133 0.567858 0.485303 0.567858 0.485303 0.567456 0.527133 0.567777 0.485516 0.566761 0.527102 0.567182 0.486045 0.567456 0.527133 0.567456 0.527133 0.567182 0.486045 0.567472 0.485875 0.567456 0.527133 0.567472 0.485875 0.567777 0.485516 0.444748 0.534845 0.444748 0.533118 0.445419 0.534779 0.445419 0.534779 0.444748 0.533118 0.446061 0.533118 0.447156 0.53427 0.446649 0.53427 0.446061 0.533118 0.446061 0.533118 0.446649 0.53427 0.446546 0.534332 0.446546 0.534332 0.446441 0.534393 0.446061 0.533118 0.446061 0.533118 0.446441 0.534393 0.446061 0.534583 0.446061 0.533118 0.446061 0.534583 0.445419 0.534779 0.446061 0.533118 0.447156 0.533118 0.447156 0.53427 0.568314 0.529511 0.567194 0.529514 0.567381 0.528438 0.568314 0.529511 0.567381 0.528438 0.5685 0.528434 0.5685 0.528434 0.567381 0.528438 0.567456 0.527133 0.5685 0.528434 0.567456 0.527133 0.568575 0.527129 0.575056 0.53002 0.575558 0.530444 0.574701 0.530239 0.574081 0.472814 0.573203 0.471712 0.574334 0.47149 0.574334 0.47149 0.573203 0.471712 0.573811 0.470771 0.574334 0.47149 0.573811 0.470771 0.575056 0.470365 0.575056 0.470365 0.573811 0.470771 0.57472 0.470143 0.575056 0.470365 0.57472 0.470143 0.575558 0.469933 0.574081 0.527584 0.572989 0.527592 0.574081 0.472814 0.574081 0.472814 0.572989 0.527592 0.572989 0.472822 0.574081 0.472814 0.572989 0.472822 0.573203 0.471712 0.575056 0.53002 0.574701 0.530239 0.574334 0.528904 0.574334 0.528904 0.574701 0.530239 0.573802 0.529621 0.574334 0.528904 0.573802 0.529621 0.574081 0.527584 0.574081 0.527584 0.573802 0.529621 0.5732 0.528692 0.574081 0.527584 0.5732 0.528692 0.572989 0.527592 0.499668 0.50187 0.500083 0.501631 0.499638 0.502003 0.494681 0.536114 0.494778 0.536614 0.493461 0.536622 0.494681 0.536114 0.493461 0.536622 0.494577 0.536054 0.494577 0.536054 0.493461 0.536622 0.493692 0.53606 0.574701 0.530239 0.574643 0.530786 0.573563 0.530045 0.574701 0.530239 0.573563 0.530045 0.573802 0.529621 0.544736 0.470463 0.545391 0.470071 0.545567 0.471231 0.544736 0.470463 0.545567 0.471231 0.544882 0.47143 0.544882 0.47143 0.545567 0.471231 0.545629 0.472565 0.544882 0.47143 0.545629 0.472565 0.544934 0.472542 0.499668 0.50187 0.49974 0.501424 0.500083 0.501631 0.500083 0.501631 0.49974 0.501424 0.499753 0.500706 0.500083 0.501631 0.499753 0.500706 0.499638 0.500046 0.555911 0.469933 0.556071 0.470147 0.545391 0.470071 0.545391 0.470071 0.556071 0.470147 0.545567 0.471231 0.493461 0.536622 0.494778 0.536614 0.494781 0.546846 0.494781 0.546846 0.494141 0.546883 0.493461 0.536622 0.493461 0.536622 0.494141 0.546883 0.49346 0.547007 0.493461 0.536622 0.49346 0.547007 0.492356 0.536642 0.492356 0.536642 0.49346 0.547007 0.493045 0.547133 0.492356 0.536642 0.493045 0.547133 0.492356 0.54746 0.556263 0.472422 0.545629 0.472565 0.556213 0.471216 0.556213 0.471216 0.545629 0.472565 0.545567 0.471231 0.556213 0.471216 0.545567 0.471231 0.556202 0.471088 0.556202 0.471088 0.545567 0.471231 0.556071 0.470147 0.508581 0.560023 0.517722 0.560002 0.517733 0.560237 0.517733 0.560237 0.51773 0.560472 0.517551 0.560682 0.508581 0.560023 0.517733 0.560237 0.508611 0.560361 0.508611 0.560361 0.517733 0.560237 0.508681 0.560706 0.508611 0.560361 0.508681 0.560706 0.50867 0.560696 0.517551 0.560682 0.516879 0.561233 0.517733 0.560237 0.517733 0.560237 0.516879 0.561233 0.516472 0.561447 0.517733 0.560237 0.516472 0.561447 0.515799 0.561656 0.509834 0.561464 0.508681 0.560706 0.511164 0.561728 0.511164 0.561728 0.508681 0.560706 0.517733 0.560237 0.511164 0.561728 0.517733 0.560237 0.515162 0.561719 0.515162 0.561719 0.517733 0.560237 0.515799 0.561656 0.564194 0.528306 0.564197 0.528394 0.558005 0.528332 0.558005 0.528332 0.564197 0.528394 0.556289 0.528426 0.558005 0.528332 0.556289 0.528426 0.557983 0.527087 0.557983 0.527087 0.556289 0.528426 0.556263 0.527094 0.564197 0.528394 0.564226 0.528958 0.556289 0.528426 0.556289 0.528426 0.564226 0.528958 0.564269 0.529534 0.556289 0.528426 0.564269 0.529534 0.556361 0.529577 0.556361 0.529577 0.564269 0.529534 0.564264 0.529545 0.501253 0.539513 0.501256 0.54745 0.500711 0.539502 0.500711 0.539502 0.501256 0.54745 0.50012 0.547 0.500711 0.539502 0.50012 0.547 0.500127 0.539186 0.500127 0.539186 0.50012 0.547 0.499794 0.539065 0.499794 0.539065 0.50012 0.547 0.498793 0.546843 0.499794 0.539065 0.498793 0.546843 0.49879 0.538913 0.499794 0.539065 0.49879 0.538913 0.501687 0.538911 0.501698 0.539501 0.500711 0.539502 0.501687 0.538911 0.501687 0.538911 0.500711 0.539502 0.500127 0.539186 0.501687 0.538911 0.500127 0.539186 0.499794 0.539065 0.504763 0.557193 0.507056 0.557184 0.507081 0.558516 0.504763 0.557193 0.507081 0.558516 0.504789 0.558525 0.504789 0.558525 0.507081 0.558516 0.507154 0.559667 0.504789 0.558525 0.507154 0.559667 0.504861 0.559676 0.504149 0.536632 0.50415 0.538935 0.503014 0.538917 0.504149 0.536632 0.503014 0.538917 0.503013 0.536614 0.503013 0.536614 0.503014 0.538917 0.501687 0.538911 0.503013 0.536614 0.501687 0.538911 0.501686 0.536609 0.474717 0.563496 0.475668 0.563463 0.474243 0.563833 0.474243 0.563833 0.475668 0.563463 0.475838 0.564048 0.474243 0.563833 0.475838 0.564048 0.473677 0.564055 0.473677 0.564055 0.475838 0.564048 0.473048 0.564145 0.434429 0.561201 0.434199 0.56745 0.434069 0.561453 0.434069 0.561453 0.434199 0.56745 0.433644 0.5673 0.434069 0.561453 0.433644 0.5673 0.433644 0.561544 0.434754 0.568443 0.434605 0.567869 0.434754 0.560385 0.434754 0.560385 0.434605 0.567869 0.434199 0.56745 0.434754 0.560385 0.434199 0.56745 0.434669 0.560826 0.434669 0.560826 0.434199 0.56745 0.434429 0.561201 0.429206 0.567331 0.428781 0.567247 0.428421 0.567 0.428421 0.567 0.428181 0.566628 0.429206 0.567331 0.429206 0.567331 0.428181 0.566628 0.428096 0.566188 0.429206 0.567331 0.428096 0.566188 0.433644 0.5673 0.433644 0.5673 0.428096 0.566188 0.429206 0.561575 0.433644 0.5673 0.429206 0.561575 0.433644 0.561544 0.428421 0.561918 0.428781 0.561666 0.428181 0.562293 0.428181 0.562293 0.428781 0.561666 0.429206 0.561575 0.428181 0.562293 0.429206 0.561575 0.428096 0.562734 0.428096 0.562734 0.429206 0.561575 0.428096 0.566188 0.473573 0.50341 0.473048 0.502992 0.473999 0.502959 0.476125 0.560567 0.474615 0.505818 0.476851 0.50574 0.475908 0.561897 0.476723 0.563207 0.475218 0.563042 0.475218 0.563042 0.476723 0.563207 0.475668 0.563463 0.475218 0.563042 0.475668 0.563463 0.474717 0.563496 0.476851 0.50574 0.474615 0.505818 0.476609 0.504646 0.476609 0.504646 0.474615 0.505818 0.474326 0.504505 0.476609 0.504646 0.474326 0.504505 0.475983 0.503734 0.473573 0.50341 0.473999 0.502959 0.474326 0.504505 0.474326 0.504505 0.473999 0.502959 0.475066 0.503141 0.474326 0.504505 0.475066 0.503141 0.475983 0.503734 0.476851 0.50574 0.478361 0.56049 0.476125 0.560567 0.476125 0.560567 0.478361 0.56049 0.47818 0.561598 0.476125 0.560567 0.47818 0.561598 0.475908 0.561897 0.475908 0.561897 0.47818 0.561598 0.477605 0.562552 0.475908 0.561897 0.477605 0.562552 0.476723 0.563207 0.538555 0.522204 0.537409 0.522209 0.537434 0.520899 0.538555 0.522204 0.537434 0.520899 0.53858 0.520894 0.53858 0.520894 0.537434 0.520899 0.537507 0.51981 0.53858 0.520894 0.537507 0.51981 0.538653 0.519806 0.439971 0.53427 0.439971 0.533118 0.440518 0.53427 0.440518 0.53427 0.439971 0.533118 0.441116 0.533118 0.440518 0.53427 0.441116 0.533118 0.441116 0.534582 0.441116 0.534582 0.441116 0.533118 0.44177 0.534779 0.44177 0.534779 0.441116 0.533118 0.442446 0.533118 0.44177 0.534779 0.442446 0.533118 0.442446 0.534845 0.425506 0.552635 0.425506 0.511525 0.426025 0.553064 0.426025 0.553064 0.425506 0.511525 0.426215 0.511535 0.426025 0.553064 0.426215 0.511535 0.426167 0.553343 0.426167 0.553343 0.426215 0.511535 0.426215 0.553642 0.566428 0.540253 0.566367 0.54857 0.565803 0.540252 0.565803 0.540252 0.566367 0.54857 0.565651 0.54857 0.565803 0.540252 0.565651 0.54857 0.565713 0.540253 0.565713 0.540253 0.565651 0.54857 0.565309 0.540259 0.50037 0.55592 0.500607 0.547917 0.501171 0.547844 0.50037 0.55592 0.501171 0.547844 0.50055 0.555909 0.50055 0.555909 0.501171 0.547844 0.50097 0.555909 0.50097 0.555909 0.501171 0.547844 0.501901 0.547865 0.50097 0.555909 0.501901 0.547865 0.50128 0.555929 0.502602 0.547974 0.501981 0.556038 0.501901 0.547865 0.501901 0.547865 0.501981 0.556038 0.50161 0.555969 0.501901 0.547865 0.50161 0.555969 0.50128 0.555929 0.567003 0.539936 0.56629 0.539936 0.56629 0.531615 0.56629 0.531615 0.566888 0.531615 0.567003 0.539936 0.567003 0.539936 0.566888 0.531615 0.567003 0.531615 0.567003 0.539936 0.567003 0.531615 0.567512 0.539936 0.567512 0.539936 0.567003 0.531615 0.567385 0.531615 0.502602 0.547974 0.502163 0.556086 0.501981 0.556038 0.56629 0.531615 0.56629 0.539936 0.565657 0.539936 0.56629 0.531615 0.565657 0.539936 0.565661 0.531615 0.565661 0.531615 0.565657 0.539936 0.565142 0.539936 0.565661 0.531615 0.565142 0.539936 0.565147 0.531615 0.426303 0.524952 0.426293 0.516671 0.426863 0.516699 0.426303 0.524952 0.426863 0.516699 0.426868 0.52498 0.426868 0.52498 0.426863 0.516699 0.427508 0.5167 0.426868 0.52498 0.427508 0.5167 0.427508 0.524981 0.427508 0.524981 0.427508 0.5167 0.428096 0.516673 0.427508 0.524981 0.428096 0.516673 0.428096 0.524956 0.567564 0.540275 0.567491 0.548592 0.566973 0.548578 0.567564 0.540275 0.566973 0.548578 0.567056 0.540261 0.567056 0.540261 0.566973 0.548578 0.566367 0.54857 0.567056 0.540261 0.566367 0.54857 0.566428 0.540253 0.536263 0.575803 0.534887 0.575808 0.534902 0.575239 0.536263 0.575803 0.534902 0.575239 0.536277 0.575234 0.426293 0.524981 0.427675 0.524981 0.427675 0.525416 0.426293 0.524981 0.427675 0.525416 0.426293 0.525416 0.426293 0.525416 0.427675 0.525416 0.427675 0.525997 0.426293 0.525416 0.427675 0.525997 0.426293 0.525997 0.427675 0.530601 0.426293 0.530601 0.427675 0.525997 0.427675 0.525997 0.426293 0.530601 0.426293 0.525997 0.426293 0.530601 0.427675 0.530601 0.427675 0.531037 0.426293 0.530601 0.427675 0.531037 0.426293 0.531044 0.426293 0.531044 0.427675 0.531037 0.427675 0.531422 0.426293 0.531044 0.427675 0.531422 0.426293 0.531426 0.480451 0.534516 0.479075 0.534525 0.4791 0.534161 0.480451 0.534516 0.4791 0.534161 0.480475 0.534153 0.480475 0.534153 0.4791 0.534161 0.479109 0.533722 0.480475 0.534153 0.479109 0.533722 0.480484 0.533716 0.479108 0.53027 0.480484 0.530264 0.479109 0.533722 0.479109 0.533722 0.480484 0.530264 0.480484 0.533716 0.479102 0.528616 0.480484 0.528614 0.479101 0.529058 0.479101 0.529058 0.480484 0.528614 0.480482 0.529057 0.479101 0.529058 0.480482 0.529057 0.479095 0.529437 0.479095 0.529437 0.480482 0.529057 0.480477 0.529435 0.479075 0.529442 0.480451 0.529437 0.4791 0.529826 0.4791 0.529826 0.480451 0.529437 0.480475 0.52982 0.4791 0.529826 0.480475 0.52982 0.479108 0.53027 0.479108 0.53027 0.480475 0.52982 0.480484 0.530264 0.479095 0.52401 0.480477 0.524009 0.479102 0.528616 0.479102 0.528616 0.480477 0.524009 0.480484 0.528614 0.534887 0.567754 0.536263 0.567749 0.536271 0.568193 0.534887 0.567754 0.536271 0.568193 0.534896 0.568198 0.534896 0.568198 0.536271 0.568193 0.536295 0.568576 0.534896 0.568198 0.536295 0.568576 0.53492 0.568582 0.479102 0.523189 0.480484 0.523188 0.480478 0.523566 0.479102 0.523189 0.480478 0.523566 0.479097 0.523568 0.479097 0.523568 0.480478 0.523566 0.480477 0.524009 0.479097 0.523568 0.480477 0.524009 0.479095 0.52401 0.537409 0.564292 0.534887 0.564302 0.537373 0.563996 0.537373 0.563996 0.534887 0.564302 0.534896 0.563866 0.537373 0.563996 0.534896 0.563866 0.53727 0.563724 0.534896 0.563866 0.534902 0.563734 0.53727 0.563724 0.53727 0.563724 0.534902 0.563734 0.53492 0.563503 0.48923 0.561554 0.491605 0.561794 0.489643 0.561998 0.491588 0.562619 0.489631 0.562578 0.491597 0.562176 0.491597 0.562176 0.489631 0.562578 0.489643 0.561998 0.491597 0.562176 0.489643 0.561998 0.4916 0.562039 0.4916 0.562039 0.489643 0.561998 0.491605 0.561794 0.491443 0.569524 0.489486 0.569483 0.491588 0.562619 0.491588 0.562619 0.489486 0.569483 0.489631 0.562578 0.489477 0.56992 0.489486 0.569483 0.491434 0.569961 0.491434 0.569961 0.489486 0.569483 0.491443 0.569524 0.489477 0.56992 0.491434 0.569961 0.489474 0.570053 0.489474 0.570053 0.491434 0.569961 0.491426 0.570326 0.489474 0.570053 0.491426 0.570326 0.48923 0.57028 0.567472 0.485875 0.565337 0.485882 0.565399 0.485523 0.567472 0.485875 0.565399 0.485523 0.567777 0.485516 0.567777 0.485516 0.565399 0.485523 0.567858 0.485303 0.567858 0.485303 0.565399 0.485523 0.565424 0.485088 0.567858 0.485303 0.565424 0.485088 0.567887 0.48508 0.568575 0.527129 0.567456 0.527133 0.567887 0.48508 0.565424 0.485088 0.565554 0.472441 0.567887 0.48508 0.567887 0.48508 0.565554 0.472441 0.569136 0.47243 0.567887 0.48508 0.569136 0.47243 0.568575 0.527129 0.565342 0.469945 0.569088 0.471095 0.565506 0.471106 0.565506 0.471106 0.569088 0.471095 0.569136 0.47243 0.565506 0.471106 0.569136 0.47243 0.565554 0.472441 0.495169 0.532361 0.495159 0.536353 0.494787 0.536174 0.494787 0.536174 0.494681 0.536114 0.495169 0.532361 0.495169 0.532361 0.494681 0.536114 0.494577 0.536054 0.495169 0.532361 0.494577 0.536054 0.494063 0.532381 0.494063 0.532381 0.494577 0.536054 0.494064 0.536065 0.565342 0.469945 0.568924 0.469933 0.569088 0.471095 0.495159 0.536353 0.495169 0.532361 0.495814 0.536549 0.495814 0.536549 0.495169 0.532361 0.496485 0.532353 0.495814 0.536549 0.496485 0.532353 0.496486 0.536613 0.494781 0.546846 0.494778 0.536614 0.496486 0.536613 0.501686 0.536609 0.501687 0.538911 0.498789 0.536611 0.498789 0.536611 0.501687 0.538911 0.49879 0.538913 0.496485 0.532353 0.498788 0.532351 0.496486 0.536613 0.496486 0.536613 0.498788 0.532351 0.498789 0.536611 0.496486 0.536613 0.498789 0.536611 0.494781 0.546846 0.494781 0.546846 0.498789 0.536611 0.49879 0.538913 0.494781 0.546846 0.49879 0.538913 0.498793 0.546843 0.498789 0.536611 0.498788 0.532351 0.499464 0.536546 0.499464 0.536546 0.498788 0.532351 0.500115 0.532357 0.501252 0.536059 0.50071 0.536048 0.500115 0.532357 0.500115 0.532357 0.50071 0.536048 0.500116 0.536354 0.500115 0.532357 0.500116 0.536354 0.499464 0.536546 0.500115 0.532357 0.501251 0.532375 0.501252 0.536059 0.538653 0.579427 0.534985 0.579442 0.534913 0.578291 0.538653 0.579427 0.534913 0.578291 0.53858 0.578276 0.53858 0.578276 0.534913 0.578291 0.534887 0.576959 0.53858 0.578276 0.534887 0.576959 0.538555 0.576944 0.534887 0.576959 0.534887 0.575808 0.538555 0.576944 0.538555 0.576944 0.534887 0.575808 0.536263 0.575803 0.534887 0.567754 0.534887 0.564302 0.536263 0.567749 0.536263 0.567749 0.534887 0.564302 0.537409 0.564292 0.537409 0.522209 0.538555 0.522204 0.537409 0.564292 0.537409 0.564292 0.538555 0.522204 0.538555 0.576944 0.537409 0.564292 0.538555 0.576944 0.536263 0.567749 0.536263 0.567749 0.538555 0.576944 0.536263 0.575803 0.474631 0.565603 0.474413 0.567023 0.473806 0.566888 0.474631 0.565603 0.473048 0.565915 0.473048 0.56527 0.473319 0.566492 0.473048 0.565915 0.474631 0.565603 0.473806 0.566888 0.473319 0.566492 0.474631 0.565603 0.474631 0.565603 0.473806 0.564287 0.474387 0.564145 0.473319 0.564689 0.473806 0.564287 0.474631 0.565603 0.473048 0.56527 0.473319 0.564689 0.474631 0.565603 0.566367 0.54857 0.566358 0.548879 0.565651 0.54857 0.565651 0.54857 0.566358 0.548879 0.565485 0.548879 0.500607 0.547917 0.50037 0.547549 0.501171 0.547844 0.501171 0.547844 0.50037 0.547549 0.501058 0.54746 0.501171 0.547844 0.501058 0.54746 0.501901 0.547865 0.501901 0.547865 0.501058 0.54746 0.501949 0.547485 0.501901 0.547865 0.501949 0.547485 0.502602 0.547974 0.502602 0.547974 0.501949 0.547485 0.502804 0.547618 0.502602 0.547974 0.502804 0.547618 0.503087 0.548142 0.503087 0.548142 0.502804 0.547618 0.503395 0.547823 0.567003 0.539936 0.56717 0.540252 0.56629 0.539936 0.56629 0.539936 0.56717 0.540252 0.5663 0.540252 0.56629 0.539936 0.5663 0.540252 0.565657 0.539936 0.565657 0.539936 0.5663 0.540252 0.565529 0.540252 0.431681 0.54817 0.431463 0.548448 0.431197 0.54777 0.431197 0.54777 0.431463 0.548448 0.430873 0.54796 0.431197 0.54777 0.430873 0.54796 0.430932 0.547189 0.430932 0.547189 0.430873 0.54796 0.430549 0.547252 0.430932 0.547189 0.430549 0.547252 0.430938 0.546545 0.430938 0.546545 0.430549 0.547252 0.430556 0.546466 0.430938 0.546545 0.430556 0.546466 0.431214 0.545966 0.431214 0.545966 0.430556 0.546466 0.430893 0.545759 0.431214 0.545966 0.430893 0.545759 0.431705 0.545569 0.431705 0.545569 0.430893 0.545759 0.431492 0.545274 0.431705 0.545569 0.431492 0.545274 0.432286 0.545432 0.432286 0.545432 0.431492 0.545274 0.432202 0.545107 0.435531 0.544307 0.435623 0.54397 0.436178 0.54412 0.435531 0.544307 0.436178 0.54412 0.435919 0.544412 0.435919 0.544412 0.436178 0.54412 0.436584 0.544539 0.435919 0.544412 0.436584 0.544539 0.436203 0.544705 0.436203 0.544705 0.436584 0.544539 0.436733 0.545113 0.436203 0.544705 0.436733 0.545113 0.436307 0.545107 0.42802 0.530589 0.427675 0.530601 0.42802 0.525986 0.42802 0.525986 0.427675 0.530601 0.427675 0.525997 0.427675 0.530601 0.42802 0.530589 0.427675 0.531037 0.427675 0.531037 0.42802 0.530589 0.42802 0.531156 0.430767 0.54392 0.43055 0.544232 0.430404 0.543674 0.430404 0.543674 0.43055 0.544232 0.430077 0.543912 0.430404 0.543674 0.430077 0.543912 0.43016 0.5433 0.43016 0.5433 0.430077 0.543912 0.429761 0.543427 0.43016 0.5433 0.429761 0.543427 0.430075 0.542858 0.430075 0.542858 0.429761 0.543427 0.42965 0.542852 0.430075 0.542858 0.42965 0.542852 0.430075 0.539404 0.430075 0.539404 0.42965 0.542852 0.42965 0.539398 0.430075 0.539404 0.42965 0.539398 0.430159 0.538963 0.430159 0.538963 0.42965 0.539398 0.429759 0.538825 0.430159 0.538963 0.429759 0.538825 0.4304 0.538588 0.4304 0.538588 0.429759 0.538825 0.430072 0.538337 0.4304 0.538588 0.430072 0.538337 0.43076 0.538336 0.43076 0.538336 0.430072 0.538337 0.43054 0.538009 0.43076 0.538336 0.43054 0.538009 0.431185 0.538245 0.431185 0.538245 0.43054 0.538009 0.431092 0.537891 0.431185 0.538245 0.431092 0.537891 0.435623 0.538214 0.435623 0.538214 0.431092 0.537891 0.435531 0.53786 0.436307 0.537049 0.436733 0.537055 0.436648 0.537496 0.436307 0.537049 0.436648 0.537496 0.436248 0.537357 0.436248 0.537357 0.436648 0.537496 0.436408 0.537871 0.436248 0.537357 0.436408 0.537871 0.43608 0.53762 0.43608 0.53762 0.436408 0.537871 0.436048 0.538123 0.43608 0.53762 0.436048 0.538123 0.435828 0.537797 0.435828 0.537797 0.436048 0.538123 0.435623 0.538214 0.435828 0.537797 0.435623 0.538214 0.435531 0.53786 0.436733 0.537055 0.436307 0.537049 0.436733 0.533601 0.436733 0.533601 0.436307 0.537049 0.436307 0.533595 0.491933 0.562615 0.491588 0.562619 0.491597 0.562176 0.491933 0.562615 0.491597 0.562176 0.49194 0.562305 0.435828 0.532854 0.436048 0.532542 0.436178 0.532608 0.435828 0.532854 0.436178 0.532608 0.43608 0.533027 0.436178 0.532608 0.436408 0.532789 0.43608 0.533027 0.43608 0.533027 0.436408 0.532789 0.436584 0.533027 0.43608 0.533027 0.436584 0.533027 0.436248 0.533287 0.436584 0.533027 0.436648 0.533161 0.436248 0.533287 0.436248 0.533287 0.436648 0.533161 0.436733 0.533601 0.436248 0.533287 0.436733 0.533601 0.436307 0.533595 0.491789 0.569519 0.491443 0.569524 0.491933 0.562615 0.491933 0.562615 0.491443 0.569524 0.491588 0.562619 0.565007 0.48507 0.565424 0.485088 0.565399 0.485523 0.565007 0.48507 0.565399 0.485523 0.56499 0.485374 0.56499 0.485374 0.565399 0.485523 0.565337 0.485882 0.56499 0.485374 0.565337 0.485882 0.564946 0.485625 0.491777 0.570081 0.491426 0.570326 0.491434 0.569961 0.491777 0.570081 0.491434 0.569961 0.491782 0.569826 0.491782 0.569826 0.491434 0.569961 0.491443 0.569524 0.491782 0.569826 0.491443 0.569524 0.491789 0.569519 0.565137 0.472423 0.565554 0.472441 0.565007 0.48507 0.565007 0.48507 0.565554 0.472441 0.565424 0.485088 0.496492 0.532017 0.496485 0.532353 0.495169 0.532361 0.496492 0.532017 0.495169 0.532361 0.495307 0.532024 0.429946 0.549175 0.429911 0.549504 0.428831 0.548763 0.429946 0.549175 0.428831 0.548763 0.428974 0.548508 0.564946 0.470176 0.565342 0.469945 0.565506 0.471106 0.564946 0.470176 0.565506 0.471106 0.565094 0.471221 0.565094 0.471221 0.565506 0.471106 0.565554 0.472441 0.565094 0.471221 0.565554 0.472441 0.565137 0.472423 0.433311 0.549388 0.433404 0.549742 0.431092 0.549404 0.431092 0.549404 0.433404 0.549742 0.431185 0.549758 0.436307 0.546258 0.436733 0.546265 0.436479 0.547588 0.436307 0.546258 0.436479 0.547588 0.436079 0.54745 0.436079 0.54745 0.436479 0.547588 0.435758 0.548714 0.436079 0.54745 0.435758 0.548714 0.43543 0.548463 0.43543 0.548463 0.435758 0.548714 0.434678 0.54947 0.43543 0.548463 0.434678 0.54947 0.434458 0.549143 0.434458 0.549143 0.434678 0.54947 0.433404 0.549742 0.434458 0.549143 0.433404 0.549742 0.433311 0.549388 0.436307 0.545107 0.436733 0.545113 0.436307 0.546258 0.436307 0.546258 0.436733 0.545113 0.436733 0.546265 0.566264 0.469668 0.566264 0.461348 0.566896 0.461348 0.566264 0.469668 0.566896 0.461348 0.566896 0.469668 0.566896 0.469668 0.566896 0.461348 0.567411 0.461348 0.566896 0.469668 0.567411 0.461348 0.567411 0.469668 0.426293 0.51664 0.426293 0.508359 0.426863 0.508388 0.426293 0.51664 0.426863 0.508388 0.426863 0.516669 0.426863 0.516669 0.426863 0.508388 0.427507 0.50839 0.426863 0.516669 0.427507 0.50839 0.427507 0.516671 0.427507 0.516671 0.427507 0.50839 0.428096 0.508364 0.427507 0.516671 0.428096 0.508364 0.428096 0.516645 0.567569 0.428437 0.567508 0.436754 0.56699 0.43674 0.567569 0.428437 0.56699 0.43674 0.567052 0.428423 0.567052 0.428423 0.56699 0.43674 0.566384 0.436733 0.567052 0.428423 0.566384 0.436733 0.566445 0.428416 0.474631 0.565603 0.474387 0.564145 0.474993 0.564279 0.475082 0.564326 0.47548 0.564675 0.474631 0.565603 0.475594 0.564845 0.475751 0.565253 0.474631 0.565603 0.480663 0.559397 0.480993 0.559437 0.48049 0.560565 0.475607 0.566284 0.47548 0.566479 0.474631 0.565603 0.474631 0.565603 0.474993 0.566881 0.474413 0.567023 0.475104 0.566819 0.474993 0.566881 0.474631 0.565603 0.47548 0.566479 0.475104 0.566819 0.474631 0.565603 0.475751 0.565897 0.475607 0.566284 0.474631 0.565603 0.480353 0.559377 0.480663 0.559397 0.48049 0.560565 0.47548 0.564675 0.475594 0.564845 0.474631 0.565603 0.474993 0.564279 0.475082 0.564326 0.474631 0.565603 0.435531 0.532795 0.435828 0.532854 0.433667 0.534463 0.435828 0.532854 0.43608 0.533027 0.433667 0.534463 0.433667 0.534463 0.43608 0.533027 0.436248 0.533287 0.433667 0.534463 0.436248 0.533287 0.433894 0.535339 0.433894 0.535339 0.436248 0.533287 0.436307 0.533595 0.433894 0.535339 0.436307 0.533595 0.433667 0.536218 0.433667 0.536218 0.436307 0.533595 0.436307 0.537049 0.433667 0.547731 0.433894 0.546851 0.436079 0.54745 0.435919 0.544412 0.436203 0.544705 0.433667 0.545975 0.433667 0.545975 0.436203 0.544705 0.436307 0.545107 0.433667 0.545975 0.436307 0.545107 0.433894 0.546851 0.433894 0.546851 0.436307 0.545107 0.436307 0.546258 0.433894 0.546851 0.436307 0.546258 0.436079 0.54745 0.435919 0.544412 0.433667 0.545975 0.435531 0.544307 0.435531 0.544307 0.433667 0.545975 0.433048 0.545337 0.435531 0.544307 0.433048 0.545337 0.431092 0.544338 0.432202 0.537106 0.433048 0.536865 0.431092 0.537891 0.431092 0.537891 0.433048 0.536865 0.435531 0.53786 0.436079 0.54745 0.43543 0.548463 0.433667 0.547731 0.433667 0.547731 0.43543 0.548463 0.434458 0.549143 0.433667 0.547731 0.434458 0.549143 0.433048 0.548378 0.433048 0.548378 0.434458 0.549143 0.433311 0.549388 0.433048 0.548378 0.433311 0.549388 0.432202 0.548619 0.435531 0.53786 0.433048 0.536865 0.435828 0.537797 0.435828 0.537797 0.433048 0.536865 0.433667 0.536218 0.435828 0.537797 0.433667 0.536218 0.43608 0.53762 0.43608 0.53762 0.433667 0.536218 0.436307 0.537049 0.43608 0.53762 0.436307 0.537049 0.436248 0.537357 0.433667 0.534463 0.433048 0.533824 0.435531 0.532795 0.435531 0.532795 0.433048 0.533824 0.432202 0.533595 0.435531 0.532795 0.432202 0.533595 0.428873 0.532842 0.43055 0.544232 0.431492 0.545274 0.430893 0.545759 0.430873 0.54796 0.428974 0.548508 0.430549 0.547252 0.430549 0.547252 0.428974 0.548508 0.428324 0.547504 0.430549 0.547252 0.428324 0.547504 0.430556 0.546466 0.432202 0.533595 0.431492 0.533762 0.428873 0.532842 0.428873 0.532842 0.431492 0.533762 0.430893 0.534247 0.428873 0.532842 0.430893 0.534247 0.428576 0.532905 0.428576 0.532905 0.430893 0.534247 0.430556 0.534953 0.428576 0.532905 0.430556 0.534953 0.428324 0.533082 0.428324 0.533082 0.430556 0.534953 0.428155 0.533344 0.431092 0.544338 0.433048 0.545337 0.43055 0.544232 0.43055 0.544232 0.433048 0.545337 0.432202 0.545107 0.43055 0.544232 0.432202 0.545107 0.431492 0.545274 0.432202 0.548619 0.433311 0.549388 0.431463 0.548448 0.431463 0.548448 0.433311 0.549388 0.431092 0.549404 0.431463 0.548448 0.431092 0.549404 0.430873 0.54796 0.430873 0.54796 0.431092 0.549404 0.429946 0.549175 0.430873 0.54796 0.429946 0.549175 0.428974 0.548508 0.43054 0.538009 0.430873 0.536447 0.431092 0.537891 0.431092 0.537891 0.430873 0.536447 0.431463 0.536936 0.431092 0.537891 0.431463 0.536936 0.432202 0.537106 0.428155 0.533344 0.430556 0.534953 0.428096 0.533653 0.428096 0.533653 0.430556 0.534953 0.430549 0.535739 0.428096 0.533653 0.430549 0.535739 0.430873 0.536447 0.428324 0.547504 0.428096 0.546317 0.430556 0.546466 0.430556 0.546466 0.428096 0.546317 0.429761 0.543427 0.430556 0.546466 0.429761 0.543427 0.430893 0.545759 0.430893 0.545759 0.429761 0.543427 0.430077 0.543912 0.430893 0.545759 0.430077 0.543912 0.43055 0.544232 0.43054 0.538009 0.430072 0.538337 0.430873 0.536447 0.430873 0.536447 0.430072 0.538337 0.429759 0.538825 0.430873 0.536447 0.429759 0.538825 0.428096 0.533653 0.428096 0.533653 0.429759 0.538825 0.42965 0.539398 0.428096 0.533653 0.42965 0.539398 0.428096 0.546317 0.428096 0.546317 0.42965 0.539398 0.42965 0.542852 0.428096 0.546317 0.42965 0.542852 0.429761 0.543427 0.566264 0.461348 0.566253 0.461031 0.566896 0.461348 0.566896 0.461348 0.566253 0.461031 0.567025 0.461031 0.431681 0.536658 0.431463 0.536936 0.431197 0.536257 0.431197 0.536257 0.431463 0.536936 0.430873 0.536447 0.431197 0.536257 0.430873 0.536447 0.430932 0.535677 0.430932 0.535677 0.430873 0.536447 0.430549 0.535739 0.430932 0.535677 0.430549 0.535739 0.430938 0.535033 0.430938 0.535033 0.430549 0.535739 0.430556 0.534953 0.430938 0.535033 0.430556 0.534953 0.431214 0.534454 0.431214 0.534454 0.430556 0.534953 0.430893 0.534247 0.431214 0.534454 0.430893 0.534247 0.431705 0.534056 0.431705 0.534056 0.430893 0.534247 0.431492 0.533762 0.431705 0.534056 0.431492 0.533762 0.432286 0.53392 0.432286 0.53392 0.431492 0.533762 0.432202 0.533595 0.566445 0.428416 0.566384 0.436733 0.56582 0.428415 0.56582 0.428415 0.566384 0.436733 0.565668 0.436733 0.56582 0.428415 0.565668 0.436733 0.56573 0.428416 0.56573 0.428416 0.565668 0.436733 0.565326 0.428422 0.479753 0.559388 0.47999 0.551385 0.480554 0.551312 0.479753 0.559388 0.480554 0.551312 0.479933 0.559377 0.479933 0.559377 0.480554 0.551312 0.480353 0.559377 0.480353 0.559377 0.480554 0.551312 0.481284 0.551333 0.480353 0.559377 0.481284 0.551333 0.480663 0.559397 0.480663 0.559397 0.481284 0.551333 0.480993 0.559437 0.480993 0.559437 0.481284 0.551333 0.481985 0.551442 0.480993 0.559437 0.481985 0.551442 0.481364 0.559506 0.481364 0.559506 0.481985 0.551442 0.481546 0.559554 0.565168 0.469668 0.565041 0.461348 0.565551 0.461348 0.565168 0.469668 0.565551 0.461348 0.565551 0.469668 0.565551 0.469668 0.565551 0.461348 0.565665 0.469668 0.565665 0.469668 0.565551 0.461348 0.566264 0.461348 0.565665 0.469668 0.566264 0.461348 0.566264 0.469668 0.566384 0.436733 0.566375 0.437041 0.565668 0.436733 0.565668 0.436733 0.566375 0.437041 0.565502 0.437041 0.47999 0.551385 0.479753 0.551017 0.480554 0.551312 0.480554 0.551312 0.479753 0.551017 0.480441 0.550928 0.480554 0.551312 0.480441 0.550928 0.481284 0.551333 0.481284 0.551333 0.480441 0.550928 0.481332 0.550953 0.481284 0.551333 0.481332 0.550953 0.481985 0.551442 0.481985 0.551442 0.481332 0.550953 0.482187 0.551086 0.481985 0.551442 0.482187 0.551086 0.48247 0.55161 0.48247 0.55161 0.482187 0.551086 0.482778 0.551291 0.565551 0.461348 0.565383 0.461031 0.566264 0.461348 0.566264 0.461348 0.565383 0.461031 0.566253 0.461031 0.423207 0.565381 0.423573 0.564621 0.424232 0.564097 0.423573 0.566988 0.423207 0.566226 0.424232 0.567517 0.424232 0.567517 0.423207 0.566226 0.423207 0.565381 0.426901 0.565394 0.426901 0.566239 0.426535 0.564632 0.426535 0.564632 0.426901 0.566239 0.426535 0.566999 0.425876 0.564103 0.426535 0.564632 0.425054 0.563912 0.425054 0.563912 0.426535 0.564632 0.426535 0.566999 0.425054 0.563912 0.426535 0.566999 0.424232 0.564097 0.424232 0.564097 0.426535 0.566999 0.425876 0.567523 0.424232 0.564097 0.425876 0.567523 0.423207 0.565381 0.423207 0.565381 0.425876 0.567523 0.425054 0.567708 0.423207 0.565381 0.425054 0.567708 0.424232 0.567517 0.556885 0.439492 0.556885 0.442716 0.556056 0.439488 0.556056 0.439488 0.556885 0.442716 0.556056 0.442711 0.556056 0.439488 0.556056 0.442711 0.555385 0.439475 0.555385 0.439475 0.556056 0.442711 0.555385 0.442698 0.564008 0.529673 0.564008 0.532882 0.563231 0.529705 0.563231 0.529705 0.564008 0.532882 0.563231 0.532914 0.563231 0.529705 0.563231 0.532914 0.562386 0.529702 0.562386 0.529702 0.563231 0.532914 0.562386 0.532911 0.562386 0.529702 0.562386 0.532911 0.561641 0.529663 0.561641 0.529663 0.562386 0.532911 0.561641 0.532872 0.56064 0.564118 0.56064 0.567342 0.559962 0.564118 0.559962 0.564118 0.56064 0.567342 0.559962 0.567342 0.559962 0.564118 0.559962 0.567342 0.559132 0.564118 0.559132 0.564118 0.559962 0.567342 0.559132 0.567342 0.559132 0.564118 0.559132 0.567342 0.558314 0.564118 0.558314 0.564118 0.559132 0.567342 0.558314 0.567342 0.558314 0.564118 0.558314 0.567342 0.557671 0.564118 0.557671 0.564118 0.558314 0.567342 0.557671 0.567342 0.473048 0.564281 0.473048 0.567415 0.472308 0.564185 0.472308 0.564185 0.473048 0.567415 0.472308 0.567319 0.472308 0.564185 0.472308 0.567319 0.471464 0.564173 0.471464 0.564173 0.472308 0.567319 0.471464 0.567308 0.471464 0.564173 0.471464 0.567308 0.470682 0.564249 0.470682 0.564249 0.471464 0.567308 0.470682 0.567383 0.558355 0.439473 0.558355 0.442697 0.557705 0.439487 0.557705 0.439487 0.558355 0.442697 0.557705 0.442711 0.557705 0.439487 0.557705 0.442711 0.556885 0.439492 0.556885 0.439492 0.557705 0.442711 0.556885 0.442716 0.499302 0.525532 0.496841 0.523362 0.500147 0.525532 0.500147 0.525532 0.496841 0.523362 0.502022 0.523362 0.500147 0.525532 0.502022 0.523362 0.50091 0.525898 0.50091 0.525898 0.502022 0.523362 0.502683 0.523493 0.4865 0.531395 0.485159 0.531219 0.487037 0.528859 0.487037 0.528859 0.485159 0.531219 0.483909 0.530703 0.487037 0.528859 0.483909 0.530703 0.486508 0.5282 0.489398 0.525898 0.491129 0.523142 0.489927 0.526557 0.489927 0.526557 0.491129 0.523142 0.491086 0.523362 0.489927 0.526557 0.491086 0.523362 0.490117 0.527378 0.490117 0.527378 0.491086 0.523362 0.491097 0.527952 0.490117 0.527378 0.491097 0.527952 0.489931 0.5282 0.489931 0.5282 0.491097 0.527952 0.49123 0.528611 0.489931 0.5282 0.49123 0.528611 0.489405 0.528859 0.499302 0.525532 0.498541 0.525898 0.496841 0.523362 0.496841 0.523362 0.498541 0.525898 0.498016 0.526557 0.496841 0.523362 0.498016 0.526557 0.496852 0.527952 0.496852 0.527952 0.498016 0.526557 0.497829 0.527378 0.496852 0.527952 0.497829 0.527378 0.496723 0.528611 0.496723 0.528611 0.497829 0.527378 0.49635 0.529169 0.481255 0.503854 0.48701 0.503854 0.487042 0.517247 0.491495 0.522812 0.49144 0.522832 0.491154 0.522522 0.491154 0.522522 0.49144 0.522832 0.491253 0.522956 0.491154 0.522522 0.491253 0.522956 0.48789 0.519276 0.483909 0.530703 0.482834 0.529882 0.486508 0.5282 0.486508 0.5282 0.482834 0.529882 0.482008 0.528813 0.486508 0.5282 0.482008 0.528813 0.486318 0.527378 0.486318 0.527378 0.482008 0.528813 0.481488 0.527567 0.486318 0.527378 0.481488 0.527567 0.486504 0.526557 0.486504 0.526557 0.481488 0.527567 0.481308 0.526231 0.486504 0.526557 0.481308 0.526231 0.48703 0.525898 0.48703 0.525898 0.481308 0.526231 0.481255 0.503854 0.48703 0.525898 0.481255 0.503854 0.48779 0.525532 0.48779 0.525532 0.481255 0.503854 0.487042 0.517247 0.48779 0.525532 0.487042 0.517247 0.488636 0.525532 0.488636 0.525532 0.487042 0.517247 0.487264 0.518345 0.488636 0.525532 0.487264 0.518345 0.489398 0.525898 0.489398 0.525898 0.487264 0.518345 0.48789 0.519276 0.489398 0.525898 0.48789 0.519276 0.491129 0.523142 0.491129 0.523142 0.48789 0.519276 0.491253 0.522956 0.502683 0.523493 0.503244 0.523866 0.50091 0.525898 0.50091 0.525898 0.503244 0.523866 0.503619 0.524424 0.50091 0.525898 0.503619 0.524424 0.501438 0.526557 0.501438 0.526557 0.503619 0.524424 0.503752 0.525083 0.501438 0.526557 0.503752 0.525083 0.501628 0.527378 0.501628 0.527378 0.503752 0.525083 0.503763 0.529673 0.501628 0.527378 0.503763 0.529673 0.501442 0.5282 0.501442 0.5282 0.503763 0.529673 0.503633 0.530332 0.501442 0.5282 0.503633 0.530332 0.500917 0.528859 0.4865 0.531395 0.49513 0.529673 0.502041 0.531395 0.502041 0.531395 0.49513 0.529673 0.49579 0.529542 0.487037 0.528859 0.487799 0.529224 0.4865 0.531395 0.4865 0.531395 0.487799 0.529224 0.488644 0.529224 0.4865 0.531395 0.488644 0.529224 0.489405 0.528859 0.497829 0.527378 0.49802 0.5282 0.49635 0.529169 0.49635 0.529169 0.49802 0.5282 0.498548 0.528859 0.49635 0.529169 0.498548 0.528859 0.49579 0.529542 0.49579 0.529542 0.498548 0.528859 0.499311 0.529224 0.49579 0.529542 0.499311 0.529224 0.502041 0.531395 0.502041 0.531395 0.499311 0.529224 0.500156 0.529224 0.502041 0.531395 0.500156 0.529224 0.502701 0.531264 0.502701 0.531264 0.500156 0.529224 0.500917 0.528859 0.502701 0.531264 0.500917 0.528859 0.50326 0.530891 0.50326 0.530891 0.500917 0.528859 0.503633 0.530332 0.49123 0.528611 0.491605 0.529169 0.489405 0.528859 0.489405 0.528859 0.491605 0.529169 0.492166 0.529542 0.489405 0.528859 0.492166 0.529542 0.4865 0.531395 0.4865 0.531395 0.492166 0.529542 0.492827 0.529673 0.4865 0.531395 0.492827 0.529673 0.49513 0.529673 0.421736 0.563931 0.421736 0.567154 0.420908 0.563927 0.420908 0.563927 0.421736 0.567154 0.420908 0.56715 0.420908 0.563927 0.420908 0.56715 0.420236 0.563914 0.420236 0.563914 0.420908 0.56715 0.420236 0.567137 0.420107 0.563922 0.420107 0.567131 0.41933 0.563954 0.41933 0.563954 0.420107 0.567131 0.41933 0.567163 0.41933 0.563954 0.41933 0.567163 0.418485 0.563951 0.418485 0.563951 0.41933 0.567163 0.418485 0.56716 0.418485 0.563951 0.418485 0.56716 0.417739 0.563912 0.417739 0.563912 0.418485 0.56716 0.417739 0.567121 0.5567 0.564118 0.5567 0.567342 0.556022 0.564118 0.556022 0.564118 0.5567 0.567342 0.556022 0.567342 0.556022 0.564118 0.556022 0.567342 0.555192 0.564118 0.555192 0.564118 0.556022 0.567342 0.555192 0.567342 0.555192 0.564118 0.555192 0.567342 0.554374 0.564118 0.554374 0.564118 0.555192 0.567342 0.554374 0.567342 0.554374 0.564118 0.554374 0.567342 0.55373 0.564118 0.55373 0.564118 0.554374 0.567342 0.55373 0.567342 0.468823 0.564281 0.468823 0.567415 0.468083 0.564185 0.468083 0.564185 0.468823 0.567415 0.468083 0.567319 0.468083 0.564185 0.468083 0.567319 0.467239 0.564173 0.467239 0.564173 0.468083 0.567319 0.467239 0.567308 0.467239 0.564173 0.467239 0.567308 0.466457 0.564249 0.466457 0.564249 0.467239 0.567308 0.466457 0.567384 0.423207 0.563912 0.423207 0.567136 0.422556 0.563926 0.422556 0.563926 0.423207 0.567136 0.422556 0.567149 0.422556 0.563926 0.422556 0.567149 0.421736 0.563931 0.421736 0.563931 0.422556 0.567149 0.421736 0.567154 0.48828 0.518918 0.48789 0.519276 0.487779 0.518174 0.487779 0.518174 0.48789 0.519276 0.487264 0.518345 0.444738 0.531966 0.44494 0.532542 0.443851 0.531966 0.443851 0.531966 0.44494 0.532542 0.443832 0.532542 0.486485 0.532017 0.4865 0.531395 0.502026 0.532017 0.502026 0.532017 0.4865 0.531395 0.502041 0.531395 0.558417 0.43465 0.558993 0.434669 0.558993 0.435544 0.558417 0.43465 0.558993 0.435544 0.558417 0.435306 0.503633 0.530332 0.50415 0.5306 0.503652 0.531345 0.503633 0.530332 0.503652 0.531345 0.50326 0.530891 0.50326 0.530891 0.503652 0.531345 0.502907 0.531842 0.50326 0.530891 0.502907 0.531842 0.502701 0.531264 0.502701 0.531264 0.502907 0.531842 0.502026 0.532017 0.502701 0.531264 0.502026 0.532017 0.502041 0.531395 0.558993 0.434669 0.558417 0.43465 0.558993 0.430065 0.558993 0.430065 0.558417 0.43465 0.558417 0.430046 0.498715 0.549077 0.498086 0.549059 0.498098 0.548186 0.498715 0.549077 0.498098 0.548186 0.498724 0.548422 0.498724 0.548422 0.498098 0.548186 0.498142 0.54746 0.498724 0.548422 0.498142 0.54746 0.498757 0.547878 0.503244 0.523866 0.503634 0.523509 0.504134 0.524253 0.503244 0.523866 0.504134 0.524253 0.503619 0.524424 0.558417 0.429381 0.558993 0.429178 0.558993 0.430065 0.558417 0.429381 0.558993 0.430065 0.558417 0.430046 0.498715 0.549077 0.498748 0.554255 0.498086 0.549059 0.498086 0.549059 0.498748 0.554255 0.498434 0.554323 0.498434 0.554323 0.498205 0.554527 0.498086 0.549059 0.498086 0.549059 0.498205 0.554527 0.498143 0.554664 0.498086 0.549059 0.498143 0.554664 0.498122 0.554812 0.518891 0.543744 0.520158 0.543744 0.518891 0.548348 0.518891 0.548348 0.520158 0.543744 0.520158 0.548348 0.518891 0.548348 0.520158 0.548348 0.520158 0.549004 0.518891 0.548348 0.520158 0.549004 0.518891 0.549004 0.518891 0.549004 0.520158 0.549004 0.520158 0.549552 0.518891 0.549004 0.520158 0.549552 0.518891 0.549552 0.480307 0.539264 0.479075 0.53928 0.479163 0.538741 0.480307 0.539264 0.479163 0.538741 0.480395 0.538725 0.480395 0.538725 0.479163 0.538741 0.479194 0.538088 0.480395 0.538725 0.479194 0.538088 0.480426 0.538072 0.480426 0.538072 0.479194 0.538088 0.480426 0.535772 0.480426 0.535772 0.479194 0.538088 0.479194 0.535789 0.479096 0.521976 0.480362 0.521977 0.480365 0.522635 0.479096 0.521976 0.480365 0.522635 0.479099 0.522635 0.479099 0.522635 0.480365 0.522635 0.480375 0.523188 0.479099 0.522635 0.480375 0.523188 0.479109 0.523187 0.479075 0.534542 0.480307 0.534525 0.480395 0.535105 0.479075 0.534542 0.480395 0.535105 0.479163 0.535122 0.479163 0.535122 0.480395 0.535105 0.480426 0.535772 0.479163 0.535122 0.480426 0.535772 0.479194 0.535789 0.480362 0.521977 0.479096 0.521976 0.480361 0.517371 0.480361 0.517371 0.479096 0.521976 0.479095 0.517371 0.49873 0.55963 0.498728 0.559574 0.499985 0.559395 0.499985 0.559395 0.498728 0.559574 0.498665 0.559495 0.499985 0.559395 0.498665 0.559495 0.498611 0.55941 0.499985 0.559395 0.499991 0.559617 0.49873 0.55963 0.49873 0.55963 0.499991 0.559617 0.500004 0.559809 0.49873 0.55963 0.500004 0.559809 0.498743 0.559822 0.479099 0.51696 0.480366 0.516961 0.480363 0.51715 0.479099 0.51696 0.480363 0.51715 0.479096 0.51715 0.479096 0.51715 0.480363 0.51715 0.480361 0.517371 0.479096 0.51715 0.480361 0.517371 0.479095 0.517371 0.491495 0.522812 0.491154 0.522522 0.491573 0.5228 0.491573 0.5228 0.491154 0.522522 0.491543 0.522164 0.491573 0.5228 0.491543 0.522164 0.491657 0.522798 0.491657 0.522798 0.491543 0.522164 0.491998 0.522515 0.498611 0.55941 0.498118 0.559046 0.49832 0.558793 0.498118 0.559046 0.49813 0.558759 0.49832 0.558793 0.49832 0.558793 0.49813 0.558759 0.498139 0.558442 0.49832 0.558793 0.498139 0.558442 0.498177 0.558277 0.501768 0.501636 0.501813 0.50146 0.501813 0.502024 0.491543 0.522164 0.491154 0.522522 0.48828 0.518918 0.48828 0.518918 0.491154 0.522522 0.48789 0.519276 0.4865 0.531395 0.486485 0.532017 0.484995 0.531821 0.4865 0.531395 0.484995 0.531821 0.485159 0.531219 0.485159 0.531219 0.484995 0.531821 0.483606 0.531248 0.485159 0.531219 0.483606 0.531248 0.483909 0.530703 0.483909 0.530703 0.483606 0.531248 0.482412 0.530336 0.483909 0.530703 0.482412 0.530336 0.482834 0.529882 0.482834 0.529882 0.482412 0.530336 0.481494 0.529148 0.482834 0.529882 0.481494 0.529148 0.482008 0.528813 0.482008 0.528813 0.481494 0.529148 0.480916 0.527764 0.482008 0.528813 0.480916 0.527764 0.481488 0.527567 0.481488 0.527567 0.480916 0.527764 0.480716 0.526279 0.481488 0.527567 0.480716 0.526279 0.481308 0.526231 0.545934 0.441599 0.551687 0.441622 0.55168 0.442516 0.545934 0.441599 0.55168 0.442516 0.545927 0.442493 0.545927 0.442493 0.55168 0.442516 0.551659 0.443308 0.545927 0.442493 0.551659 0.443308 0.545906 0.443285 0.481232 0.502287 0.486988 0.502287 0.487003 0.50299 0.481232 0.502287 0.487003 0.50299 0.481248 0.50299 0.481248 0.50299 0.487003 0.50299 0.48701 0.503854 0.481248 0.50299 0.48701 0.503854 0.481255 0.503854 0.443851 0.531966 0.443832 0.532542 0.430417 0.531966 0.430417 0.531966 0.443832 0.532542 0.430398 0.532542 0.472446 0.504751 0.473036 0.50474 0.472458 0.527203 0.472458 0.527203 0.473036 0.50474 0.473048 0.527191 0.551687 0.440955 0.552053 0.440193 0.552713 0.439664 0.553536 0.439473 0.554359 0.439658 0.553536 0.443266 0.553536 0.443266 0.554359 0.439658 0.555019 0.440182 0.555019 0.442546 0.554359 0.443075 0.555385 0.441785 0.555385 0.441785 0.554359 0.443075 0.553536 0.443266 0.555385 0.441785 0.553536 0.443266 0.555385 0.440941 0.555385 0.440941 0.553536 0.443266 0.555019 0.440182 0.553536 0.443266 0.552713 0.443082 0.553536 0.439473 0.553536 0.439473 0.552713 0.443082 0.552053 0.442558 0.553536 0.439473 0.552053 0.442558 0.552713 0.439664 0.552713 0.439664 0.552053 0.442558 0.551687 0.441799 0.552713 0.439664 0.551687 0.441799 0.551687 0.440955 0.445501 0.526208 0.445501 0.531966 0.444738 0.526208 0.444738 0.526208 0.445501 0.531966 0.444738 0.531966 0.444738 0.526208 0.444738 0.531966 0.443851 0.526208 0.443851 0.526208 0.444738 0.531966 0.443851 0.531966 0.472692 0.55196 0.467095 0.551907 0.473048 0.536442 0.473048 0.536442 0.467095 0.551907 0.467451 0.536389 0.467095 0.551907 0.472692 0.55196 0.472631 0.552829 0.467095 0.551907 0.472631 0.552829 0.467033 0.552777 0.467033 0.552777 0.472631 0.552829 0.472497 0.553545 0.467033 0.552777 0.472497 0.553545 0.4669 0.553493 0.564751 0.436274 0.558993 0.436274 0.558993 0.435544 0.564751 0.436274 0.558993 0.435544 0.564751 0.435544 0.564751 0.435544 0.558993 0.435544 0.558993 0.434669 0.564751 0.435544 0.558993 0.434669 0.564751 0.434669 0.558993 0.430065 0.564751 0.430065 0.558993 0.434669 0.558993 0.434669 0.564751 0.430065 0.564751 0.434669 0.564751 0.430065 0.558993 0.430065 0.558993 0.429178 0.564751 0.430065 0.558993 0.429178 0.564751 0.429193 0.564751 0.429193 0.558993 0.429178 0.558993 0.428415 0.564751 0.429193 0.558993 0.428415 0.564751 0.428423 0.492412 0.547512 0.498142 0.54746 0.498098 0.548186 0.492412 0.547512 0.498098 0.548186 0.492367 0.548241 0.492367 0.548241 0.498098 0.548186 0.498086 0.549059 0.492367 0.548241 0.498086 0.549059 0.492356 0.549119 0.492356 0.549119 0.498086 0.549059 0.492411 0.557945 0.492411 0.557945 0.498086 0.549059 0.498122 0.554812 0.492411 0.557945 0.498122 0.554812 0.498142 0.557886 0.498142 0.557886 0.498122 0.554812 0.499956 0.554793 0.498142 0.557886 0.499956 0.554793 0.498177 0.558277 0.498177 0.558277 0.499956 0.554793 0.499985 0.559395 0.498177 0.558277 0.499985 0.559395 0.49832 0.558793 0.49832 0.558793 0.499985 0.559395 0.498611 0.55941 0.520446 0.543454 0.520158 0.543744 0.518891 0.543744 0.518891 0.543744 0.518891 0.543522 0.520446 0.543454 0.520446 0.543454 0.518891 0.543522 0.518891 0.543454 0.520446 0.543454 0.518891 0.543454 0.520657 0.543236 0.499956 0.554793 0.498122 0.554812 0.499959 0.554575 0.499959 0.554575 0.498122 0.554812 0.498143 0.554664 0.499959 0.554575 0.498143 0.554664 0.499962 0.554509 0.499962 0.554509 0.498143 0.554664 0.498205 0.554527 0.499962 0.554509 0.498205 0.554527 0.49997 0.554393 0.518891 0.543332 0.520657 0.543236 0.518891 0.543454 0.518546 0.543733 0.518891 0.543744 0.518546 0.548337 0.518546 0.548337 0.518891 0.543744 0.518891 0.548348 0.518546 0.548337 0.518891 0.548348 0.518891 0.549004 0.518546 0.548337 0.518891 0.549004 0.518546 0.548862 0.488097 0.56714 0.488408 0.567298 0.488039 0.567859 0.488097 0.56714 0.488039 0.567859 0.487802 0.567588 0.487802 0.567588 0.488039 0.567859 0.487482 0.568236 0.487802 0.567588 0.487482 0.568236 0.487356 0.56789 0.487356 0.56789 0.487482 0.568236 0.486822 0.568372 0.487356 0.56789 0.486822 0.568372 0.486829 0.567998 0.486829 0.567998 0.486822 0.568372 0.484527 0.568014 0.484527 0.568014 0.486822 0.568372 0.48452 0.568387 0.484527 0.568014 0.48452 0.568387 0.483858 0.568261 0.484527 0.568014 0.483858 0.568261 0.483997 0.567913 0.483997 0.567913 0.483858 0.568261 0.483295 0.567891 0.483997 0.567913 0.483295 0.567891 0.483546 0.567617 0.483546 0.567617 0.483295 0.567891 0.482915 0.567335 0.483546 0.567617 0.482915 0.567335 0.483243 0.567172 0.483243 0.567172 0.482915 0.567335 0.482778 0.566678 0.483243 0.567172 0.482778 0.566678 0.483133 0.566646 0.480716 0.52197 0.480362 0.521977 0.480716 0.517365 0.480716 0.517365 0.480362 0.521977 0.480361 0.517371 0.480716 0.517365 0.480361 0.517371 0.480363 0.51715 0.480716 0.517365 0.480363 0.51715 0.480716 0.517276 0.483108 0.561968 0.482778 0.561868 0.482901 0.561681 0.483108 0.561968 0.482901 0.561681 0.483157 0.561893 0.50037 0.559572 0.500004 0.559809 0.499991 0.559617 0.50037 0.559572 0.499991 0.559617 0.500365 0.559495 0.500365 0.559495 0.499991 0.559617 0.499985 0.559395 0.500365 0.559495 0.499985 0.559395 0.500363 0.559406 0.498086 0.559485 0.492356 0.559545 0.498118 0.559046 0.498118 0.559046 0.492356 0.559545 0.4924 0.558819 0.498118 0.559046 0.4924 0.558819 0.49813 0.558759 0.492411 0.557945 0.498142 0.557886 0.4924 0.558819 0.4924 0.558819 0.498142 0.557886 0.498139 0.558442 0.4924 0.558819 0.498139 0.558442 0.49813 0.558759 0.445501 0.531966 0.445501 0.526208 0.448864 0.531966 0.448864 0.531966 0.445501 0.526208 0.448864 0.526208 0.466702 0.527203 0.472458 0.527203 0.472463 0.528689 0.466702 0.527203 0.472463 0.528689 0.466707 0.528689 0.466707 0.528689 0.472463 0.528689 0.472479 0.530066 0.466707 0.528689 0.472479 0.530066 0.466723 0.530066 0.466723 0.530066 0.472479 0.530066 0.472503 0.53124 0.466723 0.530066 0.472503 0.53124 0.466747 0.53124 0.46715 0.532224 0.472748 0.532277 0.472934 0.533522 0.46715 0.532224 0.472934 0.533522 0.467336 0.533469 0.467336 0.533469 0.472934 0.533522 0.473036 0.534943 0.467336 0.533469 0.473036 0.534943 0.467439 0.53489 0.467439 0.53489 0.473036 0.534943 0.473048 0.536442 0.467439 0.53489 0.473048 0.536442 0.467451 0.536389 0.551687 0.441622 0.545934 0.441599 0.551687 0.422137 0.551687 0.422137 0.545934 0.441599 0.545934 0.422114 0.430417 0.531966 0.430398 0.532542 0.429517 0.532367 0.430417 0.531966 0.429517 0.532367 0.429757 0.531835 0.429757 0.531835 0.429517 0.532367 0.42877 0.531868 0.429757 0.531835 0.42877 0.531868 0.429196 0.53146 0.429196 0.53146 0.42877 0.531868 0.428271 0.53112 0.429196 0.53146 0.428271 0.53112 0.428822 0.5309 0.428822 0.5309 0.428271 0.53112 0.428096 0.530239 0.428822 0.5309 0.428096 0.530239 0.428691 0.530239 0.545335 0.441652 0.545934 0.441599 0.545927 0.442493 0.545335 0.441652 0.545927 0.442493 0.545329 0.442323 0.471379 0.503156 0.471614 0.502612 0.472361 0.503112 0.471379 0.503156 0.472361 0.503112 0.47194 0.50353 0.47194 0.50353 0.472361 0.503112 0.472861 0.503859 0.47194 0.50353 0.472861 0.503859 0.472314 0.504091 0.472314 0.504091 0.472861 0.503859 0.473036 0.50474 0.472314 0.504091 0.473036 0.50474 0.472446 0.504751 0.563899 0.570251 0.563945 0.569808 0.564774 0.570249 0.564774 0.570249 0.563945 0.569808 0.564658 0.569807 0.46395 0.509067 0.463785 0.508206 0.464228 0.508197 0.464228 0.508197 0.464363 0.508899 0.46395 0.509067 0.46395 0.509067 0.464363 0.508899 0.464416 0.509021 0.46395 0.509067 0.464416 0.509021 0.464453 0.509839 0.464416 0.509021 0.464772 0.509527 0.464453 0.509839 0.464453 0.509839 0.464772 0.509527 0.464944 0.509682 0.464453 0.509839 0.464944 0.509682 0.465215 0.510355 0.464944 0.509682 0.465393 0.509948 0.465215 0.510355 0.465215 0.510355 0.465393 0.509948 0.465705 0.510049 0.450925 0.570057 0.451374 0.569611 0.451841 0.570061 0.451841 0.570061 0.451374 0.569611 0.451799 0.569611 0.451841 0.570061 0.451799 0.569611 0.452722 0.57005 0.451799 0.569611 0.452215 0.569608 0.452722 0.57005 0.46702 0.510355 0.466551 0.510049 0.466863 0.509948 0.46702 0.510355 0.466863 0.509948 0.467781 0.509839 0.466863 0.509948 0.467312 0.509682 0.467781 0.509839 0.467781 0.509839 0.467312 0.509682 0.467484 0.509527 0.563021 0.570244 0.56323 0.569803 0.563899 0.570251 0.563899 0.570251 0.56323 0.569803 0.563813 0.569808 0.563899 0.570251 0.563813 0.569808 0.563945 0.569808 0.466117 0.510537 0.466696 0.516265 0.466476 0.515164 0.450488 0.513254 0.452941 0.509839 0.453703 0.510355 0.450488 0.513254 0.453703 0.510355 0.451153 0.513387 0.451153 0.513387 0.453703 0.510355 0.454605 0.510537 0.451153 0.513387 0.454605 0.510537 0.463816 0.513387 0.470718 0.503024 0.456251 0.506557 0.455495 0.506051 0.466117 0.510537 0.46702 0.510355 0.466696 0.516265 0.466696 0.516265 0.46702 0.510355 0.472458 0.527203 0.466696 0.516265 0.472458 0.527203 0.466702 0.527203 0.472314 0.504091 0.472446 0.504751 0.47194 0.50353 0.47194 0.50353 0.472446 0.504751 0.46827 0.507313 0.47194 0.50353 0.46827 0.507313 0.471379 0.503156 0.471379 0.503156 0.46827 0.507313 0.467764 0.506557 0.471379 0.503156 0.467764 0.506557 0.470718 0.503024 0.470718 0.503024 0.467764 0.506557 0.467007 0.506051 0.470718 0.503024 0.455495 0.506051 0.451148 0.503024 0.46395 0.509067 0.464453 0.509839 0.463816 0.513387 0.463816 0.513387 0.464453 0.509839 0.465215 0.510355 0.463816 0.513387 0.465215 0.510355 0.464918 0.513606 0.464918 0.513606 0.465215 0.510355 0.466117 0.510537 0.464918 0.513606 0.466117 0.510537 0.465852 0.51423 0.465852 0.51423 0.466117 0.510537 0.466476 0.515164 0.46702 0.510355 0.467781 0.509839 0.472458 0.527203 0.472458 0.527203 0.467781 0.509839 0.468283 0.509067 0.472458 0.527203 0.468283 0.509067 0.472446 0.504751 0.472446 0.504751 0.468283 0.509067 0.468447 0.508206 0.472446 0.504751 0.468447 0.508206 0.46827 0.507313 0.455495 0.506051 0.454603 0.505874 0.451148 0.503024 0.451148 0.503024 0.454603 0.505874 0.453711 0.506051 0.451148 0.503024 0.453711 0.506051 0.450487 0.503156 0.450487 0.503156 0.453711 0.506051 0.452955 0.506557 0.450488 0.513254 0.449926 0.512875 0.452941 0.509839 0.452941 0.509839 0.449926 0.512875 0.449552 0.512309 0.452941 0.509839 0.449552 0.512309 0.452438 0.509067 0.452438 0.509067 0.449552 0.512309 0.449425 0.51166 0.452438 0.509067 0.449425 0.51166 0.452273 0.508206 0.452273 0.508206 0.449425 0.51166 0.449422 0.504751 0.452273 0.508206 0.449422 0.504751 0.45245 0.507313 0.45245 0.507313 0.449422 0.504751 0.449553 0.504091 0.45245 0.507313 0.449553 0.504091 0.452955 0.506557 0.452955 0.506557 0.449553 0.504091 0.449927 0.50353 0.452955 0.506557 0.449927 0.50353 0.450487 0.503156 0.467007 0.506051 0.466115 0.505874 0.470718 0.503024 0.470718 0.503024 0.466115 0.505874 0.465223 0.506051 0.470718 0.503024 0.465223 0.506051 0.456251 0.506557 0.456251 0.506557 0.465223 0.506051 0.464467 0.506557 0.456251 0.506557 0.464467 0.506557 0.456757 0.507313 0.456757 0.507313 0.464467 0.506557 0.463962 0.507313 0.456757 0.507313 0.463962 0.507313 0.456935 0.508206 0.456935 0.508206 0.463962 0.507313 0.463785 0.508206 0.456935 0.508206 0.463785 0.508206 0.456771 0.509067 0.456771 0.509067 0.463785 0.508206 0.46395 0.509067 0.456771 0.509067 0.46395 0.509067 0.456269 0.509839 0.456269 0.509839 0.46395 0.509067 0.463816 0.513387 0.456269 0.509839 0.463816 0.513387 0.455507 0.510355 0.455507 0.510355 0.463816 0.513387 0.454605 0.510537 0.443851 0.526208 0.443832 0.525633 0.444738 0.526208 0.444738 0.526208 0.443832 0.525633 0.44494 0.525633 0.53154 0.536154 0.53117 0.53667 0.530823 0.535655 0.530823 0.535655 0.53117 0.53667 0.530274 0.536046 0.467095 0.551907 0.4664 0.551868 0.467451 0.536389 0.467451 0.536389 0.4664 0.551868 0.466756 0.536349 0.4664 0.551868 0.467095 0.551907 0.467033 0.552777 0.4664 0.551868 0.467033 0.552777 0.466355 0.55252 0.466355 0.55252 0.467033 0.552777 0.4669 0.553493 0.466355 0.55252 0.4669 0.553493 0.466254 0.553057 0.565326 0.435854 0.564751 0.436274 0.564751 0.435544 0.565326 0.435854 0.564751 0.435544 0.565326 0.435306 0.565326 0.435306 0.564751 0.435544 0.564751 0.434669 0.565326 0.435306 0.564751 0.434669 0.565326 0.43465 0.564751 0.430065 0.565326 0.430046 0.564751 0.434669 0.564751 0.434669 0.565326 0.430046 0.565326 0.43465 0.565326 0.429392 0.565326 0.430046 0.564751 0.430065 0.564751 0.430065 0.564751 0.429193 0.565326 0.429392 0.525396 0.520324 0.525763 0.519806 0.526486 0.520303 0.525396 0.520324 0.526486 0.520303 0.525939 0.520697 0.525939 0.520697 0.526486 0.520303 0.526967 0.521053 0.525939 0.520697 0.526967 0.521053 0.5263 0.521259 0.5263 0.521259 0.526967 0.521053 0.527132 0.521939 0.5263 0.521259 0.527132 0.521939 0.526423 0.521924 0.499956 0.554793 0.500334 0.554804 0.499985 0.559395 0.499985 0.559395 0.500334 0.554804 0.500363 0.559406 0.52707 0.53077 0.526361 0.530755 0.527132 0.521939 0.527132 0.521939 0.526361 0.530755 0.526423 0.521924 0.500334 0.554804 0.499956 0.554793 0.499959 0.554575 0.500334 0.554804 0.499959 0.554575 0.500335 0.554716 0.500335 0.554716 0.499959 0.554575 0.499962 0.554509 0.488012 0.561811 0.488199 0.561554 0.488087 0.56186 0.488199 0.561554 0.488319 0.561644 0.488087 0.56186 0.488087 0.56186 0.488319 0.561644 0.488412 0.561762 0.488087 0.56186 0.488412 0.561762 0.488137 0.561934 0.488412 0.561762 0.488446 0.56183 0.488137 0.561934 0.518546 0.543644 0.518891 0.543522 0.518891 0.543744 0.518546 0.543644 0.518891 0.543744 0.518546 0.543733 0.483319 0.561825 0.487923 0.561794 0.488156 0.562022 0.486829 0.567998 0.484527 0.568014 0.483133 0.566646 0.483157 0.561893 0.483231 0.561843 0.483319 0.561825 0.487802 0.567588 0.487356 0.56789 0.486829 0.567998 0.483091 0.562056 0.483108 0.561968 0.483157 0.561893 0.488137 0.561934 0.488156 0.562022 0.488087 0.56186 0.488087 0.56186 0.488156 0.562022 0.487923 0.561794 0.488087 0.56186 0.487923 0.561794 0.488012 0.561811 0.484527 0.568014 0.483997 0.567913 0.483133 0.566646 0.483133 0.566646 0.483997 0.567913 0.483546 0.567617 0.483133 0.566646 0.483546 0.567617 0.483243 0.567172 0.483157 0.561893 0.483319 0.561825 0.483091 0.562056 0.483091 0.562056 0.483319 0.561825 0.488156 0.562022 0.483091 0.562056 0.488156 0.562022 0.483133 0.566646 0.483133 0.566646 0.488156 0.562022 0.488198 0.566612 0.483133 0.566646 0.488198 0.566612 0.486829 0.567998 0.486829 0.567998 0.488198 0.566612 0.488097 0.56714 0.486829 0.567998 0.488097 0.56714 0.487802 0.567588 0.527708 0.532399 0.527159 0.53279 0.527232 0.531652 0.527232 0.531652 0.527159 0.53279 0.526564 0.531857 0.527232 0.531652 0.526564 0.531857 0.52707 0.53077 0.52707 0.53077 0.526564 0.531857 0.526361 0.530755 0.530823 0.535655 0.530274 0.536046 0.527708 0.532399 0.527708 0.532399 0.530274 0.536046 0.527159 0.53279 0.466141 0.527191 0.466702 0.527203 0.466707 0.528689 0.466141 0.527191 0.466707 0.528689 0.466146 0.528529 0.466146 0.528529 0.466707 0.528689 0.466723 0.530066 0.466146 0.528529 0.466723 0.530066 0.46616 0.529768 0.466254 0.531715 0.466893 0.53124 0.46715 0.532224 0.466254 0.531715 0.46715 0.532224 0.466486 0.532601 0.466486 0.532601 0.46715 0.532224 0.467336 0.533469 0.466486 0.532601 0.467336 0.533469 0.466654 0.533722 0.466654 0.533722 0.467336 0.533469 0.467439 0.53489 0.466654 0.533722 0.467439 0.53489 0.466746 0.535 0.466746 0.535 0.467439 0.53489 0.467451 0.536389 0.466746 0.535 0.467451 0.536389 0.466756 0.536349 0.561253 0.542033 0.555497 0.542002 0.5555 0.541106 0.561253 0.542033 0.5555 0.541106 0.561256 0.541137 0.561256 0.541137 0.5555 0.541106 0.555512 0.540252 0.561256 0.541137 0.555512 0.540252 0.561268 0.540284 0.545906 0.420558 0.551659 0.420582 0.55168 0.421277 0.545906 0.420558 0.55168 0.421277 0.545927 0.421253 0.545927 0.421253 0.55168 0.421277 0.551687 0.422137 0.545927 0.421253 0.551687 0.422137 0.545934 0.422114 0.561844 0.541882 0.561253 0.542033 0.561256 0.541137 0.561844 0.541882 0.561256 0.541137 0.561846 0.54121 0.561846 0.54121 0.561256 0.541137 0.561268 0.540284 0.561846 0.54121 0.561268 0.540284 0.561855 0.54057 0.449927 0.50353 0.449534 0.503112 0.450281 0.502612 0.449927 0.50353 0.450281 0.502612 0.450487 0.503156 0.545329 0.421522 0.545927 0.421253 0.545934 0.422114 0.545329 0.421522 0.545934 0.422114 0.545335 0.422167 0.545335 0.422167 0.545934 0.422114 0.545335 0.441652 0.545335 0.441652 0.545934 0.422114 0.545934 0.441599 0.542837 0.569528 0.5421 0.569526 0.542837 0.563053 0.542837 0.563053 0.5421 0.569526 0.542 0.56305 0.5421 0.569526 0.542 0.569525 0.542 0.56305 0.542 0.56305 0.542 0.569525 0.541451 0.569516 0.542 0.56305 0.541451 0.569516 0.541297 0.563036 0.541451 0.569516 0.541297 0.569512 0.541297 0.563036 0.514345 0.568691 0.514345 0.562223 0.514726 0.562202 0.514345 0.568691 0.514726 0.562202 0.514999 0.568661 0.514726 0.562202 0.514999 0.562193 0.514999 0.568661 0.514999 0.568661 0.514999 0.562193 0.515399 0.562185 0.514999 0.568661 0.515399 0.562185 0.515821 0.56865 0.515399 0.562185 0.515821 0.562182 0.515821 0.56865 0.515821 0.56865 0.515821 0.562182 0.51614 0.562183 0.515821 0.56865 0.51614 0.562183 0.516648 0.56866 0.51614 0.562183 0.516648 0.562192 0.516648 0.56866 0.516648 0.56866 0.516648 0.562192 0.516836 0.562198 0.516648 0.56866 0.516836 0.562198 0.517316 0.568689 0.564658 0.569807 0.564658 0.563331 0.56532 0.569798 0.56532 0.569798 0.564658 0.563331 0.565402 0.563321 0.56532 0.569798 0.565402 0.563321 0.565402 0.569797 0.517316 0.562221 0.517316 0.568689 0.516836 0.562198 0.564658 0.569807 0.563945 0.569808 0.564658 0.563331 0.564658 0.563331 0.563945 0.569808 0.563813 0.563332 0.563945 0.569808 0.563813 0.569808 0.563813 0.563332 0.563813 0.563332 0.563813 0.569808 0.56323 0.569803 0.563813 0.563332 0.56323 0.569803 0.563035 0.563324 0.56323 0.569803 0.563035 0.569799 0.563035 0.563324 0.452938 0.563117 0.452938 0.569589 0.452517 0.569602 0.452938 0.563117 0.452517 0.569602 0.452215 0.563136 0.452517 0.569602 0.452215 0.569608 0.452215 0.563136 0.452215 0.563136 0.452215 0.569608 0.451799 0.569611 0.452215 0.563136 0.451799 0.569611 0.451374 0.563139 0.451799 0.569611 0.451374 0.569611 0.451374 0.563139 0.451374 0.563139 0.451374 0.569611 0.451053 0.569608 0.451374 0.563139 0.451053 0.569608 0.45058 0.563127 0.451053 0.569608 0.45058 0.569599 0.45058 0.563127 0.45058 0.563127 0.45058 0.569599 0.450394 0.569593 0.544257 0.563029 0.544118 0.56951 0.543643 0.563046 0.542837 0.569528 0.542837 0.563053 0.543526 0.569523 0.543526 0.569523 0.542837 0.563053 0.543643 0.563046 0.543526 0.569523 0.543643 0.563046 0.543643 0.569521 0.543643 0.569521 0.543643 0.563046 0.544118 0.56951 0.46827 0.507313 0.468447 0.508206 0.468027 0.508197 0.468027 0.508197 0.467882 0.50747 0.46827 0.507313 0.46827 0.507313 0.467882 0.50747 0.467838 0.507373 0.46827 0.507313 0.467838 0.507373 0.467764 0.506557 0.467838 0.507373 0.46747 0.506853 0.467764 0.506557 0.467764 0.506557 0.46747 0.506853 0.467311 0.506712 0.517061 0.561746 0.516648 0.562192 0.516207 0.561728 0.516648 0.562192 0.51614 0.562183 0.516207 0.561728 0.516207 0.561728 0.51614 0.562183 0.515821 0.562182 0.516207 0.561728 0.515821 0.562182 0.515298 0.56173 0.515298 0.56173 0.515821 0.562182 0.515399 0.562185 0.466115 0.505874 0.466126 0.506297 0.465223 0.506051 0.515399 0.562185 0.514999 0.562193 0.514472 0.561752 0.465223 0.506051 0.465704 0.506345 0.465399 0.506442 0.465223 0.506051 0.465399 0.506442 0.464467 0.506557 0.465399 0.506442 0.464942 0.506712 0.464467 0.506557 0.464467 0.506557 0.464942 0.506712 0.464783 0.506853 0.464467 0.506557 0.464783 0.506853 0.463962 0.507313 0.542837 0.569528 0.542873 0.569972 0.5421 0.569526 0.5421 0.569526 0.542873 0.569972 0.541969 0.569969 0.464372 0.50747 0.463962 0.507313 0.464415 0.507373 0.464415 0.507373 0.463962 0.507313 0.464783 0.506853 0.441927 0.526208 0.441908 0.525633 0.443851 0.526208 0.443851 0.526208 0.441908 0.525633 0.443832 0.525633 0.441908 0.525633 0.441927 0.526208 0.441027 0.525457 0.441027 0.525457 0.441927 0.526208 0.440826 0.525989 0.441027 0.525457 0.440826 0.525989 0.44028 0.524958 0.44028 0.524958 0.440826 0.525989 0.439892 0.525365 0.44028 0.524958 0.439892 0.525365 0.439781 0.524211 0.439781 0.524211 0.439892 0.525365 0.439269 0.524431 0.439781 0.524211 0.439269 0.524431 0.439606 0.523329 0.439606 0.523329 0.439269 0.524431 0.439049 0.523329 0.439049 0.510662 0.439606 0.510662 0.439049 0.523329 0.439049 0.523329 0.439606 0.510662 0.439606 0.523329 0.437323 0.508934 0.437304 0.508359 0.438185 0.508534 0.437323 0.508934 0.438185 0.508534 0.437984 0.509066 0.437984 0.509066 0.438185 0.508534 0.438932 0.509033 0.437984 0.509066 0.438932 0.509033 0.438544 0.50944 0.438544 0.50944 0.438932 0.509033 0.439431 0.50978 0.438544 0.50944 0.439431 0.50978 0.438918 0.510001 0.438918 0.510001 0.439431 0.50978 0.439606 0.510662 0.438918 0.510001 0.439606 0.510662 0.439049 0.510662 0.562277 0.569807 0.561565 0.569808 0.562277 0.563331 0.562277 0.563331 0.561565 0.569808 0.561432 0.563332 0.561565 0.569808 0.561432 0.569808 0.561432 0.563332 0.561432 0.563332 0.561432 0.569808 0.560849 0.569803 0.561432 0.563332 0.560849 0.569803 0.560654 0.563324 0.560849 0.569803 0.560654 0.569799 0.560654 0.563324 0.541197 0.563029 0.541197 0.569501 0.540776 0.569514 0.541197 0.563029 0.540776 0.569514 0.540474 0.563048 0.540776 0.569514 0.540474 0.56952 0.540474 0.563048 0.540474 0.563048 0.540474 0.56952 0.540058 0.569524 0.540474 0.563048 0.540058 0.569524 0.539633 0.563051 0.540058 0.569524 0.539633 0.569523 0.539633 0.563051 0.539633 0.563051 0.539633 0.569523 0.539312 0.56952 0.539633 0.563051 0.539312 0.56952 0.538839 0.563039 0.539312 0.56952 0.538839 0.569511 0.538839 0.563039 0.538839 0.563039 0.538839 0.569511 0.538653 0.569505 0.455899 0.563117 0.455759 0.569598 0.455284 0.563134 0.454478 0.569616 0.454478 0.563141 0.455167 0.569611 0.455167 0.569611 0.454478 0.563141 0.455284 0.563134 0.455167 0.569611 0.455284 0.563134 0.455284 0.569609 0.455284 0.569609 0.455284 0.563134 0.455759 0.569598 0.561518 0.570251 0.561565 0.569808 0.562393 0.570249 0.562393 0.570249 0.561565 0.569808 0.562277 0.569807 0.452438 0.509067 0.452273 0.508206 0.452715 0.508197 0.452715 0.508197 0.45285 0.508899 0.452438 0.509067 0.452438 0.509067 0.45285 0.508899 0.452904 0.509021 0.452438 0.509067 0.452904 0.509021 0.452941 0.509839 0.452904 0.509021 0.45326 0.509527 0.452941 0.509839 0.452941 0.509839 0.45326 0.509527 0.453431 0.509682 0.452941 0.509839 0.453431 0.509682 0.453703 0.510355 0.453431 0.509682 0.453881 0.509948 0.453703 0.510355 0.453703 0.510355 0.453881 0.509948 0.454193 0.510049 0.539184 0.569969 0.539633 0.569523 0.5401 0.569973 0.5401 0.569973 0.539633 0.569523 0.540058 0.569524 0.5401 0.569973 0.540058 0.569524 0.540981 0.569962 0.540058 0.569524 0.540474 0.56952 0.540981 0.569962 0.455507 0.510355 0.455039 0.510049 0.455351 0.509948 0.455507 0.510355 0.455351 0.509948 0.456269 0.509839 0.455351 0.509948 0.4558 0.509682 0.456269 0.509839 0.456269 0.509839 0.4558 0.509682 0.455971 0.509527 0.56064 0.570244 0.560849 0.569803 0.561518 0.570251 0.561518 0.570251 0.560849 0.569803 0.561432 0.569808 0.561518 0.570251 0.561432 0.569808 0.561565 0.569808 0.456757 0.507313 0.456935 0.508206 0.456514 0.508197 0.456514 0.508197 0.456369 0.50747 0.456757 0.507313 0.456757 0.507313 0.456369 0.50747 0.456326 0.507373 0.456757 0.507313 0.456326 0.507373 0.456251 0.506557 0.456326 0.507373 0.455957 0.506853 0.456251 0.506557 0.456251 0.506557 0.455957 0.506853 0.455798 0.506712 0.520032 0.561746 0.519619 0.562192 0.519178 0.561728 0.519619 0.562192 0.519111 0.562183 0.519178 0.561728 0.519178 0.561728 0.519111 0.562183 0.518792 0.562182 0.519178 0.561728 0.518792 0.562182 0.518269 0.56173 0.518269 0.56173 0.518792 0.562182 0.51837 0.562185 0.454603 0.505874 0.454614 0.506297 0.453711 0.506051 0.51837 0.562185 0.51797 0.562193 0.517443 0.561752 0.453711 0.506051 0.454191 0.506345 0.453887 0.506442 0.453711 0.506051 0.453887 0.506442 0.452955 0.506557 0.453887 0.506442 0.45343 0.506712 0.452955 0.506557 0.452955 0.506557 0.45343 0.506712 0.453271 0.506853 0.452955 0.506557 0.453271 0.506853 0.45245 0.507313 0.454478 0.569616 0.454514 0.57006 0.453742 0.569614 0.453742 0.569614 0.454514 0.57006 0.45361 0.570057 0.45286 0.50747 0.45245 0.507313 0.452903 0.507373 0.452903 0.507373 0.45245 0.507313 0.453271 0.506853 0.454478 0.569616 0.453742 0.569614 0.454478 0.563141 0.454478 0.563141 0.453742 0.569614 0.453641 0.563138 0.453742 0.569614 0.453641 0.569613 0.453641 0.563138 0.453641 0.563138 0.453641 0.569613 0.453093 0.569604 0.453641 0.563138 0.453093 0.569604 0.452938 0.563124 0.453093 0.569604 0.452938 0.5696 0.452938 0.563124 0.517316 0.568691 0.517316 0.562223 0.517697 0.562202 0.517316 0.568691 0.517697 0.562202 0.51797 0.568661 0.517697 0.562202 0.51797 0.562193 0.51797 0.568661 0.51797 0.568661 0.51797 0.562193 0.51837 0.562185 0.51797 0.568661 0.51837 0.562185 0.518792 0.56865 0.51837 0.562185 0.518792 0.562182 0.518792 0.56865 0.518792 0.56865 0.518792 0.562182 0.519111 0.562183 0.518792 0.56865 0.519111 0.562183 0.519619 0.56866 0.519111 0.562183 0.519619 0.562192 0.519619 0.56866 0.519619 0.56866 0.519619 0.562192 0.519807 0.562198 0.519619 0.56866 0.519807 0.562198 0.520287 0.568689 0.562277 0.569807 0.562277 0.563331 0.562939 0.569798 0.562939 0.569798 0.562277 0.563331 0.563021 0.563321 0.562939 0.569798 0.563021 0.563321 0.563021 0.569797 0.520287 0.562221 0.520287 0.568689 0.519807 0.562198 0.440826 0.525989 0.441927 0.526208 0.435722 0.526055 0.435355 0.526817 0.435722 0.526055 0.443851 0.531966 0.443851 0.531966 0.435722 0.526055 0.441927 0.526208 0.443851 0.531966 0.441927 0.526208 0.443851 0.526208 0.435355 0.512932 0.438918 0.510001 0.435722 0.513694 0.435722 0.513694 0.438918 0.510001 0.439049 0.510662 0.435722 0.513694 0.439049 0.510662 0.435722 0.514539 0.435722 0.514539 0.439049 0.510662 0.439049 0.523329 0.435722 0.514539 0.439049 0.523329 0.435355 0.515301 0.428691 0.510662 0.428822 0.510001 0.432385 0.512932 0.433046 0.515829 0.433046 0.523921 0.432385 0.524448 0.428822 0.510001 0.429196 0.50944 0.432385 0.512932 0.432385 0.512932 0.429196 0.50944 0.429757 0.509066 0.432385 0.512932 0.429757 0.509066 0.433046 0.512405 0.433046 0.512405 0.429757 0.509066 0.430417 0.508934 0.433046 0.512405 0.430417 0.508934 0.43387 0.512216 0.43387 0.512216 0.430417 0.508934 0.437323 0.508934 0.43387 0.512216 0.437323 0.508934 0.434694 0.512405 0.434694 0.512405 0.437323 0.508934 0.437984 0.509066 0.434694 0.512405 0.437984 0.509066 0.435355 0.512932 0.435355 0.512932 0.437984 0.509066 0.438544 0.50944 0.435355 0.512932 0.438544 0.50944 0.438918 0.510001 0.432385 0.512932 0.432019 0.513694 0.428691 0.510662 0.428691 0.510662 0.432019 0.513694 0.432019 0.514539 0.428691 0.510662 0.432019 0.514539 0.428691 0.530239 0.433046 0.523921 0.433046 0.515829 0.43387 0.523732 0.43387 0.523732 0.433046 0.515829 0.43387 0.516017 0.43387 0.523732 0.43387 0.516017 0.434694 0.523921 0.432019 0.514539 0.432385 0.515301 0.428691 0.530239 0.428691 0.530239 0.432385 0.515301 0.433046 0.515829 0.428691 0.530239 0.433046 0.515829 0.432019 0.52521 0.432019 0.52521 0.433046 0.515829 0.432385 0.524448 0.43387 0.516017 0.434694 0.515829 0.434694 0.523921 0.434694 0.523921 0.434694 0.515829 0.435355 0.515301 0.434694 0.523921 0.435355 0.515301 0.435355 0.524448 0.435355 0.524448 0.435355 0.515301 0.439049 0.523329 0.435355 0.524448 0.439049 0.523329 0.435722 0.52521 0.435722 0.52521 0.439049 0.523329 0.439269 0.524431 0.435722 0.52521 0.439269 0.524431 0.435722 0.526055 0.435722 0.526055 0.439269 0.524431 0.439892 0.525365 0.435722 0.526055 0.439892 0.525365 0.440826 0.525989 0.429757 0.531835 0.433046 0.527345 0.430417 0.531966 0.430417 0.531966 0.433046 0.527345 0.43387 0.527533 0.430417 0.531966 0.43387 0.527533 0.443851 0.531966 0.443851 0.531966 0.43387 0.527533 0.434694 0.527345 0.443851 0.531966 0.434694 0.527345 0.435355 0.526817 0.432019 0.52521 0.432019 0.526055 0.428691 0.530239 0.428691 0.530239 0.432019 0.526055 0.432385 0.526817 0.428691 0.530239 0.432385 0.526817 0.428822 0.5309 0.428822 0.5309 0.432385 0.526817 0.433046 0.527345 0.428822 0.5309 0.433046 0.527345 0.429196 0.53146 0.429196 0.53146 0.433046 0.527345 0.429757 0.531835 0.428691 0.530239 0.428096 0.530239 0.428691 0.510662 0.428691 0.510662 0.428096 0.530239 0.428096 0.510662 0.428691 0.510662 0.428096 0.510662 0.428271 0.50978 0.428691 0.510662 0.428271 0.50978 0.428822 0.510001 0.428822 0.510001 0.428271 0.50978 0.42877 0.509033 0.428822 0.510001 0.42877 0.509033 0.429196 0.50944 0.429196 0.50944 0.42877 0.509033 0.429517 0.508534 0.429196 0.50944 0.429517 0.508534 0.429757 0.509066 0.429757 0.509066 0.429517 0.508534 0.430398 0.508359 0.429757 0.509066 0.430398 0.508359 0.430417 0.508934 0.430417 0.508934 0.430398 0.508359 0.437323 0.508934 0.437323 0.508934 0.430398 0.508359 0.437304 0.508359 0.555497 0.542002 0.561253 0.542033 0.555508 0.54866 0.555508 0.54866 0.561253 0.542033 0.561265 0.548691 0.561855 0.54854 0.561265 0.548691 0.561844 0.541882 0.561844 0.541882 0.561265 0.548691 0.561253 0.542033 0.448864 0.511648 0.449425 0.51166 0.449552 0.512309 0.448864 0.511648 0.449552 0.512309 0.449034 0.512514 0.449034 0.512514 0.449552 0.512309 0.449926 0.512875 0.449034 0.512514 0.449926 0.512875 0.449532 0.513269 0.558324 0.444005 0.558923 0.444313 0.558905 0.444948 0.558324 0.444005 0.558905 0.444948 0.558299 0.444852 0.558299 0.444852 0.558905 0.444948 0.558901 0.445625 0.558299 0.444852 0.558901 0.445625 0.558294 0.445756 0.55897 0.45794 0.558362 0.45807 0.558901 0.445625 0.558901 0.445625 0.558362 0.45807 0.558294 0.445756 0.558362 0.45807 0.55897 0.45794 0.558357 0.458968 0.558357 0.458968 0.55897 0.45794 0.558963 0.459062 0.558357 0.458968 0.558963 0.459062 0.558333 0.459812 0.558333 0.459812 0.558963 0.459062 0.558933 0.460117 0.46546 0.514625 0.465852 0.51423 0.465959 0.515372 0.465959 0.515372 0.465852 0.51423 0.466476 0.515164 0.465959 0.515372 0.466476 0.515164 0.466135 0.516253 0.466135 0.516253 0.466476 0.515164 0.466696 0.516265 0.523652 0.543236 0.523503 0.542645 0.534194 0.543236 0.534194 0.543236 0.523503 0.542645 0.534044 0.542645 0.530274 0.536046 0.53117 0.53667 0.523503 0.542645 0.523503 0.542645 0.53117 0.53667 0.534044 0.542645 0.534044 0.542645 0.53117 0.53667 0.53223 0.536889 0.534044 0.542645 0.53223 0.536889 0.534085 0.536889 0.526423 0.521924 0.526361 0.530755 0.518546 0.537465 0.518546 0.537465 0.526361 0.530755 0.526564 0.531857 0.518546 0.537465 0.526564 0.531857 0.518707 0.538806 0.518707 0.538806 0.526564 0.531857 0.527159 0.53279 0.530274 0.536046 0.523503 0.542645 0.527159 0.53279 0.527159 0.53279 0.523503 0.542645 0.522211 0.542469 0.527159 0.53279 0.522211 0.542469 0.521011 0.541951 0.525939 0.520697 0.5263 0.521259 0.525396 0.520324 0.525396 0.520324 0.5263 0.521259 0.526423 0.521924 0.525396 0.520324 0.526423 0.521924 0.524771 0.520197 0.524771 0.520197 0.526423 0.521924 0.518546 0.537465 0.524771 0.520197 0.518546 0.537465 0.520333 0.520197 0.521011 0.541951 0.519982 0.541128 0.527159 0.53279 0.527159 0.53279 0.519982 0.541128 0.519197 0.540055 0.527159 0.53279 0.519197 0.540055 0.518707 0.538806 0.519152 0.520703 0.519695 0.520328 0.518787 0.521263 0.518787 0.521263 0.519695 0.520328 0.520333 0.520197 0.518787 0.521263 0.520333 0.520197 0.518656 0.521924 0.518656 0.521924 0.520333 0.520197 0.518546 0.537465 0.534044 0.542645 0.534085 0.536889 0.534846 0.542641 0.534846 0.542641 0.534085 0.536889 0.534887 0.536885 0.558294 0.460472 0.552545 0.460426 0.558333 0.459812 0.558333 0.459812 0.552545 0.460426 0.552585 0.459766 0.558333 0.459812 0.552585 0.459766 0.558357 0.458968 0.558357 0.458968 0.552585 0.459766 0.552609 0.458923 0.558357 0.458968 0.552609 0.458923 0.558362 0.45807 0.558362 0.45807 0.552609 0.458923 0.552614 0.458025 0.552545 0.44571 0.558294 0.445756 0.552614 0.458025 0.552614 0.458025 0.558294 0.445756 0.558362 0.45807 0.555508 0.54866 0.561265 0.548691 0.56127 0.54948 0.555508 0.54866 0.56127 0.54948 0.555514 0.549462 0.552614 0.443308 0.558363 0.443344 0.558324 0.444005 0.552614 0.443308 0.558324 0.444005 0.552574 0.443969 0.552574 0.443969 0.558324 0.444005 0.558299 0.444852 0.552574 0.443969 0.558299 0.444852 0.55255 0.444812 0.55255 0.444812 0.558299 0.444852 0.558294 0.445756 0.55255 0.444812 0.558294 0.445756 0.552545 0.44571 0.545892 0.443495 0.545329 0.443308 0.545901 0.443341 0.547348 0.459166 0.545431 0.460454 0.546555 0.451445 0.546555 0.451445 0.545431 0.460454 0.546403 0.444522 0.546555 0.451445 0.546403 0.444522 0.546976 0.444555 0.546976 0.444555 0.546403 0.444522 0.546915 0.44411 0.546915 0.44411 0.546403 0.444522 0.546285 0.443939 0.546915 0.44411 0.546285 0.443939 0.54669 0.443723 0.546555 0.451445 0.551704 0.451738 0.551488 0.455279 0.545892 0.443495 0.545901 0.443341 0.546285 0.443939 0.546285 0.443939 0.545901 0.443341 0.546334 0.443453 0.546285 0.443939 0.546334 0.443453 0.54669 0.443723 0.55088 0.456714 0.550632 0.456948 0.546555 0.451445 0.546555 0.451445 0.550632 0.456948 0.550463 0.457073 0.546555 0.451445 0.550463 0.457073 0.547348 0.459166 0.551488 0.455279 0.551396 0.4558 0.546555 0.451445 0.546555 0.451445 0.551396 0.4558 0.551185 0.456296 0.546555 0.451445 0.551185 0.456296 0.55088 0.456714 0.45464 0.501696 0.457854 0.501783 0.45784 0.502223 0.45464 0.501696 0.45784 0.502223 0.454625 0.502137 0.454625 0.502137 0.45784 0.502223 0.457821 0.502597 0.454625 0.502137 0.457821 0.502597 0.454607 0.50251 0.438059 0.545678 0.441265 0.545671 0.441245 0.546037 0.438059 0.545678 0.441245 0.546037 0.438038 0.546045 0.438038 0.546045 0.441245 0.546037 0.441237 0.546475 0.438038 0.546045 0.441237 0.546475 0.438031 0.546483 0.448867 0.500864 0.448864 0.500863 0.46058 0.422368 0.518183 0.421647 0.518543 0.499131 0.518183 0.499074 0.518183 0.421647 0.518183 0.499074 0.517747 0.421624 0.517747 0.421624 0.518183 0.499074 0.51818 0.499073 0.517747 0.421624 0.51818 0.499073 0.517747 0.49905 0.518183 0.421647 0.518546 0.421705 0.518546 0.499132 0.448867 0.500864 0.460839 0.422405 0.461216 0.422462 0.448867 0.500864 0.461216 0.422462 0.449245 0.500921 0.449245 0.500921 0.461216 0.422462 0.461654 0.422529 0.449245 0.500921 0.461654 0.422529 0.449683 0.500987 0.500236 0.495846 0.500219 0.496663 0.499638 0.496851 0.500838 0.496607 0.501154 0.497237 0.500922 0.497415 0.500838 0.496607 0.500922 0.497415 0.500544 0.497446 0.500236 0.495846 0.499638 0.496851 0.499681 0.495826 0.448308 0.495272 0.448506 0.49629 0.447979 0.496496 0.448308 0.495272 0.447979 0.496496 0.447809 0.495323 0.447809 0.495323 0.447979 0.496496 0.447465 0.496275 0.447809 0.495323 0.447465 0.496275 0.447297 0.495419 0.447561 0.496799 0.447538 0.496667 0.447979 0.496496 0.447979 0.496496 0.447538 0.496667 0.447532 0.496634 0.447979 0.496496 0.447532 0.496634 0.447465 0.496275 0.448333 0.497843 0.447771 0.498076 0.447687 0.497532 0.500922 0.497415 0.500669 0.49762 0.500544 0.497446 0.500544 0.497446 0.500669 0.49762 0.500198 0.498041 0.500544 0.497446 0.500198 0.498041 0.500042 0.497824 0.500042 0.497824 0.500198 0.498041 0.499863 0.498395 0.500042 0.497824 0.499863 0.498395 0.499687 0.49815 0.448267 0.497597 0.448333 0.497843 0.447687 0.497532 0.447687 0.497532 0.447561 0.496799 0.448267 0.497597 0.448267 0.497597 0.447561 0.496799 0.447979 0.496496 0.448267 0.497597 0.447979 0.496496 0.448761 0.497262 0.448761 0.497262 0.447979 0.496496 0.448506 0.49629 0.500042 0.497824 0.499638 0.496851 0.500544 0.497446 0.500544 0.497446 0.499638 0.496851 0.500219 0.496663 0.500544 0.497446 0.500219 0.496663 0.500838 0.496607 0.500838 0.496607 0.500219 0.496663 0.500236 0.495846 0.500838 0.496607 0.500236 0.495846 0.500803 0.495918 0.435433 0.448384 0.431009 0.430877 0.431779 0.430744 0.439631 0.462854 0.432051 0.430722 0.440131 0.462802 0.505027 0.463055 0.510314 0.430677 0.510622 0.43068 0.505027 0.463055 0.510622 0.43068 0.505582 0.463075 0.439045 0.462696 0.435433 0.448384 0.439631 0.462854 0.439631 0.462854 0.435433 0.448384 0.431779 0.430744 0.439631 0.462854 0.431779 0.430744 0.432051 0.430722 0.505999 0.464066 0.500803 0.495918 0.502852 0.479806 0.502852 0.479806 0.500803 0.495918 0.500236 0.495846 0.502852 0.479806 0.500236 0.495846 0.502298 0.479786 0.502298 0.479786 0.500236 0.495846 0.499681 0.495826 0.444306 0.479379 0.448308 0.495272 0.443806 0.479431 0.443806 0.479431 0.448308 0.495272 0.447809 0.495323 0.443806 0.479431 0.447809 0.495323 0.447297 0.495419 0.447297 0.495419 0.439045 0.462696 0.443806 0.479431 0.443806 0.479431 0.439045 0.462696 0.439631 0.462854 0.443806 0.479431 0.439631 0.462854 0.444306 0.479379 0.444306 0.479379 0.439631 0.462854 0.440131 0.462802 0.502298 0.479786 0.505027 0.463055 0.502852 0.479806 0.502852 0.479806 0.505027 0.463055 0.505582 0.463075 0.502852 0.479806 0.505582 0.463075 0.505999 0.464066 0.505999 0.464066 0.505582 0.463075 0.510622 0.43068 0.505999 0.464066 0.510622 0.43068 0.511437 0.430767 0.430805 0.427779 0.430557 0.426767 0.43109 0.426851 0.513941 0.425659 0.512742 0.427235 0.51285 0.426088 0.513941 0.425659 0.51285 0.426088 0.513531 0.425314 0.513531 0.425314 0.51285 0.426088 0.512396 0.425835 0.513531 0.425314 0.512396 0.425835 0.513133 0.42503 0.542847 0.520979 0.54342 0.52041 0.543935 0.520775 0.542847 0.520979 0.543935 0.520775 0.543291 0.521296 0.430879 0.430318 0.430538 0.428843 0.431068 0.428843 0.431068 0.428843 0.430538 0.428843 0.43022 0.427448 0.431779 0.430744 0.431009 0.430877 0.430879 0.430318 0.430879 0.430318 0.431068 0.428843 0.431779 0.430744 0.431779 0.430744 0.431068 0.428843 0.431584 0.428856 0.431779 0.430744 0.431584 0.428856 0.432051 0.430722 0.510314 0.430677 0.510795 0.428791 0.511326 0.4289 0.510314 0.430677 0.511326 0.4289 0.510622 0.43068 0.430805 0.427779 0.43109 0.426851 0.43133 0.427828 0.511225 0.42775 0.511763 0.426758 0.512247 0.426967 0.511225 0.42775 0.512247 0.426967 0.511736 0.42791 0.429929 0.426157 0.430557 0.426767 0.43022 0.427448 0.43022 0.427448 0.430557 0.426767 0.430805 0.427779 0.43022 0.427448 0.430805 0.427779 0.431068 0.428843 0.431068 0.428843 0.430805 0.427779 0.43133 0.427828 0.431068 0.428843 0.43133 0.427828 0.431584 0.428856 0.510795 0.428791 0.511225 0.42775 0.511736 0.42791 0.510795 0.428791 0.511736 0.42791 0.511326 0.4289 0.429669 0.424982 0.430259 0.425003 0.429929 0.426157 0.429929 0.426157 0.430259 0.425003 0.430329 0.425826 0.429929 0.426157 0.430329 0.425826 0.430557 0.426767 0.544397 0.520149 0.543935 0.520775 0.54342 0.52041 0.544397 0.520149 0.54342 0.52041 0.543866 0.519806 0.511763 0.426758 0.512396 0.425835 0.51285 0.426088 0.511763 0.426758 0.51285 0.426088 0.512247 0.426967 0.512247 0.426967 0.51285 0.426088 0.512742 0.427235 0.512247 0.426967 0.512742 0.427235 0.511736 0.42791 0.511736 0.42791 0.512742 0.427235 0.512499 0.427654 0.511736 0.42791 0.512499 0.427654 0.511326 0.4289 0.511326 0.4289 0.512499 0.427654 0.51187 0.429065 0.511326 0.4289 0.51187 0.429065 0.510622 0.43068 0.510622 0.43068 0.51187 0.429065 0.511604 0.42995 0.510622 0.43068 0.511604 0.42995 0.511437 0.430767 0.541755 0.523067 0.543694 0.521753 0.540483 0.525168 0.517747 0.421624 0.515854 0.423631 0.517608 0.421369 0.517608 0.421369 0.515854 0.423631 0.515643 0.423078 0.517608 0.421369 0.515643 0.423078 0.51747 0.421129 0.51747 0.421129 0.515643 0.423078 0.515238 0.422788 0.540483 0.525168 0.540134 0.524671 0.541755 0.523067 0.541755 0.523067 0.540134 0.524671 0.539959 0.524473 0.541755 0.523067 0.539959 0.524473 0.541249 0.522688 0.541249 0.522688 0.539959 0.524473 0.539744 0.524263 0.515238 0.422788 0.517206 0.420717 0.51747 0.421129 0.543694 0.521753 0.541755 0.523067 0.543291 0.521296 0.543291 0.521296 0.541755 0.523067 0.541249 0.522688 0.543291 0.521296 0.541249 0.522688 0.542847 0.520979 0.513133 0.42503 0.515238 0.422788 0.515643 0.423078 0.513133 0.42503 0.515643 0.423078 0.513531 0.425314 0.513531 0.425314 0.515643 0.423078 0.515854 0.423631 0.513531 0.425314 0.515854 0.423631 0.513941 0.425659 0.513854 0.430888 0.514409 0.431614 0.512081 0.43277 0.512081 0.43277 0.514409 0.431614 0.512636 0.433496 0.511747 0.433246 0.512081 0.43277 0.512636 0.433496 0.512636 0.433496 0.512433 0.433784 0.511747 0.433246 0.539969 0.468016 0.539142 0.467568 0.539215 0.467208 0.539969 0.468016 0.539215 0.467208 0.540043 0.467428 0.540043 0.467428 0.539215 0.467208 0.545205 0.424601 0.545205 0.424601 0.539215 0.467208 0.544377 0.424381 0.545205 0.424601 0.544377 0.424381 0.545268 0.424057 0.545268 0.424057 0.544377 0.424381 0.544482 0.423773 0.545268 0.424057 0.544482 0.423773 0.545329 0.4235 0.544482 0.423773 0.544572 0.423208 0.545329 0.4235 0.500646 0.500968 0.500802 0.502087 0.500646 0.502185 0.500876 0.500569 0.500083 0.500968 0.500083 0.500046 0.555497 0.53095 0.554879 0.531834 0.553488 0.530008 0.553488 0.530008 0.554879 0.531834 0.552869 0.530892 0.553488 0.530008 0.552869 0.530892 0.553102 0.529863 0.553102 0.529863 0.552869 0.530892 0.552412 0.530721 0.553102 0.529863 0.552412 0.530721 0.552622 0.529751 0.552622 0.529751 0.552412 0.530721 0.551872 0.530635 0.552622 0.529751 0.551872 0.530635 0.551581 0.529663 0.551581 0.529663 0.551872 0.530635 0.551588 0.530623 0.551581 0.529663 0.551588 0.530623 0.551569 0.530623 0.551581 0.529663 0.551569 0.530623 0.54668 0.529663 0.54668 0.529663 0.551569 0.530623 0.546668 0.530623 0.500646 0.50212 0.500083 0.501524 0.500646 0.500968 0.500876 0.502203 0.501336 0.501414 0.501355 0.502203 0.545479 0.530987 0.544734 0.530161 0.545202 0.529898 0.545479 0.530987 0.545202 0.529898 0.545765 0.530795 0.545765 0.530795 0.545202 0.529898 0.545885 0.529724 0.545765 0.530795 0.545885 0.529724 0.546182 0.530667 0.546182 0.530667 0.545885 0.529724 0.54668 0.529663 0.546182 0.530667 0.54668 0.529663 0.546668 0.530623 0.516251 0.479151 0.515411 0.479321 0.516251 0.431831 0.516251 0.431831 0.515411 0.479321 0.515411 0.432 0.513854 0.430888 0.514163 0.430644 0.514409 0.431614 0.514409 0.431614 0.514163 0.430644 0.514608 0.43148 0.514163 0.430644 0.514546 0.430494 0.514608 0.43148 0.514608 0.43148 0.514546 0.430494 0.514959 0.430462 0.514608 0.43148 0.514959 0.430462 0.514831 0.431438 0.514831 0.431438 0.514959 0.430462 0.515362 0.430553 0.514831 0.431438 0.515362 0.430553 0.515094 0.431502 0.515094 0.431502 0.515362 0.430553 0.515722 0.430756 0.515094 0.431502 0.515722 0.430756 0.516006 0.431056 0.524764 0.519046 0.524791 0.519134 0.524017 0.519806 0.516006 0.431056 0.515374 0.431807 0.515292 0.431664 0.516006 0.431056 0.515292 0.431664 0.515094 0.431502 0.516006 0.431056 0.516189 0.431426 0.515399 0.431892 0.524764 0.519046 0.523967 0.519426 0.523914 0.519014 0.524764 0.519046 0.523914 0.519014 0.52473 0.518934 0.438763 0.501903 0.438854 0.501893 0.438872 0.503243 0.56135 0.449743 0.561599 0.449407 0.56126 0.450087 0.562734 0.448324 0.562286 0.448516 0.563022 0.447606 0.560521 0.450909 0.560585 0.450816 0.56045 0.451259 0.56045 0.451259 0.560585 0.450816 0.560714 0.450629 0.56045 0.451259 0.560714 0.450629 0.56126 0.450087 0.56126 0.450087 0.560714 0.450629 0.561149 0.450018 0.56126 0.450087 0.561149 0.450018 0.56135 0.449743 0.560521 0.450909 0.56045 0.451259 0.560325 0.4512 0.560325 0.4512 0.56045 0.451259 0.560101 0.451797 0.560325 0.4512 0.560101 0.451797 0.559857 0.451926 0.560233 0.451872 0.559921 0.452339 0.559811 0.452283 0.560348 0.451965 0.560022 0.452411 0.559921 0.452339 0.436903 0.505982 0.436355 0.506416 0.436299 0.506259 0.436597 0.506794 0.436504 0.506673 0.437077 0.506213 0.437077 0.506213 0.436504 0.506673 0.436381 0.506469 0.436693 0.506899 0.43667 0.506876 0.437116 0.506572 0.437116 0.506572 0.43667 0.506876 0.436597 0.506794 0.437116 0.506572 0.436597 0.506794 0.437298 0.506407 0.563022 0.447606 0.563205 0.447723 0.562734 0.448324 0.562734 0.448324 0.563205 0.447723 0.563242 0.447744 0.562734 0.448324 0.563242 0.447744 0.562902 0.448422 0.562268 0.448936 0.562442 0.449053 0.561812 0.449552 0.561812 0.449552 0.562442 0.449053 0.561992 0.449688 0.436299 0.506259 0.436849 0.505872 0.436903 0.505982 0.56044 0.452068 0.560348 0.451965 0.560686 0.451427 0.56044 0.452068 0.560686 0.451427 0.560775 0.451521 0.560775 0.451521 0.560686 0.451427 0.561475 0.450243 0.560775 0.451521 0.561475 0.450243 0.56156 0.450318 0.559666 0.45224 0.559857 0.451926 0.559811 0.452283 0.559811 0.452283 0.559857 0.451926 0.560101 0.451797 0.559811 0.452283 0.560101 0.451797 0.560233 0.451872 0.560233 0.451872 0.560101 0.451797 0.56045 0.451259 0.560233 0.451872 0.56045 0.451259 0.560575 0.451337 0.560575 0.451337 0.56045 0.451259 0.56126 0.450087 0.560575 0.451337 0.56126 0.450087 0.561373 0.450164 0.561373 0.450164 0.56126 0.450087 0.561599 0.449407 0.561373 0.450164 0.561599 0.449407 0.561812 0.449552 0.561812 0.449552 0.561599 0.449407 0.562066 0.448797 0.561812 0.449552 0.562066 0.448797 0.562268 0.448936 0.562268 0.448936 0.562066 0.448797 0.562286 0.448516 0.436597 0.506794 0.437077 0.506213 0.437298 0.506407 0.437298 0.506407 0.437077 0.506213 0.437566 0.505687 0.437298 0.506407 0.437566 0.505687 0.438134 0.505378 0.438134 0.505378 0.437566 0.505687 0.438273 0.504495 0.438134 0.505378 0.438273 0.504495 0.438532 0.504588 0.436355 0.506416 0.436903 0.505982 0.436981 0.506099 0.436981 0.506099 0.436903 0.505982 0.437374 0.505484 0.436981 0.506099 0.437374 0.505484 0.43746 0.505588 0.43746 0.505588 0.437374 0.505484 0.438061 0.504349 0.43746 0.505588 0.438061 0.504349 0.438158 0.504427 0.438624 0.501901 0.43862 0.503207 0.438496 0.501878 0.502215 0.500402 0.502215 0.501969 0.50212 0.501191 0.500875 0.501585 0.500802 0.502185 0.500802 0.501556 0.563368 0.447802 0.562902 0.448422 0.563242 0.447744 0.438532 0.504588 0.438273 0.504495 0.438795 0.503715 0.438795 0.503715 0.438273 0.504495 0.43862 0.503207 0.438795 0.503715 0.43862 0.503207 0.438872 0.503243 0.438872 0.503243 0.43862 0.503207 0.438624 0.501901 0.438872 0.503243 0.438624 0.501901 0.438763 0.501903 0.559921 0.452339 0.560233 0.451872 0.560348 0.451965 0.560348 0.451965 0.560233 0.451872 0.560575 0.451337 0.560348 0.451965 0.560575 0.451337 0.560686 0.451427 0.560686 0.451427 0.560575 0.451337 0.561373 0.450164 0.560686 0.451427 0.561373 0.450164 0.561475 0.450243 0.561475 0.450243 0.561373 0.450164 0.561812 0.449552 0.561475 0.450243 0.561812 0.449552 0.56156 0.450318 0.56156 0.450318 0.561812 0.449552 0.561992 0.449688 0.438061 0.504349 0.438276 0.503738 0.438158 0.504427 0.562286 0.448516 0.562734 0.448324 0.562268 0.448936 0.562268 0.448936 0.562734 0.448324 0.562902 0.448422 0.562268 0.448936 0.562902 0.448422 0.562442 0.449053 0.438406 0.503113 0.438454 0.502482 0.43862 0.503207 0.438406 0.503113 0.43862 0.503207 0.438276 0.503738 0.438276 0.503738 0.43862 0.503207 0.438273 0.504495 0.438276 0.503738 0.438273 0.504495 0.438158 0.504427 0.438158 0.504427 0.438273 0.504495 0.437566 0.505687 0.438158 0.504427 0.437566 0.505687 0.43746 0.505588 0.43746 0.505588 0.437566 0.505687 0.437077 0.506213 0.43746 0.505588 0.437077 0.506213 0.436981 0.506099 0.436981 0.506099 0.437077 0.506213 0.436381 0.506469 0.436981 0.506099 0.436381 0.506469 0.436355 0.506416 0.564045 0.446417 0.56493 0.445463 0.565085 0.445513 0.563692 0.447128 0.56417 0.446555 0.564322 0.446594 0.563513 0.447024 0.563999 0.446469 0.56417 0.446555 0.438488 0.500563 0.438854 0.501893 0.438763 0.501903 0.438488 0.500563 0.438763 0.501903 0.43829 0.500606 0.56417 0.446555 0.563692 0.447128 0.563513 0.447024 0.563513 0.447024 0.563692 0.447128 0.563205 0.447723 0.563513 0.447024 0.563205 0.447723 0.563022 0.447606 0.438763 0.501903 0.438624 0.501901 0.43829 0.500606 0.43829 0.500606 0.438624 0.501901 0.438496 0.501878 0.43829 0.500606 0.438496 0.501878 0.438111 0.5006 0.479153 0.503673 0.47907 0.502641 0.479153 0.502612 0.564322 0.446594 0.563368 0.447802 0.563692 0.447128 0.563692 0.447128 0.563368 0.447802 0.563242 0.447744 0.563692 0.447128 0.563242 0.447744 0.563205 0.447723 0.563999 0.446469 0.564045 0.446417 0.56417 0.446555 0.56417 0.446555 0.564045 0.446417 0.565085 0.445513 0.450854 0.554831 0.449847 0.555389 0.450713 0.554692 0.450713 0.554692 0.449847 0.555389 0.44971 0.555264 0.450713 0.554692 0.44971 0.555264 0.450612 0.55451 0.450612 0.55451 0.44971 0.555264 0.449603 0.555111 0.43829 0.500606 0.437617 0.499414 0.438488 0.500563 0.438488 0.500563 0.437617 0.499414 0.437778 0.499345 0.431192 0.507128 0.431984 0.507493 0.42972 0.50778 0.429396 0.505471 0.429891 0.506095 0.42972 0.50778 0.42972 0.50778 0.429891 0.506095 0.430525 0.506681 0.42972 0.50778 0.430525 0.506681 0.431192 0.507128 0.43667 0.506876 0.436693 0.506899 0.435843 0.507454 0.427682 0.531555 0.42777 0.531426 0.427911 0.53147 0.427404 0.531995 0.427526 0.531794 0.427445 0.53226 0.427267 0.534291 0.427381 0.535394 0.427269 0.535401 0.433271 0.507085 0.433272 0.507232 0.432212 0.506775 0.432212 0.506775 0.433272 0.507232 0.432191 0.506941 0.432 0.507464 0.432049 0.507367 0.433206 0.507726 0.433206 0.507726 0.432049 0.507367 0.432108 0.507227 0.433206 0.507726 0.432108 0.507227 0.433239 0.507567 0.431984 0.507493 0.432 0.507464 0.432617 0.50773 0.432617 0.50773 0.432 0.507464 0.433206 0.507726 0.432617 0.50773 0.433206 0.507726 0.433494 0.507902 0.435015 0.507635 0.435017 0.507773 0.434267 0.507906 0.43558 0.507426 0.435843 0.507454 0.435017 0.507773 0.559921 0.452339 0.560022 0.452411 0.559707 0.453074 0.435361 0.506822 0.436299 0.506259 0.435392 0.506965 0.435361 0.506822 0.435392 0.506965 0.434354 0.507246 0.432178 0.506999 0.432191 0.506941 0.433261 0.507398 0.433261 0.507398 0.432191 0.506941 0.433272 0.507232 0.433261 0.507398 0.433272 0.507232 0.433818 0.507276 0.433818 0.507276 0.433272 0.507232 0.433271 0.507085 0.433818 0.507276 0.433271 0.507085 0.434336 0.50709 0.427422 0.533216 0.427396 0.534278 0.427288 0.533228 0.434336 0.50709 0.434323 0.506968 0.435351 0.506705 0.427595 0.532283 0.427288 0.533228 0.427445 0.53226 0.427118 0.535417 0.42707 0.535149 0.427269 0.535401 0.427269 0.535401 0.42707 0.535149 0.427111 0.534306 0.427269 0.535401 0.427111 0.534306 0.427267 0.534291 0.427267 0.534291 0.427111 0.534306 0.427125 0.533222 0.42707 0.535149 0.427022 0.534876 0.427111 0.534306 0.427111 0.534306 0.427022 0.534876 0.426942 0.53432 0.427111 0.534306 0.426942 0.53432 0.427125 0.533222 0.427125 0.533222 0.426942 0.53432 0.426907 0.533756 0.427125 0.533222 0.426907 0.533756 0.426949 0.533199 0.43442 0.507758 0.433811 0.507787 0.434398 0.507597 0.434398 0.507597 0.433811 0.507787 0.43382 0.507625 0.434398 0.507597 0.43382 0.507625 0.434375 0.507421 0.434375 0.507421 0.43382 0.507625 0.433822 0.507449 0.434375 0.507421 0.433822 0.507449 0.434354 0.507246 0.43442 0.507758 0.433494 0.507902 0.433811 0.507787 0.433811 0.507787 0.433494 0.507902 0.433206 0.507726 0.433811 0.507787 0.433206 0.507726 0.43382 0.507625 0.43382 0.507625 0.433206 0.507726 0.433239 0.507567 0.43382 0.507625 0.433239 0.507567 0.433822 0.507449 0.432108 0.507227 0.432178 0.506999 0.433239 0.507567 0.433239 0.507567 0.432178 0.506999 0.433261 0.507398 0.433239 0.507567 0.433261 0.507398 0.433822 0.507449 0.433822 0.507449 0.433261 0.507398 0.433818 0.507276 0.433822 0.507449 0.433818 0.507276 0.434354 0.507246 0.434354 0.507246 0.433818 0.507276 0.434336 0.50709 0.434354 0.507246 0.434336 0.50709 0.435361 0.506822 0.435361 0.506822 0.434336 0.50709 0.435351 0.506705 0.559707 0.453074 0.559582 0.452959 0.559921 0.452339 0.42802 0.531484 0.427595 0.532283 0.427445 0.53226 0.42802 0.531484 0.427445 0.53226 0.427911 0.53147 0.427911 0.53147 0.427445 0.53226 0.427526 0.531794 0.427911 0.53147 0.427526 0.531794 0.427682 0.531555 0.435017 0.507773 0.435015 0.507635 0.43558 0.507426 0.43558 0.507426 0.435015 0.507635 0.434963 0.507481 0.43558 0.507426 0.434963 0.507481 0.435507 0.507281 0.435507 0.507281 0.434963 0.507481 0.434916 0.507311 0.435507 0.507281 0.434916 0.507311 0.435443 0.507123 0.43667 0.506876 0.435843 0.507454 0.436597 0.506794 0.436597 0.506794 0.435843 0.507454 0.43558 0.507426 0.436597 0.506794 0.43558 0.507426 0.436504 0.506673 0.436504 0.506673 0.43558 0.507426 0.435507 0.507281 0.436504 0.506673 0.435507 0.507281 0.436381 0.506469 0.436381 0.506469 0.435507 0.507281 0.435443 0.507123 0.436381 0.506469 0.435443 0.507123 0.436355 0.506416 0.427083 0.532678 0.427178 0.532437 0.427445 0.53226 0.427445 0.53226 0.427178 0.532437 0.427287 0.532209 0.427445 0.53226 0.427287 0.532209 0.427404 0.531995 0.427485 0.535395 0.427381 0.535394 0.427396 0.534278 0.427396 0.534278 0.427381 0.535394 0.427267 0.534291 0.427396 0.534278 0.427267 0.534291 0.427288 0.533228 0.427288 0.533228 0.427267 0.534291 0.427125 0.533222 0.427288 0.533228 0.427125 0.533222 0.427445 0.53226 0.427445 0.53226 0.427125 0.533222 0.426949 0.533199 0.427445 0.53226 0.426949 0.533199 0.427083 0.532678 0.436299 0.506259 0.436355 0.506416 0.435392 0.506965 0.435392 0.506965 0.436355 0.506416 0.435443 0.507123 0.435392 0.506965 0.435443 0.507123 0.434354 0.507246 0.434354 0.507246 0.435443 0.507123 0.434916 0.507311 0.434354 0.507246 0.434916 0.507311 0.434375 0.507421 0.434375 0.507421 0.434916 0.507311 0.434963 0.507481 0.434375 0.507421 0.434963 0.507481 0.434398 0.507597 0.434398 0.507597 0.434963 0.507481 0.435015 0.507635 0.434398 0.507597 0.435015 0.507635 0.43442 0.507758 0.43442 0.507758 0.435015 0.507635 0.434267 0.507906 0.43442 0.507758 0.434267 0.507906 0.433494 0.507902 0.439045 0.462696 0.447297 0.495419 0.443042 0.495968 0.426785 0.498025 0.429629 0.495172 0.431091 0.497487 0.431091 0.497487 0.429629 0.495172 0.430603 0.495579 0.431091 0.497487 0.430603 0.495579 0.431817 0.497165 0.431817 0.497165 0.430603 0.495579 0.431673 0.495785 0.431817 0.497165 0.431673 0.495785 0.432805 0.496918 0.432805 0.496918 0.431673 0.495785 0.432783 0.495764 0.432805 0.496918 0.432783 0.495764 0.434258 0.496904 0.434258 0.496904 0.432783 0.495764 0.433867 0.49551 0.434258 0.496904 0.433867 0.49551 0.434519 0.496945 0.434519 0.496945 0.433867 0.49551 0.434855 0.495045 0.434519 0.496945 0.434855 0.495045 0.43484 0.497014 0.43484 0.497014 0.434855 0.495045 0.438725 0.49652 0.434855 0.495045 0.435703 0.494408 0.438725 0.49652 0.438725 0.49652 0.435703 0.494408 0.436384 0.493644 0.438725 0.49652 0.436384 0.493644 0.440238 0.496327 0.440238 0.496327 0.436384 0.493644 0.436889 0.492791 0.440238 0.496327 0.436889 0.492791 0.437216 0.49188 0.437216 0.49188 0.437365 0.49094 0.440238 0.496327 0.440238 0.496327 0.437365 0.49094 0.437339 0.489995 0.440238 0.496327 0.437339 0.489995 0.437102 0.488961 0.437102 0.488961 0.436856 0.488367 0.428021 0.431246 0.428021 0.431246 0.436856 0.488367 0.436285 0.48746 0.437102 0.488961 0.428021 0.431246 0.440238 0.496327 0.440238 0.496327 0.428021 0.431246 0.431009 0.430877 0.440238 0.496327 0.431009 0.430877 0.443042 0.495968 0.443042 0.495968 0.431009 0.430877 0.435433 0.448384 0.443042 0.495968 0.435433 0.448384 0.439045 0.462696 0.418675 0.499025 0.418803 0.465512 0.422447 0.498562 0.422447 0.498562 0.418803 0.465512 0.418859 0.451328 0.418859 0.451328 0.418941 0.432398 0.422447 0.498562 0.422447 0.498562 0.418941 0.432398 0.421914 0.432015 0.422447 0.498562 0.421914 0.432015 0.425704 0.498159 0.427815 0.487825 0.427633 0.488121 0.421914 0.432015 0.427633 0.488121 0.427086 0.489512 0.421914 0.432015 0.421914 0.432015 0.427086 0.489512 0.426955 0.490489 0.421914 0.432015 0.426955 0.490489 0.425704 0.498159 0.425704 0.498159 0.426955 0.490489 0.426989 0.491299 0.425704 0.498159 0.426989 0.491299 0.42719 0.492222 0.42719 0.492222 0.427559 0.493096 0.425704 0.498159 0.425704 0.498159 0.427559 0.493096 0.428093 0.493897 0.425704 0.498159 0.428093 0.493897 0.426785 0.498025 0.426785 0.498025 0.428093 0.493897 0.428786 0.4946 0.426785 0.498025 0.428786 0.4946 0.429629 0.495172 0.430032 0.485946 0.429313 0.48634 0.421914 0.432015 0.421914 0.432015 0.429313 0.48634 0.428512 0.486983 0.421914 0.432015 0.428512 0.486983 0.427815 0.487825 0.436285 0.48746 0.435964 0.487089 0.428021 0.431246 0.428021 0.431246 0.435964 0.487089 0.43497 0.486278 0.428021 0.431246 0.43497 0.486278 0.434686 0.486113 0.434686 0.486113 0.433338 0.485608 0.428021 0.431246 0.428021 0.431246 0.433338 0.485608 0.432359 0.485485 0.428021 0.431246 0.432359 0.485485 0.424965 0.431628 0.424965 0.431628 0.432359 0.485485 0.431536 0.485524 0.424965 0.431628 0.431536 0.485524 0.421914 0.432015 0.421914 0.432015 0.431536 0.485524 0.430056 0.485936 0.421914 0.432015 0.430056 0.485936 0.430032 0.485946 0.437642 0.499146 0.437778 0.499345 0.437617 0.499414 0.449387 0.556421 0.449382 0.556443 0.449171 0.556436 0.449297 0.557668 0.449306 0.557936 0.449038 0.557927 0.449387 0.556421 0.449171 0.556436 0.449542 0.555997 0.437642 0.499146 0.437617 0.499414 0.437146 0.498528 0.434734 0.497472 0.434744 0.497423 0.435636 0.497607 0.435636 0.497607 0.434744 0.497423 0.43478 0.497255 0.435636 0.497607 0.43478 0.497255 0.435752 0.497411 0.435752 0.497411 0.43478 0.497255 0.434802 0.497163 0.435752 0.497411 0.434802 0.497163 0.43484 0.497014 0.435636 0.497607 0.435557 0.497787 0.434734 0.497472 0.448864 0.557895 0.44888 0.557086 0.449074 0.557147 0.448864 0.557895 0.449074 0.557147 0.449038 0.557927 0.449038 0.557927 0.449074 0.557147 0.449297 0.557161 0.449038 0.557927 0.449297 0.557161 0.449297 0.557668 0.436651 0.498045 0.437146 0.498528 0.437097 0.498749 0.437097 0.498749 0.437146 0.498528 0.437617 0.499414 0.437097 0.498749 0.437617 0.499414 0.436966 0.498828 0.449253 0.555729 0.449603 0.555111 0.44971 0.555264 0.449253 0.555729 0.44971 0.555264 0.449416 0.555837 0.449416 0.555837 0.44971 0.555264 0.449847 0.555389 0.449416 0.555837 0.449847 0.555389 0.449613 0.555873 0.449613 0.555873 0.449847 0.555389 0.449993 0.555471 0.449613 0.555873 0.449542 0.555997 0.449416 0.555837 0.449416 0.555837 0.449542 0.555997 0.449171 0.556436 0.449416 0.555837 0.449171 0.556436 0.449253 0.555729 0.449253 0.555729 0.449171 0.556436 0.448989 0.55635 0.436966 0.498828 0.436315 0.498251 0.437097 0.498749 0.437097 0.498749 0.436315 0.498251 0.436422 0.498119 0.437097 0.498749 0.436422 0.498119 0.436651 0.498045 0.436651 0.498045 0.436422 0.498119 0.436543 0.497954 0.449382 0.556443 0.449297 0.557161 0.449171 0.556436 0.449171 0.556436 0.449297 0.557161 0.449074 0.557147 0.449171 0.556436 0.449074 0.557147 0.448989 0.55635 0.448989 0.55635 0.449074 0.557147 0.44888 0.557086 0.436315 0.498251 0.435557 0.497787 0.436422 0.498119 0.436422 0.498119 0.435557 0.497787 0.435636 0.497607 0.436422 0.498119 0.435636 0.497607 0.436543 0.497954 0.436543 0.497954 0.435636 0.497607 0.435752 0.497411 0.533754 0.54402 0.533741 0.543589 0.534146 0.543587 0.552545 0.451801 0.55215 0.451768 0.552127 0.451597 0.551704 0.451738 0.551905 0.451346 0.552041 0.45145 0.551739 0.451303 0.551905 0.451346 0.551704 0.451738 0.552127 0.451597 0.55215 0.451768 0.551704 0.451738 0.552503 0.451486 0.552041 0.45145 0.552343 0.451213 0.552343 0.451213 0.552041 0.45145 0.551905 0.451346 0.552343 0.451213 0.551905 0.451346 0.552092 0.451022 0.552092 0.451022 0.551905 0.451346 0.551739 0.451303 0.533741 0.543589 0.533726 0.543238 0.534036 0.543236 0.552503 0.451486 0.552545 0.451801 0.552127 0.451597 0.552503 0.451486 0.552127 0.451597 0.552041 0.45145 0.552041 0.45145 0.552127 0.451597 0.551704 0.451738 0.551739 0.451303 0.551754 0.451172 0.552092 0.451022 0.552092 0.451022 0.551754 0.451172 0.551786 0.450942 0.449053 0.554008 0.449055 0.553696 0.449299 0.553696 0.533741 0.543589 0.534036 0.543236 0.534146 0.543587 0.534146 0.543587 0.534036 0.543236 0.534295 0.543245 0.534146 0.543587 0.534295 0.543245 0.534485 0.543599 0.449426 0.554448 0.449047 0.554272 0.449053 0.554008 0.449426 0.554448 0.449053 0.554008 0.449434 0.554103 0.449434 0.554103 0.449053 0.554008 0.449299 0.553696 0.449434 0.554103 0.449299 0.553696 0.449437 0.553696 0.533754 0.54402 0.534146 0.543587 0.534192 0.544018 0.534192 0.544018 0.534146 0.543587 0.534485 0.543599 0.534192 0.544018 0.534485 0.543599 0.534559 0.544031 0.449869 0.55451 0.449426 0.554448 0.449434 0.554103 0.449869 0.55451 0.449434 0.554103 0.449877 0.554137 0.449877 0.554137 0.449434 0.554103 0.449437 0.553696 0.449877 0.554137 0.449437 0.553696 0.44988 0.553696 0.534074 0.557551 0.533754 0.54402 0.534192 0.544018 0.534074 0.557551 0.534192 0.544018 0.534512 0.557549 0.534512 0.557549 0.534192 0.544018 0.534559 0.544031 0.534512 0.557549 0.534559 0.544031 0.534879 0.557562 0.463443 0.55451 0.449869 0.55451 0.449877 0.554137 0.463443 0.55451 0.449877 0.554137 0.463452 0.554137 0.463452 0.554137 0.449877 0.554137 0.44988 0.553696 0.463452 0.554137 0.44988 0.553696 0.463455 0.553696 0.556885 0.530495 0.557311 0.530561 0.560238 0.532799 0.428926 0.507672 0.428677 0.504729 0.428978 0.505089 0.428926 0.507672 0.428978 0.505089 0.429293 0.507774 0.429293 0.507774 0.428978 0.505089 0.429396 0.505471 0.429293 0.507774 0.429396 0.505471 0.42972 0.50778 0.556885 0.530495 0.560238 0.532799 0.55643 0.530464 0.55643 0.530464 0.560238 0.532799 0.560088 0.533112 0.55643 0.530464 0.560088 0.533112 0.556403 0.530512 0.556403 0.530512 0.560088 0.533112 0.556309 0.530673 0.556309 0.530673 0.560088 0.533112 0.559869 0.533469 0.556309 0.530673 0.559869 0.533469 0.556192 0.530854 0.556192 0.530854 0.556476 0.539383 0.55582 0.53031 0.55582 0.53031 0.556476 0.539383 0.556104 0.539405 0.55582 0.53031 0.556104 0.539405 0.555816 0.530304 0.555816 0.530304 0.556104 0.539405 0.555762 0.539436 0.555816 0.530304 0.555762 0.539436 0.555497 0.529811 0.490673 0.533449 0.490688 0.543083 0.490247 0.54308 0.490673 0.533449 0.490247 0.54308 0.490276 0.533057 0.490276 0.533057 0.490247 0.54308 0.489955 0.532949 0.489955 0.532949 0.490247 0.54308 0.489852 0.543083 0.489955 0.532949 0.489852 0.543083 0.489758 0.532956 0.556476 0.539383 0.560949 0.539173 0.560952 0.539322 0.556476 0.539383 0.560952 0.539322 0.556472 0.53978 0.560952 0.539322 0.560943 0.539609 0.556472 0.53978 0.556472 0.53978 0.560943 0.539609 0.560897 0.53997 0.556472 0.53978 0.560897 0.53997 0.556423 0.540184 0.464254 0.54909 0.464257 0.553696 0.463892 0.553696 0.464254 0.54909 0.463892 0.553696 0.463843 0.54909 0.463843 0.54909 0.463892 0.553696 0.463455 0.553696 0.463843 0.54909 0.463455 0.553696 0.463455 0.54909 0.438185 0.552814 0.438031 0.55339 0.438031 0.546483 0.438185 0.552814 0.438031 0.546483 0.438605 0.552391 0.441237 0.546475 0.441237 0.552231 0.438031 0.546483 0.438031 0.546483 0.441237 0.552231 0.439178 0.552236 0.438031 0.546483 0.439178 0.552236 0.438605 0.552391 0.520905 0.558609 0.526658 0.558615 0.520904 0.558899 0.520904 0.558899 0.526658 0.558615 0.526656 0.559019 0.520904 0.558899 0.526656 0.559019 0.520859 0.559192 0.520859 0.559192 0.526656 0.559019 0.526646 0.559458 0.490247 0.543615 0.49031 0.543692 0.490308 0.549983 0.490308 0.549983 0.49031 0.543692 0.490478 0.543882 0.490308 0.549983 0.490478 0.543882 0.4907 0.549971 0.4907 0.549971 0.490478 0.543882 0.490593 0.543996 0.526646 0.559458 0.52067 0.559509 0.520859 0.559192 0.490247 0.543615 0.490308 0.549983 0.490138 0.543474 0.490138 0.543474 0.490308 0.549983 0.489917 0.54999 0.490138 0.543474 0.489917 0.54999 0.489852 0.543083 0.513145 0.568663 0.513145 0.561759 0.514345 0.568644 0.514345 0.568644 0.513145 0.561759 0.514345 0.561741 0.56154 0.469652 0.56154 0.462745 0.562656 0.469668 0.562656 0.469668 0.56154 0.462745 0.562656 0.462761 0.562656 0.469668 0.562656 0.462761 0.563937 0.469668 0.563937 0.469668 0.562656 0.462761 0.563937 0.46276 0.563937 0.469668 0.563937 0.46276 0.565041 0.469651 0.565041 0.469651 0.563937 0.46276 0.565041 0.462744 0.511128 0.561767 0.511128 0.568666 0.510034 0.56173 0.510034 0.56173 0.511128 0.568666 0.510034 0.568629 0.510034 0.56173 0.510034 0.568629 0.508753 0.561728 0.508753 0.561728 0.510034 0.568629 0.508753 0.568627 0.508753 0.561728 0.508753 0.568627 0.507766 0.561756 0.507766 0.561756 0.508753 0.568627 0.507766 0.568655 0.438462 0.560296 0.438462 0.55339 0.439219 0.560319 0.439219 0.560319 0.438462 0.55339 0.439219 0.553412 0.439219 0.560319 0.439219 0.553412 0.440248 0.56033 0.440248 0.56033 0.439219 0.553412 0.440248 0.553423 0.440248 0.56033 0.440248 0.553423 0.441346 0.560328 0.441346 0.560328 0.440248 0.553423 0.441346 0.553421 0.441346 0.560328 0.441346 0.553421 0.442295 0.560312 0.442295 0.560312 0.441346 0.553421 0.442295 0.553405 0.511128 0.568632 0.511128 0.561728 0.512052 0.568657 0.512052 0.568657 0.511128 0.561728 0.512052 0.561754 0.512052 0.568657 0.512052 0.561754 0.513145 0.568663 0.513145 0.568663 0.512052 0.561754 0.513145 0.561759 0.564109 0.547199 0.564109 0.540295 0.565309 0.54718 0.565309 0.54718 0.564109 0.540295 0.565309 0.540277 0.561641 0.540236 0.561641 0.533329 0.562756 0.540252 0.562756 0.540252 0.561641 0.533329 0.562756 0.533345 0.562756 0.540252 0.562756 0.533345 0.564038 0.540252 0.564038 0.540252 0.562756 0.533345 0.564038 0.533345 0.564038 0.540252 0.564038 0.533345 0.565142 0.540236 0.565142 0.540236 0.564038 0.533345 0.565142 0.533328 0.482778 0.560604 0.482778 0.567503 0.481684 0.560567 0.481684 0.560567 0.482778 0.567503 0.481684 0.567466 0.481684 0.560567 0.481684 0.567466 0.480403 0.560565 0.480403 0.560565 0.481684 0.567466 0.480403 0.567464 0.480403 0.560565 0.480403 0.567464 0.479277 0.560599 0.479277 0.560599 0.480403 0.567464 0.479277 0.567498 0.561855 0.554106 0.561855 0.547199 0.562834 0.554129 0.562834 0.554129 0.561855 0.547199 0.562834 0.547222 0.562834 0.554129 0.562834 0.547222 0.564096 0.554136 0.564096 0.554136 0.562834 0.547222 0.564096 0.547229 0.564096 0.554136 0.564096 0.547229 0.565301 0.554123 0.565301 0.554123 0.564096 0.547229 0.565301 0.547216 0.561855 0.547156 0.561855 0.540252 0.562845 0.54719 0.562845 0.54719 0.561855 0.540252 0.562845 0.540287 0.562845 0.54719 0.562845 0.540287 0.564109 0.547199 0.564109 0.547199 0.562845 0.540287 0.564109 0.540295 0.471233 0.501567 0.470987 0.501598 0.470852 0.501556 0.470987 0.501598 0.471233 0.501567 0.471142 0.501835 0.471142 0.501835 0.471233 0.501567 0.471527 0.501574 0.471142 0.501835 0.471527 0.501574 0.471378 0.501997 0.471378 0.501997 0.471527 0.501574 0.471676 0.501579 0.471378 0.501997 0.471676 0.501579 0.47166 0.502059 0.527224 0.558885 0.527094 0.558624 0.527457 0.558649 0.526767 0.55904 0.526658 0.558615 0.527094 0.558624 0.527094 0.558624 0.527224 0.558885 0.526767 0.55904 0.526767 0.55904 0.527224 0.558885 0.527304 0.559235 0.526767 0.55904 0.527304 0.559235 0.526856 0.559427 0.490703 0.55018 0.490613 0.550628 0.490294 0.550697 0.490703 0.55018 0.490294 0.550697 0.49035 0.550256 0.49035 0.550256 0.490294 0.550697 0.489901 0.550724 0.49035 0.550256 0.489901 0.550724 0.489916 0.550286 0.470852 0.501556 0.470987 0.501598 0.470686 0.501804 0.470686 0.501804 0.470987 0.501598 0.471142 0.501835 0.470686 0.501804 0.471142 0.501835 0.470905 0.50214 0.470905 0.50214 0.471142 0.501835 0.471378 0.501997 0.470905 0.50214 0.471378 0.501997 0.47124 0.50237 0.47124 0.50237 0.471378 0.501997 0.47166 0.502059 0.47124 0.50237 0.47166 0.502059 0.471639 0.502458 0.462177 0.421501 0.461856 0.421467 0.461784 0.421346 0.461216 0.422462 0.461418 0.421929 0.461654 0.422529 0.461654 0.422529 0.461418 0.421929 0.461779 0.422147 0.462177 0.421501 0.461784 0.421346 0.46212 0.421197 0.46212 0.421197 0.461784 0.421346 0.46162 0.421075 0.46212 0.421197 0.46162 0.421075 0.462064 0.420917 0.539039 0.525827 0.53885 0.525397 0.539117 0.525218 0.539039 0.525827 0.539117 0.525218 0.539338 0.525708 0.539338 0.525708 0.539117 0.525218 0.539344 0.525705 0.539344 0.525705 0.539117 0.525218 0.539484 0.525027 0.539344 0.525705 0.539484 0.525027 0.539693 0.525554 0.539693 0.525554 0.539484 0.525027 0.539851 0.52488 0.539693 0.525554 0.539851 0.52488 0.540027 0.5254 0.540027 0.5254 0.539851 0.52488 0.5401 0.524805 0.540027 0.5254 0.5401 0.524805 0.540301 0.525264 0.540483 0.525168 0.540301 0.525264 0.540134 0.524671 0.479138 0.503673 0.479138 0.504299 0.47907 0.503799 0.540134 0.524671 0.5401 0.524805 0.539959 0.524473 0.539959 0.524473 0.5401 0.524805 0.539851 0.52488 0.539959 0.524473 0.539851 0.52488 0.539744 0.524263 0.517747 0.421624 0.517757 0.420863 0.518183 0.421647 0.518183 0.421647 0.517757 0.420863 0.518167 0.420912 0.518183 0.421647 0.518167 0.420912 0.518546 0.421705 0.518546 0.421705 0.518167 0.420912 0.518481 0.421023 0.460839 0.422405 0.461012 0.421709 0.461216 0.422462 0.461216 0.422462 0.461012 0.421709 0.461294 0.421861 0.461216 0.422462 0.461294 0.421861 0.461418 0.421929 0.517361 0.420894 0.517354 0.420598 0.517757 0.420863 0.517757 0.420863 0.517354 0.420598 0.517749 0.420558 0.517757 0.420863 0.517749 0.420558 0.518167 0.420912 0.518167 0.420912 0.517749 0.420558 0.51816 0.420619 0.518167 0.420912 0.51816 0.420619 0.518481 0.421023 0.518481 0.421023 0.51816 0.420619 0.518475 0.420758 0.461012 0.421709 0.461202 0.421431 0.461294 0.421861 0.461294 0.421861 0.461202 0.421431 0.46145 0.421631 0.461294 0.421861 0.46145 0.421631 0.461418 0.421929 0.461418 0.421929 0.46145 0.421631 0.46156 0.42172 0.461418 0.421929 0.46156 0.42172 0.461779 0.422147 0.461779 0.422147 0.46156 0.42172 0.462016 0.421864 0.517747 0.421624 0.517608 0.421369 0.517757 0.420863 0.517757 0.420863 0.517608 0.421369 0.51747 0.421129 0.517757 0.420863 0.51747 0.421129 0.517361 0.420894 0.47907 0.504587 0.479105 0.504299 0.479105 0.504863 0.517361 0.420894 0.517206 0.420717 0.517354 0.420598 0.539626 0.524366 0.539744 0.524263 0.539851 0.52488 0.539626 0.524366 0.539851 0.52488 0.539251 0.524494 0.539251 0.524494 0.539851 0.52488 0.539484 0.525027 0.539251 0.524494 0.539484 0.525027 0.538895 0.524709 0.538895 0.524709 0.539484 0.525027 0.539117 0.525218 0.538895 0.524709 0.539117 0.525218 0.538653 0.524946 0.538653 0.524946 0.539117 0.525218 0.53885 0.525397 0.461202 0.421431 0.46162 0.421075 0.46145 0.421631 0.46145 0.421631 0.46162 0.421075 0.461784 0.421346 0.46145 0.421631 0.461784 0.421346 0.46156 0.42172 0.46156 0.42172 0.461784 0.421346 0.461856 0.421467 0.46156 0.42172 0.461856 0.421467 0.462016 0.421864 0.462016 0.421864 0.461856 0.421467 0.462177 0.421501 0.462016 0.421864 0.462177 0.421501 0.462224 0.421773 0.463881 0.421546 0.462224 0.421773 0.462177 0.421501 0.465071 0.421178 0.465086 0.421453 0.463881 0.421546 0.471596 0.422025 0.470066 0.421448 0.471656 0.421757 0.471656 0.421757 0.470066 0.421448 0.47011 0.421143 0.471656 0.421757 0.47011 0.421143 0.47172 0.421458 0.47172 0.421458 0.47011 0.421143 0.470147 0.420862 0.47172 0.421458 0.470147 0.420862 0.471775 0.421181 0.542954 0.534334 0.542322 0.53297 0.543288 0.534283 0.543288 0.534283 0.542322 0.53297 0.542654 0.532907 0.543288 0.534283 0.542654 0.532907 0.543014 0.532778 0.543288 0.534283 0.543014 0.532778 0.543647 0.534162 0.543647 0.534162 0.543014 0.532778 0.543341 0.53261 0.543647 0.534162 0.543341 0.53261 0.543972 0.533994 0.543972 0.533994 0.543341 0.53261 0.543597 0.532435 0.543972 0.533994 0.543597 0.532435 0.544226 0.533812 0.504763 0.508699 0.504623 0.507038 0.504763 0.50635 0.544226 0.533812 0.543496 0.531711 0.544392 0.533651 0.540301 0.525264 0.540483 0.525168 0.540742 0.52573 0.540582 0.528418 0.539693 0.525554 0.540935 0.528276 0.540935 0.528276 0.539693 0.525554 0.540027 0.5254 0.540935 0.528276 0.540027 0.5254 0.541266 0.528116 0.541266 0.528116 0.540027 0.5254 0.540301 0.525264 0.541266 0.528116 0.540301 0.525264 0.541534 0.527966 0.541534 0.527966 0.540301 0.525264 0.540742 0.52573 0.463881 0.421546 0.462177 0.421501 0.465071 0.421178 0.465071 0.421178 0.462177 0.421501 0.46212 0.421197 0.465071 0.421178 0.46212 0.421197 0.465051 0.42087 0.465051 0.42087 0.46212 0.421197 0.462064 0.420917 0.465051 0.42087 0.462064 0.420917 0.465029 0.420586 0.540267 0.528518 0.539039 0.525827 0.539338 0.525708 0.540267 0.528518 0.539338 0.525708 0.540582 0.528418 0.540582 0.528418 0.539338 0.525708 0.539344 0.525705 0.540582 0.528418 0.539344 0.525705 0.539693 0.525554 0.541534 0.527966 0.542232 0.529484 0.541266 0.528116 0.541266 0.528116 0.542232 0.529484 0.541968 0.529643 0.541266 0.528116 0.541968 0.529643 0.540935 0.528276 0.540935 0.528276 0.541968 0.529643 0.541638 0.529806 0.540935 0.528276 0.541638 0.529806 0.540582 0.528418 0.540582 0.528418 0.541638 0.529806 0.541283 0.529944 0.540582 0.528418 0.541283 0.529944 0.540267 0.528518 0.540267 0.528518 0.541283 0.529944 0.540962 0.530031 0.465029 0.420586 0.466736 0.420558 0.465051 0.42087 0.465051 0.42087 0.466736 0.420558 0.466739 0.420842 0.465051 0.42087 0.466739 0.420842 0.465071 0.421178 0.465071 0.421178 0.466739 0.420842 0.466737 0.421151 0.465071 0.421178 0.466737 0.421151 0.465086 0.421453 0.465086 0.421453 0.466737 0.421151 0.467724 0.421466 0.540742 0.52573 0.541652 0.527708 0.541534 0.527966 0.541534 0.527966 0.541652 0.527708 0.542583 0.52973 0.541534 0.527966 0.542583 0.52973 0.542232 0.529484 0.542232 0.529484 0.542583 0.52973 0.542919 0.530973 0.542232 0.529484 0.542919 0.530973 0.541968 0.529643 0.541968 0.529643 0.542919 0.530973 0.542659 0.531141 0.541968 0.529643 0.542659 0.531141 0.541638 0.529806 0.541638 0.529806 0.542659 0.531141 0.542331 0.531306 0.541638 0.529806 0.542331 0.531306 0.541283 0.529944 0.541283 0.529944 0.542331 0.531306 0.541973 0.531439 0.541283 0.529944 0.541973 0.531439 0.540962 0.530031 0.540962 0.530031 0.541973 0.531439 0.541646 0.531514 0.466736 0.420558 0.468442 0.42065 0.466739 0.420842 0.466739 0.420842 0.468442 0.42065 0.468424 0.420933 0.466739 0.420842 0.468424 0.420933 0.466737 0.421151 0.466737 0.421151 0.468424 0.420933 0.468401 0.421241 0.466737 0.421151 0.468401 0.421241 0.467724 0.421466 0.467724 0.421466 0.468401 0.421241 0.468378 0.421515 0.542583 0.52973 0.543496 0.531711 0.542919 0.530973 0.542919 0.530973 0.543496 0.531711 0.543597 0.532435 0.542919 0.530973 0.543597 0.532435 0.542659 0.531141 0.542659 0.531141 0.543597 0.532435 0.543341 0.53261 0.542659 0.531141 0.543341 0.53261 0.542331 0.531306 0.542331 0.531306 0.543341 0.53261 0.543014 0.532778 0.542331 0.531306 0.543014 0.532778 0.541973 0.531439 0.541973 0.531439 0.543014 0.532778 0.542654 0.532907 0.541973 0.531439 0.542654 0.532907 0.541646 0.531514 0.541646 0.531514 0.542654 0.532907 0.542322 0.53297 0.468442 0.42065 0.470147 0.420862 0.468424 0.420933 0.468424 0.420933 0.470147 0.420862 0.47011 0.421143 0.468424 0.420933 0.47011 0.421143 0.468401 0.421241 0.468401 0.421241 0.47011 0.421143 0.470066 0.421448 0.468401 0.421241 0.470066 0.421448 0.468378 0.421515 0.468378 0.421515 0.470066 0.421448 0.471596 0.422025 0.471747 0.421784 0.471754 0.422094 0.471596 0.422025 0.47256 0.422767 0.472125 0.42281 0.471965 0.42232 0.50086 0.501534 0.500802 0.50112 0.50086 0.500968 0.482274 0.421053 0.482161 0.421123 0.482188 0.420712 0.418463 0.422021 0.41878 0.421715 0.418987 0.421809 0.471596 0.422025 0.471656 0.421757 0.471747 0.421784 0.471747 0.421784 0.471656 0.421757 0.47172 0.421458 0.471747 0.421784 0.47172 0.421458 0.47185 0.421497 0.47185 0.421497 0.47172 0.421458 0.471775 0.421181 0.47185 0.421497 0.471775 0.421181 0.471941 0.421231 0.543018 0.534469 0.542954 0.534334 0.543288 0.534283 0.543018 0.534469 0.543288 0.534283 0.543362 0.534439 0.543362 0.534439 0.543288 0.534283 0.543725 0.534326 0.543725 0.534326 0.543288 0.534283 0.543647 0.534162 0.543725 0.534326 0.543647 0.534162 0.543972 0.533994 0.544392 0.533651 0.544397 0.533667 0.544226 0.533812 0.544226 0.533812 0.544397 0.533667 0.544294 0.533959 0.544226 0.533812 0.544294 0.533959 0.544048 0.534154 0.481882 0.420596 0.482188 0.420712 0.482161 0.421123 0.481882 0.420596 0.482161 0.421123 0.481854 0.421044 0.481854 0.421044 0.482161 0.421123 0.482058 0.421465 0.481854 0.421044 0.482058 0.421465 0.481834 0.42165 0.481834 0.42165 0.482058 0.421465 0.481779 0.421997 0.481834 0.42165 0.481779 0.421997 0.48151 0.422508 0.543725 0.534326 0.543925 0.534741 0.543362 0.534439 0.543362 0.534439 0.543925 0.534741 0.543553 0.534834 0.543362 0.534439 0.543553 0.534834 0.543018 0.534469 0.543018 0.534469 0.543553 0.534834 0.543185 0.534814 0.471941 0.421231 0.472408 0.421523 0.47185 0.421497 0.47185 0.421497 0.472408 0.421523 0.472223 0.42173 0.47185 0.421497 0.472223 0.42173 0.471747 0.421784 0.471747 0.421784 0.472223 0.42173 0.472018 0.421955 0.471747 0.421784 0.472018 0.421955 0.471754 0.422094 0.481488 0.421017 0.481468 0.421636 0.481113 0.421062 0.481113 0.421062 0.481468 0.421636 0.481094 0.421656 0.481113 0.421062 0.481094 0.421656 0.480792 0.421177 0.480792 0.421177 0.481094 0.421656 0.480775 0.421707 0.472408 0.421523 0.472758 0.42199 0.472223 0.42173 0.472223 0.42173 0.472758 0.42199 0.472514 0.42212 0.472223 0.42173 0.472514 0.42212 0.472018 0.421955 0.472018 0.421955 0.472514 0.42212 0.472246 0.422261 0.472018 0.421955 0.472246 0.422261 0.471754 0.422094 0.471754 0.422094 0.472246 0.422261 0.471965 0.42232 0.471965 0.42232 0.472246 0.422261 0.47256 0.422767 0.47256 0.422767 0.472246 0.422261 0.472514 0.42212 0.47256 0.422767 0.472514 0.42212 0.472923 0.42273 0.472923 0.42273 0.472514 0.42212 0.472758 0.42199 0.480716 0.422465 0.480775 0.421707 0.481075 0.422495 0.481075 0.422495 0.480775 0.421707 0.481094 0.421656 0.481075 0.422495 0.481094 0.421656 0.48151 0.422508 0.48151 0.422508 0.481094 0.421656 0.481468 0.421636 0.48151 0.422508 0.481468 0.421636 0.481834 0.42165 0.481834 0.42165 0.481468 0.421636 0.481488 0.421017 0.481834 0.42165 0.481488 0.421017 0.481854 0.421044 0.481854 0.421044 0.481488 0.421017 0.481517 0.420558 0.481854 0.421044 0.481517 0.420558 0.481882 0.420596 0.544048 0.534154 0.543725 0.534326 0.543972 0.533994 0.544048 0.534154 0.543972 0.533994 0.544226 0.533812 0.47256 0.422767 0.472923 0.42273 0.480662 0.501719 0.480716 0.501334 0.480716 0.422465 0.481075 0.422495 0.480716 0.501334 0.481075 0.422495 0.481075 0.501364 0.481075 0.501364 0.481075 0.422495 0.48151 0.422508 0.481075 0.501364 0.48151 0.422508 0.48151 0.501377 0.480662 0.501719 0.480437 0.501742 0.47256 0.422767 0.47256 0.422767 0.480437 0.501742 0.480299 0.501756 0.47256 0.422767 0.480299 0.501756 0.472125 0.42281 0.472125 0.42281 0.480299 0.501756 0.48016 0.501769 0.472125 0.42281 0.48016 0.501769 0.479863 0.501799 0.480437 0.501742 0.480437 0.501814 0.480299 0.501756 0.480299 0.501756 0.480437 0.501814 0.48016 0.501769 0.479848 0.502239 0.479863 0.501799 0.48016 0.501769 0.481749 0.550523 0.481731 0.55089 0.481581 0.550928 0.479979 0.502563 0.47983 0.502612 0.479848 0.502239 0.479979 0.502563 0.479848 0.502239 0.480116 0.502177 0.480116 0.502177 0.479848 0.502239 0.48016 0.501769 0.480116 0.502177 0.48016 0.501769 0.480418 0.502047 0.480418 0.502047 0.48016 0.501769 0.480437 0.501814 0.480418 0.502047 0.480391 0.502198 0.480116 0.502177 0.480116 0.502177 0.480391 0.502198 0.480288 0.502519 0.480116 0.502177 0.480288 0.502519 0.479979 0.502563 0.479979 0.502563 0.480288 0.502519 0.48025 0.502598 0.481581 0.550928 0.481307 0.550806 0.481749 0.550523 0.481749 0.550523 0.481307 0.550806 0.481496 0.550516 0.481749 0.550523 0.481496 0.550516 0.481752 0.550085 0.526658 0.558615 0.526767 0.55904 0.526656 0.559019 0.526656 0.559019 0.526767 0.55904 0.526856 0.559427 0.526656 0.559019 0.526856 0.559427 0.526646 0.559458 0.4907 0.549971 0.490703 0.55018 0.49035 0.550256 0.4907 0.549971 0.49035 0.550256 0.490308 0.549983 0.490308 0.549983 0.49035 0.550256 0.489916 0.550286 0.490308 0.549983 0.489916 0.550286 0.489917 0.54999 0.423973 0.502358 0.426565 0.502026 0.426598 0.502179 0.418918 0.503012 0.422705 0.502522 0.418978 0.503205 0.418978 0.503205 0.422705 0.502522 0.422745 0.502674 0.481991 0.533283 0.485785 0.53262 0.482037 0.533479 0.482037 0.533479 0.485785 0.53262 0.485853 0.532983 0.482037 0.533479 0.485853 0.532983 0.482096 0.533758 0.482096 0.533758 0.485853 0.532983 0.485914 0.533383 0.482096 0.533758 0.485914 0.533383 0.482145 0.534015 0.482145 0.534015 0.485914 0.533383 0.48594 0.533399 0.489758 0.532956 0.48594 0.533399 0.489756 0.532937 0.489756 0.532937 0.48594 0.533399 0.485914 0.533383 0.489756 0.532937 0.485914 0.533383 0.489713 0.532535 0.489713 0.532535 0.485914 0.533383 0.485853 0.532983 0.489713 0.532535 0.485853 0.532983 0.489662 0.53217 0.489662 0.53217 0.485853 0.532983 0.485785 0.53262 0.489662 0.53217 0.485785 0.53262 0.487029 0.532311 0.423973 0.502358 0.422745 0.502674 0.422705 0.502522 0.481768 0.533862 0.481467 0.534097 0.481188 0.533914 0.4816 0.533629 0.482037 0.533479 0.482096 0.533758 0.497355 0.501901 0.497363 0.501707 0.497419 0.501727 0.497355 0.501901 0.497419 0.501727 0.497891 0.502032 0.502377 0.500493 0.502215 0.500201 0.502377 0.500081 0.418437 0.503206 0.418301 0.502978 0.418918 0.503012 0.481448 0.533427 0.481941 0.533096 0.481991 0.533283 0.497339 0.502075 0.497842 0.502162 0.497315 0.502225 0.480729 0.534283 0.480954 0.533765 0.481188 0.533914 0.480729 0.534283 0.481188 0.533914 0.480881 0.534326 0.480881 0.534326 0.481188 0.533914 0.481247 0.534429 0.481247 0.534429 0.481188 0.533914 0.481467 0.534097 0.481247 0.534429 0.481467 0.534097 0.481701 0.534389 0.481701 0.534389 0.481467 0.534097 0.481768 0.533862 0.481701 0.534389 0.481768 0.533862 0.481916 0.534119 0.497363 0.501707 0.497355 0.501901 0.497065 0.501593 0.497065 0.501593 0.497355 0.501901 0.496778 0.501712 0.497065 0.501593 0.496778 0.501712 0.496777 0.501473 0.497419 0.501727 0.497926 0.501885 0.497891 0.502032 0.497891 0.502032 0.497926 0.501885 0.498162 0.50194 0.480862 0.533707 0.481037 0.533442 0.481188 0.533573 0.502427 0.50072 0.502301 0.501001 0.502301 0.500493 0.481188 0.533573 0.481448 0.533427 0.4816 0.533629 0.4816 0.533629 0.481448 0.533427 0.481991 0.533283 0.4816 0.533629 0.481991 0.533283 0.482037 0.533479 0.496782 0.50189 0.497339 0.502075 0.49679 0.50213 0.49679 0.50213 0.497339 0.502075 0.497315 0.502225 0.49679 0.50213 0.497315 0.502225 0.496799 0.502287 0.480716 0.5348 0.480729 0.534283 0.480881 0.534326 0.480716 0.5348 0.480881 0.534326 0.481175 0.534804 0.481175 0.534804 0.480881 0.534326 0.481247 0.534429 0.481175 0.534804 0.481247 0.534429 0.481609 0.534801 0.481609 0.534801 0.481247 0.534429 0.481701 0.534389 0.482145 0.534015 0.481916 0.534119 0.482096 0.533758 0.482096 0.533758 0.481916 0.534119 0.481768 0.533862 0.482096 0.533758 0.481768 0.533862 0.4816 0.533629 0.4816 0.533629 0.481768 0.533862 0.481188 0.533914 0.4816 0.533629 0.481188 0.533914 0.481188 0.533573 0.481188 0.533573 0.481188 0.533914 0.480954 0.533765 0.481188 0.533573 0.480954 0.533765 0.480862 0.533707 0.497891 0.502032 0.497842 0.502162 0.497339 0.502075 0.497891 0.502032 0.497339 0.502075 0.497355 0.501901 0.497355 0.501901 0.497339 0.502075 0.496782 0.50189 0.497355 0.501901 0.496782 0.50189 0.496778 0.501712 0.48151 0.501377 0.496777 0.501473 0.481511 0.501518 0.481511 0.501518 0.496777 0.501473 0.496778 0.501712 0.481511 0.501518 0.496778 0.501712 0.481515 0.501793 0.481609 0.534801 0.481752 0.550085 0.481175 0.534804 0.481175 0.534804 0.481752 0.550085 0.481318 0.550088 0.481175 0.534804 0.481318 0.550088 0.480716 0.5348 0.480716 0.5348 0.481318 0.550088 0.481287 0.550088 0.480716 0.5348 0.481287 0.550088 0.480944 0.550086 0.480944 0.550086 0.480864 0.550085 0.480716 0.5348 0.480716 0.5348 0.480864 0.550085 0.480859 0.550085 0.496799 0.502287 0.481532 0.502191 0.49679 0.50213 0.49679 0.50213 0.481532 0.502191 0.481515 0.501793 0.49679 0.50213 0.481515 0.501793 0.496782 0.50189 0.496782 0.50189 0.481515 0.501793 0.496778 0.501712 0.430879 0.430318 0.431009 0.430877 0.428021 0.431246 0.42747 0.427987 0.43022 0.427448 0.430538 0.428843 0.427011 0.425153 0.429669 0.424982 0.429929 0.426157 0.41893 0.431602 0.418915 0.430178 0.421795 0.43034 0.421795 0.43034 0.418915 0.430178 0.418905 0.428828 0.421914 0.432015 0.418941 0.432398 0.41893 0.431602 0.41893 0.431602 0.421795 0.43034 0.421914 0.432015 0.421914 0.432015 0.421795 0.43034 0.424762 0.429947 0.421914 0.432015 0.424762 0.429947 0.424965 0.431628 0.424965 0.431628 0.424762 0.429947 0.427738 0.429591 0.424965 0.431628 0.427738 0.429591 0.428021 0.431246 0.418902 0.426338 0.42151 0.425846 0.42159 0.427209 0.42159 0.427209 0.42151 0.425846 0.424251 0.425442 0.42159 0.427209 0.424251 0.425442 0.4244 0.426808 0.4244 0.426808 0.424251 0.425442 0.427011 0.425153 0.4244 0.426808 0.427011 0.425153 0.427226 0.426499 0.427226 0.426499 0.427011 0.425153 0.429929 0.426157 0.427226 0.426499 0.429929 0.426157 0.43022 0.427448 0.43022 0.427448 0.42747 0.427987 0.427226 0.426499 0.427226 0.426499 0.42747 0.427987 0.424571 0.428319 0.427226 0.426499 0.424571 0.428319 0.4244 0.426808 0.4244 0.426808 0.424571 0.428319 0.421685 0.428715 0.4244 0.426808 0.421685 0.428715 0.42159 0.427209 0.42159 0.427209 0.421685 0.428715 0.4189 0.427571 0.42159 0.427209 0.4189 0.427571 0.418902 0.426338 0.430879 0.430318 0.428021 0.431246 0.430538 0.428843 0.430538 0.428843 0.428021 0.431246 0.427738 0.429591 0.430538 0.428843 0.427738 0.429591 0.42747 0.427987 0.42747 0.427987 0.427738 0.429591 0.424762 0.429947 0.42747 0.427987 0.424762 0.429947 0.424571 0.428319 0.424571 0.428319 0.424762 0.429947 0.421795 0.43034 0.424571 0.428319 0.421795 0.43034 0.421685 0.428715 0.421685 0.428715 0.421795 0.43034 0.418905 0.428828 0.421685 0.428715 0.418905 0.428828 0.4189 0.427571 0.42151 0.425846 0.418902 0.426338 0.418953 0.424071 0.540483 0.525168 0.543694 0.521753 0.540742 0.52573 0.428 0.420559 0.429669 0.424982 0.427011 0.425153 0.428 0.420559 0.427011 0.425153 0.425799 0.420558 0.425799 0.420558 0.427011 0.425153 0.424251 0.425442 0.425799 0.420558 0.424251 0.425442 0.42352 0.420761 0.42352 0.420761 0.424251 0.425442 0.42151 0.425846 0.42352 0.420761 0.42151 0.425846 0.421255 0.421175 0.421255 0.421175 0.42151 0.425846 0.418953 0.424071 0.421255 0.421175 0.418953 0.424071 0.419004 0.421805 0.525268 0.469933 0.525066 0.468004 0.538795 0.4698 0.538795 0.4698 0.525066 0.468004 0.539077 0.467867 0.524236 0.468158 0.524165 0.467583 0.524935 0.467348 0.524935 0.467348 0.525007 0.467699 0.524236 0.468158 0.501823 0.500402 0.50212 0.501058 0.501823 0.501287 0.501406 0.501135 0.501823 0.500402 0.501823 0.501414 0.524935 0.467348 0.519388 0.424627 0.539215 0.467208 0.539215 0.467208 0.519388 0.424627 0.544377 0.424381 0.493959 0.479956 0.493389 0.479353 0.494469 0.479002 0.494469 0.479002 0.493389 0.479353 0.493738 0.478694 0.519388 0.424627 0.518617 0.424862 0.519318 0.424261 0.519318 0.424261 0.518617 0.424862 0.518546 0.424326 0.493802 0.478312 0.49456 0.47845 0.493738 0.478694 0.493738 0.478694 0.49456 0.47845 0.49447 0.478996 0.493738 0.478694 0.49447 0.478996 0.494469 0.479002 0.551569 0.530623 0.551588 0.530623 0.551749 0.556007 0.551749 0.556007 0.551588 0.530623 0.551872 0.530635 0.551749 0.556007 0.551872 0.530635 0.552464 0.556022 0.552464 0.556022 0.551872 0.530635 0.552412 0.530721 0.552464 0.556022 0.552412 0.530721 0.552782 0.556039 0.552782 0.556039 0.552412 0.530721 0.552869 0.530892 0.518651 0.420558 0.544817 0.420558 0.51871 0.420814 0.48997 0.483251 0.49001 0.482377 0.490728 0.482222 0.491324 0.481769 0.491895 0.482372 0.491051 0.482028 0.491051 0.482028 0.491895 0.482372 0.491496 0.482746 0.491051 0.482028 0.491496 0.482746 0.490728 0.482222 0.490728 0.482222 0.491496 0.482746 0.491024 0.483026 0.490728 0.482222 0.491024 0.483026 0.48997 0.483251 0.419004 0.421805 0.418953 0.424071 0.418987 0.421809 0.418987 0.421809 0.418953 0.424071 0.418445 0.424214 0.418987 0.421809 0.418445 0.424214 0.418463 0.422021 0.482274 0.421053 0.484343 0.42329 0.484022 0.423606 0.482274 0.421053 0.484022 0.423606 0.482058 0.421465 0.482058 0.421465 0.484022 0.423606 0.483591 0.424014 0.482058 0.421465 0.483591 0.424014 0.481779 0.421997 0.485928 0.426114 0.485313 0.426679 0.483412 0.424593 0.48151 0.422508 0.481779 0.421997 0.483412 0.424593 0.483412 0.424593 0.481779 0.421997 0.483591 0.424014 0.483412 0.424593 0.483591 0.424014 0.485928 0.426114 0.485928 0.426114 0.483591 0.424014 0.484022 0.423606 0.485928 0.426114 0.484022 0.423606 0.486163 0.42589 0.486163 0.42589 0.484022 0.423606 0.484343 0.42329 0.486163 0.42589 0.484343 0.42329 0.486413 0.425644 0.418323 0.426513 0.418445 0.424214 0.418953 0.424071 0.418323 0.426513 0.418953 0.424071 0.418902 0.426338 0.48712 0.429499 0.486533 0.428338 0.487029 0.428043 0.41893 0.431602 0.418941 0.432398 0.418366 0.432435 0.41893 0.431602 0.418366 0.432435 0.418915 0.430178 0.418446 0.427358 0.4189 0.427571 0.418905 0.428828 0.418323 0.426513 0.418902 0.426338 0.4189 0.427571 0.486533 0.428338 0.485858 0.427335 0.486429 0.427134 0.487395 0.430214 0.48712 0.429499 0.487535 0.429011 0.488413 0.431821 0.487816 0.431922 0.487395 0.430214 0.418408 0.430475 0.417916 0.432503 0.417927 0.430612 0.488476 0.429817 0.488943 0.43171 0.488413 0.431821 0.488476 0.429817 0.488413 0.431821 0.48794 0.430024 0.48794 0.430024 0.488413 0.431821 0.487395 0.430214 0.48712 0.429499 0.487029 0.428043 0.487535 0.429011 0.487535 0.429011 0.487029 0.428043 0.487519 0.427734 0.487535 0.429011 0.487519 0.427734 0.488051 0.428752 0.488051 0.428752 0.487519 0.427734 0.487889 0.427481 0.488051 0.428752 0.487889 0.427481 0.48844 0.428534 0.4189 0.427571 0.418446 0.427358 0.418323 0.426513 0.486413 0.425644 0.487236 0.426491 0.486888 0.426778 0.486413 0.425644 0.486888 0.426778 0.486163 0.42589 0.486163 0.42589 0.486888 0.426778 0.486429 0.427134 0.486163 0.42589 0.486429 0.427134 0.485928 0.426114 0.485928 0.426114 0.486429 0.427134 0.485858 0.427335 0.485928 0.426114 0.485858 0.427335 0.485313 0.426679 0.487395 0.430214 0.487535 0.429011 0.48794 0.430024 0.48794 0.430024 0.487535 0.429011 0.488051 0.428752 0.48794 0.430024 0.488051 0.428752 0.488476 0.429817 0.417927 0.430612 0.417936 0.429553 0.418418 0.429378 0.417927 0.430612 0.418418 0.429378 0.418408 0.430475 0.486533 0.428338 0.486429 0.427134 0.487029 0.428043 0.487029 0.428043 0.486429 0.427134 0.486888 0.426778 0.487029 0.428043 0.486888 0.426778 0.487519 0.427734 0.487519 0.427734 0.486888 0.426778 0.487236 0.426491 0.487519 0.427734 0.487236 0.426491 0.487889 0.427481 0.418431 0.428335 0.418446 0.427358 0.418905 0.428828 0.418431 0.428335 0.418905 0.428828 0.418418 0.429378 0.418418 0.429378 0.418905 0.428828 0.418915 0.430178 0.418418 0.429378 0.418915 0.430178 0.418408 0.430475 0.418408 0.430475 0.418915 0.430178 0.418366 0.432435 0.418408 0.430475 0.418366 0.432435 0.417916 0.432503 0.418366 0.432435 0.418941 0.432398 0.418859 0.451328 0.418859 0.451328 0.418281 0.465544 0.418366 0.432435 0.418366 0.432435 0.418281 0.465544 0.417799 0.465615 0.418366 0.432435 0.417799 0.465615 0.417916 0.432503 0.488943 0.43171 0.494227 0.464775 0.493669 0.464893 0.488943 0.43171 0.493669 0.464893 0.488413 0.431821 0.488413 0.431821 0.493669 0.464893 0.493248 0.465917 0.488413 0.431821 0.493248 0.465917 0.487816 0.431922 0.418803 0.465512 0.418675 0.499025 0.418221 0.482653 0.418221 0.482653 0.418675 0.499025 0.418286 0.499047 0.418221 0.482653 0.418286 0.499047 0.417739 0.482725 0.417739 0.482725 0.418286 0.499047 0.417739 0.499118 0.496955 0.481861 0.499638 0.498226 0.496397 0.481978 0.496397 0.481978 0.499638 0.498226 0.499048 0.498353 0.496397 0.481978 0.499048 0.498353 0.498443 0.498456 0.498443 0.498456 0.493248 0.465917 0.496397 0.481978 0.496397 0.481978 0.493248 0.465917 0.493669 0.464893 0.496397 0.481978 0.493669 0.464893 0.496955 0.481861 0.496955 0.481861 0.493669 0.464893 0.494227 0.464775 0.417739 0.482725 0.417799 0.465615 0.418221 0.482653 0.418221 0.482653 0.417799 0.465615 0.418281 0.465544 0.418221 0.482653 0.418281 0.465544 0.418803 0.465512 0.418803 0.465512 0.418281 0.465544 0.418859 0.451328 0.498324 0.499971 0.498093 0.499795 0.498407 0.499162 0.418785 0.500694 0.418857 0.501383 0.418297 0.501371 0.418675 0.499025 0.418722 0.499892 0.418286 0.500235 0.418286 0.500235 0.418722 0.499892 0.418749 0.500259 0.418286 0.500235 0.418749 0.500259 0.418751 0.500293 0.418675 0.499025 0.418286 0.500235 0.418286 0.499047 0.418286 0.499047 0.418286 0.500235 0.41774 0.500165 0.418286 0.499047 0.41774 0.500165 0.417739 0.499118 0.499638 0.498226 0.499614 0.499266 0.499029 0.499187 0.499638 0.498226 0.499029 0.499187 0.499048 0.498353 0.499048 0.498353 0.499029 0.499187 0.498407 0.499162 0.499048 0.498353 0.498407 0.499162 0.498443 0.498456 0.418857 0.501383 0.418899 0.501713 0.418297 0.501371 0.418297 0.501371 0.418899 0.501713 0.41829 0.501624 0.418297 0.501371 0.41829 0.501624 0.41775 0.501167 0.41775 0.501167 0.41829 0.501624 0.417748 0.501389 0.49921 0.50025 0.499048 0.500467 0.498704 0.499979 0.498704 0.499979 0.499048 0.500467 0.498576 0.500154 0.418751 0.500293 0.418785 0.500694 0.418286 0.500235 0.418286 0.500235 0.418785 0.500694 0.418297 0.501371 0.418286 0.500235 0.418297 0.501371 0.41774 0.500165 0.41774 0.500165 0.418297 0.501371 0.41775 0.501167 0.499614 0.499266 0.49921 0.50025 0.499029 0.499187 0.499029 0.499187 0.49921 0.50025 0.498704 0.499979 0.499029 0.499187 0.498704 0.499979 0.498407 0.499162 0.498407 0.499162 0.498704 0.499979 0.498576 0.500154 0.498407 0.499162 0.498576 0.500154 0.498324 0.499971 0.496777 0.501473 0.497435 0.500634 0.497666 0.50081 0.496777 0.501473 0.497666 0.50081 0.497065 0.501593 0.497065 0.501593 0.497666 0.50081 0.497918 0.500993 0.497065 0.501593 0.497918 0.500993 0.497363 0.501707 0.418301 0.502978 0.418014 0.502924 0.417764 0.502252 0.498391 0.501306 0.498162 0.50194 0.497926 0.501885 0.498391 0.501306 0.497926 0.501885 0.497918 0.500993 0.497918 0.500993 0.497926 0.501885 0.497419 0.501727 0.497918 0.500993 0.497419 0.501727 0.497363 0.501707 0.417764 0.502252 0.418306 0.502487 0.418301 0.502978 0.418301 0.502978 0.418306 0.502487 0.418908 0.502363 0.418301 0.502978 0.418908 0.502363 0.418918 0.503012 0.418899 0.501713 0.418908 0.502363 0.41829 0.501624 0.41829 0.501624 0.418908 0.502363 0.418306 0.502487 0.41829 0.501624 0.418306 0.502487 0.417748 0.501389 0.417748 0.501389 0.418306 0.502487 0.417764 0.502252 0.499048 0.500467 0.498391 0.501306 0.498576 0.500154 0.498576 0.500154 0.498391 0.501306 0.497918 0.500993 0.498576 0.500154 0.497918 0.500993 0.498324 0.499971 0.498324 0.499971 0.497918 0.500993 0.497666 0.50081 0.498324 0.499971 0.497666 0.50081 0.498093 0.499795 0.498093 0.499795 0.497666 0.50081 0.497435 0.500634 0.524935 0.467348 0.524165 0.467583 0.519388 0.424627 0.519388 0.424627 0.524165 0.467583 0.518617 0.424862 0.484857 0.432444 0.4854 0.432007 0.486629 0.434389 0.486629 0.434389 0.4854 0.432007 0.487173 0.433952 0.483005 0.432929 0.483066 0.432521 0.483855 0.432844 0.538497 0.518933 0.539231 0.519421 0.53847 0.519025 0.483863 0.432748 0.483066 0.432521 0.483892 0.432637 0.483892 0.432637 0.483066 0.432521 0.483248 0.432146 0.538438 0.519132 0.539187 0.519802 0.538398 0.519272 0.483967 0.432493 0.483248 0.432146 0.484027 0.432421 0.484027 0.432421 0.483248 0.432146 0.483532 0.431843 0.484027 0.432421 0.483532 0.431843 0.484174 0.432311 0.480716 0.51696 0.48035 0.516953 0.480138 0.51609 0.480138 0.51609 0.48035 0.516953 0.479944 0.51695 0.480138 0.51609 0.479944 0.51695 0.479876 0.516077 0.479876 0.516077 0.479944 0.51695 0.479532 0.516953 0.479876 0.516077 0.479532 0.516953 0.479642 0.516089 0.479532 0.516953 0.479153 0.51696 0.479642 0.516089 0.48467 0.432301 0.485091 0.431753 0.4854 0.432007 0.48467 0.432301 0.4854 0.432007 0.484857 0.432444 0.483855 0.481046 0.483005 0.481131 0.483855 0.432844 0.483855 0.432844 0.483005 0.481131 0.483005 0.432929 0.485114 0.482346 0.485074 0.48322 0.484781 0.482298 0.484781 0.482298 0.485074 0.48322 0.484289 0.483059 0.484781 0.482298 0.484289 0.483059 0.484592 0.482227 0.484592 0.482227 0.484289 0.483059 0.483613 0.482605 0.484592 0.482227 0.483613 0.482605 0.484219 0.481959 0.484219 0.481959 0.483613 0.482605 0.483161 0.481921 0.484219 0.481959 0.483161 0.481921 0.483945 0.481529 0.483945 0.481529 0.483161 0.481921 0.483005 0.481131 0.483945 0.481529 0.483005 0.481131 0.483855 0.481046 0.49001 0.482377 0.48997 0.483251 0.485114 0.482346 0.485114 0.482346 0.48997 0.483251 0.485074 0.48322 0.551749 0.556007 0.546848 0.556007 0.551569 0.530623 0.551569 0.530623 0.546848 0.556007 0.546668 0.530623 0.559115 0.447675 0.563022 0.447606 0.562286 0.448516 0.559115 0.447675 0.562286 0.448516 0.559144 0.44893 0.562832 0.457368 0.565803 0.456751 0.563188 0.458109 0.563188 0.458109 0.565803 0.456751 0.56581 0.457979 0.563188 0.458109 0.56581 0.457979 0.563637 0.458751 0.562832 0.457368 0.562635 0.457098 0.565803 0.456751 0.565803 0.456751 0.562635 0.457098 0.562207 0.456817 0.565803 0.456751 0.562207 0.456817 0.562077 0.456736 0.427303 0.536192 0.426276 0.536947 0.427118 0.535417 0.427118 0.535417 0.426276 0.536947 0.426603 0.535141 0.427303 0.536192 0.427565 0.536912 0.426276 0.536947 0.426276 0.536947 0.427565 0.536912 0.427694 0.537192 0.565849 0.459621 0.564411 0.459613 0.56581 0.457979 0.56581 0.457979 0.564411 0.459613 0.564136 0.45931 0.56581 0.457979 0.564136 0.45931 0.563637 0.458751 0.559213 0.469131 0.558695 0.469367 0.557314 0.469668 0.426603 0.535141 0.426907 0.533756 0.426942 0.53432 0.426942 0.53432 0.427022 0.534876 0.426603 0.535141 0.426603 0.535141 0.427022 0.534876 0.42707 0.535149 0.426603 0.535141 0.42707 0.535149 0.427118 0.535417 0.427682 0.531555 0.427526 0.531794 0.427203 0.531473 0.427203 0.531473 0.427526 0.531794 0.427404 0.531995 0.427203 0.531473 0.427404 0.531995 0.427287 0.532209 0.427287 0.532209 0.427178 0.532437 0.427203 0.531473 0.427203 0.531473 0.427178 0.532437 0.427083 0.532678 0.560714 0.467849 0.559694 0.468832 0.559213 0.469131 0.426932 0.533197 0.427083 0.532678 0.426949 0.533199 0.426932 0.533197 0.426949 0.533199 0.426907 0.533756 0.560521 0.450909 0.560325 0.4512 0.55915 0.450841 0.55915 0.450841 0.560325 0.4512 0.559857 0.451926 0.55915 0.450841 0.559857 0.451926 0.559107 0.45237 0.559107 0.45237 0.559857 0.451926 0.559666 0.45224 0.427203 0.531473 0.42777 0.531426 0.427682 0.531555 0.562286 0.448516 0.562066 0.448797 0.559144 0.44893 0.559144 0.44893 0.562066 0.448797 0.561599 0.449407 0.559144 0.44893 0.561599 0.449407 0.56135 0.449743 0.56135 0.449743 0.561149 0.450018 0.559144 0.44893 0.559144 0.44893 0.561149 0.450018 0.560714 0.450629 0.559144 0.44893 0.560714 0.450629 0.55915 0.450841 0.55915 0.450841 0.560714 0.450629 0.560585 0.450816 0.55915 0.450841 0.560585 0.450816 0.560521 0.450909 0.565803 0.456751 0.562077 0.456736 0.56581 0.45549 0.56581 0.45549 0.562077 0.456736 0.56175 0.456506 0.563022 0.447606 0.559115 0.447675 0.563513 0.447024 0.563513 0.447024 0.559115 0.447675 0.559069 0.4465 0.563513 0.447024 0.559069 0.4465 0.563999 0.446469 0.563999 0.446469 0.559069 0.4465 0.564045 0.446417 0.564045 0.446417 0.559069 0.4465 0.56493 0.445463 0.56493 0.445463 0.559069 0.4465 0.55897 0.445028 0.56493 0.445463 0.55897 0.445028 0.565261 0.445028 0.449297 0.557161 0.449382 0.556443 0.455865 0.557683 0.455865 0.557683 0.449382 0.556443 0.449387 0.556421 0.455865 0.557683 0.449387 0.556421 0.455899 0.556015 0.455899 0.556015 0.449387 0.556421 0.449542 0.555997 0.455899 0.556015 0.449542 0.555997 0.449613 0.555873 0.455853 0.559641 0.449338 0.559634 0.455865 0.557683 0.455865 0.557683 0.449338 0.559634 0.449323 0.558446 0.449323 0.558446 0.449306 0.557936 0.455865 0.557683 0.455865 0.557683 0.449306 0.557936 0.449297 0.557668 0.455865 0.557683 0.449297 0.557668 0.449297 0.557161 0.4493 0.562038 0.449297 0.561511 0.455865 0.561527 0.455865 0.561527 0.449297 0.561511 0.449306 0.561263 0.455865 0.561527 0.449306 0.561263 0.455853 0.559641 0.455853 0.559641 0.449306 0.561263 0.449337 0.559899 0.455853 0.559641 0.449337 0.559899 0.449338 0.559634 0.559557 0.453792 0.559495 0.453643 0.565849 0.453666 0.565849 0.453666 0.559495 0.453643 0.559387 0.453288 0.455899 0.562996 0.449411 0.562704 0.455865 0.561527 0.455865 0.561527 0.449411 0.562704 0.449302 0.562078 0.455865 0.561527 0.449302 0.562078 0.4493 0.562038 0.56175 0.456506 0.561488 0.456257 0.56581 0.45549 0.56581 0.45549 0.561488 0.456257 0.56068 0.455293 0.56581 0.45549 0.56068 0.455293 0.565849 0.453666 0.565849 0.453666 0.56068 0.455293 0.559908 0.454355 0.565849 0.453666 0.559908 0.454355 0.559557 0.453792 0.432178 0.506999 0.432108 0.507227 0.431358 0.50689 0.431984 0.507493 0.431192 0.507128 0.432 0.507464 0.432 0.507464 0.431192 0.507128 0.432049 0.507367 0.427447 0.536169 0.427303 0.536192 0.427269 0.535401 0.427269 0.535401 0.427303 0.536192 0.427118 0.535417 0.427447 0.536169 0.427269 0.535401 0.42758 0.536162 0.42758 0.536162 0.427269 0.535401 0.427381 0.535394 0.42758 0.536162 0.427381 0.535394 0.427693 0.53617 0.427693 0.53617 0.427381 0.535394 0.427485 0.535395 0.431505 0.506507 0.432212 0.506775 0.431475 0.506626 0.42802 0.537542 0.427893 0.537564 0.427702 0.536887 0.427702 0.536887 0.427893 0.537564 0.427694 0.537192 0.427702 0.536887 0.427694 0.537192 0.427565 0.536912 0.429891 0.506095 0.429396 0.505471 0.429514 0.505408 0.431192 0.507128 0.430525 0.506681 0.430688 0.506448 0.430688 0.506448 0.430525 0.506681 0.429891 0.506095 0.430688 0.506448 0.429891 0.506095 0.430108 0.505922 0.430108 0.505922 0.429891 0.506095 0.429514 0.505408 0.564016 0.459375 0.56447 0.459871 0.563903 0.459458 0.563903 0.459458 0.56447 0.459871 0.56435 0.459952 0.563903 0.459458 0.56435 0.459952 0.563802 0.459554 0.563802 0.459554 0.56435 0.459952 0.564244 0.460052 0.563802 0.459554 0.564244 0.460052 0.563721 0.459659 0.563721 0.459659 0.564244 0.460052 0.56416 0.460165 0.430272 0.505711 0.430832 0.50621 0.430108 0.505922 0.430108 0.505922 0.430832 0.50621 0.430769 0.50633 0.430108 0.505922 0.430769 0.50633 0.430688 0.506448 0.432212 0.506775 0.432191 0.506941 0.431475 0.506626 0.431475 0.506626 0.432191 0.506941 0.432178 0.506999 0.431475 0.506626 0.432178 0.506999 0.431425 0.506757 0.431425 0.506757 0.432178 0.506999 0.431358 0.50689 0.563637 0.458751 0.564136 0.45931 0.563525 0.458821 0.563525 0.458821 0.564136 0.45931 0.564016 0.459375 0.563525 0.458821 0.564016 0.459375 0.563413 0.458908 0.563413 0.458908 0.564016 0.459375 0.563903 0.459458 0.563413 0.458908 0.563903 0.459458 0.563322 0.458996 0.563322 0.458996 0.563903 0.459458 0.563802 0.459554 0.563322 0.458996 0.563802 0.459554 0.563242 0.459091 0.563242 0.459091 0.563802 0.459554 0.563721 0.459659 0.429802 0.505148 0.430272 0.505711 0.429722 0.505242 0.429722 0.505242 0.430272 0.505711 0.430108 0.505922 0.429722 0.505242 0.430108 0.505922 0.429615 0.505338 0.429615 0.505338 0.430108 0.505922 0.429514 0.505408 0.427565 0.536912 0.427303 0.536192 0.427702 0.536887 0.427702 0.536887 0.427303 0.536192 0.427447 0.536169 0.427702 0.536887 0.427447 0.536169 0.427827 0.536883 0.427827 0.536883 0.427447 0.536169 0.42758 0.536162 0.56435 0.459952 0.564745 0.46037 0.564244 0.460052 0.564244 0.460052 0.564745 0.46037 0.564635 0.460472 0.430872 0.506097 0.431505 0.506507 0.430832 0.50621 0.430832 0.50621 0.431505 0.506507 0.431475 0.506626 0.430832 0.50621 0.431475 0.506626 0.430769 0.50633 0.430769 0.50633 0.431475 0.506626 0.431425 0.506757 0.430769 0.50633 0.431425 0.506757 0.430688 0.506448 0.430688 0.506448 0.431425 0.506757 0.431358 0.50689 0.430688 0.506448 0.431358 0.50689 0.431192 0.507128 0.431192 0.507128 0.431358 0.50689 0.432108 0.507227 0.431192 0.507128 0.432108 0.507227 0.432049 0.507367 0.449038 0.557927 0.449306 0.557936 0.449323 0.558446 0.433459 0.497428 0.432721 0.497507 0.432691 0.497352 0.431888 0.497362 0.431817 0.497165 0.432805 0.496918 0.431208 0.497704 0.431091 0.497487 0.431817 0.497165 0.431817 0.497165 0.431888 0.497362 0.431208 0.497704 0.431208 0.497704 0.431888 0.497362 0.431954 0.49755 0.431208 0.497704 0.431954 0.49755 0.431311 0.497902 0.431311 0.497902 0.431954 0.49755 0.432006 0.497699 0.431311 0.497902 0.432006 0.497699 0.431354 0.497988 0.449306 0.561263 0.449063 0.561277 0.449337 0.559899 0.449337 0.559899 0.449063 0.561277 0.44919 0.5599 0.449337 0.559899 0.44919 0.5599 0.449338 0.559634 0.433459 0.497428 0.432691 0.497352 0.43345 0.497271 0.43345 0.497271 0.432691 0.497352 0.432653 0.497157 0.43345 0.497271 0.432653 0.497157 0.433442 0.497072 0.449338 0.559634 0.44919 0.5599 0.449323 0.558446 0.449323 0.558446 0.44919 0.5599 0.449176 0.558447 0.449323 0.558446 0.449176 0.558447 0.449038 0.557927 0.449038 0.557927 0.449176 0.558447 0.448981 0.558436 0.449038 0.557927 0.448981 0.558436 0.448864 0.557895 0.434734 0.497472 0.434196 0.497466 0.434209 0.497309 0.434734 0.497472 0.434209 0.497309 0.434744 0.497423 0.434744 0.497423 0.434209 0.497309 0.43478 0.497255 0.43478 0.497255 0.434209 0.497309 0.43423 0.497112 0.43478 0.497255 0.43423 0.497112 0.434802 0.497163 0.44919 0.5599 0.448995 0.559912 0.449176 0.558447 0.434194 0.497562 0.432721 0.497507 0.433459 0.497428 0.449176 0.558447 0.448993 0.559171 0.448981 0.558436 0.434196 0.497466 0.433459 0.497428 0.43345 0.497271 0.434196 0.497466 0.43345 0.497271 0.434209 0.497309 0.434209 0.497309 0.43345 0.497271 0.433442 0.497072 0.434209 0.497309 0.433442 0.497072 0.43423 0.497112 0.43484 0.497014 0.434802 0.497163 0.434519 0.496945 0.434519 0.496945 0.434802 0.497163 0.43423 0.497112 0.434519 0.496945 0.43423 0.497112 0.434258 0.496904 0.434258 0.496904 0.43423 0.497112 0.433442 0.497072 0.434258 0.496904 0.433442 0.497072 0.432805 0.496918 0.432805 0.496918 0.433442 0.497072 0.432653 0.497157 0.432805 0.496918 0.432653 0.497157 0.431888 0.497362 0.431888 0.497362 0.432653 0.497157 0.432691 0.497352 0.431888 0.497362 0.432691 0.497352 0.431954 0.49755 0.431954 0.49755 0.432691 0.497352 0.432721 0.497507 0.431954 0.49755 0.432721 0.497507 0.432006 0.497699 0.448985 0.560635 0.448995 0.559912 0.44919 0.5599 0.432006 0.497699 0.432742 0.497602 0.431354 0.497988 0.448965 0.561298 0.44919 0.5599 0.449063 0.561277 0.55586 0.553497 0.555955 0.553501 0.555863 0.554348 0.555863 0.554348 0.555955 0.553501 0.556045 0.553506 0.555673 0.554366 0.55576 0.553497 0.55586 0.553497 0.427421 0.491275 0.427599 0.492126 0.427219 0.491276 0.426989 0.491299 0.427219 0.491276 0.427407 0.492161 0.555895 0.555869 0.555769 0.555158 0.555988 0.555156 0.555988 0.555156 0.555769 0.555158 0.555863 0.554348 0.555988 0.555156 0.555863 0.554348 0.5561 0.554224 0.5561 0.554224 0.555863 0.554348 0.556045 0.553506 0.5561 0.554224 0.556045 0.553506 0.556184 0.553518 0.448068 0.567706 0.44831 0.567602 0.447918 0.568278 0.447918 0.568278 0.44831 0.567602 0.448136 0.56831 0.555895 0.555869 0.555678 0.555908 0.555769 0.555158 0.448068 0.567706 0.448104 0.567554 0.44831 0.567602 0.44831 0.567602 0.448104 0.567554 0.448261 0.56674 0.44831 0.567602 0.448261 0.56674 0.448464 0.566778 0.448464 0.566778 0.448261 0.56674 0.448386 0.565833 0.448464 0.566778 0.448386 0.565833 0.448587 0.565857 0.448587 0.565857 0.448386 0.565833 0.448465 0.564869 0.448587 0.565857 0.448465 0.564869 0.448664 0.564877 0.448664 0.564877 0.448465 0.564869 0.44849 0.5639 0.448664 0.564877 0.44849 0.5639 0.448688 0.563891 0.448688 0.563891 0.44849 0.5639 0.448455 0.562987 0.448688 0.563891 0.448455 0.562987 0.448654 0.562962 0.448654 0.562962 0.448455 0.562987 0.448365 0.562185 0.448654 0.562962 0.448365 0.562185 0.448566 0.562147 0.448566 0.562147 0.448365 0.562185 0.448232 0.561529 0.448566 0.562147 0.448232 0.561529 0.448435 0.561483 0.5653 0.444417 0.565095 0.444412 0.564979 0.443668 0.5653 0.444417 0.564979 0.443668 0.565188 0.443659 0.565188 0.443659 0.564979 0.443668 0.564951 0.443507 0.565188 0.443659 0.564951 0.443507 0.565049 0.442841 0.564951 0.443507 0.564836 0.442862 0.565049 0.442841 0.565049 0.442841 0.564836 0.442862 0.564675 0.442023 0.565049 0.442841 0.564675 0.442023 0.564893 0.44199 0.564893 0.44199 0.564675 0.442023 0.564505 0.441174 0.564893 0.44199 0.564505 0.441174 0.564727 0.441132 0.564727 0.441132 0.564505 0.441174 0.564331 0.440339 0.564727 0.441132 0.564331 0.440339 0.564557 0.44029 0.55586 0.553497 0.555863 0.554348 0.555673 0.554366 0.555673 0.554366 0.555863 0.554348 0.555769 0.555158 0.555673 0.554366 0.555769 0.555158 0.555584 0.555198 0.555584 0.555198 0.555769 0.555158 0.555678 0.555908 0.555584 0.555198 0.555678 0.555908 0.555497 0.555969 0.448318 0.568413 0.448136 0.56831 0.44831 0.567602 0.448318 0.568413 0.44831 0.567602 0.448491 0.567685 0.448491 0.567685 0.44831 0.567602 0.448464 0.566778 0.448491 0.567685 0.448464 0.566778 0.448643 0.566837 0.448643 0.566837 0.448464 0.566778 0.448587 0.565857 0.448643 0.566837 0.448587 0.565857 0.448764 0.565889 0.448764 0.565889 0.448587 0.565857 0.448664 0.564877 0.448764 0.565889 0.448664 0.564877 0.448841 0.56488 0.448841 0.56488 0.448664 0.564877 0.448688 0.563891 0.448841 0.56488 0.448688 0.563891 0.448864 0.563864 0.448864 0.563864 0.448688 0.563891 0.448654 0.562962 0.448864 0.563864 0.448654 0.562962 0.44883 0.562908 0.44883 0.562908 0.448654 0.562962 0.448566 0.562147 0.44883 0.562908 0.448566 0.562147 0.448743 0.562069 0.448743 0.562069 0.448566 0.562147 0.448435 0.561483 0.448743 0.562069 0.448435 0.561483 0.448612 0.561385 0.565481 0.44447 0.5653 0.444417 0.565188 0.443659 0.565481 0.44447 0.565188 0.443659 0.565372 0.44369 0.565372 0.44369 0.565188 0.443659 0.565049 0.442841 0.565372 0.44369 0.565049 0.442841 0.565236 0.442848 0.565236 0.442848 0.565049 0.442841 0.564893 0.44199 0.565236 0.442848 0.564893 0.44199 0.565083 0.441973 0.565083 0.441973 0.564893 0.44199 0.564727 0.441132 0.565083 0.441973 0.564727 0.441132 0.564919 0.441092 0.564919 0.441092 0.564727 0.441132 0.564557 0.44029 0.564919 0.441092 0.564557 0.44029 0.564752 0.440228 0.427219 0.491276 0.427599 0.492126 0.427407 0.492161 0.427407 0.492161 0.427599 0.492126 0.427933 0.492936 0.427407 0.492161 0.427933 0.492936 0.427757 0.493001 0.427757 0.493001 0.427933 0.492936 0.428419 0.49368 0.427757 0.493001 0.428419 0.49368 0.428265 0.493772 0.428265 0.493772 0.428419 0.49368 0.429054 0.494335 0.428265 0.493772 0.429054 0.494335 0.428927 0.494449 0.428927 0.494449 0.429054 0.494335 0.429829 0.49487 0.428927 0.494449 0.429829 0.49487 0.429733 0.495003 0.429733 0.495003 0.429829 0.49487 0.430728 0.495252 0.429733 0.495003 0.430728 0.495252 0.430667 0.495398 0.430667 0.495398 0.430728 0.495252 0.431717 0.495447 0.430667 0.495398 0.431717 0.495447 0.431694 0.495598 0.431694 0.495598 0.431717 0.495447 0.432745 0.495428 0.431694 0.495598 0.432745 0.495428 0.432761 0.495578 0.432761 0.495578 0.432745 0.495428 0.433748 0.495192 0.432761 0.495578 0.433748 0.495192 0.433802 0.495333 0.433802 0.495333 0.433748 0.495192 0.434661 0.494758 0.433802 0.495333 0.434661 0.494758 0.434751 0.494884 0.434751 0.494884 0.434661 0.494758 0.435442 0.494164 0.434751 0.494884 0.435442 0.494164 0.435563 0.49427 0.435563 0.49427 0.435442 0.494164 0.436066 0.493452 0.435563 0.49427 0.436066 0.493452 0.436213 0.493533 0.436213 0.493533 0.436066 0.493452 0.436526 0.49266 0.436213 0.493533 0.436526 0.49266 0.436694 0.492711 0.436694 0.492711 0.436526 0.49266 0.436821 0.491816 0.436694 0.492711 0.436821 0.491816 0.437003 0.491836 0.437003 0.491836 0.436821 0.491816 0.436951 0.490948 0.437003 0.491836 0.436951 0.490948 0.437141 0.490935 0.437141 0.490935 0.436951 0.490948 0.43692 0.490078 0.437141 0.490935 0.43692 0.490078 0.437111 0.49003 0.426989 0.491299 0.427407 0.492161 0.42719 0.492222 0.42719 0.492222 0.427407 0.492161 0.427757 0.493001 0.42719 0.492222 0.427757 0.493001 0.427559 0.493096 0.427559 0.493096 0.427757 0.493001 0.428265 0.493772 0.427559 0.493096 0.428265 0.493772 0.428093 0.493897 0.428093 0.493897 0.428265 0.493772 0.428927 0.494449 0.428093 0.493897 0.428927 0.494449 0.428786 0.4946 0.428786 0.4946 0.428927 0.494449 0.429733 0.495003 0.428786 0.4946 0.429733 0.495003 0.429629 0.495172 0.429629 0.495172 0.429733 0.495003 0.430667 0.495398 0.429629 0.495172 0.430667 0.495398 0.430603 0.495579 0.430603 0.495579 0.430667 0.495398 0.431694 0.495598 0.430603 0.495579 0.431694 0.495598 0.431673 0.495785 0.431673 0.495785 0.431694 0.495598 0.432761 0.495578 0.431673 0.495785 0.432761 0.495578 0.432783 0.495764 0.432783 0.495764 0.432761 0.495578 0.433802 0.495333 0.432783 0.495764 0.433802 0.495333 0.433867 0.49551 0.433867 0.49551 0.433802 0.495333 0.434751 0.494884 0.433867 0.49551 0.434751 0.494884 0.434855 0.495045 0.434855 0.495045 0.434751 0.494884 0.435563 0.49427 0.434855 0.495045 0.435563 0.49427 0.435703 0.494408 0.435703 0.494408 0.435563 0.49427 0.436213 0.493533 0.435703 0.494408 0.436213 0.493533 0.436384 0.493644 0.436384 0.493644 0.436213 0.493533 0.436694 0.492711 0.436384 0.493644 0.436694 0.492711 0.436889 0.492791 0.436889 0.492791 0.436694 0.492711 0.437003 0.491836 0.436889 0.492791 0.437003 0.491836 0.437216 0.49188 0.437216 0.49188 0.437003 0.491836 0.437141 0.490935 0.437216 0.49188 0.437141 0.490935 0.437365 0.49094 0.437365 0.49094 0.437141 0.490935 0.437111 0.49003 0.437365 0.49094 0.437111 0.49003 0.437339 0.489995 0.436296 0.487817 0.436675 0.488459 0.436515 0.488554 0.427644 0.489031 0.427977 0.488327 0.428104 0.488417 0.556507 0.550212 0.55632 0.550658 0.556417 0.549543 0.561178 0.56039 0.561161 0.561275 0.561013 0.561277 0.561064 0.556843 0.561093 0.557194 0.560945 0.557193 0.4284 0.487709 0.427977 0.488327 0.427812 0.488223 0.555934 0.552754 0.55586 0.553497 0.55576 0.553497 0.556439 0.550976 0.556362 0.5518 0.556194 0.552043 0.4345 0.486472 0.434586 0.486296 0.435132 0.48688 0.435132 0.48688 0.434586 0.486296 0.435243 0.48672 0.433885 0.485984 0.433824 0.486171 0.433133 0.48578 0.433133 0.48578 0.433824 0.486171 0.433101 0.485976 0.433133 0.48578 0.433101 0.485976 0.432352 0.485695 0.428512 0.486983 0.429313 0.48634 0.429428 0.486515 0.564026 0.438943 0.564167 0.438917 0.564157 0.439533 0.564157 0.439533 0.564167 0.438917 0.564437 0.440165 0.56399 0.438784 0.563832 0.438116 0.563922 0.437873 0.563922 0.437873 0.563832 0.438116 0.563777 0.437897 0.560831 0.556094 0.560977 0.556098 0.561009 0.556329 0.561064 0.556843 0.560945 0.557193 0.561029 0.556497 0.561139 0.557997 0.56115 0.558278 0.56101 0.558512 0.56115 0.558278 0.561158 0.558512 0.56101 0.558512 0.56101 0.558512 0.561158 0.558512 0.56118 0.559955 0.56101 0.558512 0.56118 0.559955 0.561031 0.559956 0.561031 0.559956 0.56118 0.559955 0.561178 0.56039 0.561013 0.561277 0.561161 0.561275 0.560986 0.561948 0.560986 0.561948 0.561161 0.561275 0.561137 0.561891 0.560986 0.561948 0.561137 0.561891 0.560947 0.562548 0.560947 0.562548 0.561137 0.561891 0.561095 0.562544 0.556417 0.549543 0.556564 0.549553 0.556507 0.550212 0.556184 0.553518 0.556045 0.553506 0.556277 0.552656 0.556277 0.552656 0.556045 0.553506 0.556194 0.552043 0.556277 0.552656 0.556194 0.552043 0.556337 0.552056 0.556337 0.552056 0.556194 0.552043 0.556362 0.5518 0.561009 0.556329 0.561029 0.556497 0.560831 0.556094 0.560831 0.556094 0.561029 0.556497 0.560945 0.557193 0.560831 0.556094 0.560945 0.557193 0.56064 0.556039 0.56064 0.556039 0.560945 0.557193 0.560752 0.557157 0.561093 0.557194 0.561139 0.557997 0.560945 0.557193 0.560945 0.557193 0.561139 0.557997 0.56101 0.558512 0.560945 0.557193 0.56101 0.558512 0.560752 0.557157 0.560752 0.557157 0.56101 0.558512 0.560815 0.558497 0.561178 0.56039 0.561013 0.561277 0.561031 0.559956 0.561031 0.559956 0.561013 0.561277 0.560836 0.559964 0.561031 0.559956 0.560836 0.559964 0.56101 0.558512 0.433073 0.486227 0.431611 0.486085 0.432349 0.486051 0.56101 0.558512 0.560831 0.559224 0.560815 0.558497 0.55649 0.5504 0.556439 0.550976 0.55626 0.551333 0.55626 0.551333 0.556439 0.550976 0.556194 0.552043 0.55626 0.551333 0.556194 0.552043 0.556003 0.552013 0.556003 0.552013 0.556194 0.552043 0.556045 0.553506 0.55586 0.553497 0.555934 0.552754 0.555955 0.553501 0.428251 0.487581 0.428793 0.487005 0.428923 0.487154 0.428923 0.487154 0.428793 0.487005 0.429534 0.486683 0.428923 0.487154 0.429534 0.486683 0.429616 0.486818 0.429616 0.486818 0.429534 0.486683 0.430283 0.486455 0.428104 0.488417 0.427977 0.488327 0.428514 0.487816 0.428514 0.487816 0.427977 0.488327 0.4284 0.487709 0.428514 0.487816 0.4284 0.487709 0.429022 0.487276 0.556045 0.553506 0.555955 0.553501 0.556003 0.552013 0.502301 0.500493 0.502301 0.501969 0.502215 0.501226 0.556003 0.552013 0.555934 0.552754 0.555784 0.552734 0.555784 0.552734 0.555934 0.552754 0.55576 0.553497 0.427338 0.49052 0.427421 0.491275 0.427219 0.491276 0.564437 0.440165 0.564167 0.438917 0.564622 0.440113 0.564622 0.440113 0.564167 0.438917 0.564356 0.438848 0.564622 0.440113 0.564356 0.438848 0.56477 0.440053 0.56477 0.440053 0.564356 0.438848 0.564505 0.438753 0.436949 0.489906 0.436515 0.488554 0.437122 0.489861 0.437122 0.489861 0.436515 0.488554 0.436675 0.488459 0.437122 0.489861 0.436675 0.488459 0.437102 0.488961 0.435815 0.487232 0.436296 0.487817 0.435684 0.487372 0.435684 0.487372 0.436296 0.487817 0.436515 0.488554 0.435684 0.487372 0.436515 0.488554 0.435589 0.48749 0.435589 0.48749 0.436515 0.488554 0.436397 0.488639 0.564113 0.437791 0.564356 0.438848 0.563922 0.437873 0.563922 0.437873 0.564356 0.438848 0.564167 0.438917 0.563922 0.437873 0.564167 0.438917 0.56399 0.438784 0.56399 0.438784 0.564167 0.438917 0.564026 0.438943 0.427812 0.488223 0.427977 0.488327 0.427467 0.488954 0.427467 0.488954 0.427977 0.488327 0.427644 0.489031 0.427467 0.488954 0.427644 0.489031 0.427248 0.489718 0.556507 0.550212 0.55649 0.5504 0.55632 0.550658 0.55632 0.550658 0.55649 0.5504 0.55626 0.551333 0.55632 0.550658 0.55626 0.551333 0.556066 0.551293 0.556066 0.551293 0.55626 0.551333 0.556003 0.552013 0.501616 0.501461 0.501663 0.502205 0.501513 0.502205 0.555851 0.551973 0.556003 0.552013 0.555784 0.552734 0.427431 0.489767 0.427338 0.49052 0.427154 0.490499 0.427154 0.490499 0.427338 0.49052 0.427219 0.491276 0.427154 0.490499 0.427219 0.491276 0.426989 0.491299 0.437102 0.488961 0.437339 0.489995 0.437122 0.489861 0.437122 0.489861 0.437339 0.489995 0.437111 0.49003 0.437122 0.489861 0.437111 0.49003 0.436949 0.489906 0.436949 0.489906 0.437111 0.49003 0.43692 0.490078 0.56477 0.440053 0.564752 0.440228 0.564622 0.440113 0.564622 0.440113 0.564752 0.440228 0.564557 0.44029 0.564622 0.440113 0.564557 0.44029 0.564437 0.440165 0.564437 0.440165 0.564557 0.44029 0.564331 0.440339 0.564437 0.440165 0.564331 0.440339 0.564157 0.439533 0.434439 0.486614 0.4345 0.486472 0.435589 0.48749 0.435589 0.48749 0.4345 0.486472 0.435132 0.48688 0.435589 0.48749 0.435132 0.48688 0.435684 0.487372 0.435684 0.487372 0.435132 0.48688 0.435243 0.48672 0.435684 0.487372 0.435243 0.48672 0.435815 0.487232 0.435815 0.487232 0.435243 0.48672 0.435964 0.487089 0.435815 0.487232 0.435964 0.487089 0.436296 0.487817 0.436296 0.487817 0.435964 0.487089 0.436285 0.48746 0.436296 0.487817 0.436285 0.48746 0.436675 0.488459 0.436675 0.488459 0.436285 0.48746 0.436856 0.488367 0.436675 0.488459 0.436856 0.488367 0.437102 0.488961 0.434686 0.486113 0.433885 0.485984 0.433338 0.485608 0.433338 0.485608 0.433885 0.485984 0.433133 0.48578 0.433338 0.485608 0.433133 0.48578 0.432359 0.485485 0.432359 0.485485 0.433133 0.48578 0.432352 0.485695 0.432359 0.485485 0.432352 0.485695 0.431536 0.485524 0.430032 0.485946 0.430056 0.485936 0.430141 0.486127 0.430141 0.486127 0.430056 0.485936 0.431536 0.485524 0.430141 0.486127 0.431536 0.485524 0.431562 0.485732 0.431562 0.485732 0.431536 0.485524 0.432352 0.485695 0.431562 0.485732 0.432352 0.485695 0.432349 0.485893 0.432349 0.485893 0.432352 0.485695 0.433101 0.485976 0.429313 0.48634 0.430032 0.485946 0.429428 0.486515 0.429428 0.486515 0.430032 0.485946 0.430141 0.486127 0.429428 0.486515 0.430141 0.486127 0.430221 0.48631 0.430221 0.48631 0.430141 0.486127 0.431562 0.485732 0.430221 0.48631 0.431562 0.485732 0.431588 0.485929 0.431588 0.485929 0.431562 0.485732 0.432349 0.485893 0.431588 0.485929 0.430283 0.486455 0.430221 0.48631 0.430221 0.48631 0.430283 0.486455 0.429534 0.486683 0.430221 0.48631 0.429534 0.486683 0.429428 0.486515 0.429428 0.486515 0.429534 0.486683 0.428793 0.487005 0.429428 0.486515 0.428793 0.487005 0.428512 0.486983 0.428512 0.486983 0.428793 0.487005 0.428251 0.487581 0.428512 0.486983 0.428251 0.487581 0.427815 0.487825 0.427815 0.487825 0.428251 0.487581 0.427633 0.488121 0.429616 0.486818 0.429022 0.487276 0.428923 0.487154 0.428923 0.487154 0.429022 0.487276 0.4284 0.487709 0.428923 0.487154 0.4284 0.487709 0.428251 0.487581 0.428251 0.487581 0.4284 0.487709 0.427812 0.488223 0.428251 0.487581 0.427812 0.488223 0.427633 0.488121 0.427633 0.488121 0.427812 0.488223 0.427467 0.488954 0.427633 0.488121 0.427467 0.488954 0.427086 0.489512 0.427086 0.489512 0.427467 0.488954 0.427248 0.489718 0.427086 0.489512 0.427248 0.489718 0.426955 0.490489 0.426989 0.491299 0.426955 0.490489 0.427154 0.490499 0.427154 0.490499 0.426955 0.490489 0.427248 0.489718 0.427154 0.490499 0.427248 0.489718 0.427431 0.489767 0.427431 0.489767 0.427248 0.489718 0.427644 0.489031 0.501355 0.502203 0.501355 0.501461 0.501513 0.501508 0.42778 0.489102 0.427644 0.489031 0.428104 0.488417 0.556066 0.551293 0.556124 0.550609 0.55632 0.550658 0.55632 0.550658 0.556124 0.550609 0.556173 0.550012 0.55632 0.550658 0.556173 0.550012 0.556417 0.549543 0.556417 0.549543 0.556173 0.550012 0.556218 0.54948 0.560947 0.562548 0.560754 0.562597 0.560986 0.561948 0.560986 0.561948 0.560754 0.562597 0.560792 0.561986 0.560986 0.561948 0.560792 0.561986 0.561013 0.561277 0.561013 0.561277 0.560792 0.561986 0.560818 0.561305 0.561013 0.561277 0.560818 0.561305 0.560836 0.559964 0.431611 0.486085 0.430283 0.486455 0.431588 0.485929 0.431611 0.486085 0.431588 0.485929 0.432349 0.486051 0.432349 0.486051 0.431588 0.485929 0.432349 0.485893 0.432349 0.486051 0.432349 0.485893 0.43308 0.486131 0.43308 0.486131 0.432349 0.485893 0.433101 0.485976 0.43308 0.486131 0.433101 0.485976 0.434439 0.486614 0.434439 0.486614 0.433101 0.485976 0.433824 0.486171 0.434439 0.486614 0.433824 0.486171 0.4345 0.486472 0.4345 0.486472 0.433824 0.486171 0.433885 0.485984 0.4345 0.486472 0.433885 0.485984 0.434586 0.486296 0.434586 0.486296 0.433885 0.485984 0.434686 0.486113 0.434586 0.486296 0.434686 0.486113 0.435243 0.48672 0.435243 0.48672 0.434686 0.486113 0.43497 0.486278 0.435243 0.48672 0.43497 0.486278 0.435964 0.487089 0.418908 0.502363 0.418899 0.501713 0.423857 0.501094 0.42847 0.502651 0.428069 0.502347 0.428543 0.501549 0.428543 0.501549 0.428069 0.502347 0.42764 0.502143 0.428543 0.501549 0.42764 0.502143 0.428851 0.500469 0.42764 0.502143 0.426759 0.502009 0.428851 0.500469 0.428851 0.500469 0.426759 0.502009 0.426565 0.502026 0.428851 0.500469 0.426565 0.502026 0.423857 0.501094 0.418918 0.503012 0.418908 0.502363 0.422705 0.502522 0.422705 0.502522 0.418908 0.502363 0.423857 0.501094 0.422705 0.502522 0.423857 0.501094 0.423973 0.502358 0.423973 0.502358 0.423857 0.501094 0.426565 0.502026 0.42935 0.499721 0.429842 0.49894 0.429984 0.499041 0.559495 0.453643 0.559557 0.453792 0.559358 0.453784 0.559495 0.453643 0.559358 0.453784 0.559387 0.453288 0.4493 0.562038 0.449302 0.562078 0.449074 0.561982 0.449074 0.561982 0.449302 0.562078 0.449169 0.562613 0.449074 0.561982 0.449169 0.562613 0.448987 0.56271 0.4493 0.562038 0.449074 0.561982 0.449297 0.561511 0.449297 0.561511 0.449074 0.561982 0.449063 0.561277 0.449297 0.561511 0.449063 0.561277 0.449306 0.561263 0.431354 0.497988 0.430605 0.498403 0.431311 0.497902 0.431311 0.497902 0.430605 0.498403 0.430479 0.498248 0.431311 0.497902 0.430479 0.498248 0.431208 0.497704 0.429682 0.49881 0.430098 0.498306 0.430479 0.498248 0.430479 0.498248 0.430098 0.498306 0.430336 0.498068 0.430479 0.498248 0.430336 0.498068 0.431208 0.497704 0.431208 0.497704 0.430336 0.498068 0.430836 0.497657 0.431208 0.497704 0.430836 0.497657 0.431091 0.497487 0.42935 0.499721 0.429121 0.49977 0.429842 0.49894 0.429842 0.49894 0.429121 0.49977 0.429528 0.499033 0.429842 0.49894 0.429528 0.499033 0.429595 0.498933 0.559557 0.453792 0.559908 0.454355 0.559358 0.453784 0.559358 0.453784 0.559908 0.454355 0.559752 0.454435 0.559358 0.453784 0.559752 0.454435 0.559191 0.453779 0.559191 0.453779 0.559752 0.454435 0.559611 0.454482 0.429501 0.499765 0.42918 0.500486 0.429025 0.500496 0.429595 0.498933 0.429682 0.49881 0.429842 0.49894 0.429842 0.49894 0.429682 0.49881 0.430479 0.498248 0.429842 0.49894 0.430479 0.498248 0.429984 0.499041 0.429984 0.499041 0.430479 0.498248 0.430605 0.498403 0.448987 0.56271 0.448879 0.562061 0.449074 0.561982 0.449074 0.561982 0.448879 0.562061 0.448965 0.561298 0.449074 0.561982 0.448965 0.561298 0.449063 0.561277 0.428851 0.500469 0.429121 0.49977 0.429025 0.500496 0.429025 0.500496 0.429121 0.49977 0.42935 0.499721 0.429025 0.500496 0.42935 0.499721 0.429501 0.499765 0.429501 0.499765 0.42935 0.499721 0.429984 0.499041 0.559191 0.453779 0.55897 0.453074 0.559358 0.453784 0.449414 0.563117 0.448987 0.56271 0.449169 0.562613 0.559358 0.453784 0.559153 0.453132 0.559387 0.453288 0.449411 0.562704 0.449169 0.562613 0.449302 0.562078 0.490089 0.532443 0.489713 0.532535 0.489662 0.53217 0.490131 0.532217 0.490564 0.532309 0.490452 0.532534 0.556071 0.530132 0.556194 0.53038 0.555893 0.530142 0.55643 0.530464 0.556403 0.530512 0.556275 0.530443 0.556275 0.530443 0.556403 0.530512 0.556309 0.530673 0.556275 0.530443 0.556309 0.530673 0.556194 0.53038 0.49081 0.533167 0.49118 0.533359 0.491056 0.533673 0.55595 0.529983 0.555888 0.529667 0.556 0.529938 0.55595 0.529983 0.556 0.529938 0.556071 0.530132 0.491417 0.532715 0.49133 0.532914 0.491231 0.532683 0.491231 0.532683 0.49133 0.532914 0.49125 0.533132 0.491231 0.532683 0.49125 0.533132 0.491001 0.532905 0.490452 0.532534 0.490564 0.532309 0.491001 0.532905 0.491001 0.532905 0.490564 0.532309 0.490934 0.532472 0.491001 0.532905 0.490934 0.532472 0.491231 0.532683 0.490131 0.532217 0.489831 0.532017 0.490564 0.532309 0.427509 0.502322 0.426759 0.502009 0.42764 0.502143 0.427509 0.502322 0.42764 0.502143 0.427889 0.502516 0.427889 0.502516 0.42764 0.502143 0.428069 0.502347 0.427889 0.502516 0.428069 0.502347 0.428199 0.50277 0.428199 0.50277 0.428069 0.502347 0.42847 0.502651 0.428199 0.50277 0.42847 0.502651 0.428389 0.502844 0.426565 0.502026 0.426759 0.502009 0.426598 0.502179 0.426598 0.502179 0.426759 0.502009 0.42707 0.502215 0.489662 0.53217 0.490131 0.532217 0.490089 0.532443 0.490089 0.532443 0.490131 0.532217 0.490452 0.532534 0.490089 0.532443 0.490452 0.532534 0.490354 0.532789 0.490354 0.532789 0.490452 0.532534 0.491001 0.532905 0.490354 0.532789 0.491001 0.532905 0.49081 0.533167 0.49081 0.533167 0.491001 0.532905 0.49125 0.533132 0.49081 0.533167 0.49125 0.533132 0.49118 0.533359 0.556194 0.53038 0.556309 0.530673 0.555893 0.530142 0.555893 0.530142 0.556309 0.530673 0.556192 0.530854 0.555893 0.530142 0.556192 0.530854 0.55582 0.53031 0.490276 0.533057 0.490734 0.533307 0.490673 0.533449 0.555497 0.529811 0.555529 0.529663 0.555893 0.530142 0.555497 0.529811 0.555893 0.530142 0.555816 0.530304 0.555816 0.530304 0.555893 0.530142 0.55582 0.53031 0.489955 0.532949 0.489758 0.532956 0.489756 0.532937 0.556071 0.530132 0.555893 0.530142 0.55595 0.529983 0.55595 0.529983 0.555893 0.530142 0.555529 0.529663 0.491056 0.533673 0.490734 0.533307 0.49081 0.533167 0.49081 0.533167 0.490734 0.533307 0.490276 0.533057 0.49081 0.533167 0.490276 0.533057 0.490354 0.532789 0.490354 0.532789 0.490276 0.533057 0.489955 0.532949 0.490354 0.532789 0.489955 0.532949 0.490089 0.532443 0.490089 0.532443 0.489955 0.532949 0.489756 0.532937 0.490089 0.532443 0.489756 0.532937 0.489713 0.532535 0.429514 0.505408 0.429396 0.505471 0.428978 0.505089 0.562832 0.457368 0.563188 0.458109 0.563033 0.458176 0.562549 0.457982 0.562479 0.45752 0.562892 0.458261 0.562892 0.458261 0.562479 0.45752 0.562578 0.457471 0.562892 0.458261 0.562578 0.457471 0.563033 0.458176 0.563033 0.458176 0.562578 0.457471 0.562646 0.457441 0.563033 0.458176 0.562646 0.457441 0.562832 0.457368 0.428848 0.504196 0.428809 0.503731 0.429017 0.504126 0.429017 0.504126 0.428809 0.503731 0.428985 0.503661 0.429017 0.504126 0.428985 0.503661 0.429165 0.504043 0.429165 0.504043 0.428985 0.503661 0.429044 0.503631 0.562549 0.457982 0.562395 0.457569 0.562479 0.45752 0.42843 0.503811 0.428536 0.503798 0.428674 0.504246 0.428674 0.504246 0.428536 0.503798 0.42861 0.503784 0.428674 0.504246 0.42861 0.503784 0.428848 0.504196 0.428848 0.504196 0.42861 0.503784 0.428616 0.503783 0.428848 0.504196 0.428616 0.503783 0.428809 0.503731 0.55644 0.530375 0.55644 0.530268 0.556882 0.530423 0.428444 0.504273 0.428299 0.503814 0.428514 0.50427 0.428444 0.504273 0.428514 0.50427 0.428811 0.504701 0.562892 0.458261 0.562775 0.458353 0.562549 0.457982 0.429165 0.504043 0.429378 0.504413 0.42926 0.504504 0.429165 0.504043 0.42926 0.504504 0.429017 0.504126 0.429017 0.504126 0.42926 0.504504 0.429118 0.504587 0.429017 0.504126 0.429118 0.504587 0.428848 0.504196 0.428848 0.504196 0.429118 0.504587 0.428964 0.504654 0.428848 0.504196 0.428964 0.504654 0.428674 0.504246 0.429615 0.505338 0.429514 0.505408 0.42915 0.505084 0.42915 0.505084 0.429514 0.505408 0.428978 0.505089 0.42915 0.505084 0.428978 0.505089 0.42874 0.504716 0.42874 0.504716 0.428978 0.505089 0.428677 0.504729 0.42874 0.504716 0.428677 0.504729 0.428384 0.504268 0.55643 0.530464 0.55644 0.530375 0.556885 0.530495 0.556885 0.530495 0.55644 0.530375 0.556882 0.530423 0.556885 0.530495 0.556882 0.530423 0.55729 0.530507 0.42874 0.504716 0.428444 0.504273 0.428811 0.504701 0.42874 0.504716 0.428811 0.504701 0.42915 0.505084 0.42915 0.505084 0.428811 0.504701 0.429286 0.505019 0.42915 0.505084 0.429286 0.505019 0.429615 0.505338 0.429615 0.505338 0.429286 0.505019 0.429414 0.504938 0.429615 0.505338 0.429414 0.504938 0.429722 0.505242 0.429722 0.505242 0.429414 0.504938 0.429525 0.504847 0.429722 0.505242 0.429525 0.504847 0.429802 0.505148 0.563188 0.458109 0.563637 0.458751 0.563033 0.458176 0.563033 0.458176 0.563637 0.458751 0.563525 0.458821 0.563033 0.458176 0.563525 0.458821 0.562892 0.458261 0.562892 0.458261 0.563525 0.458821 0.563413 0.458908 0.562892 0.458261 0.563413 0.458908 0.562775 0.458353 0.562775 0.458353 0.563413 0.458908 0.563322 0.458996 0.563322 0.458996 0.563242 0.459091 0.562775 0.458353 0.562775 0.458353 0.563242 0.459091 0.562946 0.458787 0.429378 0.504413 0.429525 0.504847 0.42926 0.504504 0.42926 0.504504 0.429525 0.504847 0.429414 0.504938 0.42926 0.504504 0.429414 0.504938 0.429118 0.504587 0.429118 0.504587 0.429414 0.504938 0.429286 0.505019 0.429118 0.504587 0.429286 0.505019 0.428964 0.504654 0.428964 0.504654 0.429286 0.505019 0.428811 0.504701 0.428964 0.504654 0.428811 0.504701 0.428674 0.504246 0.428674 0.504246 0.428811 0.504701 0.428514 0.50427 0.428674 0.504246 0.428514 0.50427 0.42843 0.503811 0.42843 0.503811 0.428514 0.50427 0.428299 0.503814 0.481318 0.550088 0.481752 0.550085 0.481496 0.550516 0.481075 0.501364 0.48151 0.501377 0.481511 0.501518 0.480391 0.502198 0.480418 0.502047 0.480716 0.502041 0.480716 0.502041 0.480418 0.502047 0.480437 0.501814 0.481511 0.501518 0.481144 0.501671 0.481075 0.501364 0.481075 0.501364 0.481144 0.501671 0.480812 0.501661 0.481075 0.501364 0.480812 0.501661 0.480716 0.501334 0.480662 0.501719 0.480716 0.502041 0.480437 0.501814 0.480662 0.501719 0.480437 0.501814 0.480437 0.501742 0.481287 0.550088 0.481164 0.550294 0.480944 0.550086 0.480944 0.550086 0.481164 0.550294 0.480949 0.550619 0.480944 0.550086 0.480949 0.550619 0.480864 0.550085 0.480864 0.550085 0.480949 0.550619 0.480716 0.550307 0.480864 0.550085 0.480716 0.550307 0.480859 0.550085 0.481532 0.502191 0.481297 0.502006 0.481515 0.501793 0.480288 0.502519 0.480391 0.502198 0.480594 0.502485 0.480594 0.502485 0.480391 0.502198 0.480716 0.502041 0.480999 0.502073 0.480812 0.501661 0.481297 0.502006 0.481297 0.502006 0.480812 0.501661 0.481144 0.501671 0.481297 0.502006 0.481144 0.501671 0.481515 0.501793 0.481515 0.501793 0.481144 0.501671 0.481511 0.501518 0.481267 0.550862 0.480949 0.550619 0.481307 0.550806 0.481307 0.550806 0.480949 0.550619 0.481164 0.550294 0.481307 0.550806 0.481164 0.550294 0.481496 0.550516 0.481496 0.550516 0.481164 0.550294 0.481287 0.550088 0.481496 0.550516 0.481287 0.550088 0.481318 0.550088 0.491735 0.532914 0.491603 0.532893 0.491664 0.532722 0.491664 0.532722 0.491603 0.532893 0.491542 0.532709 0.561488 0.456257 0.56175 0.456506 0.561658 0.456608 0.561488 0.456257 0.561658 0.456608 0.561312 0.456388 0.561312 0.456388 0.561658 0.456608 0.56157 0.456706 0.561312 0.456388 0.56157 0.456706 0.561158 0.456499 0.561158 0.456499 0.56157 0.456706 0.561491 0.456794 0.561158 0.456499 0.561491 0.456794 0.561281 0.456688 0.561491 0.456794 0.561426 0.456868 0.561281 0.456688 0.428852 0.502734 0.428833 0.502917 0.42875 0.502786 0.428852 0.502734 0.42875 0.502786 0.428872 0.502542 0.428872 0.502542 0.42875 0.502786 0.428687 0.502619 0.49125 0.533132 0.49133 0.532914 0.491465 0.532893 0.491465 0.532893 0.49133 0.532914 0.491417 0.532715 0.491465 0.532893 0.491417 0.532715 0.491542 0.532709 0.491542 0.532709 0.491603 0.532893 0.491465 0.532893 0.491465 0.532893 0.491603 0.532893 0.491391 0.533095 0.491465 0.532893 0.491391 0.533095 0.49125 0.533132 0.49118 0.533359 0.49125 0.533132 0.491317 0.533309 0.491317 0.533309 0.49125 0.533132 0.491391 0.533095 0.491317 0.533309 0.491391 0.533095 0.491323 0.533307 0.491323 0.533307 0.491391 0.533095 0.491428 0.533285 0.491428 0.533285 0.491391 0.533095 0.491477 0.533279 0.491477 0.533279 0.491391 0.533095 0.491603 0.532893 0.491477 0.533279 0.491603 0.532893 0.491647 0.533276 0.491647 0.533276 0.491603 0.532893 0.491735 0.532914 0.491647 0.533276 0.491735 0.532914 0.491705 0.533282 0.56175 0.456506 0.562077 0.456736 0.561658 0.456608 0.561658 0.456608 0.562077 0.456736 0.561981 0.45687 0.561658 0.456608 0.561981 0.45687 0.56157 0.456706 0.56157 0.456706 0.561981 0.45687 0.561919 0.456957 0.56157 0.456706 0.561919 0.456957 0.561491 0.456794 0.561491 0.456794 0.561919 0.456957 0.561818 0.457103 0.561491 0.456794 0.561818 0.457103 0.561426 0.456868 0.491855 0.532954 0.49194 0.53335 0.491799 0.533299 0.491799 0.533299 0.491705 0.533282 0.491855 0.532954 0.491855 0.532954 0.491705 0.533282 0.491735 0.532914 0.491855 0.532954 0.491735 0.532914 0.49178 0.532754 0.42875 0.502786 0.428715 0.502974 0.428636 0.502823 0.42875 0.502786 0.428636 0.502823 0.428687 0.502619 0.428687 0.502619 0.428636 0.502823 0.428513 0.502842 0.428687 0.502619 0.428513 0.502842 0.428581 0.502641 0.428581 0.502641 0.428513 0.502842 0.428389 0.502844 0.428581 0.502641 0.428389 0.502844 0.42847 0.502651 0.428581 0.502641 0.42847 0.502651 0.428543 0.501549 0.56068 0.455293 0.561488 0.456257 0.561312 0.456388 0.428543 0.501549 0.428851 0.500469 0.428742 0.501549 0.428742 0.501549 0.428851 0.500469 0.429025 0.500496 0.501823 0.502163 0.501823 0.501287 0.502022 0.50219 0.502022 0.50219 0.501823 0.501287 0.502006 0.501324 0.560368 0.45548 0.559611 0.454482 0.560515 0.455401 0.560515 0.455401 0.559611 0.454482 0.559752 0.454435 0.428581 0.502641 0.428543 0.501549 0.428687 0.502619 0.428687 0.502619 0.428543 0.501549 0.428742 0.501549 0.428687 0.502619 0.428742 0.501549 0.428872 0.502542 0.428872 0.502542 0.428742 0.501549 0.428915 0.501507 0.561158 0.456499 0.560368 0.45548 0.561312 0.456388 0.561312 0.456388 0.560368 0.45548 0.560515 0.455401 0.561312 0.456388 0.560515 0.455401 0.56068 0.455293 0.56068 0.455293 0.560515 0.455401 0.559752 0.454435 0.56068 0.455293 0.559752 0.454435 0.559908 0.454355 0.556183 0.530098 0.556071 0.530132 0.556 0.529938 0.562406 0.457423 0.562547 0.457296 0.562578 0.457471 0.562635 0.457098 0.562832 0.457368 0.562547 0.457296 0.562547 0.457296 0.562832 0.457368 0.562646 0.457441 0.562547 0.457296 0.562646 0.457441 0.562578 0.457471 0.491116 0.533635 0.491247 0.533566 0.491195 0.533811 0.491195 0.533811 0.491247 0.533566 0.491414 0.533518 0.491195 0.533811 0.491414 0.533518 0.491362 0.53374 0.491362 0.53374 0.491414 0.533518 0.491594 0.533499 0.491428 0.533285 0.491477 0.533279 0.491414 0.533518 0.491414 0.533518 0.491477 0.533279 0.491647 0.533276 0.491414 0.533518 0.491647 0.533276 0.491594 0.533499 0.491594 0.533499 0.491647 0.533276 0.491705 0.533282 0.491594 0.533499 0.491705 0.533282 0.491799 0.533299 0.491116 0.533635 0.49118 0.533359 0.491247 0.533566 0.491247 0.533566 0.49118 0.533359 0.491317 0.533309 0.491247 0.533566 0.491317 0.533309 0.491414 0.533518 0.491414 0.533518 0.491317 0.533309 0.491323 0.533307 0.491414 0.533518 0.491323 0.533307 0.491428 0.533285 0.55643 0.530464 0.556275 0.530443 0.55644 0.530375 0.55644 0.530375 0.556275 0.530443 0.556194 0.53038 0.55644 0.530375 0.556194 0.53038 0.55644 0.530268 0.55644 0.530268 0.556194 0.53038 0.556295 0.530265 0.428299 0.503814 0.428201 0.503657 0.42843 0.503811 0.42843 0.503811 0.428201 0.503657 0.428363 0.503708 0.42843 0.503811 0.428363 0.503708 0.428536 0.503798 0.428536 0.503798 0.428363 0.503708 0.428556 0.503714 0.428536 0.503798 0.428556 0.503714 0.42861 0.503784 0.562578 0.457471 0.562479 0.45752 0.562406 0.457423 0.562406 0.457423 0.562479 0.45752 0.562395 0.457569 0.429083 0.503484 0.429044 0.503631 0.428941 0.503595 0.428941 0.503595 0.429044 0.503631 0.428985 0.503661 0.428941 0.503595 0.428985 0.503661 0.428758 0.503675 0.428758 0.503675 0.428985 0.503661 0.428809 0.503731 0.428758 0.503675 0.428809 0.503731 0.428556 0.503714 0.428556 0.503714 0.428809 0.503731 0.428616 0.503783 0.428556 0.503714 0.428616 0.503783 0.42861 0.503784 0.562077 0.456736 0.562207 0.456817 0.561981 0.45687 0.561981 0.45687 0.562207 0.456817 0.562389 0.45716 0.561981 0.45687 0.562389 0.45716 0.561919 0.456957 0.561919 0.456957 0.562389 0.45716 0.562282 0.457309 0.561919 0.456957 0.562282 0.457309 0.561818 0.457103 0.561818 0.457103 0.562282 0.457309 0.562198 0.457432 0.49194 0.53335 0.491919 0.533742 0.491799 0.533299 0.491799 0.533299 0.491919 0.533742 0.491746 0.533703 0.491799 0.533299 0.491746 0.533703 0.491594 0.533499 0.491594 0.533499 0.491746 0.533703 0.491553 0.533702 0.491594 0.533499 0.491553 0.533702 0.491362 0.53374 0.562207 0.456817 0.562635 0.457098 0.562389 0.45716 0.562389 0.45716 0.562635 0.457098 0.562547 0.457296 0.562389 0.45716 0.562547 0.457296 0.562282 0.457309 0.562282 0.457309 0.562547 0.457296 0.562406 0.457423 0.562282 0.457309 0.562406 0.457423 0.562198 0.457432 0.562198 0.457432 0.562406 0.457423 0.562299 0.457532 0.499638 0.502124 0.499738 0.502107 0.499738 0.502287 0.491746 0.533703 0.491924 0.533846 0.491738 0.5338 0.491746 0.533703 0.491738 0.5338 0.491553 0.533702 0.491553 0.533702 0.491738 0.5338 0.491535 0.53381 0.491553 0.533702 0.491535 0.53381 0.491362 0.53374 0.491362 0.53374 0.491535 0.53381 0.491341 0.533874 0.491362 0.53374 0.491341 0.533874 0.491195 0.533811 0.491195 0.533811 0.491341 0.533874 0.49118 0.533985 0.556183 0.530098 0.556295 0.530265 0.556071 0.530132 0.556071 0.530132 0.556295 0.530265 0.556194 0.53038 0.56115 0.558278 0.561139 0.557997 0.565734 0.558009 0.556337 0.552056 0.561341 0.551854 0.556277 0.552656 0.556277 0.552656 0.561341 0.551854 0.561436 0.553111 0.556277 0.552656 0.561436 0.553111 0.556184 0.553518 0.563832 0.438116 0.559041 0.439158 0.563777 0.437897 0.563777 0.437897 0.559041 0.439158 0.55897 0.437684 0.563832 0.438116 0.56399 0.438784 0.559041 0.439158 0.559041 0.439158 0.56399 0.438784 0.564026 0.438943 0.559041 0.439158 0.564026 0.438943 0.559066 0.440333 0.559066 0.440333 0.564026 0.438943 0.564157 0.439533 0.559066 0.440333 0.564157 0.439533 0.564331 0.440339 0.565734 0.558009 0.561139 0.557997 0.565767 0.55634 0.565767 0.55634 0.561139 0.557997 0.561093 0.557194 0.565767 0.55634 0.561093 0.557194 0.561064 0.556843 0.561064 0.556843 0.561029 0.556497 0.565767 0.55634 0.565767 0.55634 0.561029 0.556497 0.561009 0.556329 0.565767 0.55634 0.561009 0.556329 0.560977 0.556098 0.565734 0.561852 0.561137 0.561891 0.561161 0.561275 0.565734 0.561852 0.561161 0.561275 0.565722 0.559966 0.561161 0.561275 0.561178 0.56039 0.565722 0.559966 0.565722 0.559966 0.561178 0.56039 0.56118 0.559955 0.565722 0.559966 0.56118 0.559955 0.565734 0.558009 0.565734 0.558009 0.56118 0.559955 0.561158 0.558512 0.565734 0.558009 0.561158 0.558512 0.56115 0.558278 0.561137 0.561891 0.565734 0.561852 0.561095 0.562544 0.561095 0.562544 0.565734 0.561852 0.565767 0.563321 0.556564 0.549553 0.561233 0.550033 0.556507 0.550212 0.556337 0.552056 0.556362 0.5518 0.561341 0.551854 0.561341 0.551854 0.556362 0.5518 0.556439 0.550976 0.561341 0.551854 0.556439 0.550976 0.561233 0.550033 0.561233 0.550033 0.556439 0.550976 0.55649 0.5504 0.561233 0.550033 0.55649 0.5504 0.556507 0.550212 0.559066 0.440333 0.564331 0.440339 0.559071 0.441589 0.559071 0.441589 0.564331 0.440339 0.564505 0.441174 0.556184 0.553518 0.561436 0.553111 0.5561 0.554224 0.5561 0.554224 0.561436 0.553111 0.561543 0.554335 0.5561 0.554224 0.561543 0.554335 0.555988 0.555156 0.555988 0.555156 0.561543 0.554335 0.555895 0.555869 0.555895 0.555869 0.561543 0.554335 0.561716 0.555969 0.447918 0.568278 0.442152 0.567697 0.448068 0.567706 0.448068 0.567706 0.442152 0.567697 0.448104 0.567554 0.448104 0.567554 0.442152 0.567697 0.442173 0.565862 0.448104 0.567554 0.442173 0.565862 0.448261 0.56674 0.442173 0.56389 0.448465 0.564869 0.442173 0.565862 0.442173 0.565862 0.448465 0.564869 0.448386 0.565833 0.442173 0.565862 0.448386 0.565833 0.448261 0.56674 0.448232 0.561529 0.448365 0.562185 0.442152 0.562145 0.442152 0.562145 0.448365 0.562185 0.448455 0.562987 0.442152 0.562145 0.448455 0.562987 0.442173 0.56389 0.442173 0.56389 0.448455 0.562987 0.44849 0.5639 0.442173 0.56389 0.44849 0.5639 0.448465 0.564869 0.564505 0.441174 0.564675 0.442023 0.559071 0.441589 0.559071 0.441589 0.564675 0.442023 0.564836 0.442862 0.559071 0.441589 0.564836 0.442862 0.559041 0.4435 0.559041 0.4435 0.564836 0.442862 0.564951 0.443507 0.559041 0.4435 0.564951 0.443507 0.55897 0.445028 0.55897 0.445028 0.564951 0.443507 0.564979 0.443668 0.55897 0.445028 0.564979 0.443668 0.565095 0.444412 0.547061 0.556574 0.548702 0.558218 0.54556 0.557855 0.54556 0.557855 0.548702 0.558218 0.547564 0.558807 0.54556 0.557855 0.547564 0.558807 0.544734 0.559647 0.544734 0.559647 0.547564 0.558807 0.546873 0.559885 0.544734 0.559647 0.546873 0.559885 0.544734 0.561621 0.544734 0.561621 0.546873 0.559885 0.546814 0.561165 0.544734 0.561621 0.546814 0.561165 0.54556 0.563413 0.54556 0.563413 0.546814 0.561165 0.547403 0.562303 0.54556 0.563413 0.547403 0.562303 0.547061 0.564696 0.547061 0.564696 0.547403 0.562303 0.548483 0.562995 0.547061 0.564696 0.548483 0.562995 0.548961 0.565233 0.548961 0.565233 0.548483 0.562995 0.549763 0.563054 0.548961 0.565233 0.549763 0.563054 0.550219 0.565134 0.547061 0.556574 0.548245 0.556138 0.548702 0.558218 0.548702 0.558218 0.548245 0.556138 0.549503 0.556039 0.548702 0.558218 0.549503 0.556039 0.549982 0.558277 0.549982 0.558277 0.549503 0.556039 0.551403 0.556576 0.549982 0.558277 0.551403 0.556576 0.551061 0.558969 0.551061 0.558969 0.551403 0.556576 0.552904 0.557859 0.551061 0.558969 0.552904 0.557859 0.55165 0.560107 0.55165 0.560107 0.552904 0.557859 0.55373 0.559651 0.55165 0.560107 0.55373 0.559651 0.551591 0.561387 0.551591 0.561387 0.55373 0.559651 0.55373 0.561625 0.551591 0.561387 0.55373 0.561625 0.5509 0.562465 0.5509 0.562465 0.55373 0.561625 0.552904 0.563417 0.5509 0.562465 0.552904 0.563417 0.549763 0.563054 0.549763 0.563054 0.552904 0.563417 0.551403 0.564698 0.549763 0.563054 0.551403 0.564698 0.550219 0.565134 0.559225 0.463902 0.56154 0.464081 0.559516 0.46515 0.559516 0.46515 0.56154 0.464081 0.56154 0.466055 0.559516 0.46515 0.56154 0.466055 0.559144 0.466377 0.559144 0.466377 0.56154 0.466055 0.560714 0.467849 0.559144 0.466377 0.560714 0.467849 0.558209 0.467253 0.558209 0.467253 0.560714 0.467849 0.559213 0.469131 0.558209 0.467253 0.559213 0.469131 0.556962 0.467544 0.556962 0.467544 0.559213 0.469131 0.557314 0.469668 0.556962 0.467544 0.557314 0.469668 0.555736 0.467173 0.555736 0.467173 0.557314 0.469668 0.555364 0.46936 0.555736 0.467173 0.555364 0.46936 0.55486 0.466238 0.556391 0.462682 0.556772 0.460472 0.557491 0.462635 0.557491 0.462635 0.556772 0.460472 0.558721 0.46078 0.557491 0.462635 0.558721 0.46078 0.558503 0.463071 0.558503 0.463071 0.558721 0.46078 0.560362 0.461876 0.558503 0.463071 0.560362 0.461876 0.559225 0.463902 0.559225 0.463902 0.560362 0.461876 0.561103 0.462897 0.559225 0.463902 0.561103 0.462897 0.56154 0.464081 0.555364 0.46936 0.553724 0.468264 0.55486 0.466238 0.55486 0.466238 0.553724 0.468264 0.552982 0.467243 0.55486 0.466238 0.552982 0.467243 0.55457 0.465175 0.55457 0.465175 0.552982 0.467243 0.552545 0.466059 0.55457 0.465175 0.552545 0.466059 0.55477 0.464091 0.55477 0.464091 0.552545 0.466059 0.552545 0.464085 0.55477 0.464091 0.552545 0.464085 0.55542 0.463202 0.55542 0.463202 0.552545 0.464085 0.553371 0.462291 0.55542 0.463202 0.553371 0.462291 0.556391 0.462682 0.556391 0.462682 0.553371 0.462291 0.554872 0.461009 0.556391 0.462682 0.554872 0.461009 0.556772 0.460472 0.426785 0.498025 0.428129 0.499123 0.424943 0.499522 0.431091 0.497487 0.430836 0.497657 0.426785 0.498025 0.426785 0.498025 0.430836 0.497657 0.430336 0.498068 0.429595 0.498933 0.428129 0.499123 0.429682 0.49881 0.429682 0.49881 0.428129 0.499123 0.426785 0.498025 0.429682 0.49881 0.426785 0.498025 0.430098 0.498306 0.430098 0.498306 0.426785 0.498025 0.430336 0.498068 0.421769 0.499918 0.422447 0.498562 0.424943 0.499522 0.424943 0.499522 0.422447 0.498562 0.425704 0.498159 0.424943 0.499522 0.425704 0.498159 0.426785 0.498025 0.418749 0.500259 0.418722 0.499892 0.421769 0.499918 0.421769 0.499918 0.418722 0.499892 0.418675 0.499025 0.421769 0.499918 0.418675 0.499025 0.422447 0.498562 0.418857 0.501383 0.418785 0.500694 0.42513 0.500646 0.42513 0.500646 0.418785 0.500694 0.418751 0.500293 0.429595 0.498933 0.429528 0.499033 0.428129 0.499123 0.428129 0.499123 0.429528 0.499033 0.429121 0.49977 0.428129 0.499123 0.429121 0.49977 0.424943 0.499522 0.424943 0.499522 0.429121 0.49977 0.42513 0.500646 0.424943 0.499522 0.42513 0.500646 0.421769 0.499918 0.421769 0.499918 0.42513 0.500646 0.418751 0.500293 0.421769 0.499918 0.418751 0.500293 0.418749 0.500259 0.418899 0.501713 0.418857 0.501383 0.423857 0.501094 0.423857 0.501094 0.418857 0.501383 0.42513 0.500646 0.423857 0.501094 0.42513 0.500646 0.428851 0.500469 0.428851 0.500469 0.42513 0.500646 0.429121 0.49977 0.479809 0.502702 0.479876 0.516077 0.479642 0.516089 0.479809 0.502702 0.479642 0.516089 0.479586 0.502684 0.479586 0.502684 0.479642 0.516089 0.479457 0.516119 0.479586 0.502684 0.479457 0.516119 0.47939 0.502631 0.524791 0.519134 0.524764 0.519046 0.53847 0.519025 0.53847 0.519025 0.524764 0.519046 0.52473 0.518934 0.53847 0.519025 0.52473 0.518934 0.538497 0.518933 0.53847 0.519025 0.538438 0.519132 0.524791 0.519134 0.524791 0.519134 0.538438 0.519132 0.538398 0.519272 0.524791 0.519134 0.538398 0.519272 0.524837 0.519284 0.538398 0.519272 0.538378 0.519344 0.524837 0.519284 0.480274 0.502612 0.480288 0.516113 0.480138 0.51609 0.480274 0.502612 0.480138 0.51609 0.480072 0.502676 0.480072 0.502676 0.480138 0.51609 0.479876 0.516077 0.480072 0.502676 0.479876 0.516077 0.479809 0.502702 0.544543 0.470817 0.538497 0.518933 0.518722 0.47082 0.518722 0.47082 0.538497 0.518933 0.52473 0.518934 0.546182 0.530667 0.546668 0.530623 0.546848 0.556007 0.546848 0.556007 0.546513 0.556011 0.546182 0.530667 0.546182 0.530667 0.546513 0.556011 0.546321 0.556016 0.546182 0.530667 0.546321 0.556016 0.545765 0.530795 0.546321 0.556016 0.54594 0.556033 0.545765 0.530795 0.518546 0.469933 0.544734 0.469933 0.544642 0.470346 0.518546 0.469933 0.544642 0.470346 0.518625 0.47034 0.518625 0.47034 0.544642 0.470346 0.544543 0.470817 0.518625 0.47034 0.544543 0.470817 0.518722 0.47082 0.484295 0.431556 0.483892 0.431642 0.48151 0.422508 0.483892 0.431642 0.483532 0.431843 0.48151 0.422508 0.48151 0.422508 0.483532 0.431843 0.483248 0.432146 0.48151 0.422508 0.483248 0.432146 0.483066 0.432521 0.48151 0.422508 0.483412 0.424593 0.484295 0.431556 0.484295 0.431556 0.483412 0.424593 0.485313 0.426679 0.484295 0.431556 0.485313 0.426679 0.484708 0.431594 0.484708 0.431594 0.485313 0.426679 0.485858 0.427335 0.484708 0.431594 0.485858 0.427335 0.485091 0.431753 0.483613 0.482605 0.484289 0.483059 0.48151 0.501377 0.48151 0.501377 0.484289 0.483059 0.485074 0.48322 0.48151 0.501377 0.485074 0.48322 0.496777 0.501473 0.496777 0.501473 0.485074 0.48322 0.48997 0.483251 0.496777 0.501473 0.48997 0.483251 0.497435 0.500634 0.497435 0.500634 0.48997 0.483251 0.491024 0.483026 0.497435 0.500634 0.491024 0.483026 0.498093 0.499795 0.498093 0.499795 0.491024 0.483026 0.498407 0.499162 0.483066 0.432521 0.483005 0.432929 0.48151 0.422508 0.48151 0.422508 0.483005 0.432929 0.483005 0.481131 0.48151 0.422508 0.483005 0.481131 0.48151 0.501377 0.48151 0.501377 0.483005 0.481131 0.483161 0.481921 0.48151 0.501377 0.483161 0.481921 0.483613 0.482605 0.498407 0.499162 0.491024 0.483026 0.498443 0.498456 0.498443 0.498456 0.491024 0.483026 0.491496 0.482746 0.498443 0.498456 0.491496 0.482746 0.491895 0.482372 0.491895 0.482372 0.493959 0.479956 0.498443 0.498456 0.498443 0.498456 0.493959 0.479956 0.494469 0.479002 0.498443 0.498456 0.494469 0.479002 0.49447 0.478996 0.487816 0.431922 0.487173 0.433952 0.487395 0.430214 0.487395 0.430214 0.487173 0.433952 0.4854 0.432007 0.487395 0.430214 0.4854 0.432007 0.48712 0.429499 0.48712 0.429499 0.4854 0.432007 0.485091 0.431753 0.48712 0.429499 0.485091 0.431753 0.486533 0.428338 0.486533 0.428338 0.485091 0.431753 0.485858 0.427335 0.494532 0.477912 0.487693 0.435032 0.487816 0.431922 0.487816 0.431922 0.487693 0.435032 0.487512 0.434455 0.487816 0.431922 0.487512 0.434455 0.487173 0.433952 0.49447 0.478996 0.49456 0.47845 0.498443 0.498456 0.498443 0.498456 0.49456 0.47845 0.494532 0.477912 0.498443 0.498456 0.494532 0.477912 0.493248 0.465917 0.493248 0.465917 0.494532 0.477912 0.487816 0.431922 0.493389 0.479353 0.493959 0.479956 0.491324 0.481769 0.491324 0.481769 0.493959 0.479956 0.491895 0.482372 0.51871 0.420814 0.544817 0.420558 0.519106 0.423235 0.519106 0.423235 0.544817 0.420558 0.544606 0.422985 0.519106 0.423235 0.544606 0.422985 0.544572 0.423208 0.519106 0.423235 0.544572 0.423208 0.519243 0.423886 0.519243 0.423886 0.544572 0.423208 0.544482 0.423773 0.519243 0.423886 0.544482 0.423773 0.519318 0.424261 0.519318 0.424261 0.544482 0.423773 0.544377 0.424381 0.519318 0.424261 0.544377 0.424381 0.519388 0.424627 0.524935 0.467348 0.539215 0.467208 0.539142 0.467568 0.524935 0.467348 0.539142 0.467568 0.525007 0.467699 0.525007 0.467699 0.539142 0.467568 0.539077 0.467867 0.525007 0.467699 0.539077 0.467867 0.525066 0.468004 0.48594 0.533399 0.489758 0.532956 0.489852 0.543083 0.481609 0.534801 0.481701 0.534389 0.481916 0.534119 0.481916 0.534119 0.482145 0.534015 0.481609 0.534801 0.481609 0.534801 0.482145 0.534015 0.48594 0.533399 0.481609 0.534801 0.48594 0.533399 0.481752 0.550085 0.481752 0.550085 0.48594 0.533399 0.489852 0.543083 0.481752 0.550085 0.489852 0.543083 0.489917 0.54999 0.471676 0.501579 0.479863 0.501799 0.479848 0.502239 0.471676 0.501579 0.479848 0.502239 0.47166 0.502059 0.47166 0.502059 0.479848 0.502239 0.47983 0.502612 0.47166 0.502059 0.47983 0.502612 0.471639 0.502458 0.489901 0.550724 0.481731 0.55089 0.481749 0.550523 0.489901 0.550724 0.481749 0.550523 0.489916 0.550286 0.489916 0.550286 0.481749 0.550523 0.481752 0.550085 0.489916 0.550286 0.481752 0.550085 0.489917 0.54999 0.458423 0.486906 0.458226 0.487969 0.454655 0.501121 0.454655 0.501121 0.458226 0.487969 0.457854 0.501783 0.454655 0.501121 0.457854 0.501783 0.45464 0.501696 0.472125 0.42281 0.470685 0.485508 0.469736 0.484991 0.46177 0.484608 0.460699 0.484748 0.461654 0.422529 0.461654 0.422529 0.460699 0.484748 0.459724 0.485213 0.454655 0.501121 0.449683 0.500987 0.458423 0.486906 0.458423 0.486906 0.449683 0.500987 0.461654 0.422529 0.458423 0.486906 0.461654 0.422529 0.458939 0.485956 0.458939 0.485956 0.461654 0.422529 0.459724 0.485213 0.471676 0.501579 0.472032 0.48834 0.479863 0.501799 0.479863 0.501799 0.472032 0.48834 0.471892 0.487268 0.479863 0.501799 0.471892 0.487268 0.472125 0.42281 0.472125 0.42281 0.471892 0.487268 0.471428 0.486292 0.472125 0.42281 0.471428 0.486292 0.470685 0.485508 0.462224 0.421773 0.463881 0.421546 0.468674 0.484793 0.468674 0.484793 0.463881 0.421546 0.465086 0.421453 0.461779 0.422147 0.462016 0.421864 0.461654 0.422529 0.461654 0.422529 0.462016 0.421864 0.462224 0.421773 0.461654 0.422529 0.462224 0.421773 0.46177 0.484608 0.46177 0.484608 0.462224 0.421773 0.468674 0.484793 0.465086 0.421453 0.467724 0.421466 0.468674 0.484793 0.468674 0.484793 0.467724 0.421466 0.468378 0.421515 0.468674 0.484793 0.468378 0.421515 0.471596 0.422025 0.471754 0.422094 0.471965 0.42232 0.471596 0.422025 0.471596 0.422025 0.471965 0.42232 0.472125 0.42281 0.471596 0.422025 0.472125 0.42281 0.468674 0.484793 0.468674 0.484793 0.472125 0.42281 0.469736 0.484991 0.472032 0.48834 0.471676 0.501579 0.471527 0.501574 0.472032 0.48834 0.471527 0.501574 0.471589 0.488328 0.471527 0.501574 0.471233 0.501567 0.471589 0.488328 0.471589 0.488328 0.471233 0.501567 0.470852 0.501556 0.471589 0.488328 0.470852 0.501556 0.471208 0.488318 0.527418 0.545468 0.527457 0.558649 0.527094 0.558624 0.527418 0.545468 0.527094 0.558624 0.527055 0.545443 0.527055 0.545443 0.527094 0.558624 0.526658 0.558615 0.527055 0.545443 0.526658 0.558615 0.526618 0.545434 0.472032 0.48834 0.471589 0.488328 0.471467 0.487393 0.471589 0.488328 0.471208 0.488318 0.4711 0.487499 0.527418 0.545468 0.527055 0.545443 0.527058 0.544697 0.527055 0.545443 0.526618 0.545434 0.526621 0.544715 0.527055 0.545443 0.526621 0.544715 0.527058 0.544697 0.527058 0.544697 0.526621 0.544715 0.526623 0.54454 0.527058 0.544697 0.526623 0.54454 0.52707 0.544 0.526623 0.54454 0.526633 0.544044 0.52707 0.544 0.52707 0.544 0.526633 0.544044 0.526653 0.543488 0.52707 0.544 0.526653 0.543488 0.52709 0.543422 0.472664 0.563991 0.472225 0.563933 0.472216 0.56332 0.472664 0.563991 0.472216 0.56332 0.472654 0.563355 0.472654 0.563355 0.472216 0.56332 0.472213 0.562621 0.472654 0.563355 0.472213 0.562621 0.472651 0.562629 0.527418 0.545468 0.527058 0.544697 0.527421 0.544643 0.527421 0.544643 0.527058 0.544697 0.52707 0.544 0.527421 0.544643 0.52707 0.544 0.527434 0.543874 0.527434 0.543874 0.52707 0.544 0.52709 0.543422 0.527434 0.543874 0.52709 0.543422 0.527457 0.543236 0.473031 0.564155 0.472664 0.563991 0.472654 0.563355 0.473031 0.564155 0.472654 0.563355 0.473021 0.563453 0.473021 0.563453 0.472654 0.563355 0.472651 0.562629 0.473021 0.563453 0.472651 0.562629 0.473017 0.562651 0.471589 0.488328 0.4711 0.487499 0.471467 0.487393 0.471467 0.487393 0.4711 0.487499 0.470746 0.486753 0.471467 0.487393 0.470746 0.486753 0.471062 0.486541 0.471062 0.486541 0.470746 0.486753 0.470178 0.486153 0.471062 0.486541 0.470178 0.486153 0.470413 0.485857 0.470413 0.485857 0.470178 0.486153 0.469452 0.485758 0.470413 0.485857 0.469452 0.485758 0.469585 0.485406 0.469585 0.485406 0.469452 0.485758 0.46864 0.485607 0.469585 0.485406 0.46864 0.485607 0.468659 0.485234 0.472032 0.48834 0.471467 0.487393 0.471892 0.487268 0.471892 0.487268 0.471467 0.487393 0.471062 0.486541 0.471892 0.487268 0.471062 0.486541 0.471428 0.486292 0.471428 0.486292 0.471062 0.486541 0.470413 0.485857 0.471428 0.486292 0.470413 0.485857 0.470685 0.485508 0.470685 0.485508 0.470413 0.485857 0.469585 0.485406 0.470685 0.485508 0.469585 0.485406 0.469736 0.484991 0.469736 0.484991 0.469585 0.485406 0.468659 0.485234 0.469736 0.484991 0.468659 0.485234 0.468674 0.484793 0.472213 0.559178 0.472213 0.555735 0.472651 0.555744 0.472651 0.562629 0.473017 0.555765 0.473017 0.562651 0.46864 0.485607 0.461737 0.485422 0.461755 0.485048 0.46864 0.485607 0.461755 0.485048 0.468659 0.485234 0.468659 0.485234 0.461755 0.485048 0.46177 0.484608 0.468659 0.485234 0.46177 0.484608 0.468674 0.484793 0.472213 0.562621 0.472213 0.559178 0.472651 0.562629 0.472651 0.562629 0.472213 0.559178 0.472651 0.555744 0.472651 0.562629 0.472651 0.555744 0.473017 0.555765 0.46177 0.484608 0.461755 0.485048 0.460821 0.485171 0.461755 0.485048 0.461737 0.485422 0.460918 0.485529 0.472651 0.555744 0.472213 0.555735 0.472216 0.555017 0.473017 0.555765 0.472651 0.555744 0.472654 0.554998 0.472654 0.554998 0.472651 0.555744 0.472216 0.555017 0.472654 0.554998 0.472216 0.555017 0.472664 0.554305 0.472664 0.554305 0.472216 0.555017 0.472221 0.554562 0.472221 0.554562 0.472225 0.554349 0.472664 0.554305 0.472664 0.554305 0.472225 0.554349 0.47224 0.553799 0.472664 0.554305 0.47224 0.553799 0.472679 0.553734 0.442656 0.545866 0.443092 0.545939 0.443099 0.546105 0.442656 0.545866 0.443099 0.546105 0.442675 0.546435 0.443099 0.546105 0.44311 0.546487 0.442675 0.546435 0.442675 0.546435 0.44311 0.546487 0.443116 0.547152 0.442675 0.546435 0.443116 0.547152 0.442681 0.547125 0.473017 0.555765 0.472654 0.554998 0.473021 0.554941 0.473021 0.554941 0.472654 0.554998 0.472664 0.554305 0.473021 0.554941 0.472664 0.554305 0.473031 0.554177 0.473031 0.554177 0.472664 0.554305 0.472679 0.553734 0.473031 0.554177 0.472679 0.553734 0.473048 0.553545 0.442295 0.545671 0.442656 0.545866 0.442675 0.546435 0.442295 0.545671 0.442675 0.546435 0.442316 0.546299 0.442316 0.546299 0.442675 0.546435 0.442681 0.547125 0.442316 0.546299 0.442681 0.547125 0.442322 0.547062 0.461755 0.485048 0.460918 0.485529 0.460821 0.485171 0.460821 0.485171 0.460918 0.485529 0.460173 0.485884 0.460821 0.485171 0.460173 0.485884 0.45997 0.485576 0.45997 0.485576 0.460173 0.485884 0.459574 0.486452 0.45997 0.485576 0.459574 0.486452 0.459286 0.486225 0.459286 0.486225 0.459574 0.486452 0.459179 0.487178 0.459286 0.486225 0.459179 0.487178 0.458835 0.487053 0.458835 0.487053 0.459179 0.487178 0.459028 0.48799 0.458835 0.487053 0.459028 0.48799 0.458663 0.48798 0.46177 0.484608 0.460821 0.485171 0.460699 0.484748 0.460699 0.484748 0.460821 0.485171 0.45997 0.485576 0.460699 0.484748 0.45997 0.485576 0.459724 0.485213 0.459724 0.485213 0.45997 0.485576 0.459286 0.486225 0.459724 0.485213 0.459286 0.486225 0.458939 0.485956 0.458939 0.485956 0.459286 0.486225 0.458835 0.487053 0.458939 0.485956 0.458835 0.487053 0.458423 0.486906 0.458423 0.486906 0.458835 0.487053 0.458663 0.48798 0.458423 0.486906 0.458663 0.48798 0.458226 0.487969 0.457854 0.501783 0.458226 0.487969 0.458663 0.48798 0.457854 0.501783 0.458663 0.48798 0.458309 0.501795 0.458309 0.501795 0.458663 0.48798 0.459028 0.48799 0.458309 0.501795 0.459028 0.48799 0.458682 0.501805 0.44233 0.560503 0.442322 0.547062 0.442681 0.547125 0.44233 0.560503 0.442681 0.547125 0.442715 0.560565 0.442715 0.560565 0.442681 0.547125 0.443116 0.547152 0.442715 0.560565 0.443116 0.547152 0.443097 0.560587 0.441237 0.546475 0.441245 0.546037 0.441419 0.546073 0.441237 0.546475 0.441658 0.546328 0.441684 0.546477 0.442748 0.560975 0.443102 0.560995 0.443116 0.5613 0.442715 0.560565 0.443097 0.560587 0.443102 0.560995 0.44203 0.546209 0.441565 0.546176 0.441858 0.545927 0.441858 0.545927 0.441565 0.546176 0.441419 0.546073 0.441858 0.545927 0.441419 0.546073 0.441588 0.545737 0.441588 0.545737 0.441419 0.546073 0.441245 0.546037 0.441588 0.545737 0.441245 0.546037 0.441265 0.545671 0.443116 0.5613 0.442845 0.561284 0.442748 0.560975 0.442295 0.546135 0.44203 0.546209 0.441858 0.545927 0.442295 0.546135 0.441858 0.545927 0.442071 0.545767 0.458605 0.502244 0.458407 0.502612 0.458143 0.502605 0.458605 0.502244 0.458143 0.502605 0.45826 0.502235 0.45826 0.502235 0.458143 0.502605 0.457821 0.502597 0.45826 0.502235 0.457821 0.502597 0.45784 0.502223 0.443102 0.560995 0.442748 0.560975 0.442715 0.560565 0.442715 0.560565 0.442748 0.560975 0.442393 0.560917 0.442715 0.560565 0.442393 0.560917 0.44233 0.560503 0.458682 0.501805 0.458605 0.502244 0.45826 0.502235 0.458682 0.501805 0.45826 0.502235 0.458309 0.501795 0.458309 0.501795 0.45826 0.502235 0.45784 0.502223 0.458309 0.501795 0.45784 0.502223 0.457854 0.501783 0.441565 0.546176 0.441237 0.546475 0.441419 0.546073 0.442077 0.546483 0.441684 0.546477 0.44203 0.546209 0.44203 0.546209 0.441684 0.546477 0.441658 0.546328 0.44203 0.546209 0.441658 0.546328 0.441565 0.546176 0.441565 0.546176 0.441658 0.546328 0.441237 0.546475 0.489852 0.543083 0.490247 0.54308 0.49027 0.543479 0.49031 0.543692 0.490247 0.543615 0.49027 0.543479 0.49027 0.543479 0.490247 0.543615 0.490138 0.543474 0.49027 0.543479 0.490138 0.543474 0.489852 0.543083 0.464756 0.547358 0.464991 0.547653 0.464696 0.548029 0.464696 0.548029 0.464409 0.547731 0.464756 0.547358 0.464756 0.547358 0.464409 0.547731 0.463834 0.547822 0.464756 0.547358 0.463834 0.547822 0.464642 0.547074 0.463455 0.54909 0.463622 0.548228 0.463843 0.54909 0.463843 0.54909 0.463622 0.548228 0.463962 0.548424 0.463843 0.54909 0.463962 0.548424 0.464254 0.54909 0.464254 0.54909 0.463962 0.548424 0.464347 0.54857 0.556423 0.540184 0.55594 0.540212 0.556472 0.53978 0.55594 0.540212 0.556077 0.539803 0.556472 0.53978 0.556472 0.53978 0.556077 0.539803 0.556104 0.539405 0.556472 0.53978 0.556104 0.539405 0.556476 0.539383 0.490247 0.54308 0.490688 0.543083 0.49027 0.543479 0.49027 0.543479 0.490688 0.543083 0.490738 0.543481 0.49027 0.543479 0.490738 0.543481 0.49031 0.543692 0.49031 0.543692 0.490738 0.543481 0.490914 0.543891 0.465277 0.547841 0.464696 0.548029 0.465109 0.547746 0.465109 0.547746 0.464696 0.548029 0.464991 0.547653 0.555762 0.539436 0.556104 0.539405 0.555714 0.539836 0.555714 0.539836 0.556104 0.539405 0.556077 0.539803 0.555714 0.539836 0.556077 0.539803 0.555497 0.540252 0.555497 0.540252 0.556077 0.539803 0.55594 0.540212 0.464696 0.548029 0.464347 0.54857 0.464409 0.547731 0.464409 0.547731 0.464347 0.54857 0.463962 0.548424 0.464409 0.547731 0.463962 0.548424 0.463834 0.547822 0.463834 0.547822 0.463962 0.548424 0.463622 0.548228 0.526618 0.545434 0.526658 0.558615 0.520865 0.545428 0.520865 0.545428 0.526658 0.558615 0.520905 0.558609 0.466457 0.562607 0.472213 0.562621 0.472216 0.56332 0.466457 0.562607 0.472216 0.56332 0.466462 0.56347 0.466462 0.56347 0.472216 0.56332 0.472225 0.563933 0.466462 0.56347 0.472225 0.563933 0.466476 0.564173 0.520889 0.543741 0.526653 0.543488 0.526633 0.544044 0.520889 0.543741 0.526633 0.544044 0.52087 0.544534 0.526618 0.545434 0.520865 0.545428 0.526621 0.544715 0.526621 0.544715 0.520865 0.545428 0.52087 0.544534 0.526621 0.544715 0.52087 0.544534 0.526623 0.54454 0.526623 0.54454 0.52087 0.544534 0.526633 0.544044 0.466457 0.559164 0.472213 0.559178 0.466457 0.562607 0.466457 0.562607 0.472213 0.559178 0.472213 0.562621 0.466457 0.555722 0.472213 0.555735 0.466457 0.559164 0.466457 0.559164 0.472213 0.555735 0.472213 0.559178 0.443116 0.547152 0.44311 0.546487 0.448864 0.547238 0.448864 0.547238 0.44311 0.546487 0.448848 0.546191 0.472225 0.554349 0.466466 0.554548 0.47224 0.553799 0.47224 0.553799 0.466466 0.554548 0.46649 0.553637 0.443092 0.545939 0.448848 0.546191 0.443099 0.546105 0.443099 0.546105 0.448848 0.546191 0.44311 0.546487 0.472213 0.555735 0.466457 0.555722 0.472216 0.555017 0.472216 0.555017 0.466457 0.555722 0.466466 0.554548 0.472216 0.555017 0.466466 0.554548 0.472221 0.554562 0.472221 0.554562 0.466466 0.554548 0.472225 0.554349 0.448846 0.560672 0.443097 0.560587 0.448864 0.547238 0.448864 0.547238 0.443097 0.560587 0.443116 0.547152 0.443097 0.560587 0.448846 0.560672 0.44885 0.56108 0.443097 0.560587 0.44885 0.56108 0.443102 0.560995 0.443102 0.560995 0.44885 0.56108 0.448864 0.561385 0.443102 0.560995 0.448864 0.561385 0.443116 0.5613 0.442077 0.546483 0.442077 0.552238 0.441684 0.552232 0.442077 0.546483 0.441684 0.552232 0.441684 0.546477 0.441684 0.546477 0.441684 0.552232 0.441237 0.552231 0.441684 0.546477 0.441237 0.552231 0.441237 0.546475 0.44988 0.548514 0.44988 0.553696 0.449299 0.548514 0.449299 0.548514 0.44988 0.553696 0.449437 0.553696 0.449437 0.553696 0.449299 0.553696 0.449299 0.548514 0.449299 0.548514 0.449299 0.553696 0.449055 0.553696 0.449299 0.548514 0.449055 0.553696 0.448864 0.548514 0.551704 0.451738 0.546555 0.451445 0.551739 0.451303 0.551739 0.451303 0.546555 0.451445 0.546604 0.450878 0.551739 0.451303 0.546604 0.450878 0.551754 0.451172 0.551754 0.451172 0.546604 0.450878 0.551786 0.450942 0.460088 0.550658 0.460994 0.549752 0.463455 0.553696 0.453404 0.532391 0.454247 0.531548 0.455398 0.53124 0.463455 0.553696 0.460994 0.549752 0.463455 0.54909 0.463455 0.54909 0.460994 0.549752 0.461325 0.548514 0.463455 0.54909 0.461325 0.548514 0.463622 0.548228 0.460088 0.550658 0.463455 0.553696 0.458851 0.55099 0.458851 0.55099 0.463455 0.553696 0.44988 0.553696 0.458851 0.55099 0.44988 0.553696 0.457613 0.550658 0.44988 0.553696 0.44988 0.548514 0.451945 0.548514 0.46443 0.532661 0.464606 0.533543 0.463931 0.531914 0.463931 0.531914 0.464606 0.533543 0.460994 0.53576 0.457613 0.539142 0.453008 0.547803 0.456708 0.538236 0.456708 0.538236 0.453008 0.547803 0.453096 0.547362 0.456708 0.538236 0.453096 0.547362 0.456376 0.536998 0.456376 0.536998 0.453096 0.547362 0.453096 0.533543 0.456376 0.536998 0.453096 0.533543 0.456708 0.53576 0.456708 0.53576 0.453096 0.533543 0.457613 0.534854 0.457613 0.550658 0.44988 0.553696 0.456708 0.549752 0.456708 0.549752 0.44988 0.553696 0.451945 0.548514 0.456708 0.549752 0.451945 0.548514 0.456376 0.548514 0.463622 0.548228 0.461325 0.548514 0.463834 0.547822 0.463834 0.547822 0.461325 0.548514 0.46108 0.547439 0.463834 0.547822 0.46108 0.547439 0.464642 0.547074 0.464642 0.547074 0.46108 0.547439 0.460088 0.539142 0.464642 0.547074 0.460088 0.539142 0.464606 0.546786 0.464606 0.546786 0.460088 0.539142 0.460994 0.538236 0.464606 0.546786 0.460994 0.538236 0.464606 0.533543 0.464606 0.533543 0.460994 0.538236 0.461325 0.536998 0.464606 0.533543 0.461325 0.536998 0.460994 0.53576 0.453096 0.533543 0.453404 0.532391 0.457613 0.534854 0.457613 0.534854 0.453404 0.532391 0.455398 0.53124 0.457613 0.534854 0.455398 0.53124 0.458851 0.534522 0.458851 0.534522 0.455398 0.53124 0.458851 0.53124 0.458851 0.534522 0.458851 0.53124 0.460088 0.534854 0.460088 0.534854 0.458851 0.53124 0.462304 0.53124 0.460088 0.534854 0.462304 0.53124 0.460994 0.53576 0.460994 0.53576 0.462304 0.53124 0.463184 0.531415 0.460994 0.53576 0.463184 0.531415 0.463931 0.531914 0.451945 0.548514 0.452385 0.548426 0.456376 0.548514 0.456376 0.548514 0.452385 0.548426 0.452759 0.548176 0.456376 0.548514 0.452759 0.548176 0.456621 0.547439 0.456621 0.547439 0.452759 0.548176 0.453008 0.547803 0.456621 0.547439 0.453008 0.547803 0.457308 0.546578 0.457308 0.546578 0.453008 0.547803 0.457613 0.539142 0.457308 0.546578 0.457613 0.539142 0.4583 0.5461 0.4583 0.5461 0.457613 0.539142 0.458851 0.539474 0.4583 0.5461 0.458851 0.539474 0.459401 0.5461 0.459401 0.5461 0.458851 0.539474 0.460088 0.539142 0.459401 0.5461 0.460088 0.539142 0.460394 0.546578 0.460394 0.546578 0.460088 0.539142 0.46108 0.547439 0.560943 0.539609 0.560956 0.539841 0.560897 0.53997 0.560952 0.539322 0.560949 0.539173 0.561315 0.539152 0.560956 0.539841 0.560943 0.539609 0.561191 0.539675 0.561191 0.539675 0.560943 0.539609 0.560952 0.539322 0.561191 0.539675 0.560952 0.539322 0.561345 0.539431 0.561345 0.539431 0.560952 0.539322 0.561315 0.539152 0.561345 0.539431 0.561315 0.539152 0.561392 0.539147 0.464022 0.553948 0.463892 0.553696 0.464257 0.553696 0.463564 0.554114 0.463455 0.553696 0.463892 0.553696 0.463892 0.553696 0.464022 0.553948 0.463564 0.554114 0.463564 0.554114 0.464022 0.553948 0.464103 0.554278 0.463564 0.554114 0.464103 0.554278 0.463653 0.554479 0.534887 0.557773 0.534815 0.558243 0.534483 0.558291 0.534887 0.557773 0.534483 0.558291 0.53452 0.557826 0.53452 0.557826 0.534483 0.558291 0.534085 0.558313 0.53452 0.557826 0.534085 0.558313 0.53408 0.557851 0.464257 0.553696 0.464366 0.553734 0.464022 0.553948 0.464022 0.553948 0.464366 0.553734 0.464423 0.553967 0.464022 0.553948 0.464423 0.553967 0.464103 0.554278 0.561423 0.539863 0.561191 0.539675 0.561345 0.539431 0.561423 0.539863 0.561345 0.539431 0.561641 0.539517 0.534483 0.558291 0.534362 0.558634 0.534081 0.55865 0.534483 0.558291 0.534081 0.55865 0.534085 0.558313 0.463455 0.553696 0.463564 0.554114 0.463452 0.554137 0.463452 0.554137 0.463564 0.554114 0.463653 0.554479 0.463452 0.554137 0.463653 0.554479 0.463443 0.55451 0.534879 0.557562 0.534887 0.557773 0.53452 0.557826 0.534879 0.557562 0.53452 0.557826 0.534512 0.557549 0.534512 0.557549 0.53452 0.557826 0.53408 0.557851 0.534512 0.557549 0.53408 0.557851 0.534074 0.557551 0.560819 0.535266 0.560949 0.539173 0.556476 0.539383 0.556192 0.530854 0.559869 0.533469 0.556476 0.539383 0.556476 0.539383 0.559869 0.533469 0.560251 0.533815 0.560251 0.533815 0.56055 0.53425 0.556476 0.539383 0.556476 0.539383 0.56055 0.53425 0.560743 0.534746 0.556476 0.539383 0.560743 0.534746 0.560819 0.535266 0.530161 0.557634 0.534074 0.557551 0.53408 0.557851 0.530161 0.557634 0.53408 0.557851 0.530169 0.55808 0.530169 0.55808 0.53408 0.557851 0.534085 0.558313 0.530169 0.55808 0.534085 0.558313 0.530171 0.558474 0.530171 0.558474 0.534085 0.558313 0.534081 0.55865 0.56153 0.535213 0.561392 0.539147 0.561226 0.535242 0.561392 0.539147 0.561315 0.539152 0.561226 0.535242 0.561226 0.535242 0.561315 0.539152 0.560949 0.539173 0.561226 0.535242 0.560949 0.539173 0.560819 0.535266 0.560251 0.533815 0.559869 0.533469 0.560088 0.533112 0.527927 0.55779 0.528612 0.557726 0.527999 0.558221 0.527999 0.558221 0.528612 0.557726 0.528663 0.558163 0.527999 0.558221 0.528663 0.558163 0.528163 0.558592 0.528163 0.558592 0.528663 0.558163 0.528777 0.558541 0.560754 0.533261 0.56116 0.533846 0.560543 0.533521 0.560543 0.533521 0.56116 0.533846 0.560901 0.534036 0.528612 0.557726 0.529376 0.557673 0.528663 0.558163 0.528663 0.558163 0.529376 0.557673 0.529404 0.558115 0.528663 0.558163 0.529404 0.558115 0.528777 0.558541 0.528777 0.558541 0.529404 0.558115 0.529463 0.558501 0.56116 0.533846 0.561424 0.534513 0.560901 0.534036 0.560901 0.534036 0.561424 0.534513 0.561133 0.534624 0.561226 0.535242 0.561133 0.534624 0.56153 0.535213 0.56153 0.535213 0.561133 0.534624 0.561424 0.534513 0.530171 0.558474 0.529463 0.558501 0.530169 0.55808 0.530169 0.55808 0.529463 0.558501 0.529404 0.558115 0.530169 0.55808 0.529404 0.558115 0.530161 0.557634 0.530161 0.557634 0.529404 0.558115 0.529376 0.557673 0.42972 0.50778 0.429814 0.508359 0.429293 0.507774 0.429293 0.507774 0.429814 0.508359 0.429382 0.508338 0.527457 0.558286 0.527999 0.558221 0.527663 0.55865 0.527663 0.55865 0.527999 0.558221 0.528163 0.558592 0.560238 0.532799 0.560754 0.533261 0.560088 0.533112 0.560088 0.533112 0.560754 0.533261 0.560543 0.533521 0.560088 0.533112 0.560543 0.533521 0.560251 0.533815 0.560251 0.533815 0.560543 0.533521 0.560901 0.534036 0.560251 0.533815 0.560901 0.534036 0.56055 0.53425 0.56055 0.53425 0.560901 0.534036 0.561133 0.534624 0.56055 0.53425 0.561133 0.534624 0.560743 0.534746 0.560743 0.534746 0.561133 0.534624 0.561226 0.535242 0.560743 0.534746 0.561226 0.535242 0.560819 0.535266 0.551926 0.455307 0.551488 0.455279 0.551704 0.451738 0.551704 0.451738 0.55215 0.451768 0.551926 0.455307 0.551926 0.455307 0.55215 0.451768 0.552545 0.451801 0.551926 0.455307 0.552545 0.451801 0.552325 0.45534 0.530178 0.54331 0.533726 0.543238 0.533741 0.543589 0.530178 0.54331 0.533741 0.543589 0.530193 0.543662 0.530193 0.543662 0.533741 0.543589 0.533754 0.54402 0.530193 0.543662 0.533754 0.54402 0.530206 0.544096 0.534074 0.557551 0.530161 0.557634 0.530158 0.557589 0.530158 0.557589 0.529956 0.554231 0.534074 0.557551 0.534074 0.557551 0.529956 0.554231 0.529898 0.550822 0.534074 0.557551 0.529898 0.550822 0.533754 0.54402 0.533754 0.54402 0.529898 0.550822 0.529984 0.547415 0.533754 0.54402 0.529984 0.547415 0.530206 0.544096 0.442787 0.49871 0.441973 0.498813 0.441428 0.498593 0.436651 0.498045 0.436543 0.497954 0.438725 0.49652 0.438725 0.49652 0.436543 0.497954 0.435752 0.497411 0.438725 0.49652 0.435752 0.497411 0.43484 0.497014 0.441315 0.497459 0.441428 0.498593 0.43812 0.497865 0.43812 0.497865 0.441428 0.498593 0.437146 0.498528 0.441973 0.498813 0.437778 0.499345 0.441428 0.498593 0.441428 0.498593 0.437778 0.499345 0.437642 0.499146 0.441428 0.498593 0.437642 0.499146 0.437146 0.498528 0.447771 0.498076 0.442787 0.49871 0.447687 0.497532 0.447687 0.497532 0.442787 0.49871 0.441428 0.498593 0.447687 0.497532 0.441428 0.498593 0.447561 0.496799 0.447561 0.496799 0.441428 0.498593 0.441315 0.497459 0.504763 0.500046 0.504763 0.50635 0.504692 0.503139 0.441315 0.497459 0.443042 0.495968 0.444502 0.497054 0.444502 0.497054 0.443042 0.495968 0.447297 0.495419 0.444502 0.497054 0.447297 0.495419 0.447465 0.496275 0.447465 0.496275 0.447532 0.496634 0.444502 0.497054 0.444502 0.497054 0.447532 0.496634 0.447538 0.496667 0.444502 0.497054 0.447538 0.496667 0.447561 0.496799 0.437146 0.498528 0.436651 0.498045 0.43812 0.497865 0.43812 0.497865 0.436651 0.498045 0.438725 0.49652 0.43812 0.497865 0.438725 0.49652 0.441315 0.497459 0.441315 0.497459 0.438725 0.49652 0.440238 0.496327 0.441315 0.497459 0.440238 0.496327 0.443042 0.495968 0.55088 0.456714 0.551173 0.457016 0.550632 0.456948 0.550632 0.456948 0.551173 0.457016 0.550696 0.457417 0.550632 0.456948 0.550696 0.457417 0.550463 0.457073 0.443752 0.50595 0.443821 0.506518 0.44335 0.506069 0.44335 0.506069 0.443821 0.506518 0.443415 0.506652 0.528652 0.544104 0.527965 0.544131 0.528686 0.543687 0.528686 0.543687 0.527965 0.544131 0.528023 0.543721 0.552151 0.456844 0.55168 0.457468 0.551461 0.457277 0.551461 0.457277 0.55168 0.457468 0.551092 0.457959 0.551461 0.457277 0.551092 0.457959 0.550918 0.457729 0.551185 0.456296 0.551396 0.4558 0.551555 0.456507 0.551555 0.456507 0.551396 0.4558 0.551811 0.455923 0.551555 0.456507 0.551811 0.455923 0.55219 0.456039 0.55088 0.456714 0.551185 0.456296 0.551173 0.457016 0.551173 0.457016 0.551185 0.456296 0.551555 0.456507 0.551173 0.457016 0.551555 0.456507 0.551896 0.456701 0.551896 0.456701 0.551555 0.456507 0.55219 0.456039 0.528785 0.543349 0.529469 0.543323 0.529427 0.543667 0.529418 0.544092 0.528652 0.544104 0.529427 0.543667 0.529427 0.543667 0.528652 0.544104 0.528686 0.543687 0.529427 0.543667 0.528686 0.543687 0.528785 0.543349 0.551896 0.456701 0.552151 0.456844 0.551461 0.457277 0.551896 0.456701 0.551461 0.457277 0.551173 0.457016 0.551173 0.457016 0.551461 0.457277 0.550918 0.457729 0.551173 0.457016 0.550918 0.457729 0.550696 0.457417 0.530206 0.544096 0.529418 0.544092 0.530193 0.543662 0.530193 0.543662 0.529418 0.544092 0.529427 0.543667 0.530193 0.543662 0.529427 0.543667 0.530178 0.54331 0.530178 0.54331 0.529427 0.543667 0.529469 0.543323 0.552325 0.45534 0.55219 0.456039 0.551926 0.455307 0.551926 0.455307 0.55219 0.456039 0.551811 0.455923 0.551926 0.455307 0.551811 0.455923 0.551488 0.455279 0.551488 0.455279 0.551811 0.455923 0.551396 0.4558 0.530158 0.557589 0.530161 0.557634 0.529376 0.557673 0.436693 0.506899 0.436684 0.507378 0.435843 0.507454 0.442474 0.506178 0.44335 0.506069 0.443415 0.506652 0.530206 0.544096 0.529984 0.547415 0.529358 0.54739 0.530206 0.544096 0.529358 0.54739 0.529418 0.544092 0.529418 0.544092 0.529358 0.54739 0.528733 0.547375 0.529418 0.544092 0.528733 0.547375 0.528652 0.544104 0.528733 0.547375 0.528147 0.547372 0.528652 0.544104 0.528652 0.544104 0.528147 0.547372 0.527626 0.54738 0.528652 0.544104 0.527626 0.54738 0.527965 0.544131 0.443415 0.506652 0.440175 0.506942 0.439179 0.506588 0.443415 0.506652 0.439179 0.506588 0.442474 0.506178 0.527508 0.551729 0.527538 0.550885 0.527765 0.552567 0.527765 0.552567 0.527538 0.550885 0.528059 0.550856 0.527765 0.552567 0.528059 0.550856 0.52783 0.553322 0.429814 0.508359 0.42972 0.50778 0.431984 0.507493 0.528119 0.554341 0.528612 0.557726 0.527727 0.554094 0.527727 0.554094 0.528612 0.557726 0.527927 0.55779 0.527727 0.554094 0.527927 0.55779 0.527459 0.554963 0.432617 0.50773 0.429814 0.508359 0.431984 0.507493 0.528119 0.554341 0.528705 0.554295 0.528612 0.557726 0.528612 0.557726 0.528705 0.554295 0.529331 0.554258 0.528612 0.557726 0.529331 0.554258 0.529376 0.557673 0.529376 0.557673 0.529331 0.554258 0.529956 0.554231 0.529376 0.557673 0.529956 0.554231 0.530158 0.557589 0.527727 0.554094 0.52783 0.553322 0.528119 0.554341 0.528119 0.554341 0.52783 0.553322 0.528059 0.550856 0.528119 0.554341 0.528059 0.550856 0.528705 0.554295 0.528705 0.554295 0.528059 0.550856 0.528646 0.550835 0.528705 0.554295 0.528646 0.550835 0.529331 0.554258 0.529331 0.554258 0.528646 0.550835 0.529272 0.550824 0.529331 0.554258 0.529272 0.550824 0.529956 0.554231 0.529956 0.554231 0.529272 0.550824 0.529898 0.550822 0.436693 0.506899 0.439179 0.506588 0.436684 0.507378 0.436684 0.507378 0.439179 0.506588 0.440175 0.506942 0.527538 0.550885 0.527626 0.54738 0.528059 0.550856 0.528059 0.550856 0.527626 0.54738 0.528147 0.547372 0.528059 0.550856 0.528147 0.547372 0.528646 0.550835 0.528646 0.550835 0.528147 0.547372 0.528733 0.547375 0.528646 0.550835 0.528733 0.547375 0.529272 0.550824 0.529272 0.550824 0.528733 0.547375 0.529358 0.54739 0.529272 0.550824 0.529358 0.54739 0.529898 0.550822 0.529898 0.550822 0.529358 0.54739 0.529984 0.547415 0.545431 0.460454 0.547348 0.459166 0.545419 0.460677 0.545419 0.460677 0.547348 0.459166 0.547579 0.459506 0.545419 0.460677 0.547579 0.459506 0.545407 0.460962 0.545407 0.460962 0.547579 0.459506 0.547796 0.459812 0.545401 0.461224 0.547809 0.459831 0.545329 0.461663 0.545329 0.461663 0.547809 0.459831 0.547981 0.460057 0.443163 0.500345 0.443317 0.502931 0.442963 0.500269 0.442963 0.500269 0.443317 0.502931 0.442924 0.503046 0.442963 0.500269 0.442924 0.503046 0.442497 0.500023 0.550918 0.457729 0.547796 0.459812 0.550696 0.457417 0.550696 0.457417 0.547796 0.459812 0.547579 0.459506 0.550696 0.457417 0.547579 0.459506 0.550463 0.457073 0.550463 0.457073 0.547579 0.459506 0.547348 0.459166 0.44335 0.506069 0.442924 0.503046 0.443752 0.50595 0.443752 0.50595 0.442924 0.503046 0.443317 0.502931 0.551092 0.457959 0.547981 0.460057 0.550918 0.457729 0.550918 0.457729 0.547981 0.460057 0.547809 0.459831 0.550918 0.457729 0.547809 0.459831 0.547796 0.459812 0.547796 0.459812 0.547809 0.459831 0.545401 0.461224 0.547796 0.459812 0.545401 0.461224 0.545407 0.460962 0.438488 0.500563 0.437778 0.499345 0.441973 0.498813 0.442924 0.503046 0.44335 0.506069 0.442474 0.506178 0.447942 0.498705 0.448113 0.499334 0.44531 0.499677 0.447942 0.498705 0.44531 0.499677 0.447771 0.498076 0.442924 0.503046 0.442474 0.506178 0.442497 0.500023 0.442497 0.500023 0.442474 0.506178 0.441973 0.498813 0.442497 0.500023 0.441973 0.498813 0.44531 0.499677 0.44531 0.499677 0.441973 0.498813 0.442787 0.49871 0.44531 0.499677 0.442787 0.49871 0.447771 0.498076 0.439179 0.506588 0.436693 0.506899 0.437116 0.506572 0.437116 0.506572 0.437298 0.506407 0.439179 0.506588 0.439179 0.506588 0.437298 0.506407 0.438134 0.505378 0.439179 0.506588 0.438134 0.505378 0.442474 0.506178 0.442474 0.506178 0.438134 0.505378 0.438532 0.504588 0.438532 0.504588 0.438795 0.503715 0.442474 0.506178 0.442474 0.506178 0.438795 0.503715 0.438872 0.503243 0.442474 0.506178 0.438872 0.503243 0.441973 0.498813 0.441973 0.498813 0.438872 0.503243 0.438854 0.501893 0.441973 0.498813 0.438854 0.501893 0.438488 0.500563 0.448113 0.499334 0.447942 0.498705 0.448709 0.499147 0.448709 0.499147 0.447942 0.498705 0.448568 0.498675 0.448709 0.499147 0.448568 0.498675 0.448864 0.499081 0.501005 0.499632 0.500526 0.499225 0.500862 0.49887 0.501005 0.499632 0.500862 0.49887 0.501319 0.499448 0.501319 0.499448 0.500862 0.49887 0.50133 0.498453 0.501319 0.499448 0.50133 0.498453 0.501602 0.4993 0.501602 0.4993 0.50133 0.498453 0.501885 0.499162 0.501885 0.499162 0.50133 0.498453 0.50158 0.498249 0.501885 0.499162 0.50158 0.498249 0.502182 0.499028 0.502182 0.499028 0.50158 0.498249 0.502379 0.498943 0.502379 0.498943 0.50158 0.498249 0.501812 0.498072 0.502379 0.498943 0.501812 0.498072 0.50247 0.498906 0.447942 0.498705 0.447771 0.498076 0.448568 0.498675 0.448568 0.498675 0.447771 0.498076 0.448333 0.497843 0.500526 0.499225 0.499863 0.498395 0.500862 0.49887 0.500862 0.49887 0.499863 0.498395 0.500198 0.498041 0.500862 0.49887 0.500198 0.498041 0.50133 0.498453 0.50133 0.498453 0.500198 0.498041 0.500669 0.49762 0.50133 0.498453 0.500669 0.49762 0.50158 0.498249 0.50158 0.498249 0.500669 0.49762 0.500922 0.497415 0.50158 0.498249 0.500922 0.497415 0.501812 0.498072 0.501812 0.498072 0.500922 0.497415 0.501154 0.497237 0.509282 0.481123 0.51418 0.48117 0.517747 0.49905 0.517747 0.49905 0.51418 0.48117 0.514971 0.481023 0.517747 0.49905 0.514971 0.481023 0.515643 0.480588 0.517747 0.49905 0.50247 0.498906 0.509282 0.481123 0.509282 0.481123 0.50247 0.498906 0.501812 0.498072 0.509282 0.481123 0.501812 0.498072 0.508236 0.48089 0.500803 0.495918 0.504784 0.476893 0.50529 0.477826 0.516189 0.431426 0.516006 0.431056 0.517747 0.421624 0.50529 0.477826 0.507356 0.48023 0.500803 0.495918 0.500803 0.495918 0.507356 0.48023 0.50775 0.480601 0.500803 0.495918 0.50775 0.480601 0.500838 0.496607 0.500838 0.496607 0.50775 0.480601 0.508236 0.48089 0.500838 0.496607 0.508236 0.48089 0.501154 0.497237 0.501154 0.497237 0.508236 0.48089 0.501812 0.498072 0.514546 0.430494 0.513941 0.425659 0.514959 0.430462 0.514959 0.430462 0.513941 0.425659 0.515854 0.423631 0.514959 0.430462 0.515854 0.423631 0.515362 0.430553 0.515362 0.430553 0.515854 0.423631 0.517747 0.421624 0.515362 0.430553 0.517747 0.421624 0.515722 0.430756 0.515722 0.430756 0.517747 0.421624 0.516006 0.431056 0.515643 0.480588 0.516095 0.479926 0.517747 0.49905 0.517747 0.49905 0.516095 0.479926 0.516251 0.479151 0.517747 0.49905 0.516251 0.479151 0.517747 0.421624 0.517747 0.421624 0.516251 0.479151 0.516251 0.431831 0.517747 0.421624 0.516251 0.431831 0.516189 0.431426 0.513854 0.430888 0.512081 0.43277 0.511437 0.430767 0.511437 0.430767 0.511604 0.42995 0.513854 0.430888 0.513854 0.430888 0.511604 0.42995 0.51187 0.429065 0.513854 0.430888 0.51187 0.429065 0.514163 0.430644 0.514163 0.430644 0.51187 0.429065 0.512499 0.427654 0.514163 0.430644 0.512499 0.427654 0.514546 0.430494 0.514546 0.430494 0.512499 0.427654 0.512742 0.427235 0.514546 0.430494 0.512742 0.427235 0.513941 0.425659 0.512081 0.43277 0.511747 0.433246 0.511437 0.430767 0.511437 0.430767 0.511747 0.433246 0.51156 0.433822 0.511437 0.430767 0.51156 0.433822 0.505999 0.464066 0.505999 0.464066 0.51156 0.433822 0.504716 0.475811 0.505999 0.464066 0.504716 0.475811 0.500803 0.495918 0.500803 0.495918 0.504716 0.475811 0.504688 0.476345 0.500803 0.495918 0.504688 0.476345 0.504784 0.476893 0.518183 0.499074 0.518543 0.499131 0.518508 0.499565 0.448867 0.500864 0.449245 0.500921 0.449248 0.501307 0.449248 0.501307 0.449245 0.500921 0.449683 0.500987 0.553443 0.420558 0.553407 0.420841 0.553214 0.420965 0.553214 0.420965 0.553407 0.420841 0.553397 0.420939 0.553214 0.420965 0.553397 0.420939 0.553362 0.421411 0.449683 0.500987 0.449673 0.501318 0.449248 0.501307 0.449248 0.501307 0.449673 0.501318 0.449663 0.501563 0.449248 0.501307 0.449663 0.501563 0.44932 0.501735 0.448864 0.500863 0.448867 0.500864 0.448883 0.501297 0.448883 0.501297 0.448867 0.500864 0.449248 0.501307 0.448883 0.501297 0.449248 0.501307 0.449032 0.501728 0.449032 0.501728 0.449248 0.501307 0.44932 0.501735 0.552818 0.420779 0.553109 0.420606 0.553054 0.42106 0.553054 0.42106 0.552943 0.421209 0.552818 0.420779 0.552818 0.420779 0.552943 0.421209 0.552616 0.42105 0.518332 0.500004 0.518059 0.499983 0.518508 0.499565 0.518508 0.499565 0.518059 0.499983 0.518161 0.499538 0.518508 0.499565 0.518161 0.499538 0.518183 0.499074 0.518183 0.499074 0.518161 0.499538 0.51818 0.499073 0.517747 0.49905 0.51818 0.499073 0.517743 0.499526 0.517743 0.499526 0.51818 0.499073 0.518161 0.499538 0.517743 0.499526 0.518161 0.499538 0.51773 0.499973 0.51773 0.499973 0.518161 0.499538 0.518059 0.499983 0.552532 0.421378 0.552616 0.42105 0.552897 0.421389 0.552897 0.421389 0.552616 0.42105 0.552943 0.421209 0.552897 0.421389 0.552943 0.421209 0.553362 0.421411 0.553054 0.42106 0.553362 0.421411 0.552943 0.421209 0.449663 0.501563 0.449653 0.501744 0.44932 0.501735 0.553109 0.420606 0.553443 0.420558 0.553214 0.420965 0.553109 0.420606 0.553214 0.420965 0.553054 0.42106 0.553054 0.42106 0.553214 0.420965 0.553362 0.421411 0.553443 0.420558 0.558417 0.420697 0.553407 0.420841 0.504568 0.502287 0.504568 0.507293 0.50415 0.507243 0.553407 0.420841 0.558359 0.421104 0.553397 0.420939 0.553397 0.420939 0.558359 0.421104 0.558314 0.421674 0.553397 0.420939 0.558314 0.421674 0.553362 0.421411 0.449683 0.500987 0.454655 0.501121 0.449673 0.501318 0.449673 0.501318 0.454655 0.501121 0.454634 0.501696 0.449673 0.501318 0.454634 0.501696 0.449663 0.501563 0.449663 0.501563 0.454634 0.501696 0.449653 0.501744 0.558417 0.439473 0.555622 0.438979 0.555641 0.438664 0.553014 0.43748 0.55528 0.437966 0.555704 0.43827 0.553014 0.43748 0.555704 0.43827 0.552913 0.43796 0.552913 0.43796 0.555704 0.43827 0.555641 0.438664 0.552913 0.43796 0.555641 0.438664 0.55287 0.438206 0.55287 0.438206 0.555641 0.438664 0.555622 0.438979 0.44811 0.499535 0.44531 0.499677 0.448113 0.499334 0.558417 0.439473 0.555641 0.438664 0.557991 0.439069 0.557991 0.439069 0.555641 0.438664 0.555704 0.43827 0.557991 0.439069 0.555704 0.43827 0.557812 0.438838 0.557812 0.438838 0.555704 0.43827 0.55528 0.437966 0.557812 0.438838 0.55528 0.437966 0.557559 0.43839 0.501005 0.499632 0.501319 0.499448 0.501363 0.499614 0.501363 0.499614 0.501319 0.499448 0.501602 0.4993 0.552095 0.436652 0.552514 0.436672 0.552585 0.437083 0.552088 0.437542 0.552348 0.43737 0.552637 0.437617 0.552348 0.43737 0.552088 0.437542 0.552148 0.437029 0.552148 0.437029 0.552088 0.437542 0.551814 0.437119 0.552148 0.437029 0.551814 0.437119 0.551733 0.436882 0.502187 0.499483 0.502209 0.499886 0.501911 0.499579 0.501911 0.499579 0.502209 0.499886 0.501971 0.499938 0.501911 0.499579 0.501971 0.499938 0.501649 0.499677 0.501649 0.499677 0.501971 0.499938 0.501547 0.500046 0.501649 0.499677 0.501547 0.500046 0.501413 0.499774 0.44811 0.499535 0.448113 0.499334 0.44868 0.49928 0.44868 0.49928 0.448113 0.499334 0.448709 0.499147 0.44868 0.49928 0.448709 0.499147 0.448864 0.499081 0.501005 0.499632 0.501363 0.499614 0.500976 0.499826 0.500976 0.499826 0.501363 0.499614 0.501056 0.499945 0.44868 0.49928 0.44864 0.499402 0.44811 0.499535 0.55287 0.438206 0.552346 0.438041 0.552477 0.437843 0.55287 0.438206 0.552477 0.437843 0.552913 0.43796 0.553014 0.43748 0.552637 0.437617 0.552786 0.437363 0.552786 0.437363 0.552637 0.437617 0.552348 0.43737 0.552786 0.437363 0.552348 0.43737 0.552585 0.437083 0.552585 0.437083 0.552348 0.43737 0.552148 0.437029 0.552585 0.437083 0.552148 0.437029 0.552095 0.436652 0.552095 0.436652 0.552148 0.437029 0.551733 0.436882 0.552095 0.436652 0.551733 0.436882 0.551687 0.436639 0.502453 0.499833 0.502209 0.499886 0.502187 0.499483 0.502453 0.499833 0.502187 0.499483 0.502467 0.499342 0.502467 0.499342 0.502187 0.499483 0.502379 0.498943 0.502467 0.499342 0.502379 0.498943 0.50247 0.498906 0.553014 0.43748 0.552913 0.43796 0.552637 0.437617 0.552637 0.437617 0.552913 0.43796 0.552477 0.437843 0.552637 0.437617 0.552477 0.437843 0.552088 0.437542 0.552088 0.437542 0.552477 0.437843 0.552346 0.438041 0.552088 0.437542 0.552346 0.438041 0.55189 0.437684 0.501768 0.501596 0.501663 0.502094 0.501663 0.50146 0.501413 0.499774 0.501363 0.499614 0.501649 0.499677 0.501649 0.499677 0.501363 0.499614 0.501602 0.4993 0.501649 0.499677 0.501602 0.4993 0.501911 0.499579 0.501911 0.499579 0.501602 0.4993 0.501885 0.499162 0.501911 0.499579 0.501885 0.499162 0.502187 0.499483 0.502187 0.499483 0.501885 0.499162 0.502182 0.499028 0.502187 0.499483 0.502182 0.499028 0.502379 0.498943 0.552897 0.421389 0.553362 0.421411 0.552514 0.436672 0.502467 0.499342 0.50247 0.498906 0.517747 0.49905 0.517747 0.49905 0.517743 0.499526 0.502467 0.499342 0.502467 0.499342 0.517743 0.499526 0.51773 0.499973 0.502467 0.499342 0.51773 0.499973 0.502453 0.499833 0.551687 0.436639 0.552532 0.421378 0.552897 0.421389 0.551687 0.436639 0.552897 0.421389 0.552095 0.436652 0.552095 0.436652 0.552897 0.421389 0.552514 0.436672 0.557473 0.438127 0.557559 0.43839 0.55528 0.437966 0.553014 0.43748 0.552786 0.437363 0.552585 0.437083 0.553362 0.421411 0.558314 0.421674 0.552514 0.436672 0.552514 0.436672 0.558314 0.421674 0.557428 0.437619 0.552585 0.437083 0.552514 0.436672 0.553014 0.43748 0.553014 0.43748 0.552514 0.436672 0.557428 0.437619 0.553014 0.43748 0.557428 0.437619 0.55528 0.437966 0.55528 0.437966 0.557428 0.437619 0.55743 0.437842 0.55528 0.437966 0.55743 0.437842 0.557473 0.438127</float_array>
          <technique_common>
            <accessor source="#right_gripper_finger_link2-mesh-map-0-array" count="15384" stride="2">
              <param name="S" type="float"/>
              <param name="T" type="float"/>
            </accessor>
          </technique_common>
        </source>
        <vertices id="right_gripper_finger_link2-mesh-vertices">
          <input semantic="POSITION" source="#right_gripper_finger_link2-mesh-positions"/>
        </vertices>
        <triangles material="材质-material" count="5128">
          <input semantic="VERTEX" source="#right_gripper_finger_link2-mesh-vertices" offset="0"/>
          <input semantic="NORMAL" source="#right_gripper_finger_link2-mesh-normals" offset="1"/>
          <input semantic="TEXCOORD" source="#right_gripper_finger_link2-mesh-map-0" offset="2" set="0"/>
          <p>0 0 0 1 1 1 2 2 2 0 3 3 2 4 4 3 5 5 4 6 6 5 7 7 2 7 8 2 8 9 5 9 10 3 10 11 6 11 12 7 12 13 8 13 14 8 13 15 7 12 16 9 14 17 8 15 18 9 16 19 4 17 20 4 17 21 9 16 22 5 18 23 10 19 24 11 20 25 1 21 26 1 21 27 11 20 28 2 22 29 12 23 30 13 24 31 14 25 32 14 25 33 15 26 34 12 23 35 12 27 36 15 28 37 16 29 38 12 30 39 16 31 40 17 32 41 16 33 42 18 34 43 17 35 44 17 36 45 18 37 46 19 38 47 17 39 48 19 39 49 20 39 50 19 40 51 21 40 52 20 40 53 20 41 54 21 42 55 22 43 56 20 44 57 22 44 58 23 44 59 22 45 60 24 45 61 23 46 62 23 47 63 24 48 64 25 49 65 23 50 66 25 51 67 26 52 68 26 53 69 25 54 70 27 54 71 26 55 72 27 55 73 28 55 74 27 56 75 29 56 76 28 56 77 28 57 78 29 58 79 30 59 80 28 60 81 30 61 82 31 61 83 30 62 84 32 63 85 31 64 86 31 65 87 32 66 88 33 65 89 31 67 90 33 68 91 34 68 92 11 69 93 10 70 94 35 71 95 35 71 96 10 70 97 34 72 98 35 73 99 34 74 100 36 75 101 36 76 102 34 77 103 33 77 104 37 78 105 38 79 106 13 80 107 13 80 108 38 79 109 14 81 110 39 82 111 38 83 112 37 84 113 37 84 114 40 85 115 39 82 116 39 86 117 40 87 118 41 88 119 40 87 120 42 89 121 41 88 122 41 90 123 42 91 124 43 92 125 43 93 126 42 94 127 44 93 128 43 95 129 44 96 130 45 97 131 46 98 132 47 99 133 48 100 134 49 101 135 50 102 136 48 103 137 48 104 138 50 105 139 46 106 140 51 107 141 52 108 142 53 109 143 53 109 144 52 108 145 54 110 146 53 111 147 54 112 148 49 113 149 49 113 150 54 112 151 50 114 152 55 115 153 56 116 154 47 117 155 47 117 156 56 116 157 48 118 158 57 119 159 58 120 160 59 121 161 59 121 162 60 122 163 57 119 164 57 123 165 60 123 166 61 124 167 57 125 168 61 125 169 62 125 170 61 126 171 63 126 172 62 126 173 62 127 174 63 128 175 64 129 176 62 130 177 64 131 178 65 132 179 64 133 180 66 134 181 65 135 182 65 136 183 66 137 184 67 138 185 65 139 186 67 140 187 68 141 188 67 142 189 69 142 190 68 142 191 68 143 192 69 144 193 70 145 194 68 146 195 70 146 196 71 146 197 71 147 198 70 148 199 72 149 200 71 150 201 72 150 202 73 150 203 72 151 204 74 151 205 73 151 206 73 152 207 74 152 208 75 152 209 73 153 210 75 154 211 76 155 212 75 156 213 77 157 214 76 158 215 76 159 216 77 160 217 78 160 218 76 161 219 78 161 220 79 161 221 56 162 222 55 163 223 80 164 224 80 164 225 55 163 226 79 165 227 80 166 228 79 167 229 81 168 230 81 169 231 79 170 232 78 171 233 82 172 234 83 173 235 58 174 236 58 174 237 83 173 238 59 175 239 84 176 240 83 177 241 82 178 242 82 178 243 85 179 244 84 176 245 84 180 246 85 181 247 86 182 248 85 181 249 87 183 250 86 182 251 86 184 252 87 185 253 88 186 254 88 187 255 87 188 256 89 189 257 88 190 258 89 191 259 90 192 260 91 193 261 92 194 262 93 194 263 94 195 264 95 196 265 93 197 266 93 198 267 95 199 268 91 200 269 96 201 270 97 202 271 98 203 272 98 203 273 97 202 274 99 204 275 98 205 276 99 206 277 94 207 278 94 207 279 99 206 280 95 208 281 100 209 282 101 210 283 92 211 284 92 211 285 101 210 286 93 212 287 102 213 288 103 214 289 104 215 290 104 215 291 105 216 292 102 213 293 102 217 294 105 218 295 106 219 296 102 220 297 106 220 298 107 221 299 106 222 300 108 223 301 107 224 302 107 225 303 108 226 304 109 227 305 107 228 306 109 228 307 110 228 308 109 229 309 111 229 310 110 229 311 110 230 312 111 231 313 112 232 314 110 233 315 112 234 316 113 235 317 112 236 318 114 237 319 113 238 320 113 239 321 114 240 322 115 241 323 113 242 324 115 242 325 116 242 326 116 243 327 115 244 328 117 245 329 116 246 330 117 247 331 118 247 332 117 248 333 119 249 334 118 250 335 118 251 336 119 252 337 120 253 338 118 254 339 120 255 340 121 256 341 120 257 342 122 257 343 121 257 344 121 258 345 122 259 346 123 260 347 121 261 348 123 262 349 124 263 350 101 264 351 100 265 352 125 266 353 125 266 354 100 265 355 124 267 356 125 268 357 124 269 358 126 270 359 126 271 360 124 272 361 123 271 362 127 273 363 128 274 364 103 275 365 103 275 366 128 274 367 104 276 368 129 277 369 128 278 370 127 279 371 127 279 372 130 280 373 129 277 374 129 281 375 130 282 376 131 283 377 130 282 378 132 284 379 131 283 380 131 285 381 132 286 382 133 287 383 133 288 384 132 288 385 134 288 386 133 289 387 134 290 388 135 291 389 7 292 390 6 293 391 136 294 392 136 294 393 6 293 394 137 295 395 136 296 396 137 297 397 138 298 398 137 297 399 139 299 400 138 298 401 138 300 402 139 300 403 140 300 404 138 301 405 140 302 406 141 303 407 141 304 408 140 305 409 142 305 410 141 306 411 142 307 412 143 308 413 144 309 414 145 310 415 146 311 416 146 311 417 145 310 418 147 312 419 148 313 420 146 314 421 147 315 422 147 315 423 149 316 424 148 313 425 148 317 426 149 318 427 150 319 428 148 320 429 150 320 430 151 320 431 150 321 432 152 322 433 151 323 434 151 324 435 152 325 436 153 326 437 151 327 438 153 327 439 154 327 440 153 328 441 155 328 442 154 328 443 154 329 444 155 330 445 156 330 446 154 331 447 156 332 448 157 333 449 157 334 450 156 335 451 158 336 452 157 337 453 158 338 454 159 339 455 158 340 456 160 341 457 159 342 458 159 343 459 160 344 460 161 345 461 159 346 462 161 346 463 162 347 464 161 348 465 163 349 466 162 350 467 162 351 468 163 352 469 164 353 470 162 354 471 164 354 472 165 354 473 164 355 474 166 356 475 165 357 476 165 358 477 166 359 478 167 359 479 165 360 480 167 360 481 168 360 482 169 361 483 170 362 484 171 363 485 171 363 486 170 362 487 168 364 488 171 365 489 168 366 490 172 367 491 172 368 492 168 368 493 167 368 494 170 369 495 169 370 496 173 371 497 173 371 498 169 370 499 174 372 500 175 373 501 176 374 502 177 375 503 178 376 504 173 377 505 174 378 506 177 379 507 176 380 508 174 381 509 174 382 510 176 383 511 178 384 512 179 385 513 180 385 514 177 386 515 177 387 516 180 387 517 175 387 518 128 388 519 181 389 520 104 390 521 104 390 522 181 389 523 182 391 524 101 392 525 125 392 526 183 392 527 183 393 528 125 393 529 184 393 530 125 394 531 126 395 532 184 396 533 184 397 534 126 398 535 123 399 536 184 400 537 123 400 538 185 400 539 123 401 540 122 402 541 185 403 542 185 404 543 122 404 544 120 404 545 185 405 546 120 405 547 186 405 548 120 406 549 119 407 550 186 408 551 186 409 552 119 410 553 117 411 554 186 412 555 117 412 556 187 412 557 117 413 558 115 414 559 187 415 560 187 416 561 115 417 562 114 418 563 187 419 564 114 419 565 188 419 566 114 420 567 112 421 568 188 422 569 188 423 570 112 424 571 111 425 572 188 426 573 111 426 574 189 426 575 111 427 576 109 427 577 189 427 578 189 428 579 109 429 580 108 430 581 189 431 582 108 431 583 190 431 584 104 432 585 182 433 586 105 434 587 105 435 588 182 436 589 190 437 590 105 438 591 190 439 592 106 440 593 106 441 594 190 442 595 108 443 596 101 444 597 183 445 598 93 446 599 93 446 600 183 445 601 191 447 602 192 448 603 96 449 604 193 450 605 193 450 606 96 449 607 98 451 608 98 452 609 94 453 610 193 454 611 193 455 612 94 456 613 93 457 614 193 455 615 93 457 616 191 456 617 194 458 618 97 459 619 96 460 620 96 460 621 195 461 622 194 458 623 194 462 624 195 463 625 196 464 626 194 462 627 196 464 628 197 465 629 197 466 630 196 467 631 198 468 632 197 466 633 198 468 634 199 469 635 200 470 636 88 471 637 90 472 638 90 472 639 201 473 640 200 470 641 200 474 642 201 475 643 202 476 644 200 474 645 202 476 646 203 477 647 203 478 648 202 479 649 204 480 650 203 478 651 204 480 652 205 481 653 83 482 654 206 483 655 59 484 656 59 484 657 206 483 658 207 485 659 56 486 660 80 486 661 208 486 662 208 487 663 80 488 664 209 489 665 80 490 666 81 491 667 209 492 668 209 493 669 81 494 670 78 495 671 209 496 672 78 497 673 210 498 674 78 499 675 77 500 676 210 501 677 210 502 678 77 503 679 75 504 680 210 505 681 75 506 682 211 507 683 75 508 684 74 508 685 211 508 686 211 509 687 74 510 688 72 511 689 211 512 690 72 512 691 212 512 692 72 513 693 70 514 694 212 515 695 212 516 696 70 517 697 69 518 698 212 519 699 69 520 700 213 521 701 69 522 702 67 522 703 213 522 704 213 523 705 67 524 706 66 525 707 213 526 708 66 527 709 214 528 710 66 529 711 64 530 712 214 531 713 214 532 714 64 533 715 63 534 716 214 535 717 63 535 718 215 535 719 59 536 720 207 536 721 60 536 722 60 537 723 207 537 724 215 537 725 60 538 726 215 539 727 61 540 728 61 541 729 215 542 730 63 543 731 56 444 732 208 445 733 48 446 734 48 446 735 208 445 736 216 447 737 88 544 738 217 545 739 86 546 740 86 546 741 217 545 742 218 547 743 86 548 744 218 549 745 84 550 746 84 551 747 218 552 748 206 553 749 84 551 750 206 553 751 83 554 752 219 555 753 51 556 754 220 557 755 220 557 756 51 556 757 53 558 758 53 559 759 49 560 760 220 561 761 220 562 762 49 563 763 48 564 764 220 562 765 48 564 766 216 565 767 221 566 768 52 567 769 51 568 770 51 568 771 222 569 772 221 566 773 221 570 774 222 571 775 223 572 776 221 570 777 223 572 778 224 573 779 224 574 780 223 575 781 225 576 782 224 574 783 225 576 784 226 577 785 227 578 786 43 579 787 45 580 788 45 580 789 228 581 790 227 578 791 227 582 792 228 583 793 229 584 794 227 582 795 229 584 796 230 585 797 230 586 798 229 587 799 231 588 800 230 586 801 231 588 802 232 589 803 43 590 804 233 591 805 41 592 806 41 592 807 233 591 808 234 593 809 41 594 810 234 595 811 39 596 812 39 597 813 234 598 814 235 599 815 39 597 816 235 599 817 38 598 818 38 600 819 235 601 820 14 602 821 14 602 822 235 601 823 236 603 824 11 604 825 35 604 826 237 604 827 237 605 828 35 605 829 238 605 830 35 606 831 36 607 832 238 608 833 238 609 834 36 610 835 33 611 836 238 612 837 33 612 838 239 612 839 33 613 840 32 614 841 239 615 842 239 616 843 32 617 844 30 618 845 239 619 846 30 619 847 240 619 848 30 620 849 29 621 850 240 622 851 240 623 852 29 624 853 27 625 854 240 626 855 27 626 856 241 626 857 27 627 858 25 628 859 241 629 860 241 630 861 25 631 862 24 632 863 241 633 864 24 634 865 242 635 866 24 522 867 22 522 868 242 522 869 242 423 870 22 424 871 21 636 872 242 637 873 21 637 874 243 637 875 21 427 876 19 427 877 243 427 878 243 638 879 19 639 880 18 640 881 243 641 882 18 641 883 244 641 884 14 642 885 236 643 886 15 434 887 15 644 888 236 645 889 244 646 890 15 647 891 244 648 892 16 649 893 16 650 894 244 651 895 18 652 896 11 444 897 237 445 898 2 446 899 2 446 900 237 445 901 245 447 902 246 653 903 6 654 904 247 655 905 247 655 906 6 654 907 8 656 908 8 657 909 4 658 910 247 659 911 247 660 912 4 661 913 2 662 914 247 660 915 2 662 916 245 663 917 248 664 918 180 665 919 179 666 920 179 666 921 249 667 922 248 664 923 248 668 924 249 669 925 250 670 926 248 668 927 250 670 928 251 671 929 251 672 930 250 673 931 252 674 932 251 672 933 252 674 934 253 675 935 254 676 936 133 677 937 135 678 938 135 678 939 255 679 940 254 676 941 254 680 942 255 681 943 256 682 944 254 680 945 256 682 946 257 683 947 257 684 948 256 685 949 258 686 950 257 684 951 258 686 952 259 687 953 133 688 954 260 689 955 131 690 956 131 690 957 260 689 958 261 691 959 131 594 960 261 595 961 129 596 962 129 692 963 261 598 964 181 693 965 129 692 966 181 693 967 128 694 968 144 695 969 262 695 970 145 695 971 145 696 972 262 697 973 263 698 974 145 699 975 263 700 976 264 701 977 264 702 978 263 703 979 265 704 980 264 705 981 265 705 982 266 705 983 264 706 984 266 707 985 267 708 986 267 708 987 266 707 988 268 709 989 267 710 990 268 710 991 269 710 992 270 711 993 142 712 994 140 713 995 270 714 996 140 715 997 271 716 998 271 717 999 140 718 1000 139 719 1001 271 720 1002 139 721 1003 272 722 1004 272 723 1005 139 724 1006 137 725 1007 272 726 1008 137 727 1009 273 728 1010 273 729 1011 137 730 1012 6 731 1013 273 732 1014 6 733 1015 246 734 1016 143 735 1017 142 736 1018 274 737 1019 274 738 1020 142 739 1021 275 739 1022 276 740 1023 277 741 1024 275 742 1025 275 743 1026 277 744 1027 278 745 1028 275 746 1029 278 747 1030 274 748 1031 274 749 1032 278 749 1033 279 749 1034 138 750 1035 141 751 1036 280 752 1037 280 753 1038 141 754 1039 143 755 1040 280 756 1041 143 756 1042 281 756 1043 281 757 1044 143 757 1045 274 757 1046 281 758 1047 274 759 1048 282 760 1049 282 761 1050 274 762 1051 279 763 1052 283 764 1053 284 764 1054 285 764 1055 286 765 1056 287 765 1057 288 765 1058 283 766 1059 285 767 1060 279 768 1061 288 769 1062 280 770 1063 286 771 1064 286 772 1065 280 773 1066 281 773 1067 286 774 1068 281 775 1069 285 776 1070 285 777 1071 281 778 1072 282 778 1073 285 779 1074 282 780 1075 279 781 1076 289 782 1077 290 783 1078 287 784 1079 287 784 1080 290 783 1081 288 785 1082 107 786 1083 159 787 1084 102 788 1085 102 788 1086 159 787 1087 162 789 1088 178 790 1089 176 790 1090 132 790 1091 178 790 1092 132 790 1093 173 791 1094 173 791 1095 132 790 1096 130 792 1097 132 790 1098 176 790 1099 175 793 1100 132 790 1101 175 793 1102 134 794 1103 91 790 1104 95 790 1105 87 795 1106 162 789 1107 165 790 1108 102 788 1109 102 788 1110 165 790 1111 168 796 1112 102 788 1113 168 796 1114 103 797 1115 103 797 1116 168 796 1117 170 790 1118 103 797 1119 170 790 1120 127 798 1121 127 798 1122 170 790 1123 173 791 1124 127 798 1125 173 791 1126 130 792 1127 154 790 1128 290 799 1129 151 800 1130 151 800 1131 290 799 1132 291 801 1133 151 800 1134 291 801 1135 148 802 1136 107 786 1137 110 790 1138 159 787 1139 159 787 1140 110 790 1141 290 799 1142 159 787 1143 290 799 1144 157 803 1145 157 803 1146 290 799 1147 154 790 1148 12 804 1149 71 805 1150 73 806 1151 91 790 1152 87 795 1153 92 807 1154 92 807 1155 87 795 1156 85 808 1157 248 790 1158 251 790 1159 180 809 1160 180 809 1161 251 790 1162 253 810 1163 258 811 1164 256 790 1165 255 790 1166 265 812 1167 263 813 1168 291 801 1169 291 801 1170 263 813 1171 262 814 1172 12 804 1173 17 790 1174 71 805 1175 71 805 1176 17 790 1177 20 790 1178 71 805 1179 20 790 1180 23 815 1181 28 816 1182 31 790 1183 280 817 1184 280 817 1185 31 790 1186 34 790 1187 280 817 1188 34 790 1189 10 790 1190 255 790 1191 135 818 1192 258 811 1193 258 811 1194 135 818 1195 134 794 1196 258 811 1197 134 794 1198 253 810 1199 253 810 1200 134 794 1201 175 793 1202 253 810 1203 175 793 1204 180 809 1205 268 819 1206 266 820 1207 291 801 1208 291 801 1209 266 820 1210 265 812 1211 262 814 1212 144 821 1213 291 801 1214 291 801 1215 144 821 1216 146 822 1217 291 801 1218 146 822 1219 148 802 1220 46 823 1221 50 824 1222 42 825 1223 116 826 1224 118 790 1225 68 827 1226 68 827 1227 118 790 1228 121 828 1229 68 827 1230 121 828 1231 65 829 1232 199 830 1233 204 831 1234 89 832 1235 92 807 1236 85 808 1237 82 790 1238 92 807 1239 82 790 1240 100 790 1241 100 790 1242 82 790 1243 58 790 1244 100 790 1245 58 790 1246 124 790 1247 124 790 1248 58 790 1249 57 790 1250 124 790 1251 57 790 1252 121 828 1253 121 828 1254 57 790 1255 62 833 1256 121 828 1257 62 833 1258 65 829 1259 292 790 1260 293 834 1261 291 801 1262 291 801 1263 293 834 1264 269 835 1265 291 801 1266 269 835 1267 268 819 1268 46 823 1269 42 825 1270 47 790 1271 47 790 1272 42 825 1273 40 790 1274 110 790 1275 113 836 1276 290 799 1277 290 799 1278 113 836 1279 116 826 1280 290 799 1281 116 826 1282 288 837 1283 288 837 1284 116 826 1285 68 827 1286 68 827 1287 71 805 1288 288 837 1289 288 837 1290 71 805 1291 23 815 1292 288 837 1293 23 815 1294 280 817 1295 280 817 1296 23 815 1297 26 838 1298 280 817 1299 26 838 1300 28 816 1301 3 839 1302 5 840 1303 280 817 1304 280 817 1305 5 840 1306 9 841 1307 202 790 1308 201 790 1309 204 831 1310 204 831 1311 201 790 1312 90 842 1313 204 831 1314 90 842 1315 89 832 1316 10 790 1317 1 843 1318 280 817 1319 280 817 1320 1 843 1321 0 844 1322 280 817 1323 0 844 1324 3 839 1325 194 845 1326 197 790 1327 97 790 1328 97 790 1329 197 790 1330 199 830 1331 97 790 1332 199 830 1333 99 790 1334 99 790 1335 199 830 1336 89 832 1337 99 790 1338 89 832 1339 87 795 1340 99 790 1341 87 795 1342 95 790 1343 226 790 1344 231 846 1345 44 790 1346 73 806 1347 76 847 1348 12 804 1349 12 804 1350 76 847 1351 79 848 1352 12 804 1353 79 848 1354 13 790 1355 13 790 1356 79 848 1357 55 790 1358 13 790 1359 55 790 1360 37 790 1361 37 790 1362 55 790 1363 47 790 1364 37 790 1365 47 790 1366 40 790 1367 136 790 1368 138 790 1369 7 790 1370 7 790 1371 138 790 1372 280 817 1373 7 790 1374 280 817 1375 9 841 1376 229 849 1377 228 850 1378 231 846 1379 231 846 1380 228 850 1381 45 790 1382 231 846 1383 45 790 1384 44 790 1385 221 790 1386 224 790 1387 52 790 1388 52 790 1389 224 790 1390 226 790 1391 52 790 1392 226 790 1393 54 790 1394 54 790 1395 226 790 1396 44 790 1397 54 790 1398 44 790 1399 42 825 1400 54 790 1401 42 825 1402 50 824 1403 145 851 1404 294 852 1405 147 853 1406 147 853 1407 294 852 1408 295 854 1409 169 855 1410 171 855 1411 296 855 1412 296 856 1413 171 856 1414 297 856 1415 171 857 1416 172 858 1417 297 859 1418 297 860 1419 172 861 1420 167 862 1421 297 863 1422 167 863 1423 298 863 1424 167 864 1425 166 864 1426 298 864 1427 298 865 1428 166 865 1429 164 865 1430 298 866 1431 164 866 1432 299 866 1433 164 867 1434 163 868 1435 299 869 1436 299 870 1437 163 871 1438 161 872 1439 299 873 1440 161 873 1441 300 873 1442 161 874 1443 160 875 1444 300 876 1445 300 877 1446 160 878 1447 158 879 1448 300 880 1449 158 881 1450 301 882 1451 158 883 1452 156 883 1453 301 883 1454 301 423 1455 156 424 1456 155 425 1457 301 884 1458 155 884 1459 302 884 1460 155 885 1461 153 885 1462 302 885 1463 302 886 1464 153 887 1465 152 888 1466 302 889 1467 152 889 1468 303 889 1469 147 890 1470 295 890 1471 149 890 1472 149 891 1473 295 891 1474 303 891 1475 149 892 1476 303 893 1477 150 894 1478 150 895 1479 303 896 1480 152 897 1481 169 898 1482 296 899 1483 174 900 1484 174 900 1485 296 899 1486 304 447 1487 305 901 1488 179 902 1489 177 903 1490 305 901 1491 177 903 1492 306 448 1493 306 904 1494 177 905 1495 174 906 1496 306 904 1497 174 906 1498 304 907 1499 307 908 1500 308 909 1501 309 910 1502 309 910 1503 310 911 1504 307 908 1505 307 908 1506 310 911 1507 311 912 1508 307 908 1509 311 912 1510 312 913 1511 312 913 1512 311 912 1513 192 790 1514 312 913 1515 192 790 1516 260 914 1517 260 914 1518 192 790 1519 193 915 1520 260 914 1521 193 915 1522 261 916 1523 261 916 1524 193 915 1525 191 917 1526 261 916 1527 191 917 1528 181 918 1529 181 918 1530 191 917 1531 182 919 1532 182 919 1533 191 917 1534 183 920 1535 182 919 1536 183 920 1537 190 921 1538 183 920 1539 184 790 1540 185 922 1541 189 790 1542 190 921 1543 188 923 1544 188 923 1545 190 921 1546 183 920 1547 188 923 1548 183 920 1549 187 924 1550 187 924 1551 183 920 1552 185 922 1553 187 924 1554 185 922 1555 186 925 1556 195 926 1557 96 927 1558 192 928 1559 192 928 1560 311 929 1561 195 926 1562 195 930 1563 311 931 1564 310 932 1565 195 930 1566 310 932 1567 196 933 1568 196 934 1569 310 935 1570 309 936 1571 196 934 1572 309 936 1573 198 937 1574 199 938 1575 198 939 1576 204 940 1577 204 940 1578 198 939 1579 205 941 1580 217 942 1581 88 943 1582 200 944 1583 217 942 1584 200 944 1585 313 945 1586 313 946 1587 200 947 1588 203 948 1589 313 946 1590 203 948 1591 314 949 1592 314 950 1593 203 951 1594 205 952 1595 314 950 1596 205 952 1597 315 953 1598 316 790 1599 317 790 1600 315 790 1601 315 790 1602 317 790 1603 318 790 1604 315 790 1605 318 790 1606 314 790 1607 206 954 1608 218 790 1609 219 790 1610 219 790 1611 218 790 1612 217 790 1613 219 790 1614 217 790 1615 318 790 1616 318 790 1617 217 790 1618 313 790 1619 318 790 1620 313 790 1621 314 790 1622 219 790 1623 220 955 1624 206 954 1625 206 954 1626 220 955 1627 216 956 1628 206 954 1629 216 956 1630 207 790 1631 207 790 1632 216 956 1633 208 790 1634 207 790 1635 208 790 1636 209 957 1637 209 957 1638 210 958 1639 211 959 1640 215 790 1641 207 790 1642 214 960 1643 214 960 1644 207 790 1645 209 957 1646 214 960 1647 209 957 1648 213 961 1649 213 961 1650 209 957 1651 211 959 1652 213 961 1653 211 959 1654 212 790 1655 316 962 1656 225 963 1657 223 964 1658 316 962 1659 223 964 1660 317 965 1661 317 966 1662 223 967 1663 222 968 1664 317 966 1665 222 968 1666 318 969 1667 318 970 1668 222 971 1669 51 972 1670 318 970 1671 51 972 1672 219 973 1673 226 974 1674 225 975 1675 231 976 1676 231 976 1677 225 975 1678 232 977 1679 233 978 1680 43 979 1681 227 980 1682 233 978 1683 227 980 1684 319 981 1685 319 982 1686 227 983 1687 230 984 1688 319 982 1689 230 984 1690 320 985 1691 320 986 1692 230 987 1693 232 988 1694 320 986 1695 232 988 1696 321 989 1697 321 790 1698 322 990 1699 320 991 1700 320 991 1701 322 990 1702 319 992 1703 270 790 1704 271 790 1705 322 990 1706 322 990 1707 271 790 1708 272 993 1709 322 990 1710 272 993 1711 319 992 1712 319 992 1713 272 993 1714 273 790 1715 319 992 1716 273 790 1717 233 994 1718 233 994 1719 273 790 1720 246 995 1721 233 994 1722 246 995 1723 234 996 1724 234 996 1725 246 995 1726 235 997 1727 246 995 1728 247 998 1729 235 997 1730 235 997 1731 247 998 1732 245 999 1733 235 997 1734 245 999 1735 236 1000 1736 236 1000 1737 245 999 1738 237 790 1739 237 790 1740 238 1001 1741 236 1000 1742 236 1000 1743 238 1001 1744 239 1002 1745 236 1000 1746 239 1002 1747 240 1003 1748 243 790 1749 244 1004 1750 242 1005 1751 242 1005 1752 244 1004 1753 236 1000 1754 242 1005 1755 236 1000 1756 241 1006 1757 241 1006 1758 236 1000 1759 240 1003 1760 323 1007 1761 252 1008 1762 250 1009 1763 323 1007 1764 250 1009 1765 324 1010 1766 324 1011 1767 250 1012 1768 249 1013 1769 324 1011 1770 249 1013 1771 325 1014 1772 325 1015 1773 249 1016 1774 179 1017 1775 325 1015 1776 179 1017 1777 305 1018 1778 253 1019 1779 252 1020 1780 258 1021 1781 258 1021 1782 252 1020 1783 259 1022 1784 312 1023 1785 260 1024 1786 133 1025 1787 133 1025 1788 254 1026 1789 312 1023 1790 312 1027 1791 254 1028 1792 257 1029 1793 312 1027 1794 257 1029 1795 307 1030 1796 307 1031 1797 257 1032 1798 259 1033 1799 307 1031 1800 259 1033 1801 308 1034 1802 326 1035 1803 267 1036 1804 269 1037 1805 327 1038 1806 328 1039 1807 329 1039 1808 269 1037 1809 293 1040 1810 326 1035 1811 326 1041 1812 293 1042 1813 292 1043 1814 326 1041 1815 292 1043 1816 330 1044 1817 330 1045 1818 292 1046 1819 327 1046 1820 330 1047 1821 327 1048 1822 331 1049 1823 331 1050 1824 327 1051 1825 329 1052 1826 294 1053 1827 145 1054 1828 264 1055 1829 294 1053 1830 264 1055 1831 332 1056 1832 332 1057 1833 264 1058 1834 267 1059 1835 332 1057 1836 267 1059 1837 333 1060 1838 334 1061 1839 335 1062 1840 336 1063 1841 334 1061 1842 336 1063 1843 337 1064 1844 337 1065 1845 336 1066 1846 338 1067 1847 337 1065 1848 338 1067 1849 339 1068 1850 339 1069 1851 338 1070 1852 340 1071 1853 339 1069 1854 340 1071 1855 341 1072 1856 341 1073 1857 340 1074 1858 342 1075 1859 341 1073 1860 342 1075 1861 343 1076 1862 344 1077 1863 345 1078 1864 334 1079 1865 334 1079 1866 345 1078 1867 335 1080 1868 346 1081 1869 342 1082 1870 340 1083 1871 346 1081 1872 340 1083 1873 347 1084 1874 347 1085 1875 340 1086 1876 338 1087 1877 347 1085 1878 338 1087 1879 348 1088 1880 348 1089 1881 338 1090 1882 336 1091 1883 348 1089 1884 336 1091 1885 349 1092 1886 349 1093 1887 336 1094 1888 335 1095 1889 349 1093 1890 335 1095 1891 350 1096 1892 351 1097 1893 343 1098 1894 352 1099 1895 352 1099 1896 343 1098 1897 342 1100 1898 352 1099 1899 342 1100 1900 353 1101 1901 353 1101 1902 342 1100 1903 354 1102 1904 354 1103 1905 355 1103 1906 353 1103 1907 353 1104 1908 355 1104 1909 356 1104 1910 353 1105 1911 356 1106 1912 352 1107 1913 352 1108 1914 356 1108 1915 357 1108 1916 358 1109 1917 359 1110 1918 357 1111 1919 357 1112 1920 359 1113 1921 351 1114 1922 357 1115 1923 351 1116 1924 352 1117 1925 358 1118 1926 276 1119 1927 359 1120 1928 359 1121 1929 276 1121 1930 275 1121 1931 359 1122 1932 275 1122 1933 360 1122 1934 322 1123 1935 361 1123 1936 270 1123 1937 270 1124 1938 361 1125 1939 360 1126 1940 270 1127 1941 360 1128 1942 142 1129 1943 142 1130 1944 360 1130 1945 275 1130 1946 355 1131 1947 362 1132 1948 283 1133 1949 357 1134 1950 277 1135 1951 358 1136 1952 358 1136 1953 277 1135 1954 276 1137 1955 357 1134 1956 356 1138 1957 277 1135 1958 277 1135 1959 356 1138 1960 355 1131 1961 277 1135 1962 355 1131 1963 278 1139 1964 278 1139 1965 355 1131 1966 283 1133 1967 278 1139 1968 283 1133 1969 279 1140 1970 362 1132 1971 363 1141 1972 283 1133 1973 283 1133 1974 363 1141 1975 364 1142 1976 283 1133 1977 364 1142 1978 284 1143 1979 362 1144 1980 365 1145 1981 366 1146 1982 362 1144 1983 366 1146 1984 363 1147 1985 363 1148 1986 366 1149 1987 367 1150 1988 363 1148 1989 367 1150 1990 364 1151 1991 364 1152 1992 367 1153 1993 368 1154 1994 364 1155 1995 368 1156 1996 284 1157 1997 284 1158 1998 368 1158 1999 369 1158 2000 284 1159 2001 369 1159 2002 285 1159 2003 285 1160 2004 369 1161 2005 286 1162 2006 286 1163 2007 369 1163 2008 370 1163 2009 286 1164 2010 370 1165 2011 287 1166 2012 371 1167 2013 372 1168 2014 373 1169 2015 373 1169 2016 372 1168 2017 374 1170 2018 375 1171 2019 376 1172 2020 365 1173 2021 365 1173 2022 376 1172 2023 377 1174 2024 365 1173 2025 377 1174 2026 378 1175 2027 379 1176 2028 380 1177 2029 381 1178 2030 379 1176 2031 381 1178 2032 382 1179 2033 382 1180 2034 381 1181 2035 383 1182 2036 382 1180 2037 383 1182 2038 384 1183 2039 384 1184 2040 383 1185 2041 385 1186 2042 384 1184 2043 385 1186 2044 386 1187 2045 386 1188 2046 385 1189 2047 372 1190 2048 386 1188 2049 372 1190 2050 371 1191 2051 387 1192 2052 370 1193 2053 369 1194 2054 365 1195 2055 378 1195 2056 366 1195 2057 366 1196 2058 378 1197 2059 388 1198 2060 387 1192 2061 369 1194 2062 389 1199 2063 389 1200 2064 369 1201 2065 368 1202 2066 389 1200 2067 368 1202 2068 390 1203 2069 368 1204 2070 367 1205 2071 390 1206 2072 390 1207 2073 367 1208 2074 366 1209 2075 390 1207 2076 366 1209 2077 391 1210 2078 391 1211 2079 366 1212 2080 388 1213 2081 391 1214 2082 388 1215 2083 392 1216 2084 393 1217 2085 394 1218 2086 387 1219 2087 387 1219 2088 394 1218 2089 370 1220 2090 287 1221 2091 370 1222 2092 289 1223 2093 289 1223 2094 370 1222 2095 394 1224 2096 290 1225 2097 289 1226 2098 291 1227 2099 291 1228 2100 289 1229 2101 395 1230 2102 291 1231 2103 395 1232 2104 396 1233 2105 396 1234 2106 395 1235 2107 397 1236 2108 398 1237 2109 399 1238 2110 400 1239 2111 400 1240 2112 399 1240 2113 401 1240 2114 400 1241 2115 401 1242 2116 395 1243 2117 395 1244 2118 401 1245 2119 402 1246 2120 395 1247 2121 402 1248 2122 397 1249 2123 291 1250 2124 396 1250 2125 292 1250 2126 292 1251 2127 396 1252 2128 397 1253 2129 292 1254 2130 397 1255 2131 327 1256 2132 327 1257 2133 397 1258 2134 402 1259 2135 327 1260 2136 402 1261 2137 328 1262 2138 401 1263 2139 403 1263 2140 402 1263 2141 402 1264 2142 403 1265 2143 404 1266 2144 402 1267 2145 404 1267 2146 328 1267 2147 405 790 2148 406 1268 2149 407 1269 2150 407 1269 2151 406 1268 2152 408 1270 2153 407 1269 2154 408 1270 2155 409 1271 2156 323 1272 2157 324 1273 2158 407 1269 2159 407 1269 2160 324 1273 2161 325 790 2162 407 1269 2163 325 790 2164 405 790 2165 405 790 2166 325 790 2167 305 1274 2168 405 790 2169 305 1274 2170 333 1275 2171 333 1275 2172 305 1274 2173 306 1276 2174 333 1275 2175 306 1276 2176 332 1277 2177 332 1277 2178 306 1276 2179 304 1278 2180 332 1277 2181 304 1278 2182 294 1279 2183 294 1279 2184 304 1278 2185 295 790 2186 295 790 2187 304 1278 2188 296 790 2189 295 790 2190 296 790 2191 303 1280 2192 303 1280 2193 296 790 2194 297 1281 2195 303 1280 2196 297 1281 2197 298 1282 2198 301 1283 2199 302 1284 2200 300 1285 2201 300 1285 2202 302 1284 2203 303 1280 2204 300 1285 2205 303 1280 2206 299 790 2207 299 790 2208 303 1280 2209 298 1282 2210 410 1286 2211 361 1287 2212 321 1288 2213 321 1288 2214 361 1287 2215 322 1289 2216 309 1290 2217 308 1291 2218 410 1286 2219 315 1292 2220 205 1293 2221 198 1294 2222 407 1289 2223 410 1286 2224 323 1295 2225 323 1295 2226 410 1286 2227 308 1291 2228 323 1295 2229 308 1291 2230 252 1296 2231 252 1296 2232 308 1291 2233 259 1297 2234 198 1294 2235 309 1290 2236 315 1292 2237 315 1292 2238 309 1290 2239 410 1286 2240 315 1292 2241 410 1286 2242 316 1298 2243 316 1298 2244 410 1286 2245 321 1288 2246 316 1298 2247 321 1288 2248 225 1299 2249 225 1299 2250 321 1288 2251 232 1297 2252 404 1300 2253 403 1301 2254 411 1302 2255 411 1303 2256 403 1304 2257 412 1305 2258 411 1306 2259 412 1307 2260 413 1308 2261 404 1309 2262 411 1310 2263 328 1311 2264 328 1312 2265 411 1312 2266 414 1313 2267 328 1314 2268 414 1315 2269 329 1316 2270 333 1317 2271 267 1318 2272 326 1319 2273 333 1320 2274 326 1321 2275 405 1322 2276 405 1323 2277 326 1323 2278 330 1323 2279 405 1324 2280 330 1325 2281 406 1326 2282 406 1327 2283 330 1328 2284 331 1329 2285 406 1330 2286 331 1331 2287 408 1332 2288 408 1333 2289 331 1333 2290 329 1333 2291 408 1334 2292 329 1334 2293 409 1334 2294 415 790 2295 416 790 2296 417 790 2297 361 1335 2298 410 1336 2299 344 1337 2300 360 1338 2301 341 1339 2302 359 1340 2303 359 1340 2304 341 1339 2305 343 1341 2306 359 1340 2307 343 1341 2308 351 1342 2309 344 1337 2310 410 1336 2311 418 1343 2312 418 1343 2313 410 1336 2314 419 1344 2315 418 1343 2316 419 1344 2317 420 790 2318 415 790 2319 417 790 2320 419 1344 2321 419 1344 2322 417 790 2323 421 790 2324 419 1344 2325 421 790 2326 420 790 2327 344 1337 2328 334 1345 2329 361 1335 2330 361 1335 2331 334 1345 2332 337 1346 2333 361 1335 2334 337 1346 2335 360 1338 2336 360 1338 2337 337 1346 2338 339 1347 2339 360 1338 2340 339 1347 2341 341 1339 2342 417 1348 2343 422 1349 2344 423 1350 2345 417 1348 2346 423 1350 2347 421 1351 2348 421 1352 2349 423 1353 2350 424 1354 2351 421 1352 2352 424 1354 2353 420 1355 2354 420 1356 2355 424 1357 2356 425 1358 2357 420 1356 2358 425 1358 2359 418 1359 2360 418 1360 2361 425 1361 2362 345 1362 2363 418 1360 2364 345 1362 2365 344 1363 2366 345 1364 2367 426 1365 2368 335 1366 2369 335 1366 2370 426 1365 2371 350 1367 2372 426 1368 2373 427 1369 2374 350 1370 2375 350 1370 2376 427 1369 2377 428 1371 2378 429 1372 2379 346 1373 2380 347 1374 2381 429 1372 2382 347 1374 2383 430 1375 2384 430 1376 2385 347 1377 2386 348 1378 2387 430 1376 2388 348 1378 2389 431 1379 2390 431 1380 2391 348 1381 2392 349 1382 2393 431 1380 2394 349 1382 2395 432 1383 2396 432 1384 2397 349 1385 2398 350 1386 2399 432 1384 2400 350 1386 2401 428 1387 2402 427 1388 2403 426 1389 2404 433 1390 2405 427 1388 2406 433 1390 2407 434 1391 2408 434 1392 2409 433 1393 2410 435 1394 2411 434 1392 2412 435 1394 2413 436 1395 2414 436 1396 2415 435 1397 2416 437 1398 2417 436 1396 2418 437 1398 2419 438 1399 2420 438 1400 2421 437 1401 2422 439 1402 2423 438 1400 2424 439 1402 2425 440 1403 2426 441 1404 2427 442 1405 2428 346 1406 2429 429 1407 2430 443 1408 2431 346 1406 2432 346 1406 2433 443 1408 2434 444 1409 2435 346 1406 2436 444 1409 2437 441 1404 2438 362 1410 2439 355 1411 2440 354 1412 2441 374 1413 2442 372 1414 2443 442 1415 2444 442 1415 2445 372 1414 2446 375 1416 2447 342 1417 2448 346 1418 2449 354 1412 2450 354 1412 2451 346 1418 2452 442 1415 2453 354 1412 2454 442 1415 2455 362 1410 2456 362 1410 2457 442 1415 2458 375 1416 2459 362 1410 2460 375 1416 2461 365 1419 2462 373 1420 2463 374 1421 2464 445 1422 2465 373 1420 2466 445 1422 2467 446 1423 2468 446 1424 2469 445 1425 2470 447 1426 2471 446 1424 2472 447 1426 2473 448 1427 2474 448 1428 2475 447 1429 2476 449 1430 2477 448 1428 2478 449 1430 2479 450 1431 2480 450 1432 2481 449 1433 2482 451 1434 2483 450 1432 2484 451 1434 2485 452 1435 2486 453 1436 2487 454 1437 2488 455 1438 2489 456 1439 2490 457 1440 2491 453 1441 2492 458 1442 2493 459 1443 2494 453 1442 2495 460 1444 2496 461 1445 2497 453 1445 2498 462 1446 2499 463 1447 2500 453 1448 2501 453 1449 2502 464 1449 2503 465 1450 2504 466 1451 2505 464 1452 2506 453 1453 2507 463 1454 2508 466 1454 2509 453 1454 2510 461 1455 2511 462 1456 2512 453 1457 2513 459 1458 2514 460 1458 2515 453 1458 2516 457 1459 2517 458 1460 2518 453 1461 2519 455 1462 2520 456 1463 2521 453 1464 2522 453 1465 2523 465 1465 2524 467 1465 2525 453 1466 2526 468 1466 2527 469 1467 2528 470 1468 2529 468 1469 2530 453 1470 2531 467 1471 2532 470 1472 2533 453 1473 2534 453 1474 2535 471 1475 2536 454 1476 2537 472 1477 2538 471 1477 2539 453 1477 2540 469 1478 2541 472 1478 2542 453 1478 2543 473 1479 2544 474 1479 2545 379 1480 2546 473 1479 2547 379 1480 2548 475 1479 2549 384 1481 2550 386 1482 2551 371 1483 2552 475 1479 2553 371 1483 2554 476 1484 2555 476 1484 2556 371 1483 2557 373 1485 2558 475 1479 2559 379 1480 2560 371 1483 2561 371 1483 2562 379 1480 2563 382 1486 2564 371 1483 2565 382 1486 2566 384 1481 2567 373 1485 2568 446 1487 2569 448 1488 2570 477 1479 2571 476 1484 2572 452 1479 2573 452 1479 2574 476 1484 2575 373 1485 2576 452 1479 2577 373 1485 2578 450 1479 2579 450 1479 2580 373 1485 2581 448 1488 2582 478 1489 2583 380 1490 2584 479 1491 2585 479 1491 2586 380 1490 2587 480 1492 2588 379 1493 2589 474 1494 2590 380 1490 2591 380 1490 2592 474 1494 2593 481 1495 2594 380 1490 2595 481 1495 2596 480 1492 2597 375 1496 2598 372 1496 2599 376 1496 2600 376 1497 2601 372 1497 2602 385 1497 2603 482 1498 2604 392 1499 2605 385 1500 2606 385 1501 2607 392 1502 2608 388 1503 2609 388 1504 2610 378 1505 2611 385 1506 2612 385 1507 2613 378 1508 2614 377 1509 2615 385 1510 2616 377 1511 2617 376 1512 2618 385 1513 2619 383 1513 2620 482 1513 2621 482 1514 2622 383 1515 2623 381 1516 2624 482 1514 2625 381 1516 2626 483 1517 2627 483 1518 2628 381 1519 2629 380 1520 2630 483 1518 2631 380 1520 2632 484 1521 2633 485 1479 2634 486 1479 2635 487 1479 2636 484 1522 2637 389 1523 2638 483 1479 2639 483 1479 2640 389 1523 2641 390 1479 2642 483 1479 2643 390 1479 2644 482 1524 2645 482 1524 2646 390 1479 2647 391 1525 2648 482 1524 2649 391 1525 2650 392 1526 2651 488 1527 2652 393 1528 2653 484 1522 2654 484 1522 2655 393 1528 2656 387 1529 2657 484 1522 2658 387 1529 2659 389 1523 2660 485 1479 2661 487 1479 2662 489 1530 2663 489 1530 2664 487 1479 2665 490 1531 2666 489 1530 2667 490 1531 2668 488 1527 2669 488 1527 2670 490 1531 2671 491 1532 2672 488 1527 2673 491 1532 2674 393 1528 2675 492 1533 2676 493 1534 2677 494 1535 2678 494 1536 2679 493 1536 2680 495 1536 2681 494 1537 2682 495 1538 2683 486 1539 2684 486 1540 2685 495 1541 2686 487 1542 2687 487 1543 2688 495 1544 2689 496 1545 2690 487 1543 2691 496 1545 2692 490 1546 2693 490 1547 2694 496 1548 2695 497 1549 2696 490 1547 2697 497 1549 2698 491 1550 2699 491 1551 2700 497 1552 2701 394 1553 2702 491 1551 2703 394 1553 2704 393 1554 2705 492 1533 2706 498 1555 2707 493 1534 2708 493 1534 2709 498 1555 2710 499 1556 2711 493 1534 2712 499 1556 2713 500 1557 2714 501 1558 2715 398 1558 2716 496 1558 2717 496 1559 2718 398 1560 2719 497 1561 2720 495 1562 2721 493 1562 2722 502 1562 2723 502 1563 2724 503 1564 2725 495 1565 2726 495 1566 2727 503 1567 2728 504 1568 2729 495 1569 2730 504 1570 2731 496 1571 2732 496 1572 2733 504 1572 2734 505 1572 2735 496 1573 2736 505 1574 2737 501 1575 2738 289 1576 2739 394 1577 2740 395 1578 2741 395 1579 2742 394 1580 2743 497 1581 2744 395 1582 2745 497 1583 2746 400 1584 2747 400 1585 2748 497 1585 2749 398 1585 2750 403 1586 2751 401 1587 2752 399 1588 2753 399 1588 2754 398 1589 2755 501 1590 2756 403 1586 2757 399 1588 2758 412 1591 2759 412 1591 2760 399 1588 2761 506 1592 2762 412 1591 2763 506 1592 2764 413 1593 2765 501 1590 2766 505 1594 2767 399 1588 2768 399 1588 2769 505 1594 2770 504 1595 2771 399 1588 2772 504 1595 2773 503 1596 2774 507 1597 2775 506 1592 2776 508 1598 2777 508 1598 2778 506 1592 2779 399 1588 2780 508 1598 2781 399 1588 2782 502 1599 2783 502 1599 2784 399 1588 2785 503 1596 2786 329 1600 2787 414 1601 2788 409 1602 2789 409 1602 2790 414 1601 2791 419 1603 2792 409 1604 2793 419 1604 2794 407 1604 2795 407 1605 2796 419 1605 2797 410 1605 2798 414 1606 2799 411 1607 2800 419 1608 2801 419 1609 2802 411 1609 2803 413 1609 2804 419 1610 2805 413 1610 2806 415 1610 2807 415 1611 2808 413 1612 2809 506 1613 2810 415 1614 2811 506 1614 2812 416 1614 2813 416 1615 2814 506 1615 2815 507 1615 2816 416 1616 2817 507 1617 2818 509 1618 2819 509 1619 2820 507 1620 2821 510 1621 2822 510 1622 2823 507 1622 2824 508 1622 2825 510 1623 2826 508 1623 2827 511 1623 2828 510 1624 2829 511 1625 2830 422 1626 2831 417 1627 2832 416 1628 2833 422 1626 2834 422 1626 2835 416 1628 2836 509 1629 2837 422 1626 2838 509 1629 2839 510 1624 2840 426 1630 2841 345 1631 2842 425 1632 2843 426 1630 2844 425 1632 2845 433 1633 2846 433 1634 2847 425 1635 2848 424 1636 2849 433 1634 2850 424 1636 2851 435 1637 2852 435 1638 2853 424 1639 2854 423 1640 2855 435 1638 2856 423 1640 2857 437 1641 2858 437 1642 2859 423 1643 2860 422 1644 2861 437 1642 2862 422 1644 2863 439 1645 2864 512 1646 2865 440 1647 2866 513 1648 2867 513 1648 2868 440 1647 2869 439 1649 2870 513 1648 2871 439 1649 2872 514 1650 2873 514 1650 2874 439 1649 2875 515 1651 2876 516 1652 2877 517 1653 2878 518 1654 2879 518 1654 2880 517 1653 2881 519 1655 2882 518 1654 2883 519 1655 2884 520 1656 2885 521 1657 2886 522 1658 2887 523 1659 2888 523 1659 2889 522 1658 2890 517 1653 2891 523 1659 2892 517 1653 2893 524 1660 2894 524 1660 2895 517 1653 2896 516 1652 2897 525 1661 2898 526 1662 2899 527 1663 2900 527 1663 2901 528 1664 2902 525 1661 2903 525 1661 2904 528 1664 2905 529 1665 2906 525 1661 2907 529 1665 2908 519 1655 2909 519 1655 2910 529 1665 2911 530 1666 2912 519 1655 2913 530 1666 2914 520 1656 2915 531 1479 2916 532 1667 2917 533 1668 2918 533 1668 2919 532 1667 2920 530 1666 2921 533 1668 2922 530 1666 2923 534 1669 2924 534 1669 2925 530 1666 2926 529 1665 2927 535 1670 2928 443 1479 2929 429 1671 2930 536 1672 2931 537 1673 2932 428 1479 2933 538 1674 2934 438 1479 2935 539 1479 2936 539 1479 2937 438 1479 2938 440 1479 2939 539 1479 2940 440 1479 2941 512 1479 2942 428 1479 2943 537 1673 2944 432 1675 2945 432 1675 2946 537 1673 2947 540 1676 2948 432 1675 2949 540 1676 2950 431 1479 2951 535 1670 2952 429 1671 2953 540 1676 2954 540 1676 2955 429 1671 2956 430 1479 2957 540 1676 2958 430 1479 2959 431 1479 2960 428 1479 2961 427 1479 2962 536 1672 2963 536 1672 2964 427 1479 2965 434 1677 2966 536 1672 2967 434 1677 2968 538 1674 2969 538 1674 2970 434 1677 2971 436 1678 2972 538 1674 2973 436 1678 2974 438 1479 2975 537 1679 2976 451 1680 2977 449 1681 2978 537 1679 2979 449 1681 2980 540 1682 2981 540 1683 2982 449 1684 2983 447 1685 2984 540 1683 2985 447 1685 2986 535 1686 2987 535 1687 2988 447 1687 2989 443 1687 2990 443 1688 2991 447 1689 2992 445 1690 2993 443 1691 2994 445 1692 2995 444 1693 2996 444 1694 2997 445 1695 2998 441 1696 2999 441 1697 3000 445 1698 3001 374 1699 3002 441 1700 3003 374 1700 3004 442 1700 3005 477 1701 3006 452 1702 3007 541 1703 3008 541 1703 3009 452 1702 3010 451 1704 3011 541 1703 3012 451 1704 3013 542 1705 3014 542 1705 3015 451 1704 3016 543 1706 3017 454 1707 3018 544 1708 3019 455 1709 3020 455 1710 3021 544 1711 3022 545 1712 3023 455 1713 3024 545 1714 3025 456 1715 3026 456 1716 3027 545 1716 3028 457 1716 3029 457 1717 3030 545 1718 3031 546 1719 3032 457 1720 3033 546 1721 3034 458 1722 3035 458 1723 3036 546 1724 3037 459 1725 3038 459 1726 3039 546 1727 3040 547 1728 3041 459 1729 3042 547 1729 3043 460 1729 3044 548 1730 3045 462 1731 3046 547 1732 3047 547 1733 3048 462 1734 3049 461 1735 3050 547 1736 3051 461 1737 3052 460 1738 3053 549 1739 3054 550 1739 3055 465 1739 3056 465 1740 3057 464 1741 3058 549 1742 3059 549 1743 3060 464 1744 3061 466 1745 3062 549 1746 3063 466 1746 3064 548 1746 3065 548 1747 3066 466 1748 3067 463 1749 3068 548 1750 3069 463 1751 3070 462 1752 3071 465 1753 3072 550 1754 3073 551 1755 3074 465 1753 3075 551 1755 3076 467 1756 3077 467 1757 3078 551 1758 3079 552 1759 3080 467 1757 3081 552 1759 3082 470 1760 3083 470 1761 3084 552 1762 3085 553 1763 3086 470 1761 3087 553 1763 3088 468 1764 3089 468 1765 3090 553 1766 3091 554 1767 3092 468 1765 3093 554 1767 3094 469 1768 3095 469 1769 3096 554 1770 3097 555 1771 3098 469 1769 3099 555 1771 3100 472 1772 3101 472 1773 3102 555 1773 3103 556 1773 3104 472 1774 3105 556 1774 3106 471 1774 3107 471 1775 3108 556 1776 3109 544 1777 3110 471 1775 3111 544 1777 3112 454 1778 3113 521 1779 3114 557 1779 3115 558 1779 3116 521 1779 3117 558 1779 3118 522 1779 3119 522 1780 3120 558 1781 3121 559 1782 3122 522 1780 3123 559 1782 3124 517 1783 3125 517 1784 3126 559 1785 3127 560 1786 3128 517 1784 3129 560 1786 3130 519 1787 3131 561 1788 3132 525 1789 3133 560 1790 3134 560 1790 3135 525 1789 3136 519 1791 3137 525 1792 3138 561 1793 3139 562 1794 3140 525 1792 3141 562 1794 3142 526 1795 3143 526 1796 3144 562 1797 3145 563 1798 3146 526 1796 3147 563 1798 3148 527 1799 3149 527 1800 3150 563 1801 3151 564 1802 3152 527 1800 3153 564 1802 3154 528 1803 3155 528 1804 3156 564 1805 3157 565 1806 3158 528 1804 3159 565 1806 3160 529 1807 3161 566 1808 3162 534 1809 3163 565 1810 3164 565 1810 3165 534 1809 3166 529 1811 3167 567 1812 3168 530 1813 3169 568 1814 3170 568 1814 3171 530 1813 3172 532 1815 3173 568 1816 3174 532 1817 3175 569 1818 3176 569 1818 3177 532 1817 3178 531 1819 3179 569 1820 3180 531 1821 3181 570 1822 3182 570 1822 3183 531 1821 3184 533 1823 3185 570 1824 3186 533 1825 3187 566 1826 3188 566 1826 3189 533 1825 3190 534 1827 3191 571 1828 3192 520 1829 3193 567 1830 3194 567 1830 3195 520 1829 3196 530 1831 3197 572 1832 3198 523 1833 3199 524 1834 3200 572 1832 3201 524 1834 3202 573 1835 3203 573 1836 3204 524 1837 3205 516 1838 3206 573 1836 3207 516 1838 3208 574 1839 3209 574 1840 3210 516 1841 3211 518 1842 3212 574 1840 3213 518 1842 3214 575 1843 3215 575 1844 3216 518 1845 3217 520 1846 3218 575 1844 3219 520 1846 3220 571 1847 3221 543 1848 3222 576 1849 3223 542 1850 3224 542 1851 3225 576 1851 3226 577 1851 3227 542 1852 3228 577 1853 3229 541 1854 3230 577 1855 3231 578 1856 3232 541 1857 3233 541 1858 3234 578 1858 3235 579 1858 3236 541 1859 3237 579 1860 3238 477 1861 3239 580 1862 3240 476 1863 3241 581 1864 3242 581 1865 3243 476 1866 3244 477 1867 3245 581 1868 3246 477 1869 3247 582 1870 3248 582 1871 3249 477 1872 3250 579 1873 3251 583 1874 3252 475 1875 3253 580 1876 3254 580 1876 3255 475 1875 3256 476 1877 3257 473 1878 3258 475 1879 3259 584 1880 3260 584 1880 3261 475 1879 3262 583 1881 3263 473 1882 3264 584 1883 3265 474 1884 3266 474 1885 3267 584 1886 3268 585 1887 3269 474 1888 3270 585 1888 3271 481 1888 3272 481 1889 3273 585 1890 3274 586 1891 3275 481 1889 3276 586 1891 3277 480 1892 3278 480 1893 3279 586 1894 3280 479 1895 3281 479 1896 3282 586 1897 3283 587 1898 3284 479 1899 3285 587 1900 3286 478 1901 3287 484 1902 3288 380 1903 3289 478 1904 3290 587 1905 3291 588 1906 3292 478 1904 3293 478 1904 3294 588 1906 3295 488 1907 3296 478 1904 3297 488 1907 3298 484 1902 3299 589 1908 3300 489 1909 3301 590 1910 3302 590 1911 3303 489 1912 3304 488 1913 3305 590 1911 3306 488 1913 3307 588 1914 3308 591 1915 3309 498 1916 3310 492 1917 3311 492 1918 3312 494 1919 3313 591 1920 3314 591 1921 3315 494 1922 3316 486 1923 3317 591 1924 3318 486 1925 3319 589 1926 3320 589 1927 3321 486 1928 3322 485 1929 3323 589 1908 3324 485 1930 3325 489 1909 3326 498 1931 3327 591 1932 3328 499 1933 3329 499 1934 3330 591 1935 3331 592 1936 3332 499 1937 3333 592 1938 3334 500 1939 3335 502 1940 3336 493 1941 3337 500 1942 3338 439 1943 3339 422 1944 3340 515 1945 3341 515 1945 3342 422 1944 3343 511 1946 3344 592 1947 3345 593 1948 3346 500 1942 3347 500 1942 3348 593 1948 3349 515 1945 3350 500 1942 3351 515 1945 3352 502 1940 3353 502 1940 3354 515 1945 3355 511 1946 3356 502 1940 3357 511 1946 3358 508 1949 3359 515 1950 3360 593 1950 3361 514 1950 3362 514 1951 3363 593 1952 3364 594 1953 3365 539 1954 3366 512 1954 3367 594 1954 3368 594 1955 3369 512 1955 3370 513 1955 3371 594 1956 3372 513 1957 3373 514 1958 3374 594 1959 3375 595 1959 3376 539 1959 3377 539 1960 3378 595 1961 3379 596 1962 3380 539 1960 3381 596 1962 3382 538 1963 3383 538 1964 3384 596 1965 3385 597 1966 3386 538 1964 3387 597 1966 3388 536 1967 3389 597 1968 3390 557 1969 3391 536 1970 3392 536 1970 3393 557 1969 3394 521 1971 3395 572 1972 3396 576 1973 3397 523 1974 3398 523 1974 3399 576 1973 3400 543 1975 3401 451 1976 3402 537 1977 3403 543 1975 3404 543 1975 3405 537 1977 3406 536 1970 3407 543 1975 3408 536 1970 3409 523 1974 3410 523 1974 3411 536 1970 3412 521 1971 3413 598 1978 3414 599 1979 3415 600 1980 3416 598 1981 3417 601 1982 3418 602 1983 3419 603 1984 3420 601 1984 3421 598 1984 3422 600 1985 3423 603 1985 3424 598 1986 3425 598 1987 3426 604 1987 3427 605 1987 3428 606 1988 3429 604 1989 3430 598 1990 3431 602 1991 3432 606 1992 3433 598 1993 3434 544 1994 3435 607 1995 3436 545 1996 3437 545 1996 3438 607 1995 3439 608 1997 3440 545 1998 3441 608 1999 3442 546 2000 3443 546 2000 3444 608 1999 3445 609 2001 3446 546 2002 3447 609 2003 3448 547 2004 3449 547 2004 3450 609 2003 3451 610 2005 3452 547 2006 3453 610 2007 3454 548 2008 3455 548 2008 3456 610 2007 3457 611 2009 3458 548 2010 3459 611 2011 3460 549 2012 3461 549 2012 3462 611 2011 3463 612 2013 3464 549 2014 3465 612 2015 3466 550 2016 3467 550 2016 3468 612 2015 3469 613 2017 3470 550 2018 3471 613 2019 3472 551 2020 3473 551 2020 3474 613 2019 3475 614 2021 3476 551 2022 3477 614 2023 3478 552 2024 3479 552 2024 3480 614 2023 3481 615 2025 3482 552 2026 3483 615 2027 3484 553 2028 3485 553 2028 3486 615 2027 3487 616 2029 3488 553 2030 3489 616 2031 3490 554 2032 3491 554 2032 3492 616 2031 3493 617 2033 3494 554 2034 3495 617 2035 3496 555 2036 3497 555 2036 3498 617 2035 3499 618 2037 3500 555 2038 3501 618 2039 3502 556 2040 3503 556 2040 3504 618 2039 3505 619 2041 3506 556 2042 3507 619 2043 3508 544 2044 3509 544 2044 3510 619 2043 3511 607 2045 3512 620 2046 3513 560 2047 3514 559 2048 3515 620 2046 3516 559 2048 3517 621 2049 3518 621 2050 3519 559 2051 3520 558 2052 3521 621 2050 3522 558 2052 3523 622 2053 3524 622 2054 3525 558 2055 3526 557 2056 3527 622 2054 3528 557 2056 3529 623 2057 3530 624 2058 3531 561 2059 3532 620 2060 3533 620 2060 3534 561 2059 3535 560 2061 3536 561 2062 3537 624 2063 3538 562 2064 3539 562 2064 3540 624 2063 3541 625 2065 3542 562 2066 3543 625 2067 3544 563 2068 3545 563 2068 3546 625 2067 3547 626 2069 3548 563 2070 3549 626 2071 3550 564 2072 3551 564 2072 3552 626 2071 3553 627 2073 3554 564 2074 3555 627 2075 3556 565 2076 3557 565 2076 3558 627 2075 3559 628 2077 3560 565 2078 3561 628 2079 3562 566 2080 3563 566 2080 3564 628 2079 3565 629 2081 3566 566 2082 3567 629 2083 3568 570 2084 3569 570 2084 3570 629 2083 3571 630 2085 3572 570 2086 3573 630 2087 3574 569 2088 3575 569 2088 3576 630 2087 3577 631 2089 3578 569 2090 3579 631 2091 3580 568 2092 3581 568 2092 3582 631 2091 3583 632 2093 3584 568 2094 3585 632 2095 3586 567 2096 3587 567 2096 3588 632 2095 3589 633 2097 3590 567 2098 3591 633 2099 3592 571 2100 3593 571 2100 3594 633 2099 3595 634 2101 3596 635 2102 3597 572 2103 3598 573 2104 3599 635 2102 3600 573 2104 3601 636 2105 3602 636 2106 3603 573 2107 3604 574 2108 3605 636 2106 3606 574 2108 3607 637 2109 3608 637 2110 3609 574 2111 3610 575 2112 3611 637 2110 3612 575 2112 3613 638 2113 3614 638 2114 3615 575 2115 3616 571 2116 3617 638 2114 3618 571 2116 3619 634 2117 3620 572 2118 3621 635 2119 3622 576 2120 3623 576 2120 3624 635 2119 3625 639 2121 3626 640 2122 3627 580 2123 3628 581 2124 3629 640 2122 3630 581 2124 3631 641 2125 3632 641 2126 3633 581 2127 3634 582 2128 3635 641 2129 3636 582 2130 3637 642 2130 3638 582 2131 3639 579 2131 3640 642 2132 3641 642 2133 3642 579 2133 3643 578 2133 3644 642 2134 3645 578 2135 3646 643 2134 3647 578 2136 3648 577 2137 3649 643 2138 3650 643 2139 3651 577 2140 3652 576 2141 3653 643 2139 3654 576 2141 3655 639 2142 3656 644 2143 3657 583 2144 3658 640 2145 3659 640 2145 3660 583 2144 3661 580 2146 3662 645 2147 3663 587 2148 3664 586 2149 3665 645 2147 3666 586 2149 3667 646 2150 3668 646 2151 3669 586 2152 3670 585 2153 3671 646 2151 3672 585 2153 3673 647 2154 3674 647 2155 3675 585 2156 3676 584 2157 3677 647 2155 3678 584 2157 3679 648 2158 3680 648 2159 3681 584 2160 3682 583 2161 3683 648 2159 3684 583 2161 3685 644 2162 3686 649 2163 3687 588 2164 3688 645 2165 3689 645 2165 3690 588 2164 3691 587 2166 3692 650 2167 3693 592 2168 3694 591 2169 3695 650 2167 3696 591 2169 3697 651 2170 3698 651 2171 3699 591 2172 3700 589 2173 3701 651 2171 3702 589 2173 3703 652 2174 3704 652 2175 3705 589 2176 3706 590 2177 3707 652 2175 3708 590 2177 3709 653 2178 3710 653 2179 3711 590 2180 3712 588 2181 3713 653 2179 3714 588 2181 3715 649 2182 3716 654 2183 3717 593 2184 3718 650 2185 3719 650 2185 3720 593 2184 3721 592 2186 3722 655 2187 3723 597 2188 3724 596 2189 3725 655 2187 3726 596 2189 3727 656 2190 3728 656 2191 3729 596 2192 3730 595 2193 3731 656 2191 3732 595 2193 3733 657 2194 3734 657 2195 3735 595 2196 3736 594 2197 3737 657 2195 3738 594 2197 3739 658 2198 3740 658 2199 3741 594 2200 3742 593 2201 3743 658 2199 3744 593 2201 3745 654 2202 3746 623 2203 3747 557 2204 3748 655 2205 3749 655 2205 3750 557 2204 3751 597 2206 3752 599 2207 3753 659 2208 3754 660 2209 3755 599 2207 3756 660 2209 3757 600 2210 3758 600 2211 3759 660 2212 3760 661 2213 3761 600 2211 3762 661 2213 3763 603 2214 3764 603 2215 3765 661 2216 3766 662 2217 3767 603 2215 3768 662 2217 3769 601 2218 3770 601 2219 3771 662 2220 3772 663 2221 3773 601 2219 3774 663 2221 3775 602 2222 3776 602 2223 3777 663 2224 3778 664 2225 3779 602 2223 3780 664 2225 3781 606 2226 3782 606 2227 3783 664 2228 3784 665 2229 3785 606 2227 3786 665 2229 3787 604 2230 3788 604 2231 3789 665 2232 3790 666 2233 3791 604 2231 3792 666 2233 3793 605 2234 3794 598 2235 3795 605 2235 3796 667 2235 3797 668 2236 3798 669 2236 3799 598 2236 3800 670 2237 3801 671 2237 3802 598 2238 3803 672 2239 3804 673 2240 3805 598 2241 3806 674 2242 3807 675 2243 3808 598 2244 3809 598 2245 3810 676 2245 3811 599 2245 3812 677 2246 3813 676 2247 3814 598 2248 3815 675 2249 3816 677 2249 3817 598 2249 3818 673 2250 3819 674 2250 3820 598 2251 3821 671 2252 3822 672 2252 3823 598 2252 3824 669 2253 3825 670 2253 3826 598 2253 3827 667 2254 3828 668 2255 3829 598 2256 3830 640 2257 3831 641 2258 3832 678 2259 3833 641 2258 3834 642 2260 3835 678 2259 3836 678 2259 3837 642 2260 3838 643 2261 3839 678 2259 3840 643 2261 3841 679 2262 3842 679 2262 3843 643 2261 3844 639 2263 3845 679 2262 3846 639 2263 3847 680 2264 3848 680 2264 3849 639 2263 3850 635 2265 3851 611 2266 3852 610 2267 3853 656 2268 3854 621 1479 3855 622 2269 3856 609 2270 3857 609 2270 3858 622 2269 3859 623 2271 3860 609 2270 3861 623 2271 3862 610 2267 3863 610 2267 3864 623 2271 3865 655 2272 3866 610 2267 3867 655 2272 3868 656 2268 3869 621 1479 3870 609 2270 3871 620 2273 3872 620 2273 3873 609 2270 3874 608 2274 3875 620 2273 3876 608 2274 3877 624 1479 3878 681 2275 3879 682 2276 3880 633 2277 3881 633 2277 3882 682 2276 3883 634 1479 3884 656 2268 3885 657 2278 3886 611 2266 3887 611 2266 3888 657 2278 3889 658 1479 3890 611 2266 3891 658 1479 3892 612 2279 3893 612 2279 3894 658 1479 3895 654 2280 3896 612 2279 3897 654 2280 3898 613 2281 3899 634 1479 3900 682 2276 3901 638 2282 3902 638 2282 3903 682 2276 3904 680 2264 3905 638 2282 3906 680 2264 3907 637 2283 3908 637 2283 3909 680 2264 3910 635 2265 3911 637 2283 3912 635 2265 3913 636 2284 3914 678 2259 3915 683 2285 3916 640 2257 3917 640 2257 3918 683 2285 3919 684 2286 3920 640 2257 3921 684 2286 3922 644 2287 3923 625 2288 3924 619 1479 3925 618 2289 3926 615 2290 3927 652 2291 3928 616 2292 3929 616 2292 3930 652 2291 3931 653 2293 3932 616 2292 3933 653 2293 3934 617 1479 3935 684 2286 3936 685 2294 3937 644 2287 3938 644 2287 3939 685 2294 3940 686 2295 3941 644 2287 3942 686 2295 3943 648 2296 3944 648 2296 3945 686 2295 3946 687 2297 3947 648 2296 3948 687 2297 3949 647 1479 3950 647 1479 3951 687 2297 3952 646 1479 3953 624 1479 3954 608 2274 3955 625 2288 3956 625 2288 3957 608 2274 3958 607 2298 3959 625 2288 3960 607 2298 3961 619 1479 3962 613 2281 3963 654 2280 3964 614 2299 3965 614 2299 3966 654 2280 3967 650 2300 3968 614 2299 3969 650 2300 3970 615 2290 3971 615 2290 3972 650 2300 3973 651 1479 3974 615 2290 3975 651 1479 3976 652 2291 3977 632 2301 3978 688 2302 3979 633 2277 3980 633 2277 3981 688 2302 3982 689 2303 3983 633 2277 3984 689 2303 3985 681 2275 3986 646 1479 3987 687 2297 3988 645 2304 3989 645 2304 3990 687 2297 3991 690 2305 3992 645 2304 3993 690 2305 3994 688 2302 3995 653 2293 3996 649 2306 3997 617 1479 3998 617 1479 3999 649 2306 4000 627 2307 4001 617 1479 4002 627 2307 4003 618 2289 4004 618 2289 4005 627 2307 4006 626 2308 4007 618 2289 4008 626 2308 4009 625 2288 4010 632 2301 4011 631 2309 4012 688 2302 4013 688 2302 4014 631 2309 4015 630 2310 4016 688 2302 4017 630 2310 4018 645 2304 4019 645 2304 4020 630 2310 4021 629 2311 4022 645 2304 4023 629 2311 4024 649 2306 4025 649 2306 4026 629 2311 4027 628 2312 4028 649 2306 4029 628 2312 4030 627 2307 4031 659 2313 4032 681 2314 4033 660 2315 4034 660 2315 4035 681 2314 4036 689 2316 4037 660 2317 4038 689 2318 4039 661 2319 4040 661 2319 4041 689 2318 4042 688 2320 4043 661 2321 4044 688 2322 4045 662 2323 4046 662 2323 4047 688 2322 4048 690 2324 4049 662 2325 4050 690 2326 4051 663 2327 4052 663 2327 4053 690 2326 4054 687 2328 4055 663 2329 4056 687 2330 4057 664 2331 4058 664 2331 4059 687 2330 4060 686 2332 4061 664 2333 4062 686 2334 4063 665 2335 4064 665 2335 4065 686 2334 4066 685 2336 4067 665 2337 4068 685 2338 4069 666 2339 4070 666 2339 4071 685 2338 4072 684 2340 4073 605 2341 4074 666 2342 4075 667 1709 4076 667 2343 4077 666 2343 4078 691 2343 4079 667 2344 4080 691 2345 4081 668 2346 4082 668 2347 4083 691 2347 4084 669 2347 4085 669 2348 4086 691 2348 4087 692 2348 4088 669 2349 4089 692 2350 4090 670 2351 4091 670 2352 4092 692 2353 4093 671 1725 4094 671 2354 4095 692 2354 4096 693 2354 4097 671 2355 4098 693 2356 4099 672 2357 4100 672 2358 4101 693 2359 4102 673 2360 4103 673 2361 4104 693 2361 4105 694 2361 4106 673 2362 4107 694 2363 4108 674 2364 4109 674 2365 4110 694 2366 4111 675 2367 4112 675 2368 4113 694 2369 4114 695 2370 4115 675 2371 4116 695 2372 4117 677 2373 4118 677 2374 4119 695 2375 4120 676 2376 4121 676 2377 4122 695 2378 4123 659 2379 4124 676 2380 4125 659 2380 4126 599 2380 4127 666 2381 4128 684 2382 4129 691 2383 4130 691 2383 4131 684 2382 4132 683 2384 4133 691 2385 4134 683 2386 4135 692 2387 4136 692 2387 4137 683 2386 4138 678 2388 4139 692 2389 4140 678 2390 4141 693 2391 4142 693 2391 4143 678 2390 4144 679 2392 4145 693 2393 4146 679 2394 4147 694 2395 4148 694 2395 4149 679 2394 4150 680 2396 4151 694 2397 4152 680 2398 4153 695 2399 4154 695 2399 4155 680 2398 4156 682 2400 4157 695 2401 4158 682 2402 4159 659 2403 4160 659 2403 4161 682 2402 4162 681 2404 4163 696 2405 4164 697 790 4165 698 2406 4166 699 790 4167 700 2407 4168 701 2408 4169 701 2408 4170 700 2407 4171 696 2405 4172 702 790 4173 703 790 4174 704 2409 4175 704 2409 4176 703 790 4177 705 2410 4178 706 2411 4179 704 2409 4180 707 2412 4181 707 2412 4182 704 2409 4183 705 2410 4184 707 2412 4185 705 2410 4186 698 2406 4187 698 2406 4188 705 2410 4189 708 2413 4190 698 2406 4191 708 2413 4192 696 2405 4193 696 2405 4194 708 2413 4195 709 2414 4196 696 2405 4197 709 2414 4198 701 2408 4199 705 2415 4200 710 2416 4201 708 2417 4202 708 2417 4203 710 2416 4204 711 2418 4205 708 2419 4206 711 2420 4207 709 2421 4208 709 2421 4209 711 2420 4210 712 2422 4211 709 2423 4212 712 2424 4213 701 2425 4214 701 2425 4215 712 2424 4216 713 2426 4217 701 2427 4218 713 2428 4219 699 2429 4220 699 2429 4221 713 2428 4222 714 2430 4223 699 2431 4224 714 2432 4225 700 2433 4226 700 2433 4227 714 2432 4228 715 2434 4229 700 2435 4230 715 2436 4231 696 2437 4232 696 2437 4233 715 2436 4234 716 2438 4235 696 2439 4236 716 2440 4237 697 2441 4238 697 2441 4239 716 2440 4240 717 2442 4241 697 2443 4242 717 2444 4243 698 2445 4244 698 2445 4245 717 2444 4246 718 2446 4247 698 2447 4248 718 2448 4249 707 2449 4250 707 2449 4251 718 2448 4252 719 2450 4253 707 2451 4254 719 2452 4255 706 2453 4256 706 2453 4257 719 2452 4258 720 2454 4259 706 2455 4260 720 2456 4261 704 2457 4262 704 2457 4263 720 2456 4264 721 2458 4265 704 2459 4266 721 2460 4267 702 2461 4268 702 2461 4269 721 2460 4270 722 2462 4271 702 2463 4272 722 2464 4273 703 2465 4274 703 2465 4275 722 2464 4276 723 2466 4277 703 2467 4278 723 2468 4279 705 2469 4280 705 2469 4281 723 2468 4282 710 2470 4283 720 790 4284 724 2471 4285 721 2472 4286 721 2472 4287 724 2471 4288 725 2473 4289 721 2472 4290 725 2473 4291 722 2474 4292 722 2474 4293 725 2473 4294 726 2475 4295 727 2476 4296 728 2477 4297 729 2478 4298 729 2478 4299 728 2477 4300 730 2479 4301 729 2478 4302 730 2479 4303 731 790 4304 732 2480 4305 733 2481 4306 734 2482 4307 734 2482 4308 733 2481 4309 735 2483 4310 734 2482 4311 735 2483 4312 736 2484 4313 736 2484 4314 735 2483 4315 737 2485 4316 736 2484 4317 737 2485 4318 738 2486 4319 738 2486 4320 737 2485 4321 739 2487 4322 738 2486 4323 739 2487 4324 740 2488 4325 720 790 4326 719 2489 4327 724 2471 4328 724 2471 4329 719 2489 4330 718 2490 4331 724 2471 4332 718 2490 4333 741 2491 4334 741 2491 4335 718 2490 4336 717 2492 4337 741 2491 4338 717 2492 4339 742 2493 4340 742 2493 4341 717 2492 4342 743 2494 4343 744 2495 4344 745 2496 4345 746 2497 4346 747 790 4347 748 790 4348 749 790 4349 749 790 4350 748 790 4351 750 2498 4352 749 790 4353 750 2498 4354 751 2499 4355 730 2479 4356 752 790 4357 731 790 4358 731 790 4359 752 790 4360 753 790 4361 731 790 4362 753 790 4363 754 790 4364 754 790 4365 753 790 4366 755 2500 4367 754 790 4368 755 2500 4369 756 2501 4370 756 2501 4371 755 2500 4372 757 2502 4373 756 2501 4374 757 2502 4375 758 2503 4376 758 2503 4377 757 2502 4378 744 2495 4379 758 2503 4380 744 2495 4381 759 2504 4382 759 2504 4383 744 2495 4384 746 2497 4385 759 2504 4386 746 2497 4387 760 2505 4388 760 2505 4389 746 2497 4390 761 2506 4391 760 2505 4392 761 2506 4393 732 2480 4394 732 2480 4395 761 2506 4396 751 2499 4397 732 2480 4398 751 2499 4399 733 2481 4400 733 2481 4401 751 2499 4402 750 2498 4403 726 2475 4404 762 2507 4405 722 2474 4406 722 2474 4407 762 2507 4408 763 2508 4409 722 2474 4410 763 2508 4411 723 790 4412 723 790 4413 763 2508 4414 764 790 4415 723 790 4416 764 790 4417 710 2509 4418 710 2509 4419 764 790 4420 765 2510 4421 710 2509 4422 765 2510 4423 711 2511 4424 711 2511 4425 765 2510 4426 766 2512 4427 711 2511 4428 766 2512 4429 712 2513 4430 727 2476 4431 767 2514 4432 768 2515 4433 768 2515 4434 767 2514 4435 769 2516 4436 729 2478 4437 770 2517 4438 727 2476 4439 727 2476 4440 770 2517 4441 771 2518 4442 727 2476 4443 771 2518 4444 740 2488 4445 717 2492 4446 716 2519 4447 743 2494 4448 743 2494 4449 716 2519 4450 715 2520 4451 743 2494 4452 715 2520 4453 769 2516 4454 769 2516 4455 715 2520 4456 714 2521 4457 769 2516 4458 714 2521 4459 768 2515 4460 768 2515 4461 714 2521 4462 713 2522 4463 768 2515 4464 713 2522 4465 772 2523 4466 772 2523 4467 713 2522 4468 712 2513 4469 772 2523 4470 712 2513 4471 773 2524 4472 773 2524 4473 712 2513 4474 766 2512 4475 739 2487 4476 774 2525 4477 740 2488 4478 740 2488 4479 774 2525 4480 775 2526 4481 740 2488 4482 775 2526 4483 727 2476 4484 727 2476 4485 775 2526 4486 776 2527 4487 727 2476 4488 776 2527 4489 767 2514 4490 777 2528 4491 736 2529 4492 778 2530 4493 778 2530 4494 736 2529 4495 738 2531 4496 778 2532 4497 738 2533 4498 779 2534 4499 779 2534 4500 738 2533 4501 740 2535 4502 779 2423 4503 740 2536 4504 780 2537 4505 780 2537 4506 740 2536 4507 771 2538 4508 780 2539 4509 771 2540 4510 781 2541 4511 781 2541 4512 771 2540 4513 770 2542 4514 781 2543 4515 770 2544 4516 782 2545 4517 782 2545 4518 770 2544 4519 729 2546 4520 782 2547 4521 729 2548 4522 783 2549 4523 783 2549 4524 729 2548 4525 731 2550 4526 783 2551 4527 731 2552 4528 784 2553 4529 784 2553 4530 731 2552 4531 754 2554 4532 784 2555 4533 754 2556 4534 785 2557 4535 785 2557 4536 754 2556 4537 756 2558 4538 785 2559 4539 756 2560 4540 786 2561 4541 786 2561 4542 756 2560 4543 758 2562 4544 786 2451 4545 758 2563 4546 787 2564 4547 787 2564 4548 758 2563 4549 759 2454 4550 787 2565 4551 759 2566 4552 788 2567 4553 788 2567 4554 759 2566 4555 760 2568 4556 788 2569 4557 760 2570 4558 789 2571 4559 789 2571 4560 760 2570 4561 732 2572 4562 789 2573 4563 732 2574 4564 790 2575 4565 790 2575 4566 732 2574 4567 734 2576 4568 790 2577 4569 734 2578 4570 777 2579 4571 777 2579 4572 734 2578 4573 736 2580 4574 791 2581 4575 751 2582 4576 792 2583 4577 792 2583 4578 751 2582 4579 761 2584 4580 792 2585 4581 761 2586 4582 793 2587 4583 793 2587 4584 761 2586 4585 746 2588 4586 794 2589 4587 727 2590 4588 795 2591 4589 795 2591 4590 727 2590 4591 768 2592 4592 765 2593 4593 796 2594 4594 797 2595 4595 765 2593 4596 797 2595 4597 766 2596 4598 766 2597 4599 797 2598 4600 798 2599 4601 766 2597 4602 798 2599 4603 773 2600 4604 773 2601 4605 798 2602 4606 799 2603 4607 773 2601 4608 799 2603 4609 772 2604 4610 772 2605 4611 799 2606 4612 795 2607 4613 772 2605 4614 795 2607 4615 768 2608 4616 796 2609 4617 765 2610 4618 800 2611 4619 800 2611 4620 765 2610 4621 764 2612 4622 725 2613 4623 801 2614 4624 802 2615 4625 725 2613 4626 802 2615 4627 726 2616 4628 726 2617 4629 802 2618 4630 803 2619 4631 726 2617 4632 803 2619 4633 762 2620 4634 762 2621 4635 803 2622 4636 804 2623 4637 762 2621 4638 804 2623 4639 763 2624 4640 763 2625 4641 804 2626 4642 800 2627 4643 763 2625 4644 800 2627 4645 764 2628 4646 725 2629 4647 724 2630 4648 801 2631 4649 801 2631 4650 724 2630 4651 805 2632 4652 805 2632 4653 806 2633 4654 801 2631 4655 801 2631 4656 806 2633 4657 807 2634 4658 801 2631 4659 807 2634 4660 808 2635 4661 809 2636 4662 724 2637 4663 810 2638 4664 810 2638 4665 724 2637 4666 741 2639 4667 810 2640 4668 741 2641 4669 742 2642 4670 810 2640 4671 742 2642 4672 811 2643 4673 811 2644 4674 742 2645 4675 743 2646 4676 811 2644 4677 743 2646 4678 812 2647 4679 812 2648 4680 743 2649 4681 769 2650 4682 812 2648 4683 769 2650 4684 813 2651 4685 813 2652 4686 769 2653 4687 767 2654 4688 813 2652 4689 767 2654 4690 814 2655 4691 814 2656 4692 767 2657 4693 815 2658 4694 815 2658 4695 767 2657 4696 776 2659 4697 737 2660 4698 816 2661 4699 817 2662 4700 737 2660 4701 817 2662 4702 739 2663 4703 739 2664 4704 817 2665 4705 818 2666 4706 739 2664 4707 818 2666 4708 774 2667 4709 774 2668 4710 818 2669 4711 819 2670 4712 774 2668 4713 819 2670 4714 775 2671 4715 775 2672 4716 819 2673 4717 815 2674 4718 775 2672 4719 815 2674 4720 776 2675 4721 816 2676 4722 737 2677 4723 820 2678 4724 820 2678 4725 737 2677 4726 735 2679 4727 748 2680 4728 747 2681 4729 821 2682 4730 821 2683 4731 747 2683 4732 822 2683 4733 821 2684 4734 822 2685 4735 823 2686 4736 821 2687 4737 824 2688 4738 748 2689 4739 748 2690 4740 824 2691 4741 825 2692 4742 748 2690 4743 825 2692 4744 750 2693 4745 750 2694 4746 825 2695 4747 826 2696 4748 750 2694 4749 826 2696 4750 733 2697 4751 733 2698 4752 826 2699 4753 820 2700 4754 733 2698 4755 820 2700 4756 735 2701 4757 747 2702 4758 749 2703 4759 827 2704 4760 827 2705 4761 749 2705 4762 828 2706 4763 827 2707 4764 828 2708 4765 823 2709 4766 823 2710 4767 828 2710 4768 829 2710 4769 823 2711 4770 829 2712 4771 830 2713 4772 829 2712 4773 831 2714 4774 830 2713 4775 830 2715 4776 831 2716 4777 832 2717 4778 830 2718 4779 832 2719 4780 833 2720 4781 833 2721 4782 832 2722 4783 834 2723 4784 828 2724 4785 749 2725 4786 791 2726 4787 791 2726 4788 749 2725 4789 751 2727 4790 727 2728 4791 794 2729 4792 835 2730 4793 727 2728 4794 835 2730 4795 728 2731 4796 728 2732 4797 835 2733 4798 836 2734 4799 728 2732 4800 836 2734 4801 730 2735 4802 730 2736 4803 836 2737 4804 837 2738 4805 730 2736 4806 837 2738 4807 752 2739 4808 752 2740 4809 837 2741 4810 838 2742 4811 752 2740 4812 838 2742 4813 753 2743 4814 753 2744 4815 838 2745 4816 839 2746 4817 753 2744 4818 839 2746 4819 755 2747 4820 755 2748 4821 839 2749 4822 840 2750 4823 755 2748 4824 840 2750 4825 757 2751 4826 841 2752 4827 842 2753 4828 843 2754 4829 841 2752 4830 843 2754 4831 844 2755 4832 844 2756 4833 843 2757 4834 845 2758 4835 844 2756 4836 845 2758 4837 846 2759 4838 846 2760 4839 845 2761 4840 847 2762 4841 846 2760 4842 847 2762 4843 848 2763 4844 848 2764 4845 847 2765 4846 745 2766 4847 848 2764 4848 745 2766 4849 744 2767 4850 793 2768 4851 746 2769 4852 849 2770 4853 849 2770 4854 746 2769 4855 745 2771 4856 850 2772 4857 744 2772 4858 840 2773 4859 840 2773 4860 744 2772 4861 757 2773 4862 787 2774 4863 788 790 4864 789 2775 4865 790 2776 4866 777 2777 4867 783 2778 4868 783 2778 4869 777 2777 4870 778 2779 4871 781 790 4872 782 790 4873 780 2780 4874 780 2780 4875 782 790 4876 783 2778 4877 780 2780 4878 783 2778 4879 779 2781 4880 779 2781 4881 783 2778 4882 778 2779 4883 783 2778 4884 784 2782 4885 790 2776 4886 790 2776 4887 784 2782 4888 785 2783 4889 790 2776 4890 785 2783 4891 789 2775 4892 789 2775 4893 785 2783 4894 786 2784 4895 789 2775 4896 786 2784 4897 787 2774 4898 851 2785 4899 791 2786 4900 852 2787 4901 852 2787 4902 791 2786 4903 792 2788 4904 852 2789 4905 792 2790 4906 853 2791 4907 853 2791 4908 792 2790 4909 793 2792 4910 795 2793 4911 854 2794 4912 794 2795 4913 794 2795 4914 854 2794 4915 855 2796 4916 854 2797 4917 795 2798 4918 799 2799 4919 854 2797 4920 799 2799 4921 856 2800 4922 856 2801 4923 799 2802 4924 798 2803 4925 856 2801 4926 798 2803 4927 857 2804 4928 857 2805 4929 798 2806 4930 797 2807 4931 857 2805 4932 797 2807 4933 858 2808 4934 858 2809 4935 797 2810 4936 796 2811 4937 858 2809 4938 796 2811 4939 859 2812 4940 800 2813 4941 860 2814 4942 796 2815 4943 796 2815 4944 860 2814 4945 859 2816 4946 860 2817 4947 800 2818 4948 804 2819 4949 860 2817 4950 804 2819 4951 861 2820 4952 861 2821 4953 804 2822 4954 803 2823 4955 861 2821 4956 803 2823 4957 862 2824 4958 862 2825 4959 803 2826 4960 802 2827 4961 862 2825 4962 802 2827 4963 863 2828 4964 863 2829 4965 802 2830 4966 801 2831 4967 863 2829 4968 801 2831 4969 864 2832 4970 864 2833 4971 801 2834 4972 865 2835 4973 865 2835 4974 801 2834 4975 808 2836 4976 865 2835 4977 808 2836 4978 834 2837 4979 834 2837 4980 808 2836 4981 866 2838 4982 834 2837 4983 866 2838 4984 833 2839 4985 833 2839 4986 866 2838 4987 821 2840 4988 833 2839 4989 821 2840 4990 830 2841 4991 830 2841 4992 821 2840 4993 823 2842 4994 805 2843 4995 724 2843 4996 809 2843 4997 809 2844 4998 867 2845 4999 805 2846 5000 805 2847 5001 867 2848 5002 868 2849 5003 805 2850 5004 868 2851 5005 806 2852 5006 866 2853 5007 808 2854 5008 869 2855 5009 869 2856 5010 808 2857 5011 807 2858 5012 869 2859 5013 807 2860 5014 870 2861 5015 870 2862 5016 807 2862 5017 806 2862 5018 870 2863 5019 806 2864 5020 871 2865 5021 871 2866 5022 806 2867 5023 868 2868 5024 872 2869 5025 809 2870 5026 873 2871 5027 873 2871 5028 809 2870 5029 810 2872 5030 873 2873 5031 810 2874 5032 811 2875 5033 873 2873 5034 811 2875 5035 874 2876 5036 874 2877 5037 811 2878 5038 812 2879 5039 874 2877 5040 812 2879 5041 875 2880 5042 875 2881 5043 812 2882 5044 813 2883 5045 875 2881 5046 813 2883 5047 876 2884 5048 876 2885 5049 813 2886 5050 814 2887 5051 876 2885 5052 814 2887 5053 877 2888 5054 877 2889 5055 814 2890 5056 878 2891 5057 878 2891 5058 814 2890 5059 815 2892 5060 878 2893 5061 815 2894 5062 819 2895 5063 878 2893 5064 819 2895 5065 879 2896 5066 879 2897 5067 819 2898 5068 818 2899 5069 879 2897 5070 818 2899 5071 880 2900 5072 880 2901 5073 818 2902 5074 817 2903 5075 880 2901 5076 817 2903 5077 881 2904 5078 881 2905 5079 817 2906 5080 816 2907 5081 881 2905 5082 816 2907 5083 882 2908 5084 882 2909 5085 816 2910 5086 883 2911 5087 883 2911 5088 816 2910 5089 820 2912 5090 883 2913 5091 820 2914 5092 826 2915 5093 883 2913 5094 826 2915 5095 884 2916 5096 884 2917 5097 826 2918 5098 825 2919 5099 884 2917 5100 825 2919 5101 885 2920 5102 885 2921 5103 825 2922 5104 824 2923 5105 885 2921 5106 824 2923 5107 886 2924 5108 886 2925 5109 824 2926 5110 821 2927 5111 886 2925 5112 821 2927 5113 887 2928 5114 828 2929 5115 888 2930 5116 829 2931 5117 829 2932 5118 888 2933 5119 889 2934 5120 829 2935 5121 889 2936 5122 831 2937 5123 865 2938 5124 834 2939 5125 889 2940 5126 889 2941 5127 834 2942 5128 832 2943 5129 889 2944 5130 832 2945 5131 831 2946 5132 791 2947 5133 851 2948 5134 828 2949 5135 828 2949 5136 851 2948 5137 888 2950 5138 890 2951 5139 840 2952 5140 839 2953 5141 890 2951 5142 839 2953 5143 891 2954 5144 891 2955 5145 839 2956 5146 838 2957 5147 891 2955 5148 838 2957 5149 892 2958 5150 892 2959 5151 838 2960 5152 837 2961 5153 892 2959 5154 837 2961 5155 893 2962 5156 893 2963 5157 837 2964 5158 836 2965 5159 893 2963 5160 836 2965 5161 894 2966 5162 894 2967 5163 836 2968 5164 835 2969 5165 894 2967 5166 835 2969 5167 895 2970 5168 895 2971 5169 835 2972 5170 794 2973 5171 895 2971 5172 794 2973 5173 855 2974 5174 842 2975 5175 841 2976 5176 896 2977 5177 896 2977 5178 841 2976 5179 897 2978 5180 849 2979 5181 745 2980 5182 847 2981 5183 849 2979 5184 847 2981 5185 898 2982 5186 898 2983 5187 847 2984 5188 845 2985 5189 898 2983 5190 845 2985 5191 899 2986 5192 899 2987 5193 845 2988 5194 843 2989 5195 899 2987 5196 843 2989 5197 900 2990 5198 900 2991 5199 843 2992 5200 842 2993 5201 900 2991 5202 842 2993 5203 901 2994 5204 902 2995 5205 841 2996 5206 844 2997 5207 902 2995 5208 844 2997 5209 903 2998 5210 903 2999 5211 844 3000 5212 846 3001 5213 903 2999 5214 846 3001 5215 904 3002 5216 904 3003 5217 846 3004 5218 848 3005 5219 904 3006 5220 848 3007 5221 905 3008 5222 905 3009 5223 848 3010 5224 744 3011 5225 905 3012 5226 744 3013 5227 850 3014 5228 906 3015 5229 907 3016 5230 908 3017 5231 908 3017 5232 907 3016 5233 909 3018 5234 910 3019 5235 911 3020 5236 912 3021 5237 912 3021 5238 913 3022 5239 910 3019 5240 910 3023 5241 913 3024 5242 914 3025 5243 910 3026 5244 914 3027 5245 915 3028 5246 914 3029 5247 916 3030 5248 915 3030 5249 915 3031 5250 916 3032 5251 917 3033 5252 915 3034 5253 917 3035 5254 918 3034 5255 917 3036 5256 919 3037 5257 918 3036 5258 918 3038 5259 919 3039 5260 920 3040 5261 918 3041 5262 920 3042 5263 921 3043 5264 921 3044 5265 920 3045 5266 922 3046 5267 921 3047 5268 922 3047 5269 923 3047 5270 922 3048 5271 924 3049 5272 923 3050 5273 923 3051 5274 924 3052 5275 925 3053 5276 923 3054 5277 925 3055 5278 926 3056 5279 925 3057 5280 927 3057 5281 926 3057 5282 926 3058 5283 927 3059 5284 928 3060 5285 926 3061 5286 928 3061 5287 906 3061 5288 906 3062 5289 928 3063 5290 929 3064 5291 906 3065 5292 929 3066 5293 907 3067 5294 921 3068 5295 930 3069 5296 931 3070 5297 932 3071 5298 933 3072 5299 934 3073 5300 932 3071 5301 934 3073 5302 935 3074 5303 935 3074 5304 934 3073 5305 936 3075 5306 935 3074 5307 936 3075 5308 937 3076 5309 902 3077 5310 938 3078 5311 939 3079 5312 921 3068 5313 923 3080 5314 930 3069 5315 930 3069 5316 923 3080 5317 840 3081 5318 930 3069 5319 840 3081 5320 890 3082 5321 940 3083 5322 850 3084 5323 904 3085 5324 904 3086 5325 850 3087 5326 941 3088 5327 904 3086 5328 941 3088 5329 903 3089 5330 903 3089 5331 941 3088 5332 942 3090 5333 903 3089 5334 942 3090 5335 902 3077 5336 902 3077 5337 942 3090 5338 943 3091 5339 902 3077 5340 939 3079 5341 944 3092 5342 910 3093 5343 915 3094 5344 937 3076 5345 937 3076 5346 915 3094 5347 918 3095 5348 937 3076 5349 918 3095 5350 945 3096 5351 945 3096 5352 918 3095 5353 921 3068 5354 945 3096 5355 921 3068 5356 946 3097 5357 946 3097 5358 921 3068 5359 931 3070 5360 923 3080 5361 926 3098 5362 840 3081 5363 840 3081 5364 926 3098 5365 906 3099 5366 840 3081 5367 906 3099 5368 850 3087 5369 850 3087 5370 906 3099 5371 908 3100 5372 850 3087 5373 908 3100 5374 941 3088 5375 939 3079 5376 947 3101 5377 944 3092 5378 944 3092 5379 947 3101 5380 948 3102 5381 944 3092 5382 948 3102 5383 949 3103 5384 949 3103 5385 948 3102 5386 950 3104 5387 932 3071 5388 951 3105 5389 933 3072 5390 933 3072 5391 951 3105 5392 952 3106 5393 933 3072 5394 952 3106 5395 953 3107 5396 953 3107 5397 952 3106 5398 954 3108 5399 953 3107 5400 954 3108 5401 955 3109 5402 955 3109 5403 954 3108 5404 956 3110 5405 955 3109 5406 956 3110 5407 957 3111 5408 957 3111 5409 956 3110 5410 958 3112 5411 957 3111 5412 958 3112 5413 950 3104 5414 950 3104 5415 958 3112 5416 959 3113 5417 950 3104 5418 959 3113 5419 949 3103 5420 943 3091 5421 960 3114 5422 902 3077 5423 902 3077 5424 960 3114 5425 961 3115 5426 902 3077 5427 961 3115 5428 938 3078 5429 938 3078 5430 961 3115 5431 962 3116 5432 938 3078 5433 962 3116 5434 963 3117 5435 963 3117 5436 962 3116 5437 964 3118 5438 963 3117 5439 964 3118 5440 965 3119 5441 965 3119 5442 964 3118 5443 911 3120 5444 965 3119 5445 911 3120 5446 966 3121 5447 966 3121 5448 911 3120 5449 910 3093 5450 966 3121 5451 910 3093 5452 967 3122 5453 967 3122 5454 910 3093 5455 937 3076 5456 967 3122 5457 937 3076 5458 968 3123 5459 968 3123 5460 937 3076 5461 936 3075 5462 853 3124 5463 969 3125 5464 852 3126 5465 852 3126 5466 969 3125 5467 970 3127 5468 852 3128 5469 970 3129 5470 851 3130 5471 851 3130 5472 970 3129 5473 971 3131 5474 854 3132 5475 972 3133 5476 855 3134 5477 855 3134 5478 972 3133 5479 973 3135 5480 972 3136 5481 854 3137 5482 856 3138 5483 972 3136 5484 856 3138 5485 974 3139 5486 974 3140 5487 856 3141 5488 857 3142 5489 974 3140 5490 857 3142 5491 975 3143 5492 975 3144 5493 857 3145 5494 858 3146 5495 975 3144 5496 858 3146 5497 976 3147 5498 976 3148 5499 858 3149 5500 859 3150 5501 976 3148 5502 859 3150 5503 977 3151 5504 860 3152 5505 978 3153 5506 859 3154 5507 859 3154 5508 978 3153 5509 977 3155 5510 979 3156 5511 978 3157 5512 860 3158 5513 860 3158 5514 861 3159 5515 979 3156 5516 979 3160 5517 861 3161 5518 862 3162 5519 979 3160 5520 862 3162 5521 980 3163 5522 980 3164 5523 862 3165 5524 863 3166 5525 980 3164 5526 863 3166 5527 981 3167 5528 981 3168 5529 863 3169 5530 864 3170 5531 981 3168 5532 864 3170 5533 982 3171 5534 866 3172 5535 983 3173 5536 821 3174 5537 821 3174 5538 983 3173 5539 887 3175 5540 865 3176 5541 984 3177 5542 864 3178 5543 864 3178 5544 984 3177 5545 982 3179 5546 983 3180 5547 866 3181 5548 869 3182 5549 983 3180 5550 869 3182 5551 985 3183 5552 985 3184 5553 869 3185 5554 870 3186 5555 985 3187 5556 870 3188 5557 986 3189 5558 870 3190 5559 871 3191 5560 986 3192 5561 986 3193 5562 871 3194 5563 868 3195 5564 986 3196 5565 868 3197 5566 987 3198 5567 868 3199 5568 867 3200 5569 987 3201 5570 987 3202 5571 867 3203 5572 809 3204 5573 987 3202 5574 809 3204 5575 872 3205 5576 887 3206 5577 983 790 5578 872 3207 5579 877 3208 5580 878 3209 5581 882 3210 5582 885 3211 5583 886 790 5584 887 3206 5585 875 790 5586 876 790 5587 877 3208 5588 883 3212 5589 884 3213 5590 885 3211 5591 987 790 5592 872 3207 5593 986 790 5594 986 790 5595 872 3207 5596 983 790 5597 986 790 5598 983 790 5599 985 790 5600 878 3209 5601 879 3214 5602 882 3210 5603 882 3210 5604 879 3214 5605 880 3215 5606 882 3210 5607 880 3215 5608 881 3216 5609 885 3211 5610 887 3206 5611 883 3212 5612 883 3212 5613 887 3206 5614 872 3207 5615 883 3212 5616 872 3207 5617 882 3210 5618 882 3210 5619 872 3207 5620 873 3217 5621 882 3210 5622 873 3217 5623 877 3208 5624 877 3208 5625 873 3217 5626 874 3218 5627 877 3208 5628 874 3218 5629 875 790 5630 888 3219 5631 988 3220 5632 889 3221 5633 889 3221 5634 988 3220 5635 989 3222 5636 889 3223 5637 989 3224 5638 865 3225 5639 865 3225 5640 989 3224 5641 984 3226 5642 851 3227 5643 971 3228 5644 888 3229 5645 888 3229 5646 971 3228 5647 988 3230 5648 990 3231 5649 890 3232 5650 891 3233 5651 990 3231 5652 891 3233 5653 991 3234 5654 991 3235 5655 891 3236 5656 892 3237 5657 991 3235 5658 892 3237 5659 992 3238 5660 992 3239 5661 892 3240 5662 893 3241 5663 992 3239 5664 893 3241 5665 993 3242 5666 993 3243 5667 893 3244 5668 894 3245 5669 993 3243 5670 894 3245 5671 994 3246 5672 994 3247 5673 894 3248 5674 895 3249 5675 994 3247 5676 895 3249 5677 995 3250 5678 995 3251 5679 895 3252 5680 855 3253 5681 995 3251 5682 855 3253 5683 973 3254 5684 996 3255 5685 997 3256 5686 998 3257 5687 996 3255 5688 998 3257 5689 999 3258 5690 999 3259 5691 998 3260 5692 1000 3261 5693 999 3259 5694 1000 3261 5695 1001 3262 5696 1001 3263 5697 1000 3264 5698 1002 3265 5699 1001 3263 5700 1002 3265 5701 1003 3266 5702 1003 3267 5703 1002 3268 5704 896 3269 5705 1003 3267 5706 896 3269 5707 897 3270 5708 956 3271 5709 996 3272 5710 999 3273 5711 956 3271 5712 999 3273 5713 958 3274 5714 958 3275 5715 999 3276 5716 1001 3277 5717 958 3275 5718 1001 3277 5719 959 3278 5720 959 3279 5721 1001 3280 5722 1003 3281 5723 959 3279 5724 1003 3281 5725 949 3282 5726 949 3283 5727 1003 3284 5728 897 3285 5729 949 3283 5730 897 3285 5731 944 3286 5732 944 3287 5733 897 3288 5734 902 3289 5735 902 3289 5736 897 3288 5737 841 3289 5738 912 3290 5739 1004 3291 5740 1005 3292 5741 1005 3293 5742 1004 3294 5743 1006 3295 5744 1004 3296 5745 1007 3296 5746 1006 3296 5747 1006 3297 5748 1007 3297 5749 1008 3297 5750 1006 3298 5751 1008 3299 5752 1009 3300 5753 1008 3301 5754 1010 3302 5755 1009 3303 5756 1009 3304 5757 1010 3305 5758 1011 3306 5759 1009 3307 5760 1011 3308 5761 1012 3309 5762 1011 3310 5763 1013 3311 5764 1012 3312 5765 1012 3313 5766 1013 3314 5767 1014 3315 5768 1012 3316 5769 1014 3316 5770 1015 3316 5771 1014 3317 5772 1016 3318 5773 1015 3319 5774 1015 3320 5775 1016 3321 5776 1017 3322 5777 1015 3323 5778 1017 3324 5779 1018 3325 5780 1017 3326 5781 1019 3327 5782 1018 3328 5783 1018 3329 5784 1019 3330 5785 1020 3331 5786 1018 3332 5787 1020 3333 5788 1021 3334 5789 909 3335 5790 1022 3336 5791 1023 3337 5792 1023 3338 5793 1022 3339 5794 1021 3340 5795 1023 3341 5796 1021 3341 5797 1024 3341 5798 1024 3342 5799 1021 3342 5800 1020 3342 5801 909 3343 5802 907 3343 5803 1022 3343 5804 1022 3344 5805 907 3345 5806 1025 3346 5807 907 3347 5808 929 3348 5809 1025 3349 5810 1025 3350 5811 929 3350 5812 928 3350 5813 1025 3351 5814 928 3351 5815 1026 3351 5816 928 3352 5817 927 3353 5818 1026 3354 5819 1026 3355 5820 927 3356 5821 925 3357 5822 1026 3358 5823 925 3359 5824 1027 3360 5825 925 3361 5826 924 3362 5827 1027 3363 5828 1027 3364 5829 924 3365 5830 922 3366 5831 1027 3367 5832 922 3367 5833 1028 3367 5834 922 3368 5835 920 3369 5836 1028 3370 5837 1028 3371 5838 920 3372 5839 919 3373 5840 1028 3374 5841 919 3375 5842 1029 3376 5843 919 3377 5844 917 3378 5845 1029 3379 5846 1029 3380 5847 917 3381 5848 916 3382 5849 1029 3383 5850 916 3384 5851 1030 3385 5852 912 3386 5853 1005 3387 5854 913 3388 5855 913 3389 5856 1005 3390 5857 1030 3391 5858 913 3392 5859 1030 3393 5860 914 3394 5861 914 3395 5862 1030 3395 5863 916 3395 5864 941 3396 5865 908 3397 5866 909 3398 5867 909 3398 5868 1023 3399 5869 941 3396 5870 941 3400 5871 1023 3401 5872 1024 3402 5873 941 3403 5874 1024 3404 5875 942 3405 5876 1024 3406 5877 1020 3407 5878 942 3408 5879 942 3409 5880 1020 3410 5881 1019 3411 5882 942 3412 5883 1019 3413 5884 943 3414 5885 1019 3415 5886 1017 3416 5887 943 3417 5888 943 3418 5889 1017 3419 5890 1016 3418 5891 943 3420 5892 1016 3421 5893 960 3422 5894 960 3423 5895 1016 3424 5896 1014 3425 5897 960 3426 5898 1014 3426 5899 961 3426 5900 1014 3427 5901 1013 3428 5902 961 3429 5903 961 3430 5904 1013 3431 5905 1011 3432 5906 961 3433 5907 1011 3433 5908 962 3433 5909 1011 3434 5910 1010 3435 5911 962 3436 5912 962 3437 5913 1010 3438 5914 1008 3439 5915 962 3440 5916 1008 3441 5917 964 3442 5918 912 3443 5919 911 3444 5920 1004 3445 5921 1004 3445 5922 911 3444 5923 964 3446 5924 1004 3447 5925 964 3448 5926 1007 3449 5927 1007 3450 5928 964 3451 5929 1008 3452 5930 1031 3453 5931 1032 3454 5932 853 3455 5933 853 3455 5934 1032 3454 5935 969 3456 5936 1032 3457 5937 1031 3458 5938 1033 3459 5939 1033 3459 5940 1031 3458 5941 1034 3460 5942 1033 3461 5943 1034 3462 5944 1035 3463 5945 1035 3463 5946 1034 3462 5947 1036 3464 5948 1035 3465 5949 1036 3466 5950 1037 3467 5951 1037 3467 5952 1036 3466 5953 1038 3468 5954 1037 3469 5955 1038 3470 5956 1039 3471 5957 1039 3471 5958 1038 3470 5959 1040 3472 5960 1041 3473 5961 1042 3474 5962 1040 3475 5963 1040 3475 5964 1042 3474 5965 1039 3476 5966 1043 3477 5967 1044 3478 5968 1045 3479 5969 1043 3477 5970 1045 3479 5971 1046 3480 5972 1046 3481 5973 1045 3482 5974 1047 3483 5975 1046 3484 5976 1047 3485 5977 1048 3486 5978 1048 3487 5979 1047 3487 5980 1049 3487 5981 1048 3488 5982 1049 3489 5983 1050 3488 5984 1050 3490 5985 1049 3490 5986 1042 3491 5987 1050 3492 5988 1042 3493 5989 1041 3494 5990 1051 3495 5991 1052 3495 5992 1053 3495 5993 1053 3496 5994 1052 3497 5995 1054 3498 5996 1052 3499 5997 1055 3500 5998 1054 3501 5999 1054 3502 6000 1055 3502 6001 1056 3502 6002 1054 3503 6003 1056 3504 6004 1057 3505 6005 1056 3506 6006 1058 3507 6007 1057 3508 6008 1057 3355 6009 1058 3356 6010 1059 3357 6011 1057 3509 6012 1059 3510 6013 1060 3511 6014 1059 3512 6015 1061 3513 6016 1060 3514 6017 1060 3515 6018 1061 3516 6019 1062 3517 6020 1060 3518 6021 1062 3518 6022 1063 3518 6023 1062 3519 6024 1064 3520 6025 1063 3521 6026 1063 3522 6027 1064 3523 6028 1065 3524 6029 1063 3525 6030 1065 3525 6031 1066 3526 6032 1065 3527 6033 1067 3528 6034 1066 3529 6035 1066 3530 6036 1067 3531 6037 1068 3532 6038 1066 3533 6039 1068 3534 6040 1069 3535 6041 1070 3386 6042 1071 3387 6043 1072 3388 6044 1072 3536 6045 1071 3537 6046 1069 3538 6047 1072 3539 6048 1069 3540 6049 1073 3541 6050 1073 3542 6051 1069 3542 6052 1068 3542 6053 966 3543 6054 1052 3544 6055 965 3545 6056 965 3545 6057 1052 3544 6058 1051 3546 6059 953 3547 6060 955 3548 6061 1070 3549 6062 1070 3549 6063 1072 3550 6064 953 3547 6065 953 3023 6066 1072 3024 6067 1073 3025 6068 953 3551 6069 1073 3552 6070 933 3553 6071 1073 3554 6072 1068 3554 6073 933 3555 6074 933 3556 6075 1068 3557 6076 1067 3556 6077 933 3034 6078 1067 3035 6079 934 3034 6080 1067 3558 6081 1065 3559 6082 934 3558 6083 934 3560 6084 1065 3561 6085 1064 3562 6086 934 3563 6087 1064 3564 6088 936 3565 6089 936 3566 6090 1064 3567 6091 1062 3568 6092 936 3569 6093 1062 3569 6094 968 3569 6095 1062 3048 6096 1061 3049 6097 968 3050 6098 968 3570 6099 1061 3571 6100 1059 3572 6101 968 3573 6102 1059 3574 6103 967 3575 6104 1059 3576 6105 1058 3576 6106 967 3576 6107 967 3577 6108 1058 3578 6109 1056 3579 6110 967 3580 6111 1056 3581 6112 966 3582 6113 966 3583 6114 1056 3584 6115 1055 3585 6116 966 3586 6117 1055 3587 6118 1052 3588 6119 963 3589 6120 965 3590 6121 1051 3591 6122 1051 3591 6123 1074 3592 6124 963 3589 6125 963 3593 6126 1074 3594 6127 1075 3595 6128 963 3596 6129 1075 3597 6130 938 3597 6131 1075 3598 6132 1076 3599 6133 938 3600 6134 938 3601 6135 1076 3602 6136 1077 3603 6137 938 3412 6138 1077 3413 6139 939 3414 6140 1077 3604 6141 1078 3605 6142 939 3606 6143 939 3607 6144 1078 3608 6145 1079 3609 6146 939 3610 6147 1079 3611 6148 947 3612 6149 947 3613 6150 1079 3614 6151 1080 3615 6152 947 3616 6153 1080 3617 6154 948 3618 6155 1080 3619 6156 1081 3620 6157 948 3621 6158 948 3622 6159 1081 3623 6160 1082 3624 6161 948 3625 6162 1082 3626 6163 950 3627 6164 1082 3434 6165 1083 3435 6166 950 3436 6167 950 3628 6168 1083 3629 6169 1084 3629 6170 950 3630 6171 1084 3631 6172 957 3632 6173 1070 3633 6174 955 3634 6175 1085 3635 6176 1085 3635 6177 955 3634 6178 957 3636 6179 1085 3637 6180 957 3638 6181 1086 3639 6182 1086 3640 6183 957 3641 6184 1084 3642 6185 1070 3643 6186 1085 3644 6187 1071 3645 6188 1071 3646 6189 1085 3647 6190 1087 3648 6191 1085 3649 6192 1086 3649 6193 1087 3649 6194 1087 3650 6195 1086 3650 6196 1084 3650 6197 1087 3651 6198 1084 3652 6199 1088 3653 6200 1084 3654 6201 1083 3655 6202 1088 3656 6203 1088 3304 6204 1083 3305 6205 1082 3306 6206 1088 3657 6207 1082 3658 6208 1089 3659 6209 1082 3310 6210 1081 3311 6211 1089 3312 6212 1089 3313 6213 1081 3314 6214 1080 3315 6215 1089 3316 6216 1080 3316 6217 1090 3316 6218 1080 3660 6219 1079 3661 6220 1090 3662 6221 1090 3663 6222 1079 3664 6223 1078 3665 6224 1090 3666 6225 1078 3667 6226 1091 3668 6227 1078 3669 6228 1077 3670 6229 1091 3671 6230 1091 3672 6231 1077 3673 6232 1076 3674 6233 1091 3675 6234 1076 3675 6235 1092 3675 6236 1051 3676 6237 1053 3677 6238 1074 3678 6239 1074 3679 6240 1053 3680 6241 1092 3681 6242 1074 3682 6243 1092 3682 6244 1075 3682 6245 1075 3683 6246 1092 3683 6247 1076 3683 6248 1034 3684 6249 1031 3685 6250 1027 3686 6251 1026 3687 6252 1027 3686 6253 793 3688 6254 793 3688 6255 1027 3686 6256 1031 3685 6257 793 3688 6258 1031 3685 6259 853 3689 6260 1066 3690 6261 1093 3691 6262 1063 3692 6263 1063 3692 6264 1093 3691 6265 1041 3693 6266 1063 3694 6267 1041 3695 6268 1060 3696 6269 1060 3696 6270 1041 3695 6271 1040 3697 6272 1060 3696 6273 1040 3697 6274 1057 3698 6275 1094 3699 6276 1095 3700 6277 1088 3701 6278 1092 3702 6279 1006 3703 6280 1009 3704 6281 1095 3700 6282 1096 3705 6283 1088 3701 6284 1088 3701 6285 1096 3705 6286 1097 3706 6287 1088 3701 6288 1097 3706 6289 1087 3707 6290 1087 3707 6291 1097 3706 6292 1098 3708 6293 1087 3707 6294 1098 3708 6295 1071 3709 6296 1071 3709 6297 1098 3708 6298 1043 3710 6299 1071 3709 6300 1043 3710 6301 1069 3711 6302 1069 3711 6303 1043 3710 6304 1046 3712 6305 1069 3711 6306 1046 3712 6307 1066 3690 6308 1066 3690 6309 1046 3712 6310 1099 3713 6311 1066 3690 6312 1099 3713 6313 1093 3691 6314 1088 3701 6315 1089 3714 6316 1094 3699 6317 1094 3699 6318 1089 3714 6319 1090 3715 6320 1094 3699 6321 1090 3715 6322 901 3716 6323 1006 3703 6324 1092 3702 6325 1005 3717 6326 1005 3717 6327 1092 3702 6328 1053 3718 6329 1005 3717 6330 1053 3718 6331 1030 3719 6332 1090 3715 6333 1091 3720 6334 901 3716 6335 901 3716 6336 1091 3720 6337 1092 3702 6338 901 3716 6339 1092 3702 6340 1012 3721 6341 1012 3721 6342 1092 3702 6343 1009 3704 6344 1053 3718 6345 1054 3722 6346 1030 3719 6347 1030 3719 6348 1054 3722 6349 1057 3698 6350 1030 3719 6351 1057 3698 6352 1029 3723 6353 1029 3723 6354 1057 3698 6355 1040 3697 6356 1029 3723 6357 1040 3697 6358 1028 3724 6359 1028 3724 6360 1040 3697 6361 1038 3725 6362 1028 3724 6363 1038 3725 6364 1027 3686 6365 1027 3686 6366 1038 3725 6367 1036 3726 6368 1027 3686 6369 1036 3726 6370 1034 3684 6371 898 3727 6372 1021 3728 6373 849 3729 6374 849 3729 6375 1021 3728 6376 1022 3730 6377 849 3729 6378 1022 3730 6379 793 3688 6380 793 3688 6381 1022 3730 6382 1025 3731 6383 793 3688 6384 1025 3731 6385 1026 3687 6386 1012 3721 6387 1015 3732 6388 901 3716 6389 901 3716 6390 1015 3732 6391 1018 3733 6392 901 3716 6393 1018 3733 6394 900 3734 6395 900 3734 6396 1018 3733 6397 1021 3728 6398 900 3734 6399 1021 3728 6400 899 3735 6401 899 3735 6402 1021 3728 6403 898 3727 6404 901 3736 6405 842 3737 6406 1094 3737 6407 1094 3737 6408 842 3737 6409 896 3736 6410 1094 3738 6411 896 3739 6412 1002 3740 6413 1094 3738 6414 1002 3740 6415 1095 3741 6416 1095 3742 6417 1002 3743 6418 1000 3744 6419 1095 3742 6420 1000 3744 6421 1096 3745 6422 1096 3746 6423 1000 3747 6424 998 3748 6425 1096 3746 6426 998 3748 6427 1097 3749 6428 1097 3750 6429 998 3751 6430 997 3752 6431 1097 3750 6432 997 3752 6433 1098 3753 6434 1098 3754 6435 997 3755 6436 1043 3756 6437 1043 3756 6438 997 3755 6439 1044 3757 6440 997 1479 6441 996 1479 6442 1044 1479 6443 1044 1479 6444 996 1479 6445 1100 1479 6446 954 3758 6447 1100 3759 6448 956 3760 6449 956 3760 6450 1100 3759 6451 996 3761 6452 1100 3762 6453 954 3763 6454 952 3764 6455 1100 3762 6456 952 3764 6457 1101 3765 6458 1101 3766 6459 952 3767 6460 951 3768 6461 1101 3766 6462 951 3768 6463 1102 3769 6464 1102 3770 6465 951 3771 6466 932 3772 6467 1102 3770 6468 932 3772 6469 1103 3773 6470 1103 3774 6471 932 3775 6472 935 3776 6473 1103 3774 6474 935 3776 6475 1104 3777 6476 937 3778 6477 1105 3779 6478 935 3779 6479 935 3779 6480 1105 3779 6481 1104 3778 6482 1105 3780 6483 937 3781 6484 1106 3782 6485 1106 3782 6486 937 3781 6487 945 3783 6488 1106 3784 6489 945 3785 6490 1107 3786 6491 1107 3786 6492 945 3785 6493 946 3787 6494 1107 3788 6495 946 3789 6496 1108 3790 6497 1108 3790 6498 946 3789 6499 931 3791 6500 1108 3792 6501 931 3793 6502 1109 3794 6503 1109 3794 6504 931 3793 6505 930 3795 6506 890 3796 6507 990 3797 6508 930 3798 6509 930 3798 6510 990 3797 6511 1109 3799 6512 971 3800 6513 970 3801 6514 990 3802 6515 990 3802 6516 970 3801 6517 1109 3803 6518 1109 3803 6519 970 3801 6520 969 3804 6521 1109 3803 6522 969 3804 6523 1032 1479 6524 982 3805 6525 984 3806 6526 973 3807 6527 973 3807 6528 984 3806 6529 989 3808 6530 973 3807 6531 989 3808 6532 995 3809 6533 995 3809 6534 989 3808 6535 988 3810 6536 971 3800 6537 990 3802 6538 988 3810 6539 988 3810 6540 990 3802 6541 991 3811 6542 988 3810 6543 991 3811 6544 992 3812 6545 980 1479 6546 981 3813 6547 979 3814 6548 979 3814 6549 981 3813 6550 982 3805 6551 979 3814 6552 982 3805 6553 978 3815 6554 978 3815 6555 982 3805 6556 973 3807 6557 978 3815 6558 973 3807 6559 977 3816 6560 992 3812 6561 993 3817 6562 988 3810 6563 988 3810 6564 993 3817 6565 994 3818 6566 988 3810 6567 994 3818 6568 995 3809 6569 975 3819 6570 976 3820 6571 974 3821 6572 974 3821 6573 976 3820 6574 977 3816 6575 974 3821 6576 977 3816 6577 972 3822 6578 972 3822 6579 977 3816 6580 973 3807 6581 1109 3823 6582 1032 3824 6583 1108 3825 6584 1108 3825 6585 1032 3824 6586 1033 3826 6587 1108 3827 6588 1033 3828 6589 1107 3829 6590 1107 3829 6591 1033 3828 6592 1035 3830 6593 1107 3831 6594 1035 3832 6595 1106 3833 6596 1106 3833 6597 1035 3832 6598 1037 3834 6599 1106 3835 6600 1037 3836 6601 1105 3837 6602 1105 3837 6603 1037 3836 6604 1039 3838 6605 1042 3839 6606 1104 3840 6607 1039 3841 6608 1039 3841 6609 1104 3840 6610 1105 3842 6611 1044 3843 6612 1100 3844 6613 1101 3845 6614 1044 3843 6615 1101 3845 6616 1045 3846 6617 1045 3847 6618 1101 3848 6619 1102 3849 6620 1045 3847 6621 1102 3849 6622 1047 3850 6623 1047 3851 6624 1102 3852 6625 1103 3853 6626 1047 3851 6627 1103 3853 6628 1049 3854 6629 1049 3855 6630 1103 3856 6631 1104 3857 6632 1049 3855 6633 1104 3857 6634 1042 3858 6635 1110 3859 6636 1111 3860 6637 1112 3861 6638 1113 3862 6639 1114 3863 6640 1115 3864 6641 1115 3864 6642 1114 3863 6643 1116 3865 6644 1115 3864 6645 1116 3865 6646 1117 3866 6647 1117 3866 6648 1116 3865 6649 1118 3867 6650 1118 3867 6651 1116 3865 6652 1119 3868 6653 1118 3867 6654 1119 3868 6655 1120 3869 6656 1115 3864 6657 1121 3870 6658 1122 3871 6659 1110 3859 6660 1112 3861 6661 1119 3868 6662 1119 3868 6663 1112 3861 6664 1123 3872 6665 1119 3868 6666 1123 3872 6667 1120 3869 6668 1124 3873 6669 1125 3874 6670 1115 3864 6671 1115 3864 6672 1125 3874 6673 1126 3875 6674 1115 3864 6675 1126 3875 6676 1113 3862 6677 1122 3871 6678 1127 3876 6679 1115 3864 6680 1115 3864 6681 1127 3876 6682 1128 3877 6683 1115 3864 6684 1128 3877 6685 1124 3873 6686 1112 3878 6687 1129 3879 6688 1130 3880 6689 1112 3878 6690 1130 3880 6691 1123 3881 6692 1123 3882 6693 1130 3883 6694 1131 3884 6695 1123 3882 6696 1131 3884 6697 1120 3885 6698 1120 3886 6699 1131 3887 6700 1132 3888 6701 1120 3886 6702 1132 3888 6703 1118 3889 6704 1118 3890 6705 1132 3891 6706 1133 3892 6707 1118 3890 6708 1133 3892 6709 1117 3893 6710 1134 3894 6711 1135 3895 6712 1136 3896 6713 1136 3897 6714 1135 3898 6715 1137 3899 6716 1136 3900 6717 1137 3900 6718 1138 3901 6719 1138 3902 6720 1137 3903 6721 1139 3904 6722 1138 3905 6723 1139 3906 6724 1140 3907 6725 1136 3908 6726 1141 3909 6727 1134 3910 6728 1134 3911 6729 1141 3912 6730 1142 3913 6731 1134 3911 6732 1142 3913 6733 1143 3914 6734 1143 3915 6735 1142 3916 6736 1144 3917 6737 1143 3915 6738 1144 3917 6739 1145 3918 6740 1146 3919 6741 1147 3919 6742 1148 3919 6743 1149 3920 6744 1150 3921 6745 1151 3922 6746 1149 3923 6747 1151 3923 6748 1152 3924 6749 1146 3925 6750 1148 3926 6751 1153 3925 6752 1153 3927 6753 1148 3928 6754 1154 3929 6755 1153 3930 6756 1154 3931 6757 1155 3932 6758 1155 3933 6759 1154 3934 6760 1156 3935 6761 1155 3936 6762 1156 3937 6763 1157 3938 6764 1158 3939 6765 1159 3940 6766 1154 3941 6767 1154 3942 6768 1159 3943 6769 1160 3944 6770 1154 3945 6771 1160 3946 6772 1156 3947 6773 1161 3948 6774 1162 3949 6775 1163 3950 6776 1151 3951 6777 1164 3952 6778 1152 3953 6779 1152 3954 6780 1164 3955 6781 1165 3956 6782 1152 3954 6783 1165 3956 6784 1166 3957 6785 1166 3958 6786 1165 3959 6787 1161 3960 6788 1166 3958 6789 1161 3960 6790 1167 3961 6791 1167 3962 6792 1161 3962 6793 1163 3963 6794 1163 3964 6795 1158 3965 6796 1167 3966 6797 1167 3966 6798 1158 3965 6799 1154 3967 6800 1167 3968 6801 1154 3969 6802 1166 3970 6803 1166 3970 6804 1154 3969 6805 1148 3971 6806 1166 3972 6807 1148 3973 6808 1152 3974 6809 1152 3974 6810 1148 3973 6811 1147 3975 6812 1152 3976 6813 1147 3977 6814 1149 3978 6815 1149 3979 6816 1147 3980 6817 1146 3981 6818 1149 3979 6819 1146 3981 6820 1168 3982 6821 1169 3983 6822 1170 3984 6823 1171 3984 6824 1172 3985 6825 1173 3986 6826 1174 3987 6827 1174 3988 6828 1173 3989 6829 1175 3990 6830 1174 3991 6831 1175 3992 6832 1176 3993 6833 1177 3994 6834 1169 3995 6835 1172 3996 6836 1172 3997 6837 1169 3998 6838 1171 3999 6839 1172 4000 6840 1171 4000 6841 1173 4000 6842 1178 4001 6843 1168 4002 6844 1179 4003 6845 1179 4003 6846 1168 4002 6847 1146 4004 6848 1179 4005 6849 1146 4006 6850 1180 4007 6851 1180 4007 6852 1146 4006 6853 1153 4008 6854 1180 4009 6855 1153 4010 6856 1181 4011 6857 1181 4011 6858 1153 4010 6859 1155 4012 6860 1181 4013 6861 1155 4014 6862 1157 4015 6863 1157 4015 6864 1177 3994 6865 1181 4013 6866 1181 4013 6867 1177 3994 6868 1172 3996 6869 1181 4011 6870 1172 3985 6871 1180 4009 6872 1180 4009 6873 1172 3985 6874 1174 3987 6875 1180 4007 6876 1174 3991 6877 1179 4005 6878 1179 4005 6879 1174 3991 6880 1176 3993 6881 1179 4003 6882 1176 4016 6883 1178 4001 6884 1178 4001 6885 1176 4016 6886 1175 4017 6887 1178 4018 6888 1175 4019 6889 1182 4020 6890 1183 4021 6891 1184 4022 6892 1185 4023 6893 1186 4024 6894 1187 4024 6895 1188 4024 6896 1186 4025 6897 1188 4026 6898 1189 4027 6899 1189 4028 6900 1188 4029 6901 1190 4030 6902 1189 4031 6903 1190 4032 6904 1191 4033 6905 1191 4034 6906 1190 4035 6907 1192 4036 6908 1191 4037 6909 1192 4038 6910 1193 4039 6911 1194 4040 6912 1195 4041 6913 1196 4042 6914 1196 4043 6915 1195 4044 6916 1197 4045 6917 1171 4046 6918 1170 4047 6919 1194 4048 6920 1194 4049 6921 1196 4050 6922 1171 4050 6923 1171 4051 6924 1196 4051 6925 1198 4052 6926 1171 4053 6927 1198 4053 6928 1173 4053 6929 1173 4054 6930 1198 4055 6931 1199 4056 6932 1173 4057 6933 1199 4058 6934 1175 4059 6935 1183 4021 6936 1185 4023 6937 1200 4060 6938 1200 4061 6939 1185 4062 6940 1201 4063 6941 1200 4061 6942 1201 4063 6943 1202 4064 6944 1203 4065 6945 1184 4066 6946 1197 4067 6947 1197 4068 6948 1184 4069 6949 1183 4069 6950 1197 4070 6951 1183 4071 6952 1196 4072 6953 1196 4073 6954 1183 4074 6955 1200 4075 6956 1196 4073 6957 1200 4075 6958 1198 4076 6959 1198 4077 6960 1200 4078 6961 1202 4079 6962 1198 4077 6963 1202 4079 6964 1199 4080 6965 1204 4081 6966 1193 4082 6967 1203 4083 6968 1203 4084 6969 1193 4085 6970 1192 4086 6971 1203 4087 6972 1192 4088 6973 1184 4089 6974 1184 4090 6975 1192 4091 6976 1190 4092 6977 1184 4090 6978 1190 4092 6979 1185 4093 6980 1185 4094 6981 1190 4095 6982 1188 4096 6983 1185 4094 6984 1188 4096 6985 1201 4097 6986 1201 4098 6987 1188 4099 6988 1187 4100 6989 1201 4101 6990 1187 4102 6991 1202 4103 6992 1202 4103 6993 1187 4102 6994 1205 4104 6995 1202 4105 6996 1205 4106 6997 1199 4107 6998 1199 4107 6999 1205 4106 7000 1206 4108 7001 1199 4109 7002 1206 4109 7003 1175 4110 7004 1175 4111 7005 1206 4111 7006 1207 4111 7007 1175 4019 7008 1207 4112 7009 1182 4020 7010 1208 4113 7011 1204 4114 7012 1209 4114 7013 1138 4115 7014 1210 4116 7015 1211 4117 7016 1211 4118 7017 1210 4119 7018 1212 4120 7019 1211 4121 7020 1212 4122 7021 1213 4123 7022 1213 4124 7023 1212 4125 7024 1214 4126 7025 1209 4127 7026 1215 4128 7027 1208 4129 7028 1208 4130 7029 1215 4131 7030 1216 4132 7031 1208 4133 7032 1216 4133 7033 1214 4133 7034 1214 4134 7035 1216 4135 7036 1217 4136 7037 1214 4126 7038 1217 4137 7039 1213 4124 7040 1204 4138 7041 1208 4139 7042 1193 4140 7043 1193 4141 7044 1208 4141 7045 1214 4141 7046 1193 4142 7047 1214 4143 7048 1191 4144 7049 1191 4145 7050 1214 4126 7051 1212 4125 7052 1191 4145 7053 1212 4125 7054 1189 4146 7055 1189 4027 7056 1212 4120 7057 1210 4119 7058 1189 4027 7059 1210 4119 7060 1186 4025 7061 1218 4147 7062 1219 4148 7063 1220 4149 7064 1220 4149 7065 1219 4148 7066 1221 4150 7067 1222 4151 7068 1220 4152 7069 1221 4153 7070 1221 4154 7071 1223 4155 7072 1222 4155 7073 1222 4156 7074 1223 4157 7075 1224 4158 7076 1222 4159 7077 1224 4160 7078 1225 4161 7079 1225 4162 7080 1224 4163 7081 1226 4164 7082 1226 4164 7083 1224 4163 7084 1227 4165 7085 1226 4166 7086 1227 4167 7087 1228 4168 7088 1228 4169 7089 1227 4169 7090 1229 4169 7091 1228 4170 7092 1229 4170 7093 1230 4171 7094 1229 4172 7095 1231 4173 7096 1230 4174 7097 1230 4175 7098 1231 4176 7099 1232 4177 7100 1230 4178 7101 1232 4178 7102 1233 4178 7103 1233 4179 7104 1232 4180 7105 1234 4181 7106 1234 4181 7107 1232 4180 7108 1235 4182 7109 1234 4183 7110 1235 4184 7111 1236 4185 7112 1236 4186 7113 1235 4186 7114 1237 4186 7115 1236 4187 7116 1237 4188 7117 1238 4189 7118 1238 4190 7119 1237 4191 7120 1239 4192 7121 1238 4193 7122 1239 4193 7123 1240 4194 7124 1240 4195 7125 1239 4196 7126 1241 4197 7127 1240 4198 7128 1241 4199 7129 1242 4200 7130 1240 4198 7131 1242 4200 7132 1243 4201 7133 1243 4201 7134 1242 4200 7135 1244 4202 7136 1245 4203 7137 1246 4204 7138 1247 4205 7139 1245 4206 7140 1247 4207 7141 1248 4208 7142 1248 4209 7143 1247 4209 7144 1249 4209 7145 1248 4210 7146 1249 4211 7147 1250 4212 7148 1250 4213 7149 1249 4214 7150 1251 4215 7151 1250 4216 7152 1251 4217 7153 1252 4218 7154 1252 4219 7155 1251 4220 7156 1243 4221 7157 1252 4219 7158 1243 4221 7159 1244 4222 7160 1246 4223 7161 1245 4224 7162 1253 4225 7163 1253 4225 7164 1245 4224 7165 1254 4226 7166 1218 4227 7167 1255 4228 7168 1219 4229 7169 1219 4230 7170 1255 4231 7171 1256 4232 7172 1255 4233 7173 1257 4233 7174 1256 4234 7175 1256 4235 7176 1257 4235 7177 1258 4235 7178 1256 4236 7179 1258 4237 7180 1259 4238 7181 1259 4239 7182 1258 4240 7183 1260 4241 7184 1259 4242 7185 1260 4243 7186 1261 4244 7187 1261 4245 7188 1260 4246 7189 1262 4247 7190 1261 4248 7191 1262 4249 7192 1263 4250 7193 1264 4251 7194 1265 4252 7195 1263 4253 7196 1263 4254 7197 1265 4255 7198 1266 4256 7199 1263 4250 7200 1266 4257 7201 1261 4248 7202 1263 4258 7203 1267 4259 7204 1264 4260 7205 1264 4261 7206 1267 4262 7207 1253 4263 7208 1264 4264 7209 1253 4265 7210 1254 4266 7211 1268 4267 7212 1269 4268 7213 1270 4269 7214 1271 4270 7215 1272 4271 7216 1273 4272 7217 1274 4273 7218 1275 4274 7219 1276 4273 7220 1277 4275 7221 1278 4276 7222 1279 4277 7223 1279 4278 7224 1278 4279 7225 1280 4280 7226 1279 4281 7227 1280 4282 7228 1273 4283 7229 1273 4284 7230 1280 4285 7231 1281 4286 7232 1273 4287 7233 1281 4288 7234 1271 4289 7235 1277 4290 7236 1279 4291 7237 1282 4292 7238 1282 4293 7239 1279 4294 7240 1283 4295 7241 1282 4296 7242 1283 4297 7243 1284 4298 7244 1285 4299 7245 1286 4300 7246 1287 4301 7247 1288 4302 7248 1289 4303 7249 1286 4304 7250 1290 4305 7251 1291 4306 7252 1289 4307 7253 1292 4308 7254 1293 4309 7255 1294 4310 7256 1294 4311 7257 1293 4312 7258 1295 4313 7259 1296 4314 7260 1297 4315 7261 1298 4316 7262 1298 4317 7263 1297 4318 7264 1292 4319 7265 1298 4320 7266 1292 4321 7267 1299 4322 7268 1276 4323 7269 1300 4324 7270 1274 4325 7271 1274 4326 7272 1300 4327 7273 1301 4328 7274 1274 4329 7275 1301 4330 7276 1302 4331 7277 1303 4332 7278 1304 4333 7279 1305 4334 7280 1305 4335 7281 1304 4336 7282 1306 4337 7283 1289 4338 7284 1288 4339 7285 1290 4340 7286 1290 4341 7287 1288 4342 7288 1307 4343 7289 1290 4344 7290 1307 4345 7291 1308 4346 7292 1308 4347 7293 1307 4347 7294 1309 4347 7295 1308 4348 7296 1309 4349 7297 1310 4350 7298 1311 4351 7299 1284 4352 7300 1287 4353 7301 1287 4354 7302 1284 4355 7303 1283 4356 7304 1287 4357 7305 1283 4358 7306 1285 4359 7307 1285 4360 7308 1283 4361 7309 1279 4362 7310 1285 4363 7311 1279 4364 7312 1312 4365 7313 1312 4366 7314 1279 4367 7315 1273 4368 7316 1312 4369 7317 1273 4370 7318 1313 4371 7319 1313 4372 7320 1273 4373 7321 1272 4374 7322 1313 4375 7323 1272 4376 7324 1305 4377 7325 1305 4378 7326 1272 4379 7327 1314 4380 7328 1305 4381 7329 1314 4382 7330 1303 4381 7331 1303 4383 7332 1314 4384 7333 1275 4385 7334 1292 4386 7335 1294 4387 7336 1299 4388 7337 1299 4389 7338 1294 4390 7339 1315 4391 7340 1299 4392 7341 1315 4393 7342 1316 4394 7343 1316 4395 7344 1315 4395 7345 1317 4396 7346 1316 4397 7347 1317 4398 7348 1318 4399 7349 1291 4400 7350 1290 4401 7351 1319 4402 7352 1319 4403 7353 1290 4404 7354 1308 4405 7355 1319 4406 7356 1308 4407 7357 1320 4407 7358 1320 4408 7359 1308 4408 7360 1310 4408 7361 1320 4409 7362 1310 4410 7363 1321 4411 7364 1322 4412 7365 1323 4413 7366 1324 4414 7367 1324 4415 7368 1323 4416 7369 1302 4417 7370 1324 4418 7371 1302 4419 7372 1325 4420 7373 1325 4421 7374 1302 4422 7375 1301 4423 7376 1318 4424 7377 1317 4424 7378 1326 4424 7379 1326 4425 7380 1317 4426 7381 1323 4427 7382 1326 4428 7383 1323 4429 7384 1270 4430 7385 1270 4431 7386 1323 4432 7387 1322 4433 7388 1270 4434 7389 1322 4434 7390 1268 4435 7391 1286 4436 7392 1285 4437 7393 1288 4438 7394 1288 4439 7395 1285 4440 7396 1312 4441 7397 1288 4442 7398 1312 4443 7399 1307 4444 7400 1307 4445 7401 1312 4445 7402 1313 4445 7403 1307 4446 7404 1313 4447 7405 1309 4448 7406 1309 4449 7407 1313 4450 7408 1305 4451 7409 1309 4452 7410 1305 4453 7411 1310 4454 7412 1310 4455 7413 1305 4456 7414 1306 4457 7415 1310 4458 7416 1306 4459 7417 1321 4460 7418 1275 4385 7419 1274 4461 7420 1303 4383 7421 1303 4462 7422 1274 4463 7423 1302 4464 7424 1303 4465 7425 1302 4466 7426 1304 4467 7427 1304 4468 7428 1302 4469 7429 1323 4470 7430 1304 4471 7431 1323 4472 7432 1306 4473 7433 1306 4474 7434 1323 4475 7435 1317 4476 7436 1306 4477 7437 1317 4478 7438 1321 4479 7439 1321 4480 7440 1317 4481 7441 1315 4482 7442 1321 4483 7443 1315 4484 7444 1320 4485 7445 1320 4486 7446 1315 4487 7447 1294 4487 7448 1320 4488 7449 1294 4489 7450 1319 4490 7451 1319 4491 7452 1294 4492 7453 1295 4493 7454 1319 4494 7455 1295 4495 7456 1291 4496 7457 1327 4497 7458 1328 4498 7459 1329 4499 7460 1330 4500 7461 1331 4501 7462 1332 4502 7463 1333 4503 7464 1334 4504 7465 1331 4505 7466 1335 4506 7467 1269 4507 7468 1268 4508 7469 1335 4509 7470 1268 4510 7471 1336 4511 7472 1331 4512 7473 1330 4512 7474 1333 4512 7475 1333 4513 7476 1330 4514 7477 1300 4515 7478 1333 4516 7479 1300 4517 7480 1276 4518 7481 1268 4519 7482 1322 4520 7483 1336 4521 7484 1336 4522 7485 1322 4523 7486 1324 4523 7487 1336 4524 7488 1324 4525 7489 1332 4526 7490 1332 4527 7491 1324 4528 7492 1325 4528 7493 1332 4529 7494 1325 4530 7495 1330 4531 7496 1330 4532 7497 1325 4533 7498 1301 4534 7499 1330 4535 7500 1301 4536 7501 1300 4537 7502 1334 4538 7503 1327 4539 7504 1331 4540 7505 1331 4541 7506 1327 4542 7507 1329 4543 7508 1331 4544 7509 1329 4545 7510 1332 4546 7511 1332 4547 7512 1329 4548 7513 1337 4549 7514 1332 4550 7515 1337 4551 7516 1336 4552 7517 1336 4553 7518 1337 4554 7519 1338 4555 7520 1336 4556 7521 1338 4557 7522 1335 4558 7523 1335 4559 7524 1338 4560 7525 1339 4561 7526 1340 4562 7527 1341 4563 7528 1342 4564 7529 1343 4565 7530 1344 4566 7531 1342 4564 7532 1342 4564 7533 1344 4566 7534 1345 4567 7535 1342 4564 7536 1345 4567 7537 1340 4562 7538 1297 4568 7539 1296 4569 7540 1346 4570 7541 1347 4571 7542 1311 4572 7543 1287 4573 7544 1348 4574 7545 1349 4575 7546 1350 4576 7547 1351 4577 7548 1352 4578 7549 1353 4579 7550 1354 4580 7551 1355 4581 7552 1356 4581 7553 1356 4582 7554 1355 4583 7555 1357 4584 7556 1358 4585 7557 1359 4586 7558 1360 4587 7559 1360 4588 7560 1359 4589 7561 1361 4590 7562 1360 4591 7563 1361 4592 7564 1362 4593 7565 1341 4594 7566 1358 4595 7567 1363 4596 7568 1363 4597 7569 1358 4598 7570 1360 4599 7571 1363 4600 7572 1360 4601 7573 1364 4602 7574 1365 4603 7575 1366 4604 7576 1367 4605 7577 1368 4606 7578 1346 4607 7579 1366 4608 7580 1286 4609 7581 1289 4610 7582 1369 4611 7583 1369 4612 7584 1289 4613 7585 1370 4614 7586 1369 4615 7587 1370 4616 7588 1371 4617 7589 1372 4618 7590 1357 4619 7591 1373 4620 7592 1373 4621 7593 1357 4622 7594 1355 4623 7595 1373 4624 7596 1355 4625 7597 1374 4626 7598 1374 4627 7599 1355 4628 7600 1354 4629 7601 1374 4630 7602 1354 4631 7603 1375 4632 7604 1375 4633 7605 1354 4634 7606 1376 4635 7607 1375 4636 7608 1376 4637 7609 1377 4638 7610 1377 4639 7611 1376 4640 7612 1350 4641 7613 1378 4642 7614 1379 4643 7615 1353 4644 7616 1353 4645 7617 1379 4646 7618 1380 4647 7619 1353 4579 7620 1380 4648 7621 1351 4577 7622 1351 4649 7623 1380 4650 7624 1381 4651 7625 1379 4652 7626 1382 4653 7627 1380 4654 7628 1380 4655 7629 1382 4656 7630 1383 4657 7631 1380 4658 7632 1383 4659 7633 1381 4660 7634 1381 4661 7635 1383 4662 7636 1384 4663 7637 1381 4664 7638 1384 4665 7639 1385 4666 7640 1386 4667 7641 1387 4668 7642 1388 4669 7643 1388 4670 7644 1387 4670 7645 1389 4670 7646 1388 4671 7647 1389 4672 7648 1390 4673 7649 1390 4673 7650 1389 4672 7651 1391 4674 7652 1390 4675 7653 1391 4676 7654 1371 4677 7655 1386 4678 7656 1364 4679 7657 1387 4680 7658 1387 4681 7659 1364 4602 7660 1360 4601 7661 1387 4682 7662 1360 4682 7663 1389 4682 7664 1389 4683 7665 1360 4684 7666 1362 4685 7667 1389 4686 7668 1362 4687 7669 1391 4688 7670 1361 4689 7671 1372 4690 7672 1362 4691 7673 1362 4692 7674 1372 4693 7675 1373 4694 7676 1362 4695 7677 1373 4696 7678 1391 4697 7679 1391 4698 7680 1373 4699 7681 1374 4700 7682 1391 4676 7683 1374 4701 7684 1371 4677 7685 1371 4702 7686 1374 4703 7687 1375 4704 7688 1371 4705 7689 1375 4706 7690 1369 4707 7691 1369 4708 7692 1375 4636 7693 1377 4638 7694 1369 4709 7695 1377 4710 7696 1286 4711 7697 1286 4712 7698 1377 4713 7699 1350 4714 7700 1286 4712 7701 1350 4714 7702 1287 4715 7703 1287 4716 7704 1350 4717 7705 1349 4718 7706 1287 4719 7707 1349 4720 7708 1347 4721 7709 1366 4604 7710 1365 4603 7711 1368 4722 7712 1368 4723 7713 1365 4724 7714 1392 4725 7715 1368 4726 7716 1392 4727 7717 1393 4728 7718 1393 4729 7719 1392 4730 7720 1394 4731 7721 1393 4732 7722 1394 4733 7723 1395 4734 7724 1297 4735 7725 1346 4736 7726 1292 4737 7727 1292 4738 7728 1346 4739 7729 1368 4740 7730 1292 4308 7731 1368 4741 7732 1293 4309 7733 1293 4742 7734 1368 4743 7735 1393 4744 7736 1293 4745 7737 1393 4746 7738 1295 4747 7739 1295 4748 7740 1393 4749 7741 1395 4750 7742 1295 4751 7743 1395 4752 7744 1291 4753 7745 1396 4754 7746 1397 4754 7747 1350 4755 7748 1350 4756 7749 1397 4757 7750 1398 4758 7751 1350 4759 7752 1398 4760 7753 1348 4759 7754 1356 4761 7755 1352 4762 7756 1354 4763 7757 1354 4764 7758 1352 4765 7759 1351 4766 7760 1354 4634 7761 1351 4767 7762 1376 4635 7763 1376 4768 7764 1351 4649 7765 1381 4651 7766 1376 4640 7767 1381 4769 7768 1350 4641 7769 1350 4770 7770 1381 4771 7771 1385 4772 7772 1350 4773 7773 1385 4774 7774 1396 4775 7775 1289 4776 7776 1291 4777 7777 1370 4778 7778 1370 4779 7779 1291 4780 7780 1395 4781 7781 1370 4782 7782 1395 4783 7783 1371 4784 7784 1371 4785 7785 1395 4786 7786 1394 4787 7787 1371 4788 7788 1394 4789 7789 1390 4790 7790 1390 4791 7791 1394 4792 7792 1392 4793 7793 1390 4791 7794 1392 4793 7795 1388 4794 7796 1388 4795 7797 1392 4796 7798 1365 4797 7799 1388 4798 7800 1365 4799 7801 1386 4800 7802 1386 4801 7803 1365 4603 7804 1367 4605 7805 1386 4802 7806 1367 4803 7807 1364 4804 7808 1177 4805 7809 1157 4806 7810 1399 4807 7811 1400 4808 7812 1401 4809 7813 1402 4810 7814 1402 4811 7815 1401 4812 7816 1403 4813 7817 1402 4811 7818 1403 4813 7819 1404 4814 7820 1404 4814 7821 1403 4813 7822 1405 4815 7823 1404 4814 7824 1405 4815 7825 1406 4816 7826 1406 4816 7827 1405 4815 7828 1407 4817 7829 1406 4816 7830 1407 4817 7831 1408 4818 7832 1408 4818 7833 1407 4817 7834 1409 4819 7835 1408 4818 7836 1409 4819 7837 1410 4820 7838 1410 4820 7839 1409 4819 7840 1411 4821 7841 1410 4820 7842 1411 4821 7843 1412 4822 7844 1412 4823 7845 1411 4824 7846 1413 4825 7847 1411 4824 7848 1414 4826 7849 1413 4825 7850 1413 4825 7851 1414 4826 7852 1415 4827 7853 1413 4828 7854 1415 4829 7855 1416 4830 7856 1416 4831 7857 1415 4831 7858 1417 4831 7859 1416 4832 7860 1417 4833 7861 1418 4834 7862 1418 4834 7863 1419 4835 7864 1416 4832 7865 1416 4832 7866 1419 4835 7867 1420 4836 7868 1416 4832 7869 1420 4836 7870 1421 4837 7871 1421 4838 7872 1422 4839 7873 1423 4840 7874 1423 4840 7875 1422 4839 7876 1424 4841 7877 1421 4837 7878 1423 4842 7879 1416 4832 7880 1416 4843 7881 1423 4844 7882 1170 4845 7883 1416 4843 7884 1170 4845 7885 1399 4846 7886 1399 4807 7887 1170 4847 7888 1169 4848 7889 1399 4807 7890 1169 4848 7891 1177 4805 7892 1425 4849 7893 1426 4850 7894 1427 4851 7895 1427 4851 7896 1426 4850 7897 1428 4852 7898 1428 4852 7899 1429 4853 7900 1427 4851 7901 1427 4854 7902 1429 4855 7903 1430 4856 7904 1427 4854 7905 1430 4856 7906 1431 4857 7907 1432 4858 7908 1433 4859 7909 1430 4860 7910 1433 4859 7911 1434 4861 7912 1430 4860 7913 1430 4862 7914 1434 4863 7915 1435 4864 7916 1430 4862 7917 1435 4864 7918 1431 4865 7919 1431 4865 7920 1435 4864 7921 1436 4866 7922 1431 4865 7923 1436 4866 7924 1437 4867 7925 1437 4867 7926 1438 4868 7927 1431 4865 7928 1431 4865 7929 1438 4868 7930 1439 4869 7931 1431 4870 7932 1439 4871 7933 1400 4870 7934 1400 4808 7935 1439 4872 7936 1440 4873 7937 1400 4808 7938 1440 4873 7939 1401 4809 7940 1441 4874 7941 1442 4875 7942 1430 4876 7943 1430 4876 7944 1442 4875 7945 1443 4877 7946 1430 4860 7947 1443 4878 7948 1432 4858 7949 1424 4879 7950 1444 4880 7951 1423 4881 7952 1423 4881 7953 1444 4880 7954 1445 4882 7955 1423 4881 7956 1445 4882 7957 1446 4883 7958 1446 4884 7959 1447 4885 7960 1423 4886 7961 1423 4886 7962 1447 4885 7963 1448 4887 7964 1423 4888 7965 1448 4889 7966 1449 4890 7967 1449 4891 7968 1448 4892 7969 1450 4893 7970 1449 4894 7971 1450 4894 7972 1430 4894 7973 1430 4895 7974 1450 4896 7975 1451 4897 7976 1430 4895 7977 1451 4897 7978 1441 4898 7979 1452 4899 7980 1339 4900 7981 1338 4901 7982 1453 4902 7983 1454 4903 7984 1455 4904 7985 1456 4905 7986 1457 4906 7987 1458 4907 7988 1453 4908 7989 1455 4909 7990 1459 4910 7991 1452 4911 7992 1338 4912 7993 1460 4913 7994 1461 4914 7995 1462 4915 7996 1463 4916 7997 1463 4917 7998 1462 4918 7999 1464 4919 8000 1463 4920 8001 1464 4921 8002 1465 4922 8003 1465 4923 8004 1464 4924 8005 1466 4925 8006 1465 4926 8007 1466 4927 8008 1412 4928 8009 1463 4929 8010 1467 4930 8011 1461 4931 8012 1461 4932 8013 1467 4933 8014 1468 4934 8015 1461 4935 8016 1468 4935 8017 1458 4936 8018 1458 4937 8019 1468 4938 8020 1469 4939 8021 1458 4940 8022 1469 4941 8023 1456 4942 8024 1470 4943 8025 1460 4944 8026 1471 4945 8027 1471 4946 8028 1460 4947 8029 1338 4948 8030 1471 4949 8031 1338 4950 8032 1472 4951 8033 1472 4952 8034 1338 4555 8035 1337 4554 8036 1472 4953 8037 1337 4954 8038 1473 4955 8039 1473 4956 8040 1337 4957 8041 1329 4958 8042 1473 4959 8043 1329 4960 8044 1474 4961 8045 1474 4962 8046 1329 4963 8047 1328 4964 8048 1474 4965 8049 1459 4966 8050 1473 4967 8051 1473 4968 8052 1459 4969 8053 1455 4970 8054 1473 4971 8055 1455 4972 8056 1472 4973 8057 1472 4974 8058 1455 4975 8059 1475 4976 8060 1472 4977 8061 1475 4978 8062 1471 4979 8063 1471 4980 8064 1475 4981 8065 1476 4982 8066 1471 4983 8067 1476 4983 8068 1470 4983 8069 1470 4984 8070 1476 4985 8071 1477 4986 8072 1454 4987 8073 1469 4988 8074 1455 4989 8075 1455 4989 8076 1469 4988 8077 1468 4990 8078 1455 4991 8079 1468 4992 8080 1475 4993 8081 1475 4994 8082 1468 4995 8083 1467 4996 8084 1475 4981 8085 1467 4997 8086 1476 4982 8087 1476 4998 8088 1467 4999 8089 1463 5000 8090 1476 5001 8091 1463 5001 8092 1477 5001 8093 1477 5002 8094 1463 5003 8095 1465 5004 8096 1478 5005 8097 1479 5006 8098 1480 5007 8099 1481 5008 8100 1482 5009 8101 1483 5010 8102 1121 5011 8103 1484 5012 8104 1485 5013 8105 1486 5014 8106 1484 5015 8107 1121 5016 8108 1483 5017 8109 1482 5018 8110 1121 5019 8111 1487 5020 8112 1485 5021 8113 1488 5022 8114 1488 5023 8115 1485 5024 8116 1484 5025 8117 1488 5023 8118 1484 5025 8119 1489 5026 8120 1489 5027 8121 1484 5028 8122 1486 5029 8123 1479 5030 8124 1481 5031 8125 1487 5032 8126 1487 5033 8127 1481 5008 8128 1483 5010 8129 1487 5020 8130 1483 5034 8131 1485 5021 8132 1485 5035 8133 1483 5035 8134 1121 5035 8135 1486 5036 8136 1490 5037 8137 1489 5038 8138 1489 5039 8139 1490 5039 8140 1491 5039 8141 1489 5040 8142 1491 5041 8143 1492 5040 8144 1479 5030 8145 1487 5032 8146 1480 5042 8147 1480 5043 8148 1487 5044 8149 1488 5045 8150 1480 5043 8151 1488 5045 8152 1493 5046 8153 1493 5047 8154 1488 5048 8155 1489 5049 8156 1493 5047 8157 1489 5049 8158 1494 5050 8159 1494 5051 8160 1489 5052 8161 1492 5053 8162 1494 5054 8163 1492 5055 8164 1495 5056 8165 1478 5005 8166 1480 5007 8167 1496 5057 8168 1496 5058 8169 1480 5059 8170 1493 5060 8171 1496 5058 8172 1493 5060 8173 1497 5061 8174 1497 5062 8175 1493 5063 8176 1494 5064 8177 1497 5062 8178 1494 5064 8179 1498 5065 8180 1498 5066 8181 1494 5067 8182 1495 5068 8183 1498 5066 8184 1495 5068 8185 1499 5069 8186 1500 5070 8187 1478 5071 8188 1496 5072 8189 1500 5070 8190 1496 5072 8191 1501 5073 8192 1501 5074 8193 1496 5075 8194 1497 5076 8195 1501 5074 8196 1497 5076 8197 1502 5077 8198 1502 5078 8199 1497 5079 8200 1498 5080 8201 1502 5078 8202 1498 5080 8203 1503 5081 8204 1503 5082 8205 1498 5083 8206 1499 5084 8207 1503 5082 8208 1499 5084 8209 1504 5085 8210 1505 5086 8211 1506 5086 8212 1507 5087 8213 1507 5088 8214 1506 5088 8215 1508 5088 8216 1507 5089 8217 1508 5090 8218 1509 5091 8219 1509 5092 8220 1508 5093 8221 1343 5094 8222 1509 5095 8223 1343 5096 8224 1342 5096 8225 1505 5097 8226 1507 5098 8227 1510 5099 8228 1510 5100 8229 1507 5101 8230 1511 5102 8231 1510 5103 8232 1511 5104 8233 1512 5105 8234 1512 5106 8235 1511 5107 8236 1513 5108 8237 1513 5109 8238 1511 5110 8239 1514 5111 8240 1513 5112 8241 1514 5112 8242 1515 5112 8243 1515 5113 8244 1516 5114 8245 1517 5115 8246 1517 5115 8247 1516 5114 8248 1518 5116 8249 1517 5117 8250 1518 5118 8251 1519 5119 8252 1519 5120 8253 1518 5121 8254 1520 5122 8255 1519 5123 8256 1520 5123 8257 1521 5123 8258 1521 5124 8259 1520 5125 8260 1522 5126 8261 1521 5127 8262 1522 5128 8263 1523 5129 8264 1523 5130 8265 1522 5131 8266 1524 5132 8267 1524 5133 8268 1522 5134 8269 1525 5135 8270 1524 5136 8271 1525 5137 8272 1526 5138 8273 1516 5139 8274 1527 5140 8275 1528 5141 8276 1516 5142 8277 1528 5143 8278 1529 5144 8279 1528 5145 8280 1530 5146 8281 1529 5147 8282 1529 5148 8283 1530 5149 8284 1531 5150 8285 1529 5151 8286 1531 5151 8287 1532 5151 8288 1532 5152 8289 1531 5153 8290 1533 5154 8291 1532 5155 8292 1533 5156 8293 1534 5157 8294 1534 5158 8295 1533 5159 8296 1504 5160 8297 1534 5161 8298 1504 5162 8299 1535 5163 8300 1536 5164 8301 1115 5165 8302 1117 5166 8303 1536 5164 8304 1117 5166 8305 1537 790 8306 1133 790 8307 1538 5167 8308 1117 5166 8309 1117 5166 8310 1538 5167 8311 1539 5168 8312 1117 5166 8313 1539 5168 8314 1537 790 8315 1540 5169 8316 1541 5170 8317 1542 5171 8318 1542 5172 8319 1541 5173 8320 1543 5174 8321 1542 5175 8322 1543 5176 8323 1544 5177 8324 1544 5178 8325 1543 5179 8326 1545 5180 8327 1546 5181 8328 1547 5182 8329 1548 5183 8330 1548 5184 8331 1547 5185 8332 1549 5186 8333 1548 5187 8334 1549 5187 8335 1545 5187 8336 1545 5188 8337 1549 5189 8338 1550 5190 8339 1545 5191 8340 1550 5192 8341 1544 5193 8342 1546 5194 8343 1548 5195 8344 1551 5196 8345 1551 5197 8346 1548 5198 8347 1552 5199 8348 1551 5200 8349 1552 5201 8350 1525 5202 8351 1553 5203 8352 1554 5204 8353 1555 5205 8354 1555 5205 8355 1554 5204 8356 1556 5206 8357 1555 5207 8358 1556 5208 8359 1557 5209 8360 1557 5209 8361 1556 5208 8362 1558 5210 8363 1557 5211 8364 1558 5212 8365 1559 5213 8366 1559 5213 8367 1558 5212 8368 1560 5214 8369 1559 5215 8370 1560 5216 8371 1561 5217 8372 1561 5217 8373 1560 5216 8374 1562 5218 8375 1561 5219 8376 1562 5220 8377 1563 5221 8378 1563 5221 8379 1562 5220 8380 1564 5222 8381 1563 5223 8382 1564 5224 8383 1565 5225 8384 1565 5225 8385 1564 5224 8386 1566 5226 8387 1565 5227 8388 1566 5228 8389 1567 5229 8390 1567 5229 8391 1566 5228 8392 1568 5230 8393 1567 5231 8394 1568 5232 8395 1569 5233 8396 1569 5233 8397 1568 5232 8398 1570 5234 8399 1569 5235 8400 1570 5236 8401 1571 5237 8402 1571 5237 8403 1570 5236 8404 1572 5238 8405 1571 5239 8406 1572 5240 8407 1573 5241 8408 1573 5241 8409 1572 5240 8410 1574 5242 8411 1573 5243 8412 1574 5244 8413 1575 5245 8414 1575 5245 8415 1574 5244 8416 1576 5246 8417 1575 5247 8418 1576 5248 8419 1577 5249 8420 1577 5249 8421 1576 5248 8422 1578 5250 8423 1577 5251 8424 1578 5252 8425 1553 5253 8426 1553 5253 8427 1578 5252 8428 1554 5254 8429 1579 5255 8430 1580 5256 8431 1581 5257 8432 1581 5257 8433 1580 5256 8434 1582 5258 8435 1581 5259 8436 1582 5260 8437 1583 5261 8438 1583 5261 8439 1582 5260 8440 1584 5262 8441 1583 5263 8442 1584 5264 8443 1585 5265 8444 1585 5265 8445 1584 5264 8446 1586 5266 8447 1585 5267 8448 1586 5268 8449 1587 5269 8450 1587 5269 8451 1586 5268 8452 1588 5270 8453 1587 5271 8454 1588 5272 8455 1589 5273 8456 1589 5273 8457 1588 5272 8458 1590 5274 8459 1589 5275 8460 1590 5276 8461 1591 5277 8462 1591 5277 8463 1590 5276 8464 1592 5278 8465 1591 5279 8466 1592 5280 8467 1593 5281 8468 1593 5281 8469 1592 5280 8470 1594 5282 8471 1593 5283 8472 1594 5284 8473 1595 5285 8474 1595 5285 8475 1594 5284 8476 1596 5286 8477 1595 5287 8478 1596 5288 8479 1597 5289 8480 1597 5289 8481 1596 5288 8482 1598 5290 8483 1597 5291 8484 1598 5292 8485 1599 5293 8486 1599 5293 8487 1598 5292 8488 1600 5294 8489 1599 5295 8490 1600 5296 8491 1601 5297 8492 1601 5297 8493 1600 5296 8494 1602 5298 8495 1601 5299 8496 1602 5300 8497 1579 5301 8498 1579 5301 8499 1602 5300 8500 1580 5302 8501 1603 5303 8502 1604 5304 8503 1605 5305 8504 1604 5306 8505 1603 5306 8506 1606 5306 8507 1606 5307 8508 1603 5308 8509 1607 5309 8510 1606 5310 8511 1607 5311 8512 1608 5312 8513 1608 5313 8514 1607 5314 8515 1609 5315 8516 1608 5316 8517 1609 5317 8518 1610 5318 8519 1611 5319 8520 1612 5320 8521 1605 5321 8522 1613 5322 8523 1541 5323 8524 1612 5324 8525 1612 5325 8526 1611 5326 8527 1613 5327 8528 1613 5328 8529 1611 5329 8530 1614 5330 8531 1613 5328 8532 1614 5330 8533 1615 5331 8534 1615 5332 8535 1614 5333 8536 1616 5334 8537 1615 5332 8538 1616 5334 8539 1617 5335 8540 1617 5336 8541 1616 5337 8542 1618 5338 8543 1617 5336 8544 1618 5338 8545 1619 5339 8546 1605 5340 8547 1604 5341 8548 1611 5342 8549 1611 5342 8550 1604 5341 8551 1606 5343 8552 1611 5342 8553 1606 5343 8554 1614 5344 8555 1614 5345 8556 1606 5346 8557 1608 5347 8558 1614 5345 8559 1608 5347 8560 1616 5348 8561 1616 5349 8562 1608 5350 8563 1610 5351 8564 1616 5349 8565 1610 5351 8566 1618 5352 8567 1620 5353 8568 1621 5354 8569 1622 5355 8570 1142 5356 8571 1623 5357 8572 1144 5358 8573 1144 5358 8574 1623 5357 8575 1624 5359 8576 1620 5360 8577 1622 5361 8578 1625 5362 8579 1625 5363 8580 1622 5364 8581 1626 5365 8582 1625 5366 8583 1626 5367 8584 1627 5368 8585 1627 5369 8586 1626 5370 8587 1628 5371 8588 1627 5369 8589 1628 5371 8590 1629 5372 8591 1629 5373 8592 1628 5374 8593 1630 5375 8594 1630 5376 8595 1628 5377 8596 1631 5378 8597 1630 5376 8598 1631 5378 8599 1632 5379 8600 1632 5380 8601 1631 5381 8602 1633 5382 8603 1632 5383 8604 1633 5384 8605 1634 5385 8606 1634 5386 8607 1633 5386 8608 1635 5386 8609 1634 5387 8610 1635 5388 8611 1636 5389 8612 1209 5390 8613 1636 5391 8614 1215 5392 8615 1215 5393 8616 1636 5394 8617 1635 5395 8618 1215 5396 8619 1635 5397 8620 1216 5398 8621 1216 5399 8622 1635 5400 8623 1633 5400 8624 1216 5401 8625 1633 5402 8626 1217 5403 8627 1138 5404 8628 1637 5405 8629 1136 5406 8630 1136 5406 8631 1637 5405 8632 1638 5407 8633 1136 5408 8634 1638 5409 8635 1141 5410 8636 1141 5411 8637 1638 5412 8638 1639 5413 8639 1141 5414 8640 1639 5415 8641 1142 5416 8642 1142 5417 8643 1639 5418 8644 1640 5419 8645 1142 5420 8646 1640 5421 8647 1623 5422 8648 1641 5423 8649 1642 5424 8650 1637 5425 8651 1637 5425 8652 1642 5424 8653 1643 5426 8654 1637 5427 8655 1643 5428 8656 1638 5429 8657 1638 5429 8658 1643 5428 8659 1644 5430 8660 1638 5431 8661 1644 5432 8662 1639 5433 8663 1639 5433 8664 1644 5432 8665 1645 5434 8666 1639 5435 8667 1645 5436 8668 1640 5437 8669 1640 5437 8670 1645 5436 8671 1646 5438 8672 1640 5439 8673 1646 5440 8674 1623 5441 8675 1623 5441 8676 1646 5440 8677 1647 5442 8678 1623 5443 8679 1647 5444 8680 1624 5445 8681 1624 5446 8682 1647 5447 8683 1648 5448 8684 1138 5449 8685 1211 5450 8686 1637 5451 8687 1637 5452 8688 1211 5453 8689 1213 5454 8690 1637 5455 8691 1213 5456 8692 1641 5457 8693 1641 5458 8694 1213 5459 8695 1217 5460 8696 1641 5461 8697 1217 5462 8698 1642 5463 8699 1642 5464 8700 1217 5464 8701 1633 5465 8702 1642 5466 8703 1633 5467 8704 1643 5468 8705 1643 5468 8706 1633 5467 8707 1631 5469 8708 1643 5470 8709 1631 5471 8710 1644 5472 8711 1644 5472 8712 1631 5471 8713 1628 5473 8714 1644 5474 8715 1628 5475 8716 1645 5476 8717 1645 5476 8718 1628 5475 8719 1626 5477 8720 1645 5478 8721 1626 5479 8722 1646 5480 8723 1646 5480 8724 1626 5479 8725 1622 5481 8726 1646 5482 8727 1622 5483 8728 1647 5484 8729 1647 5484 8730 1622 5483 8731 1621 5485 8732 1647 5486 8733 1621 5487 8734 1648 5488 8735 1648 5488 8736 1621 5487 8737 1620 5489 8738 1648 5490 8739 1620 5491 8740 1649 5492 8741 1650 5493 8742 1649 5494 8743 1620 5495 8744 1651 5496 8745 1652 5497 8746 1650 5498 8747 1653 5499 8748 1654 5500 8749 1655 5501 8750 1655 5502 8751 1654 5503 8752 1656 5504 8753 1655 5502 8754 1656 5504 8755 1657 5505 8756 1657 5506 8757 1656 5507 8758 1658 5508 8759 1657 5506 8760 1658 5508 8761 1659 5509 8762 1659 5510 8763 1658 5511 8764 1660 5512 8765 1660 5512 8766 1658 5511 8767 1661 5513 8768 1660 5514 8769 1661 5515 8770 1662 5516 8771 1660 5514 8772 1662 5516 8773 1663 5517 8774 1663 5518 8775 1662 5519 8776 1664 5520 8777 1663 5518 8778 1664 5520 8779 1665 5521 8780 1665 5522 8781 1664 5523 8782 1666 5524 8783 1665 5522 8784 1666 5524 8785 1667 5525 8786 1667 5526 8787 1666 5527 8788 1668 5528 8789 1667 5529 8790 1668 5530 8791 1669 5531 8792 1636 5532 8793 1209 5533 8794 1670 5533 8795 1671 5534 8796 1632 5535 8797 1672 5536 8798 1672 5537 8799 1632 5538 8800 1634 5539 8801 1672 5537 8802 1634 5539 8803 1673 5540 8804 1673 5541 8805 1634 5542 8806 1636 5543 8807 1673 5541 8808 1636 5543 8809 1674 5544 8810 1674 5545 8811 1636 5546 8812 1670 5547 8813 1650 5548 8814 1620 5549 8815 1651 5550 8816 1651 5551 8817 1620 5552 8818 1625 5553 8819 1651 5551 8820 1625 5553 8821 1675 5554 8822 1675 5555 8823 1625 5556 8824 1627 5557 8825 1675 5555 8826 1627 5557 8827 1676 5558 8828 1676 5559 8829 1627 5560 8830 1629 5561 8831 1676 5559 8832 1629 5561 8833 1671 5562 8834 1671 5563 8835 1629 5564 8836 1630 5565 8837 1671 5534 8838 1630 5566 8839 1632 5535 8840 1674 5567 8841 1677 5568 8842 1673 5569 8843 1673 5569 8844 1677 5568 8845 1678 5570 8846 1673 5571 8847 1678 5572 8848 1672 5573 8849 1672 5573 8850 1678 5572 8851 1679 5574 8852 1672 5575 8853 1679 5576 8854 1671 5577 8855 1671 5577 8856 1679 5576 8857 1680 5578 8858 1671 5579 8859 1680 5580 8860 1676 5581 8861 1676 5581 8862 1680 5580 8863 1681 5582 8864 1676 5583 8865 1681 5584 8866 1675 5585 8867 1675 5585 8868 1681 5584 8869 1682 5586 8870 1675 5587 8871 1682 5588 8872 1651 5589 8873 1651 5589 8874 1682 5588 8875 1683 5590 8876 1651 5591 8877 1683 5592 8878 1652 5593 8879 1652 5593 8880 1683 5592 8881 1684 5594 8882 1670 5595 8883 1685 5596 8884 1674 5597 8885 1674 5598 8886 1685 5599 8887 1686 5600 8888 1674 5601 8889 1686 5602 8890 1677 5603 8891 1677 5604 8892 1686 5605 8893 1687 5606 8894 1677 5607 8895 1687 5608 8896 1678 5609 8897 1678 5609 8898 1687 5608 8899 1688 5610 8900 1678 5611 8901 1688 5612 8902 1679 5613 8903 1679 5613 8904 1688 5612 8905 1689 5614 8906 1679 5615 8907 1689 5616 8908 1680 5617 8909 1680 5617 8910 1689 5616 8911 1690 5618 8912 1680 5619 8913 1690 5620 8914 1681 5621 8915 1681 5621 8916 1690 5620 8917 1691 5622 8918 1681 5623 8919 1691 5624 8920 1682 5625 8921 1682 5625 8922 1691 5624 8923 1692 5626 8924 1682 5627 8925 1692 5628 8926 1683 5629 8927 1683 5629 8928 1692 5628 8929 1693 5630 8930 1683 5631 8931 1693 5632 8932 1684 5633 8933 1684 5633 8934 1693 5632 8935 1694 5634 8936 1686 5635 8937 1668 5636 8938 1687 5637 8939 1687 5638 8940 1668 5638 8941 1666 5638 8942 1687 5639 8943 1666 5640 8944 1688 5641 8945 1688 5641 8946 1666 5640 8947 1664 5642 8948 1688 5643 8949 1664 5644 8950 1689 5645 8951 1689 5645 8952 1664 5644 8953 1662 5646 8954 1689 5647 8955 1662 5648 8956 1690 5649 8957 1690 5649 8958 1662 5648 8959 1661 5650 8960 1690 5651 8961 1661 5652 8962 1691 5653 8963 1691 5653 8964 1661 5652 8965 1658 5654 8966 1691 5655 8967 1658 5656 8968 1692 5657 8969 1692 5657 8970 1658 5656 8971 1656 5658 8972 1692 5659 8973 1656 5660 8974 1693 5661 8975 1693 5661 8976 1656 5660 8977 1654 5662 8978 1693 5632 8979 1654 5663 8980 1694 5634 8981 1694 5664 8982 1654 5665 8983 1653 5666 8984 1695 5667 8985 1696 5668 8986 1653 5669 8987 1697 5670 8988 1698 5671 8989 1699 5672 8990 1700 5673 8991 1701 5674 8992 1702 5675 8993 1702 5676 8994 1701 5677 8995 1703 5678 8996 1702 5679 8997 1703 5680 8998 1704 5681 8999 1653 5499 9000 1655 5501 9001 1695 5682 9002 1695 5683 9003 1655 5684 9004 1657 5685 9005 1695 5683 9006 1657 5685 9007 1705 5686 9008 1705 5687 9009 1657 5688 9010 1659 5689 9011 1705 5687 9012 1659 5689 9013 1706 5690 9014 1706 5691 9015 1659 5692 9016 1660 5693 9017 1706 5691 9018 1660 5693 9019 1707 5694 9020 1707 5695 9021 1660 5696 9022 1708 5697 9023 1708 5697 9024 1660 5696 9025 1663 5698 9026 1708 5699 9027 1663 5700 9028 1665 5701 9029 1669 5702 9030 1704 5703 9031 1667 5704 9032 1667 5705 9033 1704 5706 9034 1703 5707 9035 1667 5708 9036 1703 5709 9037 1709 5710 9038 1709 5711 9039 1703 5712 9040 1701 5713 9041 1709 5711 9042 1701 5713 9043 1710 5714 9044 1710 5715 9045 1701 5716 9046 1700 5717 9047 1710 5718 9048 1700 5719 9049 1711 5720 9050 1711 5721 9051 1700 5722 9052 1712 5723 9053 1711 5724 9054 1712 5725 9055 1713 5726 9056 1708 5727 9057 1714 5728 9058 1707 5729 9059 1707 5729 9060 1714 5728 9061 1715 5730 9062 1707 5731 9063 1715 5732 9064 1706 5733 9065 1706 5733 9066 1715 5732 9067 1716 5734 9068 1706 5735 9069 1716 5736 9070 1705 5737 9071 1705 5737 9072 1716 5736 9073 1717 5738 9074 1705 5739 9075 1717 5740 9076 1695 5741 9077 1695 5741 9078 1717 5740 9079 1718 5742 9080 1695 5743 9081 1718 5744 9082 1696 5745 9083 1714 5746 9084 1719 5747 9085 1715 5748 9086 1715 5748 9087 1719 5747 9088 1720 5749 9089 1715 5750 9090 1720 5751 9091 1716 5752 9092 1716 5752 9093 1720 5751 9094 1721 5753 9095 1716 5754 9096 1721 5755 9097 1717 5756 9098 1717 5756 9099 1721 5755 9100 1722 5757 9101 1717 5758 9102 1722 5759 9103 1718 5760 9104 1718 5760 9105 1722 5759 9106 1723 5761 9107 1718 5762 9108 1723 5763 9109 1696 5764 9110 1696 5765 9111 1723 5766 9112 1699 5767 9113 1699 5768 9114 1723 5769 9115 1697 5770 9116 1697 5771 9117 1723 5772 9118 1722 5773 9119 1697 5774 9120 1722 5775 9121 1724 5776 9122 1724 5777 9123 1722 5777 9124 1721 5778 9125 1724 5779 9126 1721 5779 9127 1725 5779 9128 1725 5780 9129 1721 5780 9130 1720 5780 9131 1725 5781 9132 1720 5782 9133 1713 5783 9134 1713 5784 9135 1720 5784 9136 1719 5784 9137 1713 5785 9138 1719 5786 9139 1711 5787 9140 1711 5788 9141 1719 5789 9142 1714 5790 9143 1711 5788 9144 1714 5790 9145 1710 5791 9146 1710 5792 9147 1714 5793 9148 1708 5794 9149 1710 5792 9150 1708 5794 9151 1709 5795 9152 1709 5796 9153 1708 5699 9154 1665 5701 9155 1709 5710 9156 1665 5797 9157 1667 5708 9158 1697 5798 9159 1724 5798 9160 1726 5798 9161 1726 5799 9162 1724 5800 9163 1725 5801 9164 1726 5799 9165 1725 5801 9166 1727 5802 9167 1727 5803 9168 1725 5804 9169 1713 5805 9170 1727 5803 9171 1713 5805 9172 1728 5806 9173 1726 5807 9174 1729 5807 9175 1697 5807 9176 1697 5808 9177 1729 5808 9178 1730 5808 9179 1697 5809 9180 1730 5810 9181 1698 5811 9182 1698 5812 9183 1730 5813 9184 1731 5814 9185 1698 5815 9186 1731 5816 9187 1732 5817 9188 1729 5818 9189 1733 5819 9190 1730 5820 9191 1730 5821 9192 1733 5822 9193 1731 5823 9194 1734 5824 9195 1732 5825 9196 1731 5826 9197 1735 5827 9198 1736 5828 9199 1737 5829 9200 1737 5830 9201 1736 5831 9202 1734 5832 9203 1737 5833 9204 1734 5834 9205 1738 5835 9206 1738 5836 9207 1734 5837 9208 1731 5838 9209 1738 5839 9210 1731 5840 9211 1739 5841 9212 1739 5842 9213 1731 5843 9214 1733 5844 9215 1739 5845 9216 1740 5846 9217 1738 5847 9218 1738 5848 9219 1740 5849 9220 1741 5850 9221 1738 5851 9222 1741 5852 9223 1737 5851 9224 1737 5853 9225 1741 5854 9226 1742 5855 9227 1737 5829 9228 1742 5856 9229 1735 5827 9230 1735 5857 9231 1742 5858 9232 1743 5859 9233 1735 5860 9234 1743 5861 9235 1744 5862 9236 1541 5863 9237 1613 5864 9238 1543 5865 9239 1543 5866 9240 1613 5867 9241 1615 5868 9242 1543 5869 9243 1615 5870 9244 1545 5871 9245 1545 5872 9246 1615 5873 9247 1617 5874 9248 1545 5875 9249 1617 5876 9250 1548 5877 9251 1548 5878 9252 1617 5879 9253 1619 5880 9254 1548 5881 9255 1619 5882 9256 1552 5883 9257 1745 5884 9258 1746 5885 9259 1747 5886 9260 1748 5887 9261 1749 5888 9262 1750 5889 9263 1750 5890 9264 1749 5891 9265 1751 5892 9266 1750 5893 9267 1751 5893 9268 1752 5893 9269 1752 5894 9270 1751 5894 9271 1753 5894 9272 1752 5895 9273 1753 5896 9274 1754 5897 9275 1754 5898 9276 1753 5899 9277 1755 5900 9278 1754 5901 9279 1755 5902 9280 1756 5903 9281 1756 5904 9282 1755 5905 9283 1757 5906 9284 1526 5907 9285 1757 5906 9286 1758 5908 9287 1758 5908 9288 1757 5906 9289 1755 5905 9290 1758 5909 9291 1755 5900 9292 1759 5910 9293 1759 5910 9294 1755 5900 9295 1753 5899 9296 1759 5911 9297 1753 5912 9298 1747 5913 9299 1747 5913 9300 1753 5912 9301 1751 5914 9302 1747 5915 9303 1751 5916 9304 1745 5917 9305 1745 5918 9306 1751 5919 9307 1749 5920 9308 1760 5921 9309 1761 5922 9310 1762 5923 9311 1763 5924 9312 1752 5925 9313 1754 5926 9314 1764 5927 9315 1765 5928 9316 1766 5929 9317 1764 5930 9318 1766 5931 9319 1767 5932 9320 1768 5933 9321 1769 5934 9322 1770 5935 9323 1770 5936 9324 1769 5937 9325 1748 5938 9326 1770 5939 9327 1748 5940 9328 1750 5941 9329 1771 5942 9330 1772 5943 9331 1773 5944 9332 1773 5945 9333 1772 5946 9334 1762 5946 9335 1773 5947 9336 1762 5948 9337 1774 5949 9338 1774 5950 9339 1762 5951 9340 1775 5952 9341 1775 5953 9342 1762 5954 9343 1761 5955 9344 1775 5956 9345 1761 5957 9346 1776 5958 9347 1776 5959 9348 1761 5960 9349 1760 5961 9350 1776 5959 9351 1760 5961 9352 1777 5962 9353 1765 5963 9354 1764 5964 9355 1778 5965 9356 1778 5965 9357 1764 5964 9358 1779 5966 9359 1778 5967 9360 1779 5968 9361 1780 5969 9362 1766 5970 9363 1781 5971 9364 1767 5972 9365 1767 5973 9366 1781 5974 9367 1768 5975 9368 1767 5976 9369 1768 5977 9370 1782 5976 9371 1782 5978 9372 1768 5979 9373 1770 5980 9374 1782 5981 9375 1770 5982 9376 1763 5983 9377 1763 5984 9378 1770 5984 9379 1750 5984 9380 1763 5985 9381 1750 5986 9382 1752 5987 9383 1783 5988 9384 1771 5989 9385 1784 5990 9386 1784 5991 9387 1771 5992 9388 1773 5993 9389 1784 5994 9390 1773 5995 9391 1785 5996 9392 1785 5997 9393 1773 5998 9394 1774 5999 9395 1785 6000 9396 1774 6001 9397 1786 6002 9398 1786 6003 9399 1774 6004 9400 1775 6005 9401 1786 6006 9402 1775 6007 9403 1787 6006 9404 1787 6008 9405 1775 5956 9406 1776 5958 9407 1756 6009 9408 1777 6010 9409 1754 6011 9410 1754 6011 9411 1777 6010 9412 1760 6012 9413 1754 6013 9414 1760 6014 9415 1763 6015 9416 1763 6016 9417 1760 6017 9418 1762 6018 9419 1763 5983 9420 1762 6019 9421 1782 5981 9422 1782 6020 9423 1762 6021 9424 1772 6022 9425 1782 6023 9426 1772 6024 9427 1767 6025 9428 1767 6026 9429 1772 5943 9430 1771 5942 9431 1767 6027 9432 1771 6027 9433 1764 6028 9434 1764 6029 9435 1771 5989 9436 1783 5988 9437 1764 6030 9438 1783 6031 9439 1779 6032 9440 1728 6033 9441 1780 6034 9442 1788 6035 9443 1788 6036 9444 1780 6037 9445 1779 6038 9446 1788 6039 9447 1779 6040 9448 1789 6041 9449 1787 6042 9450 1744 6043 9451 1786 6044 9452 1786 6044 9453 1744 6043 9454 1790 6045 9455 1786 6046 9456 1790 6047 9457 1785 6048 9458 1785 6049 9459 1790 6050 9460 1791 6051 9461 1785 6052 9462 1791 6053 9463 1792 6054 9464 1792 6055 9465 1793 6056 9466 1785 6057 9467 1785 6058 9468 1793 6059 9469 1794 6060 9470 1785 6061 9471 1794 6062 9472 1784 6063 9473 1784 6064 9474 1794 6064 9475 1789 6064 9476 1784 6065 9477 1789 6066 9478 1783 6067 9479 1783 6068 9480 1789 6068 9481 1779 6068 9482 1194 6069 9483 1170 6070 9484 1423 6071 9485 1795 6072 9486 1197 6073 9487 1195 6074 9488 1796 6075 9489 1204 6076 9490 1203 6077 9491 1797 6078 9492 1798 6078 9493 1799 6078 9494 1799 6079 9495 1798 6079 9496 1800 6079 9497 1430 6080 9498 1429 6080 9499 1797 6080 9500 1797 6081 9501 1799 6081 9502 1430 6081 9503 1430 6082 9504 1799 6083 9505 1801 6084 9506 1430 6082 9507 1801 6084 9508 1449 6085 9509 1449 6086 9510 1801 6087 9511 1802 6088 9512 1449 6086 9513 1802 6088 9514 1423 6089 9515 1803 6090 9516 1804 6091 9517 1805 6092 9518 1805 6093 9519 1804 6094 9520 1806 6095 9521 1805 6093 9522 1806 6095 9523 1807 6096 9524 1807 6097 9525 1806 6098 9526 1796 6099 9527 1807 6097 9528 1796 6099 9529 1808 6100 9530 1808 6101 9531 1796 6075 9532 1203 6077 9533 1808 6102 9534 1203 6103 9535 1197 6104 9536 1197 6105 9537 1795 6106 9538 1808 6106 9539 1808 6107 9540 1795 6108 9541 1809 6109 9542 1808 6107 9543 1809 6109 9544 1807 6110 9545 1807 6111 9546 1809 6112 9547 1810 6113 9548 1807 6111 9549 1810 6113 9550 1805 6114 9551 1805 6115 9552 1810 6115 9553 1811 6115 9554 1805 6092 9555 1811 6116 9556 1803 6090 9557 1194 6117 9558 1423 6117 9559 1195 6117 9560 1195 6118 9561 1423 6119 9562 1802 6120 9563 1195 6121 9564 1802 6121 9565 1795 6121 9566 1795 6122 9567 1802 6123 9568 1801 6124 9569 1795 6122 9570 1801 6124 9571 1809 6125 9572 1809 6126 9573 1801 6127 9574 1799 6128 9575 1809 6126 9576 1799 6128 9577 1810 6129 9578 1810 6130 9579 1799 6130 9580 1800 6130 9581 1810 6131 9582 1800 6131 9583 1811 6131 9584 1804 6132 9585 1803 6133 9586 1812 6134 9587 1209 6135 9588 1204 6135 9589 1670 6135 9590 1670 6136 9591 1204 6136 9592 1796 6136 9593 1670 6137 9594 1796 6138 9595 1685 6139 9596 1685 6140 9597 1796 6141 9598 1806 6142 9599 1685 6140 9600 1806 6142 9601 1686 6143 9602 1686 6144 9603 1806 6145 9604 1804 6146 9605 1686 6144 9606 1804 6146 9607 1668 6147 9608 1668 6148 9609 1804 6132 9610 1812 6134 9611 1668 6148 9612 1812 6134 9613 1669 6149 9614 1813 6150 9615 1814 6151 9616 1219 6152 9617 1219 6152 9618 1814 6151 9619 1221 6153 9620 1815 6154 9621 1816 6155 9622 1817 6156 9623 1817 6157 9624 1818 6158 9625 1815 6159 9626 1815 6160 9627 1818 6161 9628 1814 6162 9629 1815 6163 9630 1814 6164 9631 1819 6164 9632 1817 6165 9633 1820 6166 9634 1224 6167 9635 1224 6167 9636 1820 6166 9637 1227 6168 9638 1821 6169 9639 1822 6170 9640 1823 6171 9641 1823 6172 9642 1822 6172 9643 1824 6173 9644 1820 6174 9645 1825 6175 9646 1826 6176 9647 1826 6177 9648 1825 6178 9649 1827 6179 9650 1826 6180 9651 1827 6181 9652 1824 6182 9653 1824 6183 9654 1827 6184 9655 1828 6185 9656 1824 6186 9657 1828 6187 9658 1823 6188 9659 1242 6189 9660 1241 6190 9661 1829 6191 9662 1829 6192 9663 1241 6193 9664 1239 6194 9665 1829 6195 9666 1239 6196 9667 1830 6197 9668 1830 6198 9669 1239 6199 9670 1237 6200 9671 1830 6201 9672 1237 6202 9673 1831 6203 9674 1831 6204 9675 1237 6205 9676 1235 6206 9677 1831 6207 9678 1235 6208 9679 1832 6209 9680 1833 6210 9681 1829 6211 9682 1830 6212 9683 1832 6213 9684 1834 6214 9685 1831 6215 9686 1831 6216 9687 1834 6216 9688 1835 6216 9689 1831 6217 9690 1835 6218 9691 1830 6219 9692 1830 6220 9693 1835 6220 9694 1836 6221 9695 1830 6212 9696 1836 6222 9697 1833 6210 9698 1669 6223 9699 1812 6224 9700 1704 6225 9701 1704 6226 9702 1812 6227 9703 1837 6228 9704 1704 5681 9705 1837 6229 9706 1702 5679 9707 1702 6230 9708 1837 6231 9709 1838 6232 9710 1702 6230 9711 1838 6232 9712 1700 6233 9713 1700 6234 9714 1838 6235 9715 1839 6236 9716 1700 6234 9717 1839 6236 9718 1712 6237 9719 1840 6238 9720 1841 6239 9721 1842 6240 9722 1713 6241 9723 1712 6242 9724 1842 6243 9725 1842 6243 9726 1712 6242 9727 1839 6244 9728 1842 6245 9729 1839 6246 9730 1840 6246 9731 1840 6247 9732 1839 6236 9733 1838 6235 9734 1840 6248 9735 1838 6249 9736 1843 6250 9737 1843 6251 9738 1838 6232 9739 1837 6231 9740 1843 6251 9741 1837 6231 9742 1844 6252 9743 1844 6253 9744 1837 6228 9745 1812 6227 9746 1844 6254 9747 1812 6255 9748 1803 6256 9749 1845 6257 9750 1846 6258 9751 1847 6259 9752 1797 6260 9753 1429 6260 9754 1848 6260 9755 1797 6261 9756 1848 6262 9757 1798 6263 9758 1849 6264 9759 1811 6265 9760 1800 6266 9761 1844 6267 9762 1803 6268 9763 1811 6269 9764 1846 6270 9765 1850 6271 9766 1851 6272 9767 1852 6273 9768 1845 6274 9769 1853 6275 9770 1854 6276 9771 1855 6277 9772 1852 6278 9773 1856 6279 9774 1857 6280 9775 1858 6281 9776 1858 6282 9777 1857 6283 9778 1854 6284 9779 1858 6282 9780 1854 6284 9781 1859 6285 9782 1859 6286 9783 1854 6276 9784 1852 6278 9785 1845 6257 9786 1847 6259 9787 1853 6287 9788 1853 6288 9789 1847 6289 9790 1860 6290 9791 1853 6288 9792 1860 6290 9793 1861 6291 9794 1861 6292 9795 1860 6293 9796 1862 6294 9797 1861 6292 9798 1862 6294 9799 1863 6295 9800 1811 6296 9801 1849 6297 9802 1844 6298 9803 1844 6299 9804 1849 6299 9805 1864 6299 9806 1844 6300 9807 1864 6300 9808 1843 6300 9809 1843 6301 9810 1864 6301 9811 1851 6301 9812 1843 6302 9813 1851 6303 9814 1840 6302 9815 1840 6304 9816 1851 6305 9817 1850 6306 9818 1840 6238 9819 1850 6307 9820 1841 6239 9821 1852 6273 9822 1853 6275 9823 1859 6308 9824 1859 6309 9825 1853 6310 9826 1861 6311 9827 1859 6309 9828 1861 6311 9829 1858 6312 9830 1858 6313 9831 1861 6314 9832 1863 6315 9833 1858 6313 9834 1863 6315 9835 1856 6316 9836 1846 6270 9837 1851 6272 9838 1847 6317 9839 1847 6318 9840 1851 6319 9841 1864 6320 9842 1847 6318 9843 1864 6320 9844 1860 6321 9845 1860 6322 9846 1864 6323 9847 1849 6324 9848 1860 6322 9849 1849 6324 9850 1862 6325 9851 1862 6326 9852 1849 6327 9853 1800 6328 9854 1862 6329 9855 1800 6329 9856 1863 6330 9857 1863 6331 9858 1800 6332 9859 1798 6333 9860 1863 6334 9861 1798 6334 9862 1856 6334 9863 1856 6335 9864 1798 6336 9865 1848 6337 9866 1856 6279 9867 1848 6338 9868 1857 6280 9869 1848 6339 9870 1429 6340 9871 1428 6341 9872 1428 6341 9873 1865 6342 9874 1848 6339 9875 1848 6343 9876 1865 6344 9877 1866 6345 9878 1848 6343 9879 1866 6345 9880 1857 6346 9881 1857 6347 9882 1866 6348 9883 1867 6349 9884 1857 6347 9885 1867 6349 9886 1854 6350 9887 1854 6351 9888 1867 6352 9889 1868 6353 9890 1854 6351 9891 1868 6353 9892 1855 6354 9893 1426 6355 9894 1425 6356 9895 1869 6357 9896 1869 6358 9897 1425 6359 9898 1870 6360 9899 1869 6361 9900 1870 6362 9901 1871 6363 9902 1871 6364 9903 1870 6365 9904 1872 6366 9905 1871 6367 9906 1872 6368 9907 1873 6369 9908 1873 6370 9909 1872 6371 9910 1874 6371 9911 1873 6372 9912 1874 6373 9913 1875 6374 9914 1875 6374 9915 1868 6353 9916 1873 6372 9917 1873 6372 9918 1868 6353 9919 1867 6352 9920 1873 6369 9921 1867 6349 9922 1871 6367 9923 1871 6367 9924 1867 6349 9925 1866 6348 9926 1871 6363 9927 1866 6345 9928 1869 6361 9929 1869 6361 9930 1866 6345 9931 1865 6344 9932 1869 6357 9933 1865 6342 9934 1426 6355 9935 1426 6355 9936 1865 6342 9937 1428 6341 9938 1876 6375 9939 1877 6376 9940 1878 6377 9941 1879 6378 9942 1880 6379 9943 1881 6380 9944 1425 6381 9945 1882 6381 9946 1883 6381 9947 1883 6382 9948 1882 6383 9949 1884 6384 9950 1883 6385 9951 1884 6386 9952 1885 6387 9953 1425 6388 9954 1883 6389 9955 1870 6390 9956 1870 6391 9957 1883 6392 9958 1886 6393 9959 1870 6391 9960 1886 6393 9961 1872 6394 9962 1872 6395 9963 1886 6396 9964 1887 6397 9965 1872 6395 9966 1887 6397 9967 1874 6398 9968 1874 6399 9969 1887 6400 9970 1878 6401 9971 1874 6399 9972 1878 6401 9973 1875 6402 9974 1880 6403 9975 1888 6404 9976 1881 6405 9977 1881 6405 9978 1888 6404 9979 1889 6406 9980 1881 6407 9981 1889 6408 9982 1890 6409 9983 1890 6410 9984 1889 6411 9985 1891 6412 9986 1890 6413 9987 1891 6414 9988 1892 6415 9989 1892 6415 9990 1891 6414 9991 1893 6416 9992 1885 6417 9993 1879 6418 9994 1883 6419 9995 1883 6420 9996 1879 6421 9997 1881 6422 9998 1883 6423 9999 1881 6424 10000 1886 6425 10001 1886 6425 10002 1881 6424 10003 1890 6426 10004 1886 6427 10005 1890 6428 10006 1887 6429 10007 1887 6429 10008 1890 6428 10009 1892 6430 10010 1887 6431 10011 1892 6432 10012 1878 6433 10013 1878 6434 10014 1892 6435 10015 1893 6436 10016 1878 6437 10017 1893 6438 10018 1876 6439 10019 1780 6440 10020 1894 6441 10021 1895 6442 10022 1780 6440 10023 1895 6442 10024 1778 6443 10025 1778 6444 10026 1895 6445 10027 1896 6446 10028 1778 6444 10029 1896 6446 10030 1765 6447 10031 1769 6448 10032 1768 6449 10033 1897 6448 10034 1897 6450 10035 1768 6450 10036 1781 6450 10037 1897 6451 10038 1781 6452 10039 1896 6453 10040 1896 6454 10041 1781 6455 10042 1766 6456 10043 1896 6457 10044 1766 6458 10045 1765 6459 10046 1897 6460 10047 1898 6461 10048 1769 6462 10049 1769 6463 10050 1898 6464 10051 1899 6465 10052 1769 6463 10053 1899 6465 10054 1748 6466 10055 1888 6467 10056 1899 6465 10057 1889 6468 10058 1889 6468 10059 1899 6465 10060 1898 6464 10061 1889 6469 10062 1898 6461 10063 1891 6470 10064 1891 6470 10065 1898 6461 10066 1897 6460 10067 1891 6471 10068 1897 6451 10069 1893 6472 10070 1893 6472 10071 1897 6451 10072 1896 6453 10073 1893 6473 10074 1896 6446 10075 1876 6474 10076 1876 6474 10077 1896 6446 10078 1895 6445 10079 1876 6475 10080 1895 6442 10081 1877 6476 10082 1877 6476 10083 1895 6442 10084 1894 6441 10085 1817 6477 10086 1816 6478 10087 1820 6479 10088 1820 6479 10089 1816 6478 10090 1825 6480 10091 1813 6481 10092 1900 6482 10093 1814 6483 10094 1814 6483 10095 1900 6482 10096 1819 6484 10097 1901 6485 10098 1902 6486 10099 1903 6487 10100 1903 6488 10101 1902 6489 10102 1904 6490 10103 1904 6491 10104 1902 6492 10105 1905 6493 10106 1905 6494 10107 1902 6494 10108 1906 6495 10109 1905 6496 10110 1906 6497 10111 1907 6498 10112 1907 6499 10113 1906 6500 10114 1908 6501 10115 1908 6502 10116 1906 6503 10117 1909 6504 10118 1908 6505 10119 1909 6506 10120 1910 6507 10121 1909 6508 10122 1911 6509 10123 1910 6510 10124 1910 6511 10125 1911 6511 10126 1912 6511 10127 1910 6512 10128 1912 6513 10129 1913 6514 10130 1913 6515 10131 1912 6516 10132 1914 6517 10133 1913 6518 10134 1914 6519 10135 1915 6520 10136 1914 6521 10137 1916 6522 10138 1915 6523 10139 1915 6524 10140 1916 6525 10141 1900 6526 10142 1915 6527 10143 1900 6527 10144 1813 6527 10145 1917 6528 10146 1918 6529 10147 1903 6530 10148 1903 6530 10149 1918 6529 10150 1901 6531 10151 1919 6532 10152 1920 6533 10153 1921 6534 10154 1921 6535 10155 1920 6536 10156 1922 6537 10157 1921 6538 10158 1922 6539 10159 1923 6540 10160 1923 6541 10161 1922 6541 10162 1924 6541 10163 1923 6542 10164 1924 6543 10165 1925 6544 10166 1925 6545 10167 1924 6545 10168 1926 6545 10169 1925 6546 10170 1926 6547 10171 1927 6546 10172 1927 6548 10173 1926 6549 10174 1918 6550 10175 1927 6551 10176 1918 6551 10177 1917 6551 10178 1829 6552 10179 1833 6553 10180 1919 6554 10181 1919 6554 10182 1833 6553 10183 1920 6555 10184 1829 6191 10185 1919 6556 10186 1242 6189 10187 1242 6189 10188 1919 6556 10189 1244 6557 10190 1928 6558 10191 1276 6558 10192 1275 6558 10193 1928 6559 10194 1275 6559 10195 1929 6559 10196 1930 6560 10197 1931 6560 10198 1932 6560 10199 1932 6561 10200 1931 6562 10201 1933 6563 10202 1932 6564 10203 1933 6565 10204 1934 6566 10205 1930 6567 10206 1935 6568 10207 1931 6569 10208 1931 6570 10209 1935 6571 10210 1936 6572 10211 1931 6573 10212 1936 6574 10213 1937 6575 10214 1938 6576 10215 1939 6576 10216 1378 6577 10217 1378 6578 10218 1939 6579 10219 1940 6580 10220 1938 6581 10221 1941 6582 10222 1939 6583 10223 1939 6584 10224 1941 6584 10225 1942 6584 10226 1939 6585 10227 1942 6585 10228 1933 6585 10229 1933 6586 10230 1942 6587 10231 1943 6588 10232 1933 6589 10233 1943 6589 10234 1934 6589 10235 1944 6590 10236 1384 6591 10237 1940 6592 10238 1940 6593 10239 1384 6594 10240 1383 6595 10241 1383 6596 10242 1382 6597 10243 1940 6598 10244 1940 6599 10245 1382 6600 10246 1379 6601 10247 1940 6602 10248 1379 6603 10249 1378 6604 10250 1347 6605 10251 1349 6606 10252 1945 6607 10253 1945 6608 10254 1349 4575 10255 1348 4574 10256 1945 6609 10257 1348 6610 10258 1398 6611 10259 1398 6612 10260 1397 6613 10261 1945 6614 10262 1945 6615 10263 1397 6616 10264 1396 6617 10265 1945 6618 10266 1396 6619 10267 1944 6620 10268 1944 6621 10269 1396 6622 10270 1385 6623 10271 1944 6624 10272 1385 6625 10273 1384 6626 10274 1277 6627 10275 1282 6628 10276 1946 6629 10277 1946 6630 10278 1282 6631 10279 1284 6632 10280 1946 6633 10281 1284 6634 10282 1945 6635 10283 1945 6636 10284 1284 6637 10285 1311 6638 10286 1945 6639 10287 1311 6640 10288 1347 6641 10289 1275 6642 10290 1314 6643 10291 1929 6644 10292 1929 6645 10293 1314 6646 10294 1272 6647 10295 1929 6648 10296 1272 6649 10297 1271 6650 10298 1271 6651 10299 1281 6652 10300 1929 6653 10301 1929 6654 10302 1281 6655 10303 1280 6656 10304 1929 6657 10305 1280 6658 10306 1946 6659 10307 1946 6660 10308 1280 6661 10309 1278 6662 10310 1946 6663 10311 1278 6663 10312 1277 6663 10313 1931 6664 10314 1937 6665 10315 1947 6666 10316 1947 6667 10317 1937 6668 10318 1948 6669 10319 1276 6670 10320 1928 6671 10321 1333 6672 10322 1333 6673 10323 1928 6674 10324 1949 6675 10325 1333 6676 10326 1949 6677 10327 1334 6678 10328 1334 6679 10329 1949 6680 10330 1327 6681 10331 1327 6682 10332 1949 6683 10333 1328 6684 10334 1328 6685 10335 1949 6685 10336 1950 6685 10337 1328 6686 10338 1950 6686 10339 1474 6686 10340 1469 6687 10341 1454 6687 10342 1951 6687 10343 1951 6688 10344 1454 6689 10345 1453 6690 10346 1951 6691 10347 1453 6691 10348 1950 6691 10349 1950 6692 10350 1453 6693 10351 1459 6694 10352 1950 6695 10353 1459 6696 10354 1474 6697 10355 1952 6698 10356 1953 6698 10357 1951 6698 10358 1951 6699 10359 1953 6699 10360 1954 6699 10361 1954 6700 10362 1457 6701 10363 1951 6702 10364 1951 6703 10365 1457 6704 10366 1456 6705 10367 1951 6706 10368 1456 6707 10369 1469 6708 10370 1955 6709 10371 1956 6709 10372 1957 6709 10373 1957 6710 10374 1956 6711 10375 1958 6712 10376 1957 6713 10377 1958 6714 10378 1952 6715 10379 1952 6715 10380 1958 6714 10381 1959 6716 10382 1952 6717 10383 1959 6718 10384 1953 6719 10385 1960 6720 10386 1961 6720 10387 1962 6720 10388 1962 6721 10389 1961 6722 10390 1963 6723 10391 1962 6724 10392 1963 6724 10393 1957 6724 10394 1957 6725 10395 1963 6725 10396 1964 6725 10397 1957 6726 10398 1964 6727 10399 1955 6728 10400 1948 6729 10401 1965 6730 10402 1947 6731 10403 1947 6732 10404 1965 6733 10405 1966 6734 10406 1947 6735 10407 1966 6735 10408 1962 6735 10409 1962 6736 10410 1966 6736 10411 1967 6736 10412 1962 6737 10413 1967 6737 10414 1960 6737 10415 1372 6738 10416 1361 6739 10417 1968 6740 10418 1341 6741 10419 1340 6742 10420 1358 6743 10421 1358 6744 10422 1340 6745 10423 1359 6746 10424 1969 6747 10425 1938 6748 10426 1353 6749 10427 1353 6750 10428 1938 6751 10429 1378 6752 10430 1969 6753 10431 1353 6754 10432 1970 6755 10433 1970 6756 10434 1353 6757 10435 1352 6758 10436 1970 6759 10437 1352 6760 10438 1971 6759 10439 1971 6761 10440 1352 6762 10441 1356 6763 10442 1971 6764 10443 1356 6765 10444 1972 6766 10445 1973 6767 10446 1943 6768 10447 1974 6769 10448 1974 6770 10449 1943 6771 10450 1942 6772 10451 1974 6773 10452 1942 6774 10453 1941 6775 10454 1344 6776 10455 1343 6777 10456 1975 6778 10457 1340 6779 10458 1345 6780 10459 1976 6781 10460 1976 6782 10461 1345 6783 10462 1344 6784 10463 1976 6785 10464 1344 6786 10465 1977 6787 10466 1977 6788 10467 1344 6789 10468 1975 6790 10469 1973 6791 10470 1974 6792 10471 1978 6793 10472 1978 6794 10473 1974 6795 10474 1979 6796 10475 1978 6797 10476 1979 6798 10477 1980 6797 10478 1980 6799 10479 1979 6800 10480 1981 6800 10481 1980 6801 10482 1981 6802 10483 1982 6803 10484 1982 6804 10485 1981 6805 10486 1983 6806 10487 1982 6807 10488 1983 6808 10489 1977 6809 10490 1977 6810 10491 1983 6811 10492 1984 6812 10493 1977 6813 10494 1984 6814 10495 1976 6815 10496 1356 6816 10497 1357 6817 10498 1972 6818 10499 1972 6819 10500 1357 6820 10501 1372 6821 10502 1972 6822 10503 1372 6823 10504 1985 6824 10505 1985 6825 10506 1372 6826 10507 1968 6827 10508 1934 6828 10509 1943 6829 10510 1986 6830 10511 1986 6831 10512 1943 6832 10513 1973 6833 10514 1986 6834 10515 1973 6835 10516 1987 6836 10517 1987 6837 10518 1973 6837 10519 1978 6838 10520 1987 6839 10521 1978 6840 10522 1988 6841 10523 1988 6842 10524 1978 6843 10525 1980 6844 10526 1988 6845 10527 1980 6846 10528 1989 6847 10529 1989 6848 10530 1980 6848 10531 1982 6848 10532 1989 6849 10533 1982 6850 10534 1990 6851 10535 1990 6852 10536 1982 6853 10537 1977 6854 10538 1990 6855 10539 1977 6856 10540 1991 6857 10541 1991 6858 10542 1977 6859 10543 1975 6860 10544 1941 6861 10545 1938 6862 10546 1974 6863 10547 1974 6864 10548 1938 6865 10549 1969 6866 10550 1974 6867 10551 1969 6868 10552 1979 6869 10553 1979 6870 10554 1969 6871 10555 1970 6872 10556 1979 6873 10557 1970 6874 10558 1981 6875 10559 1981 6876 10560 1970 6877 10561 1971 6878 10562 1981 6879 10563 1971 6880 10564 1983 6881 10565 1983 6882 10566 1971 6883 10567 1972 6884 10568 1983 6885 10569 1972 6886 10570 1984 6887 10571 1984 6888 10572 1972 6889 10573 1985 6890 10574 1984 6891 10575 1985 6892 10576 1976 6893 10577 1976 6894 10578 1985 6894 10579 1968 6894 10580 1976 6895 10581 1968 6896 10582 1340 6897 10583 1340 6898 10584 1968 6899 10585 1361 6900 10586 1340 6901 10587 1361 6902 10588 1359 6903 10589 1458 6904 10590 1457 6905 10591 1954 6906 10592 1992 6907 10593 1993 6908 10594 1994 6909 10595 1995 6910 10596 1404 6911 10597 1406 6912 10598 1996 6913 10599 1402 6914 10600 1404 6915 10601 1404 6911 10602 1995 6910 10603 1996 6916 10604 1996 6917 10605 1995 6918 10606 1997 6919 10607 1996 6920 10608 1997 6921 10609 1998 6922 10610 1998 6923 10611 1997 6924 10612 1999 6925 10613 1998 6926 10614 1999 6927 10615 2000 6928 10616 1958 6929 10617 2001 6929 10618 1959 6929 10619 1959 6930 10620 2001 6931 10621 2002 6932 10622 1959 6933 10623 2002 6934 10624 1953 6935 10625 1992 6907 10626 1994 6909 10627 2003 6936 10628 2003 6937 10629 1994 6938 10630 2004 6939 10631 2003 6937 10632 2004 6939 10633 2005 6940 10634 1953 6941 10635 2002 6942 10636 1954 6943 10637 1954 6944 10638 2002 6945 10639 2006 6946 10640 1954 6947 10641 2006 6948 10642 1458 6947 10643 1458 6949 10644 2006 6950 10645 2007 6951 10646 1458 6952 10647 2007 6953 10648 1461 6952 10649 1461 6954 10650 2007 6955 10651 2008 6956 10652 1461 6957 10653 2008 6958 10654 1462 6959 10655 1462 6960 10656 2008 6961 10657 1464 6962 10658 1464 6963 10659 2008 6964 10660 2009 6965 10661 1464 4924 10662 2009 6966 10663 1466 4925 10664 2002 6967 10665 1993 6968 10666 2006 6969 10667 2006 6970 10668 1993 6971 10669 1992 6972 10670 2006 6973 10671 1992 6974 10672 2007 6975 10673 2007 6976 10674 1992 6977 10675 2003 6978 10676 2007 6976 10677 2003 6978 10678 2008 6979 10679 2008 6980 10680 2003 6981 10681 2005 6982 10682 2008 6980 10683 2005 6982 10684 2009 6983 10685 1412 6984 10686 1466 6985 10687 1410 6986 10688 1410 6987 10689 1466 6988 10690 2009 6987 10691 1410 6989 10692 2009 6990 10693 1408 6991 10694 1408 6991 10695 2009 6990 10696 2005 6992 10697 1408 6993 10698 2005 6994 10699 1406 6995 10700 1406 6996 10701 2005 6997 10702 2004 6998 10703 1406 6999 10704 2004 7000 10705 1995 7001 10706 1995 7002 10707 2004 7003 10708 1994 7004 10709 1995 7002 10710 1994 7004 10711 1997 7005 10712 1997 7006 10713 1994 7007 10714 1993 7008 10715 1997 7006 10716 1993 7008 10717 1999 7009 10718 1999 7010 10719 1993 7011 10720 2002 7012 10721 1999 7013 10722 2002 7014 10723 2000 7015 10724 2000 7016 10725 2002 7017 10726 2001 7018 10727 2010 7019 10728 2011 7020 10729 2012 7021 10730 2012 7022 10731 2011 7023 10732 2013 7024 10733 2014 7025 10734 2015 7026 10735 2010 7025 10736 2015 7027 10737 2014 7028 10738 2016 7029 10739 1436 7030 10740 2016 7031 10741 2017 7032 10742 2018 7033 10743 2019 7034 10744 2020 7035 10745 2020 7036 10746 2019 7037 10747 2012 7038 10748 2020 7039 10749 2012 7040 10750 2021 7041 10751 2021 7042 10752 2012 7043 10753 2013 7044 10754 2021 7045 10755 2013 7046 10756 2022 7047 10757 2023 7048 10758 2024 7049 10759 2018 7050 10760 2018 7051 10761 2024 7052 10762 2025 7053 10763 2018 7054 10764 2025 7055 10765 2019 7056 10766 2023 7057 10767 2026 7058 10768 2024 7059 10769 2024 7060 10770 2026 7061 10771 2027 7062 10772 2024 7063 10773 2027 7064 10774 2028 7065 10775 2028 7066 10776 2027 7066 10777 2029 7066 10778 2028 7067 10779 2029 7068 10780 2030 7069 10781 2030 7070 10782 2029 7071 10783 2031 7072 10784 2030 7070 10785 2031 7072 10786 2032 7073 10787 2032 7074 10788 2031 7075 10789 2033 7076 10790 2032 7074 10791 2033 7076 10792 2034 7077 10793 2034 7078 10794 2033 7079 10795 2035 7080 10796 2034 7078 10797 2035 7080 10798 2036 7081 10799 2036 7082 10800 2035 7083 10801 2037 7084 10802 2036 7082 10803 2037 7084 10804 2038 7085 10805 2038 7086 10806 2037 7087 10807 2039 7088 10808 2038 7089 10809 2039 7090 10810 2040 7091 10811 2040 7092 10812 2039 7093 10813 2041 7094 10814 2040 7095 10815 2041 7096 10816 2042 7097 10817 2042 7098 10818 2041 7099 10819 2043 7100 10820 2042 7101 10821 2043 7102 10822 2044 7103 10823 2043 7104 10824 2045 7105 10825 2044 7106 10826 2044 7107 10827 2045 7108 10828 2046 7109 10829 2044 7110 10830 2046 7111 10831 2047 7112 10832 2047 7113 10833 2046 7114 10834 2048 7115 10835 2047 7116 10836 2048 7117 10837 2049 7118 10838 2049 7119 10839 2048 7120 10840 2050 7121 10841 2049 7122 10842 2050 7123 10843 2051 7124 10844 2010 7125 10845 2012 7125 10846 2014 7126 10847 2014 7127 10848 2012 7128 10849 2019 7129 10850 2014 7130 10851 2019 7131 10852 2052 7132 10853 2052 7133 10854 2019 7134 10855 2025 7135 10856 2052 7136 10857 2025 7137 10858 2053 7138 10859 2053 7139 10860 2025 7139 10861 2024 7140 10862 2053 7141 10863 2024 7142 10864 2054 7143 10865 2054 7144 10866 2024 7145 10867 2028 7146 10868 2054 7147 10869 2028 7148 10870 2055 7149 10871 2055 7150 10872 2028 7151 10873 2030 7152 10874 2055 7150 10875 2030 7152 10876 2056 7153 10877 2056 7154 10878 2030 7155 10879 2032 7156 10880 2056 7154 10881 2032 7156 10882 2057 7157 10883 2057 7158 10884 2032 7159 10885 2034 7160 10886 2057 7158 10887 2034 7160 10888 2058 7161 10889 2058 7162 10890 2034 7163 10891 2036 7164 10892 2058 7162 10893 2036 7164 10894 2059 7165 10895 2059 7166 10896 2036 7167 10897 2038 7168 10898 2059 7166 10899 2038 7168 10900 2060 7169 10901 2060 7170 10902 2038 7171 10903 2040 7172 10904 2060 7170 10905 2040 7172 10906 2061 7173 10907 2061 7174 10908 2040 7175 10909 2042 7176 10910 2061 7177 10911 2042 7178 10912 2062 7179 10913 2062 7180 10914 2042 7181 10915 2044 7182 10916 2062 7183 10917 2044 7184 10918 2063 7185 10919 2063 7186 10920 2044 7187 10921 2047 7188 10922 2063 7189 10923 2047 7190 10924 2064 7191 10925 2064 7192 10926 2047 7193 10927 2049 7194 10928 2064 7195 10929 2049 7196 10930 2065 7197 10931 2065 7198 10932 2049 7199 10933 2051 7200 10934 2065 7201 10935 2051 7202 10936 2066 7203 10937 2016 7029 10938 2014 7028 10939 2017 7204 10940 2017 7205 10941 2014 7206 10942 2052 7207 10943 2017 7205 10944 2052 7207 10945 2067 7208 10946 2067 7209 10947 2052 7210 10948 2053 7211 10949 2067 7209 10950 2053 7211 10951 2068 7212 10952 2068 7213 10953 2053 7214 10954 2054 7215 10955 2068 7213 10956 2054 7215 10957 2069 7216 10958 2069 7217 10959 2054 7218 10960 2055 7219 10961 2069 7217 10962 2055 7219 10963 2070 7220 10964 2070 7221 10965 2055 7222 10966 2056 7223 10967 2070 7221 10968 2056 7223 10969 2071 7224 10970 2071 7225 10971 2056 7226 10972 2057 7227 10973 2071 7225 10974 2057 7227 10975 2072 7228 10976 2072 7229 10977 2057 7230 10978 2058 7231 10979 2072 7229 10980 2058 7231 10981 2073 7232 10982 2073 7233 10983 2058 7234 10984 2059 7235 10985 2073 7233 10986 2059 7235 10987 2074 7236 10988 2074 7237 10989 2059 7238 10990 2060 7239 10991 2074 7237 10992 2060 7239 10993 2075 7240 10994 2075 7241 10995 2060 7242 10996 2061 7243 10997 2075 7241 10998 2061 7243 10999 2076 7244 11000 2076 7245 11001 2061 7246 11002 2062 7247 11003 2076 7245 11004 2062 7247 11005 2077 7248 11006 2077 7249 11007 2062 7250 11008 2063 7251 11009 2077 7249 11010 2063 7251 11011 2078 7252 11012 2078 7253 11013 2063 7254 11014 2064 7255 11015 2078 7253 11016 2064 7255 11017 2079 7256 11018 2079 7257 11019 2064 7258 11020 2065 7259 11021 2079 7257 11022 2065 7259 11023 2080 7260 11024 2080 7261 11025 2065 7262 11026 2066 7263 11027 2080 7261 11028 2066 7263 11029 2081 7264 11030 1436 7030 11031 2017 7032 11032 1437 7265 11033 1437 7266 11034 2017 7267 11035 2067 7268 11036 1437 7266 11037 2067 7268 11038 1438 7269 11039 1438 7270 11040 2067 7271 11041 2068 7272 11042 1438 7270 11043 2068 7272 11044 1439 7273 11045 1439 7274 11046 2068 7275 11047 2069 7276 11048 1439 7274 11049 2069 7276 11050 1440 7277 11051 1440 7278 11052 2069 7279 11053 2070 7280 11054 1440 7278 11055 2070 7280 11056 1401 7281 11057 1401 7282 11058 2070 7283 11059 2071 7284 11060 1401 7282 11061 2071 7284 11062 1403 7285 11063 1403 7286 11064 2071 7287 11065 2072 7288 11066 1403 7286 11067 2072 7288 11068 1405 7289 11069 1405 7290 11070 2072 7291 11071 2073 7292 11072 1405 7290 11073 2073 7292 11074 1407 7293 11075 1407 7294 11076 2073 7295 11077 2074 7296 11078 1407 7294 11079 2074 7296 11080 1409 7297 11081 1409 7298 11082 2074 7299 11083 2075 7300 11084 1409 7298 11085 2075 7300 11086 1411 7301 11087 1411 7302 11088 2075 7303 11089 2076 7304 11090 1411 7302 11091 2076 7304 11092 1414 7305 11093 1414 7306 11094 2076 7307 11095 2077 7308 11096 1414 7306 11097 2077 7308 11098 1415 7309 11099 1415 7310 11100 2077 7311 11101 2078 7312 11102 1415 7310 11103 2078 7312 11104 1417 7313 11105 1417 7314 11106 2078 7315 11107 2079 7316 11108 1417 7314 11109 2079 7316 11110 1418 7317 11111 1418 7318 11112 2079 7319 11113 2080 7320 11114 1418 7318 11115 2080 7320 11116 1419 7321 11117 1419 7322 11118 2080 7323 11119 2081 7324 11120 1419 7322 11121 2081 7324 11122 1420 7325 11123 2082 7326 11124 2083 7327 11125 2084 7328 11126 2085 7329 11127 2086 7330 11128 2087 7331 11129 2088 7332 11130 2089 7333 11131 2090 7334 11132 2091 7335 11133 2092 7336 11134 2093 7337 11135 2094 7338 11136 2095 7338 11137 2096 7339 11138 2097 7340 11139 2086 7341 11140 2098 7342 11141 2099 7343 11142 2010 7344 11143 2015 7345 11144 2100 7346 11145 2101 7347 11146 2102 7348 11147 2103 7349 11148 2104 7350 11149 2105 7351 11150 2105 7351 11151 2104 7350 11152 2106 7352 11153 2107 7353 11154 2108 7354 11155 2109 7355 11156 2109 7355 11157 2108 7354 11158 2110 7356 11159 2109 7357 11160 2110 7358 11161 2111 7359 11162 1443 7360 11163 1442 7361 11164 2112 7362 11165 2113 7363 11166 2114 7364 11167 2115 7365 11168 2115 7366 11169 2114 7367 11170 2116 7368 11171 2117 7369 11172 2118 7370 11173 2119 7371 11174 2119 7372 11175 2118 7373 11176 2120 7374 11177 2119 7375 11178 2120 7376 11179 2121 7377 11180 2094 7378 11181 2096 7379 11182 2122 7380 11183 2123 7381 11184 2124 7382 11185 2125 7383 11186 2124 7384 11187 2126 7385 11188 2125 7386 11189 2125 7387 11190 2126 7388 11191 2127 7389 11192 2125 7387 11193 2127 7389 11194 2128 7390 11195 2128 7391 11196 2127 7392 11197 2091 7393 11198 2093 7394 11199 2092 7395 11200 2129 7396 11201 2129 7397 11202 2092 7398 11203 2130 7399 11204 2129 7400 11205 2130 7401 11206 2090 7402 11207 2090 7403 11208 2130 7404 11209 2131 7405 11210 2090 7406 11211 2131 7407 11212 2088 7408 11213 2022 7409 11214 2013 7410 11215 2132 7411 11216 2132 7412 11217 2013 7412 11218 2102 7413 11219 2132 7414 11220 2102 7415 11221 2133 7416 11222 2133 7417 11223 2102 7418 11224 2101 7419 11225 2121 7420 11226 2122 7421 11227 2119 7422 11228 2119 7423 11229 2122 7424 11230 2096 7425 11231 2119 7426 11232 2096 7427 11233 2134 7428 11234 2134 7429 11235 2096 7430 11236 2135 7431 11237 2095 7432 11238 2123 7433 11239 2096 7433 11240 2096 7434 11241 2123 7435 11242 2125 7436 11243 2096 7437 11244 2125 7438 11245 2135 7439 11246 2135 7440 11247 2125 7441 11248 2136 7442 11249 2091 7443 11250 2093 7443 11251 2128 7443 11252 2128 7444 11253 2093 7445 11254 2137 7446 11255 2128 7447 11256 2137 7448 11257 2125 7449 11258 2125 7450 11259 2137 7450 11260 2138 7450 11261 2125 7451 11262 2138 7452 11263 2136 7453 11264 2139 7454 11265 2100 7455 11266 2140 7456 11267 2140 7457 11268 2100 7458 11269 2102 7459 11270 2140 7457 11271 2102 7459 11272 2141 7460 11273 2141 7461 11274 2102 7462 11275 2013 7463 11276 2010 7464 11277 2099 7465 11278 2011 7466 11279 2142 7467 11280 2143 7468 11281 2144 7469 11282 2144 7470 11283 2143 7471 11284 2145 7472 11285 2144 7473 11286 2145 7474 11287 2146 7475 11288 2146 7476 11289 2145 7477 11290 2147 7478 11291 2087 7479 11292 2086 7480 11293 2148 7481 11294 2148 7481 11295 2086 7480 11296 2097 7482 11297 2148 7483 11298 2097 7484 11299 2149 7485 11300 2013 7486 11301 2011 7487 11302 2141 7488 11303 2141 7489 11304 2011 7489 11305 2099 7490 11306 2141 7491 11307 2099 7492 11308 2150 7493 11309 2150 7494 11310 2099 7495 11311 2015 7496 11312 2150 7497 11313 2015 7498 11314 2016 7499 11315 2116 7500 11316 2114 7501 11317 2151 7502 11318 2151 7503 11319 2114 7504 11320 2152 7505 11321 2151 7506 11322 2152 7507 11323 2153 7508 11324 2153 7509 11325 2152 7509 11326 2084 7509 11327 2153 7510 11328 2084 7511 11329 2154 7512 11330 2154 7513 11331 2084 7513 11332 2083 7513 11333 2154 7514 11334 2083 7515 11335 1421 7516 11336 2155 7517 11337 2082 7518 11338 2156 7519 11339 2156 7520 11340 2082 7521 11341 2084 7522 11342 2156 7523 11343 2084 7524 11344 2134 7525 11345 2134 7526 11346 2084 7527 11347 2152 7528 11348 2134 7529 11349 2152 7530 11350 2119 7531 11351 2119 7532 11352 2152 7533 11353 2114 7534 11354 2119 7535 11355 2114 7536 11356 2117 7537 11357 2117 7538 11358 2114 7539 11359 2113 7540 11360 2098 7541 11361 2086 7542 11362 2157 7543 11363 2157 7543 11364 2086 7542 11365 2085 7544 11366 2157 7545 11367 2085 7546 11368 2158 7547 11369 2088 7548 11370 2139 7549 11371 2089 7550 11372 2089 7551 11373 2139 7552 11374 2140 7553 11375 2089 7554 11376 2140 7555 11377 2159 7556 11378 2159 7557 11379 2140 7558 11380 2141 7559 11381 2159 7560 11382 2141 7561 11383 2160 7562 11384 2160 7563 11385 2141 7491 11386 2150 7493 11387 2160 7564 11388 2150 7565 11389 2161 7566 11390 2161 7567 11391 2150 7568 11392 2016 7569 11393 2161 7570 11394 2016 7571 11395 1436 7572 11396 1421 7573 11397 1420 7573 11398 2154 7573 11399 2154 7574 11400 1420 7575 11401 2081 7576 11402 2154 7577 11403 2081 7578 11404 2153 7579 11405 2153 7580 11406 2081 7581 11407 2066 7582 11408 2153 7583 11409 2066 7584 11410 2151 7585 11411 2151 7586 11412 2066 7587 11413 2051 7588 11414 2151 7589 11415 2051 7590 11416 2116 7591 11417 2116 7592 11418 2051 7593 11419 2050 7594 11420 2116 7592 11421 2050 7594 11422 2115 7595 11423 2135 7596 11424 2103 7597 11425 2134 7598 11426 2134 7599 11427 2103 7600 11428 2105 7601 11429 2134 7602 11430 2105 7603 11431 2156 7603 11432 2156 7604 11433 2105 7605 11434 2106 7606 11435 2156 7604 11436 2106 7606 11437 2155 7607 11438 2155 7608 11439 2106 7609 11440 1444 7610 11441 2155 7611 11442 1444 7612 11443 2082 7613 11444 2082 7614 11445 1444 7615 11446 1424 7616 11447 2082 7617 11448 1424 7618 11449 2083 7619 11450 2083 7620 11451 1424 7621 11452 1422 7622 11453 2083 7623 11454 1422 7624 11455 1421 7625 11456 1446 7626 11457 2107 7627 11458 1447 7628 11459 1447 7629 11460 2107 7630 11461 2109 7631 11462 1447 7632 11463 2109 7633 11464 1448 7634 11465 1448 7634 11466 2109 7633 11467 2111 7635 11468 1448 7636 11469 2111 7637 11470 1450 7638 11471 1441 7639 11472 1451 7640 11473 2162 7641 11474 2162 7642 11475 1451 7643 11476 1450 7644 11477 2162 7642 11478 1450 7644 11479 2163 7645 11480 2163 7646 11481 1450 7638 11482 2111 7637 11483 2163 7647 11484 2111 7648 11485 2164 7649 11486 2164 7650 11487 2111 7359 11488 2110 7358 11489 1442 7651 11490 1441 7639 11491 2112 7652 11492 2112 7652 11493 1441 7639 11494 2162 7641 11495 2112 7653 11496 2162 7654 11497 2165 7655 11498 2165 7656 11499 2162 7657 11500 2163 7658 11501 2165 7656 11502 2163 7658 11503 2166 7659 11504 2166 7660 11505 2163 7647 11506 2164 7649 11507 2166 7661 11508 2147 7662 11509 2165 7663 11510 2165 7664 11511 2147 7478 11512 2145 7477 11513 2165 7655 11514 2145 7665 11515 2112 7653 11516 2112 7666 11517 2145 7472 11518 2143 7471 11519 2112 7362 11520 2143 7667 11521 1443 7360 11522 1443 7668 11523 2143 7669 11524 2142 7670 11525 1443 7671 11526 2142 7671 11527 1432 7672 11528 1432 7673 11529 2142 7674 11530 1433 7675 11531 2146 7475 11532 2149 7676 11533 2144 7473 11534 2144 7677 11535 2149 7485 11536 2097 7484 11537 2144 7469 11538 2097 7678 11539 2142 7467 11540 2142 7679 11541 2097 7340 11542 2098 7342 11543 2142 7680 11544 2098 7681 11545 1433 7682 11546 1433 7683 11547 2098 7684 11548 2157 7685 11549 1433 7686 11550 2157 7687 11551 1434 7688 11552 1434 7689 11553 2157 7690 11554 2158 7691 11555 1434 7692 11556 2158 7692 11557 1435 7692 11558 1436 7693 11559 1435 7694 11560 2161 7695 11561 2161 7696 11562 1435 7696 11563 2158 7696 11564 2161 7566 11565 2158 7697 11566 2160 7564 11567 2160 7698 11568 2158 7547 11569 2085 7546 11570 2160 7562 11571 2085 7699 11572 2159 7560 11573 2159 7700 11574 2085 7329 11575 2087 7331 11576 2159 7701 11577 2087 7702 11578 2089 7703 11579 2089 7704 11580 2087 7705 11581 2148 7706 11582 2089 7707 11583 2148 7708 11584 2090 7709 11585 2090 7710 11586 2148 7711 11587 2149 7712 11588 2090 7713 11589 2149 7714 11590 2129 7715 11591 2129 7715 11592 2149 7714 11593 2146 7716 11594 2129 7717 11595 2146 7718 11596 2093 7719 11597 2093 7719 11598 2146 7718 11599 2147 7720 11600 2093 7445 11601 2147 7721 11602 2137 7446 11603 2137 7722 11604 2147 7662 11605 2166 7661 11606 2137 7723 11607 2166 7724 11608 2138 7725 11609 2138 7725 11610 2166 7724 11611 2164 7726 11612 2138 7727 11613 2164 7728 11614 2136 7729 11615 2136 7729 11616 2164 7728 11617 2110 7730 11618 2136 7731 11619 2110 7732 11620 2135 7733 11621 2135 7734 11622 2110 7735 11623 2108 7736 11624 2135 7737 11625 2108 7738 11626 2103 7739 11627 2103 7740 11628 2108 7741 11629 2107 7742 11630 2103 7740 11631 2107 7742 11632 2104 7743 11633 2104 7744 11634 2107 7745 11635 1446 7744 11636 2104 7746 11637 1446 7747 11638 2106 7748 11639 2106 7749 11640 1446 7750 11641 1445 7751 11642 2106 7752 11643 1445 7753 11644 1444 7754 11645 1899 7755 11646 1888 7755 11647 2167 7755 11648 2168 7756 11649 2169 7757 11650 2170 7758 11651 2170 7758 11652 2169 7757 11653 2171 7759 11654 2170 7758 11655 2171 7759 11656 2172 7760 11657 2171 7759 11658 2173 7761 11659 2172 7760 11660 2172 7762 11661 2173 7763 11662 1746 7764 11663 2172 7762 11664 1746 7764 11665 2167 7765 11666 1748 7766 11667 1899 7767 11668 1749 7767 11669 1749 7768 11670 1899 7768 11671 2167 7769 11672 1749 7770 11673 2167 7771 11674 1745 7772 11675 1745 7773 11676 2167 7773 11677 1746 7773 11678 2174 7774 11679 2175 7775 11680 2176 7776 11681 1961 7777 11682 1960 7778 11683 2177 7779 11684 1961 7780 11685 2177 7781 11686 1963 7782 11687 1955 7783 11688 1964 7784 11689 2178 7785 11690 2178 7786 11691 1964 7787 11692 2179 7786 11693 2178 7788 11694 2179 7789 11695 2176 7790 11696 1955 7791 11697 2178 7792 11698 1956 7793 11699 1956 7794 11700 2178 7795 11701 2001 7796 11702 1956 7797 11703 2001 7798 11704 1958 7799 11705 2000 7800 11706 2180 7800 11707 1998 7801 11708 1998 7802 11709 2180 7803 11710 2181 7804 11711 1998 7805 11712 2181 7806 11713 1996 7807 11714 2182 7808 11715 2183 7809 11716 2181 7810 11717 2181 7811 11718 2183 7812 11719 2184 7813 11720 2181 7811 11721 2184 7813 11722 1996 7814 11723 1996 7815 11724 2184 7816 11725 2185 7817 11726 1996 7818 11727 2185 7819 11728 1402 7820 11729 2174 7821 11730 2186 7822 11731 2175 7823 11732 2175 7824 11733 2186 7825 11734 2187 7826 11735 2175 7827 11736 2187 7828 11737 2188 7829 11738 1960 7830 11739 1967 7831 11740 2177 7832 11741 2177 7833 11742 1967 7834 11743 2189 7835 11744 2177 7836 11745 2189 7837 11746 2190 7838 11747 2190 7839 11748 2189 7840 11749 2191 7841 11750 2190 7842 11751 2191 7843 11752 2192 7844 11753 2188 7845 11754 2182 7846 11755 2175 7847 11756 2175 7848 11757 2182 7849 11758 2181 7850 11759 2175 7851 11760 2181 7852 11761 2176 7853 11762 2176 7854 11763 2181 7804 11764 2180 7803 11765 2176 7855 11766 2180 7856 11767 2178 7857 11768 2178 7858 11769 2180 7859 11770 2000 7860 11771 2178 7861 11772 2000 7862 11773 2001 7863 11774 2172 7864 11775 2186 7865 11776 2192 7866 11777 2192 7867 11778 2186 7868 11779 2174 7869 11780 2192 7870 11781 2174 7871 11782 2190 7872 11783 2190 7873 11784 2174 7873 11785 2176 7874 11786 2190 7838 11787 2176 7875 11788 2177 7836 11789 2177 7876 11790 2176 7877 11791 2179 7878 11792 2177 7879 11793 2179 7880 11794 1963 7881 11795 1963 7882 11796 2179 7883 11797 1964 7884 11798 2193 7885 11799 1759 7886 11800 1747 7887 11801 2194 7888 11802 2195 7889 11803 2196 7890 11804 2197 7891 11805 2198 7892 11806 2199 7893 11807 1510 7894 11808 1512 7895 11809 2200 7896 11810 2200 7897 11811 1512 7898 11812 1513 7899 11813 2200 7900 11814 1513 7901 11815 2198 7902 11816 2201 7903 11817 2202 7904 11818 2203 7905 11819 2203 7906 11820 2202 7907 11821 2204 7908 11822 2203 7909 11823 2204 7910 11824 2197 7911 11825 2205 7912 11826 2206 7913 11827 2207 7914 11828 2207 7915 11829 2206 7916 11830 2208 7917 11831 2207 7918 11832 2208 7919 11833 2209 7920 11834 2196 7921 11835 2195 7922 11836 2209 7923 11837 2209 7924 11838 2195 7925 11839 2210 7926 11840 2209 7927 11841 2210 7928 11842 2207 7929 11843 2194 7930 11844 2173 7931 11845 2195 7932 11846 2195 7933 11847 2173 7934 11848 2171 7935 11849 2195 7936 11850 2171 7937 11851 2210 7938 11852 2210 7938 11853 2171 7937 11854 2169 7939 11855 2210 7940 11856 2169 7941 11857 2207 7942 11858 2207 7942 11859 2169 7941 11860 2168 7943 11861 2207 7944 11862 2168 7945 11863 2205 7946 11864 1746 7947 11865 2173 7948 11866 1747 7949 11867 1747 7949 11868 2173 7948 11869 2194 7950 11870 1747 7951 11871 2194 7952 11872 2193 7953 11873 2193 7954 11874 2194 7955 11875 2196 7956 11876 2193 7957 11877 2196 7958 11878 2211 7959 11879 2211 7960 11880 2196 7961 11881 2209 7962 11882 2211 7963 11883 2209 7964 11884 2201 7965 11885 2201 7966 11886 2209 7967 11887 2208 7968 11888 2201 7969 11889 2208 7970 11890 2202 7970 11891 2198 7971 11892 1513 7972 11893 2199 7973 11894 2199 7974 11895 1513 7975 11896 1515 7976 11897 2199 7977 11898 1515 7978 11899 1517 7979 11900 1523 7980 11901 2212 7981 11902 1521 7982 11903 1521 7983 11904 2212 7984 11905 2199 7985 11906 1521 7986 11907 2199 7986 11908 1519 7987 11909 1519 7988 11910 2199 7989 11911 1517 7990 11912 1524 5136 11913 1526 5138 11914 1758 7991 11915 2197 7992 11916 2199 7993 11917 2203 7994 11918 2203 7995 11919 2199 7985 11920 2212 7984 11921 2203 7996 11922 2212 7997 11923 2201 7998 11924 2201 7999 11925 2212 8000 11926 1523 8001 11927 2201 8002 11928 1523 8003 11929 2211 8004 11930 2211 8005 11931 1523 8006 11932 1524 8007 11933 2211 8008 11934 1524 8009 11935 2193 8010 11936 2193 8011 11937 1524 8012 11938 1758 8013 11939 2193 8014 11940 1758 8015 11941 1759 8016 11942 1975 8017 11943 1343 8018 11944 1508 8019 11945 1930 8020 11946 1932 8021 11947 2213 8022 11948 2214 8023 11949 2215 8024 11950 2216 8025 11951 2216 8026 11952 2215 8027 11953 2217 8028 11954 2216 8029 11955 2217 8030 11956 2213 8031 11957 2213 8032 11958 2217 8033 11959 2218 8034 11960 2213 8035 11961 2218 8036 11962 1930 8037 11963 2219 8038 11964 2220 8039 11965 2221 8040 11966 2221 8041 11967 2220 8042 11968 2222 8041 11969 2221 8043 11970 2222 8044 11971 2214 8045 11972 2214 8046 11973 2222 8047 11974 2223 8048 11975 2214 8023 11976 2223 8049 11977 2215 8024 11978 2224 8050 11979 2225 8051 11980 2226 8052 11981 2226 8053 11982 2225 8054 11983 2227 8055 11984 2226 8056 11985 2227 8057 11986 2219 8058 11987 2219 8058 11988 2227 8057 11989 2228 8059 11990 2219 8060 11991 2228 8061 11992 2220 8062 11993 2229 8063 11994 2230 8064 11995 2231 8065 11996 2231 8066 11997 2230 8067 11998 2232 8068 11999 2231 8069 12000 2232 8070 12001 2233 8071 12002 2216 8072 12003 2234 8073 12004 2214 8074 12005 2214 8075 12006 2234 8076 12007 2235 8077 12008 2214 8078 12009 2235 8079 12010 2221 8080 12011 2221 8081 12012 2235 8082 12013 2236 8083 12014 2221 8040 12015 2236 8084 12016 2219 8038 12017 2219 8085 12018 2236 8086 12019 2237 8087 12020 2219 8088 12021 2237 8089 12022 2226 8090 12023 1991 8091 12024 1975 8092 12025 2238 8093 12026 2238 8094 12027 1975 8095 12028 1508 8095 12029 2238 8096 12030 1508 8097 12031 2239 8098 12032 2239 8099 12033 1508 8100 12034 1506 8101 12035 2239 8102 12036 1506 8103 12037 1505 8104 12038 1510 8105 12039 2229 8106 12040 1505 8107 12041 1505 8108 12042 2229 8109 12043 2231 8110 12044 1505 8111 12045 2231 8112 12046 2239 8113 12047 2239 8114 12048 2231 8115 12049 2233 8116 12050 2239 8117 12051 2233 8118 12052 2238 8119 12053 2238 8120 12054 2233 8121 12055 2240 8122 12056 2238 8123 12057 2240 8124 12058 1991 8125 12059 1991 8126 12060 2240 8127 12061 2241 8128 12062 1991 6857 12063 2241 8129 12064 1990 6855 12065 1990 8130 12066 2241 8131 12067 2242 8132 12068 1990 8133 12069 2242 8134 12070 1989 8135 12071 1932 8136 12072 1934 8137 12073 2213 8138 12074 2213 8139 12075 1934 8140 12076 1986 8141 12077 2213 8142 12078 1986 8143 12079 2216 8144 12080 2216 8145 12081 1986 8146 12082 1987 8147 12083 2216 8148 12084 1987 8149 12085 2234 8150 12086 2234 8151 12087 1987 8152 12088 1988 8153 12089 1988 8154 12090 1989 8155 12091 2234 8156 12092 2234 8157 12093 1989 8158 12094 2242 8159 12095 2234 8160 12096 2242 8161 12097 2235 8162 12098 2235 8163 12099 2242 8163 12100 2241 8163 12101 2235 8082 12102 2241 8164 12103 2236 8083 12104 2236 8165 12105 2241 8166 12106 2240 8167 12107 2236 8168 12108 2240 8169 12109 2237 8170 12110 2237 8171 12111 2240 8172 12112 2233 8173 12113 2237 8174 12114 2233 8175 12115 2226 8176 12116 2226 8177 12117 2233 8178 12118 2232 8179 12119 2226 8180 12120 2232 8181 12121 2224 8182 12122 2224 8183 12123 2232 8184 12124 2230 8185 12125 1790 8186 12126 1744 8187 12127 1743 8188 12128 1727 8189 12129 1728 8190 12130 1788 8191 12131 1740 8192 12132 1739 8193 12133 2243 8192 12134 2243 8194 12135 1739 8195 12136 1733 8196 12137 1788 8197 12138 2244 8198 12139 1727 8199 12140 1727 8200 12141 2244 8201 12142 2243 8202 12143 1727 8203 12144 2243 8203 12145 1726 8203 12146 1726 8204 12147 2243 8194 12148 1733 8196 12149 1726 8205 12150 1733 8206 12151 1729 8207 12152 1791 8208 12153 2245 8209 12154 1792 8210 12155 1792 8211 12156 2245 8212 12157 2246 8212 12158 1792 8213 12159 2246 8214 12160 1793 8215 12161 1793 8216 12162 2246 8217 12163 2247 8218 12164 1793 8219 12165 2247 8220 12166 1794 8221 12167 1794 8222 12168 2247 8223 12169 1789 8224 12170 1741 8225 12171 1740 8226 12172 2246 8227 12173 2246 8228 12174 1740 8229 12175 2243 8228 12176 2246 8230 12177 2243 8231 12178 2247 8232 12179 2247 8232 12180 2243 8231 12181 2244 8233 12182 2247 8234 12183 2244 8235 12184 1789 8236 12185 1789 8237 12186 2244 8238 12187 1788 8239 12188 1741 8240 12189 2246 8241 12190 1742 8242 12191 1742 8243 12192 2246 8243 12193 2245 8244 12194 1742 8245 12195 2245 8246 12196 1743 8247 12197 1743 8248 12198 2245 8249 12199 1791 8250 12200 1743 8251 12201 1791 8252 12202 1790 8253 12203 2248 8254 12204 2249 8255 12205 2250 8256 12206 2250 8257 12207 2249 8258 12208 2251 8259 12209 1965 8260 12210 1948 8261 12211 2252 8262 12212 1965 8263 12213 2252 8264 12214 2253 8265 12215 2253 8266 12216 2252 8267 12217 2254 8268 12218 2253 8269 12219 2254 8270 12220 2255 8271 12221 2255 8272 12222 2254 8273 12223 2256 8274 12224 2255 8275 12225 2256 8276 12226 2257 8277 12227 2256 8278 12228 2258 8279 12229 2257 8278 12230 2257 8280 12231 2258 8281 12232 2259 8282 12233 2257 8283 12234 2259 8284 12235 2255 8285 12236 2255 8286 12237 2259 8287 12238 2260 8287 12239 2208 8288 12240 2206 8289 12241 2261 8290 12242 2261 8291 12243 2206 7913 12244 2205 7912 12245 2261 8292 12246 2205 8293 12247 2251 8294 12248 2251 8295 12249 2249 8296 12250 2261 8297 12251 2261 8298 12252 2249 8299 12253 2262 8300 12254 2261 8301 12255 2262 8302 12256 2208 8303 12257 2202 8304 12258 2208 8305 12259 2263 8306 12260 2263 8307 12261 2208 8308 12262 2262 8309 12263 2263 8310 12264 2262 8311 12265 2264 8312 12266 2264 8313 12267 2262 8314 12268 2265 8315 12269 2265 8316 12270 2262 8317 12271 2266 8318 12272 2266 8319 12273 2262 8320 12274 2249 8321 12275 2266 8322 12276 2249 8323 12277 2267 8324 12278 2267 8325 12279 2249 8326 12280 2248 8327 12281 2267 8328 12282 2248 8329 12283 2268 8330 12284 1948 8331 12285 1937 8332 12286 2252 8333 12287 2252 8334 12288 1937 8335 12289 2269 8336 12290 2252 8267 12291 2269 8337 12292 2254 8268 12293 2254 8268 12294 2269 8337 12295 2270 8338 12296 2254 8339 12297 2270 8340 12298 2256 8341 12299 2256 8342 12300 2270 8343 12301 2271 8344 12302 2256 8345 12303 2271 8346 12304 2258 8347 12305 2258 8348 12306 2271 8349 12307 2272 8350 12308 2272 8351 12309 2268 8352 12310 2258 8353 12311 2258 8354 12312 2268 8355 12313 2248 8356 12314 2258 8357 12315 2248 8358 12316 2259 8358 12317 2259 8359 12318 2248 8360 12319 2250 8361 12320 2259 8362 12321 2250 8363 12322 2260 8364 12323 2260 8365 12324 2250 8366 12325 2251 8367 12326 2260 8368 12327 2251 8369 12328 2273 8370 12329 2273 8371 12330 2251 8372 12331 2205 8373 12332 2273 8374 12333 2205 8375 12334 2168 8376 12335 2273 8377 12336 2168 8378 12337 2170 8379 12338 1966 8380 12339 1965 8381 12340 2253 8382 12341 2170 8383 12342 2172 8384 12343 2274 8385 12344 2274 8385 12345 2172 8384 12346 2192 8386 12347 2274 8387 12348 2192 8388 12349 2275 8389 12350 2275 8390 12351 2192 7844 12352 2191 7843 12353 2275 8391 12354 2191 8392 12355 2276 8391 12356 2276 8393 12357 2191 8394 12358 2189 8395 12359 2273 8396 12360 2170 8397 12361 2260 8397 12362 2260 8398 12363 2170 8399 12364 2274 8400 12365 2260 8401 12366 2274 8402 12367 2255 8403 12368 2255 8404 12369 2274 8405 12370 2275 8404 12371 2255 8406 12372 2275 8407 12373 2253 8408 12374 2253 8409 12375 2275 8409 12376 2276 8410 12377 2253 8411 12378 2276 8412 12379 1966 8413 12380 1966 8414 12381 2276 8415 12382 2189 8416 12383 1966 8417 12384 2189 8418 12385 1967 8419 12386 2277 8420 12387 2197 8421 12388 2204 8422 12389 2278 8423 12390 2279 8424 12391 2217 8425 12392 1935 8426 12393 1930 8427 12394 2279 8428 12395 2279 8429 12396 1930 8430 12397 2218 8431 12398 2279 8432 12399 2218 8433 12400 2217 8434 12401 2204 8435 12402 2280 8436 12403 2277 8437 12404 2277 8438 12405 2280 8439 12406 2281 8440 12407 2277 8441 12408 2281 8442 12409 2282 8443 12410 2282 8444 12411 2281 8445 12412 2283 8446 12413 2265 8447 12414 2266 8448 12415 2281 8449 12416 2281 8450 12417 2266 8451 12418 2267 8452 12419 2281 8453 12420 2267 8454 12421 2283 8455 12422 2283 8456 12423 2267 8457 12424 2268 8458 12425 2283 8459 12426 2268 8460 12427 2272 8461 12428 2204 8462 12429 2202 8463 12430 2280 8464 12431 2280 8465 12432 2202 8304 12433 2263 8306 12434 2280 8466 12435 2263 8467 12436 2281 8468 12437 2281 8469 12438 2263 8470 12439 2264 8471 12440 2281 8472 12441 2264 8473 12442 2265 8474 12443 1510 8475 12444 2200 8476 12445 2229 8477 12446 2229 8478 12447 2200 8479 12448 2198 8480 12449 2229 8481 12450 2198 8481 12451 2230 8481 12452 2230 8482 12453 2198 8483 12454 2284 8484 12455 2230 8485 12456 2284 8486 12457 2224 8487 12458 2224 8488 12459 2284 8489 12460 2285 8490 12461 2224 8491 12462 2285 8492 12463 2225 8493 12464 2225 8494 12465 2285 8495 12466 2286 8496 12467 2225 8497 12468 2286 8498 12469 2227 8499 12470 2217 8500 12471 2215 8501 12472 2278 8502 12473 2278 8503 12474 2215 8504 12475 2223 8505 12476 2278 8506 12477 2223 8507 12478 2287 8508 12479 2287 8509 12480 2223 8510 12481 2222 8511 12482 2287 8512 12483 2222 8513 12484 2288 8514 12485 2288 8515 12486 2222 8516 12487 2220 8517 12488 2288 8518 12489 2220 8519 12490 2286 8520 12491 2286 8521 12492 2220 8062 12493 2228 8061 12494 2286 8522 12495 2228 8523 12496 2227 8524 12497 1937 8335 12498 1936 8525 12499 2269 8336 12500 2269 8526 12501 1936 8527 12502 2289 8528 12503 2269 8529 12504 2289 8530 12505 2270 8531 12506 2270 8532 12507 2289 8532 12508 2290 8532 12509 2270 8533 12510 2290 8533 12511 2271 8533 12512 2271 8534 12513 2290 8535 12514 2291 8536 12515 2271 8349 12516 2291 8537 12517 2272 8350 12518 2272 8538 12519 2291 8539 12520 2292 8540 12521 2272 8541 12522 2292 8542 12523 2283 8543 12524 2283 8544 12525 2292 8545 12526 2293 8546 12527 2283 8547 12528 2293 8548 12529 2282 8549 12530 1936 8550 12531 1935 8551 12532 2289 8552 12533 2289 8553 12534 1935 8554 12535 2279 8555 12536 2289 8556 12537 2279 8557 12538 2290 8558 12539 2290 8558 12540 2279 8557 12541 2278 8559 12542 2290 8560 12543 2278 8561 12544 2291 8562 12545 2291 8563 12546 2278 8564 12547 2287 8565 12548 2291 8566 12549 2287 8566 12550 2292 8567 12551 2292 8568 12552 2287 8569 12553 2288 8569 12554 2292 8570 12555 2288 8571 12556 2293 8572 12557 2293 8573 12558 2288 8574 12559 2286 8575 12560 2293 8576 12561 2286 8577 12562 2282 8578 12563 2282 8579 12564 2286 8579 12565 2285 8580 12566 2282 8581 12567 2285 8582 12568 2277 8583 12569 2277 8584 12570 2285 8585 12571 2284 8586 12572 2277 8587 12573 2284 8588 12574 2197 8588 12575 2197 8589 12576 2284 8484 12577 2198 8483 12578 2124 8590 12579 2123 8591 12580 2294 8592 12581 2133 8593 12582 2295 8593 12583 2132 8593 12584 2132 8594 12585 2295 8595 12586 2296 8596 12587 2132 8597 12588 2296 8598 12589 2022 8599 12590 2118 8600 12591 2297 8601 12592 2120 8602 12593 2120 8603 12594 2297 8604 12595 2298 8605 12596 2118 8606 12597 2117 8606 12598 2297 8606 12599 2297 8607 12600 2117 8607 12601 2113 8607 12602 2297 8608 12603 2113 8609 12604 2299 8610 12605 2299 8611 12606 2113 8612 12607 2115 8613 12608 2299 8614 12609 2115 8615 12610 2050 8616 12611 2294 8617 12612 2123 8617 12613 2298 8617 12614 2298 8618 12615 2123 8618 12616 2095 8618 12617 2298 8619 12618 2095 8619 12619 2094 8619 12620 2094 8620 12621 2122 8621 12622 2298 8622 12623 2298 8623 12624 2122 7421 12625 2121 7420 12626 2298 8624 12627 2121 8625 12628 2120 8626 12629 2300 8627 12630 2130 8627 12631 2092 8627 12632 2300 8628 12633 2092 8629 12634 2301 8630 12635 2092 8631 12636 2091 8631 12637 2301 8631 12638 2301 8632 12639 2091 8633 12640 2127 8634 12641 2301 8635 12642 2127 8636 12643 2294 8637 12644 2294 8638 12645 2127 8638 12646 2126 8638 12647 2294 8639 12648 2126 8640 12649 2124 8641 12650 2130 8642 12651 2300 8643 12652 2131 8644 12653 2131 8645 12654 2300 8645 12655 2302 8645 12656 2131 8646 12657 2302 8647 12658 2088 8648 12659 2133 8649 12660 2101 8650 12661 2295 8651 12662 2295 8652 12663 2101 8653 12664 2100 8654 12665 2295 8655 12666 2100 8655 12667 2302 8655 12668 2302 8656 12669 2100 8657 12670 2139 8658 12671 2302 8659 12672 2139 7549 12673 2088 7548 12674 2299 8660 12675 2050 8660 12676 2303 8660 12677 2303 8661 12678 2050 8662 12679 2048 8663 12680 2022 8664 12681 2296 8665 12682 2021 8666 12683 2021 8667 12684 2296 8668 12685 2304 8669 12686 2021 8670 12687 2304 8671 12688 2020 8672 12689 2020 8673 12690 2304 8673 12691 2018 8673 12692 2018 8674 12693 2304 8674 12694 2305 8674 12695 2018 8675 12696 2305 8676 12697 2023 8677 12698 2023 8678 12699 2305 8679 12700 2026 8680 12701 2026 8681 12702 2305 8681 12703 2306 8681 12704 2026 8682 12705 2306 8682 12706 2027 8682 12707 2307 8683 12708 2031 8684 12709 2306 8685 12710 2306 8686 12711 2031 8687 12712 2029 8688 12713 2306 8689 12714 2029 8689 12715 2027 8689 12716 2039 8690 12717 2037 8691 12718 2308 8692 12719 2308 8693 12720 2037 8694 12721 2035 8695 12722 2308 8696 12723 2035 8697 12724 2307 8697 12725 2307 8698 12726 2035 8698 12727 2033 8698 12728 2307 8699 12729 2033 8700 12730 2031 8701 12731 2048 8702 12732 2046 8703 12733 2303 8704 12734 2303 8705 12735 2046 8706 12736 2045 8707 12737 2303 8708 12738 2045 8708 12739 2309 8708 12740 2309 8709 12741 2045 8709 12742 2043 8709 12743 2309 8710 12744 2043 8710 12745 2308 8710 12746 2308 8711 12747 2043 8711 12748 2041 8711 12749 2308 8712 12750 2041 8713 12751 2039 8712 12752 2297 8714 12753 1591 8715 12754 2298 8716 12755 2298 8716 12756 1591 8715 12757 1593 8717 12758 2298 8716 12759 1593 8717 12760 2294 8718 12761 2294 8718 12762 1593 8717 12763 1595 8719 12764 2294 8718 12765 1595 8719 12766 2301 8720 12767 2301 8720 12768 1595 8719 12769 1597 8721 12770 2301 8720 12771 1597 8721 12772 2300 8722 12773 2300 8722 12774 1597 8721 12775 1599 8723 12776 2300 8722 12777 1599 8723 12778 2302 8724 12779 2302 8724 12780 1599 8723 12781 1601 8725 12782 2302 8724 12783 1601 8725 12784 2295 8726 12785 2295 8726 12786 1601 8725 12787 1579 8727 12788 2295 8726 12789 1579 8727 12790 2296 8728 12791 2297 8714 12792 2299 8729 12793 1591 8715 12794 1591 8715 12795 2299 8729 12796 2303 8730 12797 1591 8715 12798 2303 8730 12799 1589 8731 12800 1589 8731 12801 2303 8730 12802 2309 8732 12803 1589 8731 12804 2309 8732 12805 1587 8733 12806 1587 8733 12807 2309 8732 12808 2308 8734 12809 1587 8733 12810 2308 8734 12811 1585 8735 12812 1585 8735 12813 2308 8734 12814 2307 8736 12815 1585 8735 12816 2307 8736 12817 1583 8737 12818 1583 8737 12819 2307 8736 12820 2306 8738 12821 1583 8737 12822 2306 8738 12823 1581 8739 12824 1581 8739 12825 2306 8738 12826 2305 8740 12827 1581 8739 12828 2305 8740 12829 1579 8727 12830 1579 8727 12831 2305 8740 12832 2304 8741 12833 1579 8727 12834 2304 8741 12835 2296 8728 12836 1565 8742 12837 1929 8743 12838 1563 8744 12839 1563 8744 12840 1929 8743 12841 1946 8745 12842 1563 8744 12843 1946 8745 12844 1561 8746 12845 1561 8746 12846 1946 8745 12847 1945 8747 12848 1561 8746 12849 1945 8747 12850 1559 8748 12851 1559 8748 12852 1945 8747 12853 1944 8749 12854 1559 8748 12855 1944 8749 12856 1557 8750 12857 1557 8750 12858 1944 8749 12859 1940 8751 12860 1557 8750 12861 1940 8751 12862 1555 8752 12863 1555 8752 12864 1940 8751 12865 1939 8753 12866 1555 8752 12867 1939 8753 12868 1553 8754 12869 1571 8755 12870 1951 8756 12871 1569 8757 12872 1569 8757 12873 1951 8756 12874 1950 8758 12875 1569 8757 12876 1950 8758 12877 1567 8759 12878 1567 8759 12879 1950 8758 12880 1949 8760 12881 1567 8759 12882 1949 8760 12883 1565 8742 12884 1565 8742 12885 1949 8760 12886 1928 8761 12887 1565 8742 12888 1928 8761 12889 1929 8743 12890 1939 8753 12891 1933 8762 12892 1553 8754 12893 1553 8754 12894 1933 8762 12895 1931 8763 12896 1553 8754 12897 1931 8763 12898 1577 8764 12899 1577 8764 12900 1931 8763 12901 1947 8765 12902 1577 8764 12903 1947 8765 12904 1575 8766 12905 1575 8766 12906 1947 8765 12907 1962 8767 12908 1575 8766 12909 1962 8767 12910 1573 8768 12911 1573 8768 12912 1962 8767 12913 1957 8769 12914 1573 8768 12915 1957 8769 12916 1571 8755 12917 1571 8755 12918 1957 8769 12919 1952 8770 12920 1571 8755 12921 1952 8770 12922 1951 8756 12923 1400 8771 12924 2310 8772 12925 2311 8773 12926 1402 8774 12927 2185 8775 12928 1400 8776 12929 1400 8777 12930 2185 8778 12931 2184 8779 12932 2188 8780 12933 2310 8781 12934 2182 8782 12935 2182 8783 12936 2310 8784 12937 1400 8785 12938 2182 8786 12939 1400 8787 12940 2183 8788 12941 2183 8789 12942 1400 8790 12943 2184 8791 12944 2312 8792 12945 1427 8792 12946 2311 8792 12947 2311 8793 12948 1427 8794 12949 1431 8795 12950 2311 8773 12951 1431 8796 12952 1400 8771 12953 1884 8797 12954 1882 8798 12955 2312 8799 12956 2312 8800 12957 1882 8801 12958 1425 8802 12959 2312 8803 12960 1425 8803 12961 1427 8803 12962 1880 8804 12963 1879 8805 12964 2313 8806 12965 2313 8807 12966 1879 8808 12967 1885 8809 12968 2188 8810 12969 2187 8811 12970 2310 8812 12971 2310 8813 12972 2187 8813 12973 2186 8813 12974 2310 8814 12975 2186 8814 12976 2311 8814 12977 2311 8815 12978 2186 8815 12979 2313 8815 12980 2311 8816 12981 2313 8816 12982 2312 8816 12983 2312 8817 12984 2313 8818 12985 1885 8819 12986 2312 8820 12987 1885 8821 12988 1884 8822 12989 1888 8823 12990 1880 8824 12991 2167 8825 12992 2167 8826 12993 1880 8827 12994 2313 8828 12995 2167 8829 12996 2313 8830 12997 2172 8831 12998 2172 8832 12999 2313 8832 13000 2186 8832 13001 1259 8833 13002 1913 8834 13003 1915 8835 13004 1259 8833 13005 1915 8835 13006 1256 8836 13007 1256 8837 13008 1915 8838 13009 1813 8839 13010 1256 8837 13011 1813 8839 13012 1219 8840 13013 1265 8841 13014 1264 8842 13015 1904 8843 13016 1904 8844 13017 1264 8845 13018 1254 8846 13019 1904 8847 13020 1254 8848 13021 1903 8849 13022 1904 8850 13023 1905 8851 13024 1265 8852 13025 1265 8853 13026 1905 8854 13027 1907 8855 13028 1265 8853 13029 1907 8855 13030 1266 8856 13031 1907 8857 13032 1908 8858 13033 1266 8859 13034 1266 8860 13035 1908 8861 13036 1910 8862 13037 1266 8863 13038 1910 8864 13039 1261 8865 13040 1261 8866 13041 1910 8867 13042 1913 8868 13043 1261 8866 13044 1913 8868 13045 1259 8869 13046 1917 8870 13047 1903 8871 13048 1245 8872 13049 1245 8872 13050 1903 8871 13051 1254 8873 13052 1252 8874 13053 1244 8875 13054 1919 8876 13055 1919 8877 13056 1921 8878 13057 1252 8879 13058 1252 8880 13059 1921 8881 13060 1923 8882 13061 1252 8883 13062 1923 8883 13063 1250 8883 13064 1923 8884 13065 1925 8884 13066 1250 8884 13067 1250 8885 13068 1925 8886 13069 1927 8887 13070 1250 8885 13071 1927 8887 13072 1248 8888 13073 1248 8889 13074 1927 8890 13075 1917 8891 13076 1248 8889 13077 1917 8891 13078 1245 8892 13079 1912 8893 13080 1911 8894 13081 1713 8895 13082 1911 8894 13083 1909 8896 13084 1713 8895 13085 1713 8895 13086 1909 8896 13087 1906 8897 13088 1713 8895 13089 1906 8897 13090 1902 8898 13091 1713 8895 13092 1842 8899 13093 1912 8893 13094 1912 8893 13095 1842 8899 13096 1841 8900 13097 1912 8893 13098 1841 8900 13099 1914 8901 13100 1914 8901 13101 1841 8900 13102 1850 8902 13103 1914 8901 13104 1850 8902 13105 1916 8903 13106 1924 8904 13107 1922 8905 13108 1728 8906 13109 1728 8906 13110 1922 8905 13111 1920 8907 13112 1728 8906 13113 1920 8907 13114 1780 8908 13115 1780 8908 13116 1920 8907 13117 1833 8909 13118 1780 8908 13119 1833 8909 13120 1894 8910 13121 1894 8910 13122 1833 8909 13123 1836 8911 13124 1894 8910 13125 1836 8911 13126 1877 8912 13127 1877 8912 13128 1836 8911 13129 1878 8913 13130 1902 8898 13131 1901 8914 13132 1713 8895 13133 1713 8895 13134 1901 8914 13135 1918 8915 13136 1713 8895 13137 1918 8915 13138 1728 8906 13139 1728 8906 13140 1918 8915 13141 1926 8916 13142 1728 8906 13143 1926 8916 13144 1924 8904 13145 1878 8913 13146 1836 8911 13147 1875 8917 13148 1875 8917 13149 1836 8911 13150 1835 8918 13151 1875 8917 13152 1835 8918 13153 1834 8919 13154 1834 8919 13155 1821 8920 13156 1875 8917 13157 1875 8917 13158 1821 8920 13159 1823 8921 13160 1875 8917 13161 1823 8921 13162 1828 8922 13163 1855 8923 13164 1819 8924 13165 1852 8925 13166 1852 8925 13167 1819 8924 13168 1900 8926 13169 1852 8925 13170 1900 8926 13171 1845 8927 13172 1845 8927 13173 1900 8926 13174 1916 8903 13175 1845 8927 13176 1916 8903 13177 1846 8928 13178 1846 8928 13179 1916 8903 13180 1850 8902 13181 1825 8929 13182 1816 8930 13183 1855 8923 13184 1855 8923 13185 1816 8930 13186 1815 8931 13187 1855 8923 13188 1815 8931 13189 1819 8924 13190 1828 8922 13191 1827 8932 13192 1875 8917 13193 1875 8917 13194 1827 8932 13195 1825 8929 13196 1875 8917 13197 1825 8929 13198 1868 8933 13199 1868 8933 13200 1825 8929 13201 1855 8923 13202 1822 8934 13203 1821 8935 13204 1832 8936 13205 1832 8936 13206 1821 8935 13207 1834 8937 13208 1832 8938 13209 1235 8939 13210 1822 8940 13211 1822 8940 13212 1235 8939 13213 1232 8941 13214 1822 8942 13215 1232 8942 13216 1231 8942 13217 1822 8943 13218 1231 8943 13219 1824 8943 13220 1824 8944 13221 1231 8945 13222 1229 8946 13223 1824 8947 13224 1229 8947 13225 1826 8947 13226 1826 8948 13227 1229 8949 13228 1227 8950 13229 1826 8951 13230 1227 8952 13231 1820 8953 13232 1817 8954 13233 1224 8955 13234 1223 8956 13235 1817 8954 13236 1223 8956 13237 1818 8957 13238 1818 8958 13239 1223 8959 13240 1221 8960 13241 1818 8958 13242 1221 8960 13243 1814 8961 13244 1757 5906 13245 1526 5907 13246 1525 8962 13247 1787 8963 13248 1776 8964 13249 1777 8965 13250 1777 8965 13251 1756 5904 13252 1787 8963 13253 1787 8963 13254 1756 5904 13255 1757 5906 13256 1787 8963 13257 1757 5906 13258 1744 8966 13259 1744 8966 13260 1757 5906 13261 1525 8962 13262 1744 8966 13263 1525 8962 13264 1552 8967 13265 1609 8968 13266 1732 8968 13267 1734 8968 13268 1609 8969 13269 1734 8970 13270 1610 8971 13271 1610 8972 13272 1734 5832 13273 1736 5831 13274 1610 8973 13275 1736 8974 13276 1618 8975 13277 1618 8976 13278 1736 8977 13279 1735 8978 13280 1618 8979 13281 1735 8980 13282 1619 8981 13283 1619 8982 13284 1735 8983 13285 1744 8984 13286 1619 8985 13287 1744 8985 13288 1552 8985 13289 2314 8986 13290 2315 8987 13291 1111 8988 13292 1111 8988 13293 2315 8987 13294 1129 8989 13295 1111 8988 13296 1129 8989 13297 1112 8990 13298 1698 8991 13299 2316 8992 13300 2317 8993 13301 2318 8994 13302 2319 8995 13303 1144 8996 13304 1144 8996 13305 2319 8995 13306 2320 8997 13307 1111 8988 13308 1145 8998 13309 2314 8986 13310 2314 8986 13311 1145 8998 13312 1144 8996 13313 2314 8986 13314 1144 8996 13315 2321 8999 13316 2321 8999 13317 1144 8996 13318 2320 8997 13319 1609 9000 13320 2322 9001 13321 1732 9002 13322 1732 9002 13323 2322 9001 13324 2323 9003 13325 1732 9002 13326 2323 9003 13327 1698 8991 13328 1698 8991 13329 2323 9003 13330 2324 9004 13331 1698 8991 13332 2324 9004 13333 2316 8992 13334 1649 9005 13335 1650 9006 13336 2325 9007 13337 2325 9007 13338 1650 9006 13339 1652 9008 13340 1624 9009 13341 1648 9010 13342 1144 8996 13343 1144 8996 13344 1648 9010 13345 1649 9005 13346 1144 8996 13347 1649 9005 13348 2318 8994 13349 2318 8994 13350 1649 9005 13351 2325 9007 13352 1652 9008 13353 1684 9011 13354 2325 9007 13355 2325 9007 13356 1684 9011 13357 1694 9012 13358 2325 9007 13359 1694 9012 13360 1653 9013 13361 1696 9014 13362 1699 9015 13363 1653 9013 13364 1653 9013 13365 1699 9015 13366 1698 8991 13367 1653 9013 13368 1698 8991 13369 2325 9007 13370 2325 9007 13371 1698 8991 13372 2317 8993 13373 2322 9016 13374 1609 9017 13375 1607 9018 13376 2322 9019 13377 1607 9019 13378 2326 9019 13379 1607 9020 13380 1603 9021 13381 2326 9022 13382 2326 9023 13383 1603 9024 13384 1605 9025 13385 2326 9023 13386 1605 9025 13387 2327 9026 13388 2327 9027 13389 1605 9028 13390 1612 9029 13391 2327 9027 13392 1612 9029 13393 2328 9030 13394 2328 9031 13395 1612 9032 13396 1541 9033 13397 2328 9031 13398 1541 9033 13399 2329 9034 13400 2322 9035 13401 2326 9036 13402 2330 9037 13403 2326 9038 13404 2327 9039 13405 2331 9040 13406 2327 9041 13407 2328 9042 13408 2332 9043 13409 2328 9044 13410 2329 9045 13411 2333 9046 13412 2328 9044 13413 2333 9046 13414 2332 9047 13415 2332 9048 13416 2333 9049 13417 2334 9050 13418 2332 9051 13419 2334 9051 13420 2335 9052 13421 2334 9053 13422 2336 9054 13423 2335 9055 13424 2335 9056 13425 2336 9057 13426 2337 9058 13427 2335 9056 13428 2337 9058 13429 2338 9059 13430 2338 9060 13431 2337 9061 13432 2339 9062 13433 2338 9060 13434 2339 9062 13435 2340 9063 13436 2340 9064 13437 2339 9065 13438 2341 9066 13439 2340 9064 13440 2341 9066 13441 2342 9067 13442 2327 9041 13443 2332 9043 13444 2331 9068 13445 2331 9069 13446 2332 9070 13447 2335 9071 13448 2331 9069 13449 2335 9071 13450 2343 9072 13451 2343 9073 13452 2335 9074 13453 2338 9075 13454 2343 9073 13455 2338 9075 13456 2344 9076 13457 2344 9077 13458 2338 9078 13459 2340 9079 13460 2344 9077 13461 2340 9079 13462 2345 9080 13463 2345 9081 13464 2340 9082 13465 2342 9083 13466 2345 9081 13467 2342 9083 13468 2346 9084 13469 2326 9038 13470 2331 9040 13471 2330 9085 13472 2330 9086 13473 2331 9087 13474 2343 9088 13475 2330 9086 13476 2343 9088 13477 2347 9089 13478 2347 9090 13479 2343 9091 13480 2344 9092 13481 2347 9090 13482 2344 9092 13483 2348 9093 13484 2348 9094 13485 2344 9095 13486 2345 9096 13487 2348 9094 13488 2345 9096 13489 2349 9097 13490 2349 9098 13491 2345 9099 13492 2346 9100 13493 2349 9098 13494 2346 9100 13495 2350 9101 13496 2322 9035 13497 2330 9037 13498 2323 9102 13499 2323 9103 13500 2330 9104 13501 2347 9105 13502 2323 9103 13503 2347 9105 13504 2324 9106 13505 2324 9107 13506 2347 9108 13507 2348 9109 13508 2324 9107 13509 2348 9109 13510 2316 9110 13511 2316 9111 13512 2348 9112 13513 2349 9113 13514 2316 9111 13515 2349 9113 13516 2317 9114 13517 2317 9115 13518 2349 9116 13519 2350 9117 13520 2317 9115 13521 2350 9117 13522 2325 9118 13523 2351 9119 13524 2352 9120 13525 2353 9121 13526 2342 9122 13527 2354 9123 13528 2346 9124 13529 2346 9125 13530 2354 9126 13531 2355 9127 13532 2346 9125 13533 2355 9127 13534 2350 9128 13535 2350 9129 13536 2355 9130 13537 2318 9131 13538 2350 9129 13539 2318 9131 13540 2325 9132 13541 2341 9133 13542 2351 9119 13543 2342 9134 13544 2342 9134 13545 2351 9119 13546 2353 9121 13547 2342 9122 13548 2353 9135 13549 2354 9123 13550 2318 9136 13551 2355 9137 13552 2356 9138 13553 2355 9139 13554 2354 9140 13555 2357 9141 13556 2353 9142 13557 2352 9143 13558 2358 9144 13559 2354 9145 13560 2353 9146 13561 2359 9147 13562 2359 9148 13563 2353 9142 13564 2358 9144 13565 2359 9149 13566 2358 9150 13567 2360 9151 13568 2360 9152 13569 2358 9153 13570 2361 9154 13571 2361 9155 13572 2362 9156 13573 2360 9157 13574 2360 9158 13575 2362 9159 13576 2363 9160 13577 2360 9158 13578 2363 9160 13579 2364 9161 13580 2364 9162 13581 2363 9163 13582 2365 9164 13583 2364 9165 13584 2365 9165 13585 2366 9166 13586 2365 9167 13587 2367 9168 13588 2366 9167 13589 2366 9169 13590 2367 9170 13591 2368 9171 13592 2366 9169 13593 2368 9171 13594 2369 9172 13595 2354 9145 13596 2359 9147 13597 2357 9173 13598 2357 9174 13599 2359 9175 13600 2360 9176 13601 2357 9174 13602 2360 9176 13603 2370 9177 13604 2370 9178 13605 2360 9179 13606 2364 9180 13607 2370 9178 13608 2364 9180 13609 2371 9181 13610 2371 9182 13611 2364 9183 13612 2366 9184 13613 2371 9182 13614 2366 9184 13615 2372 9185 13616 2372 9186 13617 2366 9187 13618 2369 9188 13619 2372 9186 13620 2369 9188 13621 2373 9189 13622 2355 9139 13623 2357 9141 13624 2356 9190 13625 2356 9191 13626 2357 9192 13627 2370 9193 13628 2356 9191 13629 2370 9193 13630 2374 9194 13631 2374 9195 13632 2370 9196 13633 2371 9197 13634 2374 9195 13635 2371 9197 13636 2375 9198 13637 2375 9199 13638 2371 9200 13639 2372 9201 13640 2375 9199 13641 2372 9201 13642 2376 9202 13643 2376 9203 13644 2372 9204 13645 2373 9205 13646 2376 9203 13647 2373 9205 13648 2377 9206 13649 2318 9136 13650 2356 9138 13651 2319 9207 13652 2319 9208 13653 2356 9209 13654 2374 9210 13655 2319 9208 13656 2374 9210 13657 2320 9211 13658 2320 9212 13659 2374 9213 13660 2375 9214 13661 2320 9212 13662 2375 9214 13663 2321 9215 13664 2321 9216 13665 2375 9217 13666 2376 9218 13667 2321 9216 13668 2376 9218 13669 2314 9219 13670 2314 9220 13671 2376 9221 13672 2377 9222 13673 2314 9220 13674 2377 9222 13675 2315 9223 13676 1129 9224 13677 2315 9225 13678 2377 9226 13679 1129 9224 13680 2377 9226 13681 2378 9227 13682 2378 9228 13683 2377 9228 13684 2373 9228 13685 2378 9229 13686 2373 9230 13687 2379 9231 13688 2379 9232 13689 2373 9233 13690 2369 9234 13691 2379 9235 13692 2369 9235 13693 2380 9235 13694 2380 9236 13695 2369 9236 13696 2368 9236 13697 2380 9237 13698 2368 9237 13699 2381 9237 13700 1133 9238 13701 1132 9239 13702 2382 9240 13703 1133 9241 13704 2383 9242 13705 2384 9243 13706 2385 9244 13707 2386 9245 13708 2387 9246 13709 2380 9247 13710 2381 9248 13711 2386 9249 13712 2388 9250 13713 2389 9251 13714 2390 9252 13715 2390 9253 13716 2389 9254 13717 2382 9255 13718 2390 9253 13719 2382 9255 13720 2391 9256 13721 2391 9257 13722 2382 9258 13723 1132 9259 13724 2391 9257 13725 1132 9259 13726 1131 9260 13727 2387 9246 13728 2388 9261 13729 2385 9244 13730 2385 9262 13731 2388 9263 13732 2390 9264 13733 2385 9262 13734 2390 9264 13735 2392 9265 13736 2392 9266 13737 2390 9267 13738 2391 9268 13739 2392 9266 13740 2391 9268 13741 2393 9269 13742 2393 9270 13743 2391 9271 13744 1131 9272 13745 2393 9270 13746 1131 9272 13747 1130 9273 13748 2386 9249 13749 2385 9274 13750 2380 9247 13751 2380 9275 13752 2385 9276 13753 2392 9277 13754 2380 9275 13755 2392 9277 13756 2379 9278 13757 2379 9279 13758 2392 9280 13759 2393 9281 13760 2379 9279 13761 2393 9281 13762 2378 9282 13763 2378 9283 13764 2393 9284 13765 1130 9285 13766 2378 9283 13767 1130 9285 13768 1129 9286 13769 2389 9287 13770 1133 9288 13771 2382 9289 13772 2387 9290 13773 2384 9291 13774 2388 9292 13775 2388 9292 13776 2384 9291 13777 2383 9293 13778 2388 9250 13779 2383 9294 13780 2389 9251 13781 2389 9295 13782 2383 9296 13783 1133 9297 13784 1525 9298 13785 1522 9299 13786 2394 9300 13787 1547 9301 13788 1546 9302 13789 2394 9303 13790 2394 9304 13791 1546 9305 13792 1551 9306 13793 2394 9307 13794 1551 9308 13795 1525 9309 13796 1544 9310 13797 1550 9311 13798 2395 9312 13799 2395 9313 13800 2396 9314 13801 1544 9315 13802 1544 9316 13803 2396 9317 13804 2397 9318 13805 1544 9319 13806 2397 9320 13807 1542 9321 13808 1535 9322 13809 2398 9323 13810 1534 9324 13811 1534 9324 13812 2398 9323 13813 2399 9325 13814 1534 9326 13815 2399 9327 13816 1532 9328 13817 1532 9328 13818 2399 9327 13819 2400 9329 13820 1532 9330 13821 2400 9331 13822 1529 9332 13823 2400 9331 13824 2401 9333 13825 1529 9332 13826 1529 9334 13827 2401 9335 13828 1518 9336 13829 1529 9334 13830 1518 9336 13831 1516 9337 13832 1522 9338 13833 1520 9339 13834 2394 9340 13835 2394 9340 13836 1520 9339 13837 2402 9341 13838 2394 9342 13839 2402 9343 13840 1547 9344 13841 1547 9345 13842 2402 9346 13843 2395 9347 13844 1547 9348 13845 2395 9349 13846 1549 9350 13847 1549 9351 13848 2395 9352 13849 1550 9351 13850 1520 9353 13851 1518 9354 13852 2402 9355 13853 2402 9355 13854 1518 9354 13855 2401 9356 13856 2402 9357 13857 2401 9358 13858 2395 9359 13859 2395 9359 13860 2401 9358 13861 2400 9360 13862 2395 9361 13863 2400 9362 13864 2396 9363 13865 2396 9363 13866 2400 9362 13867 2399 9364 13868 2396 9365 13869 2399 9366 13870 2397 9367 13871 2397 9368 13872 2399 9369 13873 2398 9370 13874 2329 9371 13875 1541 2977 13876 2403 9372 13877 2403 9372 13878 1541 2977 13879 1540 9373 13880 2404 9374 13881 2341 9375 13882 2339 9376 13883 2404 9377 13884 2339 9378 13885 2405 9379 13886 2405 9380 13887 2339 9380 13888 2337 9380 13889 2405 9381 13890 2337 9382 13891 2406 9383 13892 2406 9384 13893 2337 9384 13894 2336 9384 13895 2406 9385 13896 2336 9385 13897 2407 9385 13898 2329 9386 13899 2403 9387 13900 2333 9388 13901 2333 9389 13902 2403 9390 13903 2407 9391 13904 2333 9392 13905 2407 9393 13906 2334 9394 13907 2334 9395 13908 2407 9396 13909 2336 9397 13910 2408 790 13911 2351 790 13912 2404 790 13913 2404 790 13914 2351 790 13915 2341 790 13916 2409 790 13917 2352 790 13918 2408 790 13919 2408 790 13920 2352 790 13921 2351 790 13922 2368 9398 13923 2367 9399 13924 2410 9400 13925 2410 9401 13926 2367 9401 13927 2411 9401 13928 2362 9402 13929 2412 9403 13930 2363 9404 13931 2363 9404 13932 2412 9403 13933 2411 9405 13934 2363 9406 13935 2411 9407 13936 2365 9408 13937 2365 9409 13938 2411 9409 13939 2367 9409 13940 2352 9410 13941 2409 9410 13942 2358 9410 13943 2358 9411 13944 2409 9411 13945 2412 9411 13946 2358 9412 13947 2412 9412 13948 2361 9412 13949 2361 9413 13950 2412 9414 13951 2362 9415 13952 2413 9416 13953 2381 9417 13954 2410 9418 13955 2410 9418 13956 2381 9417 13957 2368 9419 13958 2381 9420 13959 2413 9421 13960 2414 9422 13961 2381 9420 13962 2414 9422 13963 2386 9423 13964 2386 9424 13965 2414 9425 13966 2415 9426 13967 2386 9424 13968 2415 9426 13969 2387 9427 13970 2387 9428 13971 2415 9429 13972 2416 9430 13973 2387 9428 13974 2416 9430 13975 2384 9431 13976 2384 9432 13977 2416 9433 13978 1538 9434 13979 2384 9432 13980 1538 9434 13981 1133 9435 13982 1539 9436 13983 1499 9436 13984 1537 9436 13985 1537 9437 13986 1499 9437 13987 1495 9437 13988 1495 9438 13989 1492 9439 13990 1537 9440 13991 1537 9441 13992 1492 9442 13993 1491 9443 13994 1537 9444 13995 1491 9445 13996 1536 9446 13997 1121 9447 13998 1115 9447 13999 1486 9447 14000 1486 9448 14001 1115 9448 14002 1536 9448 14003 1486 9449 14004 1536 9449 14005 1490 9449 14006 1490 9450 14007 1536 9450 14008 1491 9450 14009 1558 9451 14010 1556 9452 14011 1504 9453 14012 2411 9454 14013 2412 9455 14014 2409 9456 14015 1504 9453 14016 1556 9452 14017 1535 9457 14018 1535 9457 14019 1556 9452 14020 1554 9458 14021 1535 9457 14022 1554 9458 14023 2398 9459 14024 1558 9451 14025 1504 9453 14026 1560 9460 14027 1560 9460 14028 1504 9453 14029 1499 9461 14030 1560 9460 14031 1499 9461 14032 1562 9462 14033 1499 9461 14034 1539 9463 14035 1538 9464 14036 2407 9465 14037 2403 9466 14038 2406 9467 14039 2406 9467 14040 2403 9466 14041 1602 9468 14042 1588 9469 14043 2414 9470 14044 1590 9471 14045 1590 9471 14046 2414 9470 14047 2413 9472 14048 1590 9471 14049 2413 9472 14050 1592 9473 14051 1592 9473 14052 2413 9472 14053 2410 9474 14054 1592 9473 14055 2410 9474 14056 1594 9475 14057 1594 9475 14058 2410 9474 14059 1596 9476 14060 1562 9462 14061 1499 9461 14062 1564 9477 14063 1564 9477 14064 1499 9461 14065 1538 9464 14066 1564 9477 14067 1538 9464 14068 1566 9478 14069 2398 9459 14070 1554 9458 14071 2397 9479 14072 2397 9479 14073 1554 9458 14074 1578 9480 14075 2397 9479 14076 1578 9480 14077 1542 9481 14078 1542 9481 14079 1578 9480 14080 1584 9482 14081 1542 9481 14082 1584 9482 14083 1540 9483 14084 1540 9483 14085 1584 9482 14086 1582 9484 14087 1540 9483 14088 1582 9484 14089 2403 9466 14090 2403 9466 14091 1582 9484 14092 1580 9485 14093 2403 9466 14094 1580 9485 14095 1602 9468 14096 2410 9474 14097 2411 9454 14098 1596 9476 14099 1596 9476 14100 2411 9454 14101 2409 9456 14102 1596 9476 14103 2409 9456 14104 1598 9486 14105 1598 9486 14106 2409 9456 14107 2408 9487 14108 1598 9486 14109 2408 9487 14110 1600 9488 14111 1600 9488 14112 2408 9487 14113 2404 9489 14114 1600 9488 14115 2404 9489 14116 1602 9468 14117 1602 9468 14118 2404 9489 14119 2405 9490 14120 1602 9468 14121 2405 9490 14122 2406 9467 14123 1538 9464 14124 2416 9491 14125 1566 9478 14126 1566 9478 14127 2416 9491 14128 2415 9492 14129 1566 9478 14130 2415 9492 14131 1568 9493 14132 1568 9493 14133 2415 9492 14134 2414 9470 14135 1568 9493 14136 2414 9470 14137 1570 9494 14138 1570 9494 14139 2414 9470 14140 1588 9469 14141 1570 9494 14142 1588 9469 14143 1572 9495 14144 1572 9495 14145 1588 9469 14146 1586 9496 14147 1572 9495 14148 1586 9496 14149 1574 9497 14150 1574 9497 14151 1586 9496 14152 1584 9482 14153 1574 9497 14154 1584 9482 14155 1576 9498 14156 1576 9498 14157 1584 9482 14158 1578 9480 14159 1530 9499 14160 2417 9500 14161 1531 9501 14162 1528 9502 14163 1527 9503 14164 2418 9504 14165 2417 9505 14166 1530 9506 14167 2419 9507 14168 2419 9508 14169 1530 9509 14170 1528 9510 14171 2419 9511 14172 1528 9512 14173 2420 9513 14174 2420 9514 14175 1528 9515 14176 2418 9516 14177 2420 9517 14178 2418 9518 14179 2421 9519 14180 2422 9520 14181 1533 9521 14182 1531 9522 14183 2423 9523 14184 1504 9524 14185 1533 9525 14186 1533 9526 14187 2422 9527 14188 2423 9528 14189 2423 9529 14190 2422 9530 14191 2424 9531 14192 2423 9529 14193 2424 9531 14194 2425 9532 14195 2425 9533 14196 2424 9534 14197 2426 9535 14198 2425 9533 14199 2426 9535 14200 2427 9536 14201 2427 9537 14202 2426 9538 14203 2428 9539 14204 2427 9537 14205 2428 9539 14206 2429 9540 14207 1531 9541 14208 2417 9542 14209 2422 9543 14210 2422 9543 14211 2417 9542 14212 2419 9544 14213 2422 9543 14214 2419 9544 14215 2424 9545 14216 2424 9546 14217 2419 9547 14218 2420 9548 14219 2424 9546 14220 2420 9548 14221 2426 9549 14222 2426 9550 14223 2420 9551 14224 2421 9552 14225 2426 9550 14226 2421 9552 14227 2428 9553 14228 1504 5085 14229 2423 9554 14230 1503 5082 14231 1503 9555 14232 2423 9556 14233 2425 9557 14234 1503 9558 14235 2425 9559 14236 1502 9560 14237 1502 9561 14238 2425 9562 14239 2427 9563 14240 1502 9561 14241 2427 9563 14242 1501 9564 14243 1501 9565 14244 2427 9566 14245 2429 9567 14246 1501 9565 14247 2429 9567 14248 1500 9568 14249 2430 9569 14250 1527 9570 14251 1516 9571 14252 1515 9572 14253 1514 9573 14254 1516 9571 14255 1516 9571 14256 1514 9573 14257 2431 9574 14258 2431 9574 14259 2432 9575 14260 1516 9571 14261 1516 9571 14262 2432 9575 14263 2433 9576 14264 1516 9571 14265 2433 9576 14266 2430 9569 14267 2434 9577 14268 1500 9577 14269 2429 9577 14270 2434 9578 14271 2429 9579 14272 2435 9580 14273 2435 9581 14274 2429 9582 14275 2428 9583 14276 2435 9584 14277 2428 9585 14278 2436 9586 14279 2436 9587 14280 2428 9588 14281 2421 9589 14282 2436 9590 14283 2421 9591 14284 2437 9592 14285 2421 9593 14286 2418 9594 14287 2437 9595 14288 2437 9596 14289 2418 9596 14290 1527 9596 14291 2437 9597 14292 1527 9598 14293 2430 9599 14294 2431 9600 14295 1514 9601 14296 1511 9602 14297 2438 9603 14298 2439 9604 14299 2440 9605 14300 2440 9605 14301 2439 9604 14302 2441 9606 14303 2440 9607 14304 2441 9608 14305 2442 9609 14306 2442 9609 14307 2441 9608 14308 2443 9610 14309 2442 9611 14310 2443 9612 14311 2444 9613 14312 2444 9613 14313 2443 9612 14314 2445 9614 14315 2439 9615 14316 2446 9616 14317 2441 9617 14318 2441 9617 14319 2446 9616 14320 2447 9618 14321 2441 9619 14322 2447 9620 14323 2443 9621 14324 2443 9621 14325 2447 9620 14326 2448 9622 14327 2443 9623 14328 2448 9624 14329 2445 9625 14330 2445 9625 14331 2448 9624 14332 2449 9626 14333 2437 9627 14334 2449 9628 14335 2436 9629 14336 2436 9629 14337 2449 9628 14338 2448 9630 14339 2436 9631 14340 2448 9632 14341 2435 9633 14342 2435 9633 14343 2448 9632 14344 2447 9634 14345 2435 9635 14346 2447 9636 14347 2434 9637 14348 2434 9637 14349 2447 9636 14350 2446 9638 14351 1342 9639 14352 2438 9640 14353 1509 9641 14354 1509 9641 14355 2438 9640 14356 2440 9642 14357 1509 9643 14358 2440 9644 14359 1507 9645 14360 1507 9645 14361 2440 9644 14362 2442 9646 14363 1507 9647 14364 2442 9648 14365 1511 9649 14366 1511 9649 14367 2442 9648 14368 2444 9650 14369 1511 9602 14370 2444 9651 14371 2431 9600 14372 2431 9652 14373 2444 9653 14374 2445 9654 14375 2431 9652 14376 2445 9654 14377 2432 9655 14378 2432 9656 14379 2445 9657 14380 2449 9658 14381 2432 9656 14382 2449 9658 14383 2433 9659 14384 2433 9660 14385 2449 9661 14386 2437 9662 14387 2433 9660 14388 2437 9662 14389 2430 9663 14390 2450 9664 14391 1122 9665 14392 1121 9666 14393 1121 9666 14394 1482 9667 14395 2450 9664 14396 2450 9668 14397 1482 9669 14398 1481 9670 14399 2450 9668 14400 1481 9670 14401 2451 9671 14402 2451 9672 14403 1481 9673 14404 1479 9674 14405 2451 9672 14406 1479 9674 14407 2452 9675 14408 2452 9676 14409 1479 9677 14410 1478 9678 14411 2452 9676 14412 1478 9678 14413 2453 9679 14414 1500 9680 14415 2434 790 14416 2454 9681 14417 2454 9681 14418 2455 9682 14419 1500 9680 14420 1500 9680 14421 2455 9682 14422 2456 9683 14423 1500 9680 14424 2456 9683 14425 1478 9684 14426 1478 9684 14427 2456 9683 14428 2457 790 14429 1478 9684 14430 2457 790 14431 2453 790 14432 2458 9685 14433 2459 9686 14434 2460 9687 14435 1470 9688 14436 1477 9689 14437 1413 9690 14438 1413 9691 14439 1477 9691 14440 1465 9691 14441 1413 9692 14442 1465 9693 14443 1412 9694 14444 2461 9695 14445 2460 9696 14446 2462 9697 14447 2462 9698 14448 2460 9699 14449 1460 9698 14450 2459 9700 14451 1339 9701 14452 2460 9702 14453 2460 9703 14454 1339 9704 14455 1452 9705 14456 2460 9706 14457 1452 9707 14458 1460 9708 14459 1162 9709 14460 2458 9710 14461 1163 9711 14462 1163 9712 14463 2458 9713 14464 2460 9714 14465 1163 9715 14466 2460 9716 14467 1158 9717 14468 1158 9718 14469 2460 9719 14470 2461 9720 14471 1158 9721 14472 2461 9722 14473 2463 9723 14474 2461 9724 14475 1399 9724 14476 2463 9724 14477 2463 9725 14478 1399 9726 14479 1157 9727 14480 2463 9728 14481 1157 9728 14482 1156 9728 14483 1156 9729 14484 1160 9730 14485 2463 9729 14486 2463 9731 14487 1160 9732 14488 1159 9733 14489 2463 9734 14490 1159 9735 14491 1158 9736 14492 1460 9737 14493 1470 9738 14494 2462 9739 14495 2462 9740 14496 1470 9741 14497 1413 9742 14498 2462 9743 14499 1413 9744 14500 2461 9745 14501 2461 9745 14502 1413 9744 14503 1416 9746 14504 2461 9747 14505 1416 9747 14506 1399 9747 14507 1124 9748 14508 2464 9749 14509 1125 9750 14510 1125 9750 14511 2464 9749 14512 2465 9751 14513 1125 9752 14514 2465 9753 14515 1126 9754 14516 2466 9755 14517 2467 9756 14518 2468 9755 14519 2468 9757 14520 2467 9758 14521 2469 9759 14522 2470 9760 14523 2469 9761 14524 2471 9762 14525 2471 9763 14526 2469 9763 14527 2467 9764 14528 2471 9765 14529 2467 9766 14530 2472 9767 14531 2472 9768 14532 2467 9769 14533 2466 9770 14534 2472 9768 14535 2466 9770 14536 2473 9771 14537 1128 9772 14538 1127 9773 14539 2474 9774 14540 2474 9774 14541 1127 9773 14542 2475 9775 14543 2474 9776 14544 2475 9777 14545 2476 9778 14546 1124 9779 14547 1128 9780 14548 2464 9781 14549 2464 9781 14550 1128 9780 14551 2474 9782 14552 2464 9783 14553 2474 9784 14554 2477 9785 14555 2477 9786 14556 2474 9776 14557 2476 9778 14558 2477 9787 14559 2476 9788 14560 2478 9789 14561 2479 9790 14562 2470 9790 14563 2478 9790 14564 2478 9791 14565 2470 9792 14566 2471 9793 14567 2478 9794 14568 2471 9795 14569 2477 9796 14570 2477 9797 14571 2471 9798 14572 2472 9799 14573 2477 9785 14574 2472 9800 14575 2464 9783 14576 2464 9801 14577 2472 9802 14578 2473 9803 14579 2464 9801 14580 2473 9803 14581 2465 9804 14582 2453 9805 14583 2479 9806 14584 2452 9807 14585 2452 9808 14586 2479 9809 14587 2478 9810 14588 2452 9811 14589 2478 9812 14590 2451 9813 14591 2451 9814 14592 2478 9814 14593 2476 9814 14594 2451 9815 14595 2476 9816 14596 2450 9817 14597 2450 9817 14598 2476 9816 14599 2475 9818 14600 2450 9819 14601 2475 9820 14602 1122 9821 14603 1122 9821 14604 2475 9820 14605 1127 9822 14606 2454 9823 14607 2434 9824 14608 2446 9825 14609 1296 9826 14610 2480 9827 14611 1346 9828 14612 2481 9829 14613 2468 9830 14614 2469 9831 14615 2453 9832 14616 2457 9833 14617 2482 9834 14618 2453 9835 14619 2482 9836 14620 2479 9837 14621 2479 9838 14622 2482 9839 14623 2483 9840 14624 2479 9841 14625 2483 9842 14626 2470 9843 14627 2483 9844 14628 2484 9845 14629 2470 9846 14630 2470 9847 14631 2484 9848 14632 2485 9849 14633 2470 9850 14634 2485 9851 14635 2469 9852 14636 2469 9853 14637 2485 9854 14638 2486 9855 14639 2469 9856 14640 2486 9857 14641 2481 9858 14642 1346 9859 14643 2480 9860 14644 1366 9861 14645 1366 9862 14646 2480 9863 14647 2487 9864 14648 1366 9865 14649 2487 9865 14650 1367 9865 14651 2438 9866 14652 1342 9866 14653 1341 9866 14654 2488 9867 14655 2439 9868 14656 1364 9869 14657 1364 9870 14658 2439 9870 14659 2438 9870 14660 1364 9871 14661 2438 9872 14662 1363 9873 14663 1363 9874 14664 2438 9875 14665 1341 9876 14666 2488 9877 14667 2489 9878 14668 2439 9879 14669 2439 9880 14670 2489 9881 14671 2490 9882 14672 2439 9883 14673 2490 9884 14674 2446 9885 14675 2446 9886 14676 2490 9887 14677 2455 9888 14678 2446 9825 14679 2455 9889 14680 2454 9823 14681 1364 9890 14682 1367 9891 14683 2488 9892 14684 2488 9893 14685 1367 9894 14686 2487 9895 14687 2488 9896 14688 2487 9897 14689 2489 9898 14690 2489 9898 14691 2487 9897 14692 2491 9899 14693 2489 9900 14694 2491 9901 14695 2490 9902 14696 2490 9902 14697 2491 9901 14698 2492 9903 14699 2490 9887 14700 2492 9904 14701 2455 9888 14702 2455 9888 14703 2492 9904 14704 2456 9905 14705 1296 9826 14706 2486 9906 14707 2480 9827 14708 2480 9907 14709 2486 9908 14710 2485 9909 14711 2480 9863 14712 2485 9910 14713 2487 9864 14714 2487 9864 14715 2485 9910 14716 2484 9911 14717 2487 9912 14718 2484 9845 14719 2491 9913 14720 2491 9913 14721 2484 9845 14722 2483 9844 14723 2491 9901 14724 2483 9840 14725 2492 9903 14726 2492 9903 14727 2483 9840 14728 2482 9839 14729 2492 9904 14730 2482 9834 14731 2456 9905 14732 2456 9905 14733 2482 9834 14734 2457 9833 14735 1114 9914 14736 1113 9915 14737 2493 9916 14738 2493 9917 14739 1113 9918 14740 2494 9919 14741 2493 9920 14742 2494 9921 14743 2495 9922 14744 2495 9923 14745 2494 9924 14746 2496 9925 14747 2497 9926 14748 2498 9927 14749 2499 9928 14750 2499 9929 14751 2498 9930 14752 2500 9931 14753 2499 9932 14754 2500 9933 14755 2501 9934 14756 2501 9935 14757 2500 9936 14758 2502 9937 14759 2501 9935 14760 2502 9937 14761 2503 9938 14762 2473 9939 14763 2496 9925 14764 2465 9940 14765 2465 9940 14766 2496 9925 14767 2494 9924 14768 2465 9753 14769 2494 9919 14770 1126 9754 14771 1126 9754 14772 2494 9919 14773 1113 9918 14774 2468 9941 14775 2502 9937 14776 2466 9942 14777 2466 9942 14778 2502 9937 14779 2500 9936 14780 2466 9943 14781 2500 9931 14782 2473 9944 14783 2473 9944 14784 2500 9931 14785 2498 9930 14786 2473 9945 14787 2498 9927 14788 2496 9946 14789 2496 9946 14790 2498 9927 14791 2497 9926 14792 2496 9947 14793 2497 9948 14794 2495 9949 14795 1335 9950 14796 1339 9951 14797 2459 9952 14798 2502 9953 14799 2468 9954 14800 2481 9955 14801 2504 9956 14802 2505 9957 14803 2506 9958 14804 2504 9956 14805 2506 9958 14806 1162 9959 14807 2502 9953 14808 2481 9955 14809 2503 9960 14810 2503 9960 14811 2481 9955 14812 2459 9961 14813 2503 9962 14814 2459 9963 14815 2506 9964 14816 2506 9965 14817 2459 9966 14818 2458 9967 14819 2506 9968 14820 2458 9969 14821 1162 9970 14822 2486 9971 14823 1296 9972 14824 1298 9973 14825 1298 9973 14826 1299 9974 14827 2486 9971 14828 2486 9971 14829 1299 9974 14830 1316 9975 14831 2486 9976 14832 1316 9976 14833 2481 9976 14834 2481 9977 14835 1316 9978 14836 1318 9979 14837 1318 9979 14838 1326 9980 14839 2481 9977 14840 2481 9977 14841 1326 9980 14842 1270 9981 14843 2481 9977 14844 1270 9981 14845 2459 9952 14846 2459 9952 14847 1270 9981 14848 1269 9982 14849 2459 9952 14850 1269 9982 14851 1335 9950 14852 2505 9983 14853 2504 9984 14854 2507 9985 14855 2507 9985 14856 2504 9984 14857 2508 9986 14858 2507 9987 14859 2508 9988 14860 2509 9989 14861 2509 9990 14862 2508 9990 14863 2510 9991 14864 2509 9992 14865 2510 9993 14866 2511 9994 14867 2511 9995 14868 2510 9996 14869 2512 9997 14870 2511 9998 14871 2512 9999 14872 2513 10000 14873 2513 10001 14874 2512 10002 14875 2514 10003 14876 2514 10004 14877 2512 10005 14878 2515 10006 14879 2514 10004 14880 2515 10006 14881 2516 10007 14882 2516 10008 14883 2515 10009 14884 2517 10010 14885 2517 10011 14886 2515 10012 14887 2518 10013 14888 2517 10014 14889 2518 10015 14890 2519 10016 14891 2504 9984 14892 1162 10017 14893 2508 9986 14894 2508 9986 14895 1162 10017 14896 1161 10018 14897 2508 10019 14898 1161 10020 14899 2510 10021 14900 2510 10021 14901 1161 10020 14902 1165 10022 14903 2510 9996 14904 1165 10023 14905 2512 9997 14906 2512 9997 14907 1165 10023 14908 1164 10024 14909 2512 10005 14910 1164 3952 14911 2515 10006 14912 2515 10006 14913 1164 3952 14914 1151 3951 14915 2515 10012 14916 1151 10025 14917 2518 10013 14918 2518 10013 14919 1151 10025 14920 1150 10026 14921 1240 10027 14922 1243 10028 14923 1140 10029 14924 1140 10029 14925 1243 10028 14926 1251 10030 14927 1140 10029 14928 1251 10030 14929 1249 10031 14930 1140 10029 14931 2519 10032 14932 1240 10027 14933 1240 10027 14934 2519 10032 14935 2518 10033 14936 1240 10027 14937 2518 10033 14938 1238 10034 14939 1168 10035 14940 1230 10036 14941 1233 10037 14942 1267 10038 14943 1263 10039 14944 1138 10040 14945 1233 10037 14946 1234 10041 14947 1168 10035 14948 1168 10035 14949 1234 10041 14950 1236 10042 14951 1168 10035 14952 1236 10042 14953 1149 10043 14954 1149 10043 14955 1236 10042 14956 1238 10034 14957 1149 10043 14958 1238 10034 14959 1150 10044 14960 1150 10044 14961 1238 10034 14962 2518 10033 14963 1257 10045 14964 1186 10046 14965 1258 10047 14966 1258 10047 14967 1186 10046 14968 1210 10048 14969 1258 10047 14970 1210 10048 14971 1260 10049 14972 1260 10049 14973 1210 10048 14974 1138 10040 14975 1260 10049 14976 1138 10040 14977 1262 10050 14978 1262 10050 14979 1138 10040 14980 1263 10039 14981 1249 10031 14982 1247 10051 14983 1140 10029 14984 1140 10029 14985 1247 10051 14986 1246 10052 14987 1140 10029 14988 1246 10052 14989 1138 10040 14990 1138 10040 14991 1246 10052 14992 1253 10053 14993 1138 10040 14994 1253 10053 14995 1267 10038 14996 1218 10054 14997 1220 10055 14998 1182 10056 14999 1182 10056 15000 1207 10057 15001 1218 10054 15002 1218 10054 15003 1207 10057 15004 1206 10058 15005 1218 10054 15006 1206 10058 15007 1255 10059 15008 1255 10059 15009 1206 10058 15010 1205 10060 15011 1255 10059 15012 1205 10060 15013 1257 10045 15014 1257 10045 15015 1205 10060 15016 1187 10061 15017 1257 10045 15018 1187 10061 15019 1186 10046 15020 1220 10055 15021 1222 10062 15022 1182 10056 15023 1182 10056 15024 1222 10062 15025 1225 10063 15026 1182 10056 15027 1225 10063 15028 1178 10064 15029 1178 10064 15030 1225 10063 15031 1226 10065 15032 1178 10064 15033 1226 10065 15034 1168 10035 15035 1168 10035 15036 1226 10065 15037 1228 10066 15038 1168 10035 15039 1228 10066 15040 1230 10036 15041 1137 10067 15042 1135 10068 15043 2520 10069 15044 1134 10070 15045 1143 10071 15046 2521 10072 15047 2521 10073 15048 1143 10074 15049 1145 10075 15050 2522 10076 15051 2523 10077 15052 2524 10078 15053 2524 10079 15054 2523 10080 15055 2525 10081 15056 2524 10082 15057 2525 10083 15058 2526 10084 15059 1145 10085 15060 2527 10086 15061 2521 10087 15062 2521 10088 15063 2527 10089 15064 2528 10090 15065 2521 10091 15066 2528 10092 15067 2529 10093 15068 1135 10094 15069 1134 10095 15070 2520 10096 15071 2520 10097 15072 1134 10098 15073 2521 10097 15074 2520 10099 15075 2521 10100 15076 2530 10101 15077 2530 10101 15078 2521 10100 15079 2529 10102 15080 2530 10103 15081 2529 10104 15082 2531 10105 15083 2531 10106 15084 2532 10107 15085 2530 10108 15086 2530 10108 15087 2532 10107 15088 2533 10109 15089 2530 10110 15090 2533 10111 15091 2520 10112 15092 2520 10112 15093 2533 10111 15094 2534 10113 15095 2520 10114 15096 2534 10115 15097 1137 10116 15098 1137 10117 15099 2534 10118 15100 1139 10119 15101 1140 10120 15102 1139 10121 15103 2535 10122 15104 2535 10122 15105 1139 10121 15106 2534 10123 15107 2535 10124 15108 2534 10125 15109 2536 10126 15110 2536 10126 15111 2534 10125 15112 2533 10127 15113 2536 10128 15114 2533 10129 15115 2537 10130 15116 2537 10130 15117 2533 10129 15118 2532 10131 15119 2537 10132 15120 2532 10133 15121 2526 10134 15122 2531 10135 15123 2526 10136 15124 2532 10137 15125 2528 10138 15126 2522 10139 15127 2529 10140 15128 2529 10141 15129 2522 10142 15130 2524 10143 15131 2529 10104 15132 2524 10144 15133 2531 10105 15134 2531 10145 15135 2524 10146 15136 2526 10147 15137 2522 10148 15138 1110 10148 15139 2523 10148 15140 2523 10149 15141 1110 10149 15142 1119 10149 15143 2523 10150 15144 1119 10151 15145 2525 10152 15146 2525 10153 15147 1119 10153 15148 1116 10153 15149 2525 10154 15150 1116 10155 15151 2526 10156 15152 1145 10157 15153 1111 10158 15154 2527 10159 15155 2527 10160 15156 1111 10160 15157 1110 10160 15158 2527 10161 15159 1110 10161 15160 2528 10161 15161 2528 10162 15162 1110 10162 15163 2522 10162 15164 2503 10163 15165 2506 10164 15166 2538 10165 15167 2539 10166 15168 2540 10167 15169 2541 10168 15170 2539 10169 15171 2541 10170 15172 2542 10171 15173 2542 10172 15174 2541 10173 15175 2538 10174 15176 2542 10175 15177 2538 10176 15178 2543 10177 15179 2543 10178 15180 2538 10179 15181 2506 10180 15182 2543 10181 15183 2506 10182 15184 2505 10183 15185 2503 10163 15186 2538 10165 15187 2501 10184 15188 2501 10185 15189 2538 10174 15190 2541 10173 15191 2501 10186 15192 2541 10187 15193 2499 10188 15194 2499 10189 15195 2541 10190 15196 2540 10191 15197 2499 10192 15198 2540 10193 15199 2497 10194 15200 2509 9992 15201 2511 9994 15202 2544 10195 15203 2544 10196 15204 2511 10197 15205 2513 10198 15206 2545 10199 15207 2546 10200 15208 2547 10200 15209 2548 10201 15210 2549 10202 15211 2550 10203 15212 2549 10204 15213 2548 10205 15214 2551 10206 15215 2551 10207 15216 2548 10208 15217 2552 10209 15218 2551 10210 15219 2552 10211 15220 2553 10212 15221 2554 10213 15222 2553 10214 15223 2555 10215 15224 2555 10216 15225 2553 10217 15226 2552 10218 15227 2555 10219 15228 2552 10220 15229 2556 10221 15230 2556 10222 15231 2552 10223 15232 2548 10222 15233 2556 10224 15234 2548 10224 15235 2557 10224 15236 2543 10225 15237 2505 10226 15238 2558 10227 15239 2558 10228 15240 2505 10229 15241 2507 10230 15242 2558 10231 15243 2507 10232 15244 2509 10233 15245 2509 10234 15246 2544 10235 15247 2558 10236 15248 2558 10237 15249 2544 10238 15250 2559 10239 15251 2558 10240 15252 2559 10241 15253 2543 10242 15254 2543 10243 15255 2559 10244 15256 2560 10243 15257 2543 10245 15258 2560 10246 15259 2542 10247 15260 2539 10248 15261 2550 10248 15262 2561 10248 15263 2561 10249 15264 2550 10250 15265 2549 10251 15266 2561 10249 15267 2549 10251 15268 2547 10252 15269 2547 10253 15270 2549 10254 15271 2551 10255 15272 2547 10256 15273 2551 10257 15274 2545 10258 15275 2545 10259 15276 2551 10260 15277 2553 10261 15278 2545 10262 15279 2553 10263 15280 2562 10264 15281 2562 10265 15282 2553 10266 15283 2554 10267 15284 2562 10268 15285 2554 10269 15286 2563 10270 15287 2563 10271 15288 2554 10272 15289 2517 10273 15290 2563 10274 15291 2517 10275 15292 2519 10276 15293 2539 10277 15294 2542 10278 15295 2550 10279 15296 2550 10280 15297 2542 10281 15298 2560 10282 15299 2550 10283 15300 2560 10284 15301 2548 10283 15302 2548 10285 15303 2560 10286 15304 2559 10287 15305 2548 10288 15306 2559 10288 15307 2557 10288 15308 2557 10289 15309 2559 10290 15310 2544 10291 15311 2557 10292 15312 2544 10293 15313 2556 10294 15314 2556 10295 15315 2544 10296 15316 2513 10297 15317 2556 10298 15318 2513 10299 15319 2555 10300 15320 2555 10301 15321 2513 10302 15322 2514 10303 15323 2555 10304 15324 2514 10305 15325 2554 10304 15326 2554 10306 15327 2514 10307 15328 2516 10308 15329 2554 10309 15330 2516 10310 15331 2517 10311 15332 2537 10312 15333 2526 10313 15334 2546 10314 15335 2563 10315 15336 2519 10315 15337 1140 10315 15338 1140 10316 15339 2535 10317 15340 2563 10318 15341 2563 10319 15342 2535 10319 15343 2536 10319 15344 2563 10320 15345 2536 10321 15346 2562 10322 15347 2562 10323 15348 2536 10324 15349 2537 10325 15350 2562 10326 15351 2537 10327 15352 2545 10328 15353 2545 10329 15354 2537 10329 15355 2546 10329 15356 2495 10330 15357 2497 790 15358 2540 10331 15359 2539 10332 15360 2561 10333 15361 2547 10334 15362 2526 790 15363 1116 10335 15364 2546 10336 15365 2546 10336 15366 1116 10335 15367 1114 10337 15368 2547 10334 15369 2546 10336 15370 2539 10332 15371 2539 10332 15372 2546 10336 15373 1114 10337 15374 2539 10332 15375 1114 10337 15376 2540 10331 15377 2540 10331 15378 1114 10337 15379 2493 10338 15380 2540 10331 15381 2493 10338 15382 2495 10330 15383</p>
        </triangles>
      </mesh>
    </geometry>
  </library_geometries>
  <library_visual_scenes>
    <visual_scene id="Scene" name="Scene">
      <node id="right_gripper_finger_link2" name="right_gripper_finger_link2" type="NODE">
        <matrix sid="transform">1 0 0 0 0 1 0 0 0 0 1 0 0 0 0 1</matrix>
        <instance_geometry url="#right_gripper_finger_link2-mesh" name="right_gripper_finger_link2">
          <bind_material>
            <technique_common>
              <instance_material symbol="材质-material" target="#材质-material">
                <bind_vertex_input semantic="UVMap" input_semantic="TEXCOORD" input_set="0"/>
              </instance_material>
            </technique_common>
          </bind_material>
        </instance_geometry>
      </node>
    </visual_scene>
  </library_visual_scenes>
  <scene>
    <instance_visual_scene url="#Scene"/>
  </scene>
</COLLADA>