<?xml version="1.0" encoding="utf-8"?>
<COLLADA xmlns="http://www.collada.org/2005/11/COLLADASchema" version="1.4.1" xmlns:xsi="http://www.w3.org/2001/XMLSchema-instance">
  <asset>
    <contributor>
      <author>Blender User</author>
      <authoring_tool>Blender 4.5.5 LTS commit date:2025-11-17, commit time:16:03, hash:836beaaf597a</authoring_tool>
    </contributor>
    <created>2026-01-08T13:41:56</created>
    <modified>2026-01-08T13:41:56</modified>
    <unit name="meter" meter="1"/>
    <up_axis>Z_UP</up_axis>
  </asset>
  <library_effects>
    <effect id="材质-effect">
      <profile_COMMON>
        <newparam sid="texture_jpeg-surface">
          <surface type="2D">
            <init_from>texture_jpeg</init_from>
          </surface>
        </newparam>
        <newparam sid="texture_jpeg-sampler">
          <sampler2D>
            <source>texture_jpeg-surface</source>
          </sampler2D>
        </newparam>
        <technique sid="common">
          <lambert>
            <emission>
              <color sid="emission">0 0 0 1</color>
            </emission>
            <diffuse>
              <texture texture="texture_jpeg-sampler" texcoord="UVMap"/>
            </diffuse>
            <index_of_refraction>
              <float sid="ior">1.5</float>
            </index_of_refraction>
          </lambert>
        </technique>
      </profile_COMMON>
    </effect>
  </library_effects>
  <library_images>
    <image id="texture_jpeg" name="texture_jpeg">
      <init_from>texture.jpeg</init_from>
    </image>
  </library_images>
  <library_materials>
    <material id="材质-material" name="材质">
      <instance_effect url="#材质-effect"/>
    </material>
  </library_materials>
  <library_geometries>
    <geometry id="right_arm_link4-mesh" name="right_arm_link4">
      <mesh>
        <source id="right_arm_link4-mesh-positions">
          <float_array id="right_arm_link4-mesh-positions-array" count="4461">0.075051 -0.05956494 0.04049998 0.070252 -0.05827897 0.04049998 0.08000099 -0.002997994 0.04049998 0.06575 -0.05617898 0.04049998 0.06167995 -0.05333 0.04049998 0.05816799 -0.04981696 0.04049998 0.05531799 -0.04574698 0.04049998 0.05321896 -0.04124498 0.04049998 0.05149996 -0.031497 0.04049998 0.05193299 -0.02654796 0.04049998 0.05321896 -0.02174997 0.04049998 0.07025295 -0.004716992 0.04049998 0.06575095 -0.006815969 0.04049998 0.06168097 -0.009664952 0.04049998 0.05193299 -0.03644597 0.04049998 0.07505196 -0.003430962 0.04049998 0.07999998 -0.05999797 0.04049998 0.08494997 -0.003430962 0.04049998 0.08494895 -0.05956494 0.04049998 0.08974796 -0.004716992 0.04049998 0.09425097 -0.006815969 0.04049998 0.05531895 -0.01724696 0.04049998 0.05816799 -0.01317799 0.04049998 0.09832 -0.009665966 0.04049998 0.101833 -0.013179 0.04049998 0.08974695 -0.05827897 0.04049998 0.09424996 -0.05618 0.04049998 0.104682 -0.01724797 0.04049998 0.106782 -0.02175098 0.04049998 0.108067 -0.03644698 0.04049998 0.106781 -0.04124599 0.04049998 0.1085 -0.03149795 0.04049998 0.104682 -0.04574799 0.04049998 0.101832 -0.04981797 0.04049998 0.108067 -0.02654898 0.04049998 0.09831899 -0.05333095 0.04049998 0.07999998 -0.05999797 0.09149998 0.075051 -0.05956494 0.09149998 0.070252 -0.05827897 0.09149998 0.06575 -0.05617898 0.09149998 0.06167995 -0.05333 0.09149998 0.05816799 -0.04981696 0.09149998 0.05531799 -0.04574698 0.09149998 0.05321896 -0.04124498 0.09149998 0.05193299 -0.03644597 0.09149998 0.05149996 -0.031497 0.09149998 0.05193299 -0.02654796 0.09149998 0.05321896 -0.02174997 0.09149998 0.05531895 -0.01724696 0.09149998 0.05816799 -0.01317799 0.09149998 0.06168097 -0.009664952 0.09149998 0.06575095 -0.006815969 0.09149998 0.07025295 -0.004716992 0.09149998 0.07505196 -0.003430962 0.09149998 0.08000099 -0.002997994 0.09149998 0.08494997 -0.003430962 0.09149998 0.08974796 -0.004716992 0.09149998 0.09425097 -0.006815969 0.09149998 0.09832 -0.009665966 0.09149998 0.101833 -0.013179 0.09149998 0.104682 -0.01724797 0.09149998 0.106782 -0.02175098 0.09149998 0.108067 -0.02654898 0.09149998 0.1085 -0.03149795 0.09149998 0.108067 -0.03644698 0.09149998 0.106781 -0.04124599 0.09149998 0.104682 -0.04574799 0.09149998 0.101832 -0.04981797 0.09149998 0.09831899 -0.05333095 0.09149998 0.09424996 -0.05618 0.09149998 0.08974695 -0.05827897 0.09149998 0.08494895 -0.05956494 0.09149998 0.03849995 -0.009381949 0.03490698 0.03829997 -0.009208977 0.03500795 0.03829997 -0.009573996 0.035371 0.03849995 -0.009673953 0.03519797 0.03829997 -0.01007294 0.03550398 0.03849995 -0.01007294 0.03530395 0.03849995 -0.05249798 0.03530395 0.03829997 -0.05249798 0.03550398 0.03829997 -0.052881 0.03542798 0.03849995 -0.05280399 0.03524297 0.03829997 -0.05320495 0.03521096 0.03849995 -0.05306398 0.03507 0.03829997 -0.05342197 0.03488695 0.03849995 -0.05323696 0.03480994 0.03829997 -0.05349797 0.03450399 0.03849995 -0.05329799 0.03450399 0.03849995 -0.05329799 0.03004395 0.03829997 -0.05349797 0.03004395 0.03829997 -0.05342894 0.02952295 0.03849995 -0.05323594 0.02957499 0.03829997 -0.05322599 0.02903699 0.03849995 -0.05305296 0.02913796 0.03849995 -0.04409998 0.01378595 0.03829997 -0.04427295 0.01368498 0.03849995 -0.04387497 0.01324898 0.03829997 -0.04399996 0.01267796 0.03849995 -0.04379999 0.01267796 0.03829997 -0.04406899 0.013197 0.03829997 -0.04406899 0.01319998 0.03849995 -0.04379999 -0.016496 0.03829997 -0.04399996 -0.016496 0.03829997 -0.04392397 -0.01687896 0.03849995 -0.04373896 -0.01680195 0.03829997 -0.04370695 -0.01720297 0.03849995 -0.04356598 -0.01706194 0.03829997 -0.043383 -0.01741999 0.03849995 -0.04330599 -0.01723498 0.03829997 -0.04299998 -0.01749598 0.03849995 -0.04299998 -0.01729595 0.03849995 0 -0.01729595 0.03829997 0 -0.01749598 0.03829997 3.83e-4 -0.01741999 0.03849995 3.06e-4 -0.01723498 0.03829997 7.07e-4 -0.01720297 0.03849995 5.66e-4 -0.01706194 0.03829997 9.24e-4 -0.01687896 0.03849995 7.39e-4 -0.01680195 0.03829997 0.000999987 -0.016496 0.03849995 8e-4 -0.016496 0.03829997 0.000999987 0.01723396 0.03849995 8e-4 0.01723396 0.03829997 0.000999987 -0.002260982 0.03829997 9.65e-4 0.01749497 0.03849995 7.72e-4 0.01744198 0.03829997 8.64e-4 0.01773697 0.03849995 6.91e-4 0.01763695 0.03069996 -0.04399996 -0.016496 0.03069996 -0.04392397 -0.01687896 0.03069996 -0.04370695 -0.01720297 0.03069996 -0.043383 -0.01741999 0.03069996 -0.04299998 -0.01749598 0.03069996 -0.05349797 0.03004395 0.03069996 -0.05349797 0.03450399 0.03069996 0 -0.01749598 0.03069996 -0.04427295 0.01368498 0.03069996 -0.04406899 0.01319998 0.03069996 -0.04406899 0.013197 0.03069996 -0.04399996 0.01267796 0.03069996 8.64e-4 0.01773697 0.03069996 9.65e-4 0.01749497 0.03069996 0.000999987 0.01723396 0.03069996 3.83e-4 -0.01741999 0.03069996 7.07e-4 -0.01720297 0.03069996 9.24e-4 -0.01687896 0.03069996 0.000999987 -0.016496 0.03069996 -0.05249798 0.03550398 0.03069996 -0.01007294 0.03550398 0.03069996 -0.052881 0.03542798 0.03069996 -0.05320495 0.03521096 0.03069996 -0.05342197 0.03488695 0.03069996 -0.05322599 0.02903699 0.03069996 -0.05342894 0.02952295 0.03069996 -0.009208977 0.03500795 0.03069996 -0.009573996 0.035371 0.03373295 0.000999987 -0.01295697 0.034226 0.000999987 -0.01319497 0.03560799 0.000999987 5.37e-4 0.03526699 0.000999987 9.65e-4 0.036071 0.000999987 0.004352986 0.034774 0.000999987 -0.001194953 0.03596496 0.000999987 -0.002260982 0.034226 0.000999987 -0.001194953 0.03069996 0.000999987 -0.002260982 0.03373295 0.000999987 -9.57e-4 0.03339195 0.000999987 -5.3e-4 0.034774 0.000999987 0.01320296 0.034226 0.000999987 0.01320296 0.03373295 0.000999987 0.01296496 0.03526699 0.000999987 -9.57e-4 0.03560799 0.000999987 -5.3e-4 0.03573 0.000999987 4e-6 0.03560799 0.000999987 0.01146996 0.036071 0.000999987 0.005653977 0.03526699 0.000999987 0.01104295 0.034774 0.000999987 0.01080495 0.03573 0.000999987 0.01200395 0.03560799 0.000999987 0.012537 0.03526699 0.000999987 0.01296496 0.034226 0.000999987 0.00120294 0.0345 0.000999987 0.003303945 0.034774 0.000999987 0.00120294 0.035151 0.000999987 0.003432989 0.03570199 0.000999987 0.003801941 0.03339195 0.000999987 0.012537 0.03327095 0.000999987 0.01200395 0.03339195 0.000999987 0.01146996 0.03373295 0.000999987 0.01104295 0.03570199 0.000999987 0.006205976 0.035151 0.000999987 0.006573975 0.034226 0.000999987 0.01080495 0.0345 0.000999987 0.006703972 0.03384596 0.000999987 0.006572961 0.03292495 0.000999987 0.00564295 0.03279995 0.000999987 0.005003988 0.03327095 0.000999987 4e-6 0.03339195 0.000999987 5.37e-4 0.03292495 0.000999987 0.004363954 0.03373295 0.000999987 9.65e-4 0.03329199 0.000999987 0.003806948 0.03384596 0.000999987 0.003434956 0.03364998 0.000999987 0.006475985 0.03329199 0.000999987 0.006199955 0.03619998 0.000999987 0.005003988 0.03526699 0.000999987 -0.01295697 0.03560799 0.000999987 -0.01252996 0.034774 0.000999987 -0.01319497 0.03573 0.000999987 -0.01199597 0.03560799 0.000999987 -0.01146298 0.036071 0.000999987 -0.005646944 0.03526699 0.000999987 -0.01103496 0.034774 0.000999987 -0.01079696 0.03570199 0.000999987 -0.006197988 0.035151 0.000999987 -0.006566941 0.036071 0.000999987 -0.004345953 0.03570199 0.000999987 -0.003793954 0.034226 0.000999987 -0.01079696 0.03373295 0.000999987 -0.01103496 0.032929 0.000999987 -0.005646944 0.03279995 0.000999987 -0.004995942 0.03339195 0.000999987 -0.01146298 0.03327095 0.000999987 -0.01199597 0.03339195 0.000999987 -0.01252996 0.03329795 0.000999987 -0.006197988 0.033849 0.000999987 -0.006566941 0.0345 0.000999987 -0.006695985 0.03364998 0.000999987 -0.003523945 0.03329795 0.000999987 -0.003793954 0.032929 0.000999987 -0.004345953 0.035151 0.000999987 -0.003425955 0.0345 0.000999987 -0.003295958 0.033849 0.000999987 -0.003425955 0.03619998 0.000999987 -0.004995942 0.03049999 -0.01007294 0.03530395 0.03049999 -0.009673953 0.03519797 0.03049999 -0.009381949 0.03490698 0.03049999 -0.05249798 0.03530395 0.03049999 -0.05329799 0.03450399 0.03049999 -0.05323696 0.03480994 0.03049999 -0.05306398 0.03507 0.03049999 -0.05280399 0.03524297 0.03049999 -0.05329799 0.03004395 0.03049999 -0.05305296 0.02913796 0.03049999 -0.05323594 0.02957499 0.03049999 -0.04409998 0.01378595 0.03049999 -0.04387497 0.01324898 0.03049999 -0.04379999 0.01267796 0.03049999 -0.04379999 -0.016496 0.03049999 -0.04299998 -0.01729595 0.03049999 -0.04330599 -0.01723498 0.03049999 -0.04356598 -0.01706194 0.03049999 -0.04373896 -0.01680195 0.03049999 0 -0.01729595 0.03049999 8e-4 -0.016496 0.03049999 7.39e-4 -0.01680195 0.03049999 5.66e-4 -0.01706194 0.03049999 3.06e-4 -0.01723498 0.03049999 8e-4 0.01723396 0.03049999 6.91e-4 0.01763695 0.03049999 7.72e-4 0.01744198 0.03339195 -0.006999969 -5.3e-4 0.03327095 -0.006999969 4e-6 0.03339195 -0.006999969 5.37e-4 0.03526699 -0.006999969 -9.57e-4 0.034774 -0.006999969 -0.001194953 0.03560799 -0.006999969 -5.3e-4 0.034226 -0.006999969 -0.001194953 0.03560799 -0.006999969 5.37e-4 0.03573 -0.006999969 4e-6 0.03373295 -0.006999969 -9.57e-4 0.034774 -0.006999969 0.00120294 0.03526699 -0.006999969 9.65e-4 0.034226 -0.006999969 0.00120294 0.03373295 -0.006999969 9.65e-4 0.03339195 -0.006999969 -0.01252996 0.03327095 -0.006999969 -0.01199597 0.03339195 -0.006999969 -0.01146298 0.03526699 -0.006999969 -0.01295697 0.034774 -0.006999969 -0.01319497 0.03560799 -0.006999969 -0.01252996 0.034226 -0.006999969 -0.01319497 0.03560799 -0.006999969 -0.01146298 0.03573 -0.006999969 -0.01199597 0.03373295 -0.006999969 -0.01295697 0.034774 -0.006999969 -0.01079696 0.03526699 -0.006999969 -0.01103496 0.034226 -0.006999969 -0.01079696 0.03373295 -0.006999969 -0.01103496 0.03339195 -0.006999969 0.01146996 0.03327095 -0.006999969 0.01200395 0.03339195 -0.006999969 0.012537 0.03526699 -0.006999969 0.01104295 0.034774 -0.006999969 0.01080495 0.03560799 -0.006999969 0.01146996 0.034226 -0.006999969 0.01080495 0.03560799 -0.006999969 0.012537 0.03573 -0.006999969 0.01200395 0.03373295 -0.006999969 0.01104295 0.034774 -0.006999969 0.01320296 0.03526699 -0.006999969 0.01296496 0.034226 -0.006999969 0.01320296 0.03373295 -0.006999969 0.01296496 0.03599995 8e-4 0.005003988 0.03588598 8e-4 0.005577981 0.03556096 8e-4 0.006064951 0.035429 8e-4 0.006181955 0.0345 8e-4 0.006503999 0.03482198 8e-4 0.006468951 0.03507399 8e-4 0.006389975 0.0345 8e-4 0.003503978 0.03483396 8e-4 0.003540992 0.03507399 8e-4 0.003617942 0.03599995 8e-4 0.005003988 0.03588598 8e-4 0.004429996 0.03556096 8e-4 0.003942966 0.03543496 8e-4 0.003830969 0.03299999 8e-4 0.005003988 0.03310996 8e-4 0.004439949 0.03343397 8e-4 0.003947973 0.03356498 8e-4 0.003830969 0.0345 8e-4 0.003503978 0.03416597 8e-4 0.003540992 0.03392297 8e-4 0.003618955 0.03599995 -0.003199994 0.005003988 0.03543496 -0.003199994 0.003830969 0.03299999 8e-4 0.005003988 0.03299999 -0.003199994 0.005003988 0.033149 -0.003199994 0.004352986 0.03356498 -0.003199994 0.003830969 0.03310996 8e-4 0.004439949 0.03416597 -0.003199994 0.003540992 0.03392297 8e-4 0.003618955 0.03483396 -0.003199994 0.003540992 0.0345 -0.003199994 0.003503978 0.0345 8e-4 0.003503978 0.035851 -0.003199994 0.004352986 0.03313797 -0.003199994 0.005632996 0.03354895 -0.003199994 0.006163954 0.03415 -0.003199994 0.006462991 0.035429 -0.003199994 0.006181955 0.03584998 -0.003199994 0.00565797 0.03482198 -0.003199994 0.006468951 0.0345 -0.003199994 0.006503999 0.03588598 8e-4 0.005577981 0.03556096 8e-4 0.006064951 0.03507399 8e-4 0.006389975 0.0345 8e-4 0.006503999 0.03415 8e-4 0.006462991 0.03392297 8e-4 0.006387948 0.03374999 8e-4 0.006302952 0.03354895 8e-4 0.006163954 0.03299999 8e-4 0.005003988 0.03310996 8e-4 0.005567967 0.03343397 8e-4 0.006059944 0.03392297 8e-4 0.006387948 0.03364998 0.000999987 0.006475985 0.03279995 0.000999987 0.005003988 0.03310996 8e-4 0.005567967 0.03343397 8e-4 0.006059944 0.03299999 8e-4 -0.004995942 0.03311395 8e-4 -0.005569994 0.03343898 8e-4 -0.006056964 0.03356498 8e-4 -0.006168961 0.0345 8e-4 -0.006495952 0.0345 0.000999987 -0.006695985 0.03416597 8e-4 -0.006458997 0.03392595 8e-4 -0.006381988 0.0345 0.000999987 -0.003295958 0.0345 8e-4 -0.003495991 0.03392595 8e-4 -0.003609955 0.03364998 0.000999987 -0.003523945 0.03374999 8e-4 -0.003696978 0.03343898 8e-4 -0.003934979 0.032929 0.000999987 -0.004345953 0.03311395 8e-4 -0.004421949 0.03320097 8e-4 -0.004245996 0.03599995 8e-4 -0.004995942 0.03588598 8e-4 -0.004421949 0.03579896 8e-4 -0.004245996 0.03556096 8e-4 -0.003934979 0.0345 8e-4 -0.003495991 0.03507399 8e-4 -0.003609955 0.03524994 8e-4 -0.003696978 0.035151 0.000999987 -0.006566941 0.03483396 8e-4 -0.006458997 0.03507399 8e-4 -0.006381988 0.03599995 8e-4 -0.004995942 0.03588598 8e-4 -0.005569994 0.036071 0.000999987 -0.005646944 0.03556096 8e-4 -0.006056964 0.03543496 8e-4 -0.006168961 0.03311395 8e-4 -0.005569994 0.03299999 8e-4 -0.004995942 0.033149 -0.003199994 -0.005646944 0.03299999 -0.003199994 -0.004995942 0.03343898 8e-4 -0.006056964 0.03356498 -0.003199994 -0.006168961 0.03392595 8e-4 -0.006381988 0.03416597 -0.003199994 -0.006458997 0.0345 8e-4 -0.006495952 0.0345 -0.003199994 -0.006495952 0.03483396 -0.003199994 -0.006458997 0.03507399 8e-4 -0.006381988 0.03543496 -0.003199994 -0.006168961 0.03556096 8e-4 -0.006056964 0.035851 -0.003199994 -0.005646944 0.03588598 8e-4 -0.005569994 0.03599995 -0.003199994 -0.004995942 0.03579896 -0.003199994 -0.004245996 0.03524994 -0.003199994 -0.003696978 0.0345 -0.003199994 -0.003495991 0.03392595 8e-4 -0.003609955 0.03374999 -0.003199994 -0.003696978 0.03374999 8e-4 -0.003696978 0.03320097 -0.003199994 -0.004245996 0.03311395 8e-4 -0.004421949 0.03343898 8e-4 -0.003934979 0.06415295 -0.007809996 0.03569996 0.06415295 -0.007809996 0.04029995 0.06825 -0.005532979 0.04029995 0.06825 -0.005532979 0.03569996 0.07266497 -0.003957986 0.04029995 0.07266497 -0.003957986 0.03569996 0.07727897 -0.003127992 0.04029995 0.07727897 -0.003127992 0.03569996 0.08196598 -0.003065943 0.04029995 0.08196598 -0.003065943 0.03569996 0.08646297 -0.003739953 0.04029995 0.08646297 -0.003739953 0.03569996 0.06149899 -0.009066998 0.03569996 0.06151497 -0.009061992 0.04029995 0.05859297 -0.009498 0.03569996 0.05859297 -0.009498 0.04029995 0.08641797 -0.003934979 0.04049998 0.08195197 -0.003264963 0.04049998 0.07271701 -0.004150986 0.04049998 0.07675796 -0.003383994 0.04049998 0.07729798 -0.003326952 0.04049998 0.06833297 -0.005714952 0.04049998 0.06415295 -0.007809996 0.04029995 0.06426495 -0.007975995 0.04049998 0.09070199 -0.005082964 0.03569996 0.09070199 -0.005082964 0.04029995 0.09107899 -0.00523895 0.03569996 0.09107899 -0.00523895 0.04029995 0.09507799 -0.007312953 0.03569996 0.09507799 -0.007312953 0.04029995 0.09537297 -0.007499992 0.03569996 0.09537297 -0.007499992 0.04029995 0.09900599 -0.01025998 0.03569996 0.09900599 -0.01025998 0.04029995 0.099222 -0.01045596 0.03569996 0.099222 -0.01045596 0.04029995 0.10237 -0.01383799 0.03569996 0.10237 -0.01383799 0.04029995 0.102513 -0.01402199 0.03569996 0.102513 -0.01402199 0.04029995 0.104682 -0.01724797 0.03569996 0.104682 -0.01724797 0.04029995 0.105069 -0.01794099 0.03569996 0.105069 -0.01794099 0.04029995 0.105152 -0.01809495 0.03569996 0.105152 -0.01809495 0.04029995 0.107024 -0.02244597 0.03569996 0.107024 -0.02244597 0.04029995 0.107061 -0.02255594 0.04029995 0.108177 -0.02721899 0.03569996 0.108177 -0.02721899 0.04029995 0.108186 -0.02727699 0.04029995 0.108493 -0.03211998 0.04029995 0.108493 -0.03211998 0.03569996 0.107964 -0.03700298 0.04029995 0.107964 -0.03700298 0.03569996 0.106603 -0.04172098 0.04029995 0.106603 -0.04172098 0.03569996 0.104543 -0.04598599 0.04029995 0.104453 -0.04613697 0.03569996 0.104453 -0.04613697 0.04029995 0.101729 -0.04993999 0.03569996 0.101729 -0.04993999 0.04029995 0.101577 -0.05011695 0.03569996 0.101577 -0.05011695 0.04029995 0.09828495 -0.05335897 0.03569996 0.09828495 -0.05335897 0.04029995 0.09805995 -0.05354499 0.03569996 0.09805995 -0.05354499 0.04029995 0.09431099 -0.05614495 0.03569996 0.09431099 -0.05614495 0.04029995 0.09400695 -0.05631798 0.03569996 0.09400695 -0.05631798 0.04029995 0.08992201 -0.05821496 0.03569996 0.08992201 -0.05821496 0.04029995 0.08953797 -0.05835396 0.03569996 0.08953797 -0.05835396 0.04029995 0.08524495 -0.05951094 0.03569996 0.08524495 -0.05951094 0.04029995 0.08641797 -0.003934979 0.03549998 0.08195197 -0.003264963 0.03549998 0.07729798 -0.003326952 0.03549998 0.07271701 -0.004150986 0.03549998 0.06833297 -0.005714952 0.03549998 0.06426495 -0.007975995 0.03549998 0.06426495 -0.007975995 0.03549998 0.06155699 -0.009257972 0.03549998 0.05859297 -0.009697973 0.03549998 0.05859297 -0.009697973 0.04049998 0.06157398 -0.009252965 0.04049998 0.09062695 -0.00526899 0.04049998 0.08947098 -0.05816596 0.04049998 0.08520799 -0.05931496 0.04049998 0.09390896 -0.05614399 0.04049998 0.097934 -0.05338996 0.04049998 0.101426 -0.04998695 0.04049998 0.104282 -0.04603397 0.04049998 0.106417 -0.04164999 0.04049998 0.107767 -0.03696399 0.04049998 0.1082929 -0.03211599 0.04049998 0.1079789 -0.02724897 0.04049998 0.106835 -0.02250897 0.04049998 0.104893 -0.01803594 0.04049998 0.104509 -0.01734799 0.04049998 0.102213 -0.01396197 0.04049998 0.098872 -0.01040899 0.04049998 0.09497195 -0.007481992 0.04049998 0.08093899 -0.059982 0.03569996 0.08096498 -0.059982 0.04029995 0.08085995 -0.05998498 0.04029995 0.07647997 -0.05978 0.03569996 0.076532 -0.05978596 0.04029995 0.07645297 -0.05977594 0.04029995 0.07218295 -0.058905 0.04029995 0.07210695 -0.05888295 0.03569996 0.06802296 -0.05735898 0.04029995 0.067927 -0.05731397 0.03569996 0.06415396 -0.05518597 0.04029995 0.06415396 -0.05518597 0.03569996 0.08947098 -0.05816596 0.03549998 0.08520799 -0.05931496 0.03549998 0.09062695 -0.00526899 0.03549998 0.09497195 -0.007481992 0.03549998 0.09507799 -0.007312953 0.03569996 0.098872 -0.01040899 0.03549998 0.09900599 -0.01025998 0.03569996 0.102213 -0.01396197 0.03549998 0.104509 -0.01734799 0.03549998 0.104893 -0.01803594 0.03549998 0.106835 -0.02250897 0.03549998 0.1079789 -0.02724897 0.03549998 0.1082929 -0.03211599 0.03549998 0.107767 -0.03696399 0.03549998 0.106417 -0.04164999 0.03549998 0.104282 -0.04603397 0.03549998 0.10306 -0.047903 0.03549998 0.101426 -0.04998695 0.03549998 0.097934 -0.05338996 0.03549998 0.09390896 -0.05614399 0.03549998 0.06149899 -0.05392998 0.04029995 0.06426495 -0.05501997 0.04049998 0.05859398 -0.05329799 0.04049998 0.05859398 -0.05349797 0.04029995 0.05875796 -0.05329895 0.04049998 0.06155699 -0.05373799 0.04049998 0.068107 -0.05717796 0.04049998 0.07223796 -0.05871295 0.04049998 0.07655596 -0.05958795 0.04049998 0.08095896 -0.05978196 0.04049998 0.05834996 -0.04569798 0.03819996 0.05834996 -0.04569798 0.04049998 0.05908697 -0.04552996 0.04049998 0.05919998 -0.04546999 0.03819996 0.05967897 -0.04505795 0.04049998 0.05967897 -0.04505795 0.03819996 0.05982196 -0.04484796 0.03819996 0.06000697 -0.04437595 0.04049998 0.06000697 -0.04437595 0.03819996 0.06004995 -0.043998 0.03819996 0.06000697 -0.04361999 0.04049998 0.06000697 -0.04361999 0.03819996 0.05982196 -0.04314798 0.03819996 0.05967897 -0.04293799 0.04049998 0.05967897 -0.04293799 0.03819996 0.05908697 -0.04246598 0.04049998 0.05919998 -0.04252594 0.03819996 0.05834996 -0.04229795 0.04049998 0.05834996 -0.04229795 0.03819996 0.057612 -0.04246598 0.03819996 0.057612 -0.04246598 0.04049998 0.05701994 -0.04293799 0.03819996 0.05701994 -0.04293799 0.04049998 0.056692 -0.04361999 0.03819996 0.056692 -0.04361999 0.04049998 0.056692 -0.04437595 0.03819996 0.056692 -0.04437595 0.04049998 0.05701994 -0.04505795 0.03819996 0.05701994 -0.04505795 0.04049998 0.057612 -0.04552996 0.03819996 0.057612 -0.04552996 0.04049998 0.099958 -0.04415196 0.04049998 0.100179 -0.04484796 0.04049998 0.100179 -0.04484796 0.03819996 0.09995496 -0.04411995 0.03819996 0.100072 -0.04336798 0.03819996 0.10006 -0.04339796 0.04049998 0.100505 -0.04274195 0.03819996 0.100481 -0.04276394 0.04049998 0.101167 -0.04236799 0.03819996 0.101137 -0.04237794 0.04049998 0.101927 -0.04231995 0.03819996 0.101895 -0.04231595 0.04049998 0.102631 -0.04260897 0.03819996 0.102605 -0.04259097 0.04049998 0.103123 -0.04314798 0.03819996 0.103123 -0.04314798 0.04049998 0.103344 -0.04384398 0.04049998 0.103123 -0.04314798 0.04049998 0.103344 -0.04384797 0.03819996 0.103238 -0.04460597 0.03819996 0.103242 -0.04459798 0.04049998 0.10281 -0.04524099 0.03819996 0.10282 -0.04523199 0.04049998 0.1021479 -0.04562395 0.03819996 0.102165 -0.04561799 0.04049998 0.101384 -0.04567694 0.03819996 0.101407 -0.04567998 0.04049998 0.100674 -0.04538995 0.03819996 0.100697 -0.04540497 0.04049998 0.100179 -0.04484796 0.04049998 0.08147197 -0.05734795 0.03819996 0.08147197 -0.05734795 0.04049998 0.08169496 -0.05662494 0.04049998 0.081694 -0.05664795 0.03819996 0.08158296 -0.05587697 0.04049998 0.08158797 -0.05588996 0.03819996 0.08115595 -0.05525195 0.04049998 0.08116 -0.05525499 0.03819996 0.08050096 -0.05487298 0.04049998 0.08049696 -0.05487197 0.03819996 0.07974696 -0.05481696 0.04049998 0.07973295 -0.05481898 0.03819996 0.07904297 -0.05509299 0.04049998 0.07902395 -0.05510598 0.03819996 0.07852798 -0.05564796 0.04049998 0.07852798 -0.05564796 0.03819996 0.08098 -0.05788695 0.04049998 0.08147197 -0.05734795 0.03819996 0.08097696 -0.05788999 0.03819996 0.08026695 -0.05817699 0.03819996 0.08027595 -0.05817496 0.04049998 0.07950299 -0.05812394 0.03819996 0.079517 -0.05812799 0.04049998 0.07884097 -0.05774098 0.03819996 0.07885396 -0.05775296 0.04049998 0.078413 -0.05710595 0.03819996 0.07842099 -0.05712795 0.04049998 0.07830697 -0.05634796 0.03819996 0.078305 -0.05637496 0.04049998 0.07852798 -0.005647957 0.03819996 0.07852798 -0.005647957 0.04049998 0.078305 -0.006370961 0.04049998 0.07830697 -0.006347954 0.03819996 0.07841795 -0.007118999 0.04049998 0.078413 -0.007105946 0.03819996 0.07884401 -0.007743954 0.04049998 0.07884097 -0.007740974 0.03819996 0.079499 -0.008121967 0.04049998 0.07950299 -0.008123993 0.03819996 0.08025395 -0.008178949 0.04049998 0.08026695 -0.008176982 0.03819996 0.080958 -0.007902979 0.04049998 0.08097696 -0.007889986 0.03819996 0.08147197 -0.007347941 0.04049998 0.08147197 -0.007347941 0.03819996 0.07901996 -0.005108952 0.04049998 0.07902395 -0.005105972 0.03819996 0.07973295 -0.004818975 0.03819996 0.07972395 -0.004819989 0.04049998 0.08049696 -0.004871964 0.03819996 0.08048397 -0.00486797 0.04049998 0.08116 -0.005254983 0.03819996 0.081146 -0.00524199 0.04049998 0.08158797 -0.005889952 0.03819996 0.08157896 -0.005867958 0.04049998 0.081694 -0.006647944 0.03819996 0.08169597 -0.006619989 0.04049998 0.08147197 -0.007347941 0.03819996 0.08147197 -0.007347941 0.04049998 0.05982196 -0.018148 0.03819996 0.05982196 -0.018148 0.04049998 0.05932599 -0.01760596 0.03819996 0.05932599 -0.01760596 0.04049998 0.05861699 -0.01731896 0.03819996 0.05861699 -0.01731896 0.04049998 0.05785298 -0.01737195 0.03819996 0.05785298 -0.01737195 0.04049998 0.05719 -0.01775497 0.03819996 0.05719 -0.01775497 0.04049998 0.05676198 -0.01838999 0.03819996 0.05676198 -0.01838999 0.04049998 0.056656 -0.01914799 0.03819996 0.056656 -0.01914799 0.04049998 0.05687695 -0.01984798 0.03819996 0.05687695 -0.01984798 0.04049998 0.057392 -0.02040296 0.04049998 0.05736899 -0.02038699 0.03819996 0.05809599 -0.02067899 0.04049998 0.05807399 -0.020675 0.03819996 0.058851 -0.02062195 0.04049998 0.058833 -0.02062797 0.03819996 0.05950599 -0.020244 0.04049998 0.05949598 -0.020253 0.03819996 0.05993199 -0.01961898 0.04049998 0.05992895 -0.01962798 0.03819996 0.060045 -0.01887094 0.04049998 0.060045 -0.018875 0.03819996 0.05982196 -0.018148 0.03819996 0.101651 -0.02069795 0.03819996 0.101651 -0.02069795 0.04049998 0.102388 -0.02052998 0.04049998 0.102501 -0.02046996 0.03819996 0.10298 -0.02005797 0.04049998 0.10298 -0.02005797 0.03819996 0.103123 -0.01984798 0.03819996 0.103308 -0.01937597 0.04049998 0.103308 -0.01937597 0.03819996 0.1033509 -0.01899796 0.03819996 0.103308 -0.01861995 0.04049998 0.103308 -0.01861995 0.03819996 0.103123 -0.018148 0.03819996 0.10298 -0.01793795 0.04049998 0.10298 -0.01793795 0.03819996 0.102388 -0.01746594 0.04049998 0.102501 -0.01752597 0.03819996 0.101651 -0.01729798 0.04049998 0.101651 -0.01729798 0.03819996 0.100913 -0.01746594 0.03819996 0.100913 -0.01746594 0.04049998 0.100322 -0.01793795 0.03819996 0.100322 -0.01793795 0.04049998 0.09999299 -0.01861995 0.03819996 0.09999299 -0.01861995 0.04049998 0.09999299 -0.01937597 0.03819996 0.09999299 -0.01937597 0.04049998 0.100322 -0.02005797 0.03819996 0.100322 -0.02005797 0.04049998 0.100913 -0.02052998 0.03819996 0.100913 -0.02052998 0.04049998 0.066217 -0.04499799 0.04049998 0.06635898 -0.04513996 0.04029995 0.06661295 -0.04470795 0.04029995 0.06642097 -0.04465299 0.04049998 0.06662595 -0.04420697 0.04029995 0.06643098 -0.04425197 0.04049998 0.06639397 -0.04376298 0.04029995 0.06624597 -0.04389697 0.04049998 0.06639397 -0.01923298 0.04029995 0.06624597 -0.01909899 0.04049998 0.06412899 -0.02235198 0.04029995 0.063955 -0.02225297 0.04049998 0.06256598 -0.02587699 0.04029995 0.06237596 -0.02581596 0.04049998 0.06177598 -0.02964997 0.04029995 0.06157696 -0.02963 0.04049998 0.06179296 -0.03350597 0.04029995 0.06159394 -0.03352797 0.04049998 0.06261599 -0.03727197 0.04029995 0.06242597 -0.03733497 0.04049998 0.06420999 -0.04078298 0.04029995 0.06403696 -0.04088395 0.04049998 0.06639397 -0.01923298 0.04029995 0.06662595 -0.01878899 0.04029995 0.06643098 -0.01874399 0.04049998 0.06661295 -0.01828795 0.04029995 0.06642097 -0.01834297 0.04049998 0.06635898 -0.017856 0.04029995 0.066217 -0.01799798 0.04049998 0.06573396 -0.017515 0.04049998 0.065876 -0.01737296 0.04029995 0.065912 -0.01592499 0.04029995 0.06577795 -0.01577597 0.04049998 0.065674 -0.016249 0.04029995 0.06549197 -0.01616597 0.04049998 0.06558299 -0.01664096 0.04029995 0.06538295 -0.01663595 0.04049998 0.06565397 -0.01703697 0.04029995 0.06546896 -0.01711195 0.04049998 0.07999998 -0.01049798 0.04029995 0.07999998 -0.01029795 0.04049998 0.07613795 -0.01085597 0.04029995 0.07610195 -0.01065897 0.04049998 0.07240796 -0.01191794 0.04029995 0.07233595 -0.01173198 0.04049998 0.068937 -0.01364797 0.04029995 0.06883198 -0.01347798 0.04049998 0.065912 -0.01592499 0.04029995 0.06885796 -0.04953396 0.04049998 0.068964 -0.04936397 0.04029995 0.06577795 -0.04721897 0.04049998 0.065912 -0.04707098 0.04029995 0.08432197 -0.01074296 0.04049998 0.08428096 -0.010939 0.04029995 0.08436596 -0.010957 0.04029995 0.08846098 -0.01205998 0.04049998 0.088382 -0.01224297 0.04029995 0.08854198 -0.01231294 0.04029995 0.09224599 -0.01419198 0.04049998 0.09213 -0.01435595 0.04029995 0.09234398 -0.01450896 0.04029995 0.09551596 -0.01705199 0.04049998 0.09536999 -0.01718795 0.04029995 0.09560596 -0.01744598 0.04029995 0.09813499 -0.020518 0.04049998 0.09796398 -0.02062195 0.04029995 0.09836 -0.02089798 0.04049998 0.09818696 -0.020998 0.04029995 0.09999299 -0.02444499 0.04049998 0.09980398 -0.02451199 0.04029995 0.099972 -0.02500897 0.04029995 0.101011 -0.02866798 0.04049998 0.100812 -0.02869498 0.04029995 0.100885 -0.02930295 0.04029995 0.101146 -0.03300994 0.04049998 0.100947 -0.03299599 0.04029995 0.100885 -0.03369295 0.04029995 0.100394 -0.03728896 0.04049998 0.100202 -0.03723394 0.04029995 0.099972 -0.03798699 0.04029995 0.09878498 -0.04132395 0.04049998 0.09860795 -0.04123198 0.04029995 0.09818696 -0.04199796 0.04029995 0.09638798 -0.04494696 0.04049998 0.09623301 -0.04481995 0.04029995 0.09560596 -0.04554998 0.04029995 0.09330195 -0.04800498 0.04049998 0.09317696 -0.04784995 0.04029995 0.09234398 -0.04848694 0.04029995 0.08965796 -0.05036997 0.04049998 0.089567 -0.05019199 0.04029995 0.08854198 -0.05068194 0.04029995 0.08560895 -0.051943 0.04049998 0.08555597 -0.05175 0.04029995 0.08436596 -0.05203896 0.04029995 0.08132398 -0.05265694 0.04049998 0.08131098 -0.05245697 0.04029995 0.07999998 -0.05269795 0.04049998 0.07999998 -0.05249798 0.04029995 0.07698297 -0.05248194 0.04049998 0.07701098 -0.052284 0.04029995 0.07616096 -0.05214399 0.04029995 0.07276898 -0.05142599 0.04049998 0.07283699 -0.051238 0.04029995 0.072452 -0.05109399 0.04029995 0.06899595 -0.04938399 0.04029995 0.065876 -0.04562199 0.04029995 0.06573396 -0.04548096 0.04049998 0.06565397 -0.04595798 0.04029995 0.06546896 -0.04588395 0.04049998 0.06558299 -0.04635399 0.04029995 0.06538295 -0.046359 0.04049998 0.065674 -0.04674696 0.04029995 0.06549197 -0.04682999 0.04049998 0.08647096 -0.05414599 0.04029995 0.08647096 -0.05394595 0.04049998 0.08572095 -0.05434697 0.04029995 0.08562099 -0.05417394 0.04049998 0.08517199 -0.05489599 0.04029995 0.08499795 -0.05479598 0.04049998 0.08497101 -0.055646 0.04029995 0.08477097 -0.055646 0.04049998 0.08517199 -0.05639594 0.04029995 0.08499795 -0.05649596 0.04049998 0.08572095 -0.05694496 0.04029995 0.08562099 -0.05711799 0.04049998 0.08647096 -0.05714595 0.04029995 0.08647096 -0.05734598 0.04049998 0.087121 -0.05699795 0.04029995 0.08720797 -0.05717796 0.04049998 0.08764296 -0.05658096 0.04029995 0.08779996 -0.05670595 0.04049998 0.087933 -0.05597996 0.04029995 0.08812797 -0.05602395 0.04049998 0.087933 -0.05531197 0.04029995 0.08812797 -0.05526798 0.04049998 0.08776998 -0.05489599 0.04029995 0.08794295 -0.05479598 0.04049998 0.08764296 -0.05471098 0.04029995 0.08779996 -0.05458599 0.04049998 0.087121 -0.054295 0.04029995 0.08720797 -0.05411398 0.04049998 0.07279199 -0.008880972 0.04049998 0.07352995 -0.009049952 0.04049998 0.07352995 -0.008849978 0.04029995 0.07287895 -0.008700966 0.04029995 0.07277995 -0.008648991 0.04029995 0.07220095 -0.008409976 0.04049998 0.07235699 -0.008284986 0.04029995 0.07223099 -0.008099973 0.04029995 0.07187199 -0.00772798 0.04049998 0.07206696 -0.007683992 0.04029995 0.07203 -0.007349967 0.04029995 0.07187199 -0.006970942 0.04049998 0.07206696 -0.007015943 0.04029995 0.07220095 -0.006289958 0.04049998 0.07223099 -0.006599962 0.04029995 0.07235699 -0.006414949 0.04029995 0.07279199 -0.005817949 0.04049998 0.07352995 -0.005849957 0.04029995 0.07352995 -0.005649983 0.04049998 0.07287895 -0.005997955 0.04029995 0.07277995 -0.006050944 0.04029995 0.07426697 -0.005817949 0.04049998 0.07418096 -0.005997955 0.04029995 0.07427996 -0.006050944 0.04029995 0.07485896 -0.006289958 0.04049998 0.07470196 -0.006414949 0.04029995 0.07500195 -0.006499946 0.04049998 0.07482898 -0.006599962 0.04029995 0.07518696 -0.006970942 0.04049998 0.074992 -0.007015943 0.04029995 0.07518696 -0.00772798 0.04049998 0.07502996 -0.007349967 0.04029995 0.074992 -0.007683992 0.04029995 0.07485896 -0.008409976 0.04049998 0.07482898 -0.008099973 0.04029995 0.07470196 -0.008284986 0.04029995 0.07426697 -0.008880972 0.04049998 0.07418096 -0.008700966 0.04029995 0.07427996 -0.008648991 0.04029995 0.05859398 -0.05349797 0.03569996 0.06149899 -0.05392998 0.03569996 0.06415396 -0.05518597 0.03569996 0.06426495 -0.05501997 0.03549998 0.08093196 -0.05978298 0.03549998 0.06801199 -0.05713295 0.03549998 0.07216197 -0.05869096 0.03549998 0.07650399 -0.05958098 0.03549998 0.05859398 -0.05329799 0.03549998 0.06155699 -0.05373799 0.03549998 0.06426495 -0.05501997 0.03549998 0.05834996 -0.04569798 0.03819996 0.05834996 -0.04709798 0.03549998 0.057612 -0.04552996 0.03819996 0.05700498 -0.04679095 0.03549998 0.05701994 -0.04505795 0.03819996 0.05592596 -0.04593098 0.03549998 0.056692 -0.04437595 0.03819996 0.05532699 -0.04468798 0.03549998 0.056692 -0.04361999 0.03819996 0.05532699 -0.04330796 0.03549998 0.05701994 -0.04293799 0.03819996 0.05592596 -0.04206496 0.03549998 0.057612 -0.04246598 0.03819996 0.05700498 -0.04120498 0.03549998 0.05834996 -0.04229795 0.03819996 0.05834996 -0.04089796 0.03549998 0.05989998 -0.04668295 0.03549998 0.05919998 -0.04546999 0.03819996 0.06103396 -0.04554796 0.03549998 0.05982196 -0.04484796 0.03819996 0.06145 -0.043998 0.03549998 0.06004995 -0.043998 0.03819996 0.06103396 -0.04244798 0.03549998 0.05919998 -0.04252594 0.03819996 0.05989998 -0.04131299 0.03549998 0.05982196 -0.04314798 0.03819996 0.104336 -0.04244798 0.03549998 0.104739 -0.04372495 0.03549998 0.104546 -0.04510694 0.03549998 0.103765 -0.04626494 0.03549998 0.102557 -0.04696297 0.03549998 0.101164 -0.04705899 0.03549998 0.09986996 -0.04653596 0.03549998 0.100179 -0.04484796 0.03819996 0.098966 -0.04554796 0.03549998 0.100179 -0.04484796 0.03819996 0.09855896 -0.04422098 0.03549998 0.09877097 -0.04284995 0.03549998 0.09956097 -0.04170894 0.03549998 0.100769 -0.04102599 0.03549998 0.102154 -0.04093897 0.03549998 0.103438 -0.04146498 0.03549998 0.08268499 -0.05804795 0.03549998 0.08178097 -0.05903595 0.03549998 0.08048695 -0.05955898 0.03549998 0.07909399 -0.05946296 0.03549998 0.07884097 -0.05774098 0.03819996 0.07788598 -0.05876499 0.03549998 0.07710498 -0.05760699 0.03549998 0.07691198 -0.056225 0.03549998 0.07731598 -0.05494797 0.03549998 0.07902395 -0.05510598 0.03819996 0.07822 -0.05395996 0.03549998 0.07973295 -0.05481898 0.03819996 0.07951295 -0.05343598 0.03549998 0.08049696 -0.05487197 0.03819996 0.08090597 -0.05353295 0.03549998 0.08211499 -0.05423098 0.03549998 0.08289498 -0.05538898 0.03549998 0.081694 -0.05664795 0.03819996 0.08308798 -0.05677098 0.03549998 0.07731598 -0.00494796 0.03549998 0.07822 -0.003959953 0.03549998 0.07951295 -0.003435969 0.03549998 0.08090597 -0.003532946 0.03549998 0.08116 -0.005254983 0.03819996 0.08211499 -0.004230976 0.03549998 0.08158797 -0.005889952 0.03819996 0.08289498 -0.005388975 0.03549998 0.08308798 -0.006770968 0.03549998 0.08268499 -0.008047997 0.03549998 0.08097696 -0.007889986 0.03819996 0.08178097 -0.009035944 0.03549998 0.08026695 -0.008176982 0.03819996 0.08048695 -0.009558975 0.03549998 0.07950299 -0.008123993 0.03819996 0.07909399 -0.009462952 0.03549998 0.07788598 -0.008764982 0.03549998 0.07710498 -0.007606983 0.03549998 0.07830697 -0.006347954 0.03819996 0.07691198 -0.006224989 0.03549998 0.101651 -0.02069795 0.03819996 0.101651 -0.022098 0.03549998 0.100913 -0.02052998 0.03819996 0.100306 -0.02179098 0.03549998 0.100322 -0.02005797 0.03819996 0.09922695 -0.020931 0.03549998 0.09999299 -0.01937597 0.03819996 0.09862899 -0.01968795 0.03549998 0.09999299 -0.01861995 0.03819996 0.09862899 -0.01830798 0.03549998 0.100322 -0.01793795 0.03819996 0.09922695 -0.01706498 0.03549998 0.100913 -0.01746594 0.03819996 0.100306 -0.01620495 0.03549998 0.101651 -0.01729798 0.03819996 0.101651 -0.01589798 0.03549998 0.103201 -0.02168297 0.03549998 0.102501 -0.02046996 0.03819996 0.104336 -0.02054798 0.03549998 0.103123 -0.01984798 0.03819996 0.104751 -0.01899796 0.03549998 0.1033509 -0.01899796 0.03819996 0.104336 -0.01744794 0.03549998 0.102501 -0.01752597 0.03819996 0.103201 -0.01631295 0.03549998 0.103123 -0.018148 0.03819996 0.05566495 -0.02054798 0.03549998 0.056656 -0.01914799 0.03819996 0.05526196 -0.01927095 0.03549998 0.05545496 -0.01788896 0.03549998 0.05623495 -0.01673096 0.03549998 0.05744397 -0.01603299 0.03549998 0.05883598 -0.01593595 0.03549998 0.06013 -0.01646 0.03549998 0.06103396 -0.01744794 0.03549998 0.06103396 -0.01744794 0.03549998 0.06144195 -0.01877498 0.03549998 0.06122899 -0.02014595 0.03549998 0.06044 -0.02128696 0.03549998 0.05923098 -0.02196997 0.03549998 0.05784595 -0.02205699 0.03549998 0.05656194 -0.02153098 0.03549998 0.06885796 -0.04953396 0.03549998 0.06577795 -0.04721897 0.03549998 0.065912 -0.04707098 0.03569996 0.072452 -0.05109399 0.03569996 0.07276898 -0.05142599 0.03549998 0.06899595 -0.04938399 0.03569996 0.068964 -0.04936397 0.03569996 0.07283699 -0.051238 0.03569996 0.07616096 -0.05214399 0.03569996 0.07698297 -0.05248194 0.03549998 0.07701098 -0.052284 0.03569996 0.07999998 -0.05269795 0.03549998 0.07999998 -0.05249798 0.03569996 0.08132398 -0.05265694 0.03549998 0.08854198 -0.05068194 0.03569996 0.08965796 -0.05036997 0.03549998 0.08560895 -0.051943 0.03549998 0.08131098 -0.05245697 0.03569996 0.08436596 -0.05203896 0.03569996 0.08555597 -0.05175 0.03569996 0.09560596 -0.04554998 0.03569996 0.09638798 -0.04494696 0.03549998 0.09330195 -0.04800498 0.03549998 0.089567 -0.05019199 0.03569996 0.09234398 -0.04848694 0.03569996 0.09317696 -0.04784995 0.03569996 0.099972 -0.03798699 0.03569996 0.100394 -0.03728896 0.03549998 0.09878498 -0.04132395 0.03549998 0.09623301 -0.04481995 0.03569996 0.09818696 -0.04199796 0.03569996 0.09860795 -0.04123198 0.03569996 0.100202 -0.03723394 0.03569996 0.100885 -0.03369295 0.03569996 0.101146 -0.03300994 0.03549998 0.100947 -0.03299599 0.03569996 0.101011 -0.02866798 0.03549998 0.100885 -0.02930295 0.03569996 0.100812 -0.02869498 0.03569996 0.09999299 -0.02444499 0.03549998 0.099972 -0.02500897 0.03569996 0.09980398 -0.02451199 0.03569996 0.09836 -0.02089798 0.03549998 0.09818696 -0.020998 0.03569996 0.09813499 -0.020518 0.03549998 0.09796398 -0.02062195 0.03569996 0.09551596 -0.01705199 0.03549998 0.09560596 -0.01744598 0.03569996 0.09536999 -0.01718795 0.03569996 0.09224599 -0.01419198 0.03549998 0.09234398 -0.01450896 0.03569996 0.09213 -0.01435595 0.03569996 0.08846098 -0.01205998 0.03549998 0.08854198 -0.01231294 0.03569996 0.088382 -0.01224297 0.03569996 0.08432197 -0.01074296 0.03549998 0.07999998 -0.01049798 0.03569996 0.07999998 -0.01029795 0.03549998 0.08428096 -0.010939 0.03569996 0.08436596 -0.010957 0.03569996 0.065674 -0.04674696 0.03569996 0.06549197 -0.04682999 0.03549998 0.06558299 -0.04635399 0.03569996 0.06538295 -0.046359 0.03549998 0.06565397 -0.04595798 0.03569996 0.06546896 -0.04588395 0.03549998 0.065876 -0.04562199 0.03569996 0.06573396 -0.04548096 0.03549998 0.06635898 -0.04513996 0.03569996 0.066217 -0.04499799 0.03549998 0.06624597 -0.04389697 0.03549998 0.06639397 -0.04376298 0.03569996 0.06662595 -0.04420697 0.03569996 0.06643098 -0.04425197 0.03549998 0.06661295 -0.04470795 0.03569996 0.06642097 -0.04465299 0.03549998 0.06419795 -0.04076296 0.03569996 0.06402498 -0.04086399 0.03549998 0.06260198 -0.03722798 0.03569996 0.06241196 -0.03729099 0.03549998 0.06178498 -0.03343695 0.03569996 0.06158596 -0.03345799 0.03549998 0.06178498 -0.02955895 0.03569996 0.06158596 -0.02953797 0.03549998 0.06260198 -0.02576696 0.03569996 0.06241196 -0.02570497 0.03549998 0.06419795 -0.02223294 0.03569996 0.06402498 -0.02213197 0.03549998 0.06639397 -0.01923298 0.03569996 0.06624597 -0.01909899 0.03549998 0.066217 -0.01799798 0.03549998 0.06635898 -0.017856 0.03569996 0.06661295 -0.01828795 0.03569996 0.06642097 -0.01834297 0.03549998 0.06662595 -0.01878899 0.03569996 0.06643098 -0.01874399 0.03549998 0.065876 -0.01737296 0.03569996 0.06573396 -0.017515 0.03549998 0.06565296 -0.01703494 0.03569996 0.065467 -0.01710897 0.03549998 0.06558299 -0.01663696 0.03569996 0.06538295 -0.01663094 0.03549998 0.06567698 -0.01624298 0.03569996 0.06549596 -0.01615798 0.03549998 0.065912 -0.01592499 0.03569996 0.06577795 -0.01577597 0.03549998 0.06577795 -0.01577597 0.03549998 0.06899595 -0.01361197 0.03569996 0.068892 -0.01344096 0.03549998 0.072452 -0.01190197 0.03569996 0.07238 -0.01171499 0.03549998 0.07616096 -0.01085197 0.03569996 0.07612496 -0.01065498 0.03549998 0.08647096 -0.05714595 0.0363 0.08572095 -0.05694496 0.0363 0.08517199 -0.05639594 0.0363 0.08497101 -0.055646 0.0363 0.08517199 -0.05489599 0.0363 0.08572095 -0.05434697 0.0363 0.08647096 -0.05414599 0.0363 0.087121 -0.054295 0.0363 0.08764296 -0.05471098 0.0363 0.087121 -0.05699795 0.0363 0.08764296 -0.05658096 0.0363 0.087933 -0.05597996 0.0363 0.087933 -0.05531197 0.0363 0.07352995 -0.008849978 0.0363 0.07277995 -0.008648991 0.0363 0.07223099 -0.008099973 0.0363 0.07203 -0.007349967 0.0363 0.07223099 -0.006599962 0.0363 0.07277995 -0.006050944 0.0363 0.07352995 -0.005849957 0.0363 0.07427996 -0.006050944 0.0363 0.07482898 -0.006599962 0.0363 0.07502996 -0.007349967 0.0363 0.07482898 -0.008099973 0.0363 0.07427996 -0.008648991 0.0363 0.03069996 -0.009498 0.03569996 0.03069996 -0.009498 0.04029995 0.076765 -0.05777198 0.04049998 0.06076598 -0.009673953 0.04049998 0.102276 -0.03149795 0.04049998 0.09406095 -0.01379799 0.04049998 0.076765 -0.008623957 0.04049998 0.06426495 -0.007975995 0.04049998 0.076765 -0.009673953 0.04049998 0.09406095 -0.009673953 0.04049998 0.08323496 -0.009673953 0.04049998 0.06076598 -0.01379799 0.04049998 0.06577795 -0.01577597 0.04049998 0.06076598 -0.03149795 0.04049998 0.06076598 -0.05332195 0.04049998 0.08323496 -0.05332195 0.04049998 0.076765 -0.05332195 0.04049998 0.09406095 -0.05332195 0.04049998 0.08323496 -0.05777198 0.04049998 0.03069996 -0.009697973 0.04049998 0.03069996 -0.01379799 0.04049998 0.08323496 -0.008623957 0.04049998 0.09406095 -0.008623957 0.04049998 0.03069996 -0.05329799 0.04049998 0.03069996 -0.03149795 0.04049998 0.06919097 -0.009947955 0.03549998 0.09082597 -0.009947955 0.03549998 0.09082597 -0.013098 0.03549998 0.06146597 -0.05304795 0.03549998 0.03069996 -0.05329799 0.03549998 0.03069996 -0.05304795 0.03549998 0.09082597 -0.04989796 0.03549998 0.09082597 -0.05304795 0.03549998 0.06146597 -0.013098 0.03549998 0.06919097 -0.013098 0.03549998 0.102976 -0.03149795 0.03549998 0.06919097 -0.05304795 0.03549998 0.06919097 -0.04989796 0.03549998 0.06146597 -0.03149795 0.03549998 0.06146597 -0.04989796 0.03549998 0.07951295 -0.05343598 0.03549998 0.08090597 -0.05353295 0.03549998 0.07909399 -0.05946296 0.03549998 0.08048695 -0.05955898 0.03549998 0.08289498 -0.05538898 0.03549998 0.08211499 -0.05423098 0.03549998 0.07822 -0.05395996 0.03549998 0.07731598 -0.05494797 0.03549998 0.07691198 -0.056225 0.03549998 0.07710498 -0.05760699 0.03549998 0.07788598 -0.05876499 0.03549998 0.08178097 -0.05903595 0.03549998 0.08268499 -0.05804795 0.03549998 0.08308798 -0.05677098 0.03549998 0.07788598 -0.008764982 0.03549998 0.07909399 -0.009462952 0.03549998 0.08048695 -0.009558975 0.03549998 0.08308798 -0.006770968 0.03549998 0.08289498 -0.005388975 0.03549998 0.08211499 -0.004230976 0.03549998 0.08090597 -0.003532946 0.03549998 0.07951295 -0.003435969 0.03549998 0.07822 -0.003959953 0.03549998 0.07731598 -0.00494796 0.03549998 0.07691198 -0.006224989 0.03549998 0.07710498 -0.007606983 0.03549998 0.08268499 -0.008047997 0.03549998 0.08178097 -0.009035944 0.03549998 0.06146597 -0.009947955 0.03549998 0.03069996 -0.009947955 0.03549998 0.03069996 -0.009697973 0.03549998 0.03069996 -0.013098 0.03549998 0.03069996 -0.03149795 0.03549998 0.03069996 -0.04989796 0.03549998 0.03069996 -0.05349797 0.04029995 0.03069996 -0.05349797 0.03569996 0.03049999 -0.05321496 0.03569996 0.03049999 -0.05329799 0.03578299 0.03049999 -0.009780943 0.03569996 0.03049999 -0.05329799 0.04021698 0.03049999 -0.009697973 0.04021698 0.03049999 -0.009697973 0.03578299 0.03049999 -0.009780943 0.04029995 0.03049999 -0.05321496 0.04029995 0.04349994 -0.02299797 0.03900694 0.04349994 -0.02350097 0.038872 0.04349994 -0.02386999 0.03850299 0.04349994 -0.02400398 0.03799998 0.04349994 -0.02209097 0.03756296 0.04349994 -0.02390497 0.03756296 0.04349994 -0.02277398 0.03701895 0.04349994 -0.02236998 0.03721296 0.04349994 -0.02322196 0.03701895 0.04349994 -0.02362495 0.03721296 0.04349994 -0.02249497 0.038872 0.04349994 -0.02212595 0.03850299 0.04349994 -0.02199095 0.03799998 0.04523599 -0.02299797 0.03799998 0.04465496 -0.02350097 0.038872 0.04465496 -0.02299797 0.03900694 0.04465496 -0.02386999 0.03850299 0.04465496 -0.02400398 0.03799998 0.04465496 -0.02212595 0.03850299 0.04465496 -0.02199095 0.03799998 0.04465496 -0.02249497 0.038872 0.04465496 -0.02209097 0.03756296 0.04465496 -0.02277398 0.03701895 0.04465496 -0.02322196 0.03701895 0.04465496 -0.02236998 0.03721296 0.04465496 -0.02390497 0.03756296 0.04465496 -0.02362495 0.03721296 0.04349994 -0.04062497 0.03878694 0.04349994 -0.04090499 0.03843694 0.04349994 -0.04022198 0.03898096 0.04349994 -0.041004 0.03799998 0.04349994 -0.039774 0.03701895 0.04349994 -0.03937 0.03721296 0.04349994 -0.04022198 0.03701895 0.04349994 -0.03909099 0.03756296 0.04349994 -0.04062497 0.03721296 0.04349994 -0.04090499 0.03756296 0.04349994 -0.039774 0.03898096 0.04349994 -0.03937 0.03878694 0.04349994 -0.03909099 0.03843694 0.04349994 -0.03899097 0.03799998 0.04523599 -0.03999799 0.03799998 0.04465496 -0.041004 0.03799998 0.04465496 -0.04086995 0.03850299 0.04465496 -0.04062497 0.03878694 0.04465496 -0.04050099 0.038872 0.04465496 -0.04022198 0.03898096 0.04465496 -0.03999799 0.03900694 0.04465496 -0.039774 0.03898096 0.04465496 -0.03949499 0.038872 0.04465496 -0.03912597 0.03850299 0.04465496 -0.03899097 0.03799998 0.04465496 -0.03937 0.03878694 0.04465496 -0.03909099 0.03756296 0.04465496 -0.039774 0.03701895 0.04465496 -0.04022198 0.03701895 0.04465496 -0.03937 0.03721296 0.04465496 -0.04090499 0.03756296 0.04465496 -0.04062497 0.03721296 -0.003178954 0.000999987 0.01700496 -0.00624895 0.000999987 0.01613199 -0.01729995 0.000999987 0 -0.008649945 0.000999987 0.01498198 -0.009106993 0.000999987 0.01470899 -0.01722598 0.000999987 0.001595973 0.03749996 0.000999987 -0.01729995 0.03749996 0.000999987 0.01729995 0 0.000999987 -0.01729995 0 0.000999987 0.01729995 -0.003178954 0.000999987 -0.01700496 -0.00624895 0.000999987 -0.01613199 0.03819298 0.000999987 0.0169 0.03789997 0.000999987 0.01719295 0.03829997 0.000999987 0.01649999 0.03829997 0.000999987 -0.01649999 0.03819298 0.000999987 -0.0169 0.03789997 0.000999987 -0.01719295 -0.01165497 0.000999987 0.01278495 -0.01380598 0.000999987 0.01042598 -0.015486 0.000999987 0.007710993 -0.015486 0.000999987 -0.007710993 -0.01380598 0.000999987 -0.01042598 -0.01663994 0.000999987 0.004733979 -0.01663994 0.000999987 -0.004733979 -0.01165497 0.000999987 -0.01278495 -0.009106993 0.000999987 -0.01470899 -0.01722598 0.000999987 -0.001595973 0.03749996 0.005999982 -0.01729995 0 0.005999982 -0.01729995 0.03829997 0.005999982 -0.01649999 0.03829997 0.005999982 0.01649999 -0.01165497 0.005999982 0.01278495 -0.009106993 0.005999982 0.01470899 -0.008649945 0.005999982 0.01498198 -0.00624895 0.005999982 0.01613199 0.038239 0.005999982 -0.016806 0.03806596 0.005999982 -0.017066 0.03780597 0.005999982 -0.01723897 0.03789997 0.005999982 0.01719295 0.03819298 0.005999982 0.0169 0.03749996 0.005999982 0.01729995 0 0.005999982 0.01729995 -0.003178954 0.005999982 0.01700496 -0.01722598 0.005999982 -0.001595973 -0.003178954 0.005999982 -0.01700496 -0.00624895 0.005999982 -0.01613199 -0.009106993 0.005999982 -0.01470899 -0.01165497 0.005999982 -0.01278495 -0.01380598 0.005999982 -0.01042598 -0.015486 0.005999982 -0.007710993 -0.01663994 0.005999982 -0.004733979 -0.01729995 0.005999982 0 -0.01722598 0.005999982 0.001595973 -0.01663994 0.005999982 0.004733979 -0.015486 0.005999982 0.007710993 -0.01380598 0.005999982 0.01042598 0 0.005799949 -0.01749998 -0.003038942 0.005799949 -0.01723396 -0.003215968 0.005799949 -0.01720196 -0.005984961 0.005799949 -0.01644498 -0.006321966 0.005799949 -0.01631796 -0.008749961 0.005799949 -0.01515495 -0.00921297 0.005799949 -0.01487898 -0.01124894 0.005799949 -0.01340597 -0.01178997 0.005799949 -0.01293295 -0.01340597 0.005799949 -0.01124894 -0.01396495 0.005799949 -0.01054596 -0.01515495 0.005799949 -0.008749961 -0.01566499 0.005799949 -0.007799983 -0.01644498 0.005799949 -0.005984961 -0.01683199 0.005799949 -0.004788994 -0.01723396 0.005799949 -0.003038942 -0.017425 0.005799949 -0.001614987 -0.01749998 0.005799949 0 -0.017425 0.005799949 0.001614987 -0.01723396 0.005799949 0.003038942 -0.01683199 0.005799949 0.004788994 -0.01644498 0.005799949 0.005984961 -0.01566499 0.005799949 0.007799983 -0.01515495 0.005799949 0.008749961 -0.01396495 0.005799949 0.01054596 -0.01340597 0.005799949 0.01124894 -0.01178997 0.005799949 0.01293295 -0.01124894 0.005799949 0.01340597 -0.00921297 0.005799949 0.01487898 -0.008749961 0.005799949 0.01515495 -0.006321966 0.005799949 0.01631796 -0.005984961 0.005799949 0.01644498 0 0.005799949 0.01749998 -0.003038942 0.005799949 0.01723396 -0.003215968 0.005799949 0.01720196 0.03749996 0.005799949 -0.01749998 -0.01749998 0.00119996 0 -0.017425 0.00119996 -0.001614987 -0.01723396 0.00119996 -0.003038942 -0.01683199 0.00119996 -0.004788994 -0.01644498 0.00119996 -0.005984961 -0.01566499 0.00119996 -0.007799983 -0.01515495 0.00119996 -0.008749961 -0.01396495 0.00119996 -0.01054596 -0.01340597 0.00119996 -0.01124894 -0.01178997 0.00119996 -0.01293295 -0.01124894 0.00119996 -0.01340597 -0.00921297 0.00119996 -0.01487898 -0.008749961 0.00119996 -0.01515495 -0.006321966 0.00119996 -0.01631796 -0.005984961 0.00119996 -0.01644498 -0.003215968 0.00119996 -0.01720196 -0.003038942 0.00119996 -0.01723396 0 0.00119996 -0.01749998 -0.017425 0.00119996 0.001614987 -0.01723396 0.00119996 0.003038942 -0.01683199 0.00119996 0.004788994 -0.01644498 0.00119996 0.005984961 -0.01566499 0.00119996 0.007799983 -0.01515495 0.00119996 0.008749961 -0.01396495 0.00119996 0.01054596 -0.01340597 0.00119996 0.01124894 -0.01178997 0.00119996 0.01293295 -0.01124894 0.00119996 0.01340597 -0.00921297 0.00119996 0.01487898 -0.008749961 0.00119996 0.01515495 -0.006321966 0.00119996 0.01631796 -0.005984961 0.00119996 0.01644498 -0.003215968 0.00119996 0.01720196 0 0.00119996 0.01749998 0.03749996 0.005799949 0.01749998 0.03849995 0.005799949 -0.01649999 0.03842395 0.005799949 -0.01688295 0.03820699 0.005799949 -0.01720696 0.03788298 0.005799949 -0.01742398 0.03749996 0.00119996 -0.01749998 0.03799998 0.005799949 0.01736599 0.03836596 0.005799949 0.01699995 0.03849995 0.005799949 0.01649999 0.03749996 0.00119996 0.01749998 0.03849995 0.00119996 -0.01649999 0.03836596 0.00119996 -0.01699995 0.03820699 0.00119996 -0.01720696 0.03799998 0.00119996 -0.01736599 0.03799998 0.00119996 0.01736599 0.03836596 0.00119996 0.01699995 0.03849995 0.00119996 0.01649999</float_array>
          <technique_common>
            <accessor source="#right_arm_link4-mesh-positions-array" count="1487" stride="3">
              <param name="X" type="float"/>
              <param name="Y" type="float"/>
              <param name="Z" type="float"/>
            </accessor>
          </technique_common>
        </source>
        <source id="right_arm_link4-mesh-normals">
          <float_array id="right_arm_link4-mesh-normals-array" count="13338">0 0 -1 -1.00104e-6 0 -1 9.96667e-7 0 -1 -7.75275e-7 0 -1 4.70019e-7 0 -1 -4.39982e-7 0 -1 6.82425e-7 0 -1 3.30613e-7 0 -1 1.29823e-6 0 -1 8.87733e-6 0 -1 2.86089e-7 0 -1 1.46535e-6 0 -1 -6.11712e-7 0 -1 1.43665e-6 0 -1 0 0 -1 4.23803e-7 0 -1 0 0 -1 -1.84318e-7 0 -1 0 0 -1 -5.55258e-7 0 -1 -2.04748e-6 0 -1 3.2348e-7 0 -1 9.71691e-7 0 -1 3.21538e-7 0 -1 3.77383e-7 0 -1 -1.69518e-6 0 -1 1.35794e-5 0 -1 2.61969e-6 0 -1 7.61223e-7 0 -1 -2.0505e-6 0 -1 -2.04821e-7 0 -1 1.9004e-6 0 -1 1.71679e-6 0 -1 -0.08715927 -0.9961945 0 -0.08715879 -0.9961945 0 -0.08715885 -0.9961944 0 -0.08715933 -0.9961945 0 -0.2588394 -0.9659204 0 -0.2588407 -0.96592 0 -0.2588406 -0.96592 0 -0.2588394 -0.9659205 0 -0.4227313 -0.9062551 0 -0.4227318 -0.9062548 0 -0.4227313 -0.9062552 0 -0.5734623 -0.819232 0 -0.5734623 -0.8192321 0 -0.7072084 -0.7070052 0 -0.7072067 -0.7070068 0 -0.7072069 -0.7070067 0 -0.7072086 -0.7070051 0 -0.8191372 -0.5735979 0 -0.8191372 -0.5735978 0 -0.8191371 -0.5735978 0 -0.8191371 -0.5735979 0 -0.9063324 -0.4225656 0 -0.9063323 -0.4225657 0 -0.9063323 -0.4225657 0 -0.9063323 -0.4225656 0 -0.9659206 -0.2588388 0 -0.9659201 -0.2588405 0 -0.9659202 -0.2588403 0 -0.9659206 -0.2588387 0 -0.9961944 -0.08715975 0 -0.9961943 -0.08716148 0 -0.9961943 -0.08716136 0 -0.9961944 -0.08715969 0 -0.9961943 0.08716136 0 -0.9961944 0.08715963 0 -0.9961944 0.08715975 0 -0.9961943 0.08716148 0 -0.9659067 0.2588905 0 -0.9659072 0.2588889 0 -0.9659071 0.258889 0 -0.9659067 0.2588906 0 -0.9062914 0.4226536 0 -0.9062908 0.4226549 0 -0.9062908 0.4226548 0 -0.9062914 0.4226534 0 -0.8191659 0.5735567 0 -0.8191651 0.5735578 0 -0.8191652 0.5735577 0 -0.819166 0.5735567 0 -0.7071074 0.7071063 0 -0.7071074 0.7071062 0 -0.7071074 0.7071062 0 -0.7071073 0.7071062 0 -0.5737374 0.8190394 0 -0.5737366 0.81904 -2.09084e-7 -0.5734618 0.8192324 0 -0.5737374 0.8190394 0 -0.4225656 0.9063323 0 -0.4225662 0.9063321 0 -0.4225661 0.9063321 0 -0.4225656 0.9063324 0 -0.2588402 0.9659202 0 -0.2588397 0.9659203 0 -0.2588397 0.9659203 0 -0.2588402 0.9659202 0 -0.08715957 0.9961944 0 0.08715951 0.9961944 0 0.08715927 0.9961945 0 0.08715927 0.9961945 0 0.08715957 0.9961944 0 0.2588899 0.9659069 0 0.2588898 0.9659069 0 0.2588898 0.9659069 0 0.2588899 0.9659069 0 0.4224889 0.9063681 0 0.4224902 0.9063675 0 0.4224901 0.9063675 0 0.4224889 0.9063682 0 0.5736917 0.8190715 0 0.7071048 0.7071088 0 0.7071083 0.7071053 0 0.707108 0.7071055 0 0.7071046 0.707109 0 0.8191651 0.5735579 0 0.8191668 0.5735555 0 0.8191667 0.5735557 0 0.819165 0.573558 0 0.9062909 0.4226546 0 0.9062922 0.4226518 0 0.9062922 0.422652 0 0.9062908 0.4226548 0 0.9658708 0.2590245 0 0.9659568 0.2587037 0 0.9659568 0.2587034 0 0.9659577 0.2587002 0 0.9961945 0.08715808 0 0.9961943 0.08716148 0 0.9961943 0.08716124 0 0.9961946 0.08715784 0 0.9961943 -0.08716124 0 0.9961946 -0.08715784 0 0.9961945 -0.08715802 0 0.9961943 -0.08716148 0 0.9659207 -0.2588386 0 0.9659207 -0.2588385 0 0.9659207 -0.2588385 0 0.9659207 -0.2588385 0 0.9063321 -0.4225661 0 0.9063323 -0.422566 0 0.9063321 -0.422566 0 0.8191366 -0.5735986 0 0.8191382 -0.5735964 0 0.819138 -0.5735965 0 0.8191365 -0.5735988 0 0.7071079 -0.7071057 0 0.7071061 -0.7071075 0 0.7071062 -0.7071074 0 0.707108 -0.7071056 0 0.5735569 -0.8191658 0 0.5735567 -0.8191659 0 0.4224875 -0.9063689 0 0.4224887 -0.9063682 0 0.4224887 -0.9063683 0 0.4224874 -0.9063689 0 0.2588908 -0.9659066 0 0.2588908 -0.9659066 0 0.2588908 -0.9659067 0 0.08715915 -0.9961945 0 0.08715879 -0.9961945 0 0.08715885 -0.9961944 0 0.08715915 -0.9961945 0 -9.53249e-7 0 1 0 0 1 5.39085e-7 0 1 -1.66349e-6 0 1 -2.20036e-6 0 1 2.09401e-6 0 1 0 0 1 8.39349e-7 0 1 0 0 1 1.25899e-6 0 1 3.1406e-7 0 1 0 0 1 -1.18337e-6 0 1 -6.19728e-6 0 1 4.36763e-6 0 1 -4.52134e-7 0 1 0 0 1 5.52183e-7 0 1 0 0 1 4.43884e-6 0 1 2.02754e-7 0 1 -2.9014e-7 0 1 1.04379e-6 0 1 -1.22325e-6 0 1 1.71214e-6 0 1 -1.07741e-6 0 1 3.13636e-6 0 1 -8.47424e-6 0 1 4.03867e-6 0 1 -1.35868e-5 0 1 2.0489e-7 0 1 2.45438e-6 0 1 0.6948778 0.5067852 0.5102095 0.6949136 0.5067855 0.5101604 0.6948807 0.5067535 0.5102372 0.694882 0.5068126 0.5101764 0.6948553 0.1854159 0.694836 0.6947829 0.1853983 0.6949131 0.6947994 0.185309 0.6949204 0.6948528 0.1853643 0.6948524 0.7070996 0 0.7071141 0.7070997 0 0.707114 0.7071094 0 0.7071043 0.7071093 0 0.7071042 0.7004731 -0.1391506 0.6999818 0.7002561 -0.1389471 0.7002394 0.7001375 -0.1393207 0.7002837 0.7002882 -0.1393229 0.7001326 0.7001793 -0.3965913 0.593687 0.7002073 -0.3966072 0.5936434 0.7002381 -0.3966193 0.593599 0.7002224 -0.396613 0.5936217 0.700228 -0.593616 0.3966117 0.7002221 -0.5936206 0.3966152 0.7002585 -0.5937802 0.396312 0.7002448 -0.5936195 0.3965768 0.7001855 -0.7002459 0.1392693 0.7002426 -0.7001874 0.1392763 0.7002133 -0.7002213 0.1392537 0.7002196 -0.7002159 0.1392484 0.7071166 -0.7070971 0 0.7071155 -0.7070981 0 0.7070941 -0.7071195 0 0.7070931 -0.7071205 0 0.7039585 -0.7041009 -0.09319055 0.7040193 -0.7040347 -0.09323054 0.7039877 -0.7040389 -0.09343713 0.7040004 -0.7040202 -0.09348261 0.7040277 -0.6552291 -0.2738977 0.7039728 -0.6552916 -0.2738891 0.7041067 -0.6551288 -0.2739343 0.7040411 -0.6552074 -0.273915 0.7072148 -0.6107332 -0.3561632 0.7071469 -0.6107926 -0.3561964 0.7070637 -0.6108648 -0.3562377 0.7072668 -0.6106892 -0.3561354 0.7035885 -0.6557579 -0.2737605 0.704013 -0.6554391 -0.2734325 0.7035362 -0.6558293 -0.273724 0.7039993 -0.704105 -0.09285026 0.7040179 -0.7040824 -0.09287989 0.7040582 -0.7040399 -0.09289771 0.7040902 -0.704007 -0.09290337 0.7070199 -0.6827188 -0.1844391 0.7070121 -0.6827216 -0.1844593 0.7070083 -0.6827301 -0.1844419 0.7031964 -0.6559813 -0.2742325 0.7071101 -0.7071035 0 0.70711 -0.7071036 0 0.707096 -0.7071176 0 0.707096 -0.7071176 0 0.700238 -0.70019 -0.1392871 0.7002144 -0.7002152 -0.1392788 0.7003061 -0.7001235 -0.1392789 0.7003603 -0.7000569 -0.1393411 0.7001882 -0.5936786 -0.3965883 0.7002226 -0.5936216 -0.3966131 0.70017 -0.5936707 -0.396632 0.7002004 -0.5935899 -0.3966996 0.6999763 -0.3967069 -0.5938493 0.7002083 -0.3966833 -0.5935914 0.7001941 -0.3968188 -0.5935176 0.7002087 -0.3966397 -0.5936202 0.700193 -0.1393125 -0.7002299 0.7001866 -0.1393232 -0.7002342 0.700449 -0.139234 -0.6999894 0.700239 -0.1390811 -0.7002298 0.7071053 0 -0.7071083 0.7004718 0.1391528 -0.6999827 0.7002148 0.1392798 -0.7002145 0.7002062 0.1393039 -0.7002184 0.7001976 0.1392983 -0.700228 0.7001815 0.3965974 -0.5936804 0.7002211 0.3966124 -0.5936237 0.700186 0.3965987 -0.5936743 0.7002124 0.3966089 -0.5936362 0.7002283 0.5936157 -0.3966115 0.7002038 0.5936273 -0.3966374 0.7002553 0.5937825 -0.3963142 0.7002336 0.5936199 -0.396596 0.7001906 0.700232 -0.1393137 0.7003064 0.7001343 -0.1392228 0.7004494 0.6999878 -0.1392404 0.7001925 0.7001768 -0.1395816 0.707098 0.7071157 0 0.7070981 0.7071155 0 0.7071171 0.7070965 0 0.7071006 0.707113 0 0.7071004 0.7071133 0 0.7040108 0.7040029 0.09353488 0.7040064 0.7040069 0.09353828 0.7040114 0.7039954 0.09358668 0.7040197 0.703988 0.09358024 0.704026 0.6552221 0.2739188 0.7040179 0.6552296 0.2739214 0.7040307 0.6552298 0.2738883 0.7040197 0.6552495 0.2738695 0.7068008 0.6110578 0.3564282 0.7070432 0.6108741 0.3562621 0.707126 0.6108108 0.3562066 0.7071338 0.6108037 0.356203 0 -0.9808101 -0.1949663 0 -0.980782 -0.1951075 0 -0.980782 -0.1951075 0 -0.9808101 -0.1949663 0 -0.8314427 -0.5556105 0 -0.831398 -0.5556774 0 -0.8313977 -0.5556778 0 -0.8314425 -0.555611 0 -0.5556752 -0.8313995 0 -0.5556838 -0.8313937 0 -0.5556038 -0.8314473 0 -0.5556749 -0.8313997 0 -0.1949673 -0.9808098 0 -0.1952022 -0.980763 0 -0.1951082 -0.9807817 0 -0.1951083 -0.9807817 0 -1 0 0 -0.9226295 -0.3856876 0 -0.9226346 -0.3856756 0 -0.9226297 -0.3856871 0 -0.9226348 -0.3856751 0 -0.9654049 -0.2607557 0 -0.9657167 -0.2595984 -1.24013e-5 -0.9657167 -0.2595984 1.24046e-5 -0.9660271 -0.2584409 0 -0.991404 -0.130836 0 -0.9914041 -0.1308362 0 -0.9913978 -0.1308836 0 -0.9914041 -0.1308362 0 0.9226285 0.38569 0 0.9226658 0.3856007 0 0.9226658 0.3856006 0 0.9226655 0.3856015 0 0.9912995 0.1316267 0 0.9912995 0.1316263 0 0.9912931 0.1316738 0 0.9912995 0.1316267 0 0.1951077 -0.9807819 0 0.1952016 -0.9807632 0 0.1951075 -0.9807819 0 0.1951077 -0.9807819 0 0.5555979 -0.8314512 0 0.5556773 -0.8313982 0 0.5556774 -0.8313981 0 0.5555979 -0.8314512 0 0.8314779 -0.555558 0 0.8314509 -0.5555983 0 0.8314509 -0.5555983 0 0.831398 -0.5556776 0 0.9807815 -0.1951094 0 0.9807816 -0.1951092 0 0.9807816 -0.1951092 0 0.9807815 -0.1951094 0 -0.1949673 0.9808098 0 -0.1952022 0.980763 0 -0.1951082 0.9807817 0 -0.1951083 0.9807817 0 -0.5556008 0.8314492 0 -0.5555918 0.8314552 0 -0.5555522 0.8314818 0 -0.5555612 0.8314757 0 -0.8314067 0.5556645 0 -0.831389 0.555691 0 -0.8314428 0.5556104 -3.5388e-7 -0.8314607 0.5555838 0 -0.980782 0.195107 0 -0.9808064 0.1949842 0 -0.9807785 0.1951246 0 -0.9808102 0.1949654 0 -0.9226108 -0.3857324 -1.60853e-7 -0.9225603 -0.3858531 0 -0.9226156 -0.385721 0 -0.922555 -0.3858657 0 -0.9912793 -0.1317782 0 -0.9913 -0.131622 0 -0.991344 -0.13129 0 -0.9913423 -0.1313036 0 -0.8638362 -0.5037729 0 -0.8638361 -0.503773 0 -0.8638359 -0.5037736 0 -0.8638357 -0.5037738 0 0.7046886 0.7095167 0 0.7048246 0.7093816 0 0.7046886 0.7095167 0 0.7048246 0.7093816 0 0.2575358 0.9662688 0 0.2575365 0.9662686 0 0.2575364 0.9662686 0 0.2575358 0.9662688 0 0.863817 0.5038058 0 0.863817 0.5038058 0 1 0 0 1 0 0 1 0 0 1 0 0 1 0 0 1 -1.44134e-7 0 1 0 0 1 0 0 1 0 0 1 0 0 1 0 0 1 0 0 1 0 0 1 0 0 1 0 0 1 0 0 1 0 0 1 1.27537e-7 0 1 0 0 1 0 0 1 0 0 1 0 0 1 0 0 1 0 0 1 0 0 1 0 0 1 0 0 1 0 0 1 0 0 1 0 0 1 0 0 1 0 0 1 0 0 1 0 0 1 1.60756e-7 0 1 -2.62066e-7 0 1 0 0 1 0 0 1 -2.75373e-7 0 1 0 0 1 0 0 1 0 0 1 0 0 1 0 0 1 0 0 1 0 0 1 0 0 1 0 0 1 0 0 1 1.442e-7 0 1 0 0 1 0 0 1 0 0 1 0 0 1 0 0 1 0 0 1 0 0 1 0 0 1 0 0 1 0 0 1 0 0 1 0 0 1 0 0 1 -1.60786e-7 0 1 0 0 1 -2.52195e-7 0 1 2.64725e-7 1 -1.85516e-6 0 1 -1.6561e-6 0 1 -6.33184e-7 0 1 1.85511e-6 0 1 0 0 1 -5.2375e-7 0 1 -1.88931e-6 0 1 -3.37263e-7 0 1 2.04756e-6 0 1 -3.3271e-7 0 1 -2.96884e-7 0 1 0 0 1 0 0 1 -1.73062e-7 0 1 5.66303e-6 0 1 2.31896e-6 0 1 -1.94018e-6 0 1 -2.13593e-5 0 1 -7.95021e-6 0 1 -1.584e-5 0 1 5.50563e-6 0 1 9.8121e-5 0 1 -1.67872e-5 0 1 6.27129e-6 0 -0.6948573 0.1854155 0.6948341 -0.6948776 0.1852002 0.6948713 -0.6948399 0.1853908 0.6948581 -0.6949073 0.1854068 0.6947864 -0.6948673 0.5068892 0.5101203 -0.6947382 0.5071957 0.5099915 -0.6948407 0.5068436 0.5102021 -0.6948365 0.5069093 0.5101425 -0.7071093 0 0.7071043 -0.7070997 0 0.7071139 -0.7070997 0 0.7071139 -0.7002402 -0.7001879 0.139286 -0.7002146 -0.7002146 0.139281 -0.7003076 -0.700122 0.1392788 -0.7003578 -0.7000595 0.1393405 -0.7001875 -0.5936746 0.3965957 -0.7002245 -0.5936187 0.3966137 -0.7001908 -0.5936677 0.3966 -0.7001914 -0.5936667 0.3966005 -0.7002163 -0.3966543 0.5936014 -0.7001945 -0.3966992 0.5935971 -0.7002014 -0.3967304 0.5935681 -0.700233 -0.3965968 0.5936201 -0.7005305 -0.1391425 0.699926 -0.7001945 -0.1393171 0.7002275 -0.7001113 -0.1393285 0.7003083 -0.7001849 -0.1395791 0.7001849 -0.707105 -0.7071086 0 -0.707105 -0.7071086 0 -0.7071046 -0.7071089 0 -0.7071046 -0.707109 0 -0.7043029 -0.6549759 -0.2737958 -0.7040309 -0.6552217 -0.2739073 -0.7040303 -0.6552689 -0.2737954 -0.7039687 -0.6552444 -0.2740126 -0.7038962 -0.7041618 -0.09320044 -0.7038331 -0.7042173 -0.09325802 -0.7039665 -0.7041 -0.09313637 -0.7040154 -0.7040154 -0.09340572 -0.7070742 -0.6108559 -0.356232 -0.7070741 -0.6108559 -0.356232 -0.7071363 -0.6108018 -0.3562012 -0.7072041 -0.6107404 -0.3561721 -0.704065 -0.7040325 -0.09290134 -0.7041021 -0.7039881 -0.09295743 -0.7040467 -0.7040494 -0.09291279 -0.7040194 -0.6552382 -0.2738971 -0.7035753 -0.6557837 -0.2737327 -0.7036011 -0.6558007 -0.2736257 -0.7032002 -0.6561982 -0.2737035 -0.7070105 -0.6827281 -0.1844414 -0.7070211 -0.6827128 -0.184457 -0.7069987 -0.6827395 -0.1844443 -0.7040627 -0.7040337 -0.0929107 -0.7071101 -0.7071035 0 -0.7071101 -0.7071036 0 -0.707103 -0.7071105 0 -0.707103 -0.7071106 0 -0.7004695 -0.1391522 -0.6999852 -0.7002472 -0.1389527 -0.7002472 -0.7002041 -0.1393045 -0.7002204 -0.7002265 -0.1393061 -0.7001977 -0.7001751 -0.3965981 -0.5936877 -0.7002718 -0.3966321 -0.5935507 -0.6999111 -0.3964962 -0.5940667 -0.7002302 -0.396616 -0.5936107 -0.6999939 -0.5938358 -0.396696 -0.7001977 -0.5935958 -0.3966955 -0.7002167 -0.593635 -0.3966033 -0.7002381 -0.5936201 -0.396588 -0.7001944 -0.7002286 -0.1393118 -0.7001919 -0.7002295 -0.1393197 -0.7002114 -0.7002134 -0.1393027 -0.7001849 -0.7001849 -0.1395791 -0.7071053 0 -0.7071083 -0.7002363 0.7001914 -0.1392883 -0.7002024 0.700198 -0.1394256 -0.7001334 0.7002876 -0.1393218 -0.700098 0.7003328 -0.1392722 -0.7001876 0.5936749 -0.396595 -0.7002294 0.5936117 -0.3966156 -0.7002419 0.5935936 -0.3966208 -0.7002101 0.5936397 -0.396608 -0.7002241 0.3966132 -0.5936197 -0.7002322 0.3966031 -0.5936169 -0.700213 0.3967326 -0.5935528 -0.7002305 0.3966013 -0.59362 -0.7001951 0.1393112 -0.7002279 -0.7001844 0.1393255 -0.7002359 -0.7002151 0.1393017 -0.7002099 -0.7001965 0.1395668 -0.7001757 -0.7071076 0.707106 0 -0.7071052 0.7071085 0 -0.7071085 0.7071052 0 -0.7071085 0.7071051 0 -0.7040219 0.6552193 0.2739358 -0.7039745 0.6553205 0.2738157 -0.7040337 0.6552397 0.2738569 -0.7040261 0.6552246 0.2739123 -0.7040097 0.7040043 0.09353297 -0.7040171 0.7039942 0.09355342 -0.704013 0.7039936 0.09358829 -0.704005 0.7040048 0.09356456 -0.7071327 0.6108058 0.3562016 -0.7071406 0.6107996 0.3561969 -0.7071915 0.6107513 0.3561787 -0.7071994 0.6107441 0.3561751 -1 0 0 -1 -5.46222e-7 0 -1 -1.38616e-7 0 -1 1.44332e-6 0 -1 2.39986e-6 0 -1 0 0 -1 0 0 -1 1.23691e-6 0 -1 -5.10112e-6 0 -1 -9.27581e-7 0 -1 5.28658e-7 0 -1 -1.89486e-7 0 -1 -1.65938e-7 0 -1 0 0 -1 -5.40594e-6 0 -1 -2.08703e-6 0 -1 -9.81186e-5 0 -1 1.67874e-5 0 -1 -3.08516e-7 0 -1 -9.8121e-5 0 -1 1.67879e-5 0 -1 -5.27721e-6 0 0 1 -2.92355e-7 0 1 0 0 1 2.28867e-6 0 1 6.41155e-7 0 1 1.24123e-7 0 1 -1.85229e-7 0 1 5.04897e-7 0 1 -3.51558e-6 0 1 6.97331e-6 0 1 -1.705e-6 0 1 2.68014e-6 0 1 6.92787e-7 0 1 -2.92356e-7 0 1 0 0 1 2.28867e-6 0 1 6.41156e-7 0 1 1.24123e-7 0 1 -1.85231e-7 0 1 5.04898e-7 0 1 -1.70501e-6 0 1 2.68014e-6 0 1 6.92788e-7 0 1 -2.92359e-7 0 1 6.41156e-7 0 1 1.24121e-7 0 1 -1.85229e-7 0 1 -3.51563e-6 0 1 -1.705e-6 0 1 2.68014e-6 0 1 6.92789e-7 -0.9749189 0 -0.222561 -0.9749189 0 -0.222561 -0.9749189 0 -0.222561 -0.9749189 0 -0.222561 -0.7821129 0 -0.6231368 -0.7821142 0 -0.6231353 -0.782113 0 -0.6231367 -0.7821142 0 -0.6231352 -0.4339739 0 -0.9009255 -0.4339714 0 -0.9009267 -0.4339306 0 -0.9009463 -0.4339281 0 -0.9009476 0.4338822 0 -0.9009697 0.433928 0 -0.9009477 0.4338824 0 -0.9009696 0.4339712 0 -0.9009267 0.7819085 0 -0.6233934 0.7819072 0 -0.623395 0.7821174 0 -0.623131 0.7821162 0 -0.6231327 0.974931 0 -0.2225076 0.974931 0 -0.2225076 0.974931 0 -0.2225076 0.974931 0 -0.2225076 0.9749355 0 0.2224878 0.9749357 0 0.2224872 0.9749248 0 0.2225345 0.9749357 0 0.2224872 0.7816155 0 0.6237607 0.7817039 0 0.6236498 0.7817052 0 0.6236483 0.7816142 0 0.6237623 0.4339281 0 0.9009475 0.4338875 0 0.9009671 0.4339283 0 0.9009475 0.433974 0 0.9009255 -0.4339334 0 0.900945 -0.4340605 0 0.9008838 -0.4339333 0 0.900945 -0.4339739 0 0.9009255 -0.7817605 0 0.623579 -0.7817018 2.29773e-7 0.6236525 -0.7817007 0 0.623654 -0.7817018 0 0.6236524 -0.9748815 0 0.2227246 -0.9748813 0 0.2227252 -0.9748814 0 0.2227246 -0.9749559 0 0.2223981 -0.9749401 0 -0.2224676 -0.9749401 0 -0.2224676 -0.9749401 0 -0.2224677 -0.9749189 0 -0.2225611 -0.7818148 0 -0.6235108 -0.7821134 0 -0.6231361 -0.7818148 0 -0.6235108 -0.4339304 0 -0.9009464 -0.4338873 0 -0.9009672 -0.4338873 0 -0.9009672 -0.4339304 0 -0.9009464 0.4339278 0 -0.9009478 0.4339277 0 -0.9009478 0.433971 0 -0.900927 0.4338845 0 -0.9009686 0.7821168 0 -0.6231319 0.7821168 0 -0.6231318 0.7819077 0 -0.6233943 0.974931 0 -0.2225077 0.974931 0 -0.2225077 0.974931 0 -0.2225077 0.974931 0 -0.2225077 0.9749249 0 0.2225341 0.9749249 0 0.2225341 0.9749249 0 0.2225341 0.9749249 0 0.2225341 0.7816151 0 0.623761 0.7817049 0 0.6236485 0.781705 0 0.6236486 0.781705 0 0.6236485 0.4339278 0 0.9009478 0.4339277 0 0.9009478 0.433971 0 0.900927 0.4338845 0 0.9009686 -0.4339304 0 0.9009464 -0.4338873 0 0.9009672 -0.4338873 0 0.9009672 -0.4339304 0 0.9009464 -0.7818212 0 0.6235028 -0.7817016 0 0.6236528 -0.7817017 0 0.6236527 -0.7817016 0 0.6236528 -0.9749881 0 0.2222575 -0.9748814 0 0.2227248 -0.9748814 0 0.2227248 -0.9749561 0 0.2223977 -0.9749613 0 -0.2223748 -0.9749189 0 -0.2225611 -0.9749186 0 -0.2225617 -0.7821142 0 -0.6231352 -0.7821142 0 -0.6231352 -0.4339281 0 -0.9009476 -0.43389 0 -0.9009659 -0.4339714 0 -0.9009266 -0.4339334 0 -0.900945 0.433974 0 -0.9009254 0.4339256 0 -0.9009487 0.4338874 0 -0.9009672 0.4339685 0 -0.900928 0.7819085 0 -0.6233934 0.7819085 0 -0.6233934 0.7819085 0 -0.6233934 0.9749308 0 -0.2225083 0.974931 -3.86048e-7 -0.2225076 0.9749308 0 -0.2225083 0.9749357 0 0.2224872 0.9749248 5.30816e-7 0.2225345 0.9749357 0 0.2224872 0.9749355 0 0.2224878 0.7817052 0 0.6236482 0.7817052 0 0.6236482 0.7816155 0 0.6237607 0.4339281 0 0.9009475 0.4338823 0 0.9009696 0.4338847 0 0.9009684 0.4339685 0 0.900928 -0.4339281 0 0.9009476 -0.4339306 0 0.9009463 -0.4339714 0 0.9009267 -0.4339739 0 0.9009255 -0.7817019 0 0.6236524 -0.7817019 0 0.6236525 -0.7817018 0 0.6236524 -0.9749559 0 0.2223981 -0.7001972 0.7001983 -0.13945 -0.7002129 0.700209 -0.1393173 -0.7002136 0.7002106 -0.139306 -0.7000725 0.7004053 -0.1390359 -0.5936271 0.7002059 -0.3966341 -0.5936483 0.700187 -0.3966357 -0.5935661 0.7002799 -0.3965947 -0.5936693 0.7001747 -0.396626 -0.4701832 0.7064724 -0.5289844 -0.4701831 0.7064724 -0.5289845 -0.470183 0.7064725 -0.5289845 -0.4213053 0.6519781 -0.6304177 -0.4213052 0.6519781 -0.6304177 -0.4213051 0.6519781 -0.6304177 -0.07663434 0.7050355 -0.7050193 -0.1494383 0.6423632 -0.75169 -0.1494383 0.6423632 -0.7516899 -0.1494383 0.6423631 -0.75169 -0.2124068 0.7057352 -0.6758854 -0.2124066 0.7057353 -0.6758855 -0.2124068 0.7057353 -0.6758854 -0.3593093 0.7037294 -0.6129127 -0.3593092 0.7037294 -0.6129126 -0.3593092 0.7037294 -0.6129127 -0.139237 0.7002189 0.7002189 -0.139237 0.7002189 0.700219 -0.09106612 0.5815356 0.8084079 -0.09106624 0.5815356 0.808408 -0.0910663 0.5815355 0.808408 -0.2151497 0.7058577 0.6748893 -0.2151499 0.7058576 0.6748894 -0.2151498 0.7058576 0.6748894 -0.3966093 0.7002116 0.5936371 -0.3966093 0.7002115 0.5936371 -0.3966094 0.7002115 0.5936371 -0.7002252 0.7002466 0.1390662 -0.7001574 0.7002851 0.1392136 -0.7001574 0.7002851 0.1392136 -0.5936461 0.7001771 0.3966563 -0.5935796 0.7002786 0.3965768 -0.5936196 0.700225 0.3966118 -0.5936126 0.7002428 0.3965908 -0.4715089 0.7065111 0.5277514 -0.4715089 0.706511 0.5277514 -0.4715088 0.7065111 0.5277514 -0.395903 0.6266958 0.6712028 -0.395903 0.6266958 0.6712028 -0.395903 0.6266958 0.6712029 0.7004523 0.7004648 0.1368054 0.700537 0.7003862 0.1367738 0.7006891 0.7002453 0.136717 0.7007901 0.7001516 0.1366793 0.596002 0.7001624 0.3931341 0.59601 0.7000879 0.3932545 0.5960426 0.7001401 0.3931121 0.5960676 0.7001256 0.3931002 0.4728066 0.7065032 0.5265997 0.4728066 0.7065032 0.5265997 0.4728065 0.7065033 0.5265995 0.4236587 0.6516258 0.6292037 0.4236587 0.6516258 0.6292037 0.4236588 0.6516258 0.6292036 0.07938528 0.7048752 0.7048752 0.07938528 0.7048751 0.7048752 0.07938528 0.7048752 0.7048752 0.1504979 0.6419981 0.7517906 0.1504978 0.6419981 0.7517906 0.1504978 0.641998 0.7517905 0.2159057 0.7058001 0.6747081 0.2159058 0.7058001 0.674708 0.2159057 0.7058001 0.6747081 0.3617559 0.7035952 0.6116261 0.3617559 0.7035952 0.6116262 0.3617559 0.7035952 0.6116261 -0.9808435 0 0.1947978 -0.6663656 0 0.7456252 -0.6663656 -1.28852e-7 0.7456252 -0.6663656 0 0.7456252 0.9749001 0 0.2226427 0.9749001 0 0.2226427 0.9749002 0 0.2226427 0.7817502 0.007163941 0.6235506 0.7817502 0.007164001 0.6235506 0.7817502 0.007163941 0.6235506 0.8346927 -0.003900468 0.5507024 0.8346926 -0.003900527 0.5507023 0.8346926 -0.003900527 0.5507024 0.9814921 0.005405008 0.1914265 0.4338753 0.008903026 0.900929 0.4338753 0.008903026 0.900929 0.4338753 0.008903026 0.900929 0.509126 0 0.860692 0.509126 0 0.860692 0.509126 0 0.860692 0.6680554 1.70848e-7 0.7441116 0.6680554 -1.23664e-7 0.7441116 0.6680554 0 0.7441115 -0.4339786 0 0.9009233 -0.4339786 0 0.9009233 -0.4339786 0 0.9009233 -0.5081183 0.01390945 0.8611751 -0.3037645 0 0.9527471 -0.3037645 0 0.9527471 -0.3037645 0 0.9527471 -0.1119624 0 0.9937126 -0.1119624 0 0.9937126 -0.1119624 0 0.9937126 -0.1119624 0 0.9937126 0.111916 0 0.9937177 0.1119636 0 0.9937124 0.1119636 0 0.9937124 0.1119636 0 0.9937124 0.3048081 0 0.9524138 0.3048081 0 0.9524138 0.304808 0 0.9524138 -0.8314845 0.01052629 0.5554482 -0.8314846 0.01052629 0.5554482 -0.8314845 0.01052629 0.5554482 -0.7817462 -0.005337417 0.623574 -0.7817462 -0.005337417 0.623574 -0.7817462 -0.005337417 0.623574 -0.9749115 0.004111409 0.2225552 -0.9749115 0.004111409 0.2225552 -0.9749115 0.004111409 0.2225552 0 1 0 0 1 0 0 1 0 0 1 3.78226e-7 0 1 0 0 1 0 0 1 0 0 1 0 -0.9808316 0.004931151 -0.1947951 -0.9746172 0 -0.2238784 -0.9746171 0 -0.2238784 -0.9746171 0 -0.2238784 -0.8315169 -0.003684878 -0.5554873 -0.8315169 -0.003684878 -0.5554874 -0.8315169 -0.003684878 -0.5554874 -0.7792517 0.007276594 -0.626669 -0.7792517 0.007276654 -0.6266689 -0.7792517 0.007276654 -0.626669 -0.6643527 0 -0.7474192 -0.6643527 0 -0.7474192 -0.6643527 0 -0.7474192 -0.5059436 0 -0.8625666 -0.5059437 0 -0.8625666 -0.5059436 -2.24401e-7 -0.8625666 -0.4278594 0.009103655 -0.9037994 -0.4278594 0.009103655 -0.9037994 -0.4278595 0.009103655 -0.9037994 -0.2997784 0 -0.9540089 -0.2997784 0 -0.9540089 -0.2997784 0 -0.9540089 -0.1080597 0 -0.9941445 -0.1080597 0 -0.9941444 -0.1080597 0 -0.9941444 -0.1080597 0 -0.9941445 0.117255 0 -0.993102 0.1172502 0 -0.9931025 0.1172547 0 -0.9931019 0.1172499 0 -0.9931026 0.3098468 0 -0.9507866 0.3098468 0 -0.9507865 0.3098468 -1.42748e-6 -0.9507866 0.4433027 0.008598208 -0.8963308 0.4438932 0.008713006 -0.8960373 0.4440972 0.008707523 -0.8959364 0.4448094 0.008798122 -0.8955821 0.5687807 0 -0.8224893 0.9767683 0 -0.214298 0.9814995 0.003758966 -0.191428 0.7907854 -0.004410088 -0.6120777 0.8347672 0.009615302 -0.5505191 0.8347672 0.009615302 -0.5505191 0.8347672 0.009615302 -0.5505191 0.6730526 3.66825e-7 -0.7395948 0.6730526 0 -0.7395947 0.6730526 -1.4956e-7 -0.7395947 0.1402381 0.7001181 -0.70012 0.09488725 0.5878486 -0.8033869 0.09488719 0.5878486 -0.8033869 0.09488749 0.5878484 -0.8033869 0.2194811 0.7059676 -0.6733781 0.2194814 0.7059672 -0.6733783 0.2194814 0.7059671 -0.6733784 0.3137915 0.7063721 -0.6344867 0.3137615 0.7063797 -0.6344931 0.3136873 0.7064197 -0.6344853 0.3137534 0.7063683 -0.6345099 0.4338253 0.7036637 -0.5627193 0.7004678 0.7004861 -0.1366169 0.700627 0.7002972 -0.136769 0.7005005 0.7004151 -0.1368128 0.7004696 0.7004489 -0.1367981 0.596098 0.7000483 -0.3931916 0.5960751 0.7000618 -0.3932024 0.5960583 0.7000714 -0.3932108 0.5960403 0.7000862 -0.3932116 0.4762901 0.7065887 -0.5233358 0.4762901 0.7065887 -0.5233358 0.4762899 0.7065887 -0.5233357 0.4271037 0.6605983 -0.6174079 0.4271037 0.6605982 -0.6174079 0.4271036 0.6605982 -0.6174079 0.7002087 0.7002099 0.1393333 0.7002063 0.7002266 0.1392621 0.7002182 0.7002053 0.1393092 0.7002357 0.7001861 0.139318 0.5936051 0.7002342 0.3966171 0.5935179 0.7002788 0.3966689 0.593712 0.7001164 0.396665 0.5935853 0.7002583 0.3966043 0.4715934 0.7064903 0.5277037 0.4715933 0.7064903 0.5277037 0.4715936 0.7064902 0.5277037 0.4206705 0.6534152 0.6293529 0.4206704 0.6534153 0.6293529 0.07938063 0.7048756 0.7048753 0.07938063 0.7048757 0.7048752 0.07938063 0.7048757 0.7048752 0.149415 0.6430441 0.7511121 0.149415 0.6430441 0.7511122 0.1494149 0.6430441 0.7511122 0.2151063 0.7058885 0.674871 0.2151061 0.7058886 0.6748709 0.2151062 0.7058885 0.6748709 0.3609918 0.7036858 0.6119732 0.3609918 0.7036858 0.6119733 0.139343 0.7002081 -0.7002086 0.1393736 0.7001495 -0.7002611 0.1393143 0.7001452 -0.7002773 0.1393021 0.7002302 -0.7001947 0.3131014 0.7063179 -0.6348879 0.3131465 0.7062607 -0.6349292 0.3130993 0.7063103 -0.6348972 0.3131129 0.7063398 -0.6348578 0.4322773 0.7041128 -0.5633487 0.4322898 0.7040395 -0.5634305 0.432287 0.7040966 -0.5633615 0.4322869 0.7040709 -0.5633935 0.5936556 0.7001746 -0.3966468 0.5936556 0.7001746 -0.3966468 0.5936556 0.7001746 -0.3966468 0.7001971 0.7002072 -0.1394065 0.7002149 0.7001982 -0.1393614 0.7002052 0.7002257 -0.1392728 0.7002273 0.7001885 -0.1393477 0.6349033 0.7063038 -0.313102 0.6349032 0.7063038 -0.313102 0.6272196 0.6123254 -0.4813036 0.6272196 0.6123254 -0.4813036 0.6272197 0.6123254 -0.4813036 -0.7002366 0.7002537 -0.1389734 -0.7002621 0.7001426 -0.1394035 -0.7002621 0.7001426 -0.1394036 -0.7002621 0.7001426 -0.1394036 -0.6348665 0.7062977 -0.3131902 -0.6348665 0.7062978 -0.3131902 -0.6325796 0.6488688 -0.4228622 -0.5633531 0.7041026 -0.4322881 -0.5633531 0.7041026 -0.4322879 -0.5633531 0.7041026 -0.4322879 -0.3966095 0.7002321 -0.5936126 -0.3966096 0.7002321 -0.5936126 -0.3966094 0.7002321 -0.5936127 -0.1394043 0.7002047 -0.7001999 -0.1393539 0.699882 -0.7005324 -0.1393292 0.7001649 -0.7002547 -0.1393164 0.70019 -0.700232 -0.3130905 0.7063137 -0.634898 -0.3130905 0.7063137 -0.6348978 -0.3130903 0.7063136 -0.634898 -0.4813213 0.6123155 -0.6272156 -0.4813214 0.6123155 -0.6272157 -0.4813214 0.6123155 -0.6272157 -0.1392358 0.700219 0.700219 -0.1392358 0.700219 0.7002191 -0.0910893 0.581569 0.8083813 -0.09108936 0.581569 0.8083813 -0.09108901 0.5815691 0.8083812 -0.7002248 0.700247 0.1390662 -0.7001944 0.7002426 0.139242 -0.7001934 0.7002385 0.1392674 -0.700199 0.7002303 0.1392807 -0.5936037 0.7002525 0.3965868 -0.593649 0.7001844 0.3966394 -0.5936282 0.700198 0.3966463 -0.5936126 0.7002427 0.3965909 -0.4715798 0.7064703 0.5277426 -0.4715799 0.7064703 0.5277426 -0.4715796 0.7064704 0.5277426 -0.3958574 0.6267696 0.6711609 -0.3958575 0.6267696 0.6711609 0.9808309 0.004831731 0.1948013 0.831521 -0.003482282 0.5554825 0.831521 -0.003482282 0.5554825 0.831521 -0.003482282 0.5554825 0.7817531 0.006964981 0.6235493 0.7817531 0.006964981 0.6235493 0.7817531 0.006964981 0.6235493 0.6663656 0 0.7456252 0.6663656 0 0.7456252 0.6663656 -1.28244e-7 0.7456252 0.5081675 0 0.8612584 0.4341334 0.008778691 0.9008058 0.4341334 0.00877875 0.9008059 0.4341334 0.008778691 0.9008059 0.3037113 0 0.9527642 0.3037113 0 0.9527642 0.3037113 0 0.9527642 0.1119187 0 0.9937174 0.1119613 0 0.9937127 0.111966 0 0.9937121 0.111961 0 0.9937126 -0.1119598 0 0.9937129 -0.1119172 0 0.9937176 -0.1119124 0 0.9937181 -0.1119651 0 0.9937123 -0.3037156 0 0.9527629 -0.3037156 0 0.9527629 -0.3037156 0 0.9527629 -0.4341356 0.008778333 0.9008048 -0.4341356 0.008778393 0.9008048 -0.4341356 0.008778393 0.9008048 -0.5081675 0 0.8612584 -0.6663656 -1.28852e-7 0.7456252 -0.6663656 0 0.7456252 -0.7817502 0.006962656 0.623553 -0.7817503 0.006962656 0.6235529 -0.7817502 0.006962656 0.6235529 -0.8315181 -0.003483176 0.5554868 -0.8315181 -0.003483057 0.5554869 -0.8315181 -0.003483057 0.5554869 -0.9807782 0 0.1951266 -0.9807782 0 0.1951266 -0.9807782 0 0.1951266 -0.9807782 0 -0.1951266 -0.9807782 0 -0.1951266 -0.9807782 0 -0.1951266 -0.9658695 0.009619653 -0.2588507 -0.4423148 0 -0.89686 -0.4423148 0 -0.89686 -0.4423148 0 -0.8968599 -0.6086874 0 -0.7934103 -0.6086874 0 -0.7934103 -0.6086874 0 -0.7934103 -0.7070482 0.01290327 -0.7070477 -0.7933522 0 -0.6087629 -0.7933522 0 -0.6087629 -0.7933522 0 -0.6087629 -0.896878 0 -0.4422782 -0.896878 0 -0.4422782 -0.896878 0 -0.4422782 -0.1947858 0.01276147 -0.9807628 -0.258864 0 -0.9659138 0.1948009 0 -0.9808428 0.2588537 0.009618163 -0.9658687 0.4421933 0 -0.8969198 0.4421932 0 -0.8969198 0.4421932 0 -0.8969198 0.965913 0 -0.2588672 0.9807624 0.01276147 -0.1947877 0.896878 0 -0.4422782 0.896878 0 -0.4422782 0.896878 0 -0.4422782 0.7071071 0 -0.7071066 0.7931192 0.02531194 -0.6085404 0.7931192 0.02531188 -0.6085404 0.7931192 0.02531188 -0.6085404 0.6087588 0 -0.7933554 0.6087588 0 -0.7933554 0.6087588 0 -0.7933554 0 1 0 0 1 0 0 1 0 0 1 -7.54384e-7 0 1 0 0 1 1.34576e-7 0 1 6.08448e-7 0 1 -4.97012e-7 0 1 5.54011e-7 0 1 0 -0.4857879 0.8740768 0 -0.4857884 0.8740765 0 -0.3359986 0.9418625 0 -0.3359984 0.9418627 0 -0.3359987 0.9418625 0 -0.1770454 0.9842027 0 -0.1770449 0.9842028 0 -0.1770454 0.9842027 0 -0.1770459 0.9842026 0 -0.01322692 0.9999126 0 -0.01322692 0.9999126 0 -0.01322692 0.9999126 0 0.1482222 0.9889541 0 0.1482222 0.9889541 0 0.1482223 0.9889541 0 -0.4282016 0.9036833 2.84899e-4 -0.4280422 0.9037588 0 -0.4283366 0.9036191 5.17024e-4 -0.4287635 0.9034166 5.09668e-4 -0.1472641 0.9890972 -2.04451e-4 -0.146709 0.9891796 -5.6479e-4 -0.1474888 0.9890636 -2.58614e-4 -0.147579 0.9890503 0 0.1051146 0.7004563 0.7059122 0.1050409 0.7001727 0.7062044 0.1050976 0.700405 0.7059656 0.1050978 0.7004147 0.7059559 -0.009400308 0.7082306 0.7059186 -0.009401023 0.7081918 0.7059575 -0.009435594 0.7084278 0.7057203 -0.1475934 0.7774693 0.6113572 -0.1475934 0.7774694 0.6113572 -0.1475934 0.7774694 0.6113572 -0.07424622 0.7033863 0.7069196 -0.009437918 0.7083969 0.7057514 -0.1254531 0.6974022 0.7056145 -0.2380242 0.6672397 0.7057873 -0.238025 0.6672433 0.7057837 -0.2380069 0.6671522 0.7058758 -0.2380062 0.6671484 0.7058796 -0.3440097 0.6189913 0.7060504 -0.3440625 0.6190307 0.7059901 -0.3440625 0.6190307 0.7059901 0.3020237 0.9533005 0 0.3020241 0.9533003 0 0.3020246 0.9533002 0 0.382356 0.9240151 0 0.3823556 0.9240153 0 0.3823559 0.9240151 0 0.3823556 0.9240152 0 0.4603954 0.887714 0 0.4603942 0.8877146 0 0.4603942 0.8877146 0 0.4603931 0.8877152 0 0.5341379 0.8453975 0 0.5342342 0.8453366 0 0.5342602 0.8453201 0 0.534235 0.8453361 0 0.6049315 0.7962776 0 0.6049331 0.7962763 0 0.604933 0.7962764 0 0.6049346 0.7962751 0 0.6706532 0.7417712 0 0.6706228 0.7417986 0 0.6705838 0.7418338 0 0.6706246 0.741797 0 0.7319753 0.6813312 0 0.7319756 0.6813308 0 0.7319757 0.6813308 0 0.731976 0.6813305 0 0.787433 0.6164004 1.65669e-7 0.787454 0.6163735 -1.67174e-7 0.7874347 0.6163982 0 0.7874556 0.6163714 0 0.829868 0.5579599 0 0.8298669 0.5579615 0 0.8298671 0.5579612 0 0.8298659 0.5579628 0 0.8730898 0.4875593 0 0.8730836 0.4875706 0 0.8730891 0.4875608 0 0.8730828 0.487572 0 0.8810449 0.4730326 0 0.8810607 0.4730033 0 0.8810442 0.473034 0 0.8810372 0.4730469 0 0.9185876 0.3952175 0 0.9185871 0.3952189 0 0.918587 0.3952189 0 0.9185865 0.3952202 0 0.9488984 0.3155817 -1.81732e-7 0.9488984 0.3155817 0 0.9488984 0.3155817 1.47622e-7 0.9720385 0.2348112 -0.002203285 0.9722777 0.2338269 -0.001147568 0.9722946 0.233757 -0.001072585 0.9725352 0.2327563 0 0.9888527 0.1488969 0 0.9888526 0.1488974 -2.37102e-7 0.9888527 0.1488971 -2.23042e-7 0.9979296 0.06431657 -3.80213e-4 0.9979962 0.06326496 -0.001155018 0.9979609 0.06382554 -5.5349e-4 0.997928 0.0643413 0 0.9941828 -0.1077061 0 0.9941828 -0.1077062 0 0.9941828 -0.1077061 0 0.9941467 -0.1080397 2.09085e-7 0.9608218 -0.277167 0 0.9608218 -0.2771674 0 0.9608218 -0.277167 0 0.9608219 -0.2771667 0 0.8997963 -0.4363074 -0.001580536 0.9004654 -0.4349278 0 0.8997551 -0.4363923 -0.00167787 0.8990973 -0.437737 -0.003221035 0.8595924 -0.5109803 -1.31768e-7 0.8595924 -0.5109803 0 0.8595924 -0.5109803 0 0.8129684 -0.5823079 0 0.8129675 -0.5823091 0 0.8129675 -0.5823092 0 0.8129667 -0.5823104 0 0.7597831 -0.6501767 0 0.7597406 -0.6502262 0 0.7597849 -0.6501747 0 0.7597736 -0.6501879 0 0.7016755 -0.7124968 0 0.7016746 -0.7124975 0 0.7016737 -0.7124984 0 0.6375203 -0.7704336 0 0.6375195 -0.7704343 0 0.6375203 -0.7704337 0 0.6375195 -0.7704344 0 0.5698824 -0.8217264 0 0.5698831 -0.8217259 0 0.5698837 -0.8217254 0 0.4968343 -0.8678455 1.24249e-7 0.496765 -0.8678851 0 0.4967934 -0.867869 0 0.4967657 -0.8678848 0 0.4211831 -0.9069758 0 0.4211832 -0.9069756 0 0.4211833 -0.9069756 0 0.4211836 -0.9069755 0 0.3413571 -0.9399337 0 0.3414018 -0.9399175 0 0.3414022 -0.9399173 0 0.3414018 -0.9399175 0 0.2602227 -0.9655486 0 0.2602229 -0.9655486 0 0.2602231 -0.9655486 0 0.1050958 0.7003676 -0.706003 0.1050757 0.7003515 -0.7060219 0.10495 0.7001863 -0.7062044 0.1051012 0.7004138 -0.7059562 -0.009400665 0.7082313 -0.7059179 -0.009402275 0.7082623 -0.7058868 -0.00940454 0.7081929 -0.7059564 -0.00941056 0.7081648 -0.7059845 -0.1254217 0.6972994 -0.7057217 -0.1254202 0.6972951 -0.7057261 -0.1254122 0.6971651 -0.705856 -0.125394 0.6970695 -0.7059537 -0.2380322 0.6672338 -0.7057902 -0.2380334 0.6672371 -0.7057867 -0.2380036 0.6671575 -0.7058719 -0.2380024 0.6671545 -0.7058752 -0.3440187 0.6189779 -0.7060578 -0.3440219 0.618984 -0.7060509 -0.3439437 0.6188359 -0.7062187 -0.3441127 0.6191219 -0.7058858 -0.3042144 0.642313 -0.7034825 -0.3042045 0.6426226 -0.703204 -0.3042318 0.6426633 -0.703155 -0.3042241 0.6426492 -0.7031711 -0.1044062 0.7032616 -0.7032229 -0.1044062 0.7032845 -0.7032001 -0.1043949 0.7032834 -0.7032028 -0.1043942 0.7032443 -0.7032421 -0.1049257 0.7032047 0.7032026 -0.1049322 0.7032259 0.7031804 -0.1049985 0.7031798 0.7032166 -0.1050078 0.7032997 0.7030953 -0.3048106 0.6422554 0.7032769 -0.3048833 0.6423244 0.7031824 -0.3048833 0.6423244 0.7031825 -0.3048791 0.6423268 0.7031821 0.2139106 0.6751379 0.7059966 0.2139028 0.675107 0.7060285 0.2139533 0.6752368 0.7058889 0.2138342 0.674955 0.7061946 0.1841875 -0.6837735 0.7060657 0.18421 -0.6838307 0.7060045 0.1841953 -0.6837939 0.7060439 0.1842104 -0.6838319 0.7060032 0.2414015 -0.6646214 0.7071094 0.2414015 -0.6646214 0.7071094 0.2414015 -0.6646214 0.7071095 0.2710047 -0.5947993 0.756816 0.2982056 -0.6424031 0.7059687 0.2982056 -0.6424031 0.7059686 0.2982056 -0.6424032 0.7059686 0.3512999 -0.6136858 0.7070914 0.3512998 -0.6136858 0.7070913 0.3512999 -0.6136859 0.7070913 0.3731023 -0.5453045 0.7506249 0.3731024 -0.5453045 0.750625 0.3731024 -0.5453045 0.7506249 0.4035382 -0.5820369 0.7059674 0.4035382 -0.5820369 0.7059675 0.4508765 -0.5448953 0.706965 0.4508765 -0.5448953 0.706965 0.4508765 -0.5448953 0.706965 0.4661471 -0.4782199 0.7443203 0.4661471 -0.47822 0.7443203 0.4968745 -0.5046753 0.7059878 0.4968571 -0.5046936 0.7059868 0.4968745 -0.5046753 0.7059878 0.5371994 -0.4597777 0.7071219 0.5371994 -0.4597776 0.7071219 0.5371993 -0.4597778 0.707122 0.5473999 -0.3955 0.7375182 0.5473999 -0.3955001 0.7375182 0.5473999 -0.3955001 0.7375182 0.5758185 -0.4125113 0.7058808 0.5758177 -0.4125124 0.7058807 0.5758185 -0.4125113 0.7058807 0.6078219 -0.361352 0.7070907 0.6078217 -0.361352 0.7070909 0.6078217 -0.3613521 0.7070909 0.6142233 -0.2991129 0.7302474 0.6142233 -0.2991129 0.7302475 0.6142233 -0.2991129 0.7302474 0.6377933 -0.3081954 0.7058579 0.6377856 -0.3082129 0.7058572 0.6377933 -0.3081953 0.705858 0.6807203 -0.1962084 0.7057777 0.6806942 -0.1961977 0.7058058 0.6806632 -0.1961867 0.7058389 0.6806822 -0.1961935 0.7058187 0.7043137 -0.07642751 0.7057628 0.7043023 -0.07640099 0.705777 0.7042157 -0.07640129 0.7058634 0.7042679 -0.07641136 0.7058102 0.7006605 0.04502272 0.712073 0.7068299 0.04480606 0.7059631 0.7042772 0.04494279 0.7085011 0.6982813 0.04500347 0.7144075 0.6992188 0.1052126 0.7071234 0.6992189 0.1052125 0.7071233 0.6992189 0.1052126 0.7071232 0.6884711 0.1647725 0.7062985 0.6720236 0.1622974 0.7225261 0.6720236 0.1622974 0.7225261 0.6720236 0.1622974 0.7225261 0.6709921 0.2230627 0.7071158 0.670992 0.2230625 0.7071158 0.6709922 0.2230625 0.7071157 0.6505885 0.2799962 0.7059298 0.6505884 0.2799962 0.7059298 0.6266107 0.2719721 0.7303357 0.6266108 0.271972 0.7303357 0.6266107 0.2719721 0.7303357 0.6219319 0.3364536 0.7071067 0.622957 0.3345721 0.707097 0.6170545 0.3451829 0.7071722 0.6176328 0.3448758 0.7068173 0.6173052 0.344984 0.7070505 0.5860625 0.3974291 0.7061026 0.5860625 0.397429 0.7061026 0.5634972 0.3787993 0.734154 0.5634973 0.3787993 0.734154 0.5634971 0.3787993 0.734154 0.5568163 0.4358616 0.7070928 0.5568163 0.4358616 0.7070929 0.5568164 0.4358617 0.7070928 0.5160101 0.4852204 0.7059 0.4872911 0.453591 0.7461922 0.4742276 0.5244646 0.7071387 0.4742277 0.5244646 0.7071385 0.4742276 0.5244646 0.7071388 0.4252082 0.5666118 0.7057968 0.4252082 0.5666118 0.7057968 0.3976942 0.5233923 0.7535914 0.3976943 0.5233922 0.7535914 0.3976942 0.5233923 0.7535914 0.3777998 0.5977764 0.7070578 0.3777999 0.5977762 0.707058 0.3777999 0.5977763 0.7070579 0.3216093 0.6312237 0.7057791 0.3216094 0.6312237 0.7057791 0.2988801 0.5763598 0.7605788 0.2988802 0.5763598 0.7605788 0.2701967 0.6535047 0.707054 0.2701969 0.6535047 0.7070539 0.2701969 0.6535047 0.707054 0.1090471 -0.9940366 -2.95572e-4 0.1087348 -0.9940708 0 0.1090056 -0.9940412 8.24381e-6 0.1093868 -0.9939992 -6.17036e-4 0.03194677 -0.9994896 -2.57615e-6 0.03194677 -0.9994896 -2.3863e-6 0.03194677 -0.9994896 -2.69025e-6 -0.04525506 -0.9989745 -0.001428782 -0.04559987 -0.9989592 -0.001100957 -0.0455805 -0.9989601 -0.001119434 -0.04593157 -0.9989444 -7.85653e-4 -0.1231719 -0.9923855 3.55428e-6 -0.1231719 -0.9923854 3.82431e-6 -0.1231718 -0.9923854 3.73702e-6 -0.2004204 -0.9797096 -8.60834e-4 -0.1998649 -0.9798235 -3.194e-4 -0.2003916 -0.9797155 -8.32755e-4 -0.2009389 -0.9796029 -0.001366317 -0.3499231 -0.9367784 -3.11585e-4 -0.3483569 -0.9373611 0.001271605 -0.3498583 -0.9368026 -2.45998e-4 -0.351417 -0.9362173 -0.001823425 -0.4896928 -0.8718934 0.001690983 -0.491258 -0.8710141 0 0.1841999 -0.6838064 -0.7060306 0.184202 -0.683811 -0.7060257 0.1842172 -0.6838499 -0.7059841 0.1841946 -0.6837908 -0.7060472 0.2139022 0.6751074 -0.7060282 0.2139034 0.6751798 -0.7059586 0.2138975 0.6749028 -0.7062253 0.2139023 0.6751078 -0.7060279 0.2701967 0.6535056 -0.7070532 0.2701969 0.6535056 -0.7070532 0.270197 0.6535056 -0.7070532 0.2967365 0.5824168 -0.7567947 0.2967364 0.5824168 -0.7567947 0.2967364 0.5824168 -0.7567946 0.326042 0.628771 -0.7059347 0.3260419 0.628771 -0.7059347 0.3260418 0.6287711 -0.7059347 0.3777331 0.5977662 -0.7071021 0.3777332 0.5977662 -0.7071021 0.3777332 0.5977662 -0.7071021 0.3965022 0.528403 -0.7507172 0.396502 0.5284031 -0.7507172 0.396502 0.5284032 -0.7507173 0.4285058 0.5639041 -0.705971 0.4285058 0.5639041 -0.7059709 0.4285058 0.5639041 -0.705971 0.4742277 0.5244646 -0.7071387 0.4742277 0.5244646 -0.7071386 0.4742276 0.5244646 -0.7071387 0.4866721 0.4576329 -0.7441253 0.5183618 0.4824887 -0.7060495 0.5568209 0.4358551 -0.7070932 0.5568211 0.4358552 -0.7070931 0.5568211 0.4358552 -0.7070931 0.5631787 0.3818854 -0.7327983 0.5631785 0.3818857 -0.7327983 0.5631786 0.3818855 -0.7327983 0.5874668 0.3949776 -0.7063112 0.5874667 0.3949776 -0.7063112 0.6172955 0.34498 -0.7070609 0.6172981 0.3449771 -0.70706 0.6212104 0.3372292 -0.7073714 0.6227928 0.334864 -0.7071036 0.622957 0.3345721 -0.707097 0.6266646 0.2719867 -0.7302841 0.6266645 0.2719869 -0.7302841 0.6266645 0.2719869 -0.730284 0.6506054 0.2800025 -0.7059116 0.6506054 0.2800026 -0.7059116 0.6506054 0.2800025 -0.7059116 0.6886404 0.1663107 -0.7057728 0.6886361 0.1663096 -0.7057773 0.6885759 0.1662849 -0.7058418 0.6885756 0.1662858 -0.7058418 0.7068446 0.04558885 -0.7058984 0.7069683 0.04559779 -0.7057738 0.7068011 0.0455991 -0.7059412 0.7070502 0.04560172 -0.7056915 0.7042296 -0.07629597 -0.7058609 0.7042792 -0.07629722 -0.7058113 0.7043094 -0.07640075 -0.70577 0.7042897 -0.07639884 -0.7057898 0.6806621 -0.1961933 -0.7058381 0.6807243 -0.1962045 -0.7057749 0.6807143 -0.1962031 -0.7057849 0.6806945 -0.1961988 -0.7058054 0.6369028 -0.3101513 -0.7058053 0.6369211 -0.3101103 -0.7058068 0.6369209 -0.3101607 -0.7057847 0.6368694 -0.3101859 -0.7058202 0.5921878 -0.3870751 -0.7067435 0.5921879 -0.3870751 -0.7067435 0.5921878 -0.3870751 -0.7067435 0.72135 -0.5167574 -0.4611033 0.72135 -0.5167574 -0.4611032 0.543083 -0.4259417 -0.723626 0.543083 -0.4259417 -0.723626 0.543083 -0.4259417 -0.723626 0.5372048 -0.4598181 -0.7070915 0.5372047 -0.4598181 -0.7070915 0.5372049 -0.459818 -0.7070915 0.4945152 -0.5073197 -0.7057489 0.4945153 -0.5073196 -0.7057489 0.4945152 -0.5073197 -0.7057489 0.4671022 -0.4742934 -0.7462314 0.4508792 -0.5448939 -0.7069644 0.3998929 -0.5845839 -0.7059372 0.3998929 -0.5845839 -0.7059373 0.3745117 -0.54022 -0.7535938 0.3745115 -0.5402202 -0.7535938 0.3745115 -0.5402201 -0.7535938 0.3512999 -0.6136858 -0.7070913 0.3513 -0.6136859 -0.7070913 0.3512998 -0.6136858 -0.7070915 0.2936706 -0.6446416 -0.7058292 0.2936706 -0.6446417 -0.7058292 0.2936706 -0.6446416 -0.7058292 0.2733924 -0.5887039 -0.7607132 0.2414025 -0.6646193 -0.7071111 0.2414025 -0.6646193 -0.7071111 0.2414026 -0.6646193 -0.707111 -0.304191 -0.6425809 0.703248 -0.3041992 -0.6426862 0.7031483 -0.3041949 -0.6425872 0.7032406 -0.005007863 -0.7071033 0.7070927 -0.003851592 -0.7070831 0.7071201 -0.005664467 -0.7070913 0.7070997 -0.09861654 -0.6643364 0.7408995 -0.09861654 -0.6643365 0.7408995 -0.09861654 -0.6643365 0.7408995 -0.1099942 -0.7019575 0.7036739 -0.1099943 -0.7019575 0.7036739 -0.1099942 -0.7019575 0.703674 -0.3041985 -0.6425966 0.7032304 -0.3467104 -0.6175181 0.7060194 -0.3467907 -0.6176157 0.7058946 -0.3467287 -0.6175411 0.7059903 -0.3467353 -0.6175494 0.7059797 -0.2467215 -0.6638591 0.7059885 -0.2467266 -0.6638731 0.7059735 -0.2466991 -0.663819 0.7060339 -0.2467029 -0.6638011 0.7060495 -0.1416084 -0.6939104 0.7059997 -0.1416085 -0.6939103 0.7059997 -0.1416085 -0.6939103 0.7059997 -0.1385022 -0.6836096 0.7165858 -0.1385021 -0.6836096 0.7165858 -0.1385021 -0.6836096 0.7165858 0.07738345 -0.7038898 0.7060815 0.07740312 -0.7039131 0.7060561 0.07736808 -0.7038844 0.7060885 0.07735913 -0.7038404 0.7061334 0.0225442 -0.7067254 0.7071288 0.02254408 -0.7067253 0.7071288 0.0225442 -0.7067252 0.707129 -0.03059262 -0.6935547 0.7197542 -0.03059262 -0.6935547 0.7197542 -0.03059262 -0.6935547 0.7197542 -0.03250026 -0.7073974 0.7060685 -0.03250026 -0.7073974 0.7060685 -0.0325002 -0.7073974 0.7060685 -0.0869916 -0.7018166 0.7070261 -0.08699166 -0.7018167 0.707026 -0.0869916 -0.7018166 0.7070262 -0.2222464 0.9749906 0 -0.2586621 0.9658906 0.01222234 -0.2586622 0.9658906 0.01222229 -0.2586622 0.9658906 0.01222229 -0.6233661 0.7818633 -0.01022762 -0.6523476 0.75792 0 -0.6523476 0.75792 0 -0.6523476 0.75792 0 -0.8262913 0.5632429 0 -0.8262913 0.5632429 0 -0.8262913 0.5632429 0 -0.9008633 0.4337893 -0.01649761 -0.9008633 0.4337893 -0.01649755 -0.9008634 0.4337893 -0.01649755 -0.9309164 0.3652324 0 -0.9309164 0.3652324 0 -0.9309164 0.3652324 0 -0.9937006 0.1120686 0 -0.9937006 0.1120686 0 -0.9937006 0.1120686 0 -0.9998254 0 -0.01869297 -0.9937111 -0.1119745 0 -0.9937111 -0.1119744 0 -0.9937111 -0.1119744 0 -0.9308651 -0.3653631 0 -0.9308651 -0.3653631 0 -0.9308651 -0.3653631 0 -0.9008634 -0.4337892 -0.01649749 -0.9008634 -0.4337893 -0.01649743 -0.9008634 -0.4337892 -0.01649743 -0.8262865 -0.5632502 0 -0.8262865 -0.5632502 0 -0.8262865 -0.5632502 0 -0.6234095 -0.7818956 0 -0.6520383 -0.758087 -0.01225906 -0.2222272 -0.9748871 0.01450788 -0.2590762 -0.9658569 0 0.2224313 -0.9749484 0 0.2226154 -0.9749065 -2.25195e-7 0.2224305 -0.9749486 0 0.2225211 -0.974928 0 0.6234095 -0.7818956 0 0.6234095 -0.7818956 0 0.9010475 -0.4337204 0 0.9009852 -0.4338501 0 0.9009852 -0.4338501 0 0.9010475 -0.4337204 0 0.9010475 0.4337204 0 0.9009852 0.4338501 0 0.9009852 0.4338501 0 0.9010475 0.4337204 0 0.6234056 0.7818987 0 0.6234066 0.7818979 0 0.6234059 0.7818986 0 0.6234068 0.7818976 0 0.2225211 0.974928 0 0.2224305 0.9749486 0 0.2226154 0.9749065 2.25195e-7 0.2224313 0.9749484 0 0.955348 0.2954743 0.002268671 0.9531059 0.3026372 0 0.9536925 0.300783 4.70467e-4 0.9559637 0.29347 0.00298351 0.9882175 -0.153023 -0.003206133 0.9882175 -0.153023 -0.003206193 0.9882175 -0.153023 -0.003206074 0.99093 -0.1343406 0.003239989 0.99093 -0.1343406 0.003240048 0.99093 -0.1343406 0.003239989 0.8224163 -0.5688776 -0.003131568 0.8330669 -0.5531618 0.0034011 0.4918832 -0.8706553 -0.003197371 0.5081161 -0.8612827 0.003206729 0.5081162 -0.8612826 0.00320661 0.5081162 -0.8612826 0.003206551 0.06264829 -0.9980306 -0.003234148 0.06264829 -0.9980306 -0.003234207 0.06264823 -0.9980306 -0.003234207 0.08140528 -0.9966761 0.003180563 0.08140528 -0.9966761 0.003180563 0.08140528 -0.9966761 0.003180563 -0.3790798 -0.9253585 -0.003197908 -0.3790798 -0.9253585 -0.003197908 -0.3790799 -0.9253585 -0.003197848 -0.3617166 -0.9322826 0.00319761 -0.3617166 -0.9322826 0.00319755 -0.3617165 -0.9322826 0.003197491 -0.738577 -0.6741622 -0.003071188 -0.7322705 -0.681014 0 -0.9531059 -0.3026372 0 -0.9536036 -0.3010647 5.24687e-4 -0.9905246 0.1373357 -2.94036e-4 -0.9903653 0.1384791 -2.4076e-4 -0.9908153 0.1352227 3.35152e-4 -0.9909701 0.1340771 0.001257479 -0.8300167 0.5577375 -0.001075208 -0.829265 0.5588546 -0.001071929 -0.8322093 0.5544615 5.59801e-4 -0.8329284 0.5533792 0.001405537 -0.501633 0.8650804 -6.17894e-4 -0.5001305 0.865949 -0.00137031 -0.5065833 0.86219 0.001358568 -0.507946 0.8613873 0.001687645 -0.07189667 0.9974119 -7.27246e-4 -0.06920462 0.9976003 -0.002085983 -0.07864844 0.9969012 0.001555323 -0.081523 0.9966693 0.002115249 0.3751719 0.9269523 -0.002357184 0.375172 0.9269523 -0.002357184 0.375172 0.9269523 -0.002357184 0.3616937 0.9322926 0.002865016 0.3616937 0.9322926 0.002865076 0.3616936 0.9322926 0.002865076 0.7376931 0.6751308 -0.0027287 0.7376931 0.6751308 -0.002728819 0.7376931 0.6751307 -0.002728641 0.7322807 0.681003 0 -0.9550423 0.2964693 -5.8857e-4 -0.9555796 0.2947334 0 -0.9539735 0.2998858 -0.001762807 -0.9535511 0.3012232 -0.002212762 -0.988848 -0.1489112 0.002260506 -0.988848 -0.1489113 0.002260446 -0.988848 -0.1489113 0.002260506 -0.99036 -0.1385117 -0.001369893 -0.8269584 -0.5622617 0.001342296 -0.8262141 -0.5633547 0.001393795 -0.8284618 -0.5600457 2.58546e-4 -0.8292571 -0.5588674 -3.81758e-4 -0.5000898 -0.8659736 3.85943e-4 -0.5000898 -0.8659736 3.86056e-4 -0.5000898 -0.8659736 3.86049e-4 -0.500207 -0.8659058 4.93897e-4 -0.0746383 -0.9972106 -3.91086e-4 -0.0746383 -0.9972106 -3.91077e-4 -0.0746383 -0.9972106 -3.91099e-4 -0.06954014 -0.9975784 0.001308679 -0.06954014 -0.9975784 0.001308619 -0.06954014 -0.9975784 0.001308619 0.3652914 -0.9308924 -0.001301825 0.3652914 -0.9308924 -0.001301884 0.3652913 -0.9308924 -0.001301884 0.3752218 -0.9269326 0.002139747 0.7330272 -0.6801958 -0.002212345 0.7373918 -0.6754652 0 0.7373918 -0.6754652 0 0.7373918 -0.6754652 6.43403e-7 -0.7385776 0.6741686 0 -0.7376687 0.6751629 3.79458e-4 -0.7376687 0.6751629 3.79495e-4 -0.7376688 0.6751629 3.79513e-4 -0.3758259 0.9266903 -2.00009e-4 -0.3753482 0.9268839 -4.80358e-4 -0.3780205 0.9257971 5.22134e-4 -0.3791154 0.9253489 9.153e-4 0.06771814 0.9977046 -1.31961e-4 0.06941998 0.9975872 -8.73966e-4 0.06408596 0.9979437 0.001238286 0.0623818 0.9980514 0.001387834 0.5000315 0.8660061 -0.001403927 0.5000315 0.8660062 -0.001403987 0.5000315 0.8660062 -0.001403927 0.4916439 0.8707945 0.00181365 0.4916439 0.8707945 0.00181359 0.4916439 0.8707946 0.00181365 0.8292318 0.5589022 -0.001772224 0.8223602 0.5689626 0.002330958 0.8223602 0.5689626 0.002330839 0.8223602 0.5689626 0.002330899 0.9903587 0.1385115 -0.002117216 0.9882257 0.1529783 0.00279504 0.9882256 0.1529782 0.0027951 0.9882256 0.1529782 0.00279504 0.9541121 -0.2994431 -0.002026259 0.9536101 -0.3010325 -0.00270313 0.9554641 -0.2951072 -5.01531e-4 0.9560305 -0.2932672 0 0.9555746 -0.2947492 0 0.9536113 -0.301033 -0.002179682 0.9887807 0.1493563 0.002355337 0.9903622 0.1384954 -0.001369833 0.826891 0.5623614 9.82813e-4 0.826308 0.563217 0.001387238 0.8286071 0.5598308 -4.32025e-5 0.8292254 0.5589145 -3.53622e-4 0.4998375 0.8661191 4.77396e-4 0.5001469 0.8659406 3.50239e-4 0.5001469 0.8659406 3.5027e-4 0.5001469 0.8659405 3.50183e-4 0.07478493 0.9971996 -4.48891e-4 0.07478493 0.9971996 -4.48907e-4 0.07478493 0.9971996 -4.48908e-4 0.06920605 0.9976016 0.001257598 -0.3649981 0.9310075 -0.001252412 -0.3754705 0.9268317 0.002207338 -0.3754705 0.9268317 0.002207398 -0.3754705 0.9268318 0.002207338 -0.7329751 0.6802523 -0.002093374 -0.732975 0.6802523 -0.002093315 -0.7329751 0.6802523 -0.002093195 -0.7375847 0.6752547 0 -0.7375848 0.6752547 0 -0.7375848 0.6752547 4.02134e-7 0.7378376 -0.6749783 2.86073e-4 0.7385708 -0.6741759 0 0.7383565 -0.6744107 1.46803e-5 0.7374891 -0.675359 3.96085e-4 0.3763302 -0.9264857 -8.90869e-5 0.375223 -0.9269345 -5.56276e-4 0.378311 -0.9256783 6.51584e-4 0.379244 -0.9252963 9.43517e-4 -0.0680148 -0.9976842 -5.80443e-4 -0.06920504 -0.9976022 -7.04804e-4 -0.06402051 -0.9979483 7.89655e-4 -0.062554 -0.9980406 0.001402258 -0.5002068 -0.8659051 -0.001319468 -0.4918844 -0.8706585 0.00192666 -0.8292309 -0.5589029 -0.001888155 -0.8224262 -0.5688675 0.002223014 -0.9903599 -0.1384952 -0.002550661 -0.988238 -0.1528983 0.002809643 -0.988238 -0.1528983 0.002809584 -0.988238 -0.1528983 0.002809524 -0.9540145 0.29975 -0.00252223 -0.953553 0.3012135 -0.002703309 -0.9553422 0.2955008 -8.36662e-4 -0.9559439 0.2935494 0 -0.7373918 -0.6754652 0 -0.7373918 -0.6754652 0 -0.7373918 -0.6754652 0 -0.7377241 -0.6751023 0 -0.3752222 -0.926935 0 -0.3752176 -0.9269369 0 -0.375221 -0.9269355 0 -0.3752164 -0.9269373 0 0.06920391 -0.9976026 0 0.06920552 -0.9976025 0 0.06953912 -0.9975793 0 0.06920593 -0.9976024 0 0.5002144 -0.8659017 0 0.500215 -0.8659013 0 0.5002145 -0.8659015 0 0.5002151 -0.8659012 0 0.8292177 -0.5589257 0 0.8292295 -0.5589085 0 0.8292208 -0.5589213 0 0.8292325 -0.558904 0 0.9903631 -0.1384956 0 0.9903631 -0.1384954 0 0.9903631 -0.1384956 0 0.9903631 -0.1384953 0 0.9535025 0.3013849 0 0.9535025 0.3013849 -1.60841e-7 0.9535025 0.3013849 0 0.9535025 0.3013849 0 0.7342454 0.6788839 -6.02392e-4 0.7330216 0.6802054 0 0.7373234 0.6755367 -0.002095937 0.7385759 0.674165 -0.002695202 0.3649997 0.9310034 0.002828061 0.3791035 0.9253515 -0.002306401 0.3791036 0.9253515 -0.002306282 0.3791035 0.9253515 -0.002306282 -0.07182037 0.9974167 0.001361906 -0.07482171 0.9971943 0.00233221 -0.06534588 0.9978623 -8.32483e-4 -0.06264871 0.9980341 -0.001781404 -0.4983805 0.8669575 0.001244902 -0.4998353 0.8661189 0.0016523 -0.4935311 0.8697279 -6.51734e-4 -0.4920323 0.870576 -0.00134015 -0.8252651 0.564745 8.30614e-4 -0.8263087 0.563216 0.001387476 -0.8232092 0.5677382 -3.70415e-4 -0.822413 0.5688903 -8.94471e-4 -0.9887315 0.1496978 8.76749e-4 -0.988825 0.1490787 8.6137e-4 -0.9883474 0.1522158 -4.91803e-5 -0.988241 0.1529043 -3.82058e-4 -0.9556791 -0.2944104 2.56529e-4 -0.9556114 -0.2946302 1.95161e-4 -0.9558669 -0.2938002 2.04879e-5 -0.9560352 -0.293252 0 -0.258782 0.9658576 0.0122956 -0.258782 0.9658576 0.0122956 -0.258782 0.9658576 0.0122956 -0.6233755 0.7818557 -0.01022881 -0.6524482 0.7578334 0 -0.6524482 0.7578334 0 -0.6524482 0.7578334 0 -0.8262894 0.5632458 0 -0.8262894 0.5632458 0 -0.8262894 0.5632458 0 -0.9009253 0.433661 -0.01648658 -0.9009253 0.433661 -0.01648652 -0.9009253 0.433661 -0.01648658 -0.9308648 0.3653641 0 -0.9308648 0.3653641 0 -0.9308648 0.3653641 0 -0.9936988 0.1120838 0 -0.9936988 0.1120838 0 -0.9936988 0.1120839 0 -0.9998253 0 -0.01869112 -0.9937042 -0.1120358 0 -0.9937042 -0.1120357 0 -0.9937042 -0.1120357 0 -0.9308648 -0.3653641 0 -0.9308648 -0.3653641 0 -0.9308648 -0.3653641 0 -0.9009253 -0.4336611 -0.01648676 -0.9009253 -0.4336611 -0.0164867 -0.9009253 -0.4336611 -0.0164867 -0.8262894 -0.5632458 0 -0.8262894 -0.5632458 0 -0.8262894 -0.5632458 0 -0.6234151 -0.7818912 0 -0.6522755 -0.7578821 -0.01231217 -0.6522755 -0.7578821 -0.01231211 -0.6522755 -0.7578821 -0.01231217 -0.222223 -0.9748878 0.0145139 -0.2590824 -0.9658553 0 0.2224313 -0.9749484 0 0.2225247 -0.9749271 0 0.2225247 -0.9749271 0 0.2224313 -0.9749484 0 0.6235944 -0.7817481 0 0.6236749 -0.7816839 0 0.6236708 -0.7816871 0 0.6235263 -0.7818024 0 0.9009265 -0.4339718 0 0.9009629 -0.4338962 0 0.9008836 -0.4340608 0 0.9009616 -0.4338989 0 0.9009616 0.4338989 0 0.9008836 0.4340608 0 0.9009629 0.4338962 0 0.9009265 0.4339718 0 0.6235276 0.7818014 0 0.623595 0.7817476 0 0.6236756 0.7816833 0 0.6236681 0.7816894 0 0.2224313 0.9749484 0 0.2225247 0.9749271 0 0.2225247 0.9749271 0 0.2224313 0.9749484 0 0.6191266 -0.3646096 0.6955157 0.6190621 -0.364569 0.6955945 0.6190517 -0.3646116 0.6955813 0.6190773 -0.3645658 0.6955826 0.7184465 -0.01840305 0.6953388 0.7182301 -0.01860201 0.695557 0.7182199 -0.01819628 0.6955783 0.7181447 -0.01848137 0.6956484 0.637095 0.3320767 0.6955825 0.6370463 0.3321084 0.695612 0.6370559 0.3319876 0.695661 0.6371257 0.3321085 0.6955392 0.5736731 -0.4166857 0.7051753 0.5736731 -0.4166858 0.7051753 0.5735888 -0.4166435 0.7052689 0.6481524 -0.2873806 0.7052027 0.648214 -0.2874063 0.7051356 0.6482201 -0.2874095 0.7051287 0.6482466 -0.2874165 0.7051016 0.6940158 -0.1454037 0.7051241 0.6940476 -0.1454066 0.7050921 0.6940572 -0.1453988 0.7050843 0.6940248 -0.1453956 0.7051168 0.7090248 0.003125607 0.7051767 0.7090092 0.003123819 0.7051924 0.7090554 0.003098845 0.7051461 0.7089397 0.003095448 0.7052623 0.692639 0.1514633 0.7052022 0.6926428 0.151465 0.7051981 0.6924161 0.151319 0.705452 0.69242 0.1513196 0.7054482 0.6457188 0.293105 0.7050793 0.6457003 0.2931 0.7050983 0.6456813 0.2930914 0.7051192 0.6456654 0.293084 0.7051369 0.5716547 0.4190447 0.7054165 0.5716952 0.4190875 0.7053583 0.5717163 0.4191118 0.7053269 0.5716786 0.4190815 0.7053753 0.6371309 -0.3321753 0.6955025 0.6371027 -0.3321438 0.6955435 0.6371555 -0.3323882 0.6953783 0.6369881 -0.3319492 0.6957414 0.7182267 0.01840168 0.6955659 0.7182855 0.01858997 0.6955002 0.7182028 0.01862597 0.6955846 0.7182236 0.01862543 0.6955631 0.6191028 0.3645915 0.6955464 0.6190221 0.3646044 0.6956115 0.6191087 0.3645823 0.695546 0.6190743 0.3645861 0.6955747 0.5000177 0.4999989 0.7070951 0.4999839 0.4999836 0.7071298 0.4999588 0.4999583 0.7071654 0.4999581 0.4999578 0.7071663 0.5760198 -0.422496 0.6997846 0.5760241 -0.4224894 0.699785 0.5758783 -0.4225489 0.699869 0.576168 -0.4225124 0.6996526 0.6959261 -0.1611824 0.6997907 0.6959029 -0.1612051 0.6998086 0.6957567 -0.1614003 0.6999089 0.6958223 -0.1613657 0.6998518 0.703044 0.1260441 0.6998872 0.7031297 0.1262297 0.6997676 0.7031366 0.1262415 0.6997585 0.7031189 0.1262217 0.69978 0.5963916 0.393229 0.6997772 0.5964438 0.393188 0.6997557 0.5964061 0.3931555 0.6998061 0.5964467 0.3931486 0.6997755 0.06540262 -0.7055879 0.7055978 0.06539738 -0.7055602 0.7056261 0.06538277 -0.7055022 0.7056853 0.06540292 -0.70561 0.7055758 0.1939511 -0.6812257 0.705914 0.1939743 -0.6812828 0.7058526 0.1940999 -0.6815004 0.7056079 0.1941193 -0.6815534 0.7055513 0.3160949 -0.6341894 0.7056116 0.3161094 -0.6342197 0.705578 0.3160966 -0.6341883 0.7056119 0.3160891 -0.634158 0.7056425 0.4261342 -0.5662766 0.7055072 0.4261342 -0.5662766 0.7055072 0.425961 -0.5660502 0.7057935 0.425961 -0.5660502 0.7057935 0.4255886 0.5664612 0.7056884 0.4255858 0.5664535 0.7056964 0.4256479 0.5665631 0.7055708 0.4256455 0.5665612 0.7055739 -0.0726056 -0.7050977 0.7053834 -0.07261353 -0.7052372 0.7052431 -0.07261329 -0.7052216 0.7052587 -0.07260471 -0.7051824 0.7052989 -0.1456803 -0.6919686 0.7070761 -0.1456804 -0.6919687 0.7070761 -0.1456804 -0.6919686 0.7070761 -0.2196019 -0.6906221 0.689069 -0.2196021 -0.6906221 0.689069 -0.2196019 -0.6906221 0.689069 -0.2163075 -0.675136 0.7052676 -0.2163076 -0.675136 0.7052677 -0.2163076 -0.675136 0.7052676 -0.2848914 -0.6472004 0.7070847 -0.2848911 -0.6472003 0.7070848 -0.2848912 -0.6472003 0.7070847 -0.3633263 -0.6447478 0.6725284 -0.3633261 -0.6447479 0.6725284 -0.363326 -0.6447479 0.6725283 -0.3505839 -0.6160708 0.7053707 -0.3505836 -0.616071 0.7053707 -0.3505838 -0.6160709 0.7053707 -0.411994 -0.5746948 0.7070976 -0.4119943 -0.5746945 0.7070977 -0.4119942 -0.5746945 0.7070976 -0.4969686 -0.568355 0.6557399 -0.4969686 -0.568355 0.6557399 -0.4969686 -0.568355 0.6557399 -0.4697799 -0.5305751 0.7055472 -0.4697798 -0.5305752 0.7055472 -0.4697799 -0.5305751 0.7055472 -0.5215769 -0.4775339 0.7070496 -0.5215768 -0.477534 0.7070495 -0.5215768 -0.4775339 0.7070496 -0.6139392 -0.463926 0.6386325 -0.6139391 -0.4639259 0.6386325 -0.6139392 -0.463926 0.6386325 -0.5689924 -0.422493 0.7055122 -0.5689924 -0.422493 0.7055122 -0.5689924 -0.422493 0.7055122 -0.6086316 -0.3599259 0.7071216 -0.6087185 -0.3598533 0.7070838 -0.6087248 -0.3598121 0.7070993 -0.6087024 -0.3598392 0.7071049 -0.6437785 -0.2963469 0.7054983 -0.6436402 -0.2962651 0.7056588 -0.6437414 -0.2963234 0.7055421 -0.6437448 -0.2963253 0.7055381 -0.6697458 -0.2269439 0.7070624 -0.6697457 -0.2269439 0.7070624 -0.6697457 -0.2269439 0.7070624 -0.774537 -0.1867089 0.6043444 -0.774537 -0.1867092 0.6043444 -0.774537 -0.1867092 0.6043444 -0.6908148 -0.1574033 0.7056905 -0.6908149 -0.1574031 0.7056905 -0.6908148 -0.1574033 0.7056905 -0.7020459 -0.08419668 0.7071369 -0.7020458 -0.08419674 0.707137 -0.7020458 -0.08419668 0.7071369 -0.8089902 -0.02530068 0.5872775 -0.8089902 -0.02530068 0.5872775 -0.8089902 -0.02530062 0.5872775 -0.7083277 -0.01179563 0.7057853 -0.7083277 -0.01179558 0.7057853 -0.7083277 -0.01179546 0.7057852 -0.7043741 0.06219112 0.7070993 -0.7043743 0.062191 0.7070992 -0.7043743 0.06219112 0.7070992 -0.8090704 0.1421809 0.5702542 -0.6957252 0.1342914 0.7056432 -0.6957252 0.1342914 0.7056432 -0.6765595 0.2059915 0.70699 -0.6765594 0.2059915 0.70699 -0.6765595 0.2059915 0.70699 -0.7735507 0.3083158 0.5536794 -0.7735506 0.3083158 0.5536794 -0.7735505 0.3083161 0.5536794 -0.6530333 0.2746041 0.7057905 -0.6530333 0.2746042 0.7057905 -0.6530333 0.2746041 0.7057905 -0.6197428 0.3408125 0.7069413 -0.6197428 0.3408124 0.7069412 -0.6197428 0.3408126 0.7069412 -0.7032123 0.4654069 0.5374839 -0.7032124 0.4654067 0.5374839 -0.7032124 0.4654067 0.5374839 -0.5823049 0.4030604 0.7060194 -0.5823048 0.4030604 0.7060194 -0.5823049 0.4030603 0.7060194 -0.5362237 0.4610058 0.7070629 -0.5362236 0.4610058 0.7070629 -0.5362236 0.4610058 0.7070629 -0.6004962 0.6058937 0.5218212 -0.6004962 0.6058936 0.5218212 -0.4869198 0.5143188 0.7059641 -0.4869197 0.5143189 0.7059641 -0.4869195 0.5143191 0.7059642 -0.429895 0.5616005 0.7069621 -0.4298951 0.5616004 0.7069621 -0.4298954 0.5616002 0.706962 -0.4693037 0.7232043 0.506685 -0.4693038 0.7232043 0.506685 -0.4693037 0.7232042 0.506685 -0.3706112 0.6036386 0.7058809 -0.3050859 0.6382148 0.7068271 -0.3150968 0.8113785 0.4923201 -0.2383873 0.6665068 0.706357 -0.1671512 0.6872742 0.7069051 -0.1671512 0.6872742 0.706905 -0.1671512 0.6872742 0.706905 -0.144293 0.8659585 0.4788479 -0.1442932 0.8659585 0.4788479 -0.1442931 0.8659585 0.4788479 -0.09599739 0.7014889 0.7061855 -0.09599727 0.7014889 0.7061855 -0.09599721 0.7014889 0.7061855 -0.02208125 0.7068727 0.706996 -0.02209109 0.7069031 0.7069655 -0.02207493 0.70684 0.7070289 -0.02210742 0.7069389 0.7069291 0.05056047 0.7062152 0.7061896 0.05056047 0.7062135 0.7061913 0.05056118 0.7061877 0.7062171 0.05056124 0.7061859 0.7062189 0.114942 0.6978432 0.7069677 0.2045074 0.8165174 0.5398854 0.2045075 0.8165172 0.5398854 0.2045075 0.8165172 0.5398854 0.1862856 0.6834777 0.7058016 0.2477648 0.6624536 0.7069426 0.3393829 0.7015287 0.6266393 0.3170074 0.6407189 0.6992751 0.3711193 0.6018876 0.7071081 0.3711199 0.6018874 0.707108 0.3711202 0.6018871 0.707108 0.5963664 -0.3932072 0.6998109 0.5963653 -0.3930311 0.6999107 0.5964695 -0.39319 0.6997328 0.5964646 -0.3931728 0.6997465 0.7030993 -0.1261999 0.6998035 0.7031114 -0.1262067 0.6997902 0.7031032 -0.126204 0.6997989 0.7031012 -0.1262014 0.6998013 0.6958464 0.1611027 0.6998885 0.6958218 0.1610706 0.6999202 0.6958045 0.1610481 0.6999426 0.695784 0.1610213 0.6999691 0.5759764 0.4226008 0.699757 0.5760142 0.422594 0.69973 0.5760312 0.4225002 0.6997726 0.5760528 0.4225948 0.6996977 0.4998666 -0.4998572 0.707302 0.4999546 -0.4999791 0.7071537 0.4999902 -0.499998 0.7071152 0.4999574 -0.4999876 0.7071458 0.1861739 -0.6947359 0.6947527 0.1862331 -0.6948029 0.6946699 0.1861849 -0.6946877 0.6947979 0.1862319 -0.6947405 0.6947326 0.5087583 -0.5087751 0.6944876 0.5084702 -0.5086703 0.6947752 0.5085651 -0.5085873 0.6947666 0.5085976 -0.5086078 0.6947278 0.6947373 -0.1862099 0.6947417 0.6947225 -0.1861531 0.6947717 0.6946921 -0.1859988 0.6948434 0.6947648 -0.1860211 0.6947648 0.6947234 0.1862043 0.6947571 0.6947542 0.18618 0.6947329 0.6947348 0.1861675 0.6947554 0.6947328 0.1862043 0.6947476 0.5085988 0.5085984 0.6947337 0.508527 0.5085484 0.6948229 0.5084958 0.5086805 0.6947491 0.5085909 0.5086494 0.6947022 0.1861266 0.6947765 0.6947249 0.1862977 0.6949926 0.6944628 0.1863349 0.6947865 0.6946589 0.1863467 0.6947212 0.6947212 -0.1589446 0.6980982 0.6981373 -0.1590097 0.6981735 0.6980471 -0.1591374 0.6983211 0.6978703 -0.1591906 0.6983826 0.6977966 -0.4463937 0.5598065 0.6981042 -0.4463491 0.5599045 0.6980541 -0.4464154 0.5598247 0.6980757 -0.4464012 0.5598015 0.6981033 -0.6451035 0.310696 0.6980755 -0.6450336 0.3106874 0.698144 -0.645166 0.3105171 0.6980975 -0.6452099 0.3106453 0.6979998 -0.7159848 0 0.698116 -0.7159876 0 0.698113 -0.7159931 0 0.6981074 -0.7159954 0 0.698105 -0.6619566 -0.2597771 0.7030857 -0.6619772 -0.2597689 0.7030692 -0.6619971 -0.2597633 0.7030526 -0.662018 -0.2597592 0.7030345 -0.585024 -0.3989119 0.7061277 -0.5849716 -0.3988996 0.706178 -0.5850461 -0.3988773 0.7061288 -0.5850897 -0.3987836 0.7061457 -0.4464248 -0.559822 0.6980718 -0.4464001 -0.5598006 0.6981049 -0.4464012 -0.5598016 0.6981033 -0.4464081 -0.5598098 0.6980924 -0.1593036 -0.6980356 0.698118 -0.1592969 -0.6980659 0.6980893 -0.1592928 -0.6980642 0.6980919 -0.1591332 -0.6980962 0.6980962 0.1593558 0.698084 0.6980577 0.1593734 0.6980683 0.6980695 0.1595051 0.6980654 0.6980422 0.1593598 0.6980903 0.6980505 0.330576 0.6254184 0.7068037 0.330576 0.6254184 0.7068037 0.330576 0.6254183 0.7068038 0.4702624 0.5900709 0.6562543 0.4652714 0.5406852 0.7008439 0.5854631 0.3987227 0.7058706 0.7008441 0.337504 0.6284176 0.7008441 0.337504 0.6284176 0.7008441 0.3375041 0.6284176 0.6619123 0.259846 0.7031019 0.6619123 0.259846 0.7031019 0.6619124 0.2598459 0.7031018 0.7048395 0.07934725 0.7049152 0.7048395 0.07934725 0.7049152 0.7048395 0.07934719 0.7049152 0.7858486 1.47033e-7 0.6184191 0.7858486 0 0.6184191 0.7858486 0 0.6184191 0.7048838 -0.07928639 0.7048777 0.7048839 -0.07928639 0.7048776 0.7048837 -0.07928639 0.7048778 0.6450332 -0.3107534 0.698115 0.6450332 -0.3107534 0.6981151 0.7604306 -0.2984742 0.5767657 0.7604305 -0.2984741 0.5767657 0.7604305 -0.298474 0.5767658 0.5854631 -0.3987227 0.7058706 0.4463138 -0.5598849 0.6980924 0.4463138 -0.5598849 0.6980924 0.1591838 -0.6980903 0.6980907 0.158787 -0.6982235 0.6980478 0.1589372 -0.6983814 0.6978556 0.1592519 -0.6981316 0.6980338 0.3305673 -0.625365 0.7068549 0.3305673 -0.6253652 0.7068548 0.3305671 -0.625365 0.7068551 0.4991973 -0.580096 0.6436542 0.4991973 -0.580096 0.6436543 0.4991973 -0.5800961 0.6436542 -0.1592511 -0.6981559 0.6980097 -0.1596072 -0.6980379 0.6980463 -0.1590807 -0.6982717 0.6979326 -0.1592872 -0.6980935 0.6980639 -0.3304844 -0.6253816 0.706879 -0.3304843 -0.6253817 0.706879 -0.3304843 -0.6253813 0.7068793 -0.4702314 -0.5897895 0.6565295 -0.4652706 -0.5406574 0.7008659 -0.4652706 -0.5406574 0.7008659 -0.4652705 -0.5406574 0.7008659 -0.5850165 -0.398907 0.7061367 -0.5849969 -0.3989337 0.7061378 -0.5849825 -0.3989288 0.7061525 -0.5850257 -0.398908 0.7061284 -0.6621429 -0.2600778 0.7027989 -0.6620072 -0.2598226 0.7030212 -0.6618716 -0.2595675 0.7032431 -0.6618553 -0.2596482 0.7032285 -0.7160189 0 0.698081 -0.8632491 -0.09731072 0.4953097 -0.8632491 -0.09731072 0.4953097 -0.8632491 -0.09731078 0.4953098 -0.7048677 0.07951778 0.7048677 -0.7048677 0.07951772 0.7048677 -0.6451451 0.3106709 0.6980483 -0.6451451 0.3106709 0.6980482 -0.6451451 0.3106709 0.6980483 -0.7604672 0.2983815 0.5767654 -0.5850216 0.3989156 0.7061275 -0.5850217 0.3989158 0.7061273 -0.5850217 0.3989155 0.7061277 -0.4464037 0.5598027 0.6981009 -0.4464036 0.5598028 0.6981008 -0.4464037 0.5598027 0.6981009 -0.1597559 0.6980324 0.6980178 -0.1594147 0.6980917 0.6980366 -0.1593711 0.6981053 0.6980328 -0.1592651 0.6980649 0.6980974 -0.3305763 0.6253628 0.7068527 -0.3305763 0.6253628 0.7068526 -0.3305763 0.6253628 0.7068527 -0.4991782 0.5800784 0.6436848 -0.4991783 0.5800784 0.6436848 -0.4991784 0.5800784 0.6436849 -0.1470909 -0.989123 0 -0.1470915 -0.9891229 0 -0.1470913 -0.9891229 0 -0.1470918 -0.9891229 0 -0.427632 -0.9039529 0 -0.4276334 -0.9039523 0 -0.4276328 -0.9039525 0 -0.4276341 -0.903952 0 -0.3479252 -0.6168467 -0.7060086 -0.3479251 -0.6168467 -0.7060087 -0.3479251 -0.6168468 -0.7060087 0.07700318 -0.7039793 -0.7060339 0.0769959 -0.7039607 -0.7060531 0.07700067 -0.7039483 -0.706065 -0.3478319 -0.6168283 -0.7060708 -0.2489432 -0.6631211 -0.705902 -0.248938 -0.6631038 -0.7059202 -0.2488385 -0.6630823 -0.7059754 -0.2488459 -0.6630975 -0.7059586 -0.1422931 -0.6939024 -0.7058698 -0.1422959 -0.6938456 -0.705925 -0.1422941 -0.6937703 -0.7059994 -0.1422926 -0.6937617 -0.7060081 -0.03220015 -0.7074697 -0.7060098 -0.03220164 -0.7074345 -0.706045 -0.03219884 -0.7075035 -0.705976 -0.03220069 -0.7074644 -0.7060151 0.07700693 -0.7039656 -0.7060471 -0.104579 -0.7032294 -0.7032294 -0.1045593 -0.7031624 -0.7032993 -0.1044013 -0.703256 -0.7032293 -0.1044005 -0.7031952 -0.7032903 -0.3041974 -0.6426008 -0.703227 -0.3041951 -0.6425976 -0.7032309 -0.3042191 -0.6426417 -0.7031803 -0.3042273 -0.6426572 -0.7031624 0.1984119 0.8701205 -0.4511353 0.1985247 0.870135 -0.4510579 0.1982235 0.8701532 -0.451155 0.1986092 0.8701298 -0.4510306 0.5564763 0.6976396 -0.4512574 0.5562933 0.6979185 -0.4510516 0.5563694 0.6978757 -0.4510239 0.5562719 0.6979305 -0.4510594 0.8041643 0.3871091 -0.4510726 0.8040058 0.3873251 -0.4511697 0.8042365 0.3869915 -0.4510445 0.803941 0.3874188 -0.4512048 0.892436 0 -0.4511742 0.8924341 0 -0.4511777 0.8924354 0 -0.4511753 0.8924339 0 -0.4511784 0.8042101 -0.3867759 -0.4512767 0.8040438 -0.3873437 -0.451086 0.8041578 -0.3869547 -0.4512166 0.8040117 -0.3874529 -0.4510493 0.5564603 -0.6975326 -0.4514425 0.5564857 -0.6975905 -0.4513217 0.5563595 -0.6978598 -0.4510609 0.55648 -0.6976066 -0.4513038 0.198549 -0.8701145 -0.4510868 0.1985181 -0.8701025 -0.4511233 0.1982362 -0.870216 -0.4510284 0.1985973 -0.8700707 -0.45115 -0.2312485 0.8636927 -0.4478384 -0.2315087 0.8635677 -0.4479449 -0.2313181 0.8636592 -0.4478669 -0.2313067 0.863743 -0.4477111 -0.6322806 0.6321891 -0.4478373 -0.6322805 0.6321892 -0.4478373 -0.5913264 0.6874976 -0.4215212 -0.7338426 0.5004955 -0.4593248 -0.7338427 0.5004955 -0.4593248 -0.8636665 0.2314527 -0.4477835 -0.8636664 0.2314527 -0.4477834 -0.8636664 0.2314527 -0.4477834 -0.8501072 0.3334971 -0.4075507 -0.8501073 0.3334971 -0.4075506 -0.8501073 0.3334971 -0.4075506 -0.8833789 0.09944921 -0.4579865 -0.8833789 0.09944915 -0.4579866 -0.8833788 0.09944915 -0.4579865 -0.8833618 -0.09940093 -0.4580302 -0.8833618 -0.09940099 -0.4580302 -0.8833617 -0.09940099 -0.4580302 -0.8708555 -0.2333778 -0.4326031 -0.8708555 -0.2333778 -0.4326032 -0.8708555 -0.2333778 -0.4326032 -0.2313271 -0.8636975 -0.4477887 -0.2313103 -0.863633 -0.4479216 -0.2315245 -0.863618 -0.4478396 -0.2312321 -0.8636384 -0.4479514 -0.5809864 -0.6754716 -0.4540847 -0.6369345 -0.6363719 -0.4351382 -0.7338981 -0.5004265 -0.4593114 -0.7338981 -0.5004265 -0.4593115 -0.7338981 -0.5004265 -0.4593114 -0.8283213 -0.3251632 -0.4562375 -0.8283213 -0.3251632 -0.4562375 -0.8283213 -0.3251633 -0.4562375 -0.8507167 -0.268577 -0.4518269 -0.8507546 -0.2685079 -0.4517967 -0.8507282 -0.2685559 -0.4518177 -0.8507616 -0.268495 -0.451791 -0.8838974 0.1236085 -0.4510505 -0.884041 0.123512 -0.4507953 -0.8838962 0.1235653 -0.4510645 -0.8838933 0.1234463 -0.4511029 -0.7400808 0.4988003 -0.4510861 -0.7399794 0.4990148 -0.4510152 -0.7400485 0.4988687 -0.4510635 -0.7402705 0.4987178 -0.4508661 -0.4463272 0.7729674 -0.4509032 -0.4466129 0.7727815 -0.4509387 -0.4464487 0.7728807 -0.4509313 -0.4465505 0.7728314 -0.4509149 -0.06177204 0.890412 -0.4509441 -0.06190145 0.8904203 -0.4509102 -0.06166446 0.8904383 -0.4509072 -0.06192606 0.8904162 -0.4509151 0.3351215 0.8272616 -0.4509236 0.3350912 0.827277 -0.4509177 0.3351119 0.8272665 -0.4509215 0.3350853 0.8272799 -0.4509167 0.6580688 0.6024214 -0.4517014 0.6580141 0.6025129 -0.4516589 0.6580513 0.6024402 -0.4517017 0.6581769 0.6022132 -0.4518214 0.8531464 0.2620576 -0.4510733 0.8531463 0.2620576 -0.4510734 0.8531464 0.2620576 -0.4510734 0.8533005 0.2617142 -0.450981 0.881999 -0.1367496 -0.4509737 0.88197 -0.1365193 -0.4511002 0.8820013 -0.1366659 -0.4509947 0.8819692 -0.1363839 -0.4511429 0.7340039 -0.5077041 -0.4510819 0.7338533 -0.5080138 -0.4509782 0.7339562 -0.5078023 -0.451049 0.7340639 -0.5076646 -0.4510286 0.4388571 -0.7771179 -0.4511013 0.4392521 -0.7769992 -0.450921 0.4391165 -0.7771108 -0.4508609 0.4388601 -0.7771571 -0.4510308 0.05626136 -0.8907325 -0.4510325 0.05600559 -0.890796 -0.4509391 0.05584532 -0.8907701 -0.4510099 0.05595606 -0.8908082 -0.4509209 -0.3384367 -0.8258804 -0.4509791 -0.338435 -0.8258593 -0.4510193 -0.3384896 -0.825863 -0.4509714 -0.3383302 -0.8258847 -0.4510514 -0.6589008 -0.6014552 -0.4517758 -0.6586709 -0.6016383 -0.4518673 -0.6588311 -0.6015107 -0.4518035 -0.6588795 -0.6014744 -0.4517815 -0.6580535 0.6024518 -0.451683 -0.6580793 0.6024122 -0.4516981 -0.6581206 0.602363 -0.4517038 -0.6582404 0.6022807 -0.4516386 -0.3351224 0.8272628 -0.4509204 -0.3350877 0.8272782 -0.4509182 -0.3351114 0.8272677 -0.4509198 -0.335081 0.8272812 -0.4509176 0.06178051 0.8905014 -0.4507663 0.0617659 0.8904348 -0.4509001 0.0616697 0.8904916 -0.450801 0.06184303 0.890425 -0.4509087 0.4463244 0.7729746 -0.4508937 0.4463456 0.7729516 -0.4509121 0.4463745 0.7729437 -0.4508968 0.4465251 0.7727821 -0.4510246 0.7401117 0.4988561 -0.4509738 0.739965 0.4990089 -0.4510453 0.7400649 0.4989048 -0.4509966 0.7401608 0.4988313 -0.4509205 0.8838636 0.1235913 -0.4511213 0.8839043 0.1234664 -0.4510757 0.8841006 0.1234489 -0.4506956 0.8839122 0.1234421 -0.4510669 0.8507363 -0.2685964 -0.4517784 0.8506687 -0.2690334 -0.4516456 0.8507157 -0.2687297 -0.4517379 0.850717 -0.2687936 -0.4516975 0.6579491 -0.6024743 -0.451805 0.6582357 -0.6022829 -0.4516426 0.6582086 -0.6023234 -0.4516281 0.6579941 -0.6024805 -0.4517312 0.3349104 -0.8273625 -0.4508953 0.334802 -0.8274546 -0.4508068 0.3349928 -0.8273127 -0.4509254 0.3347719 -0.8274708 -0.4507992 -0.06176507 -0.8903695 -0.4510293 -0.0619629 -0.890386 -0.4509696 -0.06182819 -0.8903747 -0.4510102 -0.06200146 -0.8903891 -0.4509579 -0.446469 -0.7728751 -0.450921 -0.4462897 -0.772942 -0.4509838 -0.4464117 -0.7728964 -0.450941 -0.4462547 -0.772955 -0.4509961 -0.740122 -0.498838 -0.4509769 -0.7402693 -0.4986872 -0.4509019 -0.740169 -0.4987899 -0.450953 -0.740298 -0.4986578 -0.4508873 -0.8839939 -0.1236094 -0.450861 -0.8840357 -0.1234846 -0.4508132 -0.8840072 -0.1235696 -0.4508457 -0.8840438 -0.1234602 -0.4508039 -0.8507121 0.2688321 -0.4516841 -0.8507211 0.268682 -0.4517563 -0.8507204 0.2687802 -0.4516992 -0.8507516 0.2684847 -0.4518162 0.6579501 -0.6024722 -0.4518064 0.658236 -0.6022832 -0.4516418 0.6582089 -0.6023243 -0.4516267 0.6582433 -0.6022722 -0.4516458 0.334913 -0.8273612 -0.4508957 0.3348051 -0.8274539 -0.4508057 0.3349948 -0.8273113 -0.4509265 0.3348491 -0.8274211 -0.4508332 -0.06176805 -0.8903672 -0.4510332 -0.06196218 -0.8903853 -0.4509708 -0.06182998 -0.8903731 -0.4510133 -0.06200003 -0.8903889 -0.4509587 -0.446469 -0.7728753 -0.4509206 -0.4462905 -0.7729423 -0.4509823 -0.446412 -0.7728966 -0.4509403 -0.4462558 -0.7729554 -0.4509943 -0.7401192 -0.4988403 -0.4509788 -0.7402691 -0.4986868 -0.4509027 -0.740167 -0.4987913 -0.4509545 -0.7402983 -0.4986568 -0.4508878 -0.8839949 -0.12361 -0.4508588 -0.8840349 -0.1234845 -0.4508147 -0.8840076 -0.12357 -0.4508447 -0.8840427 -0.1234601 -0.4508061 -0.8507274 0.2687425 -0.4517084 -0.8507217 0.2686822 -0.4517551 -0.8507204 0.2687814 -0.4516985 -0.8507519 0.2684848 -0.4518157 -0.6580817 0.602414 -0.4516924 -0.6583103 0.6021724 -0.4516814 -0.6581782 0.6022883 -0.4517192 -0.6578797 0.6025691 -0.4517797 -0.3349491 0.8273424 -0.4509032 -0.3350888 0.8272776 -0.4509184 -0.3350252 0.8273075 -0.4509106 -0.3350821 0.8272805 -0.450918 0.06177723 0.8904998 -0.4507702 0.06190907 0.8904195 -0.4509108 0.06166762 0.8904902 -0.450804 0.06170094 0.8904367 -0.4509052 0.4462406 0.7730211 -0.4508969 0.4462367 0.773036 -0.4508751 0.4463749 0.7729436 -0.4508968 0.4465264 0.7727814 -0.4510246 0.7401129 0.4988569 -0.4509709 0.740189 0.4988052 -0.4509031 0.7402911 0.4987206 -0.450829 0.7402558 0.4987434 -0.4508619 0.8840211 0.1234772 -0.4508439 0.8839046 0.1234664 -0.4510751 0.8838778 0.1235516 -0.4511045 0.8839123 0.1234421 -0.4510668 0.8507344 -0.2685962 -0.4517824 0.8506672 -0.269034 -0.4516481 0.8507139 -0.2687298 -0.4517414 0.8506548 -0.2691153 -0.4516232 0.1984146 0.8701201 -0.4511349 0.1985239 0.8701347 -0.4510585 0.1985537 0.8700857 -0.4511402 0.1986078 0.8701297 -0.4510313 0.5564331 0.6977536 -0.4511343 0.5563461 0.6977938 -0.4511795 0.5563897 0.6977538 -0.4511876 0.5562223 0.6978639 -0.4512237 0.804046 0.3872816 -0.4511354 0.8041873 0.3870652 -0.4510692 0.8040511 0.3872448 -0.4511578 0.8040813 0.3871673 -0.4511706 0.8925685 0 -0.4509119 0.8925677 0 -0.4509136 0.8925682 0 -0.4509124 0.8925675 0 -0.4509139 0.8040564 -0.3872247 -0.4511657 0.8041367 -0.3870335 -0.4511865 0.8040615 -0.3872742 -0.4511141 0.8041829 -0.3868798 -0.451236 0.5563793 -0.6978241 -0.4510916 0.5563797 -0.6978366 -0.4510717 0.5564029 -0.6977935 -0.4511099 0.5562832 -0.6979425 -0.451027 0.1984219 -0.8701581 -0.4510583 0.1985169 -0.870104 -0.451121 0.1986696 -0.8700484 -0.4511609 0.1985949 -0.870073 -0.4511467 -0.2312454 0.8636927 -0.4478398 -0.2315079 0.863568 -0.4479446 -0.2313155 0.8636595 -0.4478678 -0.2316213 0.8635142 -0.4479899 -0.6323415 0.6323657 -0.447502 -0.6323416 0.6323657 -0.447502 -0.5912597 0.6874487 -0.4216946 -0.7339375 0.5003595 -0.4593214 -0.7339375 0.5003595 -0.4593215 -0.7339375 0.5003595 -0.4593214 -0.8636401 0.231233 -0.4479478 -0.8500745 0.3336314 -0.4075089 -0.8500745 0.3336314 -0.4075088 -0.8833483 0.09954404 -0.4580251 -0.8833482 0.09954404 -0.4580251 -0.8833482 0.09954404 -0.4580252 -0.8833482 -0.09954315 -0.4580253 -0.8833483 -0.09954315 -0.4580253 -0.8833482 -0.09954315 -0.4580253 -0.8708342 -0.233147 -0.4327706 -0.2313333 -0.8636969 -0.4477862 -0.2313073 -0.8636359 -0.4479175 -0.231526 -0.8636149 -0.4478448 -0.2312275 -0.8636435 -0.4479439 -0.5813702 -0.6752786 -0.4538807 -0.5813702 -0.6752785 -0.4538806 -0.5813702 -0.6752786 -0.4538807 -0.6366107 -0.6366167 -0.4352541 -0.7339797 -0.5002778 -0.4593431 -0.7339797 -0.5002778 -0.4593429 -0.7339797 -0.5002778 -0.459343 -0.8282844 -0.3251792 -0.4562933 -0.8282843 -0.3251792 -0.4562934 0.850837 0.2686281 -0.4515699 0.8508766 0.2685424 -0.4515461 0.8508491 0.268602 -0.4515627 0.8508841 0.2685265 -0.4515418 0.8839505 -0.1233755 -0.45101 0.8840248 -0.1234834 -0.4508348 0.8840284 -0.1235727 -0.4508032 0.8840239 -0.1234579 -0.4508439 0.740159 -0.4988894 -0.4508593 0.7402585 -0.4986717 -0.4509367 0.7401908 -0.4988199 -0.4508841 0.7402778 -0.4986293 -0.4509519 0.4461508 -0.7731389 -0.4507834 0.4462975 -0.7729547 -0.4509541 0.446398 -0.7728741 -0.4509927 0.4462687 -0.7729778 -0.4509431 0.06177133 -0.8904147 -0.4509391 0.061998 -0.8903615 -0.4510129 0.06184363 -0.8903977 -0.4509626 0.06204223 -0.8903511 -0.4510273 -0.3352145 -0.8272711 -0.450837 -0.3349953 -0.8273186 -0.4509126 -0.334933 -0.8273321 -0.4509341 -0.3350131 -0.8273147 -0.4509064 -0.658192 -0.6023239 -0.4516517 -0.6579945 -0.6024713 -0.451743 -0.6579945 -0.6024712 -0.451743 -0.6579945 -0.6024712 -0.4517431 -0.8533272 -0.2617496 -0.45091 -0.8531066 -0.2621996 -0.451066 -0.8532573 -0.2618922 -0.4509595 -0.8530638 -0.2622866 -0.4510961 -0.8819957 0.1364048 -0.4510845 -0.881971 0.1368358 -0.4510024 -0.8819954 0.1364795 -0.4510625 -0.8819994 0.1366911 -0.4509907 -0.7339402 0.5079111 -0.4509526 -0.7340247 0.5077334 -0.4510151 -0.7339704 0.5078479 -0.4509747 -0.7340791 0.5076193 -0.451055 -0.4388259 0.7771944 -0.4509997 -0.4387693 0.7772 -0.4510453 -0.4389979 0.7770795 -0.4510304 -0.4390115 0.7771083 -0.4509676 -0.05582851 0.8907855 -0.4509817 -0.05582189 0.8907101 -0.4511314 -0.05585134 0.8907808 -0.4509882 -0.05594897 0.8906812 -0.451173 0.3382626 0.8259259 -0.4510266 0.3381891 0.8259159 -0.4510998 0.3382232 0.8259325 -0.4510439 0.3383281 0.8258838 -0.4510544 0.6589 0.6014546 -0.4517778 0.6590011 0.6013711 -0.4517415 0.6589307 0.6014293 -0.4517668 0.6590198 0.6013557 -0.4517349 0.4256136 0.5664542 -0.7056789 0.425629 0.5665314 -0.7056077 0.4257098 0.5665568 -0.7055385 0.3488438 0.7050313 -0.6174455 0.3117042 0.6443427 -0.6983287 0.3711171 0.60189 -0.7071073 0.3711171 0.6018904 -0.7071069 0.3711174 0.6018896 -0.7071074 0.4256861 0.5664836 -0.7056117 0.2476671 0.6622325 -0.707184 0.2476671 0.6622325 -0.707184 0.1862932 0.6834816 -0.7057958 0.2044854 0.8164754 -0.5399571 0.2044854 0.8164755 -0.5399572 0.2044854 0.8164755 -0.5399572 0.114942 0.6978432 -0.7069677 0.05055993 0.7062131 -0.7061918 0.05056005 0.7062117 -0.7061932 0.05056214 0.7061909 -0.7062138 0.05056226 0.7061895 -0.7062153 -0.02189159 0.7069325 -0.7069422 -0.0219174 0.7068372 -0.7070366 -0.02210021 0.7069218 -0.7069464 -0.3150939 0.8113294 -0.4924026 -0.3150938 0.8113295 -0.4924027 -0.3150939 0.8113295 -0.4924027 -0.02210021 0.7068927 -0.7069755 -0.09599781 0.7014895 -0.7061848 -0.09599775 0.7014895 -0.7061848 -0.09599792 0.7014895 -0.7061849 -0.1442979 0.8659872 -0.4787948 -0.1442979 0.8659871 -0.4787948 -0.1442977 0.8659871 -0.4787948 -0.1668542 0.6870449 -0.7071981 -0.2383142 0.666764 -0.7061389 -0.2383142 0.666764 -0.7061389 -0.2383142 0.666764 -0.7061389 -0.6005562 0.6059802 -0.5216516 -0.6005561 0.6059802 -0.5216516 -0.3050969 0.6382082 -0.7068283 -0.3706228 0.6036302 -0.705882 -0.4693015 0.7232016 -0.5066909 -0.4693014 0.7232016 -0.5066909 -0.4693016 0.7232015 -0.5066909 -0.4298819 0.5615715 -0.7069929 -0.4298818 0.5615715 -0.706993 -0.4298818 0.5615716 -0.706993 -0.4868947 0.5142946 -0.705999 -0.4868947 0.5142946 -0.705999 -0.4868946 0.5142948 -0.705999 -0.7734747 0.3082912 -0.5537992 -0.7734747 0.3082914 -0.5537992 -0.7734748 0.3082911 -0.5537992 -0.5362845 0.4609645 -0.7070437 -0.5362846 0.4609643 -0.7070437 -0.5362846 0.4609644 -0.7070437 -0.5823425 0.4030765 -0.7059791 -0.5823425 0.4030765 -0.7059791 -0.5823425 0.4030766 -0.7059791 -0.703203 0.465402 -0.5375003 -0.703203 0.465402 -0.5375003 -0.7032031 0.4654018 -0.5375003 -0.6196913 0.3407956 -0.7069944 -0.6196914 0.3407955 -0.7069944 -0.6196913 0.3407957 -0.7069944 -0.6529483 0.2745806 -0.7058782 -0.6529483 0.2745807 -0.7058782 -0.6529483 0.2745807 -0.7058782 -0.6765623 0.2059959 -0.7069861 -0.6765623 0.2059959 -0.706986 -0.6765623 0.2059958 -0.706986 -0.6956732 0.1342928 -0.7056942 -0.6956732 0.1342929 -0.7056942 -0.6956732 0.1342929 -0.7056942 -0.8090573 0.1421852 -0.5702716 -0.7044119 0.06221467 -0.7070596 -0.704412 0.06221449 -0.7070596 -0.7044119 0.06221467 -0.7070596 -0.7086236 -0.02209758 -0.7052407 -0.7086235 -0.02209764 -0.7052407 -0.7086236 -0.02209746 -0.7052407 -0.826958 -0.01380008 -0.5620943 -0.826958 -0.01380014 -0.5620943 -0.826958 -0.01379978 -0.5620943 -0.7020563 -0.08419704 -0.7071265 -0.7020563 -0.08419728 -0.7071264 -0.7020563 -0.08419722 -0.7071265 -0.689208 -0.1661027 -0.7052675 -0.689208 -0.1661025 -0.7052674 -0.689208 -0.1661028 -0.7052675 -0.7895287 -0.1799064 -0.5867522 -0.7895287 -0.1799068 -0.5867522 -0.7895287 -0.1799067 -0.5867522 -0.6697573 -0.2268803 -0.7070719 -0.6697571 -0.2268804 -0.7070719 -0.6697572 -0.2268804 -0.7070719 -0.6436883 -0.2962951 -0.7056024 -0.6436802 -0.2962919 -0.7056111 -0.643637 -0.2962909 -0.7056508 -0.6437017 -0.2962988 -0.7055886 -0.6086872 -0.3598617 -0.7071064 -0.6087017 -0.3598623 -0.7070937 -0.6087007 -0.3598777 -0.7070868 -0.6086724 -0.3599103 -0.7070944 -0.5655692 -0.4273729 -0.7053254 -0.5655692 -0.4273729 -0.7053254 -0.5655692 -0.4273729 -0.7053254 -0.6225314 -0.4622198 -0.6315121 -0.6225314 -0.4622199 -0.6315122 -0.6225313 -0.4622199 -0.6315121 -0.5214863 -0.4775011 -0.7071384 -0.5214863 -0.477501 -0.7071384 -0.5214864 -0.4775011 -0.7071385 -0.4667 -0.5337018 -0.7052329 -0.4667 -0.5337018 -0.705233 -0.4667001 -0.5337018 -0.705233 -0.5027598 -0.5677592 -0.6518298 -0.5027599 -0.567759 -0.6518299 -0.5027599 -0.567759 -0.6518298 -0.4119668 -0.5746826 -0.7071233 -0.411967 -0.5746823 -0.7071235 -0.4119667 -0.5746825 -0.7071233 -0.3481091 -0.617619 -0.7052425 -0.3481089 -0.617619 -0.7052425 -0.348109 -0.617619 -0.7052425 -0.3667964 -0.6444929 -0.6708869 -0.3667962 -0.6444931 -0.670887 -0.3667963 -0.644493 -0.670887 -0.2849085 -0.6471705 -0.7071051 -0.2849084 -0.6471704 -0.7071051 -0.2849085 -0.6471705 -0.7071051 -0.2149042 -0.6756153 -0.7052377 -0.2149044 -0.6756153 -0.7052377 -0.07265138 -0.7052382 -0.7052382 -0.07264775 -0.7052211 -0.7052556 -0.07260054 -0.7051975 -0.7052842 -0.07260495 -0.705249 -0.7052322 -0.1456105 -0.6919698 -0.7070894 -0.1456105 -0.6919698 -0.7070894 -0.1456105 -0.6919698 -0.7070894 -0.221205 -0.6905215 -0.688657 -0.2212049 -0.6905215 -0.688657 -0.221205 -0.6905215 -0.688657 0.5761076 0.4225214 -0.6996968 0.576054 0.4224912 -0.6997594 0.5760586 0.42248 -0.6997622 0.5759693 0.4225798 -0.6997755 0.6957475 0.1610884 -0.69999 0.6957945 0.1610667 -0.6999484 0.6959833 0.1612668 -0.6997145 0.6958666 0.1610332 -0.6998844 0.7030482 -0.126042 -0.6998834 0.7031281 -0.12623 -0.6997692 0.7031047 -0.1262044 -0.6997972 0.7031185 -0.1262217 -0.6997804 0.5964988 -0.393197 -0.6997037 0.5964675 -0.3931649 -0.6997486 0.5964956 -0.3931422 -0.6997373 0.5964212 -0.3930923 -0.6998288 0.4999102 -0.5000525 -0.7071332 0.4999595 -0.5000032 -0.7071332 0.4999536 -0.4999673 -0.7071627 0.4999825 -0.4999918 -0.7071249 0.6371354 0.3321824 -0.6954951 0.6371109 0.3320177 -0.6955961 0.6371582 0.3323912 -0.6953744 0.637193 0.3322285 -0.6954203 0.7182431 -0.0184012 -0.695549 0.7182251 -0.0186029 -0.6955621 0.7182459 -0.01855754 -0.6955419 0.7182614 -0.01852226 -0.6955268 0.6188752 -0.3645417 -0.695775 0.619041 -0.3645977 -0.6955981 0.619069 -0.3645867 -0.695579 0.6190568 -0.364589 -0.6955887 0.5719851 0.4187902 -0.7052999 0.572049 0.4188269 -0.7052263 0.5719062 0.4187467 -0.7053897 0.5719757 0.4187851 -0.7053105 0.6461986 0.2918935 -0.7051423 0.6462622 0.2919424 -0.7050637 0.6461697 0.2918576 -0.7051836 0.6462252 0.2919163 -0.7051085 0.6929641 0.1493382 -0.705336 0.6933131 0.1492844 -0.7050045 0.6930339 0.1493484 -0.7052652 0.6930372 0.1493489 -0.705262 0.7088826 0 -0.7053266 0.7088816 0 -0.7053276 0.7088621 0 -0.7053471 0.7090979 0 -0.7051101 0.6930527 -0.1493172 -0.7052534 0.6930657 -0.1493217 -0.7052397 0.6933099 -0.1494062 -0.7049817 0.6933217 -0.1494103 -0.7049692 0.6462514 -0.2918795 -0.7050996 0.6461981 -0.2918844 -0.7051465 0.6462614 -0.2919093 -0.7050781 0.6461862 -0.2918831 -0.7051579 0.5719785 -0.4187796 -0.7053115 0.5718572 -0.4186494 -0.7054872 0.5720262 -0.4188238 -0.7052466 0.5720167 -0.4188156 -0.7052592 0.6191251 0.3646094 -0.6955171 0.6190595 0.3645652 -0.6955988 0.6190515 0.3646118 -0.6955814 0.6190769 0.3645713 -0.69558 0.7184358 0.01840329 -0.6953498 0.7183491 0.01860976 -0.695434 0.7182124 0.01819652 -0.695586 0.7181779 0.01856124 -0.6956121 0.6370926 -0.3321612 -0.6955444 0.6370535 -0.332098 -0.6956104 0.637169 -0.3321611 -0.6954745 0.6370773 -0.3320888 -0.6955929 0.4999582 0.4999577 -0.7071663 0.499982 0.4999819 -0.7071323 0.499982 0.4999819 -0.7071323 0.4999627 0.4999533 -0.7071663 0.5970005 0.3924902 -0.6996728 0.5969735 0.3924914 -0.699695 0.596955 0.3924896 -0.6997119 0.5969625 0.3924822 -0.6997097 0.7036515 0.1236131 -0.6997102 0.7034675 0.1236866 -0.6998822 0.7035006 0.1236518 -0.6998551 0.7035396 0.1236107 -0.6998232 0.6950795 -0.1653661 -0.699656 0.6950361 -0.1654081 -0.6996893 0.6950273 -0.1654738 -0.6996824 0.6950133 -0.1653794 -0.6997187 0.5742744 -0.4243908 -0.7000724 0.5742717 -0.4243834 -0.7000792 0.5742717 -0.4243834 -0.7000792 0.4251087 -0.5669114 -0.7056162 0.4250726 -0.566854 -0.705684 0.4250292 -0.5668366 -0.7057241 0.4250448 -0.5668638 -0.7056928 0.3142951 -0.6350919 -0.705604 0.3143243 -0.6351376 -0.7055498 0.3142963 -0.635093 -0.7056024 0.3142737 -0.6350526 -0.7056489 0.1928995 -0.6817609 -0.7056855 0.1929088 -0.6818441 -0.7056024 0.1929045 -0.6817986 -0.7056476 0.192898 -0.6817108 -0.7057342 0.06500321 -0.7055212 -0.7057014 0.06500095 -0.7056164 -0.7056064 0.0650072 -0.7055876 -0.7056347 0.06500691 -0.7056128 -0.7056095 0.8616947 -0.507427 0 0.8616848 -0.5074439 0 0.8616855 -0.5074427 0 0.8617928 -0.5072606 0 0.9996638 -0.0259304 0 0.9996638 -0.0259304 0 0.9996638 -0.0259304 0 0.9996638 -0.0259304 0 0.8867911 0.4621707 0 0.8868353 0.4620857 0 0.8867911 0.4621707 0 0.8868353 0.4620857 0 0.806724 0.5909286 2.64706e-4 0.8069168 0.5906652 0 0.8067703 0.5908653 2.01081e-4 0.8065766 0.5911294 4.6664e-4 0.9113313 0.4116738 -4.08914e-4 0.9114137 0.4114912 -5.87248e-4 0.9106409 0.4131975 0.001010537 0.9105532 0.4133905 0.001182675 0.9775637 0.2106382 -9.2859e-4 0.9776117 0.2104145 -0.001167714 0.9769596 0.2134193 0.001521289 0.9769426 0.213497 0.001503825 1 -3.62749e-4 -2.97529e-4 0.9999986 0 -0.001738727 0.9999908 0.003595411 0.002368807 0.9999882 0.004407107 0.002043724 0.9776791 -0.2100934 -0.002092421 0.9775657 -0.2106187 -0.00225389 0.9787178 -0.2051986 0.002266585 0.9787715 -0.2049359 0.002759456 0.911426 -0.411458 -0.002242803 0.9113673 -0.4115851 -0.002709686 0.9139694 -0.4057713 0.003113448 0.9141578 -0.405346 0.003226041 0.8069158 -0.5906582 -0.003176331 0.8091493 -0.5876032 0 0.8617924 0.5072612 0 0.8617817 0.5072794 0 0.8616852 0.5074433 0 0.8616959 0.5074251 0 0.9996638 0.02593028 0 0.9996638 0.02593028 0 0.9996638 0.02593028 0 0.9996638 0.02593028 0 0.8867911 -0.4621707 0 0.8868353 -0.4620857 0 0.8867911 -0.4621707 0 0.8868353 -0.4620857 0 0.7070998 0.7071138 0 0.7071172 0.7070964 0 0.7071017 0.707112 0 0.707119 0.7070947 0 0.8353323 0.5497454 4.97672e-5 0.8355455 0.5494213 5.14733e-7 0.8353402 0.5497335 5.65299e-5 0.8349951 0.5502576 1.03399e-4 0.9847391 0.1740373 -3.32873e-6 0.9848827 0.1732228 -1.39929e-4 0.9844434 0.1757019 1.4352e-4 0.9843041 0.1764805 1.53454e-4 0.9731644 -0.2301109 -1.3192e-4 0.9727751 -0.2317517 -2.01836e-4 0.9737866 -0.2274637 1.3011e-4 0.9742086 -0.2256491 3.03633e-4 0.8042355 -0.5943108 -2.50016e-4 0.8063199 -0.5914798 0 0.8063198 -0.5914798 0 0.8063198 -0.5914798 0 0.09203606 -0.9957557 -2.25511e-4 0.09230238 -0.9957311 0 0.09208887 -0.9957508 -1.80794e-4 0.09182167 -0.9957754 -4.07034e-4 0.2730357 -0.9620039 -1.72884e-4 0.2738358 -0.9617763 5.32649e-4 0.2726414 -0.9621152 -9.7457e-4 0.2723912 -0.9621863 -7.40951e-4 0.4462566 -0.894905 -4.44073e-4 0.4460973 -0.8949843 8.19177e-4 0.4444988 -0.8957778 -0.001758635 0.4434734 -0.8962866 -0.001327395 0.6006119 -0.7995405 6.40734e-4 0.6013925 -0.7989524 0.001460433 0.6001616 -0.7998789 2.36741e-4 0.6000011 -0.7999993 0 -0.03125864 0.9995114 0 -0.03125888 0.9995114 0 -0.0312587 0.9995114 0 -0.03125888 0.9995114 0 -0.1355616 0.9907689 0 -0.1355619 0.9907689 0 -0.1355618 0.990769 0 -0.1355621 0.9907689 0 -0.2359992 0.9717533 0 -0.2359973 0.9717538 0 -0.2364647 0.9716402 0 -0.2364627 0.9716407 0 -0.3367756 0.9415851 0 -0.3367753 0.9415851 0 -0.3364594 0.941698 3.05571e-7 -0.3367751 0.9415851 0 -0.4313068 0.9022054 0 -0.4312986 0.9022094 0 -0.4313053 0.9022061 0 -0.431297 0.90221 0 -0.5232259 0.852194 0 -0.5232231 0.8521959 0 -0.523224 0.8521952 0 -0.523221 0.852197 0 -0.6074485 0.7943591 0 -0.6074531 0.7943556 0 -0.6074492 0.7943586 0 -0.6074539 0.794355 0 -0.6875637 0.7261241 0 -0.6875612 0.7261265 0 -0.6875621 0.7261257 0 -0.6875595 0.7261281 0 -0.7583724 0.6518216 0 -0.7581647 0.6520633 0 -0.7581553 0.6520741 0 -0.7582288 0.6519886 0 -0.8223407 0.5689955 0 -0.8223416 0.5689943 0 -0.8221502 0.5692706 0 -0.8224239 0.5688752 0 -0.8763576 0.4816611 0 -0.8763626 0.481652 0 -0.8763583 0.4816598 0 -0.8762016 0.4819448 0 -0.9218712 0.3874965 0 -0.9218702 0.3874989 0 -0.9218705 0.3874983 0 -0.9218695 0.3875006 0 -0.9566344 0.2912917 0 -0.9566583 0.2912133 0 -0.9566897 0.2911099 0 -0.9566856 0.2911232 0 -0.9818111 0.1898607 0 -0.9818384 0.1897195 0 -0.9818384 0.1897195 0 -0.9818111 0.1898607 0 -0.9961174 0.08803492 0 -0.9961258 0.0879395 0 -0.9961174 0.08803492 0 -0.9961343 0.08784401 0 -0.9998591 -0.01678717 0 -0.9929091 -0.1188765 0 -0.9928714 -0.1191912 0 -0.9928693 -0.119208 0 -0.9928715 -0.1191895 0 -0.9750028 -0.2221927 0 -0.9750029 -0.2221927 0 -0.9470612 -0.3210532 0 -0.9470987 -0.3209427 -2.57365e-7 -0.9471233 -0.3208701 0 -0.94713 -0.3208504 0 -0.9084348 -0.4180268 0 -0.9084353 -0.4180255 0 -0.9084352 -0.4180258 0 -0.9084358 -0.4180247 0 -0.8607907 -0.5089592 0 -0.8607661 -0.5090009 0 -0.8607907 -0.5089592 0 -0.8608149 -0.5089184 0 -0.8029024 -0.5961108 0 -0.8029029 -0.5961098 0 -0.8029028 -0.59611 0 -0.8029036 -0.5961091 0 -0.7376308 -0.6752043 0 -0.7375504 -0.6752921 0 -0.7376317 -0.6752033 0 -0.7375512 -0.6752912 0 -0.6628749 -0.7487303 0 -0.6628725 -0.7487323 0 -0.6628729 -0.748732 0 -0.6628705 -0.7487342 0 -0.5827012 -0.8126866 0 -0.5826665 -0.8127114 0 -0.5826637 -0.8127134 4.50387e-7 -0.5826682 -0.8127102 0 -0.4948078 -0.8690024 0 -0.4948087 -0.8690021 0 -0.4948086 -0.8690021 0 -0.4948093 -0.8690016 0 -0.4029102 -0.9152395 0 -0.4028913 -0.9152478 0 -0.4029108 -0.9152392 0 -0.402892 -0.9152476 0 -0.3049654 -0.9523634 0 -0.3049651 -0.9523636 0 -0.3049651 -0.9523636 0 -0.3052843 -0.9522613 0 -0.2059743 -0.9785574 0 -0.2059097 -0.978571 0 -0.2059747 -0.9785574 0 -0.20591 -0.9785709 0 -0.1024712 -0.994736 0 -0.1024709 -0.9947361 0 -0.1024709 -0.9947361 0 -0.1024706 -0.994736 0 0.6006718 0.7994958 0 0.6006709 0.7994964 0 0.6006711 0.7994963 0 0.6006702 0.799497 0 0.5246948 0.8512905 3.08307e-7 0.524747 0.8512582 -2.95418e-7 0.5247752 0.851241 0 0.5248278 0.8512084 0 0.443776 0.8961379 0 0.4434744 0.896287 0 0.4434746 0.896287 0 0.4434738 0.8962873 0 0.3503217 0.9366295 0 0.3503209 0.9366298 0 0.3503216 0.9366295 0 0.3503208 0.9366298 0 0.2629708 0.9648039 0 0.26297 0.9648041 0 0.2629703 0.964804 0 0.2629694 0.9648042 0 0.1625173 0.9867058 0 0.1625168 0.9867058 0 0.1625172 0.9867057 0 0.1625168 0.9867058 0 0.07107907 0.9974707 0 0.07141399 0.9974468 0 0.07141393 0.9974468 0 0.07141417 0.9974468 0 0.8349194 -0.5503724 0 0.8348665 -0.5504524 0 0.8348665 -0.5504524 0 0.8349194 -0.5503724 0 0.9843041 -0.1764812 0 0.984304 -0.1764812 0 0.9742272 0.225569 0 0.9742206 0.2255973 0 0.9742269 0.2255707 0 0.9742203 0.2255991 0 0.806335 0.5914593 0 0.8063207 0.5914786 0 0.8062206 0.5916151 0 0.8063198 0.5914798 0 0.7070447 -0.7071689 0 0.7071483 -0.7070653 0 0.7070626 -0.707151 0 0.7070305 -0.7071831 0 0.2588695 0.9659123 0 0.2588659 0.9659133 0 0.258869 0.9659125 0 0.2588654 0.9659134 0 0.7070974 0.7071161 0 0.7071052 0.7071084 0 0.7070985 0.7071151 0 0.7071062 0.7071074 0 0.9659166 0.2588537 0 0.9659166 0.2588534 0 0.9659166 0.2588537 0 0.9659166 0.2588534 0 0.9659163 -0.2588546 0 0.9659163 -0.2588548 0 0.9659164 -0.2588546 0 0.9659162 -0.2588549 0 0.7071068 -0.7071068 0 0.707098 -0.7071155 0 0.7071056 -0.707108 0 0.7070968 -0.7071167 0 0.2588648 -0.9659137 0 0.2588694 -0.9659124 0 0.2588654 -0.9659135 0 0.2588701 -0.9659122 0 -0.2224112 -0.9749531 0 -0.2224069 -0.974954 0 -0.2225509 -0.9749211 -3.05621e-7 -0.2225466 -0.9749221 0 -0.6232271 -0.782041 0 -0.6232369 -0.7820332 0 -0.6232282 -0.7820401 0 -0.6232381 -0.7820322 0 -0.222577 0.9749152 0 -0.2224794 0.9749375 0 -0.2225765 0.9749153 0 -0.2224788 0.9749376 0 -0.6236163 0.7817307 0 -0.6236258 0.781723 0 -0.6236174 0.7817298 2.25195e-7 -0.623627 0.7817222 0 -0.9009215 0.4339824 0 -0.9008874 0.4340528 0 -0.9008807 0.4340668 0 -0.9009715 0.4338783 0 -0.9009715 -0.4338783 0 -0.9009715 -0.4338783 0 -0.9009715 -0.4338783 0 -0.9307991 -0.3653178 0.01249402 -0.9307991 -0.3653178 0.01249396 -0.9307991 -0.3653177 0.01249396 -0.8262321 -0.5633301 3.19749e-7 -0.8262321 -0.5633301 0 -0.8262321 -0.56333 -1.51862e-7 0.2226432 0.9749 0 0.2226432 0.9749001 0 0.2226432 0.9749 -1.51024e-7 0.258858 0.9658958 0.006149828 0.4673038 0.8840969 0 0.4673038 0.8840969 0 0.4673038 0.8840969 0 0.65227 0.7579867 0 0.7070683 0.7070683 0.01042944 0.8263412 0.56317 0 0.8263412 0.5631699 0 0.8263412 0.5631699 0 0.9308953 0.3652864 0 0.9308953 0.3652864 1.86192e-7 0.9308953 0.3652864 0 0.9658572 0.2587809 0.01235216 0.9658572 0.2587809 0.01235216 0.9658571 0.2587809 0.01235216 0.9937213 0.1118839 0 0.9937213 0.111884 1.58294e-7 0.9937213 0.111884 0 0.9659119 -0.2588715 0 0.9305767 -0.3654513 0.02173268 0.9305768 -0.3654513 0.0217328 0.9305768 -0.3654513 0.02173274 0.9937213 -0.1118838 1.95985e-7 0.9937213 -0.1118838 0 0.9937213 -0.1118838 0 0.2588635 -0.965914 0 0.2224205 -0.9749234 0.007313191 0.2224205 -0.9749234 0.007313132 0.2224205 -0.9749234 0.007313072 0.4672787 -0.8841101 5.37257e-7 0.4672787 -0.88411 0 0.4672787 -0.8841101 -2.53104e-7 0.7071156 -0.707098 0 0.652189 -0.7579176 0.01450943 0.8263412 -0.56317 0 0.8263412 -0.5631699 0 0.8263412 -0.5631699 0 -0.2224311 -0.9749484 0 -0.2224311 -0.9749485 0 -0.2224311 -0.9749484 0 -0.2588629 -0.965893 0.006390929 -0.4672904 -0.884104 1.49681e-7 -0.4672904 -0.884104 5.05327e-7 -0.4672905 -0.884104 -1.78545e-6 -0.6523122 -0.7579504 0 -0.6523122 -0.7579506 0 -0.6523122 -0.7579504 0 -0.7070671 -0.7070671 0.01058858 -0.8262291 -0.5633343 0 -0.8262291 -0.5633343 -2.11177e-7 -0.8262291 -0.5633343 0 -0.9308704 -0.3653497 0 -0.9308704 -0.3653497 0 -0.9308704 -0.3653497 0 -0.9658372 -0.2588512 0.01243865 -0.9937212 -0.1118854 0 -0.9937211 -0.1118854 0 -0.9937211 -0.1118854 0 -0.9937157 0.1119332 0 -0.9937157 0.1119331 -1.33448e-7 -0.9937157 0.1119331 0 -0.9658371 0.2588515 0.01243859 -0.930871 0.3653482 0 -0.930871 0.3653482 0 -0.930871 0.3653482 0 -0.8262291 0.5633343 0 -0.8262291 0.5633343 -2.57598e-7 -0.8262291 0.5633343 0 -0.7070673 0.7070672 0.0105887 -0.7070671 0.7070671 0.0105887 -0.7070671 0.7070672 0.0105887 -0.6523122 0.7579506 0 -0.6523122 0.7579504 0 -0.6523122 0.7579504 0 -0.4673148 0.884091 0 -0.4673149 0.884091 0 -0.467315 0.884091 0 -0.2588627 0.9658946 0.006149649 -0.2224516 0.9749438 0 -0.2224516 0.9749438 0 -0.2224516 0.9749438 0 0 0 1 6.43812e-7 0 1 1.84461e-5 0 1 1.67786e-6 0 1 4.59534e-7 0 1 -4.33947e-7 0 1 8.93618e-7 0 1 -1.938e-6 0 1 4.32019e-6 0 1 1.04679e-6 0 1 -1.20702e-5 0 1 1.77492e-6 0 1 -8.75503e-7 0 1 5.22746e-6 0 1 -9.93893e-7 0 1 0 0 1 -5.22747e-6 0 1 -2.45896e-7 0 1 -3.43442e-7 0 1 0 0 1 0 0 1 -7.05079e-7 0 1 1.06013e-6 0 1 0 0 1 -6.02644e-7 0 1 -4.55435e-7 0 1 0 0 1 1.32047e-6 0 1 2.42988e-6 0 1 2.30901e-7 0 1 -2.78323e-7 0 1 4.83455e-7 0 1 -9.19971e-7 0 1 -8.83315e-7 0 1 2.86763e-7 0 1 5.60269e-7 0 1 4.42254e-6 0 1 2.21233e-6 0 1 -1.42102e-6 0 1 -3.12506e-7 0 1 1.28489e-7 0 1 9.66239e-7 0 1 1.40604e-6 0 1 -3.53426e-7 0 1 -2.18513e-7 0 1 1.8263e-7 0 1 -4.49952e-6 0 1 -1.01301e-5 0 1 0 0 1 -1.48758e-6 0 1 1.25632e-6 0 1 -6.43326e-7 0 1 -2.61418e-6 0 1 0 0 1 1.36716e-5 0 1 3.043e-7 0 1 1.77232e-7 0 1 0 0 1 0 0 1 4.36257e-7 0 1 -1.41559e-6 0 1 0 0 1 -1.10438e-6 0 1 6.71849e-7 0 1 5.79203e-6 0 1 9.92922e-7 0 1 0 0 1 0 0 1 3.26309e-7 0 1 0 0 1 -8.78478e-6 0 1 1.62241e-5 0 1 2.72452e-6 0 1 7.6804e-6 0 1 7.44111e-7 0 1 -6.79622e-7 0 1 -5.7488e-7 0 1 -2.4048e-7 0 1 2.09802e-7 0 1 0 0 1 3.3949e-7 0 1 0 0 1 -2.00554e-7 0 1 4.15684e-7 0 1 -5.022e-7 0 1 -1.39038e-7 0 1 0 0 1 -8.72949e-7 0 1 -2.38504e-6 0 1 -8.47976e-6 0 1 -7.5223e-7 0 1 -2.53988e-7 0 1 -1.66855e-6 0 1 0 0 1 2.60269e-7 0 1 -4.02569e-6 0 1 1.53177e-6 0 1 -1.61565e-6 0 1 -2.75843e-7 0 1 3.83619e-7 0 1 0 0 1 -2.3631e-7 0 1 1.27201e-6 0 1 9.87989e-6 0 1 3.44195e-6 0 1 9.10348e-7 0 1 4.92977e-7 0 1 -1.84649e-6 0 1 -2.27653e-6 0 1 -4.93148e-7 0 1 1.17091e-6 0 1 2.9363e-6 0 1 -4.21374e-7 0 1 -3.64525e-7 0 1 4.42917e-7 0 1 -6.37978e-7 0 1 1.03551e-5 0 1 1.16966e-6 0 1 3.27829e-6 0 1 3.81291e-7 0 1 3.32622e-6 0 1 7.75582e-7 0 1 2.77319e-6 0 1 0 0 1 -4.37072e-7 0 1 2.91359e-7 0 1 0 0 1 7.32149e-7 0 1 7.49126e-6 0 1 2.50588e-7 0 1 -1.79699e-7 0 1 9.41397e-7 0 1 8.20882e-7 0 1 0 0 1 3.05833e-6 0 1 1.77458e-7 0 1 -2.22597e-6 0 1 -2.197e-7 0 1 -1.43618e-7 0 1 -2.57423e-6 0 1 1.39122e-5 0 1 1.38095e-6 0 1 1.43171e-7 0 1 0 0 1 6.64872e-7 0 1 0 0 1 5.03625e-7 0 1 -4.90314e-7 0 1 -5.69078e-7 0 1 -9.64437e-7 0 1 -3.01327e-7 0 1 -6.31331e-7 0 1 0 0 1 -4.7698e-7 0 1 4.19028e-7 0 1 4.14005e-7 0 1 6.85213e-6 0 1 -1.40808e-6 0 1 -6.76857e-6 0 1 0 0 1 0 0 1 6.29505e-7 0 1 1.31846e-6 0 1 0 0 1 1.03518e-6 0 1 6.98562e-6 0 1 0 0 1 -2.81753e-7 0 1 3.21138e-7 0 1 -1.00725e-6 0 1 3.45138e-6 0 1 2.52131e-7 0 1 -2.54649e-7 0 1 7.13225e-7 0 1 -7.76256e-6 0 1 -1.1304e-5 0 1 -6.10173e-7 0 1 1.73417e-5 0 1 -2.73581e-6 0 1 -1.20099e-7 0 1 -1.87922e-7 0 1 3.01984e-7 0 1 -3.86807e-7 0 -1 -1.59956e-7 0 -1 3.31445e-7 0 -1 0 0 -1 0 0 -1 0 0 -1 2.27579e-7 0 -1 -1.54797e-6 0 -1 -7.75239e-7 0 -1 -2.38223e-7 0 -1 0 0 -1 2.71625e-6 0 -1 -4.67326e-7 0 -1 -4.98602e-6 0 -1 -1.58787e-6 0 -1 0 0 -1 0 0 -1 1.48279e-6 0 -1 5.80213e-7 0 -1 -2.71787e-6 0 -1 4.30149e-7 0 -1 -9.28749e-7 0 -1 0 0 -1 -8.53749e-7 0 -1 -2.50461e-7 0 -1 0 0 -1 1.61139e-7 0 -1 9.37359e-7 0 -1 5.16958e-7 0 -1 4.41899e-7 0 -1 2.31088e-7 0 -1 8.87063e-7 0 -1 0 0 -1 -6.5984e-7 0 -1 0 0 -1 3.68085e-7 0 -1 1.26818e-6 0 -1 4.99079e-7 0 -1 3.07226e-7 0 -1 1.46879e-6 0 -1 6.17297e-7 0 -1 0 0 -1 0 0 -1 -1.85149e-6 0 -1 4.5491e-7 0 -1 1.81173e-5 0 -1 1.29418e-7 0 -1 -1.35679e-7 0 -1 -1.70708e-7 0 -1 -1.72819e-6 0 -1 -6.72709e-7 0 -1 -5.792e-6 0 -1 7.15938e-6 0 -1 2.74702e-7 0 -1 -6.76312e-7 0 -1 -1.80797e-6 0 -1 -1.77258e-6 0 -1 9.70796e-7 0 -1 -7.75961e-6 0 -1 -8.75791e-6 0 -1 -7.12644e-6 0 -1 -2.12547e-6 0 -1 0 0 -1 1.67244e-6 0 -1 -2.97001e-6 0 -1 7.09369e-6 0 -1 2.01612e-6 0 -1 7.53572e-7 0 -1 3.40743e-6 0 -1 3.75821e-7 0 -1 6.17136e-6 0 -1 2.0384e-6 0 -1 1.24703e-7 0 -1 -1.65353e-7 0 -1 1.63418e-6 0 -1 2.20487e-6 0 -1 0 0 -1 0 0 -1 0 0 -1 -1.66152e-7 0 -1 -1.36712e-6 0 -1 0 0 -1 0 0 -1 0 0 -1 -3.34467e-7 0 -1 0 0 -1 2.20686e-7 0 -1 -3.54592e-7 0 -1 -3.14879e-7 0 -1 -1.40554e-7 0 -1 1.36647e-6 0 -1 -6.30214e-7 0 -1 1.90557e-7 0 -1 2.98135e-7 0 -1 3.35022e-7 0 -1 0 0 -1 0 0 -1 0 0 -1 4.43207e-7 0 -1 0 0 -1 -9.94052e-7 0 -1 -7.43324e-7 0 -1 3.06423e-7 0 -1 -2.04689e-7 0 -1 8.02737e-7 0 -1 3.33888e-7 0 -1 6.10974e-7 0 -1 0 0 -1 -4.34006e-7 0 -1 2.62576e-7 0 -1 -6.24261e-7 0 -1 0 0 -1 0 0 -1 0 0 -1 0 0 -1 -9.8395e-7 0 -1 3.11056e-6 0 -1 0 0 -1 -3.37043e-7 0 -1 0 0 -1 1.33819e-6 0 -1 1.87939e-6 0 -1 4.41478e-7 0 -1 0 0 -1 -9.85357e-6 0 -1 -1.09723e-6 0 -1 -6.19744e-6 0 -1 -5.53902e-7 0 -1 -3.49553e-6 0 -1 -9.27479e-7 0 -1 -8.63421e-6 0 -1 -8.00599e-7 0 -1 -6.47289e-7 0 -1 -2.29509e-7 0 -1 -2.1282e-7 0 -1 6.25777e-7 0 -1 6.06691e-7 0 -1 -4.10141e-7 0 -1 0 0 -1 -2.17628e-7 0 -1 -1.53521e-7 0 -1 0 0.7071048 -0.7071089 0 0.7071048 -0.7071089 0 0.7071085 -0.7071051 0 0.7071086 -0.7071051 0 0.7071048 0.7071089 0 0.7071085 0.7071051 0 0.7071048 0.7071089 0 0.7071086 0.7071051 0 -0.7071028 0.7071107 0 -0.7071027 0.7071108 0 -0.7071174 -0.7070962 0 -0.7071173 -0.7070963 0 -0.7071028 -0.7071107 0 -0.7071027 -0.7071108 -1 0 0 -1 5.96207e-6 0 -1 0 0 -1 -7.90814e-5 0 -1 1.71099e-5 0 -1 -2.56056e-5 0 -0.7071018 0 -0.7071118 -0.707094 0 -0.7071197 -0.7071002 0 -0.7071134 -0.7070975 0 -0.7071161 -0.7070971 0 -0.7071164 -0.7070969 0 -0.7071166 -0.7071075 0 -0.7071061 -0.7071118 0 -0.7071018 -0.7070969 0 -0.7071167 -0.7070678 -0.5000277 -0.5000276 -0.7069634 -0.5001486 -0.5000542 -0.7070583 -0.5000685 -0.5000002 -0.7072817 -0.4998763 -0.4998763 -0.7071093 -0.7071043 0 -0.7071092 -0.7071045 0 -0.7071055 -0.7071081 0 -0.7071054 -0.7071082 0 -0.7072954 -0.4998667 0.4998667 -0.7070593 -0.5000676 0.4999998 -0.7072946 -0.4998673 0.4998673 -0.7070565 -0.5000356 0.5000357 -0.7071157 0 0.7070978 -0.7071158 0 0.7070978 -0.7071025 0 0.7071111 -0.7071072 0 0.7071064 -0.7071033 0 0.7071103 -0.7071074 0 0.7071062 -0.7070581 0.5000344 0.5000344 -0.7069637 0.5001013 0.5001012 -0.7070628 0.5000311 0.5000311 -0.7070678 0.5000276 0.5000275 -0.7071054 0.7071082 0 -0.7071049 0.7071088 0 -0.7071048 0.7071088 0 -0.7070678 0.5000276 -0.5000277 -0.7073061 0.499859 -0.499859 -0.7069004 0.500146 -0.5001459 -0.7073091 0.4998569 -0.4998569 -0.8582949 0.1327239 -0.4956958 -0.8582949 0.1327239 -0.4956958 -0.8582949 0.1327239 -0.4956958 -0.8584107 0.3627228 -0.3627166 -0.8583543 0.4955695 -0.1328117 -0.8583542 0.4955694 -0.1328117 -0.8582957 -0.4956942 -0.1327247 -0.8582957 -0.4956942 -0.1327247 -0.8584133 -0.3627213 -0.362712 -0.8583505 -0.1327883 -0.4955824 -0.8583505 -0.1327883 -0.4955824 -0.8604392 -0.4967663 0.1134353 -0.8604392 -0.4967663 0.1134353 -0.8604392 -0.4967663 0.1134353 -0.8604219 0 0.5095824 -0.8604494 -0.2208698 0.4591769 -0.8604494 -0.2208698 0.4591769 -0.8604494 -0.2208698 0.4591769 -0.8603978 -0.3984336 0.3177518 -0.8603979 -0.3984338 0.3177518 -0.8603979 -0.3984338 0.3177518 -0.860415 0.4967989 0.1134762 -0.8604151 0.4967988 0.1134762 -0.8604202 0.398456 0.3176634 -0.8604202 0.398456 0.3176634 -0.8604202 0.398456 0.3176634 -0.8604336 0.2210293 0.4591295 0 -0.9659056 -0.2588948 0 -0.9659053 -0.2588958 0 -0.9658185 -0.2592192 0 -0.9658182 -0.2592204 0 -0.7071159 -0.7070978 0 -0.7071071 -0.7071066 0 -0.7071126 -0.707101 0 -0.7071038 -0.7071099 0 -0.2588933 -0.965906 0 -0.2592175 -0.965819 0 -0.2588933 -0.9659059 0 -0.2592175 -0.965819 0 0.2588933 -0.965906 0 0.2592175 -0.965819 0 0.2588933 -0.9659059 0 0.2592175 -0.965819 0 0.7071098 -0.7071038 0 0.7071053 -0.7071082 0 0.7071082 -0.7071055 0 0.7071038 -0.7071099 0 0.9659275 -0.2588129 0 0.9659407 -0.2587636 0 0.9659278 -0.2588118 0 0.9659534 -0.2587161 0 0.9749351 0.2224897 0 0.9749244 0.2225365 0 0.9749244 0.2225365 0 0.9749351 0.2224897 0 0.7817984 0.6235314 0 0.7817927 0.6235386 0 0.7817966 0.6235336 0 0.7817909 0.6235408 0 0.4337576 0.9010297 0 0.433749 0.9010338 0 0.433755 0.9010309 0 0.4337464 0.901035 0 -0.4337453 0.9010356 0 -0.4338705 0.9009753 0 -0.4337439 0.9010362 0 -0.4337396 0.9010384 0 -0.7819579 0.6233313 0 -0.7819548 0.6233353 0 -0.781957 0.6233326 0 -0.7819538 0.6233364 0 -0.9749317 0.2225043 0 -0.9749519 0.222416 0 -0.9749314 0.2225059 0 -0.9749516 0.2224175 1 1.3637e-5 0 1 -4.2832e-6 0 1 3.67024e-6 0 1 1.72356e-6 0 1 -1.8417e-6 0 1 -1.72214e-6 0 1 -2.41151e-6 0 -0.8583583 0.4956125 -0.1326249 -0.8583583 0.4956125 -0.1326249 -0.8654221 0.2822325 -0.413992 -0.8654222 0.2822325 -0.413992 -0.865422 0.2822325 -0.4139921 -0.8646732 0.05624836 -0.4991757 -0.8646733 0.05624836 -0.4991756 -0.8646733 0.05624836 -0.4991757 -0.8636112 -0.1840898 -0.469347 -0.8636112 -0.1840898 -0.469347 -0.8636112 -0.1840898 -0.4693471 -0.8583503 -0.4955829 -0.1327876 -0.8583503 -0.4955829 -0.1327877 -0.8583502 -0.4955829 -0.1327877 -0.862211 -0.3840269 -0.3303266 -0.8622111 -0.3840269 -0.3303266 -0.8654395 -0.2820851 -0.4140563 -0.8654395 -0.2820851 -0.4140563 -0.864672 -0.05620068 -0.4991832 -0.864672 -0.05620074 -0.4991834 -0.864672 -0.05620068 -0.4991832 -0.8635688 0.184203 -0.4693808 -0.8635688 0.1842031 -0.4693808 -0.8635687 0.1842031 -0.4693809 -0.8621678 0.3839831 -0.3304902 -0.8621678 0.3839831 -0.3304902 -0.8621678 0.383983 -0.3304902 -0.86044 -0.4967648 0.1134361 -0.86044 -0.4967648 0.1134361 -0.86044 -0.4967648 0.1134361 -0.8604188 0 0.5095877 -0.8604547 -0.2209979 0.4591053 -0.8604547 -0.2209979 0.4591053 -0.8605626 -0.3982954 0.3174791 -0.860415 0.4967983 0.1134796 -0.8604151 0.4967983 0.1134796 -0.860415 0.4967983 0.1134796 -0.8604196 0.3984597 0.31766 -0.8604196 0.3984597 0.3176601 -0.8604197 0.3984598 0.3176601 -0.8604319 0.2210307 0.4591324 0 -0.9659439 -0.2587517 0 -0.9659439 -0.2587517 0 -0.9659439 -0.2587517 -0.01688486 -0.9747701 -0.2225717 -0.01688486 -0.9747701 -0.2225717 -0.0168848 -0.9747701 -0.2225717 0.01450902 -0.7578862 -0.6522254 0.0145089 -0.7578862 -0.6522254 0.01450902 -0.7578863 -0.6522254 0 -0.7819579 -0.6233313 0 -0.5632956 -0.8262555 0 -0.5632956 -0.8262555 0 -0.5632956 -0.8262555 0.01940095 -0.4337888 -0.9008057 0.01940089 -0.4337888 -0.9008057 0.01940101 -0.4337888 -0.9008057 0 -0.3654181 -0.9308436 0 -0.3654181 -0.9308436 0 -0.3654181 -0.9308436 0 -0.1120094 -0.9937072 -1.58014e-7 -0.1120094 -0.9937072 0 -0.1120094 -0.9937072 0.02182847 0 -0.9997618 0.02182847 0 -0.9997618 0.02182847 0 -0.9997618 1.59198e-7 0.112003 -0.993708 0 0.112003 -0.993708 -1.58764e-7 0.112003 -0.993708 0 0.4337604 -0.9010283 0.02901124 0.3651555 -0.9304945 0.02901136 0.3651555 -0.9304945 0.02901124 0.3651555 -0.9304945 0 0.5633016 -0.8262515 -1.21949e-7 0.5633016 -0.8262515 0 0.5633016 -0.8262515 0 0.757988 -0.6522685 0 0.757988 -0.6522685 0 0.7579882 -0.6522685 0.0120998 0.7818025 -0.6234088 0.01209974 0.7818025 -0.6234089 0.01209986 0.7818025 -0.6234089 -0.01450318 0.9658368 -0.2587451 -0.0145033 0.9658368 -0.2587451 -0.01450324 0.9658368 -0.2587451 0 0.9749267 -0.2225267 0 0.9749266 -0.2225267 0 0.9749266 -0.2225267 0 0.9749366 0.222483 0 0.9749343 0.2224932 0 0.9749252 0.2225329 0 0.9749122 0.2225899 0 0.781795 0.6235356 0 0.7817919 0.6235396 4.98646e-7 0.781794 0.6235368 0 0.4337549 0.901031 0 0.4337547 0.901031 0 0.4337548 0.901031 0 0.4337546 0.9010311 0 -0.7819547 0.6233353 0 -0.9749287 0.2225177 0 -0.9749334 0.2224973 0 -0.9749302 0.2225114 0 -0.9749348 0.222491 0 -1 0 0 -1 0 0 -1 0 0 -1 0 0 -1 0 0 -1 0 0 -1 0 0 -1 0 0 -1 0 0 -1 -6.62189e-7 0 -1 0 0 -1 0 0 -1 0 0 -1 -1.21147e-7 0 -1 0 0 -1 0 0 -1 0 0 -1 0 0 -1 0 0 -1 0 0 1 0 0 1 -1.42717e-7 0 1 0 0 1 0 0 1 0 0 1 0 0 1 0 0 1 -1.97992e-6 0 1 -3.05544e-7 0 1 4.36501e-7 0 1 0 0 1 0 0 1 1.3183e-7 0 1 0 0 1 3.0237e-7 0 1 -4.84613e-7 0 1 0 0 1 0 0 1 0 0 1 0 0 1 0 -0.06177449 0.7057553 -0.7057573 -0.06289833 0.7318646 -0.6785411 -0.06289833 0.7318646 -0.678541 -0.1263747 0.7071406 -0.695688 -0.1263748 0.7071406 -0.6956879 -0.1263747 0.7071405 -0.695688 -0.1938782 0.7056314 -0.6815392 -0.1938782 0.7056314 -0.6815391 -0.1938782 0.7056314 -0.6815391 -0.172253 0.7573928 -0.6298295 -0.1722531 0.7573928 -0.6298295 -0.172253 0.7573928 -0.6298295 -0.2486861 0.7070708 -0.6619714 -0.2486861 0.7070709 -0.6619713 -0.2486861 0.7070709 -0.6619713 -0.3158848 0.7057326 -0.6341596 -0.3158848 0.7057325 -0.6341596 -0.3158848 0.7057326 -0.6341596 -0.2708367 0.779031 -0.5654716 -0.2708367 0.7790311 -0.5654717 -0.2708367 0.779031 -0.5654717 -0.3630026 0.7070605 -0.6068728 -0.3630025 0.7070604 -0.606873 -0.3630026 0.7070605 -0.6068728 -0.4270321 0.7055521 -0.5655438 -0.4270322 0.7055521 -0.5655438 -0.3529776 0.7983547 -0.4878902 -0.4656181 0.7069942 -0.5323148 -0.4656181 0.7069942 -0.5323148 -0.4656181 0.7069942 -0.5323149 -0.5236436 0.7056382 -0.4773597 -0.5236437 0.7056382 -0.4773597 -0.5236436 0.7056382 -0.4773597 -0.4179385 0.8151245 -0.4011227 -0.4179384 0.8151245 -0.4011227 -0.553277 0.7070044 -0.4404876 -0.5532772 0.7070044 -0.4404875 -0.602498 0.7055979 -0.3729985 -0.6024979 0.7055979 -0.3729986 -0.6024979 0.7055979 -0.3729987 -0.4645988 0.8302918 -0.3078368 -0.623309 0.7067642 -0.3346197 -0.6503042 0.7065218 -0.2791621 -0.6503042 0.7065218 -0.279162 -0.554547 0.8039084 -0.2149629 -0.6729432 0.7068706 -0.2179023 -0.6729433 0.7068705 -0.2179023 -0.6729432 0.7068706 -0.2179023 -0.6896451 0.7065874 -0.1585052 -0.6896451 0.7065874 -0.1585052 -0.6896451 0.7065874 -0.1585053 -0.5810045 0.8066208 -0.1086136 -0.5810044 0.8066208 -0.1086136 -0.5810045 0.8066208 -0.1086137 -0.7012582 0.7066751 -0.09406006 -0.7067014 0.7067562 -0.03269094 -0.7069064 0.7065471 -0.03278261 -0.7067536 0.7066984 -0.03281575 -0.7067323 0.7067194 -0.03282034 -0.7067194 0.7067348 0.0327686 -0.7067443 0.7067095 0.03277552 -0.7069161 0.7065355 0.03282302 -0.7069401 0.7065111 0.03282964 -0.7012582 0.7066751 0.09406006 -0.5810045 0.8066208 0.1086137 -0.5810045 0.8066207 0.1086137 -0.5810045 0.8066208 0.1086137 -0.689644 0.7065886 0.1585052 -0.689644 0.7065886 0.1585051 -0.6728724 0.7069383 0.2179015 -0.6728724 0.7069383 0.2179015 -0.6728724 0.7069383 0.2179016 -0.554547 0.8039083 0.2149633 -0.6503101 0.7063939 0.279472 -0.6233095 0.7067641 0.3346192 -0.511439 0.7988458 0.3166634 -0.511439 0.7988458 0.3166634 -0.511439 0.7988458 0.3166634 -0.5899981 0.7064148 0.3909992 -0.5899981 0.7064148 0.3909993 -0.5899981 0.7064148 0.3909991 -0.5532771 0.7070044 0.4404875 -0.5532771 0.7070044 0.4404875 -0.553277 0.7070044 0.4404877 -0.4516834 0.7914276 0.4118551 -0.5106394 0.706421 0.4901191 -0.5106394 0.7064211 0.4901191 -0.5106394 0.706421 0.4901191 -0.4656181 0.7069942 0.5323149 -0.4656181 0.7069942 0.5323148 -0.4656181 0.7069942 0.5323148 -0.3758702 0.7816995 0.4976622 -0.3758702 0.7816995 0.4976622 -0.4149381 0.7062608 0.5736045 -0.4149381 0.7062608 0.5736046 -0.4149382 0.7062608 0.5736045 -0.3629911 0.707063 0.6068768 -0.3629316 0.707093 0.6068773 -0.3629975 0.7070699 0.6068649 -0.3629621 0.7070601 0.6068975 -0.3058862 0.7060687 0.6386711 -0.3058814 0.7060761 0.6386651 -0.3060154 0.7058305 0.6388725 -0.3060133 0.7058374 0.6388657 -0.2486861 0.7070709 0.6619713 -0.2486861 0.7070709 0.6619713 -0.2486861 0.7070708 0.6619713 -0.180249 0.7525457 0.633392 -0.1802491 0.7525456 0.633392 -0.1802491 0.7525457 0.633392 -0.06177449 0.7057553 0.7057573 -0.06289839 0.7318647 0.6785411 -0.06289839 0.7318647 0.678541 -0.06289833 0.7318647 0.678541 -0.1264316 0.7070816 0.6957376 -0.1264317 0.7070816 0.6957376 -0.1264317 0.7070816 0.6957375 -0.186797 0.7059432 0.6831919 -0.1867969 0.7059432 0.6831919 0 0.7071063 -0.7071074 -0.9989235 0 -0.04638928 -0.9989235 0 -0.04638922 -0.9911242 0 -0.1329395 -0.9911242 0 -0.1329395 -0.9911242 0 -0.1329395 -0.9911242 0 -0.1329395 -0.9746161 0 -0.2238831 -0.9746161 0 -0.2238832 -0.9746161 0 -0.2238831 -0.9514308 0 -0.3078628 -0.951431 0 -0.3078624 -0.9514308 0 -0.3078627 -0.9514309 0 -0.3078622 -0.918752 0 -0.3948353 -0.9187519 0 -0.3948354 -0.9188843 0 -0.394527 -0.9188843 0 -0.3945272 -0.8810661 0 -0.4729933 -0.8810658 0 -0.4729938 -0.881066 0 -0.4729934 -0.8810658 0 -0.4729939 -0.833618 0 -0.5523416 -0.8336181 0 -0.5523412 -0.8336181 0 -0.5523415 -0.8336182 0 -0.5523411 -0.7822946 0 -0.6229087 -0.7822934 0 -0.6229102 -0.7823542 0 -0.6228339 -0.7824127 0 -0.6227604 -0.7215242 0 -0.6923892 -0.7215242 0 -0.6923893 -0.6582097 0 -0.7528347 -0.6582096 0 -0.7528347 -0.6582097 0 -0.7528347 -0.5861582 0 -0.8101966 -0.5861588 0 -0.8101962 -0.5861585 0 -0.8101965 -0.5861591 0 -0.810196 -0.5133134 0 -0.8582013 -0.5133134 0 -0.8582013 -0.5132312 0 -0.8582504 -0.5132724 0 -0.8582259 -0.4319939 0 -0.9018766 -0.4319946 0 -0.9018762 -0.4319942 0 -0.9018764 -0.4319949 0 -0.9018761 -0.3517478 0 -0.9360948 -0.351658 0 -0.9361286 -0.351658 3.53877e-7 -0.9361286 -0.3517478 0 -0.9360948 -0.2637069 0 -0.964603 -0.2637063 0 -0.9646031 -0.2637065 0 -0.9646031 -0.2637059 0 -0.9646031 -0.17867 0 -0.9839091 -0.1786534 0 -0.9839122 -0.1786695 0 -0.9839092 -0.1785587 0 -0.9839293 -0.08719563 0 -0.9961913 -0.08719629 0 -0.9961912 -0.08719587 0 -0.9961913 -0.08719521 0 -0.9961913 -0.9989235 0 0.04638922 -0.9989235 0 0.04638928 -0.9911242 0 0.1329395 -0.9911242 0 0.1329395 -0.9911242 0 0.1329395 -0.9911242 0 0.1329395 -0.9746161 0 0.2238831 -0.9746161 0 0.2238832 -0.9746161 0 0.2238831 -0.9513275 0 0.308182 -0.951431 0 0.3078624 -0.9514308 0 0.3078627 -0.9514309 0 0.3078623 -0.918752 0 0.3948354 -0.9187519 0 0.3948354 -0.9188843 0 0.394527 -0.9187519 0 0.3948355 -0.8810661 0 0.4729933 -0.8810657 0 0.4729939 -0.8810661 0 0.4729934 -0.8810657 0 0.4729939 -0.833618 0 0.5523415 -0.8336181 0 0.5523413 -0.8336181 0 0.5523414 -0.8336182 0 0.5523412 -0.7824141 0 0.6227587 -0.7824128 0 0.6227602 -0.7823542 0 0.6228339 -0.7822933 0 0.6229104 -0.7215242 0 0.6923893 -0.7215242 0 0.6923892 -0.6582097 0 0.7528347 -0.6582096 0 0.7528347 -0.6582097 0 0.7528347 -0.5861583 0 0.8101966 -0.5861588 0 0.8101962 -0.5861585 0 0.8101965 -0.5861591 0 0.8101961 -0.5132724 0 0.8582259 -0.5132312 0 0.8582504 -0.5133134 0 0.8582013 -0.5133134 0 0.8582013 -0.431994 0 0.9018765 -0.4319945 0 0.9018762 -0.4319942 0 0.9018764 -0.4319948 0 0.9018761 -0.351658 0 0.9361286 -0.3517477 0 0.9360948 -0.3517477 -3.21707e-7 0.9360948 -0.3517478 0 0.9360948 -0.2637069 0 0.964603 -0.2637063 0 0.9646031 -0.2637065 0 0.964603 -0.2637059 0 0.9646031 -0.1786701 0 0.9839091 -0.1786701 0 0.9839091 -0.1786701 0 0.9839091 -0.09179431 -0.003055155 0.9957734 -0.0922662 -0.003376603 0.9957287 -0.08775073 -3.63291e-4 0.9961424 -0.08719527 0 0.9961913 0 0.7071063 0.7071074 0.7002786 0.7001375 -0.1393461 0.7001959 0.7002035 -0.1394298 0.7001228 0.7003065 -0.1392799 0.7002227 0.7002026 -0.1392999 0.5936827 0.7001798 -0.396597 0.5936598 0.7001957 -0.3966031 0.5935993 0.7002155 -0.3966587 0.5936019 0.7001922 -0.396696 0.3966143 0.7002211 -0.5936224 0.3965999 0.7002347 -0.593616 0.3963182 0.7002453 -0.5937917 0.3966113 0.7002248 -0.5936201 0.1392629 0.7002903 -0.7001424 0.1393241 0.700186 -0.7002345 0.139241 0.7004471 -0.6999899 0.139243 0.7002192 -0.7002175 0.186278 0.6948058 0.6946548 0.1861929 0.6947402 0.6947433 0.1860549 0.694494 0.6950265 0.1861434 0.6946287 0.6948682 0.5086096 0.6947177 0.5086095 0.5087739 0.6944723 0.5087803 0.5087733 0.6944804 0.5087698 0.508603 0.6947269 0.5086035 0.6947462 0.6947331 0.1862087 0.6948539 0.6946187 0.1862341 0.6948932 0.6946367 0.1860199 0.6947733 0.6948009 0.1858543 -0.1938903 -0.7055977 0.6815705 -0.1938902 -0.7055977 0.6815706 -0.1938903 -0.7055977 0.6815705 -0.06540012 -0.7057006 0.7054854 -0.06539928 -0.7055756 0.7056105 -0.06538289 -0.7056338 0.7055537 -0.06538164 -0.7055929 0.7055947 -0.1721596 -0.757611 0.6295924 -0.1721596 -0.7576112 0.6295924 -0.1721596 -0.7576112 0.6295924 -0.2486458 -0.7070875 0.6619687 -0.2486458 -0.7070876 0.6619686 -0.3059976 -0.7058402 0.6388702 -0.306002 -0.7058326 0.6388766 -0.3058827 -0.7060754 0.6386654 -0.3059418 -0.7059667 0.6387571 -0.3630082 -0.7071126 0.6068089 -0.362967 -0.7070679 0.6068854 -0.3629968 -0.707065 0.606871 -0.3630458 -0.7070397 0.6068711 -0.4269928 -0.705619 0.5654901 -0.4269928 -0.705619 0.5654901 -0.4269928 -0.705619 0.5654901 -0.3529776 -0.7983547 0.48789 -0.4655601 -0.707062 0.5322756 -0.46556 -0.7070619 0.5322756 -0.5236437 -0.7056379 0.4773598 -0.5236437 -0.705638 0.4773598 -0.5236437 -0.705638 0.4773598 -0.4179382 -0.815125 0.4011223 -0.4179382 -0.815125 0.4011223 -0.4179382 -0.815125 0.4011223 -0.5532196 -0.7070311 0.4405168 -0.5532197 -0.7070311 0.4405167 -0.5532197 -0.7070311 0.4405168 -0.6024978 -0.7055979 0.3729985 -0.6024978 -0.7055979 0.3729987 -0.6024978 -0.7055979 0.3729986 -0.4645987 -0.8302922 0.3078358 -0.6233087 -0.7067647 0.3346191 -0.6502589 -0.7065556 0.279182 -0.6502589 -0.7065556 0.2791821 -0.5548192 -0.803714 0.2149869 -0.5548192 -0.8037141 0.214987 -0.5548192 -0.8037141 0.214987 -0.6728044 -0.7070031 0.2179009 -0.6728045 -0.7070032 0.2179008 -0.6728044 -0.7070031 0.2179008 -0.6897131 -0.7065202 0.1585088 -0.6897132 -0.7065202 0.1585088 -0.6897131 -0.7065202 0.1585089 -0.5812754 -0.8064342 0.108549 -0.7012581 -0.7066752 0.09405982 -0.7069284 -0.7065253 0.03277778 -0.7069061 -0.7065473 0.03278261 -0.7067533 -0.7066986 0.03281551 -0.706732 -0.7067196 0.0328201 -0.7067192 -0.706735 -0.03276813 -0.7067441 -0.7067097 -0.0327751 -0.7069159 -0.7065356 -0.03282308 -0.7066321 -0.7068278 -0.03264266 -0.7012581 -0.7066752 -0.09405982 -0.5812754 -0.8064342 -0.1085491 -0.6896439 -0.7065887 -0.1585052 -0.6896438 -0.7065887 -0.1585051 -0.6896439 -0.7065887 -0.1585052 -0.6728028 -0.7070047 -0.2179009 -0.6728028 -0.7070046 -0.2179009 -0.6728028 -0.7070047 -0.2179009 -0.5548192 -0.8037142 -0.2149869 -0.5548192 -0.803714 -0.2149869 -0.5548192 -0.8037141 -0.214987 -0.650259 -0.7065554 -0.2791823 -0.650259 -0.7065554 -0.2791823 -0.623309 -0.7067643 -0.3346194 -0.5115898 -0.7987341 -0.3167017 -0.5115898 -0.7987341 -0.3167017 -0.5115898 -0.7987341 -0.3167016 -0.5900154 -0.7064498 -0.3909101 -0.5900155 -0.7064497 -0.39091 -0.5900155 -0.7064497 -0.39091 -0.5532197 -0.7070311 -0.4405166 -0.5532197 -0.7070311 -0.4405168 -0.4516831 -0.7914271 -0.4118564 -0.5106805 -0.7063545 -0.4901721 -0.5106805 -0.7063546 -0.4901722 -0.46556 -0.7070619 -0.5322757 -0.46556 -0.7070619 -0.5322756 -0.3757882 -0.7817874 -0.497586 -0.3757882 -0.7817875 -0.4975859 -0.3757882 -0.7817874 -0.4975859 -0.4149559 -0.7062274 -0.5736328 -0.4149559 -0.7062274 -0.5736328 -0.4149558 -0.7062274 -0.5736328 -0.3630458 -0.7070398 -0.6068711 -0.3630458 -0.7070397 -0.6068712 -0.3630458 -0.7070397 -0.6068712 -0.2849174 -0.7690057 -0.5722347 -0.2849173 -0.7690056 -0.5722346 -0.2849172 -0.7690057 -0.5722348 -0.3058826 -0.7060751 -0.6386659 -0.3058826 -0.706075 -0.6386658 -0.2486458 -0.7070876 -0.6619687 -0.2486458 -0.7070875 -0.6619687 -0.1801266 -0.7527639 -0.6331674 -0.1801266 -0.7527639 -0.6331674 -0.1801266 -0.7527639 -0.6331674 -0.06177455 -0.7057556 -0.7057571 -0.06290447 -0.731994 -0.678401 -0.06290447 -0.731994 -0.678401 -0.06290447 -0.731994 -0.678401 -0.1263082 -0.7071157 -0.6957253 -0.1263082 -0.7071157 -0.6957253 -0.1263083 -0.7071157 -0.6957252 -0.1867973 -0.7059422 -0.6831929 -0.1867973 -0.7059421 -0.683193 -0.1867973 -0.7059421 -0.683193 0.7071169 0.7070968 0 0.7071167 0.7070969 0 0.7070921 0.7071216 0 0.7070919 0.7071217 0 0.9659144 0 -0.2588622 0.9808483 -0.00741589 -0.1946321 0.7933271 0.005500018 -0.6087708 0.7933271 0.005500018 -0.6087708 0.7933271 0.005499958 -0.6087708 0.8313945 0 -0.5556827 0.8313945 0 -0.5556827 0.8313945 0 -0.5556827 0.6087727 0 -0.7933447 0.6087727 0 -0.7933447 0.6087727 0 -0.7933447 0.5555558 0.003700315 -0.8314711 0.5555558 0.003700137 -0.831471 0.5555558 0.003700137 -0.8314711 0.2588639 -0.005594789 -0.9658977 0.1951075 0 -0.980782 0.1951075 0 -0.980782 0.1951075 0 -0.980782 0 -0.7071063 -0.7071074 0 -0.7071059 -0.7071076 0 -0.7071059 -0.7071077 0.258863 0 0.9659141 0.2588737 0 0.9659112 0.2588728 0 0.9659115 0.2588623 0 0.9659144 0.7071041 0 0.7071096 0.7071012 0 0.7071124 0.7071014 0 0.7071122 0.7071043 0 0.7071093 0.9659143 0 0.2588621 0.9659144 0 0.2588622 0.9659144 0 0.2588621 0 -0.7071063 0.7071074 0 -0.7071059 0.7071076 0 -0.7071059 0.7071077 0.1862851 -0.6949133 -0.6945455 0.1861897 -0.6947402 -0.6947442 0.1862179 -0.6947906 -0.6946862 0.1862147 -0.6947463 -0.6947314 0.4322316 -0.7041174 -0.5633779 0.4322316 -0.7041175 -0.5633777 0.4671722 -0.7506666 -0.4671723 0.5633872 -0.7040265 -0.4323675 0.5633873 -0.7040265 -0.4323675 0.6949872 -0.6945078 -0.1861498 0.6947543 -0.6947237 -0.1862136 0.6948938 -0.6946361 -0.1860199 0.6947752 -0.6947989 -0.185855 0.6948794 -0.6946235 0.1861205 0.6947408 -0.694744 0.1861881 0.6946119 -0.6948522 0.1862651 0.6947158 -0.6947695 0.1861863 0.5087732 -0.6944773 0.5087741 0.5086076 -0.6947207 0.5086075 0.5087767 -0.6944753 0.5087733 0.5085394 -0.6948177 0.5085431 0.1861523 -0.6945061 0.6949883 0.186213 -0.6947275 0.6947506 0.1863543 -0.694823 0.6946173 0.1863235 -0.6947252 0.6947234 0.7070916 -0.707122 0 0.7070918 -0.7071219 0 0.7071164 -0.7070972 0 0.7071166 -0.707097 0</float_array>
          <technique_common>
            <accessor source="#right_arm_link4-mesh-normals-array" count="4446" stride="3">
              <param name="X" type="float"/>
              <param name="Y" type="float"/>
              <param name="Z" type="float"/>
            </accessor>
          </technique_common>
        </source>
        <source id="right_arm_link4-mesh-map-0">
          <float_array id="right_arm_link4-mesh-map-0-array" count="16404">0.477478 0.49039 0.478955 0.490651 0.477478 0.507537 0.477478 0.507537 0.478955 0.490651 0.480365 0.491164 0.477478 0.507537 0.480365 0.491164 0.481664 0.491914 0.481664 0.491914 0.482813 0.492878 0.477478 0.507537 0.477478 0.507537 0.482813 0.492878 0.483777 0.494027 0.477478 0.507537 0.483777 0.494027 0.484527 0.495327 0.485301 0.498214 0.485301 0.499714 0.48504 0.501191 0.480365 0.506764 0.485301 0.498214 0.481664 0.506014 0.481664 0.506014 0.485301 0.498214 0.482813 0.505049 0.484527 0.495327 0.48504 0.496736 0.477478 0.507537 0.477478 0.507537 0.48504 0.496736 0.485301 0.498214 0.477478 0.507537 0.485301 0.498214 0.478955 0.507277 0.478955 0.507277 0.485301 0.498214 0.480365 0.506764 0.477478 0.49039 0.477478 0.507537 0.475978 0.49039 0.475978 0.49039 0.477478 0.507537 0.475978 0.507537 0.475978 0.49039 0.475978 0.507537 0.4745 0.490651 0.4745 0.490651 0.475978 0.507537 0.4745 0.507277 0.4745 0.490651 0.4745 0.507277 0.473091 0.506764 0.48504 0.501191 0.484527 0.502601 0.485301 0.498214 0.485301 0.498214 0.484527 0.502601 0.483777 0.5039 0.485301 0.498214 0.483777 0.5039 0.482813 0.505049 0.473091 0.506764 0.471792 0.506014 0.4745 0.490651 0.4745 0.490651 0.471792 0.506014 0.470642 0.505049 0.4745 0.490651 0.470642 0.505049 0.473091 0.491164 0.473091 0.491164 0.470642 0.505049 0.471791 0.491914 0.471791 0.491914 0.470642 0.505049 0.469678 0.5039 0.471791 0.491914 0.469678 0.5039 0.468928 0.502601 0.468154 0.498214 0.468415 0.496736 0.468154 0.499714 0.468154 0.499714 0.468415 0.496736 0.468928 0.495326 0.468154 0.499714 0.468928 0.495326 0.469678 0.494027 0.468928 0.502601 0.468415 0.501191 0.471791 0.491914 0.471791 0.491914 0.468415 0.501191 0.468154 0.499714 0.471791 0.491914 0.468154 0.499714 0.470642 0.492878 0.470642 0.492878 0.468154 0.499714 0.469678 0.494027 0.490811 0.522781 0.490811 0.507416 0.492307 0.507424 0.490811 0.522781 0.492307 0.507424 0.492307 0.522789 0.492307 0.522789 0.492307 0.507424 0.49376 0.50745 0.492307 0.522789 0.49376 0.50745 0.49376 0.522814 0.49376 0.522814 0.49376 0.50745 0.495126 0.507492 0.49376 0.522814 0.495126 0.507492 0.495126 0.522857 0.495126 0.522857 0.495126 0.507492 0.496364 0.50755 0.495126 0.522857 0.496364 0.50755 0.496364 0.522915 0.496364 0.522915 0.496364 0.50755 0.497437 0.507622 0.496364 0.522915 0.497437 0.507622 0.497437 0.522987 0.518409 0.506723 0.518409 0.491328 0.519639 0.491305 0.518409 0.506723 0.519639 0.491305 0.519639 0.5067 0.519639 0.5067 0.519639 0.491305 0.521 0.491288 0.519639 0.5067 0.521 0.491288 0.521 0.506683 0.521 0.506683 0.521 0.491288 0.52245 0.491277 0.521 0.506683 0.52245 0.491277 0.52245 0.506672 0.52245 0.506672 0.52245 0.491277 0.523945 0.491274 0.52245 0.506672 0.523945 0.491274 0.523945 0.506669 0.523945 0.506669 0.523945 0.491274 0.525439 0.491277 0.523945 0.506669 0.525439 0.491277 0.525439 0.506672 0.525439 0.506672 0.525439 0.491277 0.526887 0.491288 0.525439 0.506672 0.526887 0.491288 0.526887 0.506683 0.526887 0.506683 0.526887 0.491288 0.528246 0.491305 0.526887 0.506683 0.528246 0.491305 0.528246 0.5067 0.528246 0.5067 0.528246 0.491305 0.529473 0.491329 0.528246 0.5067 0.529473 0.491329 0.529473 0.506724 0.468154 0.522992 0.468154 0.507594 0.469214 0.507574 0.468154 0.522992 0.469214 0.507574 0.469214 0.522973 0.469214 0.522973 0.469214 0.507574 0.470443 0.507558 0.469214 0.522973 0.470443 0.507558 0.470443 0.522957 0.470443 0.522957 0.470443 0.507558 0.471802 0.507547 0.470443 0.522957 0.471802 0.507547 0.471802 0.522945 0.471802 0.522945 0.471802 0.507547 0.47325 0.50754 0.471802 0.522945 0.47325 0.50754 0.47325 0.522938 0.47325 0.522938 0.47325 0.50754 0.474745 0.507537 0.47325 0.522938 0.474745 0.507537 0.474745 0.522936 0.474745 0.522936 0.474745 0.507537 0.476239 0.50754 0.474745 0.522936 0.476239 0.50754 0.476239 0.522938 0.476239 0.522938 0.476239 0.50754 0.477689 0.507547 0.476239 0.522938 0.477689 0.507547 0.477689 0.522945 0.477689 0.522945 0.477689 0.507547 0.479049 0.507558 0.477689 0.522945 0.479049 0.507558 0.479049 0.522957 0.479049 0.522957 0.479049 0.507558 0.480279 0.507574 0.479049 0.522957 0.480279 0.507574 0.480279 0.522972 0.502448 0.522257 0.502448 0.506876 0.503518 0.506823 0.502448 0.522257 0.503518 0.506823 0.503518 0.522204 0.503518 0.522204 0.503518 0.506823 0.504754 0.50678 0.503518 0.522204 0.504754 0.50678 0.504754 0.522161 0.504754 0.522161 0.504754 0.50678 0.506119 0.506749 0.504754 0.522161 0.506119 0.506749 0.506119 0.52213 0.506119 0.52213 0.506119 0.506749 0.507572 0.50673 0.506119 0.52213 0.507572 0.50673 0.507572 0.522111 0.507572 0.522111 0.507572 0.50673 0.509067 0.506724 0.507572 0.522111 0.509067 0.506724 0.509067 0.522105 0.509067 0.522105 0.509067 0.506724 0.510561 0.506731 0.509067 0.522105 0.510561 0.506731 0.510561 0.522112 0.510561 0.522112 0.510561 0.506731 0.512006 0.506751 0.510561 0.522112 0.512006 0.506751 0.512006 0.522133 0.512006 0.522133 0.512006 0.506751 0.51336 0.506784 0.512006 0.522133 0.51336 0.506784 0.51336 0.522165 0.51336 0.522165 0.51336 0.506784 0.514582 0.506828 0.51336 0.522165 0.514582 0.506828 0.514582 0.522209 0.514582 0.522209 0.514582 0.506828 0.515633 0.506882 0.514582 0.522209 0.515633 0.506882 0.515633 0.522263 0.485301 0.522923 0.485301 0.507558 0.48652 0.507498 0.485301 0.522923 0.48652 0.507498 0.48652 0.522863 0.48652 0.522863 0.48652 0.507498 0.487873 0.507454 0.48652 0.522863 0.487873 0.507454 0.487873 0.522819 0.487873 0.522819 0.487873 0.507454 0.489318 0.507426 0.487873 0.522819 0.489318 0.507426 0.489318 0.522791 0.489318 0.522791 0.489318 0.507426 0.490811 0.507416 0.489318 0.522791 0.490811 0.507416 0.490811 0.522781 0.488938 0.505892 0.487789 0.504928 0.494624 0.490269 0.487789 0.504928 0.486825 0.503779 0.494624 0.490269 0.494624 0.490269 0.486825 0.503779 0.486074 0.50248 0.494624 0.490269 0.486074 0.50248 0.493124 0.490269 0.496102 0.490529 0.497511 0.491042 0.494624 0.507416 0.494624 0.507416 0.497511 0.491042 0.498811 0.491793 0.494624 0.507416 0.493124 0.507416 0.496102 0.490529 0.496102 0.490529 0.493124 0.507416 0.491647 0.507156 0.496102 0.490529 0.491647 0.507156 0.494624 0.490269 0.494624 0.490269 0.491647 0.507156 0.490237 0.506643 0.494624 0.490269 0.490237 0.506643 0.488938 0.505892 0.485301 0.499593 0.485301 0.498092 0.487789 0.492757 0.498811 0.491793 0.49996 0.492757 0.494624 0.507416 0.494624 0.507416 0.49996 0.492757 0.500924 0.493906 0.494624 0.507416 0.500924 0.493906 0.501674 0.495205 0.49996 0.504928 0.49881 0.505892 0.497511 0.506643 0.488938 0.491793 0.490237 0.491042 0.486074 0.50248 0.486074 0.50248 0.490237 0.491042 0.491647 0.490529 0.486074 0.50248 0.491647 0.490529 0.493124 0.490269 0.501674 0.495205 0.502187 0.496615 0.494624 0.507416 0.494624 0.507416 0.502187 0.496615 0.502448 0.498092 0.494624 0.507416 0.502448 0.498092 0.502448 0.499593 0.488938 0.491793 0.486074 0.50248 0.487789 0.492757 0.487789 0.492757 0.486074 0.50248 0.485561 0.50107 0.487789 0.492757 0.485561 0.50107 0.485301 0.499593 0.485301 0.498092 0.485561 0.496615 0.487789 0.492757 0.487789 0.492757 0.485561 0.496615 0.486074 0.495205 0.487789 0.492757 0.486074 0.495205 0.486825 0.493906 0.502448 0.499593 0.502187 0.50107 0.494624 0.507416 0.494624 0.507416 0.502187 0.50107 0.501674 0.50248 0.494624 0.507416 0.501674 0.50248 0.496102 0.507156 0.496102 0.507156 0.501674 0.50248 0.497511 0.506643 0.497511 0.506643 0.501674 0.50248 0.500924 0.503779 0.497511 0.506643 0.500924 0.503779 0.49996 0.504928 0.518255 0.493402 0.518282 0.493349 0.518392 0.49346 0.518255 0.493402 0.518392 0.49346 0.518343 0.49349 0.482694 0.520683 0.482634 0.520713 0.482635 0.520563 0.482694 0.520683 0.482635 0.520563 0.482695 0.520563 0.482695 0.520563 0.482635 0.520563 0.482695 0.507751 0.482695 0.507751 0.482635 0.520563 0.482635 0.507751 0.482695 0.507751 0.482635 0.507751 0.482634 0.507635 0.482695 0.507751 0.482634 0.507635 0.482694 0.507658 0.518356 0.506514 0.518409 0.506537 0.518344 0.506635 0.518356 0.506514 0.518344 0.506635 0.518304 0.506592 0.518304 0.506592 0.518344 0.506635 0.518246 0.5067 0.518304 0.506592 0.518246 0.5067 0.518226 0.506645 0.518226 0.506645 0.518246 0.5067 0.51813 0.506723 0.518226 0.506645 0.51813 0.506723 0.518134 0.506663 0.518134 0.506663 0.51813 0.506723 0.516789 0.506664 0.516789 0.506664 0.51813 0.506723 0.516786 0.506724 0.516789 0.506664 0.516786 0.506724 0.516628 0.506703 0.516789 0.506664 0.516628 0.506703 0.516647 0.506645 0.516647 0.506645 0.516628 0.506703 0.516482 0.506642 0.516647 0.506645 0.516482 0.506642 0.516515 0.50659 0.516515 0.50659 0.516482 0.506642 0.511885 0.503888 0.511885 0.503888 0.516482 0.506642 0.511852 0.50394 0.511723 0.503821 0.511885 0.503888 0.511852 0.50394 0.511548 0.503858 0.511551 0.503798 0.511704 0.503879 0.511704 0.503879 0.511551 0.503798 0.511723 0.503821 0.511704 0.503879 0.511723 0.503821 0.511705 0.503879 0.511705 0.503879 0.511723 0.503821 0.511852 0.50394 0.511551 0.503798 0.511548 0.503858 0.502752 0.503802 0.502752 0.503802 0.511548 0.503858 0.502749 0.503862 0.500032 0.52319 0.500091 0.523186 0.500092 0.523303 0.500032 0.52319 0.500092 0.523303 0.500032 0.523284 0.50266 0.503784 0.502634 0.503839 0.502536 0.503774 0.50266 0.503784 0.502536 0.503774 0.502582 0.503731 0.502582 0.503731 0.502536 0.503774 0.502471 0.503676 0.502582 0.503731 0.502471 0.503676 0.502529 0.503653 0.502529 0.503653 0.502471 0.503676 0.502448 0.50356 0.502529 0.503653 0.502448 0.50356 0.502511 0.503561 0.502511 0.503561 0.502448 0.50356 0.502511 0.490576 0.502511 0.490576 0.502448 0.50356 0.502448 0.490575 0.502511 0.490576 0.502448 0.490575 0.502471 0.49046 0.502511 0.490576 0.502471 0.49046 0.502529 0.490484 0.502529 0.490484 0.502471 0.49046 0.502536 0.490362 0.502529 0.490484 0.502536 0.490362 0.502582 0.490405 0.502582 0.490405 0.502536 0.490362 0.502634 0.490296 0.502582 0.490405 0.502634 0.490296 0.50266 0.490353 0.50266 0.490353 0.502634 0.490296 0.502749 0.490273 0.50266 0.490353 0.502749 0.490273 0.502752 0.490334 0.512922 0.490269 0.512925 0.49033 0.507042 0.490271 0.507042 0.490271 0.512925 0.49033 0.502752 0.490334 0.507042 0.490271 0.502752 0.490334 0.502749 0.490273 0.512925 0.49033 0.512922 0.490269 0.513001 0.490279 0.512925 0.49033 0.513001 0.490279 0.512988 0.490338 0.512988 0.490338 0.513001 0.490279 0.513074 0.49031 0.512988 0.490338 0.513074 0.49031 0.513047 0.490363 0.513047 0.490363 0.513074 0.49031 0.518255 0.493402 0.518255 0.493402 0.513074 0.49031 0.518282 0.493349 0.500091 0.523186 0.502386 0.523185 0.502387 0.523301 0.500091 0.523186 0.502387 0.523301 0.500092 0.523303 0.500092 0.523303 0.502387 0.523301 0.502387 0.523404 0.500092 0.523303 0.502387 0.523404 0.500092 0.523405 0.484989 0.52095 0.482695 0.52095 0.482695 0.520852 0.484989 0.52095 0.482695 0.520852 0.48499 0.520852 0.48499 0.520852 0.482695 0.520852 0.482695 0.520736 0.48499 0.520852 0.482695 0.520736 0.48499 0.520736 0.502356 0.508967 0.500061 0.508968 0.502356 0.507623 0.502356 0.507623 0.500061 0.508968 0.500061 0.507625 0.482695 0.507751 0.48499 0.507751 0.482695 0.520736 0.482695 0.520736 0.48499 0.507751 0.48499 0.520736 0.500091 0.514088 0.502386 0.514086 0.500091 0.514238 0.500091 0.514238 0.502386 0.514086 0.502386 0.514237 0.500091 0.514238 0.502386 0.514237 0.500091 0.514239 0.500091 0.514239 0.502386 0.514237 0.502386 0.514238 0.500091 0.514239 0.502386 0.514238 0.500092 0.514397 0.500092 0.514397 0.502386 0.514238 0.502387 0.514395 0.502386 0.523185 0.500091 0.523186 0.502387 0.514395 0.502387 0.514395 0.500091 0.523186 0.500092 0.514397 0.497497 0.512576 0.499792 0.512575 0.499792 0.512648 0.497497 0.512576 0.499792 0.512648 0.497497 0.512648 0.497497 0.512648 0.499792 0.512648 0.499792 0.512727 0.497497 0.512648 0.499792 0.512727 0.497497 0.512727 0.48499 0.507751 0.482695 0.507751 0.482695 0.507635 0.48499 0.507751 0.482695 0.507635 0.48499 0.507635 0.48499 0.507635 0.482695 0.507635 0.482695 0.507537 0.48499 0.507635 0.482695 0.507537 0.484989 0.507537 0.499794 0.523126 0.497499 0.523126 0.497499 0.523027 0.499794 0.523126 0.497499 0.523027 0.499794 0.523026 0.499794 0.523026 0.497499 0.523027 0.497499 0.522911 0.499794 0.523026 0.497499 0.522911 0.499794 0.522911 0.48034 0.507751 0.482635 0.507751 0.48034 0.520563 0.48034 0.520563 0.482635 0.507751 0.482635 0.520563 0.482635 0.507751 0.48034 0.507751 0.480339 0.507635 0.482635 0.507751 0.480339 0.507635 0.482634 0.507635 0.482634 0.507635 0.480339 0.507635 0.480339 0.507537 0.482634 0.507635 0.480339 0.507537 0.482634 0.507537 0.500062 0.507418 0.502357 0.507416 0.502356 0.507509 0.500062 0.507418 0.502356 0.507509 0.500061 0.507511 0.500061 0.507511 0.502356 0.507509 0.502356 0.507623 0.500061 0.507511 0.502356 0.507623 0.500061 0.507625 0.502357 0.509276 0.500062 0.509277 0.500061 0.509127 0.502357 0.509276 0.500061 0.509127 0.502356 0.509125 0.502356 0.509125 0.500061 0.509127 0.500061 0.508968 0.502356 0.509125 0.500061 0.508968 0.502356 0.508967 0.502386 0.514086 0.500091 0.514088 0.502357 0.509276 0.502357 0.509276 0.500091 0.514088 0.500062 0.509277 0.482633 0.520823 0.480339 0.520823 0.480339 0.520713 0.482633 0.520823 0.480339 0.520713 0.482634 0.520713 0.482634 0.520713 0.480339 0.520713 0.48034 0.520563 0.482634 0.520713 0.48034 0.520563 0.482635 0.520563 0.497499 0.507417 0.499794 0.507416 0.497497 0.512576 0.497497 0.512576 0.499794 0.507416 0.499792 0.512575 0.498414 0.521842 0.498563 0.521914 0.497499 0.522911 0.49898 0.517768 0.498877 0.517639 0.499119 0.516616 0.498728 0.518291 0.499088 0.518613 0.498563 0.518291 0.498563 0.518291 0.499088 0.518613 0.497498 0.518613 0.498563 0.518291 0.497498 0.518613 0.498414 0.518219 0.498414 0.518219 0.497498 0.518613 0.498311 0.51809 0.499792 0.512727 0.498727 0.513944 0.497497 0.512727 0.497497 0.512727 0.498727 0.513944 0.498562 0.513944 0.497497 0.512727 0.498562 0.513944 0.498413 0.514016 0.498728 0.518291 0.498877 0.518219 0.499088 0.518613 0.499088 0.518613 0.498877 0.518219 0.49898 0.51809 0.499088 0.518613 0.49898 0.51809 0.499017 0.517929 0.498979 0.514467 0.499119 0.516223 0.498876 0.514596 0.498876 0.514596 0.499119 0.516223 0.498727 0.514668 0.499016 0.514306 0.498979 0.514145 0.499792 0.512727 0.499792 0.512727 0.498979 0.514145 0.498876 0.514015 0.499792 0.512727 0.498876 0.514015 0.498727 0.513944 0.498563 0.517567 0.498645 0.516933 0.498728 0.517567 0.498728 0.517567 0.498645 0.516933 0.498842 0.516893 0.498728 0.517567 0.498842 0.516893 0.498877 0.517639 0.498877 0.517639 0.498842 0.516893 0.499008 0.516782 0.498877 0.517639 0.499008 0.516782 0.499119 0.516616 0.498413 0.514016 0.49831 0.514145 0.497497 0.512727 0.497497 0.512727 0.49831 0.514145 0.498273 0.514306 0.497497 0.512727 0.498273 0.514306 0.497498 0.518613 0.497498 0.518613 0.498273 0.514306 0.49831 0.514467 0.497498 0.518613 0.49831 0.514467 0.498413 0.514596 0.499119 0.516223 0.499008 0.516056 0.498727 0.514668 0.498727 0.514668 0.499008 0.516056 0.498841 0.515945 0.498727 0.514668 0.498841 0.515945 0.498562 0.514668 0.498562 0.514668 0.498841 0.515945 0.498645 0.515906 0.498562 0.514668 0.498645 0.515906 0.498447 0.515946 0.498413 0.514596 0.498562 0.514668 0.497498 0.518613 0.497498 0.518613 0.498562 0.514668 0.498169 0.516226 0.497498 0.518613 0.498169 0.516226 0.498132 0.516419 0.498311 0.51809 0.497498 0.518613 0.498274 0.517929 0.498274 0.517929 0.497498 0.518613 0.498132 0.516419 0.498274 0.517929 0.498132 0.516419 0.498311 0.517768 0.498311 0.517768 0.498132 0.516419 0.498169 0.516612 0.498311 0.517768 0.498169 0.516612 0.498414 0.517639 0.498414 0.517639 0.498169 0.516612 0.49828 0.516781 0.498414 0.517639 0.49828 0.516781 0.498563 0.517567 0.498563 0.517567 0.49828 0.516781 0.498448 0.516893 0.498563 0.517567 0.498448 0.516893 0.498645 0.516933 0.498447 0.515946 0.498388 0.515975 0.498562 0.514668 0.498562 0.514668 0.498388 0.515975 0.49828 0.516058 0.498562 0.514668 0.49828 0.516058 0.498169 0.516226 0.498979 0.514467 0.499016 0.514306 0.499119 0.516223 0.499119 0.516223 0.499016 0.514306 0.499792 0.512727 0.499119 0.516223 0.499792 0.512727 0.499158 0.516419 0.499158 0.516419 0.499792 0.512727 0.499793 0.518613 0.499158 0.516419 0.499793 0.518613 0.499119 0.516616 0.498877 0.521842 0.49898 0.521713 0.499794 0.522911 0.497499 0.522911 0.498563 0.521914 0.499794 0.522911 0.499794 0.522911 0.498563 0.521914 0.498729 0.521914 0.499794 0.522911 0.498729 0.521914 0.498877 0.521842 0.499017 0.521552 0.49898 0.521391 0.49912 0.519635 0.49898 0.521391 0.498877 0.521262 0.49912 0.519635 0.49912 0.519635 0.498877 0.521262 0.498728 0.52119 0.49912 0.519635 0.498728 0.52119 0.499009 0.519801 0.499009 0.519801 0.498728 0.52119 0.498842 0.519913 0.499088 0.518613 0.49912 0.519242 0.499008 0.519076 0.498563 0.52119 0.498414 0.521262 0.498171 0.519635 0.498171 0.519635 0.498414 0.521262 0.497498 0.518613 0.498171 0.519635 0.497498 0.518613 0.498132 0.519439 0.498414 0.521262 0.498311 0.521391 0.497498 0.518613 0.497498 0.518613 0.498311 0.521391 0.498275 0.521552 0.497498 0.518613 0.498275 0.521552 0.497499 0.522911 0.497499 0.522911 0.498275 0.521552 0.498311 0.521713 0.497499 0.522911 0.498311 0.521713 0.498414 0.521842 0.498171 0.519635 0.498283 0.519802 0.498563 0.52119 0.498563 0.52119 0.498283 0.519802 0.498449 0.519913 0.498563 0.52119 0.498449 0.519913 0.498728 0.52119 0.498728 0.52119 0.498449 0.519913 0.498646 0.519952 0.498728 0.52119 0.498646 0.519952 0.498842 0.519913 0.498389 0.518994 0.498282 0.519076 0.497498 0.518613 0.497498 0.518613 0.498282 0.519076 0.498171 0.519242 0.497498 0.518613 0.498171 0.519242 0.498132 0.519439 0.499008 0.519076 0.498842 0.518964 0.499088 0.518613 0.499088 0.518613 0.498842 0.518964 0.498645 0.518925 0.499088 0.518613 0.498645 0.518925 0.497498 0.518613 0.497498 0.518613 0.498645 0.518925 0.498449 0.518964 0.497498 0.518613 0.498449 0.518964 0.498389 0.518994 0.49898 0.521713 0.499017 0.521552 0.499794 0.522911 0.499794 0.522911 0.499017 0.521552 0.49912 0.519635 0.499794 0.522911 0.49912 0.519635 0.499793 0.518613 0.499793 0.518613 0.49912 0.519635 0.499159 0.519438 0.499159 0.519438 0.49912 0.519242 0.499793 0.518613 0.499793 0.518613 0.49912 0.519242 0.499088 0.518613 0.499793 0.518613 0.499088 0.518613 0.499119 0.516616 0.499119 0.516616 0.499088 0.518613 0.499017 0.517929 0.499119 0.516616 0.499017 0.517929 0.49898 0.517768 0.502752 0.490334 0.512925 0.49033 0.502511 0.490576 0.518134 0.506663 0.516789 0.506664 0.518375 0.506422 0.518255 0.493402 0.511885 0.503888 0.513047 0.490363 0.513047 0.490363 0.511885 0.503888 0.511723 0.503821 0.513047 0.490363 0.511723 0.503821 0.512988 0.490338 0.512988 0.490338 0.511723 0.503821 0.511551 0.503798 0.512988 0.490338 0.511551 0.503798 0.512925 0.49033 0.516789 0.506664 0.516647 0.506645 0.518255 0.493402 0.518255 0.493402 0.516647 0.506645 0.516515 0.50659 0.518255 0.493402 0.516515 0.50659 0.511885 0.503888 0.512925 0.49033 0.511551 0.503798 0.502511 0.490576 0.502511 0.490576 0.511551 0.503798 0.502752 0.503802 0.502511 0.490576 0.502752 0.503802 0.502511 0.503561 0.518375 0.506422 0.516789 0.506664 0.518375 0.49361 0.518375 0.49361 0.516789 0.506664 0.518255 0.493402 0.518375 0.49361 0.518255 0.493402 0.518343 0.49349 0.502529 0.490484 0.502582 0.490405 0.502511 0.490576 0.502511 0.490576 0.502582 0.490405 0.50266 0.490353 0.502511 0.490576 0.50266 0.490353 0.502752 0.490334 0.518356 0.506514 0.518304 0.506592 0.518375 0.506422 0.518375 0.506422 0.518304 0.506592 0.518226 0.506645 0.518375 0.506422 0.518226 0.506645 0.518134 0.506663 0.50266 0.503784 0.502582 0.503731 0.502752 0.503802 0.502752 0.503802 0.502582 0.503731 0.502529 0.503653 0.502752 0.503802 0.502529 0.503653 0.502511 0.503561 0.480279 0.520563 0.48034 0.520563 0.480339 0.520713 0.480279 0.520563 0.480339 0.520713 0.480279 0.520683 0.518276 0.480072 0.518327 0.480102 0.518217 0.480213 0.518276 0.480072 0.518217 0.480213 0.518188 0.480161 0.48034 0.520563 0.480279 0.520563 0.48034 0.507751 0.48034 0.507751 0.480279 0.520563 0.480279 0.507751 0.518067 0.466899 0.518065 0.466838 0.518181 0.466861 0.518067 0.466899 0.518181 0.466861 0.518159 0.466917 0.518159 0.466917 0.518181 0.466861 0.518278 0.466927 0.518159 0.466917 0.518278 0.466927 0.518237 0.46697 0.518237 0.46697 0.518278 0.466927 0.518344 0.467025 0.518237 0.46697 0.518344 0.467025 0.51829 0.467048 0.480279 0.507658 0.480339 0.507635 0.48034 0.507751 0.480279 0.507658 0.48034 0.507751 0.480279 0.507751 0.502356 0.507623 0.502417 0.507627 0.502356 0.508967 0.502356 0.508967 0.502417 0.507627 0.502417 0.508971 0.516447 0.466973 0.516415 0.466921 0.516561 0.466859 0.516447 0.466973 0.516561 0.466859 0.516579 0.466918 0.502417 0.509113 0.502356 0.509125 0.502356 0.508967 0.502417 0.509113 0.502356 0.508967 0.502417 0.508971 0.516415 0.466921 0.516447 0.466973 0.511781 0.469625 0.511781 0.469625 0.516447 0.466973 0.511813 0.469677 0.502447 0.514226 0.502448 0.514399 0.502387 0.514395 0.511781 0.469625 0.511813 0.469677 0.511634 0.469686 0.511634 0.469686 0.511813 0.469677 0.51165 0.469745 0.511634 0.469686 0.51165 0.469745 0.511633 0.469686 0.502386 0.514238 0.502447 0.514226 0.502387 0.514395 0.502387 0.514395 0.502448 0.514399 0.502386 0.523185 0.502386 0.523185 0.502448 0.514399 0.502447 0.523189 0.50243 0.470009 0.502368 0.470009 0.502391 0.469894 0.50243 0.470009 0.502391 0.469894 0.502448 0.469917 0.502448 0.469917 0.502391 0.469894 0.502456 0.469796 0.502448 0.469917 0.502456 0.469796 0.502501 0.469839 0.502501 0.469839 0.502456 0.469796 0.502554 0.46973 0.502501 0.469839 0.502554 0.46973 0.502579 0.469786 0.502448 0.523282 0.502387 0.523301 0.502386 0.523185 0.502448 0.523282 0.502386 0.523185 0.502447 0.523189 0.502368 0.470009 0.50243 0.470009 0.502368 0.482994 0.502368 0.482994 0.50243 0.470009 0.50243 0.482995 0.502671 0.483236 0.50267 0.483296 0.502554 0.483273 0.502671 0.483236 0.502554 0.483273 0.502579 0.483218 0.502579 0.483218 0.502554 0.483273 0.502456 0.483208 0.502579 0.483218 0.502456 0.483208 0.502501 0.483165 0.502501 0.483165 0.502456 0.483208 0.502391 0.48311 0.502501 0.483165 0.502391 0.48311 0.502448 0.483087 0.502448 0.483087 0.502391 0.48311 0.502368 0.482994 0.502448 0.483087 0.502368 0.482994 0.50243 0.482995 0.497499 0.522911 0.497438 0.522912 0.497498 0.518613 0.497498 0.518613 0.497438 0.522912 0.497437 0.512728 0.497498 0.518613 0.497437 0.512728 0.497497 0.512727 0.512975 0.483203 0.513004 0.483255 0.51293 0.483285 0.512975 0.483203 0.51293 0.483285 0.512916 0.483227 0.497437 0.512665 0.497497 0.512648 0.497497 0.512727 0.497437 0.512665 0.497497 0.512727 0.497437 0.512728 0.513004 0.483255 0.512975 0.483203 0.518217 0.480213 0.518217 0.480213 0.512975 0.483203 0.518188 0.480161 0.502671 0.469768 0.511478 0.469768 0.50243 0.470009 0.51165 0.469745 0.512975 0.483203 0.512916 0.483227 0.518308 0.479952 0.518276 0.480072 0.518188 0.480161 0.51165 0.469745 0.512916 0.483227 0.511478 0.469768 0.511478 0.469768 0.512916 0.483227 0.512853 0.483236 0.511478 0.469768 0.512853 0.483236 0.50243 0.470009 0.50243 0.470009 0.512853 0.483236 0.502671 0.483236 0.50243 0.470009 0.502671 0.483236 0.50243 0.482995 0.512975 0.483203 0.51165 0.469745 0.518188 0.480161 0.518188 0.480161 0.51165 0.469745 0.511813 0.469677 0.518188 0.480161 0.511813 0.469677 0.518308 0.479952 0.518308 0.479952 0.511813 0.469677 0.516447 0.466973 0.518308 0.479952 0.516447 0.466973 0.516579 0.466918 0.516579 0.466918 0.516721 0.466899 0.518308 0.479952 0.518308 0.479952 0.516721 0.466899 0.518067 0.466899 0.518308 0.479952 0.518067 0.466899 0.518308 0.467141 0.502448 0.469917 0.502501 0.469839 0.50243 0.470009 0.50243 0.470009 0.502501 0.469839 0.502579 0.469786 0.50243 0.470009 0.502579 0.469786 0.502671 0.469768 0.502579 0.483218 0.502501 0.483165 0.502671 0.483236 0.502671 0.483236 0.502501 0.483165 0.502448 0.483087 0.502671 0.483236 0.502448 0.483087 0.50243 0.482995 0.518159 0.466917 0.518237 0.46697 0.518067 0.466899 0.518067 0.466899 0.518237 0.46697 0.51829 0.467048 0.518067 0.466899 0.51829 0.467048 0.518308 0.467141 0.512131 0.487832 0.512002 0.487729 0.51193 0.48758 0.512654 0.48758 0.512582 0.487728 0.512654 0.487414 0.512654 0.487414 0.512582 0.487728 0.512453 0.487832 0.512453 0.487163 0.512582 0.487266 0.51193 0.48758 0.51193 0.48758 0.512582 0.487266 0.512654 0.487414 0.51193 0.48758 0.512654 0.487414 0.512131 0.487832 0.512131 0.487832 0.512654 0.487414 0.512453 0.487832 0.512131 0.487832 0.512453 0.487832 0.512292 0.487868 0.512131 0.487163 0.512292 0.487126 0.512002 0.487266 0.512002 0.487266 0.512292 0.487126 0.512453 0.487163 0.512002 0.487266 0.512453 0.487163 0.51193 0.487415 0.51193 0.487415 0.512453 0.487163 0.51193 0.48758 0.505248 0.485451 0.505177 0.485303 0.505177 0.485137 0.505829 0.485451 0.5057 0.485554 0.505901 0.485303 0.505901 0.485303 0.5057 0.485554 0.505539 0.485591 0.505829 0.484988 0.505901 0.485137 0.505177 0.485137 0.505177 0.485137 0.505901 0.485137 0.505901 0.485303 0.505177 0.485137 0.505901 0.485303 0.505248 0.485451 0.505248 0.485451 0.505901 0.485303 0.505539 0.485591 0.505248 0.485451 0.505539 0.485591 0.505378 0.485554 0.505539 0.484849 0.5057 0.484885 0.505378 0.484886 0.505378 0.484886 0.5057 0.484885 0.505829 0.484988 0.505378 0.484886 0.505829 0.484988 0.505248 0.484989 0.505248 0.484989 0.505829 0.484988 0.505177 0.485137 0.505901 0.485303 0.505901 0.485137 0.505972 0.484988 0.506424 0.485554 0.506263 0.485591 0.506553 0.485451 0.506553 0.485451 0.506263 0.485591 0.506102 0.485554 0.506625 0.485137 0.506625 0.485303 0.505972 0.484988 0.505972 0.484988 0.506625 0.485303 0.506553 0.485451 0.505972 0.484988 0.506553 0.485451 0.505901 0.485303 0.505901 0.485303 0.506553 0.485451 0.506102 0.485554 0.505901 0.485303 0.506102 0.485554 0.505972 0.485451 0.506424 0.484886 0.506553 0.484989 0.506263 0.484849 0.506263 0.484849 0.506553 0.484989 0.506625 0.485137 0.506263 0.484849 0.506625 0.485137 0.506102 0.484885 0.506102 0.484885 0.506625 0.485137 0.505972 0.484988 0.507608 0.485712 0.507608 0.483296 0.50777 0.485712 0.50777 0.485712 0.507608 0.483296 0.50777 0.483296 0.50777 0.485712 0.50777 0.483296 0.507902 0.485712 0.507902 0.485712 0.50777 0.483296 0.507902 0.483297 0.51046 0.486295 0.51046 0.488711 0.51031 0.486295 0.51031 0.486295 0.51046 0.488711 0.51031 0.488711 0.51031 0.486295 0.51031 0.488711 0.510145 0.486295 0.510145 0.486295 0.51031 0.488711 0.510145 0.488711 0.510145 0.486295 0.510145 0.488711 0.509997 0.486295 0.509997 0.486295 0.510145 0.488711 0.509997 0.488711 0.508491 0.486297 0.508491 0.488712 0.508357 0.486296 0.508357 0.486296 0.508491 0.488712 0.508357 0.488711 0.508357 0.486296 0.508357 0.488711 0.508194 0.486295 0.508194 0.486295 0.508357 0.488711 0.508194 0.488711 0.508194 0.486295 0.508194 0.488711 0.508035 0.486296 0.508035 0.486296 0.508194 0.488711 0.508035 0.488712 0.508035 0.486296 0.508035 0.488712 0.507911 0.486297 0.507911 0.486297 0.508035 0.488712 0.507911 0.488713 0.509062 0.485712 0.509062 0.483296 0.509211 0.485712 0.509211 0.485712 0.509062 0.483296 0.509211 0.483296 0.509211 0.485712 0.509211 0.483296 0.509376 0.485712 0.509376 0.485712 0.509211 0.483296 0.509376 0.483296 0.509376 0.485712 0.509376 0.483296 0.509525 0.485712 0.509525 0.485712 0.509376 0.483296 0.509525 0.483296 0.507322 0.485712 0.507322 0.483297 0.507448 0.485712 0.507448 0.485712 0.507322 0.483297 0.507448 0.483296 0.507448 0.485712 0.507448 0.483296 0.507608 0.485712 0.507608 0.485712 0.507448 0.483296 0.507608 0.483296 0.508189 0.485712 0.508189 0.483296 0.508351 0.485712 0.508351 0.485712 0.508189 0.483296 0.508351 0.483296 0.508351 0.485712 0.508351 0.483296 0.508483 0.485712 0.508483 0.485712 0.508351 0.483296 0.508483 0.483297 0.509997 0.486295 0.509997 0.488711 0.509847 0.486295 0.509847 0.486295 0.509997 0.488711 0.509847 0.488711 0.509847 0.486295 0.509847 0.488711 0.509682 0.486295 0.509682 0.486295 0.509847 0.488711 0.509682 0.488711 0.509682 0.486295 0.509682 0.488711 0.509534 0.486295 0.509534 0.486295 0.509682 0.488711 0.509534 0.488711 0.509071 0.486297 0.509071 0.488712 0.508936 0.486296 0.508936 0.486296 0.509071 0.488712 0.508936 0.488711 0.508936 0.486296 0.508936 0.488711 0.508774 0.486295 0.508774 0.486295 0.508936 0.488711 0.508774 0.488711 0.508774 0.486295 0.508774 0.488711 0.508615 0.486296 0.508615 0.486296 0.508774 0.488711 0.508615 0.488712 0.508615 0.486296 0.508615 0.488712 0.508491 0.486297 0.508491 0.486297 0.508615 0.488712 0.508491 0.488713 0.509071 0.488711 0.509071 0.486295 0.509219 0.488711 0.509219 0.488711 0.509071 0.486295 0.509219 0.486295 0.509219 0.488711 0.509219 0.486295 0.509384 0.488711 0.509384 0.488711 0.509219 0.486295 0.509384 0.486295 0.509384 0.488711 0.509384 0.486295 0.509534 0.488711 0.509534 0.488711 0.509384 0.486295 0.509534 0.486295 0.507902 0.485712 0.507902 0.483297 0.508029 0.485712 0.508029 0.485712 0.507902 0.483297 0.508029 0.483296 0.508029 0.485712 0.508029 0.483296 0.508189 0.485712 0.508189 0.485712 0.508029 0.483296 0.508189 0.483296 0.507617 0.488711 0.507617 0.486295 0.507779 0.488711 0.507779 0.488711 0.507617 0.486295 0.507779 0.486295 0.507779 0.488711 0.507779 0.486295 0.507911 0.488711 0.507911 0.488711 0.507779 0.486295 0.507911 0.486296 0.510451 0.483296 0.510451 0.485712 0.510302 0.483296 0.510302 0.483296 0.510451 0.485712 0.510302 0.485712 0.510302 0.483296 0.510302 0.485712 0.510136 0.483296 0.510136 0.483296 0.510302 0.485712 0.510136 0.485712 0.510136 0.483296 0.510136 0.485712 0.509988 0.483296 0.509988 0.483296 0.510136 0.485712 0.509988 0.485712 0.509062 0.483298 0.509062 0.485713 0.508928 0.483297 0.508928 0.483297 0.509062 0.485713 0.508928 0.485712 0.508928 0.483297 0.508928 0.485712 0.508765 0.483296 0.508765 0.483296 0.508928 0.485712 0.508765 0.485712 0.508765 0.483296 0.508765 0.485712 0.508606 0.483297 0.508606 0.483297 0.508765 0.485712 0.508606 0.485713 0.508606 0.483297 0.508606 0.485713 0.508483 0.483298 0.508483 0.483298 0.508606 0.485713 0.508483 0.485714 0.509525 0.485712 0.509525 0.483296 0.509674 0.485712 0.509674 0.485712 0.509525 0.483296 0.509674 0.483296 0.509674 0.485712 0.509674 0.483296 0.509839 0.485712 0.509839 0.485712 0.509674 0.483296 0.509839 0.483296 0.509839 0.485712 0.509839 0.483296 0.509988 0.485712 0.509988 0.485712 0.509839 0.483296 0.509988 0.483296 0.507331 0.488712 0.507331 0.486296 0.507457 0.488711 0.507457 0.488711 0.507331 0.486296 0.507457 0.486296 0.507457 0.488711 0.507457 0.486296 0.507617 0.488711 0.507617 0.488711 0.507457 0.486296 0.507617 0.486295 0.508079 0.488927 0.508018 0.488925 0.508079 0.48873 0.508079 0.48873 0.508018 0.488925 0.508018 0.488751 0.499119 0.516223 0.499064 0.516247 0.499008 0.516056 0.499064 0.516247 0.498965 0.5161 0.499008 0.516056 0.499008 0.516056 0.498965 0.5161 0.498926 0.516065 0.499008 0.516056 0.498926 0.516065 0.498841 0.515945 0.498645 0.515967 0.498645 0.515906 0.498742 0.515978 0.508136 0.488828 0.508197 0.48873 0.508197 0.488927 0.498742 0.515978 0.498841 0.515945 0.498818 0.516002 0.498818 0.516002 0.498841 0.515945 0.498926 0.516065 0.508257 0.48873 0.508257 0.488927 0.508196 0.488927 0.508196 0.488927 0.508196 0.488826 0.508257 0.48873 0.498842 0.516893 0.498746 0.516862 0.498818 0.516839 0.498842 0.516893 0.498818 0.516839 0.499008 0.516782 0.499098 0.51642 0.499158 0.516419 0.499064 0.516594 0.499064 0.516594 0.499158 0.516419 0.499119 0.516616 0.499064 0.516594 0.499119 0.516616 0.498965 0.516741 0.498965 0.516741 0.499119 0.516616 0.499008 0.516782 0.498965 0.516741 0.499008 0.516782 0.498928 0.516774 0.511848 0.488701 0.51193 0.488758 0.511738 0.488704 0.508318 0.488735 0.508379 0.488732 0.508318 0.488926 0.508318 0.488926 0.508379 0.488732 0.508379 0.488901 0.498169 0.516612 0.498225 0.516591 0.49828 0.516781 0.498225 0.516591 0.498323 0.516739 0.49828 0.516781 0.49828 0.516781 0.498323 0.516739 0.498363 0.516774 0.49828 0.516781 0.498363 0.516774 0.498448 0.516893 0.507958 0.48873 0.508018 0.48873 0.507958 0.48883 0.507958 0.48883 0.508018 0.48873 0.508018 0.488927 0.498544 0.516862 0.498448 0.516893 0.498471 0.516838 0.498471 0.516838 0.498448 0.516893 0.498363 0.516774 0.511625 0.483337 0.511625 0.484545 0.511453 0.484545 0.511886 0.488699 0.511848 0.488701 0.511809 0.487493 0.514361 0.484944 0.514361 0.486152 0.514167 0.486152 0.514016 0.486153 0.51405 0.484945 0.514167 0.486152 0.514167 0.486152 0.51405 0.484945 0.514193 0.484944 0.514167 0.486152 0.514193 0.484944 0.514361 0.484944 0.511425 0.487506 0.511391 0.488715 0.511244 0.487512 0.511244 0.487512 0.511391 0.488715 0.511283 0.488719 0.511244 0.487512 0.511283 0.488719 0.511244 0.48872 0.511809 0.487493 0.511848 0.488701 0.511626 0.487499 0.511848 0.488701 0.511738 0.488704 0.511626 0.487499 0.511626 0.487499 0.511738 0.488704 0.511666 0.488707 0.511626 0.487499 0.511666 0.488707 0.511526 0.487503 0.511526 0.487503 0.511666 0.488707 0.511565 0.48871 0.511526 0.487503 0.511565 0.48871 0.511425 0.487506 0.511425 0.487506 0.511565 0.48871 0.511464 0.488713 0.511425 0.487506 0.511464 0.488713 0.511391 0.488715 0.511309 0.484545 0.511276 0.483337 0.511453 0.484545 0.511453 0.484545 0.511276 0.483337 0.51143 0.483337 0.511453 0.484545 0.51143 0.483337 0.511625 0.483337 0.512706 0.485682 0.512549 0.485808 0.512352 0.485852 0.511993 0.485123 0.51215 0.484994 0.51191 0.485299 0.51191 0.485299 0.51215 0.484994 0.512347 0.484947 0.51191 0.485299 0.512347 0.484947 0.51191 0.4855 0.512705 0.485115 0.512793 0.485298 0.512545 0.48499 0.512545 0.48499 0.512793 0.485298 0.512794 0.4855 0.512545 0.48499 0.512794 0.4855 0.512706 0.485682 0.512706 0.485682 0.512352 0.485852 0.512545 0.48499 0.512545 0.48499 0.512352 0.485852 0.512251 0.485841 0.512545 0.48499 0.512251 0.485841 0.512453 0.484958 0.512453 0.484958 0.512251 0.485841 0.512156 0.485808 0.512453 0.484958 0.512156 0.485808 0.512347 0.484947 0.512347 0.484947 0.512156 0.485808 0.511998 0.485682 0.512347 0.484947 0.511998 0.485682 0.51191 0.4855 0.511799 0.484545 0.511625 0.484545 0.511824 0.483337 0.511824 0.483337 0.511625 0.484545 0.511625 0.483337 0.511799 0.484545 0.511824 0.483337 0.511949 0.484545 0.511949 0.484545 0.511824 0.483337 0.511985 0.483337 0.513436 0.484947 0.513396 0.486155 0.513396 0.484947 0.513396 0.484947 0.513396 0.486155 0.513288 0.484947 0.513288 0.484947 0.513396 0.486155 0.513211 0.486155 0.513288 0.484947 0.513211 0.486155 0.513211 0.484947 0.513211 0.484947 0.513211 0.486155 0.513114 0.484947 0.513114 0.484947 0.513211 0.486155 0.513114 0.486155 0.513114 0.484947 0.513114 0.486155 0.513009 0.484947 0.513009 0.484947 0.513114 0.486155 0.513009 0.486155 0.513009 0.484947 0.513009 0.486155 0.51294 0.484947 0.51294 0.484947 0.513009 0.486155 0.512888 0.484947 0.512888 0.484947 0.513009 0.486155 0.512828 0.486155 0.512888 0.484947 0.512828 0.486155 0.512828 0.484947 0.514003 0.487431 0.514003 0.486223 0.514195 0.487431 0.514195 0.487431 0.514003 0.486223 0.514175 0.486223 0.514195 0.487431 0.514175 0.486223 0.514361 0.487432 0.514361 0.487432 0.514175 0.486223 0.514328 0.486224 0.512828 0.486155 0.512794 0.484947 0.512828 0.484947 0.498447 0.515946 0.498645 0.515906 0.498645 0.515967 0.468152 0.490796 0.468121 0.490696 0.468152 0.49059 0.498447 0.515946 0.498539 0.51598 0.498471 0.516002 0.498447 0.515946 0.498471 0.516002 0.498388 0.515975 0.498388 0.515975 0.498471 0.516002 0.498419 0.516028 0.498388 0.515975 0.498419 0.516028 0.49828 0.516058 0.508318 0.488922 0.508257 0.488925 0.508318 0.48875 0.508318 0.48875 0.508257 0.488925 0.508257 0.48873 0.498225 0.51625 0.498169 0.516226 0.498323 0.516102 0.498323 0.516102 0.498169 0.516226 0.49828 0.516058 0.498323 0.516102 0.49828 0.516058 0.498358 0.51607 0.498358 0.51607 0.49828 0.516058 0.498419 0.516028 0.509991 0.486073 0.510052 0.48607 0.509992 0.486268 0.509992 0.486268 0.510052 0.48607 0.510052 0.486242 0.498171 0.519635 0.498227 0.519613 0.498283 0.519802 0.498227 0.519613 0.498325 0.51976 0.498283 0.519802 0.498283 0.519802 0.498325 0.51976 0.498363 0.519794 0.498283 0.519802 0.498363 0.519794 0.498449 0.519913 0.510052 0.486072 0.510113 0.486072 0.510052 0.486172 0.510052 0.486172 0.510113 0.486072 0.510113 0.486268 0.498545 0.519881 0.498449 0.519913 0.498472 0.519858 0.498472 0.519858 0.498449 0.519913 0.498363 0.519794 0.508437 0.485728 0.508491 0.485757 0.508378 0.485919 0.508378 0.485919 0.508491 0.485757 0.508439 0.485926 0.508378 0.485919 0.508439 0.485926 0.508376 0.485986 0.508376 0.485986 0.508439 0.485926 0.508437 0.485985 0.508376 0.485986 0.508437 0.485985 0.508397 0.486119 0.508397 0.486119 0.508437 0.485985 0.508456 0.486102 0.508397 0.486119 0.508456 0.486102 0.508491 0.486295 0.510052 0.48607 0.509991 0.486073 0.510052 0.485896 0.510052 0.485896 0.509991 0.486073 0.509992 0.485875 0.468155 0.490984 0.468114 0.491029 0.468114 0.490942 0.468154 0.490885 0.468114 0.490942 0.468114 0.490796 0.511005 0.487493 0.510808 0.487493 0.510809 0.487433 0.510809 0.487433 0.510984 0.487433 0.511005 0.487493 0.49912 0.519242 0.499064 0.519266 0.499038 0.519213 0.49912 0.519242 0.499038 0.519213 0.499008 0.519076 0.499008 0.519076 0.499038 0.519213 0.498966 0.519119 0.499008 0.519076 0.498966 0.519119 0.498842 0.518964 0.507635 0.488727 0.507694 0.488712 0.507646 0.488904 0.507646 0.488904 0.507694 0.488712 0.507707 0.488911 0.507646 0.488904 0.507707 0.488911 0.507635 0.488962 0.511962 0.48906 0.511936 0.488998 0.512057 0.489068 0.510113 0.485875 0.510113 0.486072 0.510052 0.486072 0.510052 0.486072 0.510052 0.485971 0.510113 0.485875 0.507841 0.488903 0.507784 0.488986 0.507782 0.488909 0.507841 0.488903 0.507782 0.488909 0.507782 0.488712 0.509887 0.485902 0.509941 0.485875 0.509931 0.486074 0.509931 0.486074 0.509941 0.485875 0.509991 0.486069 0.509931 0.486074 0.509991 0.486069 0.509907 0.486249 0.509907 0.486249 0.509991 0.486069 0.509963 0.486267 0.509907 0.486249 0.509963 0.486267 0.509887 0.486295 0.468121 0.490485 0.468154 0.49039 0.468154 0.49059 0.510843 0.489056 0.511014 0.489055 0.510821 0.490263 0.510821 0.490263 0.511014 0.489055 0.511015 0.490263 0.510843 0.489056 0.510821 0.490263 0.510701 0.489056 0.510701 0.489056 0.510821 0.490263 0.51067 0.490265 0.512798 0.487433 0.512835 0.486225 0.512835 0.487433 0.512835 0.487433 0.512835 0.486225 0.512944 0.487433 0.512944 0.487433 0.512835 0.486225 0.513016 0.486225 0.512944 0.487433 0.513016 0.486225 0.513016 0.487433 0.513016 0.487433 0.513016 0.486225 0.513117 0.487433 0.513117 0.487433 0.513016 0.486225 0.513117 0.486225 0.513117 0.487433 0.513117 0.486225 0.513218 0.487433 0.513218 0.487433 0.513117 0.486225 0.513218 0.486225 0.513218 0.487433 0.513218 0.486225 0.513291 0.487433 0.513291 0.487433 0.513218 0.486225 0.5134 0.486225 0.513291 0.487433 0.5134 0.486225 0.5134 0.487433 0.5134 0.487433 0.5134 0.486225 0.513438 0.487433 0.510493 0.487433 0.51046 0.486225 0.510614 0.486225 0.510493 0.487433 0.510614 0.486225 0.510637 0.487433 0.510637 0.487433 0.510614 0.486225 0.510809 0.486225 0.510637 0.487433 0.510809 0.486225 0.510809 0.487433 0.510809 0.487433 0.510809 0.486225 0.510984 0.487433 0.510984 0.487433 0.510809 0.486225 0.511037 0.486225 0.511909 0.489056 0.511962 0.48906 0.511869 0.490265 0.511869 0.490265 0.511962 0.48906 0.512057 0.489068 0.511207 0.486225 0.511133 0.487433 0.511037 0.486225 0.511037 0.486225 0.511133 0.487433 0.511037 0.487433 0.511037 0.486225 0.511037 0.487433 0.510984 0.487433 0.511909 0.489056 0.511869 0.490265 0.511736 0.489043 0.511736 0.489043 0.511869 0.490265 0.511643 0.490247 0.511736 0.489043 0.511643 0.490247 0.511563 0.48903 0.511563 0.48903 0.511643 0.490247 0.511418 0.49023 0.511563 0.48903 0.511418 0.49023 0.511511 0.489026 0.511244 0.490263 0.511015 0.490263 0.511014 0.489055 0.511014 0.489055 0.511189 0.489055 0.511244 0.490263 0.511244 0.490263 0.511189 0.489055 0.511244 0.489055 0.511244 0.490263 0.511244 0.489055 0.511418 0.490265 0.511418 0.490265 0.511244 0.489055 0.511341 0.489056 0.511418 0.49023 0.511418 0.489018 0.511511 0.489026 0.512358 0.488758 0.512258 0.488743 0.512492 0.487868 0.512492 0.487868 0.512258 0.488743 0.512164 0.488706 0.512492 0.487868 0.512164 0.488706 0.512011 0.488575 0.512492 0.487868 0.512695 0.487986 0.512813 0.488189 0.512556 0.488721 0.512358 0.488758 0.512719 0.488601 0.512719 0.488601 0.512358 0.488758 0.512492 0.487868 0.512719 0.488601 0.512492 0.487868 0.512813 0.488423 0.512813 0.488423 0.512492 0.487868 0.512813 0.488189 0.512055 0.487986 0.512258 0.487868 0.511938 0.488189 0.511938 0.488189 0.512258 0.487868 0.512492 0.487868 0.511938 0.488189 0.512492 0.487868 0.51193 0.48839 0.51193 0.48839 0.512492 0.487868 0.512011 0.488575 0.529153 0.517318 0.527764 0.517314 0.527755 0.516078 0.529153 0.517318 0.527755 0.516078 0.529144 0.516081 0.529144 0.516081 0.527755 0.516078 0.52775 0.514745 0.529144 0.516081 0.52775 0.514745 0.529139 0.514748 0.529139 0.514748 0.52775 0.514745 0.527749 0.513352 0.529139 0.514748 0.527749 0.513352 0.529137 0.513355 0.529137 0.513355 0.527749 0.513352 0.527752 0.511937 0.529137 0.513355 0.527752 0.511937 0.529141 0.51194 0.529141 0.51194 0.527752 0.511937 0.527759 0.510578 0.529141 0.51194 0.527759 0.510578 0.529148 0.510582 0.527764 0.517314 0.529153 0.517318 0.529158 0.518119 0.527764 0.517314 0.529158 0.518119 0.527769 0.518111 0.527769 0.518111 0.529158 0.518119 0.529158 0.518996 0.527769 0.518111 0.529158 0.518996 0.52777 0.518993 0.485038 0.473504 0.485097 0.473491 0.485241 0.474853 0.485241 0.474853 0.485097 0.473491 0.485301 0.474849 0.485241 0.474853 0.485301 0.474849 0.485282 0.476264 0.499795 0.512354 0.499847 0.513573 0.499795 0.513732 0.485282 0.476264 0.485205 0.476421 0.485222 0.476258 0.485282 0.476264 0.485222 0.476258 0.485241 0.474853 0.485282 0.476264 0.485031 0.477657 0.484973 0.477641 0.484973 0.477641 0.485031 0.477657 0.484556 0.478991 0.484973 0.477641 0.484556 0.478991 0.484501 0.478965 0.484501 0.478965 0.484556 0.478991 0.483868 0.480228 0.484501 0.478965 0.483868 0.480228 0.483818 0.480194 0.529148 0.510582 0.527759 0.510578 0.529158 0.509301 0.529158 0.509301 0.527759 0.510578 0.527769 0.509298 0.529158 0.509301 0.527769 0.509298 0.529159 0.509188 0.529159 0.509188 0.527769 0.509298 0.527771 0.509184 0.529159 0.509188 0.527771 0.509184 0.529174 0.50798 0.529174 0.50798 0.527771 0.509184 0.527785 0.507976 0.529174 0.50798 0.527785 0.507976 0.529175 0.50789 0.529175 0.50789 0.527785 0.507976 0.527786 0.507887 0.529175 0.50789 0.527786 0.507887 0.529193 0.506793 0.529193 0.506793 0.527786 0.507887 0.527804 0.506789 0.529193 0.506793 0.527804 0.506789 0.529194 0.506727 0.529194 0.506727 0.527804 0.506789 0.527805 0.506724 0.530358 0.466839 0.531745 0.466838 0.530406 0.467869 0.530406 0.467869 0.531745 0.466838 0.531793 0.467868 0.530406 0.467869 0.531793 0.467868 0.530408 0.467925 0.530408 0.467925 0.531793 0.467868 0.531795 0.467924 0.530408 0.467925 0.531795 0.467924 0.530441 0.468905 0.530441 0.468905 0.531795 0.467924 0.531829 0.468904 0.530441 0.468905 0.531829 0.468904 0.530447 0.469115 0.530447 0.469115 0.531829 0.468904 0.531835 0.469114 0.530447 0.469115 0.531835 0.469114 0.530448 0.469162 0.530448 0.469162 0.531835 0.469114 0.531836 0.469161 0.530448 0.469162 0.531836 0.469161 0.530477 0.470481 0.531836 0.469161 0.531865 0.47048 0.530477 0.470481 0.530477 0.470481 0.531865 0.47048 0.531865 0.470513 0.530477 0.470481 0.531865 0.470513 0.530495 0.471925 0.530495 0.471925 0.531865 0.470513 0.531882 0.471924 0.531882 0.471924 0.531883 0.471942 0.530495 0.471925 0.530495 0.471925 0.531883 0.471942 0.531887 0.473405 0.530495 0.471925 0.531887 0.473405 0.5305 0.473406 0.5305 0.473406 0.531887 0.473405 0.53188 0.474878 0.5305 0.473406 0.53188 0.474878 0.530492 0.474879 0.530492 0.474879 0.53188 0.474878 0.531859 0.476299 0.530492 0.474879 0.531859 0.476299 0.530472 0.4763 0.530472 0.4763 0.531859 0.476299 0.531828 0.477582 0.530472 0.4763 0.531828 0.477582 0.530439 0.477628 0.530439 0.477628 0.531828 0.477582 0.531826 0.477627 0.530439 0.477628 0.531826 0.477627 0.530398 0.478769 0.530398 0.478769 0.531826 0.477627 0.531785 0.478768 0.530398 0.478769 0.531785 0.478768 0.530395 0.478822 0.530395 0.478822 0.531785 0.478768 0.531783 0.478821 0.527749 0.528177 0.526363 0.528176 0.527682 0.527194 0.527682 0.527194 0.526363 0.528176 0.526296 0.527192 0.527682 0.527194 0.526296 0.527192 0.527678 0.527127 0.527678 0.527127 0.526296 0.527192 0.526292 0.527125 0.527678 0.527127 0.526292 0.527125 0.527624 0.526003 0.527624 0.526003 0.526292 0.527125 0.526238 0.526001 0.527624 0.526003 0.526238 0.526001 0.527621 0.525912 0.527621 0.525912 0.526238 0.526001 0.526235 0.52591 0.527621 0.525912 0.526235 0.52591 0.527582 0.524684 0.527582 0.524684 0.526235 0.52591 0.526196 0.524683 0.527582 0.524684 0.526196 0.524683 0.527579 0.524569 0.527579 0.524569 0.526196 0.524683 0.526193 0.524567 0.527579 0.524569 0.526193 0.524567 0.527555 0.523276 0.527555 0.523276 0.526193 0.524567 0.526169 0.523275 0.529141 0.51194 0.529148 0.510582 0.529209 0.510596 0.529209 0.510596 0.529202 0.511944 0.529141 0.51194 0.529141 0.51194 0.529202 0.511944 0.529199 0.51335 0.529141 0.51194 0.529199 0.51335 0.529137 0.513355 0.529137 0.513355 0.529199 0.51335 0.5292 0.514733 0.529137 0.513355 0.5292 0.514733 0.529139 0.514748 0.502159 0.47951 0.5021 0.479526 0.501628 0.478202 0.502159 0.47951 0.501628 0.478202 0.501683 0.478177 0.501683 0.478177 0.501628 0.478202 0.500945 0.476974 0.501683 0.478177 0.500945 0.476974 0.500996 0.47694 0.514804 0.490166 0.514744 0.490176 0.514804 0.489279 0.514804 0.489279 0.514744 0.490176 0.514744 0.489271 0.529158 0.518119 0.52922 0.518102 0.529158 0.518996 0.529158 0.518996 0.52922 0.518102 0.52922 0.518997 0.483358 0.481907 0.483298 0.481906 0.48349 0.481024 0.48349 0.481024 0.483298 0.481906 0.483432 0.481006 0.48349 0.481024 0.483432 0.481006 0.483868 0.480228 0.483868 0.480228 0.483432 0.481006 0.483818 0.480194 0.484636 0.472233 0.484692 0.472211 0.485038 0.473504 0.485038 0.473504 0.484692 0.472211 0.485097 0.473491 0.468662 0.472582 0.468315 0.473869 0.468256 0.473859 0.468256 0.473859 0.468605 0.472562 0.468662 0.472582 0.468662 0.472582 0.468605 0.472562 0.468647 0.472447 0.468662 0.472582 0.468647 0.472447 0.469272 0.471242 0.468647 0.472447 0.46922 0.471213 0.469272 0.471242 0.469272 0.471242 0.46922 0.471213 0.469272 0.471121 0.469272 0.471242 0.469272 0.471121 0.470104 0.470027 0.469272 0.471121 0.470057 0.469989 0.470104 0.470027 0.470104 0.470027 0.470057 0.469989 0.470113 0.469921 0.470104 0.470027 0.470113 0.469921 0.471132 0.468972 0.470113 0.469921 0.471092 0.468927 0.471132 0.468972 0.471132 0.468972 0.471092 0.468927 0.471146 0.468881 0.471132 0.468972 0.471146 0.468881 0.472325 0.46811 0.471146 0.468881 0.472294 0.468058 0.472325 0.46811 0.472325 0.46811 0.472294 0.468058 0.47234 0.468031 0.472325 0.46811 0.47234 0.468031 0.473649 0.467465 0.47234 0.468031 0.473628 0.467409 0.473649 0.467465 0.473649 0.467465 0.473628 0.467409 0.475053 0.466998 0.473649 0.467465 0.475053 0.466998 0.475064 0.467057 0.475064 0.467057 0.475053 0.466998 0.476527 0.466838 0.475064 0.467057 0.476527 0.466838 0.476528 0.466898 0.476528 0.466898 0.476527 0.466838 0.47799 0.466931 0.476528 0.466898 0.47799 0.466931 0.477998 0.466993 0.47799 0.466931 0.478007 0.466934 0.477998 0.466993 0.477998 0.466993 0.478007 0.466934 0.479415 0.467271 0.477998 0.466993 0.479415 0.467271 0.479429 0.467339 0.479415 0.467271 0.479449 0.467282 0.479429 0.467339 0.479429 0.467339 0.479449 0.467282 0.480762 0.467848 0.479429 0.467339 0.480762 0.467848 0.48078 0.467925 0.48078 0.467925 0.480762 0.467848 0.480809 0.467873 0.48078 0.467925 0.480809 0.467873 0.480988 0.468041 0.480988 0.468041 0.480809 0.467873 0.481018 0.467989 0.480988 0.468041 0.481018 0.467989 0.48201 0.468735 0.481018 0.467989 0.481992 0.468644 0.48201 0.468735 0.48201 0.468735 0.481992 0.468644 0.482048 0.468688 0.48201 0.468735 0.482048 0.468688 0.483083 0.469743 0.482048 0.468688 0.483069 0.469638 0.483083 0.469743 0.483083 0.469743 0.483069 0.469638 0.483128 0.469703 0.483083 0.469743 0.483128 0.469703 0.483967 0.470921 0.483128 0.469703 0.483962 0.4708 0.483967 0.470921 0.483967 0.470921 0.483962 0.4708 0.484018 0.47089 0.483967 0.470921 0.484018 0.47089 0.484636 0.472233 0.484636 0.472233 0.484018 0.47089 0.484645 0.472097 0.484636 0.472233 0.484645 0.472097 0.484692 0.472211 0.527546 0.521977 0.527555 0.523276 0.526169 0.523275 0.526169 0.523275 0.52616 0.521984 0.527546 0.521977 0.527546 0.521977 0.52616 0.521984 0.52616 0.521952 0.527546 0.521977 0.52616 0.521952 0.52755 0.52063 0.52755 0.52063 0.52616 0.521952 0.526164 0.520645 0.526164 0.520645 0.526165 0.520621 0.52755 0.52063 0.52755 0.52063 0.526165 0.520621 0.526183 0.519328 0.52755 0.52063 0.526183 0.519328 0.527569 0.519307 0.527569 0.519307 0.526183 0.519328 0.526215 0.518067 0.527569 0.519307 0.526215 0.518067 0.527602 0.51804 0.527602 0.51804 0.526215 0.518067 0.526261 0.516892 0.527602 0.51804 0.526261 0.516892 0.527647 0.516893 0.527643 0.524548 0.527579 0.524569 0.52762 0.523264 0.52762 0.523264 0.527579 0.524569 0.527555 0.523276 0.501763 0.484934 0.502166 0.483663 0.502224 0.483676 0.502224 0.483676 0.501819 0.484956 0.501763 0.484934 0.501763 0.484934 0.501819 0.484956 0.501772 0.48507 0.501763 0.484934 0.501772 0.48507 0.501094 0.486246 0.501772 0.48507 0.501146 0.486278 0.501094 0.486246 0.501094 0.486246 0.501146 0.486278 0.501089 0.486367 0.501094 0.486246 0.501089 0.486367 0.500211 0.487424 0.501089 0.486367 0.500256 0.487464 0.500211 0.487424 0.500211 0.487424 0.500256 0.487464 0.500197 0.487529 0.500211 0.487424 0.500197 0.487529 0.499138 0.488433 0.500197 0.487529 0.499175 0.488479 0.499138 0.488433 0.499138 0.488433 0.499175 0.488479 0.49912 0.488523 0.499138 0.488433 0.49912 0.488523 0.498115 0.489126 0.498115 0.489126 0.49912 0.488523 0.498145 0.489178 0.498115 0.489126 0.498145 0.489178 0.497908 0.489242 0.498145 0.489178 0.497936 0.489295 0.497908 0.489242 0.497908 0.489242 0.497936 0.489295 0.49789 0.48932 0.497908 0.489242 0.49789 0.48932 0.496557 0.489828 0.49789 0.48932 0.496576 0.489885 0.496557 0.489828 0.530414 0.470499 0.530477 0.470481 0.530495 0.471925 0.530414 0.470499 0.530495 0.471925 0.530432 0.471934 0.530432 0.471934 0.530495 0.471925 0.5305 0.473406 0.530432 0.471934 0.5305 0.473406 0.530437 0.473404 0.530437 0.473404 0.5305 0.473406 0.530492 0.474879 0.530437 0.473404 0.530492 0.474879 0.530429 0.474867 0.530429 0.474867 0.530492 0.474879 0.530472 0.4763 0.530429 0.474867 0.530472 0.4763 0.530409 0.476278 0.490777 0.489702 0.490755 0.489758 0.489422 0.489109 0.490777 0.489702 0.489422 0.489109 0.489453 0.489057 0.489453 0.489057 0.489422 0.489109 0.488888 0.488689 0.530358 0.478157 0.530439 0.477628 0.530398 0.478769 0.488888 0.488689 0.488273 0.488286 0.488259 0.488195 0.488259 0.488195 0.488273 0.488286 0.48822 0.48824 0.488259 0.488195 0.48822 0.48824 0.487231 0.487141 0.48822 0.48824 0.487241 0.487246 0.487231 0.487141 0.487231 0.487141 0.487241 0.487246 0.487184 0.487178 0.487231 0.487141 0.487184 0.487178 0.4864 0.485925 0.487184 0.487178 0.4864 0.486046 0.4864 0.485925 0.4864 0.485925 0.4864 0.486046 0.486347 0.485954 0.4864 0.485925 0.486347 0.485954 0.485789 0.484585 0.485789 0.484585 0.486347 0.485954 0.485774 0.484721 0.527643 0.524548 0.527582 0.524684 0.527579 0.524569 0.469941 0.481029 0.469562 0.480228 0.469612 0.480194 0.470132 0.481906 0.470071 0.481907 0.470131 0.481857 0.470131 0.481857 0.470071 0.481907 0.469941 0.481029 0.470131 0.481857 0.469941 0.481029 0.469999 0.481011 0.469999 0.481011 0.469941 0.481029 0.469612 0.480194 0.469612 0.480194 0.469562 0.480228 0.468905 0.479059 0.469612 0.480194 0.468905 0.479059 0.46896 0.479033 0.46896 0.479033 0.468905 0.479059 0.468439 0.477803 0.46896 0.479033 0.468439 0.477803 0.468497 0.477786 0.468497 0.477786 0.468439 0.477803 0.468175 0.476514 0.468497 0.477786 0.468175 0.476514 0.468232 0.476482 0.468256 0.473859 0.468315 0.473869 0.468114 0.475151 0.468114 0.475151 0.468315 0.473869 0.468174 0.475153 0.468114 0.475151 0.468174 0.475153 0.468112 0.475183 0.468112 0.475183 0.468174 0.475153 0.468232 0.476482 0.468112 0.475183 0.468232 0.476482 0.468173 0.47649 0.468173 0.47649 0.468232 0.476482 0.468175 0.476514 0.503781 0.48525 0.504475 0.48525 0.504476 0.485473 0.503781 0.48525 0.504476 0.485473 0.503782 0.485507 0.503782 0.485507 0.504476 0.485473 0.504479 0.485652 0.503782 0.485507 0.504479 0.485652 0.503784 0.485652 0.514003 0.488563 0.514003 0.487868 0.514066 0.488564 0.514066 0.488564 0.514003 0.487868 0.514208 0.487871 0.514066 0.488564 0.514208 0.487871 0.514208 0.488565 0.514208 0.488565 0.514208 0.487871 0.514323 0.488566 0.514323 0.488566 0.514208 0.487871 0.514437 0.487871 0.514323 0.488566 0.514437 0.487871 0.514437 0.488565 0.514437 0.488565 0.514437 0.487871 0.514579 0.488564 0.514579 0.488564 0.514437 0.487871 0.514643 0.487868 0.514579 0.488564 0.514643 0.487868 0.514643 0.488563 0.502381 0.484849 0.503074 0.484849 0.503064 0.485029 0.502381 0.484849 0.503064 0.485029 0.502372 0.484995 0.502372 0.484995 0.503064 0.485029 0.503061 0.485252 0.502372 0.484995 0.503061 0.485252 0.502368 0.485252 0.502368 0.485252 0.503061 0.485252 0.502372 0.485474 0.502372 0.485474 0.503061 0.485252 0.503064 0.485474 0.502372 0.485474 0.503064 0.485474 0.502381 0.485651 0.502381 0.485651 0.503064 0.485474 0.503074 0.485651 0.514 0.484871 0.514 0.484177 0.514205 0.484876 0.514205 0.484876 0.514 0.484177 0.514205 0.484182 0.514205 0.484876 0.514205 0.484182 0.514433 0.484876 0.514433 0.484876 0.514205 0.484182 0.514433 0.484182 0.514433 0.484876 0.514433 0.484182 0.51464 0.484871 0.51464 0.484871 0.514433 0.484182 0.51464 0.484177 0.503784 0.484849 0.504479 0.484849 0.503782 0.485028 0.503782 0.485028 0.504479 0.484849 0.504476 0.485028 0.503782 0.485028 0.504476 0.485028 0.503781 0.48525 0.503781 0.48525 0.504476 0.485028 0.504475 0.48525 0.506891 0.483301 0.507102 0.483296 0.507107 0.48399 0.507107 0.48399 0.506887 0.483995 0.506891 0.483301 0.506891 0.483301 0.506887 0.483995 0.50666 0.483995 0.506891 0.483301 0.50666 0.483995 0.506664 0.483301 0.506664 0.483301 0.50666 0.483995 0.506472 0.48399 0.506664 0.483301 0.506472 0.48399 0.506473 0.483296 0.505892 0.483296 0.505881 0.48399 0.505682 0.483996 0.505892 0.483296 0.505682 0.483996 0.505696 0.483303 0.505696 0.483303 0.505682 0.483996 0.505453 0.483996 0.505696 0.483303 0.505453 0.483996 0.505467 0.483303 0.505467 0.483303 0.505453 0.483996 0.505239 0.483989 0.505467 0.483303 0.505239 0.483989 0.505252 0.483296 0.504931 0.485651 0.504924 0.486346 0.504761 0.48635 0.504931 0.485651 0.504761 0.48635 0.504763 0.485655 0.504552 0.485657 0.504763 0.485655 0.504761 0.48635 0.504761 0.48635 0.50455 0.486351 0.504552 0.485657 0.504552 0.485657 0.50455 0.486351 0.504321 0.48635 0.504552 0.485657 0.504321 0.48635 0.504325 0.485655 0.504325 0.485655 0.504321 0.48635 0.504129 0.486346 0.504325 0.485655 0.504129 0.486346 0.504134 0.485651 0.50616 0.485658 0.506156 0.486353 0.505956 0.486355 0.50616 0.485658 0.505956 0.486355 0.505962 0.48566 0.505962 0.48566 0.505956 0.486355 0.505725 0.486355 0.505962 0.48566 0.505725 0.486355 0.505733 0.48566 0.505733 0.48566 0.505725 0.486355 0.505511 0.486353 0.505733 0.48566 0.505511 0.486353 0.505519 0.485658 0.499991 0.509628 0.499986 0.510322 0.499821 0.51033 0.499991 0.509628 0.499821 0.51033 0.499821 0.509636 0.502876 0.483994 0.502875 0.4833 0.503093 0.483302 0.502876 0.483994 0.503093 0.483302 0.503087 0.483996 0.503087 0.483996 0.503093 0.483302 0.503319 0.4833 0.503087 0.483996 0.503319 0.4833 0.503316 0.483995 0.503316 0.483995 0.503319 0.4833 0.503508 0.483296 0.503316 0.483995 0.503508 0.483296 0.503508 0.483991 0.506625 0.485542 0.506625 0.484849 0.506824 0.484856 0.506625 0.485542 0.506824 0.484856 0.506826 0.485549 0.506826 0.485549 0.506824 0.484856 0.507052 0.484857 0.506826 0.485549 0.507052 0.484857 0.507057 0.48555 0.507057 0.48555 0.507052 0.484857 0.507263 0.484851 0.507057 0.48555 0.507263 0.484851 0.50727 0.485543 0.502713 0.487884 0.502706 0.48719 0.502872 0.487198 0.502713 0.487884 0.502872 0.487198 0.502875 0.487891 0.502712 0.483296 0.502875 0.4833 0.502876 0.483994 0.502876 0.483994 0.502713 0.483991 0.502712 0.483296 0.505928 0.487188 0.505928 0.487883 0.505713 0.487884 0.505928 0.487188 0.505713 0.487884 0.505715 0.48719 0.505715 0.48719 0.505713 0.487884 0.505483 0.487884 0.505715 0.48719 0.505483 0.487884 0.505486 0.48719 0.505486 0.48719 0.505483 0.487884 0.505282 0.487882 0.505486 0.48719 0.505282 0.487882 0.505286 0.487188 0.503509 0.48719 0.503508 0.487884 0.503315 0.487892 0.503509 0.48719 0.503315 0.487892 0.503319 0.487198 0.503319 0.487198 0.503315 0.487892 0.503086 0.487894 0.503319 0.487198 0.503086 0.487894 0.503091 0.4872 0.503091 0.4872 0.503086 0.487894 0.502875 0.487891 0.503091 0.4872 0.502875 0.487891 0.502872 0.487198 0.502875 0.486352 0.502873 0.485658 0.50309 0.485661 0.502875 0.486352 0.50309 0.485661 0.503086 0.486355 0.503086 0.486355 0.50309 0.485661 0.503316 0.485659 0.503086 0.486355 0.503316 0.485659 0.503315 0.486352 0.503315 0.486352 0.503316 0.485659 0.503506 0.485651 0.503315 0.486352 0.503506 0.485651 0.503508 0.486345 0.513507 0.490263 0.513507 0.489568 0.513705 0.48957 0.513507 0.490263 0.513705 0.48957 0.513707 0.490265 0.513707 0.490265 0.513705 0.48957 0.513933 0.48957 0.513707 0.490265 0.513933 0.48957 0.513938 0.490265 0.513938 0.490265 0.513933 0.48957 0.514145 0.489568 0.513938 0.490265 0.514145 0.489568 0.514152 0.490263 0.499825 0.511024 0.499821 0.51033 0.499988 0.510334 0.499825 0.511024 0.499988 0.510334 0.499988 0.511028 0.502711 0.485651 0.502873 0.485658 0.502875 0.486352 0.502875 0.486352 0.502713 0.486345 0.502711 0.485651 0.504744 0.487188 0.504746 0.487881 0.504532 0.487888 0.504744 0.487188 0.504532 0.487888 0.504533 0.487195 0.504533 0.487195 0.504532 0.487888 0.504302 0.487888 0.504533 0.487195 0.504302 0.487888 0.504303 0.487195 0.504303 0.487195 0.504302 0.487888 0.5041 0.487881 0.504303 0.487195 0.5041 0.487881 0.504102 0.487188 0.50497 0.48873 0.504963 0.489424 0.504772 0.489427 0.50497 0.48873 0.504772 0.489427 0.504781 0.488732 0.504781 0.488732 0.504772 0.489427 0.504543 0.489427 0.504781 0.488732 0.504543 0.489427 0.504554 0.488732 0.504554 0.488732 0.504543 0.489427 0.504331 0.489424 0.504554 0.488732 0.504331 0.489424 0.504334 0.48873 0.513688 0.488545 0.513842 0.487868 0.513848 0.488578 0.513848 0.488578 0.513842 0.487868 0.514003 0.487901 0.504062 0.483989 0.504066 0.483296 0.504277 0.483996 0.504277 0.483996 0.504066 0.483296 0.504281 0.483303 0.504277 0.483996 0.504281 0.483303 0.504508 0.483996 0.504508 0.483996 0.504281 0.483303 0.504512 0.483303 0.504508 0.483996 0.504512 0.483303 0.504707 0.483989 0.504707 0.483989 0.504512 0.483303 0.504711 0.483296 0.502682 0.489423 0.502685 0.48873 0.502873 0.489431 0.502873 0.489431 0.502685 0.48873 0.502875 0.488737 0.502873 0.489431 0.502875 0.488737 0.503102 0.489433 0.503102 0.489433 0.502875 0.488737 0.503104 0.488739 0.503102 0.489433 0.503104 0.488739 0.503314 0.489431 0.503314 0.489431 0.503104 0.488739 0.503316 0.488737 0.503314 0.489431 0.503316 0.488737 0.503485 0.48873 0.503314 0.489431 0.503485 0.48873 0.503478 0.489424 0.505513 0.489429 0.505521 0.488734 0.505734 0.488736 0.505513 0.489429 0.505734 0.488736 0.505726 0.48943 0.505726 0.48943 0.505734 0.488736 0.505962 0.488736 0.505726 0.48943 0.505962 0.488736 0.505955 0.48943 0.505955 0.48943 0.505962 0.488736 0.506159 0.488734 0.505955 0.48943 0.506159 0.488734 0.506155 0.489429 0.506481 0.487882 0.506481 0.487188 0.506669 0.487191 0.506481 0.487882 0.506669 0.487191 0.50667 0.487885 0.50667 0.487885 0.506669 0.487191 0.506895 0.487191 0.50667 0.487885 0.506895 0.487191 0.506897 0.487885 0.506897 0.487885 0.506895 0.487191 0.507114 0.487188 0.506897 0.487885 0.507114 0.487188 0.507116 0.487882 0.504479 0.48525 0.505173 0.48525 0.505174 0.485473 0.504479 0.48525 0.505174 0.485473 0.50448 0.485507 0.50448 0.485507 0.505174 0.485473 0.505177 0.485651 0.50448 0.485507 0.505177 0.485651 0.504482 0.485651 0.514003 0.489453 0.514003 0.488758 0.514066 0.489454 0.514066 0.489454 0.514003 0.488758 0.514208 0.488761 0.514066 0.489454 0.514208 0.488761 0.514208 0.489455 0.514208 0.489455 0.514208 0.488761 0.514323 0.489456 0.514323 0.489456 0.514208 0.488761 0.514437 0.488761 0.514323 0.489456 0.514437 0.488761 0.514437 0.489455 0.514437 0.489455 0.514437 0.488761 0.514579 0.489454 0.514579 0.489454 0.514437 0.488761 0.514643 0.488758 0.514579 0.489454 0.514643 0.488758 0.514643 0.489453 0.503087 0.484849 0.50378 0.484849 0.503771 0.485029 0.503087 0.484849 0.503771 0.485029 0.503079 0.484995 0.503079 0.484995 0.503771 0.485029 0.503767 0.485252 0.503079 0.484995 0.503767 0.485252 0.503074 0.485252 0.503074 0.485252 0.503767 0.485252 0.503078 0.485474 0.503078 0.485474 0.503767 0.485252 0.503771 0.485474 0.503078 0.485474 0.503771 0.485474 0.503088 0.485651 0.503088 0.485651 0.503771 0.485474 0.503781 0.485651 0.514 0.484172 0.514 0.483478 0.514205 0.484177 0.514205 0.484177 0.514 0.483478 0.514205 0.483483 0.514205 0.484177 0.514205 0.483483 0.514433 0.484177 0.514433 0.484177 0.514205 0.483483 0.514433 0.483483 0.514433 0.484177 0.514433 0.483483 0.51464 0.484172 0.51464 0.484172 0.514433 0.483483 0.51464 0.483478 0.504482 0.484849 0.505177 0.484849 0.50448 0.485027 0.50448 0.485027 0.505177 0.484849 0.505174 0.485027 0.50448 0.485027 0.505174 0.485027 0.504479 0.48525 0.504479 0.48525 0.505174 0.485027 0.505173 0.48525 0.472638 0.479604 0.472595 0.479562 0.472726 0.479485 0.472638 0.479604 0.472726 0.479485 0.472742 0.479543 0.472742 0.479543 0.472726 0.479485 0.472877 0.479481 0.472742 0.479543 0.472877 0.479481 0.472863 0.47954 0.472863 0.47954 0.472877 0.479481 0.473011 0.479551 0.472863 0.47954 0.473011 0.479551 0.472971 0.479595 0.480419 0.479551 0.480459 0.479596 0.479477 0.480235 0.479477 0.480235 0.480459 0.479596 0.479507 0.480287 0.479477 0.480235 0.479507 0.480287 0.478412 0.480707 0.478412 0.480707 0.479507 0.480287 0.478431 0.480764 0.478412 0.480707 0.478431 0.480764 0.477273 0.480946 0.477273 0.480946 0.478431 0.480764 0.477279 0.481005 0.477273 0.480946 0.477279 0.481005 0.476109 0.480941 0.476109 0.480941 0.477279 0.481005 0.476102 0.481 0.476109 0.480941 0.476102 0.481 0.474971 0.480692 0.474971 0.480692 0.476102 0.481 0.474952 0.480749 0.474971 0.480692 0.474952 0.480749 0.473911 0.480211 0.473911 0.480211 0.474952 0.480749 0.47388 0.480262 0.473911 0.480211 0.47388 0.480262 0.473011 0.479551 0.473011 0.479551 0.47388 0.480262 0.472971 0.479595 0.480459 0.479596 0.480419 0.479551 0.480553 0.479481 0.480459 0.479596 0.480553 0.479481 0.480566 0.47954 0.480566 0.47954 0.480553 0.479481 0.480704 0.479485 0.480566 0.47954 0.480704 0.479485 0.480687 0.479543 0.480687 0.479543 0.480704 0.479485 0.480834 0.479562 0.480687 0.479543 0.480834 0.479562 0.480792 0.479604 0.480792 0.479604 0.480834 0.479562 0.480937 0.47975 0.480937 0.47975 0.480834 0.479562 0.48098 0.479708 0.481418 0.479697 0.481462 0.479737 0.48132 0.479769 0.48132 0.479769 0.481462 0.479737 0.481345 0.479823 0.48132 0.479769 0.481345 0.479823 0.481201 0.479796 0.481201 0.479796 0.481345 0.479823 0.481203 0.479856 0.481201 0.479796 0.481203 0.479856 0.481082 0.479775 0.481082 0.479775 0.481203 0.479856 0.481059 0.47983 0.481082 0.479775 0.481059 0.47983 0.48098 0.479708 0.48098 0.479708 0.481059 0.47983 0.480937 0.47975 0.483057 0.475443 0.483117 0.475442 0.482948 0.476609 0.482948 0.476609 0.483117 0.475442 0.483008 0.476619 0.482948 0.476609 0.483008 0.476619 0.482628 0.477735 0.482628 0.477735 0.483008 0.476619 0.482684 0.477756 0.482628 0.477735 0.482684 0.477756 0.482105 0.478783 0.482105 0.478783 0.482684 0.477756 0.482157 0.478815 0.482105 0.478783 0.482157 0.478815 0.481418 0.479697 0.481418 0.479697 0.482157 0.478815 0.481462 0.479737 0.471268 0.478807 0.47132 0.478775 0.471967 0.479737 0.471967 0.479737 0.47132 0.478775 0.472012 0.479697 0.482982 0.474137 0.483117 0.475442 0.483057 0.475443 0.483057 0.475443 0.482923 0.47415 0.482982 0.474137 0.482982 0.474137 0.482923 0.47415 0.482918 0.474124 0.482982 0.474137 0.482918 0.474124 0.482585 0.472887 0.482918 0.474124 0.48253 0.472912 0.482585 0.472887 0.482585 0.472887 0.48253 0.472912 0.482508 0.472863 0.482585 0.472887 0.482508 0.472863 0.481941 0.471744 0.482508 0.472863 0.481892 0.47178 0.481941 0.471744 0.481941 0.471744 0.481892 0.47178 0.481845 0.471715 0.481941 0.471744 0.481845 0.471715 0.481077 0.470757 0.481845 0.471715 0.481036 0.470801 0.481077 0.470757 0.481077 0.470757 0.481036 0.470801 0.480958 0.47073 0.481077 0.470757 0.480958 0.47073 0.480031 0.469966 0.480031 0.469966 0.480958 0.47073 0.479999 0.470018 0.480031 0.469966 0.479999 0.470018 0.479916 0.469898 0.479916 0.469898 0.479999 0.470018 0.479886 0.469951 0.479916 0.469898 0.479886 0.469951 0.478845 0.469405 0.479886 0.469951 0.478825 0.469462 0.478845 0.469405 0.478845 0.469405 0.478825 0.469462 0.478675 0.469412 0.514954 0.484945 0.515013 0.485116 0.514954 0.486221 0.499907 0.51368 0.499924 0.512538 0.499985 0.512533 0.499985 0.512533 0.499924 0.512538 0.499907 0.512354 0.485115 0.510855 0.485174 0.511047 0.485115 0.512166 0.485113 0.513668 0.485131 0.512553 0.485192 0.512549 0.485192 0.512549 0.485131 0.512553 0.485113 0.512342 0.514952 0.48916 0.514893 0.488954 0.514952 0.487868 0.485273 0.512342 0.485253 0.513431 0.485192 0.513435 0.485192 0.513435 0.485253 0.513431 0.485273 0.513668 0.515072 0.486221 0.515013 0.486011 0.515072 0.485003 0.514893 0.487868 0.514871 0.488931 0.51481 0.488935 0.51481 0.488935 0.514871 0.488931 0.514893 0.489194 0.515076 0.484701 0.515017 0.484498 0.515076 0.483608 0.514727 0.487868 0.514704 0.488905 0.514643 0.488908 0.514643 0.488908 0.514704 0.488905 0.514727 0.489194 0.514739 0.48682 0.514798 0.487057 0.514739 0.487751 0.499993 0.511028 0.499968 0.512038 0.499907 0.512041 0.499907 0.512041 0.499968 0.512038 0.499993 0.512354 0.515016 0.489153 0.515076 0.489443 0.515016 0.490253 0.485272 0.511017 0.485245 0.512 0.485185 0.512003 0.485185 0.512003 0.485245 0.512 0.485272 0.512342 0.515012 0.487868 0.515072 0.488206 0.515012 0.489091 0.485273 0.509691 0.485245 0.510648 0.485185 0.510651 0.485185 0.510651 0.485245 0.510648 0.485273 0.511017 0.499847 0.512354 0.499907 0.512729 0.499847 0.513648 0.470325 0.475042 0.470512 0.474124 0.470386 0.475047 0.470325 0.475042 0.470386 0.475047 0.470313 0.475442 0.470313 0.475442 0.470386 0.475047 0.470373 0.475443 0.470313 0.475442 0.470373 0.475443 0.470378 0.476353 0.470373 0.475443 0.470438 0.476345 0.470378 0.476353 0.470378 0.476353 0.470438 0.476345 0.47048 0.476602 0.515012 0.489141 0.514952 0.488893 0.515012 0.487868 0.499864 0.507416 0.499854 0.508456 0.499794 0.50846 0.499794 0.50846 0.499854 0.508456 0.499864 0.50858 0.515075 0.487405 0.515015 0.487309 0.515075 0.486223 0.471268 0.478807 0.470797 0.477722 0.471314 0.478765 0.471268 0.478807 0.471314 0.478765 0.47132 0.478775 0.47245 0.479708 0.472492 0.47975 0.472348 0.479775 0.472348 0.479775 0.472492 0.47975 0.472371 0.47983 0.472348 0.479775 0.472371 0.47983 0.472229 0.479796 0.472229 0.479796 0.472371 0.47983 0.472227 0.479856 0.472229 0.479796 0.472227 0.479856 0.47211 0.479769 0.47211 0.479769 0.472227 0.479856 0.472085 0.479823 0.47211 0.479769 0.472085 0.479823 0.472012 0.479697 0.472012 0.479697 0.472085 0.479823 0.471967 0.479737 0.472492 0.47975 0.47245 0.479708 0.472638 0.479604 0.472638 0.479604 0.47245 0.479708 0.472595 0.479562 0.469876 0.473489 0.469936 0.473488 0.469815 0.473715 0.469815 0.473715 0.469936 0.473488 0.469867 0.473745 0.469815 0.473715 0.469867 0.473745 0.469649 0.473881 0.469649 0.473881 0.469867 0.473745 0.469679 0.473933 0.469649 0.473881 0.469679 0.473933 0.469423 0.473942 0.469423 0.473942 0.469679 0.473933 0.469423 0.474002 0.469423 0.473942 0.469423 0.474002 0.469196 0.473881 0.469196 0.473881 0.469423 0.474002 0.469166 0.473933 0.469196 0.473881 0.469166 0.473933 0.46903 0.473715 0.46903 0.473715 0.469166 0.473933 0.468978 0.473745 0.46903 0.473715 0.468978 0.473745 0.46897 0.473489 0.46897 0.473489 0.468978 0.473745 0.468909 0.473488 0.46897 0.473489 0.468909 0.473488 0.469015 0.473292 0.469015 0.473292 0.468909 0.473488 0.46896 0.473265 0.469015 0.473292 0.46896 0.473265 0.46914 0.473135 0.46914 0.473135 0.46896 0.473265 0.469103 0.473087 0.46914 0.473135 0.469103 0.473087 0.469322 0.473047 0.469322 0.473047 0.469103 0.473087 0.469308 0.472988 0.469322 0.473047 0.469308 0.472988 0.469524 0.473047 0.469524 0.473047 0.469308 0.472988 0.469537 0.472988 0.469524 0.473047 0.469537 0.472988 0.469649 0.473096 0.469649 0.473096 0.469537 0.472988 0.469679 0.473044 0.469649 0.473096 0.469679 0.473044 0.469705 0.473135 0.469705 0.473135 0.469679 0.473044 0.469743 0.473087 0.469705 0.473135 0.469743 0.473087 0.469831 0.473292 0.469831 0.473292 0.469743 0.473087 0.469885 0.473265 0.469831 0.473292 0.469885 0.473265 0.469876 0.473489 0.469876 0.473489 0.469885 0.473265 0.469936 0.473488 0.483545 0.477619 0.483494 0.477396 0.483554 0.477396 0.483554 0.477396 0.483599 0.477593 0.483545 0.477619 0.483545 0.477619 0.483599 0.477593 0.483615 0.477623 0.483545 0.477619 0.483615 0.477623 0.483687 0.477797 0.483615 0.477623 0.483725 0.477751 0.483687 0.477797 0.483687 0.477797 0.483725 0.477751 0.483781 0.477789 0.508079 0.48872 0.508136 0.488815 0.508079 0.488927 0.507782 0.488712 0.507767 0.488846 0.507707 0.488848 0.507707 0.488848 0.507767 0.488846 0.507782 0.488946 0.507958 0.488958 0.5079 0.488844 0.507958 0.48873 0.484121 0.477896 0.484007 0.477849 0.484108 0.477838 0.484121 0.477896 0.484108 0.477838 0.484327 0.477797 0.511505 0.484623 0.51138 0.484612 0.511291 0.484545 0.484327 0.477797 0.484234 0.477789 0.48429 0.477751 0.484327 0.477797 0.48429 0.477751 0.48447 0.477619 0.48446 0.477396 0.484521 0.477396 0.484415 0.477593 0.484415 0.477593 0.484521 0.477396 0.48447 0.477619 0.484415 0.477593 0.48447 0.477619 0.484399 0.477623 0.484399 0.477623 0.48447 0.477619 0.48429 0.477751 0.48447 0.477173 0.484521 0.477396 0.48446 0.477396 0.48446 0.477396 0.484415 0.4772 0.48447 0.477173 0.48447 0.477173 0.484415 0.4772 0.484399 0.47717 0.48447 0.477173 0.484399 0.47717 0.484327 0.476995 0.484327 0.476995 0.484399 0.47717 0.48429 0.477042 0.484327 0.476995 0.48429 0.477042 0.484264 0.476951 0.484264 0.476951 0.48429 0.477042 0.484234 0.477004 0.484264 0.476951 0.484234 0.477004 0.484121 0.476895 0.484121 0.476895 0.484234 0.477004 0.484108 0.476955 0.484121 0.476895 0.484108 0.476955 0.483893 0.476896 0.513236 0.483667 0.513135 0.483668 0.513021 0.48361 0.483893 0.476896 0.484007 0.476943 0.483906 0.476955 0.483893 0.476896 0.483906 0.476955 0.483687 0.476995 0.513035 0.483669 0.512909 0.483668 0.512815 0.483609 0.483687 0.476995 0.483781 0.477004 0.483725 0.477042 0.483687 0.476995 0.483725 0.477042 0.483545 0.477173 0.483554 0.477396 0.483494 0.477396 0.483599 0.4772 0.483599 0.4772 0.483494 0.477396 0.483545 0.477173 0.483599 0.4772 0.483545 0.477173 0.483615 0.47717 0.483615 0.47717 0.483545 0.477173 0.483725 0.477042 0.526296 0.515208 0.527682 0.515209 0.526287 0.516086 0.526287 0.516086 0.527682 0.515209 0.527673 0.516088 0.526287 0.516086 0.527673 0.516088 0.526261 0.516892 0.526261 0.516892 0.527673 0.516088 0.527647 0.516893 0.486046 0.478079 0.486689 0.47694 0.486739 0.476974 0.52761 0.521975 0.52762 0.523264 0.527555 0.523276 0.486739 0.476974 0.486101 0.478105 0.486046 0.478079 0.527602 0.51804 0.527666 0.518065 0.527634 0.519323 0.527602 0.51804 0.527634 0.519323 0.527569 0.519307 0.527569 0.519307 0.527634 0.519323 0.527615 0.520637 0.527569 0.519307 0.527615 0.520637 0.52755 0.52063 0.52755 0.52063 0.527615 0.520637 0.52761 0.521975 0.52755 0.52063 0.52761 0.521975 0.527546 0.521977 0.527546 0.521977 0.52761 0.521975 0.527555 0.523276 0.527682 0.515209 0.527746 0.515208 0.527673 0.516088 0.527673 0.516088 0.527746 0.515208 0.527737 0.516105 0.514798 0.486828 0.514858 0.48682 0.514798 0.487715 0.514798 0.487715 0.514858 0.48682 0.514858 0.487724 0.509827 0.489784 0.509004 0.489787 0.509827 0.489561 0.509827 0.489561 0.509004 0.489787 0.509005 0.489381 0.509827 0.489561 0.509005 0.489381 0.509829 0.489383 0.509829 0.489383 0.509005 0.489381 0.509008 0.489055 0.511291 0.485451 0.51046 0.485712 0.511286 0.485245 0.511286 0.485245 0.51046 0.485712 0.510451 0.485335 0.511286 0.485245 0.510451 0.485335 0.511286 0.485016 0.511286 0.485016 0.510451 0.485335 0.510451 0.484919 0.511286 0.485016 0.510451 0.484919 0.511291 0.484811 0.511291 0.484811 0.510451 0.484919 0.51046 0.484545 0.506475 0.489044 0.507307 0.488712 0.506485 0.489221 0.506485 0.489221 0.507307 0.488712 0.507324 0.489034 0.506485 0.489221 0.507324 0.489034 0.506488 0.489444 0.506488 0.489444 0.507324 0.489034 0.507331 0.48944 0.509004 0.489787 0.509827 0.489784 0.509008 0.490255 0.509008 0.490255 0.509827 0.489784 0.509829 0.490041 0.514361 0.487719 0.514361 0.48682 0.514678 0.487588 0.48499 0.508489 0.485111 0.508569 0.48499 0.509475 0.51206 0.489329 0.512886 0.489477 0.512885 0.489541 0.51206 0.489329 0.512885 0.489541 0.512057 0.489796 0.512057 0.489796 0.512885 0.489541 0.512883 0.489683 0.512883 0.489683 0.512883 0.489797 0.512057 0.489796 0.512057 0.489796 0.512883 0.489797 0.512883 0.489911 0.512057 0.489796 0.512883 0.489911 0.51206 0.490265 0.506488 0.489444 0.507331 0.48944 0.506484 0.489701 0.506484 0.489701 0.507331 0.48944 0.507322 0.489909 0.506484 0.489701 0.507322 0.489909 0.506475 0.489847 0.506475 0.489847 0.507322 0.489909 0.507299 0.490255 0.512886 0.490117 0.51206 0.490265 0.512885 0.490054 0.512885 0.490054 0.51206 0.490265 0.512883 0.489911 0.504761 0.48635 0.50497 0.487175 0.50455 0.486351 0.50455 0.486351 0.50497 0.487175 0.504584 0.487178 0.50455 0.486351 0.504584 0.487178 0.504321 0.48635 0.504321 0.48635 0.504584 0.487178 0.504167 0.487175 0.504321 0.48635 0.504167 0.487175 0.504129 0.486346 0.504129 0.486346 0.504167 0.487175 0.503818 0.487168 0.506156 0.486353 0.506444 0.487174 0.505956 0.486355 0.505956 0.486355 0.506444 0.487174 0.506079 0.487178 0.505956 0.486355 0.506079 0.487178 0.505725 0.486355 0.505725 0.486355 0.506079 0.487178 0.505658 0.487177 0.505725 0.486355 0.505658 0.487177 0.505511 0.486353 0.505511 0.486353 0.505658 0.487177 0.505267 0.487174 0.485273 0.507594 0.485273 0.508489 0.485118 0.507537 0.485118 0.507537 0.485273 0.508489 0.48499 0.508386 0.507107 0.48399 0.507322 0.484821 0.506887 0.483995 0.506887 0.483995 0.507322 0.484821 0.50692 0.48483 0.506887 0.483995 0.50692 0.48483 0.50666 0.483995 0.50666 0.483995 0.50692 0.48483 0.506507 0.48483 0.50666 0.483995 0.506507 0.48483 0.506472 0.48399 0.506472 0.48399 0.506507 0.48483 0.506164 0.484821 0.505881 0.48399 0.506164 0.484826 0.505682 0.483996 0.505682 0.483996 0.506164 0.484826 0.505801 0.484838 0.505682 0.483996 0.505801 0.484838 0.505453 0.483996 0.505453 0.483996 0.505801 0.484838 0.505383 0.484838 0.505453 0.483996 0.505383 0.484838 0.505239 0.483989 0.505239 0.483989 0.505383 0.484838 0.504994 0.484825 0.504924 0.486346 0.505267 0.487168 0.504761 0.48635 0.504761 0.48635 0.505267 0.487168 0.50497 0.487175 0.502876 0.483994 0.502666 0.48482 0.502713 0.483991 0.502713 0.483991 0.502666 0.48482 0.502368 0.484813 0.505928 0.487883 0.506172 0.488704 0.505713 0.487884 0.505713 0.487884 0.506172 0.488704 0.505781 0.488707 0.505713 0.487884 0.505781 0.488707 0.505483 0.487884 0.505483 0.487884 0.505781 0.488707 0.50536 0.488707 0.505483 0.487884 0.50536 0.488707 0.505282 0.487882 0.505282 0.487882 0.50536 0.488707 0.504995 0.488704 0.503508 0.487884 0.503818 0.488712 0.503315 0.487892 0.503315 0.487892 0.503818 0.488712 0.503466 0.488725 0.503315 0.487892 0.503466 0.488725 0.503086 0.487894 0.503086 0.487894 0.503466 0.488725 0.503048 0.48873 0.503086 0.487894 0.503048 0.48873 0.502875 0.487891 0.502875 0.487891 0.503048 0.48873 0.502664 0.488725 0.502875 0.487891 0.502664 0.488725 0.502713 0.487884 0.502713 0.487884 0.502664 0.488725 0.502368 0.488712 0.508179 0.490005 0.507343 0.490255 0.508172 0.489792 0.508172 0.489792 0.507343 0.490255 0.507331 0.489866 0.508172 0.489792 0.507331 0.489866 0.508172 0.489561 0.508172 0.489561 0.507331 0.489866 0.507331 0.489446 0.508172 0.489561 0.507331 0.489446 0.508179 0.48936 0.508179 0.48936 0.507331 0.489446 0.507343 0.489078 0.503508 0.483991 0.503819 0.484813 0.503316 0.483995 0.503316 0.483995 0.503819 0.484813 0.503469 0.48482 0.503316 0.483995 0.503469 0.48482 0.503087 0.483996 0.503087 0.483996 0.503469 0.48482 0.503051 0.484822 0.503087 0.483996 0.503051 0.484822 0.502876 0.483994 0.502876 0.483994 0.503051 0.484822 0.502666 0.48482 0.502875 0.486352 0.502664 0.487186 0.502713 0.486345 0.502713 0.486345 0.502664 0.487186 0.502368 0.487173 0.504746 0.487881 0.504995 0.488717 0.504532 0.487888 0.504532 0.487888 0.504995 0.488717 0.504606 0.48873 0.504532 0.487888 0.504606 0.48873 0.504302 0.487888 0.504302 0.487888 0.504606 0.48873 0.504185 0.48873 0.504302 0.487888 0.504185 0.48873 0.5041 0.487881 0.5041 0.487881 0.504185 0.48873 0.503818 0.488717 0.504963 0.489424 0.505269 0.490248 0.504772 0.489427 0.504772 0.489427 0.505269 0.490248 0.504919 0.490253 0.504772 0.489427 0.504919 0.490253 0.504543 0.489427 0.504543 0.489427 0.504919 0.490253 0.504501 0.490253 0.504543 0.489427 0.504501 0.490253 0.504331 0.489424 0.504331 0.489424 0.504501 0.490253 0.504116 0.490248 0.504331 0.489424 0.504116 0.490248 0.504168 0.489419 0.504168 0.489419 0.504116 0.490248 0.503818 0.490239 0.511276 0.484301 0.510455 0.484545 0.511274 0.484087 0.511274 0.484087 0.510455 0.484545 0.510451 0.484154 0.511274 0.484087 0.510451 0.484154 0.511274 0.483856 0.511274 0.483856 0.510451 0.484154 0.510451 0.483734 0.511274 0.483856 0.510451 0.483734 0.511276 0.483656 0.511276 0.483656 0.510451 0.483734 0.510455 0.483369 0.503508 0.486345 0.503818 0.487173 0.503315 0.486352 0.503315 0.486352 0.503818 0.487173 0.503466 0.487186 0.503315 0.486352 0.503466 0.487186 0.503086 0.486355 0.503086 0.486355 0.503466 0.487186 0.503048 0.48719 0.503086 0.486355 0.503048 0.48719 0.502875 0.486352 0.502875 0.486352 0.503048 0.48719 0.502664 0.487186 0.509002 0.489784 0.508179 0.489787 0.509002 0.489561 0.509002 0.489561 0.508179 0.489787 0.50818 0.489381 0.509002 0.489561 0.50818 0.489381 0.509004 0.489383 0.509004 0.489383 0.50818 0.489381 0.508183 0.489055 0.51067 0.489961 0.509839 0.490222 0.510665 0.489755 0.510665 0.489755 0.509839 0.490222 0.509829 0.489845 0.510665 0.489755 0.509829 0.489845 0.510665 0.489526 0.510665 0.489526 0.509829 0.489845 0.509829 0.489429 0.510665 0.489526 0.509829 0.489429 0.51067 0.489321 0.51067 0.489321 0.509829 0.489429 0.509839 0.489055 0.506444 0.485967 0.507275 0.485634 0.506453 0.486144 0.506453 0.486144 0.507275 0.485634 0.507293 0.485957 0.506453 0.486144 0.507293 0.485957 0.506457 0.486366 0.506457 0.486366 0.507293 0.485957 0.507299 0.486362 0.508179 0.489787 0.509002 0.489784 0.508183 0.490255 0.508183 0.490255 0.509002 0.489784 0.509004 0.490041 0.51464 0.484377 0.51464 0.483478 0.514956 0.484246 0.49987 0.508642 0.499991 0.508721 0.49987 0.509628 0.511989 0.483609 0.512815 0.483757 0.512814 0.483821 0.511989 0.483609 0.512814 0.483821 0.511985 0.484077 0.511985 0.484077 0.512814 0.483821 0.512812 0.483963 0.512812 0.483963 0.512812 0.484077 0.511985 0.484077 0.511985 0.484077 0.512812 0.484077 0.512812 0.484192 0.511985 0.484077 0.512812 0.484192 0.511989 0.484545 0.506457 0.486366 0.507299 0.486362 0.506452 0.486623 0.506452 0.486623 0.507299 0.486362 0.507291 0.486831 0.506452 0.486623 0.507291 0.486831 0.506444 0.486769 0.506444 0.486769 0.507291 0.486831 0.507267 0.487178 0.512815 0.484398 0.511989 0.484545 0.512814 0.484334 0.512814 0.484334 0.511989 0.484545 0.512812 0.484192 0.503314 0.489431 0.503519 0.490264 0.503102 0.489433 0.503102 0.489433 0.503519 0.490264 0.503132 0.490269 0.503102 0.489433 0.503132 0.490269 0.502873 0.489431 0.502873 0.489431 0.503132 0.490269 0.502715 0.490264 0.502873 0.489431 0.502715 0.490264 0.502682 0.489423 0.502682 0.489423 0.502715 0.490264 0.502368 0.490251 0.504707 0.483989 0.504994 0.484825 0.504508 0.483996 0.504508 0.483996 0.504994 0.484825 0.504631 0.484838 0.504508 0.483996 0.504631 0.484838 0.504277 0.483996 0.504277 0.483996 0.504631 0.484838 0.504211 0.484838 0.504277 0.483996 0.504211 0.484838 0.504062 0.483989 0.504062 0.483989 0.504211 0.484838 0.503819 0.484825 0.513848 0.488578 0.514003 0.489456 0.513688 0.488545 0.513688 0.488545 0.514003 0.489456 0.51371 0.489396 0.507116 0.487882 0.507331 0.488707 0.506897 0.487885 0.506897 0.487885 0.507331 0.488707 0.50693 0.488712 0.506897 0.487885 0.50693 0.488712 0.50667 0.487885 0.50667 0.487885 0.50693 0.488712 0.506516 0.488711 0.50667 0.487885 0.506516 0.488711 0.506481 0.487882 0.506481 0.487882 0.506516 0.488711 0.506172 0.488706 0.506155 0.489429 0.50644 0.49025 0.505955 0.48943 0.505955 0.48943 0.50644 0.49025 0.506075 0.490253 0.505955 0.48943 0.506075 0.490253 0.505726 0.48943 0.505726 0.48943 0.506075 0.490253 0.505657 0.490253 0.505726 0.48943 0.505657 0.490253 0.505513 0.489429 0.505513 0.489429 0.505657 0.490253 0.505269 0.49025 0.503478 0.489424 0.503818 0.490252 0.503314 0.489431 0.503314 0.489431 0.503818 0.490252 0.503519 0.490264 0.488396 0.478361 0.489095 0.477431 0.489139 0.477471 0.530261 0.488986 0.530323 0.48889 0.53025 0.49003 0.488441 0.478402 0.487824 0.479542 0.488396 0.478361 0.488441 0.478402 0.488396 0.478361 0.488447 0.478392 0.488447 0.478392 0.488396 0.478361 0.489139 0.477471 0.485185 0.509691 0.485175 0.509815 0.485115 0.509811 0.485115 0.509811 0.485175 0.509815 0.485185 0.510855 0.530323 0.48889 0.530267 0.487865 0.53033 0.487617 0.53033 0.487617 0.530267 0.487865 0.530268 0.487609 0.53033 0.487617 0.530268 0.487609 0.530332 0.486706 0.530332 0.486706 0.530268 0.487609 0.53027 0.486706 0.530332 0.486706 0.53027 0.486706 0.530332 0.486306 0.514956 0.483815 0.515017 0.483478 0.515017 0.484701 0.53027 0.486706 0.530271 0.48631 0.530332 0.486306 0.530332 0.486306 0.530271 0.48631 0.530269 0.485388 0.530332 0.486306 0.530269 0.485388 0.530329 0.485013 0.485023 0.509842 0.485111 0.509475 0.485083 0.509844 0.485023 0.509842 0.485083 0.509844 0.485111 0.510801 0.514678 0.487055 0.514739 0.48682 0.514739 0.487751 0.48511 0.510801 0.485083 0.511143 0.485023 0.511141 0.485023 0.511141 0.485083 0.511143 0.48511 0.512127 0.515016 0.490253 0.514955 0.489442 0.515016 0.489153 0.499821 0.511341 0.499907 0.511028 0.499882 0.511344 0.499821 0.511341 0.499882 0.511344 0.499907 0.512354 0.515015 0.48723 0.514954 0.487441 0.514954 0.486223 0.485109 0.512127 0.485085 0.512416 0.485024 0.512413 0.485024 0.512413 0.485085 0.512416 0.485109 0.513452 0.514893 0.48916 0.514955 0.490049 0.514893 0.490253 0.514727 0.488128 0.51481 0.487868 0.514788 0.488131 0.514727 0.488128 0.514788 0.488131 0.51481 0.489194 0.507841 0.488712 0.5079 0.488942 0.507841 0.488958 0.530709 0.527948 0.530647 0.527931 0.530653 0.526862 0.530709 0.527948 0.530653 0.526862 0.530715 0.526656 0.530715 0.526656 0.530653 0.526862 0.530653 0.526652 0.530715 0.526656 0.530653 0.526652 0.530714 0.525345 0.530653 0.526652 0.530653 0.525536 0.530714 0.525345 0.530714 0.525345 0.530653 0.525536 0.530652 0.525353 0.494697 0.48807 0.494689 0.488009 0.495972 0.487762 0.530652 0.525353 0.530646 0.524239 0.530706 0.524069 0.495972 0.487762 0.495802 0.487756 0.495952 0.487705 0.495972 0.487762 0.495952 0.487705 0.497043 0.487269 0.497043 0.487269 0.495952 0.487705 0.497013 0.487216 0.497043 0.487269 0.497013 0.487216 0.497158 0.487201 0.497158 0.487201 0.497013 0.487216 0.497127 0.487149 0.497158 0.487201 0.497127 0.487149 0.498205 0.486411 0.53063 0.522913 0.53061 0.521953 0.53067 0.521834 0.498205 0.486411 0.498086 0.486437 0.498163 0.486366 0.498205 0.486411 0.498163 0.486366 0.499068 0.485423 0.498163 0.486366 0.498973 0.485452 0.499068 0.485423 0.499068 0.485423 0.498973 0.485452 0.499019 0.485388 0.499068 0.485423 0.499019 0.485388 0.499712 0.48428 0.482828 0.52194 0.482789 0.523031 0.482724 0.523056 0.50532 0.485658 0.505267 0.485598 0.50532 0.485598 0.482724 0.523056 0.482788 0.523079 0.4827 0.52431 0.482759 0.525616 0.482695 0.525617 0.482764 0.524322 0.482764 0.524322 0.482695 0.525617 0.4827 0.52431 0.482764 0.524322 0.4827 0.52431 0.482765 0.524296 0.482765 0.524296 0.4827 0.52431 0.482788 0.523079 0.489139 0.477471 0.489095 0.477431 0.489237 0.477399 0.489237 0.477399 0.489095 0.477431 0.489212 0.477344 0.480401 0.530131 0.480338 0.530155 0.4804 0.530012 0.4804 0.530012 0.480338 0.530155 0.480336 0.530013 0.4804 0.530012 0.480336 0.530013 0.480401 0.529893 0.480401 0.529893 0.480336 0.530013 0.480338 0.52987 0.489475 0.477393 0.489498 0.477337 0.489577 0.47746 0.489577 0.47746 0.489498 0.477337 0.48962 0.477418 0.489577 0.47746 0.48962 0.477418 0.489723 0.477605 0.489723 0.477605 0.48962 0.477418 0.489765 0.477563 0.490098 0.477572 0.490139 0.477616 0.490004 0.477686 0.490098 0.477572 0.490004 0.477686 0.489991 0.477628 0.480352 0.529379 0.480416 0.529366 0.480416 0.529517 0.480352 0.529379 0.480416 0.529517 0.480352 0.5295 0.48987 0.477625 0.489853 0.477682 0.489723 0.477605 0.48987 0.477625 0.489723 0.477605 0.489765 0.477563 0.490139 0.477616 0.490098 0.477572 0.491044 0.476953 0.491044 0.476953 0.490098 0.477572 0.491014 0.476902 0.491044 0.476953 0.491014 0.476902 0.492112 0.476471 0.492112 0.476471 0.491014 0.476902 0.492093 0.476414 0.480354 0.527248 0.480291 0.527267 0.480342 0.526101 0.480342 0.526101 0.480291 0.527267 0.480279 0.526107 0.480342 0.526101 0.480279 0.526107 0.480342 0.52493 0.480342 0.52493 0.480279 0.526107 0.480279 0.524923 0.480342 0.52493 0.480279 0.524923 0.480354 0.523787 0.480354 0.523787 0.480279 0.524923 0.480291 0.523768 0.495573 0.476471 0.495592 0.476414 0.49664 0.476953 0.49664 0.476953 0.495592 0.476414 0.496671 0.476902 0.49664 0.476953 0.496671 0.476902 0.497546 0.477616 0.497546 0.477616 0.496671 0.476902 0.497586 0.477572 0.497919 0.477563 0.497962 0.477605 0.497831 0.477682 0.497919 0.477563 0.497831 0.477682 0.497815 0.477625 0.480352 0.521556 0.480416 0.52154 0.480416 0.521691 0.480352 0.521556 0.480416 0.521691 0.480352 0.521677 0.497694 0.477628 0.49768 0.477686 0.497546 0.477616 0.497694 0.477628 0.497546 0.477616 0.497586 0.477572 0.497962 0.477605 0.497919 0.477563 0.498108 0.47746 0.498108 0.47746 0.497919 0.477563 0.498065 0.477418 0.498108 0.47746 0.498065 0.477418 0.49821 0.477392 0.49821 0.477392 0.498065 0.477418 0.498187 0.477337 0.480401 0.521159 0.480338 0.521181 0.4804 0.521038 0.4804 0.521038 0.480338 0.521181 0.480336 0.521036 0.4804 0.521038 0.480336 0.521036 0.480401 0.520919 0.480401 0.520919 0.480336 0.521036 0.480338 0.520893 0.498449 0.4774 0.498475 0.477346 0.498545 0.477471 0.498545 0.477471 0.498475 0.477346 0.49859 0.477431 0.498545 0.477471 0.49859 0.477431 0.499243 0.478402 0.499243 0.478402 0.49859 0.477431 0.499295 0.478371 0.499243 0.478402 0.499295 0.478371 0.49976 0.479445 0.49976 0.479445 0.499295 0.478371 0.499816 0.479424 0.482795 0.527891 0.482731 0.527913 0.48277 0.526774 0.48277 0.526774 0.482731 0.527913 0.482705 0.526786 0.48277 0.526774 0.482705 0.526786 0.482759 0.525616 0.482759 0.525616 0.482705 0.526786 0.482695 0.525617 0.481799 0.529647 0.480412 0.529647 0.480416 0.529517 0.481799 0.529647 0.480416 0.529517 0.481803 0.529517 0.481803 0.529517 0.480416 0.529517 0.480416 0.529366 0.481803 0.529517 0.480416 0.529366 0.481803 0.529366 0.481803 0.529366 0.480416 0.529366 0.480412 0.529232 0.481803 0.529366 0.480412 0.529232 0.4818 0.529231 0.4818 0.529231 0.480412 0.529232 0.480379 0.52832 0.4818 0.529231 0.480379 0.52832 0.481766 0.528325 0.481766 0.528325 0.480379 0.52832 0.480354 0.527248 0.481766 0.528325 0.480354 0.527248 0.481742 0.527261 0.481742 0.527261 0.480354 0.527248 0.480342 0.526101 0.481742 0.527261 0.480342 0.526101 0.481729 0.526121 0.481729 0.526121 0.480342 0.526101 0.480342 0.52493 0.481729 0.526121 0.480342 0.52493 0.481729 0.524957 0.481729 0.524957 0.480342 0.52493 0.480354 0.523787 0.481729 0.524957 0.480354 0.523787 0.481741 0.52382 0.481741 0.52382 0.480354 0.523787 0.480379 0.522724 0.481741 0.52382 0.480379 0.522724 0.481765 0.52276 0.481765 0.52276 0.480379 0.522724 0.480412 0.521824 0.481765 0.52276 0.480412 0.521824 0.4818 0.521824 0.480412 0.521408 0.481799 0.521408 0.481803 0.521539 0.480412 0.521408 0.481803 0.521539 0.480416 0.52154 0.480416 0.52154 0.481803 0.521539 0.481803 0.52169 0.480416 0.52154 0.481803 0.52169 0.480416 0.521691 0.480416 0.521691 0.481803 0.52169 0.4818 0.521824 0.480416 0.521691 0.4818 0.521824 0.480412 0.521824 0.481799 0.521408 0.480412 0.521408 0.481792 0.521261 0.481792 0.521261 0.480412 0.521408 0.480404 0.521261 0.481792 0.521261 0.480404 0.521261 0.480401 0.521159 0.481792 0.521261 0.480401 0.521159 0.481788 0.521159 0.481788 0.521159 0.480401 0.521159 0.4804 0.521038 0.481788 0.521159 0.4804 0.521038 0.481787 0.521039 0.481787 0.521039 0.4804 0.521038 0.480401 0.520919 0.481787 0.521039 0.480401 0.520919 0.481789 0.520921 0.481789 0.520921 0.480401 0.520919 0.480405 0.520824 0.481789 0.520921 0.480405 0.520824 0.481792 0.520823 0.482759 0.525616 0.484145 0.525613 0.484156 0.526778 0.482759 0.525616 0.484156 0.526778 0.48277 0.526774 0.48277 0.526774 0.484156 0.526778 0.484181 0.5279 0.48277 0.526774 0.484181 0.5279 0.482795 0.527891 0.482795 0.527891 0.484181 0.5279 0.48422 0.528943 0.482795 0.527891 0.48422 0.528943 0.482833 0.528928 0.482833 0.528928 0.48422 0.528943 0.48427 0.529849 0.482833 0.528928 0.48427 0.529849 0.482884 0.529852 0.53027 0.486706 0.528881 0.486705 0.530271 0.48631 0.530271 0.48631 0.528881 0.486705 0.528882 0.486309 0.530271 0.48631 0.528882 0.486309 0.530269 0.485388 0.530269 0.485388 0.528882 0.486309 0.52888 0.485386 0.530269 0.485388 0.52888 0.485386 0.530268 0.485029 0.530268 0.485029 0.52888 0.485386 0.528879 0.485027 0.530268 0.485029 0.528879 0.485027 0.530263 0.484127 0.530263 0.484127 0.528879 0.485027 0.528874 0.484126 0.530263 0.484127 0.528874 0.484126 0.53026 0.483818 0.53026 0.483818 0.528874 0.484126 0.528872 0.483816 0.53026 0.483818 0.528872 0.483816 0.530252 0.48298 0.530252 0.48298 0.528872 0.483816 0.528863 0.482978 0.530252 0.48298 0.528863 0.482978 0.530249 0.482728 0.530249 0.482728 0.528863 0.482978 0.52886 0.482727 0.530249 0.482728 0.52886 0.482727 0.530237 0.481995 0.530237 0.481995 0.52886 0.482727 0.528848 0.481994 0.530609 0.53044 0.52922 0.53044 0.530614 0.53022 0.530614 0.53022 0.52922 0.53044 0.529225 0.53022 0.530614 0.53022 0.529225 0.53022 0.53063 0.529369 0.53063 0.529369 0.529225 0.53022 0.529241 0.529368 0.53063 0.529369 0.529241 0.529368 0.530633 0.529137 0.530633 0.529137 0.529241 0.529368 0.529245 0.529137 0.530633 0.529137 0.529245 0.529137 0.530645 0.528158 0.530645 0.528158 0.529245 0.529137 0.529256 0.528158 0.530645 0.528158 0.529256 0.528158 0.530647 0.527931 0.530647 0.527931 0.529256 0.528158 0.529258 0.527931 0.530647 0.527931 0.529258 0.527931 0.530653 0.526862 0.530653 0.526862 0.529258 0.527931 0.529264 0.526862 0.530653 0.526862 0.529264 0.526862 0.530653 0.526652 0.530653 0.526652 0.529264 0.526862 0.529265 0.526652 0.530653 0.526652 0.529265 0.526652 0.530653 0.525536 0.530653 0.525536 0.529265 0.526652 0.529264 0.525536 0.530653 0.525536 0.529264 0.525536 0.530652 0.525353 0.530652 0.525353 0.529264 0.525536 0.529264 0.525353 0.530652 0.525353 0.529264 0.525353 0.530646 0.524239 0.530646 0.524239 0.529264 0.525353 0.529257 0.524239 0.530646 0.524239 0.529257 0.524239 0.530644 0.524089 0.530644 0.524089 0.529257 0.524239 0.529256 0.524089 0.530644 0.524089 0.529256 0.524089 0.530631 0.523027 0.530631 0.523027 0.529256 0.524089 0.529243 0.523027 0.530631 0.523027 0.529243 0.523027 0.53063 0.522913 0.53063 0.522913 0.529243 0.523027 0.529241 0.522913 0.53063 0.522913 0.529241 0.522913 0.53061 0.521953 0.53061 0.521953 0.529241 0.522913 0.529222 0.521953 0.53061 0.521953 0.529222 0.521953 0.530609 0.521875 0.530609 0.521875 0.529222 0.521953 0.52922 0.521875 0.482884 0.520953 0.48427 0.52095 0.482831 0.521875 0.482831 0.521875 0.48427 0.52095 0.484217 0.521872 0.482831 0.521875 0.484217 0.521872 0.482828 0.52194 0.482828 0.52194 0.484217 0.521872 0.484214 0.521937 0.482828 0.52194 0.484214 0.521937 0.482789 0.523031 0.482789 0.523031 0.484214 0.521937 0.484175 0.523028 0.482789 0.523031 0.484175 0.523028 0.482788 0.523079 0.482788 0.523079 0.484175 0.523028 0.484173 0.523076 0.482788 0.523079 0.484173 0.523076 0.482765 0.524296 0.482765 0.524296 0.484173 0.523076 0.48415 0.524293 0.482765 0.524296 0.48415 0.524293 0.482764 0.524322 0.482764 0.524322 0.48415 0.524293 0.48415 0.524319 0.482764 0.524322 0.48415 0.524319 0.482759 0.525616 0.482759 0.525616 0.48415 0.524319 0.484145 0.525613 0.530237 0.490962 0.528848 0.49096 0.53025 0.49004 0.53025 0.49004 0.528848 0.49096 0.528861 0.490038 0.53025 0.49004 0.528861 0.490038 0.53025 0.49003 0.53025 0.49003 0.528861 0.490038 0.528861 0.490028 0.53025 0.49003 0.528861 0.490028 0.530261 0.488986 0.530261 0.488986 0.528861 0.490028 0.528872 0.488985 0.530261 0.488986 0.528872 0.488985 0.530261 0.488869 0.530261 0.488869 0.528872 0.488985 0.528873 0.488868 0.530261 0.488869 0.528873 0.488868 0.530267 0.487865 0.530267 0.487865 0.528873 0.488868 0.528879 0.487864 0.530267 0.487865 0.528879 0.487864 0.530268 0.487609 0.530268 0.487609 0.528879 0.487864 0.52888 0.487607 0.530268 0.487609 0.52888 0.487607 0.53027 0.486706 0.53027 0.486706 0.52888 0.487607 0.528881 0.486705 0.480404 0.529792 0.481792 0.529791 0.480401 0.529893 0.480401 0.529893 0.481792 0.529791 0.481788 0.529892 0.480401 0.529893 0.481788 0.529892 0.4804 0.530012 0.4804 0.530012 0.481788 0.529892 0.481787 0.530011 0.4804 0.530012 0.481787 0.530011 0.480401 0.530131 0.480401 0.530131 0.481787 0.530011 0.481789 0.53013 0.480401 0.530131 0.481789 0.53013 0.480405 0.530229 0.480405 0.530229 0.481789 0.53013 0.481792 0.530229 0.481799 0.529647 0.481792 0.529791 0.480412 0.529647 0.480412 0.529647 0.481792 0.529791 0.480404 0.529792 0.513662 0.48495 0.513662 0.486157 0.513436 0.484949 0.513436 0.484949 0.513662 0.486157 0.513436 0.486156 0.511244 0.487494 0.511244 0.4887 0.511077 0.487502 0.511077 0.487502 0.511244 0.4887 0.511077 0.488708 0.511077 0.487502 0.511077 0.488708 0.51085 0.487505 0.51085 0.487505 0.511077 0.488708 0.51085 0.488711 0.51085 0.487505 0.51085 0.488711 0.510624 0.487502 0.510624 0.487502 0.51085 0.488711 0.510624 0.488708 0.510624 0.487502 0.510624 0.488708 0.51046 0.487493 0.51046 0.487493 0.510624 0.488708 0.51046 0.4887 0.514 0.483666 0.514 0.484871 0.513774 0.483671 0.513774 0.483671 0.514 0.484871 0.513774 0.484876 0.513774 0.483671 0.513774 0.484876 0.513577 0.483668 0.513577 0.483668 0.513774 0.484876 0.513577 0.484873 0.513577 0.483668 0.513577 0.484873 0.513418 0.483659 0.513418 0.483659 0.513577 0.484873 0.513418 0.484864 0.513662 0.486157 0.513662 0.48495 0.513859 0.486157 0.513859 0.486157 0.513662 0.48495 0.513859 0.484949 0.513859 0.486157 0.513859 0.484949 0.514016 0.486154 0.514016 0.486154 0.513859 0.484949 0.514016 0.484947 0.513438 0.487433 0.513438 0.486225 0.51362 0.487435 0.51362 0.487435 0.513438 0.486225 0.51362 0.486227 0.51362 0.487435 0.51362 0.486227 0.513821 0.487435 0.513821 0.487435 0.51362 0.486227 0.513821 0.486227 0.513821 0.487435 0.513821 0.486227 0.514003 0.487433 0.514003 0.487433 0.513821 0.486227 0.513947 0.486226 0.514003 0.487433 0.513947 0.486226 0.514003 0.486225 0.511561 0.486239 0.511523 0.487446 0.511365 0.486232 0.511365 0.486232 0.511523 0.487446 0.511297 0.487438 0.511365 0.486232 0.511297 0.487438 0.511335 0.486231 0.511335 0.486231 0.511297 0.487438 0.511207 0.486225 0.511888 0.484648 0.51191 0.485852 0.511743 0.485848 0.511888 0.484648 0.511743 0.485848 0.511832 0.484645 0.511832 0.484645 0.511743 0.485848 0.511706 0.484638 0.511706 0.484638 0.511743 0.485848 0.511517 0.485835 0.511706 0.484638 0.511517 0.485835 0.511606 0.484631 0.511291 0.485815 0.51138 0.484612 0.511517 0.485835 0.511517 0.485835 0.51138 0.484612 0.511505 0.484623 0.511517 0.485835 0.511505 0.484623 0.511606 0.484631 0.513507 0.490258 0.513281 0.490265 0.513266 0.48906 0.513266 0.48906 0.513462 0.489054 0.513507 0.490258 0.513507 0.490258 0.513462 0.489054 0.513492 0.489053 0.49987 0.508612 0.500032 0.507416 0.500032 0.508642 0.485273 0.509691 0.485147 0.508493 0.485273 0.508489 0.511291 0.485815 0.511325 0.484606 0.51138 0.484612 0.513266 0.48906 0.513281 0.490265 0.513069 0.489059 0.513069 0.489059 0.513281 0.490265 0.513054 0.490263 0.513069 0.489059 0.513054 0.490263 0.513039 0.489058 0.513039 0.489058 0.513054 0.490263 0.51291 0.489053 0.51291 0.489053 0.513054 0.490263 0.512886 0.490254 0.513418 0.483664 0.513371 0.484872 0.513362 0.483665 0.513362 0.483665 0.513371 0.484872 0.513236 0.483667 0.513236 0.483667 0.513371 0.484872 0.513144 0.484876 0.513236 0.483667 0.513144 0.484876 0.513135 0.483668 0.513135 0.483668 0.513144 0.484876 0.513035 0.483669 0.513035 0.483669 0.513144 0.484876 0.512918 0.484876 0.513035 0.483669 0.512918 0.484876 0.512909 0.483668 0.512909 0.483668 0.512918 0.484876 0.512853 0.483668 0.511915 0.486247 0.511915 0.487455 0.51175 0.487453 0.511915 0.486247 0.51175 0.487453 0.511788 0.486245 0.511788 0.486245 0.51175 0.487453 0.511758 0.486245 0.511758 0.486245 0.51175 0.487453 0.511523 0.487446 0.511758 0.486245 0.511523 0.487446 0.511561 0.486239 0.511915 0.48656 0.512009 0.486382 0.512673 0.486998 0.511915 0.486795 0.511915 0.48656 0.512032 0.486998 0.512032 0.486998 0.511915 0.48656 0.512673 0.486998 0.512032 0.486998 0.512673 0.486998 0.512235 0.487115 0.512235 0.487115 0.512673 0.486998 0.51247 0.487115 0.51237 0.486225 0.512564 0.486277 0.512172 0.486263 0.512172 0.486263 0.512564 0.486277 0.512717 0.486409 0.512172 0.486263 0.512717 0.486409 0.512009 0.486382 0.512009 0.486382 0.512717 0.486409 0.512798 0.486594 0.512009 0.486382 0.512798 0.486594 0.512673 0.486998 0.512673 0.486998 0.512798 0.486594 0.51279 0.486795 0.513688 0.488189 0.51293 0.488626 0.513571 0.487986 0.513571 0.487986 0.51293 0.488626 0.512813 0.488423 0.513133 0.487868 0.513367 0.487868 0.51293 0.487986 0.51293 0.487986 0.513367 0.487868 0.513571 0.487986 0.51293 0.487986 0.513571 0.487986 0.512813 0.488189 0.512813 0.488189 0.513571 0.487986 0.512813 0.488423 0.513367 0.488743 0.513133 0.488743 0.513571 0.488626 0.513571 0.488626 0.513133 0.488743 0.51293 0.488626 0.513571 0.488626 0.51293 0.488626 0.513688 0.488423 0.513688 0.488423 0.51293 0.488626 0.513688 0.488189 0.529158 0.518996 0.529137 0.52742 0.52777 0.518993 0.52777 0.518993 0.529137 0.52742 0.527749 0.527416 0.468497 0.477786 0.468232 0.476482 0.468781 0.476419 0.483298 0.481906 0.483305 0.48125 0.483432 0.481006 0.473448 0.46883 0.473365 0.468616 0.476715 0.468716 0.482585 0.472887 0.481941 0.471744 0.48206 0.471196 0.48206 0.471196 0.481941 0.471744 0.481077 0.470757 0.484121 0.477896 0.484327 0.477797 0.484501 0.478965 0.484121 0.476895 0.483893 0.476896 0.483622 0.476419 0.483432 0.481006 0.483687 0.477797 0.483893 0.477896 0.484501 0.478965 0.484327 0.477797 0.484973 0.477641 0.484327 0.477797 0.48447 0.477619 0.484973 0.477641 0.484973 0.477641 0.48447 0.477619 0.484521 0.477396 0.484973 0.477641 0.484521 0.477396 0.485205 0.476421 0.484121 0.477896 0.484501 0.478965 0.483893 0.477896 0.483893 0.477896 0.484501 0.478965 0.483818 0.480194 0.483893 0.477896 0.483818 0.480194 0.483432 0.481006 0.484521 0.477396 0.48447 0.477173 0.485205 0.476421 0.485205 0.476421 0.48447 0.477173 0.484327 0.476995 0.485205 0.476421 0.484327 0.476995 0.484264 0.476951 0.483545 0.477173 0.483494 0.477396 0.483305 0.476419 0.483687 0.477797 0.483432 0.481006 0.483545 0.477619 0.483545 0.477619 0.483432 0.481006 0.483305 0.48125 0.483545 0.477619 0.483305 0.48125 0.483494 0.477396 0.483545 0.477173 0.483305 0.476419 0.483687 0.476995 0.48206 0.471196 0.48081 0.469306 0.480952 0.469127 0.48206 0.471196 0.480952 0.469127 0.48201 0.468735 0.480027 0.468682 0.479976 0.468904 0.476258 0.469057 0.48081 0.469306 0.48206 0.471196 0.480604 0.469405 0.480604 0.469405 0.48206 0.471196 0.481077 0.470757 0.480604 0.469405 0.481077 0.470757 0.480375 0.469405 0.480375 0.469405 0.481077 0.470757 0.480031 0.469966 0.480375 0.469405 0.480031 0.469966 0.48017 0.469306 0.48017 0.469306 0.480031 0.469966 0.479916 0.469898 0.48017 0.469306 0.479916 0.469898 0.480027 0.469127 0.480027 0.469127 0.479916 0.469898 0.478845 0.469405 0.480027 0.469127 0.478845 0.469405 0.479976 0.468904 0.479976 0.468904 0.478845 0.469405 0.477569 0.469098 0.479976 0.468904 0.477569 0.469098 0.476258 0.469057 0.483305 0.471196 0.483305 0.474465 0.482982 0.474137 0.482982 0.474137 0.483305 0.474465 0.483117 0.475442 0.483117 0.475442 0.483305 0.474465 0.483305 0.476419 0.483117 0.475442 0.483305 0.476419 0.483008 0.476619 0.483494 0.477396 0.483305 0.48125 0.483305 0.476419 0.483305 0.476419 0.483305 0.48125 0.482684 0.477756 0.483305 0.476419 0.482684 0.477756 0.483008 0.476619 0.481203 0.479856 0.481345 0.479823 0.48206 0.48125 0.48206 0.48125 0.481345 0.479823 0.481462 0.479737 0.48206 0.48125 0.481462 0.479737 0.482157 0.478815 0.480459 0.479596 0.480566 0.47954 0.480687 0.479543 0.480687 0.479543 0.480792 0.479604 0.480459 0.479596 0.480459 0.479596 0.480792 0.479604 0.480937 0.47975 0.480459 0.479596 0.480937 0.47975 0.479507 0.480287 0.479507 0.480287 0.480937 0.47975 0.481059 0.47983 0.479507 0.480287 0.481059 0.47983 0.478431 0.480764 0.481059 0.47983 0.481203 0.479856 0.478431 0.480764 0.478431 0.480764 0.481203 0.479856 0.48206 0.48125 0.478431 0.480764 0.48206 0.48125 0.477279 0.481005 0.477279 0.481005 0.48206 0.48125 0.476715 0.48125 0.477279 0.481005 0.476715 0.48125 0.476102 0.481 0.471268 0.478807 0.471967 0.479737 0.470125 0.48125 0.471967 0.479737 0.472085 0.479823 0.470125 0.48125 0.470125 0.48125 0.472085 0.479823 0.472227 0.479856 0.470125 0.48125 0.472227 0.479856 0.472371 0.47983 0.472742 0.479543 0.472863 0.47954 0.472638 0.479604 0.472638 0.479604 0.472863 0.47954 0.472971 0.479595 0.472638 0.479604 0.472971 0.479595 0.472492 0.47975 0.472492 0.47975 0.472971 0.479595 0.47388 0.480262 0.472492 0.47975 0.47388 0.480262 0.472371 0.47983 0.472371 0.47983 0.47388 0.480262 0.474952 0.480749 0.472371 0.47983 0.474952 0.480749 0.470125 0.48125 0.470125 0.474465 0.470313 0.475442 0.470125 0.476419 0.470125 0.476419 0.470313 0.475442 0.470378 0.476353 0.470125 0.476419 0.470378 0.476353 0.470125 0.48125 0.470125 0.48125 0.470378 0.476353 0.470697 0.477626 0.470125 0.48125 0.470697 0.477626 0.471268 0.478807 0.47173 0.471425 0.471016 0.472526 0.470125 0.471196 0.470125 0.471196 0.471016 0.472526 0.470541 0.473749 0.470125 0.471196 0.470541 0.473749 0.470125 0.474465 0.470125 0.474465 0.470541 0.473749 0.470325 0.475042 0.470125 0.474465 0.470325 0.475042 0.470313 0.475442 0.473748 0.46977 0.473121 0.469385 0.473313 0.469257 0.473748 0.46977 0.473313 0.469257 0.474966 0.469284 0.473121 0.469385 0.473748 0.46977 0.472894 0.469415 0.472894 0.469415 0.473748 0.46977 0.472654 0.470493 0.472894 0.469415 0.472654 0.470493 0.472684 0.469349 0.472684 0.469349 0.472654 0.470493 0.47173 0.471425 0.472684 0.469349 0.47173 0.471425 0.472515 0.469192 0.472515 0.469192 0.47173 0.471425 0.470125 0.471196 0.472515 0.469192 0.470125 0.471196 0.472432 0.468978 0.476715 0.468716 0.477998 0.466993 0.479429 0.467339 0.480952 0.469127 0.481003 0.468904 0.48201 0.468735 0.48201 0.468735 0.481003 0.468904 0.480952 0.468682 0.48201 0.468735 0.480952 0.468682 0.480988 0.468041 0.480988 0.468041 0.480952 0.468682 0.48081 0.468503 0.480988 0.468041 0.48081 0.468503 0.48078 0.467925 0.48078 0.467925 0.48081 0.468503 0.480604 0.468404 0.48078 0.467925 0.480604 0.468404 0.479429 0.467339 0.479429 0.467339 0.480604 0.468404 0.480375 0.468404 0.473313 0.469257 0.47343 0.46906 0.474966 0.469284 0.474966 0.469284 0.47343 0.46906 0.473448 0.46883 0.474966 0.469284 0.473448 0.46883 0.476258 0.469057 0.476258 0.469057 0.473448 0.46883 0.476715 0.468716 0.476258 0.469057 0.476715 0.468716 0.480027 0.468682 0.480027 0.468682 0.476715 0.468716 0.479429 0.467339 0.480027 0.468682 0.479429 0.467339 0.48017 0.468503 0.48017 0.468503 0.479429 0.467339 0.480375 0.468404 0.469422 0.475887 0.470125 0.476419 0.469202 0.475954 0.469202 0.475954 0.470125 0.476419 0.468781 0.476419 0.469202 0.475954 0.468781 0.476419 0.468975 0.475919 0.469127 0.47493 0.468781 0.474465 0.469353 0.474964 0.469353 0.474964 0.468781 0.474465 0.470125 0.474465 0.469353 0.474964 0.470125 0.474465 0.469542 0.475093 0.469422 0.475887 0.46959 0.475731 0.470125 0.476419 0.470125 0.476419 0.46959 0.475731 0.469673 0.475519 0.470125 0.476419 0.469673 0.475519 0.470125 0.474465 0.470125 0.474465 0.469673 0.475519 0.469656 0.475291 0.470125 0.474465 0.469656 0.475291 0.469542 0.475093 0.469127 0.47493 0.468909 0.474998 0.468781 0.474465 0.468781 0.474465 0.468909 0.474998 0.468746 0.475146 0.468781 0.474465 0.468746 0.475146 0.468174 0.475153 0.468174 0.475153 0.468746 0.475146 0.468659 0.475359 0.468174 0.475153 0.468659 0.475359 0.468232 0.476482 0.468232 0.476482 0.468659 0.475359 0.468673 0.475588 0.468232 0.476482 0.468673 0.475588 0.468781 0.476419 0.468781 0.476419 0.468673 0.475588 0.468786 0.475788 0.468781 0.476419 0.468786 0.475788 0.468975 0.475919 0.472759 0.468424 0.472568 0.468551 0.472325 0.46811 0.472325 0.46811 0.472568 0.468551 0.472451 0.468749 0.472325 0.46811 0.472451 0.468749 0.471132 0.468972 0.472759 0.468424 0.472325 0.46811 0.472987 0.468393 0.472987 0.468393 0.472325 0.46811 0.473649 0.467465 0.472987 0.468393 0.473649 0.467465 0.473197 0.46846 0.473197 0.46846 0.473649 0.467465 0.473365 0.468616 0.473365 0.468616 0.473649 0.467465 0.475064 0.467057 0.473365 0.468616 0.475064 0.467057 0.476715 0.468716 0.476715 0.468716 0.475064 0.467057 0.476528 0.466898 0.476715 0.468716 0.476528 0.466898 0.477998 0.466993 0.483298 0.490329 0.48206 0.490329 0.483298 0.481906 0.483298 0.481906 0.48206 0.490329 0.48206 0.48125 0.483298 0.481906 0.48206 0.48125 0.483305 0.48125 0.483305 0.48125 0.48206 0.48125 0.482157 0.478815 0.483305 0.48125 0.482157 0.478815 0.482684 0.477756 0.485241 0.474853 0.485222 0.476258 0.484771 0.475525 0.484771 0.475525 0.484757 0.475296 0.485241 0.474853 0.485241 0.474853 0.484757 0.475296 0.484644 0.475096 0.485241 0.474853 0.484644 0.475096 0.485038 0.473504 0.485038 0.473504 0.484644 0.475096 0.484455 0.474965 0.485038 0.473504 0.484455 0.474965 0.484227 0.47493 0.483888 0.475791 0.484077 0.47592 0.483622 0.476419 0.483622 0.476419 0.484077 0.47592 0.485205 0.476421 0.483622 0.476419 0.485205 0.476421 0.484121 0.476895 0.484121 0.476895 0.485205 0.476421 0.484264 0.476951 0.484008 0.474998 0.48384 0.475153 0.483622 0.474465 0.483622 0.474465 0.48384 0.475153 0.483757 0.475366 0.483622 0.474465 0.483757 0.475366 0.483622 0.476419 0.483622 0.476419 0.483757 0.475366 0.483774 0.475593 0.483622 0.476419 0.483774 0.475593 0.483888 0.475791 0.484077 0.47592 0.484303 0.475954 0.485205 0.476421 0.485205 0.476421 0.484303 0.475954 0.484521 0.475887 0.485205 0.476421 0.484521 0.475887 0.485222 0.476258 0.485222 0.476258 0.484521 0.475887 0.484684 0.475738 0.485222 0.476258 0.484684 0.475738 0.484771 0.475525 0.483967 0.470921 0.484636 0.472233 0.483622 0.471196 0.483622 0.471196 0.484636 0.472233 0.485038 0.473504 0.483622 0.471196 0.485038 0.473504 0.483622 0.474465 0.483622 0.474465 0.485038 0.473504 0.484227 0.47493 0.483622 0.474465 0.484227 0.47493 0.484008 0.474998 0.482982 0.474137 0.482585 0.472887 0.483305 0.471196 0.483305 0.471196 0.482585 0.472887 0.48206 0.471196 0.483305 0.471196 0.48206 0.471196 0.483083 0.469743 0.483083 0.469743 0.48206 0.471196 0.48201 0.468735 0.468909 0.473488 0.468978 0.473745 0.468781 0.474465 0.46896 0.473265 0.468909 0.473488 0.468662 0.472582 0.468662 0.472582 0.468909 0.473488 0.468781 0.474465 0.468662 0.472582 0.468781 0.474465 0.468315 0.473869 0.468315 0.473869 0.468781 0.474465 0.468174 0.475153 0.469679 0.473933 0.470125 0.474465 0.469423 0.474002 0.469423 0.474002 0.470125 0.474465 0.468781 0.474465 0.469423 0.474002 0.468781 0.474465 0.469166 0.473933 0.469166 0.473933 0.468781 0.474465 0.468978 0.473745 0.469885 0.473265 0.470125 0.471196 0.469936 0.473488 0.469936 0.473488 0.470125 0.471196 0.470125 0.474465 0.469936 0.473488 0.470125 0.474465 0.469867 0.473745 0.469867 0.473745 0.470125 0.474465 0.469679 0.473933 0.469885 0.473265 0.469743 0.473087 0.470125 0.471196 0.470125 0.471196 0.469743 0.473087 0.469679 0.473044 0.470125 0.471196 0.469679 0.473044 0.469537 0.472988 0.472451 0.468749 0.472432 0.468978 0.471132 0.468972 0.471132 0.468972 0.472432 0.468978 0.470125 0.471196 0.471132 0.468972 0.470125 0.471196 0.470104 0.470027 0.470104 0.470027 0.470125 0.471196 0.469537 0.472988 0.470104 0.470027 0.469537 0.472988 0.469272 0.471242 0.469272 0.471242 0.469537 0.472988 0.469308 0.472988 0.469272 0.471242 0.469308 0.472988 0.468662 0.472582 0.468662 0.472582 0.469308 0.472988 0.469103 0.473087 0.468662 0.472582 0.469103 0.473087 0.46896 0.473265 0.47326 0.482381 0.473403 0.482203 0.476715 0.48125 0.473403 0.482203 0.473454 0.48198 0.476715 0.48125 0.476715 0.48125 0.473454 0.48198 0.473403 0.481757 0.476715 0.48125 0.473403 0.481757 0.47326 0.481579 0.47326 0.481579 0.473054 0.481479 0.476715 0.48125 0.476715 0.48125 0.473054 0.481479 0.470125 0.48125 0.476715 0.48125 0.470125 0.48125 0.476102 0.481 0.476102 0.481 0.470125 0.48125 0.474952 0.480749 0.472427 0.48198 0.472478 0.482203 0.470132 0.481906 0.473054 0.481479 0.472826 0.481479 0.470125 0.48125 0.470125 0.48125 0.472826 0.481479 0.47262 0.481579 0.470125 0.48125 0.47262 0.481579 0.472478 0.481757 0.470132 0.481906 0.472478 0.482203 0.470132 0.490329 0.472478 0.482203 0.47262 0.482381 0.470132 0.490329 0.470132 0.490329 0.47262 0.482381 0.472826 0.48248 0.470132 0.490329 0.472826 0.48248 0.476715 0.490329 0.476715 0.490329 0.472826 0.48248 0.473054 0.48248 0.472427 0.48198 0.470132 0.481906 0.472478 0.481757 0.472478 0.481757 0.470132 0.481906 0.470131 0.481857 0.472478 0.481757 0.470131 0.481857 0.470125 0.48125 0.470125 0.48125 0.470131 0.481857 0.469999 0.481011 0.470125 0.48125 0.469999 0.481011 0.470125 0.476419 0.470125 0.476419 0.469999 0.481011 0.469612 0.480194 0.470125 0.476419 0.469612 0.480194 0.468781 0.476419 0.468781 0.476419 0.469612 0.480194 0.46896 0.479033 0.468781 0.476419 0.46896 0.479033 0.468497 0.477786 0.48206 0.490329 0.480673 0.482459 0.480865 0.48233 0.48206 0.48125 0.480997 0.481899 0.48091 0.481685 0.480113 0.481631 0.479999 0.481829 0.476715 0.48125 0.48206 0.490329 0.480865 0.48233 0.48206 0.48125 0.48206 0.48125 0.480865 0.48233 0.480981 0.48213 0.48206 0.48125 0.480981 0.48213 0.480997 0.481899 0.48091 0.481685 0.480746 0.481535 0.48206 0.48125 0.48206 0.48125 0.480746 0.481535 0.480528 0.481468 0.48206 0.48125 0.480528 0.481468 0.476715 0.48125 0.476715 0.48125 0.480528 0.481468 0.480302 0.481502 0.476715 0.48125 0.480302 0.481502 0.480113 0.481631 0.479999 0.481829 0.479982 0.482056 0.476715 0.48125 0.476715 0.48125 0.479982 0.482056 0.476715 0.490329 0.476715 0.48125 0.476715 0.490329 0.47326 0.482381 0.47326 0.482381 0.476715 0.490329 0.473054 0.48248 0.479982 0.482056 0.480066 0.482269 0.476715 0.490329 0.476715 0.490329 0.480066 0.482269 0.480233 0.482424 0.476715 0.490329 0.480233 0.482424 0.48206 0.490329 0.48206 0.490329 0.480233 0.482424 0.480444 0.482491 0.48206 0.490329 0.480444 0.482491 0.480673 0.482459 0.483893 0.476896 0.483687 0.476995 0.483622 0.476419 0.483622 0.476419 0.483687 0.476995 0.483305 0.476419 0.483622 0.476419 0.483305 0.476419 0.483622 0.474465 0.483622 0.474465 0.483305 0.476419 0.483305 0.474465 0.483622 0.474465 0.483305 0.474465 0.483622 0.471196 0.483622 0.471196 0.483305 0.474465 0.483305 0.471196 0.483622 0.471196 0.483305 0.471196 0.483967 0.470921 0.483967 0.470921 0.483305 0.471196 0.483083 0.469743 0.500945 0.476974 0.501628 0.478202 0.50035 0.478461 0.501094 0.486246 0.500211 0.487424 0.50035 0.484994 0.50035 0.484994 0.500211 0.487424 0.499399 0.484994 0.486739 0.476974 0.487126 0.476156 0.487335 0.476129 0.487259 0.475261 0.487259 0.466838 0.487335 0.466838 0.488143 0.484642 0.488286 0.484994 0.487335 0.484994 0.488286 0.484994 0.488143 0.484642 0.488857 0.485742 0.49859 0.477431 0.499399 0.476129 0.499295 0.478371 0.499295 0.478371 0.499399 0.476129 0.499399 0.478461 0.499295 0.478371 0.499399 0.478461 0.499816 0.479424 0.49859 0.477431 0.498475 0.477346 0.499399 0.476129 0.499399 0.476129 0.498475 0.477346 0.498332 0.477312 0.499399 0.476129 0.498332 0.477312 0.498187 0.477337 0.500244 0.481725 0.500136 0.480555 0.50035 0.478461 0.50035 0.478461 0.500136 0.480555 0.499816 0.479424 0.498201 0.487531 0.499399 0.484994 0.49846 0.487857 0.49846 0.487857 0.499399 0.484994 0.500211 0.487424 0.49846 0.487857 0.500211 0.487424 0.498553 0.488263 0.498553 0.488263 0.500211 0.487424 0.499138 0.488433 0.498553 0.488263 0.499138 0.488433 0.498428 0.488731 0.489301 0.487725 0.489143 0.488116 0.488259 0.488195 0.488259 0.488195 0.489143 0.488116 0.488888 0.488689 0.50011 0.48303 0.50035 0.484994 0.499712 0.48428 0.499712 0.48428 0.50035 0.484994 0.499399 0.484994 0.499712 0.48428 0.499399 0.484994 0.499068 0.485423 0.499068 0.485423 0.499399 0.484994 0.498201 0.487531 0.499068 0.485423 0.498201 0.487531 0.498205 0.486411 0.498205 0.486411 0.498201 0.487531 0.497825 0.48735 0.498205 0.486411 0.497825 0.48735 0.497158 0.487201 0.497158 0.487201 0.497825 0.48735 0.497409 0.48735 0.497158 0.487201 0.497409 0.48735 0.497043 0.487269 0.497043 0.487269 0.497409 0.48735 0.497033 0.487531 0.497043 0.487269 0.497033 0.487531 0.495972 0.487762 0.495972 0.487762 0.497033 0.487531 0.496774 0.487857 0.495972 0.487762 0.496774 0.487857 0.494697 0.48807 0.494697 0.48807 0.496774 0.487857 0.496681 0.488263 0.494697 0.48807 0.496681 0.488263 0.493385 0.488111 0.493385 0.488111 0.496681 0.488263 0.493842 0.488663 0.493385 0.488111 0.493842 0.488663 0.492093 0.487883 0.490875 0.487398 0.490414 0.487393 0.489781 0.486674 0.489781 0.486674 0.490414 0.487393 0.49 0.487329 0.489781 0.486674 0.49 0.487329 0.488857 0.485742 0.488857 0.485742 0.49 0.487329 0.489599 0.487452 0.488857 0.485742 0.489599 0.487452 0.488286 0.484994 0.488286 0.484994 0.489599 0.487452 0.489301 0.487725 0.487505 0.480814 0.487335 0.478461 0.487824 0.479542 0.487824 0.479542 0.487335 0.478461 0.488286 0.478461 0.487824 0.479542 0.488286 0.478461 0.488396 0.478361 0.48744 0.481725 0.487453 0.482125 0.487335 0.484994 0.487335 0.484994 0.487453 0.482125 0.487668 0.483419 0.487335 0.484994 0.487668 0.483419 0.488143 0.484642 0.497815 0.477625 0.497694 0.477628 0.497919 0.477563 0.497919 0.477563 0.497694 0.477628 0.497586 0.477572 0.497919 0.477563 0.497586 0.477572 0.498065 0.477418 0.498065 0.477418 0.497586 0.477572 0.496671 0.476902 0.498065 0.477418 0.496671 0.476902 0.498187 0.477337 0.498187 0.477337 0.496671 0.476902 0.495592 0.476414 0.498187 0.477337 0.495592 0.476414 0.499399 0.476129 0.499399 0.476129 0.495592 0.476414 0.494434 0.476165 0.499399 0.476129 0.494434 0.476165 0.493842 0.476129 0.493842 0.476129 0.494434 0.476165 0.49325 0.476165 0.493842 0.476129 0.49325 0.476165 0.488286 0.476129 0.488286 0.476129 0.49325 0.476165 0.492093 0.476414 0.490098 0.477572 0.489991 0.477628 0.48987 0.477625 0.48987 0.477625 0.489765 0.477563 0.490098 0.477572 0.490098 0.477572 0.489765 0.477563 0.48962 0.477418 0.490098 0.477572 0.48962 0.477418 0.491014 0.476902 0.491014 0.476902 0.48962 0.477418 0.489498 0.477337 0.491014 0.476902 0.489498 0.477337 0.492093 0.476414 0.492093 0.476414 0.489498 0.477337 0.489354 0.477312 0.492093 0.476414 0.489354 0.477312 0.488286 0.476129 0.488286 0.476129 0.489354 0.477312 0.489212 0.477344 0.488286 0.476129 0.489212 0.477344 0.489095 0.477431 0.498428 0.488731 0.499138 0.488433 0.498085 0.489074 0.498085 0.489074 0.499138 0.488433 0.498115 0.489126 0.498085 0.489074 0.498115 0.489126 0.497617 0.489199 0.498115 0.489126 0.497908 0.489242 0.497617 0.489199 0.497617 0.489199 0.497908 0.489242 0.496557 0.489828 0.497617 0.489199 0.496557 0.489828 0.497149 0.489074 0.497149 0.489074 0.496557 0.489828 0.493842 0.488663 0.497149 0.489074 0.493842 0.488663 0.496806 0.488731 0.496806 0.488731 0.493842 0.488663 0.496681 0.488263 0.489143 0.488116 0.489172 0.488537 0.488888 0.488689 0.488888 0.488689 0.489172 0.488537 0.489383 0.488902 0.488888 0.488689 0.489383 0.488902 0.489453 0.489057 0.489453 0.489057 0.489383 0.488902 0.489733 0.489137 0.489453 0.489057 0.489733 0.489137 0.490777 0.489702 0.496557 0.489828 0.495125 0.490174 0.493842 0.488663 0.493842 0.488663 0.495125 0.490174 0.493656 0.490269 0.493842 0.488663 0.493656 0.490269 0.492192 0.49011 0.489733 0.489137 0.49015 0.489195 0.490777 0.489702 0.490777 0.489702 0.49015 0.489195 0.490536 0.489074 0.490777 0.489702 0.490536 0.489074 0.492192 0.49011 0.492192 0.49011 0.490536 0.489074 0.490832 0.488803 0.492192 0.49011 0.490832 0.488803 0.493842 0.488663 0.493842 0.488663 0.490832 0.488803 0.490991 0.488415 0.493842 0.488663 0.490991 0.488415 0.492093 0.487883 0.492093 0.487883 0.490991 0.488415 0.490965 0.487997 0.492093 0.487883 0.490965 0.487997 0.490875 0.487398 0.490875 0.487398 0.490965 0.487997 0.490759 0.487632 0.490875 0.487398 0.490759 0.487632 0.490414 0.487393 0.487505 0.480814 0.48744 0.481725 0.487335 0.478461 0.487335 0.478461 0.48744 0.481725 0.487335 0.484994 0.487335 0.478461 0.487335 0.484994 0.487217 0.481578 0.487217 0.481578 0.487335 0.484994 0.487188 0.481999 0.485362 0.48067 0.485397 0.481452 0.485301 0.482007 0.485301 0.482007 0.485397 0.481452 0.485368 0.481872 0.485301 0.482007 0.485368 0.481872 0.485442 0.483298 0.485789 0.484585 0.486628 0.482599 0.487335 0.484994 0.487335 0.484994 0.486628 0.482599 0.486977 0.482364 0.487335 0.484994 0.486977 0.482364 0.487188 0.481999 0.487217 0.481578 0.487059 0.481188 0.487335 0.478461 0.487335 0.478461 0.487059 0.481188 0.486761 0.480915 0.487335 0.478461 0.486761 0.480915 0.486101 0.478105 0.486101 0.478105 0.486761 0.480915 0.486375 0.480793 0.486101 0.478105 0.486375 0.480793 0.485631 0.479358 0.485631 0.479358 0.486375 0.480793 0.485958 0.480851 0.485631 0.479358 0.485958 0.480851 0.485362 0.48067 0.485362 0.48067 0.485958 0.480851 0.485608 0.481087 0.485362 0.48067 0.485608 0.481087 0.485397 0.481452 0.485368 0.481872 0.485526 0.482263 0.485442 0.483298 0.485442 0.483298 0.485526 0.482263 0.485825 0.482536 0.485442 0.483298 0.485825 0.482536 0.485789 0.484585 0.485789 0.484585 0.485825 0.482536 0.48621 0.482658 0.485789 0.484585 0.48621 0.482658 0.486628 0.482599 0.489301 0.487725 0.488259 0.488195 0.488286 0.484994 0.488286 0.484994 0.488259 0.488195 0.487231 0.487141 0.488286 0.484994 0.487231 0.487141 0.487335 0.484994 0.487335 0.484994 0.487231 0.487141 0.4864 0.485925 0.487335 0.484994 0.4864 0.485925 0.485789 0.484585 0.50035 0.478461 0.500707 0.481087 0.500496 0.481452 0.50011 0.48303 0.500244 0.481725 0.50035 0.484994 0.50035 0.484994 0.500244 0.481725 0.50035 0.478461 0.50035 0.484994 0.50035 0.478461 0.500467 0.481872 0.500467 0.481872 0.50035 0.478461 0.500496 0.481452 0.501309 0.482658 0.501727 0.482599 0.502166 0.483663 0.502166 0.483663 0.501727 0.482599 0.502076 0.482364 0.502166 0.483663 0.502076 0.482364 0.502368 0.482315 0.502076 0.482364 0.502287 0.481999 0.502368 0.482315 0.502368 0.482315 0.502287 0.481999 0.502316 0.481578 0.502368 0.482315 0.502316 0.481578 0.502349 0.480909 0.502349 0.480909 0.502316 0.481578 0.502158 0.481188 0.502349 0.480909 0.502158 0.481188 0.5021 0.479526 0.5021 0.479526 0.502158 0.481188 0.50186 0.480915 0.5021 0.479526 0.50186 0.480915 0.501628 0.478202 0.501628 0.478202 0.50186 0.480915 0.501474 0.480793 0.501628 0.478202 0.501474 0.480793 0.50035 0.478461 0.50035 0.478461 0.501474 0.480793 0.501057 0.480851 0.50035 0.478461 0.501057 0.480851 0.500707 0.481087 0.502166 0.483663 0.501763 0.484934 0.501309 0.482658 0.501309 0.482658 0.501763 0.484934 0.501094 0.486246 0.501309 0.482658 0.501094 0.486246 0.500924 0.482536 0.500924 0.482536 0.501094 0.486246 0.50035 0.484994 0.500924 0.482536 0.50035 0.484994 0.500625 0.482263 0.500625 0.482263 0.50035 0.484994 0.500467 0.481872 0.500945 0.476974 0.50035 0.478461 0.500558 0.476156 0.500558 0.476156 0.50035 0.478461 0.50035 0.476129 0.500558 0.476156 0.50035 0.476129 0.500425 0.475261 0.500425 0.475261 0.50035 0.476129 0.50035 0.466838 0.500425 0.475261 0.50035 0.466838 0.500425 0.466838 0.486101 0.478105 0.486739 0.476974 0.487335 0.478461 0.487335 0.478461 0.486739 0.476974 0.487335 0.476129 0.487335 0.478461 0.487335 0.476129 0.488286 0.478461 0.488286 0.478461 0.487335 0.476129 0.488286 0.476129 0.488286 0.478461 0.488286 0.476129 0.488396 0.478361 0.488396 0.478361 0.488286 0.476129 0.489095 0.477431 0.499816 0.479424 0.499399 0.478461 0.50035 0.478461 0.50035 0.478461 0.499399 0.478461 0.499399 0.476129 0.50035 0.478461 0.499399 0.476129 0.50035 0.476129 0.50035 0.476129 0.499399 0.476129 0.499399 0.466838 0.50035 0.476129 0.499399 0.466838 0.50035 0.466838 0.499399 0.466838 0.497952 0.474314 0.497534 0.474255 0.493842 0.476129 0.49672 0.475454 0.496926 0.475819 0.499399 0.466838 0.497534 0.474255 0.493842 0.466838 0.497534 0.474255 0.497149 0.474377 0.493842 0.466838 0.493842 0.466838 0.497149 0.474377 0.496852 0.474648 0.493842 0.466838 0.496852 0.474648 0.493842 0.476129 0.493842 0.476129 0.496852 0.474648 0.496693 0.475036 0.493842 0.476129 0.496693 0.475036 0.49672 0.475454 0.498383 0.475725 0.498542 0.475335 0.499399 0.476129 0.499399 0.476129 0.498542 0.475335 0.498512 0.474914 0.499399 0.476129 0.498512 0.474914 0.499399 0.466838 0.499399 0.466838 0.498512 0.474914 0.498301 0.474549 0.499399 0.466838 0.498301 0.474549 0.497952 0.474314 0.496926 0.475819 0.49727 0.476057 0.493842 0.476129 0.493842 0.476129 0.49727 0.476057 0.497684 0.476121 0.493842 0.476129 0.497684 0.476121 0.499399 0.476129 0.499399 0.476129 0.497684 0.476121 0.498085 0.475998 0.499399 0.476129 0.498085 0.475998 0.498383 0.475725 0.489224 0.474781 0.489131 0.475188 0.488286 0.476129 0.488286 0.476129 0.489131 0.475188 0.489257 0.475656 0.490536 0.475998 0.493842 0.476129 0.490067 0.476124 0.490067 0.476124 0.493842 0.476129 0.488286 0.476129 0.490067 0.476124 0.488286 0.476129 0.489599 0.475998 0.489599 0.475998 0.488286 0.476129 0.489257 0.475656 0.490536 0.475998 0.490878 0.475656 0.493842 0.476129 0.493842 0.476129 0.490878 0.475656 0.491004 0.475188 0.493842 0.476129 0.491004 0.475188 0.493842 0.466838 0.493842 0.466838 0.491004 0.475188 0.490911 0.474781 0.490911 0.474781 0.490651 0.474456 0.493842 0.466838 0.493842 0.466838 0.490651 0.474456 0.490276 0.474275 0.493842 0.466838 0.490276 0.474275 0.488286 0.466838 0.488286 0.466838 0.490276 0.474275 0.489859 0.474275 0.488286 0.466838 0.489859 0.474275 0.489484 0.474456 0.487126 0.476156 0.487259 0.475261 0.487335 0.476129 0.487335 0.476129 0.487259 0.475261 0.487335 0.466838 0.487335 0.476129 0.487335 0.466838 0.488286 0.476129 0.488286 0.476129 0.487335 0.466838 0.488286 0.466838 0.488286 0.476129 0.488286 0.466838 0.489224 0.474781 0.489224 0.474781 0.488286 0.466838 0.489484 0.474456 0.529158 0.518996 0.52922 0.518997 0.529137 0.52742 0.529137 0.52742 0.52922 0.518997 0.529199 0.52742 0.483358 0.481907 0.483358 0.49033 0.483298 0.481906 0.483298 0.481906 0.483358 0.49033 0.483298 0.490329 0.470132 0.481906 0.470132 0.490329 0.470071 0.481907 0.470071 0.481907 0.470132 0.490329 0.470071 0.49033 0.527746 0.515208 0.527682 0.515209 0.527749 0.506786 0.527749 0.506786 0.527682 0.515209 0.527684 0.506786 0.526296 0.515208 0.526298 0.506785 0.527682 0.515209 0.527682 0.515209 0.526298 0.506785 0.527684 0.506786 0.529535 0.491359 0.52956 0.491334 0.529535 0.504475 0.529535 0.504475 0.52956 0.491334 0.530899 0.491334 0.530899 0.5045 0.52956 0.5045 0.530924 0.504475 0.530924 0.504475 0.52956 0.5045 0.529535 0.504475 0.530924 0.504475 0.529535 0.504475 0.530924 0.491359 0.530924 0.491359 0.529535 0.504475 0.530899 0.491334 0.529473 0.49141 0.529473 0.491334 0.529535 0.491359 0.529535 0.504475 0.529473 0.5045 0.529473 0.504425 0.529473 0.504425 0.529473 0.503474 0.529535 0.504475 0.529535 0.504475 0.529473 0.503474 0.529473 0.497917 0.529535 0.504475 0.529473 0.497917 0.529535 0.491359 0.529535 0.491359 0.529473 0.497917 0.529473 0.492361 0.529535 0.491359 0.529473 0.492361 0.529473 0.49141 0.529473 0.491334 0.529534 0.491274 0.529535 0.491359 0.529535 0.491359 0.529534 0.491274 0.52956 0.491334 0.527663 0.506725 0.527684 0.506786 0.526327 0.506724 0.526327 0.506724 0.527684 0.506786 0.526298 0.506785 0.530899 0.491334 0.530922 0.491274 0.530924 0.491359 0.530924 0.491359 0.530922 0.491274 0.530983 0.491334 0.470157 0.49039 0.470132 0.490329 0.476715 0.490329 0.470157 0.49039 0.476715 0.490329 0.483273 0.49039 0.483273 0.49039 0.476715 0.490329 0.48206 0.490329 0.483273 0.49039 0.48206 0.490329 0.483298 0.490329 0.530924 0.504475 0.530983 0.5045 0.530899 0.5045 0.530899 0.5045 0.530983 0.5045 0.530922 0.504561 0.527749 0.527416 0.529137 0.52742 0.527775 0.527476 0.527775 0.527476 0.529137 0.52742 0.529113 0.52748 0.529534 0.504561 0.529473 0.5045 0.52956 0.5045 0.52956 0.5045 0.529473 0.5045 0.529535 0.504475 0.514576 0.486223 0.514734 0.486223 0.51487 0.486302 0.51487 0.486302 0.514949 0.486438 0.514425 0.486714 0.514425 0.486714 0.514949 0.486438 0.514954 0.486573 0.514666 0.48682 0.514533 0.486795 0.514797 0.486785 0.514797 0.486785 0.514533 0.486795 0.514425 0.486714 0.514797 0.486785 0.514425 0.486714 0.5149 0.486697 0.5149 0.486697 0.514425 0.486714 0.514954 0.486573 0.51444 0.486302 0.514576 0.486223 0.514362 0.486438 0.514362 0.486438 0.514576 0.486223 0.51487 0.486302 0.514362 0.486438 0.51487 0.486302 0.514361 0.486595 0.514361 0.486595 0.51487 0.486302 0.514425 0.486714 0.514656 0.48585 0.51444 0.485631 0.514576 0.485552 0.514361 0.485767 0.51444 0.485631 0.514656 0.48585 0.514361 0.485924 0.514361 0.485767 0.514656 0.48585 0.514656 0.48585 0.51487 0.485631 0.514949 0.485767 0.514734 0.485552 0.51487 0.485631 0.514656 0.48585 0.514576 0.485552 0.514734 0.485552 0.514656 0.48585 0.514656 0.48585 0.514949 0.485767 0.514954 0.485902 0.514656 0.48585 0.514797 0.486114 0.514666 0.486149 0.514899 0.486026 0.514797 0.486114 0.514656 0.48585 0.514954 0.485902 0.514899 0.486026 0.514656 0.48585 0.514656 0.48585 0.514425 0.486044 0.514361 0.485924 0.514533 0.486124 0.514425 0.486044 0.514656 0.48585 0.514666 0.486149 0.514533 0.486124 0.514656 0.48585 0.507672 0.485986 0.507323 0.485986 0.507672 0.485831 0.507672 0.485831 0.507323 0.485986 0.507323 0.485831 0.507672 0.485831 0.507323 0.485831 0.507671 0.485713 0.507671 0.485713 0.507323 0.485831 0.507322 0.485712 0.507635 0.488712 0.507635 0.489061 0.507483 0.488712 0.507483 0.488712 0.507635 0.489061 0.507483 0.48906 0.507483 0.488712 0.507483 0.48906 0.507331 0.488712 0.507331 0.488712 0.507483 0.48906 0.507331 0.489061 0.507672 0.485712 0.508021 0.485712 0.507672 0.485826 0.507672 0.485826 0.508021 0.485712 0.508021 0.485826 0.507672 0.485826 0.508021 0.485826 0.507672 0.485978 0.507672 0.485978 0.508021 0.485826 0.508021 0.485978 0.507672 0.485978 0.508021 0.485978 0.507672 0.48611 0.507672 0.48611 0.508021 0.485978 0.508021 0.48611 0.507672 0.48611 0.508021 0.48611 0.507672 0.486214 0.507672 0.486214 0.508021 0.48611 0.508021 0.486214 0.509539 0.485916 0.509887 0.485916 0.509538 0.486038 0.509538 0.486038 0.509887 0.485916 0.509887 0.486038 0.509538 0.486038 0.509887 0.486038 0.509538 0.486174 0.509538 0.486174 0.509887 0.486038 0.509887 0.486174 0.509538 0.486174 0.509887 0.486174 0.509539 0.486295 0.509539 0.486295 0.509887 0.486174 0.509887 0.486295 0.507671 0.486215 0.507322 0.486215 0.507672 0.486115 0.507672 0.486115 0.507322 0.486215 0.507323 0.486115 0.507672 0.486115 0.507323 0.486115 0.507672 0.485986 0.507672 0.485986 0.507323 0.486115 0.507323 0.485986 0.514686 0.489683 0.514744 0.489805 0.51458 0.489599 0.51458 0.489599 0.514744 0.489805 0.514744 0.48994 0.514316 0.490145 0.514211 0.490061 0.514448 0.490176 0.514448 0.490176 0.514211 0.490061 0.514152 0.489939 0.514448 0.490176 0.514152 0.489939 0.51458 0.490146 0.51458 0.490146 0.514152 0.489939 0.514686 0.490062 0.514448 0.489568 0.51458 0.489599 0.514316 0.489598 0.514316 0.489598 0.51458 0.489599 0.514744 0.48994 0.514316 0.489598 0.514744 0.48994 0.514211 0.489683 0.514211 0.489683 0.514744 0.48994 0.514686 0.490062 0.514211 0.489683 0.514686 0.490062 0.514152 0.489804 0.514152 0.489804 0.514686 0.490062 0.514152 0.489939 0.514659 0.485253 0.514366 0.48517 0.514445 0.485034 0.514538 0.48497 0.514581 0.484955 0.514659 0.485253 0.514671 0.484945 0.514739 0.484955 0.514659 0.485253 0.514802 0.48498 0.514875 0.485034 0.514659 0.485253 0.514659 0.485253 0.514954 0.48517 0.514954 0.485327 0.514905 0.485068 0.514954 0.48517 0.514659 0.485253 0.514875 0.485034 0.514905 0.485068 0.514659 0.485253 0.514739 0.484955 0.514802 0.48498 0.514659 0.485253 0.514581 0.484955 0.514671 0.484945 0.514659 0.485253 0.514445 0.485034 0.514538 0.48497 0.514659 0.485253 0.514659 0.485253 0.514954 0.485327 0.51489 0.485447 0.514659 0.485253 0.514649 0.485552 0.514518 0.485517 0.514782 0.485527 0.514649 0.485552 0.514659 0.485253 0.51489 0.485447 0.514782 0.485527 0.514659 0.485253 0.514659 0.485253 0.514361 0.485305 0.514366 0.48517 0.514416 0.485429 0.514361 0.485305 0.514659 0.485253 0.514518 0.485517 0.514416 0.485429 0.514659 0.485253 0.508371 0.485957 0.508022 0.485957 0.508022 0.485803 0.508371 0.485957 0.508022 0.485803 0.508371 0.485824 0.508371 0.485824 0.508022 0.485803 0.508021 0.485712 0.508371 0.485824 0.508021 0.485712 0.50837 0.485712 0.50884 0.485916 0.509189 0.485916 0.509189 0.485954 0.50884 0.485916 0.509189 0.485954 0.50884 0.486038 0.509189 0.485954 0.509188 0.486038 0.50884 0.486038 0.50884 0.486038 0.509188 0.486038 0.509188 0.486106 0.50884 0.486038 0.509188 0.486106 0.50884 0.486174 0.50884 0.486174 0.509188 0.486106 0.509188 0.486174 0.50884 0.486174 0.509188 0.486174 0.50884 0.486295 0.50884 0.486295 0.509188 0.486174 0.509189 0.486258 0.509189 0.486258 0.509189 0.486295 0.50884 0.486295 0.508491 0.48582 0.50884 0.48582 0.50884 0.485907 0.508491 0.48582 0.50884 0.485907 0.508491 0.485928 0.508491 0.485928 0.50884 0.485907 0.50884 0.48606 0.508491 0.485928 0.50884 0.48606 0.508491 0.48606 0.508491 0.48606 0.50884 0.48606 0.508491 0.486191 0.508491 0.486191 0.50884 0.48606 0.50884 0.486191 0.508491 0.486191 0.50884 0.486191 0.508491 0.486295 0.508491 0.486295 0.50884 0.486191 0.50884 0.486295 0.509189 0.485916 0.509538 0.485916 0.509189 0.486038 0.509189 0.486038 0.509538 0.485916 0.509538 0.486038 0.509189 0.486038 0.509538 0.486038 0.509189 0.486174 0.509189 0.486174 0.509538 0.486038 0.509538 0.486174 0.509189 0.486174 0.509538 0.486174 0.509189 0.486295 0.509189 0.486295 0.509538 0.486174 0.509538 0.486295 0.508369 0.486187 0.508021 0.486187 0.50837 0.486087 0.50837 0.486087 0.508021 0.486187 0.508022 0.486087 0.50837 0.486087 0.508022 0.486087 0.508371 0.485957 0.508371 0.485957 0.508022 0.486087 0.508022 0.485957 0.52876 0.479417 0.528498 0.480344 0.523643 0.483684 0.528498 0.480344 0.528153 0.481069 0.523643 0.483684 0.523643 0.483684 0.528153 0.481069 0.528071 0.481207 0.523643 0.483684 0.528071 0.481207 0.524124 0.483662 0.518408 0.46714 0.528832 0.467133 0.518424 0.478464 0.518424 0.478464 0.528832 0.467133 0.528848 0.478457 0.518424 0.478464 0.528848 0.478457 0.518514 0.479423 0.518514 0.479423 0.528848 0.478457 0.518778 0.48035 0.528711 0.466924 0.5288 0.467013 0.528591 0.466892 0.528591 0.466892 0.5288 0.467013 0.528832 0.467133 0.528591 0.466892 0.528832 0.467133 0.518649 0.466898 0.518649 0.466898 0.528832 0.467133 0.518408 0.46714 0.518649 0.466898 0.518408 0.46714 0.518529 0.466931 0.518529 0.466931 0.518408 0.46714 0.51844 0.467019 0.527492 0.481977 0.526782 0.482627 0.525965 0.483135 0.521319 0.483138 0.520501 0.482631 0.528848 0.478457 0.527492 0.481977 0.525965 0.483135 0.528071 0.481207 0.528071 0.481207 0.525965 0.483135 0.525069 0.483484 0.528071 0.481207 0.525069 0.483484 0.524124 0.483662 0.521319 0.483138 0.528848 0.478457 0.522216 0.483486 0.520501 0.482631 0.519789 0.481982 0.528848 0.478457 0.528848 0.478457 0.519789 0.481982 0.519208 0.481213 0.528848 0.478457 0.519208 0.481213 0.518778 0.48035 0.52876 0.479417 0.523643 0.483684 0.528848 0.478457 0.528848 0.478457 0.523643 0.483684 0.523162 0.483662 0.528848 0.478457 0.523162 0.483662 0.522216 0.483486 0.526098 0.507026 0.526098 0.51835 0.525857 0.506784 0.525857 0.506784 0.526098 0.51835 0.515893 0.506784 0.517015 0.52187 0.516434 0.5211 0.526098 0.51835 0.526098 0.51835 0.516434 0.5211 0.516352 0.520962 0.526098 0.51835 0.516352 0.520962 0.516004 0.520237 0.525949 0.506803 0.526028 0.506855 0.525857 0.506784 0.525857 0.506784 0.526028 0.506855 0.52608 0.506934 0.525857 0.506784 0.52608 0.506934 0.526098 0.507026 0.515684 0.506905 0.515773 0.506817 0.515652 0.507026 0.515652 0.507026 0.515773 0.506817 0.515893 0.506784 0.515652 0.507026 0.515893 0.506784 0.515652 0.51835 0.515652 0.51835 0.515893 0.506784 0.526098 0.51835 0.515652 0.51835 0.526098 0.51835 0.515741 0.51931 0.515741 0.51931 0.526098 0.51835 0.516004 0.520237 0.521357 0.523552 0.526098 0.51835 0.52601 0.51931 0.52601 0.51931 0.525746 0.520237 0.521357 0.523552 0.521357 0.523552 0.525746 0.520237 0.525316 0.5211 0.521357 0.523552 0.525316 0.5211 0.524735 0.52187 0.524735 0.52187 0.524023 0.522519 0.521357 0.523552 0.521357 0.523552 0.524023 0.522519 0.523203 0.523027 0.521357 0.523552 0.523203 0.523027 0.522305 0.523375 0.521357 0.523552 0.520875 0.523574 0.526098 0.51835 0.526098 0.51835 0.520875 0.523574 0.520393 0.523552 0.526098 0.51835 0.520393 0.523552 0.519446 0.523375 0.519446 0.523375 0.518547 0.523027 0.526098 0.51835 0.526098 0.51835 0.518547 0.523027 0.517727 0.522519 0.526098 0.51835 0.517727 0.522519 0.517015 0.52187 0.526098 0.51835 0.52616 0.51835 0.52608 0.519268 0.526098 0.51835 0.52608 0.519268 0.52601 0.51931 0.52601 0.51931 0.52608 0.519268 0.52607 0.519321 0.52601 0.51931 0.52607 0.519321 0.525746 0.520237 0.52607 0.519321 0.525841 0.520158 0.525746 0.520237 0.525746 0.520237 0.525841 0.520158 0.525803 0.520259 0.525746 0.520237 0.525803 0.520259 0.525316 0.5211 0.525803 0.520259 0.525452 0.520992 0.525316 0.5211 0.525316 0.5211 0.525452 0.520992 0.525369 0.521132 0.525316 0.5211 0.525369 0.521132 0.524735 0.52187 0.525369 0.521132 0.524924 0.521747 0.524735 0.52187 0.524735 0.52187 0.524924 0.521747 0.524781 0.52191 0.524735 0.52187 0.524781 0.52191 0.524023 0.522519 0.524781 0.52191 0.524273 0.522398 0.524023 0.522519 0.524023 0.522519 0.524273 0.522398 0.52406 0.522567 0.524023 0.522519 0.52406 0.522567 0.523203 0.523027 0.523203 0.523027 0.52406 0.522567 0.523518 0.522927 0.523518 0.522927 0.523231 0.523081 0.523203 0.523027 0.523203 0.523027 0.523231 0.523081 0.522683 0.523316 0.523203 0.523027 0.522683 0.523316 0.522305 0.523375 0.522683 0.523316 0.522322 0.523433 0.522305 0.523375 0.522305 0.523375 0.522322 0.523433 0.521794 0.523554 0.522305 0.523375 0.521794 0.523554 0.521357 0.523552 0.521357 0.523552 0.521794 0.523554 0.521364 0.523612 0.521357 0.523552 0.521364 0.523612 0.520875 0.523574 0.520875 0.523574 0.521364 0.523612 0.520876 0.523635 0.520875 0.523574 0.520876 0.523635 0.520393 0.523552 0.520876 0.523635 0.520389 0.523612 0.520393 0.523552 0.520393 0.523552 0.520389 0.523612 0.519959 0.523554 0.520393 0.523552 0.519959 0.523554 0.519446 0.523375 0.519959 0.523554 0.51943 0.523433 0.519446 0.523375 0.519446 0.523375 0.51943 0.523433 0.519069 0.523316 0.519446 0.523375 0.519069 0.523316 0.518547 0.523027 0.519069 0.523316 0.518521 0.523081 0.518547 0.523027 0.518547 0.523027 0.518521 0.523081 0.518234 0.522927 0.518547 0.523027 0.518234 0.522927 0.517727 0.522519 0.518234 0.522927 0.517692 0.522567 0.517727 0.522519 0.517727 0.522519 0.517692 0.522567 0.51748 0.522398 0.517727 0.522519 0.51748 0.522398 0.517015 0.52187 0.51748 0.522398 0.516971 0.52191 0.517015 0.52187 0.517015 0.52187 0.516971 0.52191 0.516829 0.521747 0.517015 0.52187 0.516829 0.521747 0.516434 0.5211 0.516434 0.5211 0.516829 0.521747 0.516384 0.521132 0.516434 0.5211 0.516384 0.521132 0.516352 0.520962 0.516352 0.520962 0.516384 0.521132 0.5163 0.520992 0.516352 0.520962 0.5163 0.520992 0.516004 0.520237 0.5163 0.520992 0.515949 0.520259 0.516004 0.520237 0.516004 0.520237 0.515949 0.520259 0.515911 0.520157 0.516004 0.520237 0.515911 0.520157 0.515741 0.51931 0.530297 0.478423 0.530358 0.478423 0.530297 0.479341 0.515673 0.519268 0.515652 0.51835 0.515741 0.51931 0.530297 0.479341 0.530358 0.479384 0.530297 0.479394 0.515682 0.519321 0.515741 0.51931 0.515911 0.520157 0.526098 0.51835 0.526098 0.507026 0.52616 0.51835 0.52616 0.51835 0.526098 0.507026 0.52616 0.507026 0.502451 0.52612 0.50384 0.52612 0.50245 0.526608 0.50245 0.526608 0.50384 0.52612 0.50384 0.526609 0.50245 0.526608 0.50384 0.526609 0.50245 0.52704 0.50245 0.52704 0.50384 0.526609 0.503839 0.52704 0.50245 0.52704 0.503839 0.52704 0.50245 0.527572 0.50245 0.527572 0.503839 0.52704 0.503839 0.527572 0.50245 0.527572 0.503839 0.527572 0.50245 0.527936 0.50245 0.527936 0.503839 0.527572 0.503839 0.527936 0.50245 0.527936 0.503839 0.527936 0.50245 0.52849 0.50245 0.52849 0.503839 0.527936 0.503839 0.52849 0.50245 0.52849 0.503839 0.52849 0.502449 0.528781 0.502449 0.528781 0.503839 0.52849 0.503838 0.528781 0.502449 0.528781 0.503838 0.528781 0.502449 0.529333 0.502449 0.529333 0.503838 0.528781 0.503838 0.529333 0.502449 0.529333 0.503838 0.529333 0.502448 0.52955 0.502448 0.52955 0.503838 0.529333 0.503838 0.52955 0.502448 0.52955 0.503838 0.52955 0.502448 0.530071 0.502448 0.530071 0.503838 0.52955 0.503837 0.530071 0.52922 0.506724 0.530609 0.506724 0.52922 0.506889 0.52922 0.506889 0.530609 0.506724 0.530609 0.506889 0.52922 0.506889 0.530609 0.506889 0.52922 0.507508 0.52922 0.507508 0.530609 0.506889 0.530609 0.507508 0.52922 0.507508 0.530609 0.507508 0.52922 0.507649 0.52922 0.507649 0.530609 0.507508 0.530609 0.507648 0.52922 0.507649 0.530609 0.507648 0.52922 0.508385 0.52922 0.508385 0.530609 0.507648 0.530609 0.508385 0.52922 0.508385 0.530609 0.508385 0.52922 0.508487 0.52922 0.508487 0.530609 0.508385 0.530609 0.508487 0.52922 0.508487 0.530609 0.508487 0.52922 0.509326 0.52922 0.509326 0.530609 0.508487 0.530609 0.509326 0.52922 0.509326 0.530609 0.509326 0.52922 0.50938 0.530609 0.509326 0.530609 0.509379 0.52922 0.50938 0.52922 0.50938 0.530609 0.509379 0.530609 0.510298 0.52922 0.50938 0.530609 0.510298 0.52922 0.510298 0.50384 0.52612 0.502451 0.52612 0.50384 0.525634 0.50384 0.525634 0.502451 0.52612 0.50245 0.525634 0.50384 0.525634 0.50245 0.525634 0.503839 0.525205 0.503839 0.525205 0.50245 0.525634 0.50245 0.525205 0.503839 0.525205 0.50245 0.525205 0.503839 0.52468 0.503839 0.52468 0.50245 0.525205 0.50245 0.52468 0.503839 0.52468 0.50245 0.52468 0.503839 0.524322 0.503839 0.524322 0.50245 0.52468 0.50245 0.524322 0.503839 0.524322 0.50245 0.524322 0.503839 0.523781 0.503839 0.523781 0.50245 0.524322 0.50245 0.523781 0.503839 0.523781 0.50245 0.523781 0.503838 0.523498 0.503838 0.523498 0.50245 0.523781 0.502449 0.523498 0.503838 0.523498 0.502449 0.523498 0.503838 0.522966 0.503838 0.522966 0.502449 0.523498 0.502449 0.522966 0.503838 0.522966 0.502449 0.522966 0.503838 0.522758 0.503838 0.522758 0.502449 0.522966 0.502448 0.522758 0.503838 0.522758 0.502448 0.522758 0.503837 0.522263 0.503837 0.522263 0.502448 0.522758 0.502448 0.522263 0.530298 0.481994 0.528909 0.481994 0.530298 0.481829 0.530298 0.481829 0.528909 0.481994 0.528909 0.481829 0.530298 0.481829 0.528909 0.481829 0.530298 0.481211 0.530298 0.481211 0.528909 0.481829 0.528908 0.481211 0.530298 0.481211 0.528908 0.481211 0.530297 0.481071 0.530297 0.481071 0.528908 0.481211 0.528908 0.481071 0.530297 0.481071 0.528908 0.481071 0.530297 0.480334 0.530297 0.480334 0.528908 0.481071 0.528908 0.480334 0.530297 0.480334 0.528908 0.480334 0.530297 0.480233 0.530297 0.480233 0.528908 0.480334 0.528908 0.480233 0.530297 0.480233 0.528908 0.480233 0.530297 0.479394 0.530297 0.479394 0.528908 0.480233 0.528908 0.479394 0.530297 0.479394 0.528908 0.479394 0.530297 0.479341 0.530297 0.479341 0.528908 0.479394 0.528908 0.478423 0.530297 0.479341 0.528908 0.478423 0.530297 0.478423 0.530297 0.478423 0.530297 0.467099 0.530358 0.478423 0.530358 0.478423 0.530297 0.467099 0.530358 0.467099 0.530358 0.488926 0.530419 0.488923 0.530419 0.48904 0.530358 0.488926 0.530419 0.48904 0.530358 0.48902 0.525949 0.506803 0.525974 0.506747 0.526072 0.506812 0.525949 0.506803 0.526072 0.506812 0.526028 0.506855 0.526028 0.506855 0.526072 0.506812 0.526137 0.50691 0.526028 0.506855 0.526137 0.50691 0.52608 0.506934 0.52608 0.506934 0.526137 0.50691 0.52616 0.507026 0.52608 0.506934 0.52616 0.507026 0.526098 0.507026 0.52922 0.510298 0.530609 0.510298 0.52922 0.521622 0.52922 0.521622 0.530609 0.510298 0.530609 0.521622 0.530358 0.467099 0.530297 0.467099 0.530297 0.466948 0.530358 0.467099 0.530297 0.466948 0.530358 0.466979 0.515684 0.506905 0.515633 0.506875 0.515743 0.506764 0.515684 0.506905 0.515743 0.506764 0.515773 0.506817 0.515773 0.506817 0.515743 0.506764 0.515894 0.506724 0.515773 0.506817 0.515894 0.506724 0.515893 0.506784 0.528848 0.480313 0.528848 0.479384 0.528908 0.479394 0.528908 0.479394 0.528848 0.479384 0.528848 0.478423 0.528908 0.479394 0.528848 0.478423 0.528908 0.478423 0.499805 0.50858 0.499864 0.509445 0.499805 0.509549 0.528848 0.480313 0.528908 0.480233 0.528908 0.480334 0.528498 0.480344 0.52855 0.480367 0.528153 0.481069 0.528153 0.481069 0.52855 0.480367 0.528201 0.4811 0.528153 0.481069 0.528201 0.4811 0.528071 0.481207 0.528071 0.481207 0.528201 0.4811 0.528118 0.48124 0.528071 0.481207 0.528118 0.48124 0.527492 0.481977 0.528118 0.48124 0.527675 0.481855 0.527492 0.481977 0.527492 0.481977 0.527675 0.481855 0.527533 0.482018 0.527492 0.481977 0.527533 0.482018 0.526782 0.482627 0.527533 0.482018 0.527026 0.482507 0.526782 0.482627 0.526782 0.482627 0.527026 0.482507 0.526815 0.482676 0.526782 0.482627 0.526815 0.482676 0.525965 0.483135 0.525965 0.483135 0.526815 0.482676 0.526274 0.483036 0.526274 0.483036 0.525988 0.48319 0.525965 0.483135 0.525965 0.483135 0.525988 0.48319 0.525442 0.483425 0.525965 0.483135 0.525442 0.483425 0.525069 0.483484 0.525442 0.483425 0.525081 0.483543 0.525069 0.483484 0.525069 0.483484 0.525081 0.483543 0.524554 0.483664 0.525069 0.483484 0.524554 0.483664 0.524124 0.483662 0.524124 0.483662 0.524554 0.483664 0.524125 0.483722 0.524124 0.483662 0.524125 0.483722 0.523643 0.483684 0.523643 0.483684 0.524125 0.483722 0.523639 0.483745 0.523643 0.483684 0.523639 0.483745 0.523162 0.483662 0.523639 0.483745 0.523152 0.483723 0.523162 0.483662 0.523162 0.483662 0.523152 0.483723 0.522723 0.483665 0.523162 0.483662 0.522723 0.483665 0.522216 0.483486 0.522723 0.483665 0.522196 0.483544 0.522216 0.483486 0.522216 0.483486 0.522196 0.483544 0.521835 0.483428 0.522216 0.483486 0.521835 0.483428 0.521319 0.483138 0.521835 0.483428 0.521288 0.483193 0.521319 0.483138 0.521319 0.483138 0.521288 0.483193 0.521002 0.483039 0.521319 0.483138 0.521002 0.483039 0.520501 0.482631 0.521002 0.483039 0.52046 0.48268 0.520501 0.482631 0.520501 0.482631 0.52046 0.48268 0.520248 0.482511 0.520501 0.482631 0.520248 0.482511 0.519789 0.481982 0.520248 0.482511 0.51974 0.482023 0.519789 0.481982 0.519789 0.481982 0.51974 0.482023 0.519598 0.48186 0.519789 0.481982 0.519598 0.48186 0.519208 0.481213 0.519598 0.48186 0.519153 0.481246 0.519208 0.481213 0.519208 0.481213 0.519153 0.481246 0.519069 0.481106 0.519208 0.481213 0.519069 0.481106 0.518778 0.48035 0.519069 0.481106 0.518718 0.480373 0.518778 0.48035 0.518778 0.48035 0.518718 0.480373 0.51868 0.480271 0.518778 0.48035 0.51868 0.480271 0.518514 0.479423 0.518359 0.478464 0.518424 0.478464 0.518441 0.479382 0.518441 0.479382 0.518424 0.478464 0.518514 0.479423 0.518441 0.479382 0.518514 0.479423 0.518451 0.479435 0.518451 0.479435 0.518514 0.479423 0.51868 0.480271 0.528908 0.478423 0.528908 0.467099 0.530297 0.478423 0.530297 0.478423 0.528908 0.467099 0.530297 0.467099 0.530419 0.488923 0.530358 0.488926 0.530419 0.478971 0.530419 0.478971 0.530358 0.488926 0.530358 0.478974 0.530419 0.488923 0.531808 0.488924 0.531807 0.489077 0.530419 0.488923 0.531807 0.489077 0.530419 0.48904 0.530419 0.48904 0.531807 0.489077 0.531807 0.489142 0.530419 0.48904 0.531807 0.489142 0.530418 0.489141 0.530609 0.521834 0.52922 0.521834 0.52922 0.521772 0.530609 0.521834 0.52922 0.521772 0.530609 0.521737 0.530609 0.521737 0.52922 0.521772 0.52922 0.521622 0.530609 0.521737 0.52922 0.521622 0.530609 0.521622 0.518424 0.478464 0.518359 0.478464 0.518408 0.46714 0.518408 0.46714 0.518359 0.478464 0.518344 0.467141 0.530297 0.467099 0.528908 0.467099 0.528908 0.466948 0.530297 0.467099 0.528908 0.466948 0.530297 0.466948 0.530297 0.466948 0.528908 0.466948 0.528908 0.466838 0.530297 0.466948 0.528908 0.466838 0.530297 0.466838 0.530418 0.478822 0.531807 0.478823 0.531808 0.478971 0.530418 0.478822 0.531808 0.478971 0.530419 0.478971 0.528848 0.478423 0.528848 0.467099 0.528908 0.478423 0.528908 0.478423 0.528848 0.467099 0.528908 0.467099 0.530419 0.488923 0.530419 0.478971 0.531808 0.488924 0.531808 0.488924 0.530419 0.478971 0.531808 0.478971 0.518408 0.46714 0.518344 0.467141 0.518384 0.46699 0.518408 0.46714 0.518384 0.46699 0.51844 0.467019 0.51844 0.467019 0.518384 0.46699 0.518432 0.466927 0.51844 0.467019 0.518432 0.466927 0.518529 0.466931 0.518432 0.466927 0.518494 0.466879 0.518529 0.466931 0.518529 0.466931 0.518494 0.466879 0.518645 0.466838 0.518529 0.466931 0.518645 0.466838 0.518649 0.466898 0.531868 0.478975 0.531808 0.478971 0.531807 0.478823 0.531868 0.478975 0.531807 0.478823 0.531867 0.478855 0.528711 0.466924 0.528737 0.466873 0.528848 0.466983 0.528711 0.466924 0.528848 0.466983 0.5288 0.467013 0.528848 0.466979 0.528908 0.466948 0.528908 0.467099 0.528848 0.466979 0.528908 0.467099 0.528848 0.467099 0.531868 0.488927 0.531808 0.488924 0.531868 0.478975 0.531868 0.478975 0.531808 0.488924 0.531808 0.478971</float_array>
          <technique_common>
            <accessor source="#right_arm_link4-mesh-map-0-array" count="8202" stride="2">
              <param name="S" type="float"/>
              <param name="T" type="float"/>
            </accessor>
          </technique_common>
        </source>
        <vertices id="right_arm_link4-mesh-vertices">
          <input semantic="POSITION" source="#right_arm_link4-mesh-positions"/>
        </vertices>
        <triangles material="材质-material" count="2734">
          <input semantic="VERTEX" source="#right_arm_link4-mesh-vertices" offset="0"/>
          <input semantic="NORMAL" source="#right_arm_link4-mesh-normals" offset="1"/>
          <input semantic="TEXCOORD" source="#right_arm_link4-mesh-map-0" offset="2" set="0"/>
          <p>0 0 0 1 1 1 2 2 2 2 2 3 1 1 4 3 3 5 2 2 6 3 3 7 4 4 8 4 4 9 5 5 10 2 2 11 2 2 12 5 5 13 6 6 14 2 2 15 6 6 16 7 7 17 8 8 18 9 0 19 10 9 20 11 0 21 8 8 22 12 10 23 12 10 24 8 8 25 13 11 26 7 7 27 14 12 28 2 2 29 2 2 30 14 12 31 8 8 32 2 2 33 8 8 34 15 13 35 15 13 36 8 8 37 11 0 38 0 0 39 2 2 40 16 14 41 16 14 42 2 2 43 17 15 44 16 14 45 17 15 46 18 16 47 18 16 48 17 15 49 19 17 50 18 16 51 19 17 52 20 18 53 10 9 54 21 19 55 8 8 56 8 8 57 21 19 58 22 20 59 8 8 60 22 20 61 13 11 62 20 18 63 23 21 64 18 16 65 18 16 66 23 21 67 24 22 68 18 16 69 24 22 70 25 0 71 25 0 72 24 22 73 26 23 74 26 23 75 24 22 76 27 24 77 26 23 78 27 24 79 28 25 80 29 26 81 30 27 82 31 28 83 31 28 84 30 27 85 32 29 86 31 28 87 32 29 88 33 30 89 28 25 90 34 31 91 26 23 92 26 23 93 34 31 94 31 28 95 26 23 96 31 28 97 35 32 98 35 32 99 31 28 100 33 30 101 16 33 102 36 34 103 37 35 104 16 33 105 37 35 106 0 36 107 0 37 108 37 38 109 38 39 110 0 37 111 38 39 112 1 40 113 1 41 114 38 42 115 39 42 116 1 41 117 39 42 118 3 43 119 3 44 120 39 45 121 40 44 122 3 44 123 40 44 124 4 45 125 4 46 126 40 47 127 41 48 128 4 46 129 41 48 130 5 49 131 5 50 132 41 51 133 42 52 134 5 50 135 42 52 136 6 53 137 6 54 138 42 55 139 43 56 140 6 54 141 43 56 142 7 57 143 7 58 144 43 59 145 44 60 146 7 58 147 44 60 148 14 61 149 14 62 150 44 63 151 45 64 152 14 62 153 45 64 154 8 65 155 8 66 156 45 67 157 46 68 158 8 66 159 46 68 160 9 69 161 9 70 162 46 71 163 47 72 164 9 70 165 47 72 166 10 73 167 10 74 168 47 75 169 48 76 170 10 74 171 48 76 172 21 77 173 21 78 174 48 79 175 49 80 176 21 78 177 49 80 178 22 81 179 22 82 180 49 83 181 50 84 182 22 82 183 50 84 184 13 85 185 13 86 186 50 87 187 51 88 188 13 86 189 51 88 190 12 89 191 12 90 192 51 91 193 52 92 194 12 90 195 52 92 196 11 93 197 11 94 198 52 95 199 53 96 200 11 94 201 53 96 202 15 97 203 15 98 204 53 98 205 54 98 206 15 98 207 54 98 208 2 98 209 2 99 210 54 100 211 55 101 212 2 99 213 55 101 214 17 102 215 17 103 216 55 104 217 56 105 218 17 103 219 56 105 220 19 106 221 19 107 222 56 108 223 57 109 224 19 107 225 57 109 226 20 110 227 20 111 228 57 111 229 58 111 230 20 111 231 58 111 232 23 111 233 23 112 234 58 113 235 59 114 236 23 112 237 59 114 238 24 115 239 24 116 240 59 117 241 60 118 242 24 116 243 60 118 244 27 119 245 27 120 246 60 121 247 61 122 248 27 120 249 61 122 250 28 123 251 28 124 252 61 125 253 62 126 254 28 124 255 62 126 256 34 127 257 34 128 258 62 129 259 63 130 260 34 128 261 63 130 262 31 131 263 31 132 264 63 133 265 64 134 266 31 132 267 64 134 268 29 135 269 29 136 270 64 137 271 65 138 272 29 136 273 65 138 274 30 139 275 30 140 276 65 141 277 66 142 278 30 140 279 66 142 280 32 142 281 32 143 282 66 144 283 67 145 284 32 143 285 67 145 286 33 146 287 33 147 288 67 148 289 68 149 290 33 147 291 68 149 292 35 150 293 35 151 294 68 152 295 69 152 296 35 151 297 69 152 298 26 151 299 26 153 300 69 154 301 70 155 302 26 153 303 70 155 304 25 156 305 25 157 306 70 158 307 71 159 308 25 157 309 71 159 310 18 157 311 18 160 312 71 161 313 36 162 314 18 160 315 36 162 316 16 163 317 69 164 318 68 165 319 54 166 320 68 165 321 67 167 322 54 166 323 54 166 324 67 167 325 66 168 326 54 166 327 66 168 328 55 169 329 53 170 330 52 171 331 37 172 332 37 172 333 52 171 334 51 173 335 37 172 336 36 174 337 53 170 338 53 170 339 36 174 340 71 175 341 53 170 342 71 175 343 54 166 344 54 166 345 71 175 346 70 176 347 54 166 348 70 176 349 69 164 350 64 177 351 63 178 352 59 179 353 51 173 354 50 180 355 37 172 356 37 172 357 50 180 358 49 181 359 37 172 360 49 181 361 48 182 362 41 183 363 40 165 364 39 184 365 58 165 366 57 185 367 66 168 368 66 168 369 57 185 370 56 186 371 66 168 372 56 186 373 55 169 374 48 182 375 47 187 376 37 172 377 37 172 378 47 187 379 46 188 380 37 172 381 46 188 382 45 189 383 58 165 384 66 168 385 59 179 386 59 179 387 66 168 388 65 190 389 59 179 390 65 190 391 64 177 392 63 178 393 62 191 394 59 179 395 59 179 396 62 191 397 61 192 398 59 179 399 61 192 400 60 193 401 45 189 402 44 165 403 37 172 404 37 172 405 44 165 406 43 194 407 37 172 408 43 194 409 38 165 410 38 165 411 43 194 412 39 184 413 39 184 414 43 194 415 42 195 416 39 184 417 42 195 418 41 183 419 72 196 420 73 197 421 74 198 422 72 196 423 74 198 424 75 199 425 75 200 426 74 201 427 76 202 428 75 200 429 76 202 430 77 203 431 77 204 432 76 205 433 78 206 434 78 206 435 76 205 436 79 207 437 78 208 438 79 209 439 80 210 440 78 208 441 80 210 442 81 211 443 81 212 444 80 213 445 82 214 446 81 212 447 82 214 448 83 215 449 83 216 450 82 217 451 84 218 452 83 216 453 84 218 454 85 219 455 85 220 456 84 221 457 86 222 458 85 220 459 86 222 460 87 223 461 87 224 462 86 225 463 88 226 464 88 226 465 86 225 466 89 227 467 88 228 468 89 229 469 90 230 470 88 228 471 90 230 472 91 231 473 91 232 474 90 233 475 92 234 476 91 232 477 92 234 478 93 235 479 93 236 480 92 237 481 94 238 482 94 238 483 92 237 484 95 239 485 96 240 486 94 241 487 95 242 488 97 243 489 98 244 490 99 245 491 99 245 492 98 244 493 96 246 494 99 247 495 96 248 496 100 249 497 100 250 498 96 240 499 95 242 500 98 251 501 97 252 502 101 253 503 101 253 504 97 252 505 102 254 506 101 255 507 102 256 508 103 257 509 101 255 510 103 257 511 104 258 512 104 259 513 103 260 514 105 261 515 104 259 516 105 261 517 106 262 518 106 263 519 105 264 520 107 265 521 106 263 522 107 265 523 108 266 524 108 267 525 107 268 526 109 269 527 108 267 528 109 269 529 110 270 530 110 271 531 109 271 532 111 271 533 111 271 534 109 271 535 112 271 536 111 272 537 112 273 538 113 274 539 111 272 540 113 274 541 114 275 542 114 276 543 113 277 544 115 278 545 114 276 546 115 278 547 116 279 548 116 280 549 115 281 550 117 282 551 116 280 552 117 282 553 118 283 554 118 284 555 117 285 556 119 286 557 118 284 558 119 286 559 120 287 560 121 288 561 122 289 562 123 290 563 123 290 564 122 289 565 120 291 566 123 290 567 120 291 568 119 292 569 122 293 570 121 294 571 124 295 572 122 293 573 124 295 574 125 296 575 125 297 576 124 298 577 126 299 578 125 297 579 126 299 580 127 300 581 127 301 582 126 302 583 72 303 584 72 303 585 126 302 586 73 304 587 102 305 588 128 306 589 129 307 590 102 305 591 129 307 592 103 308 593 103 309 594 129 310 595 130 311 596 103 309 597 130 311 598 105 312 599 105 313 600 130 314 601 131 315 602 105 313 603 131 315 604 107 316 605 107 317 606 131 318 607 132 319 608 107 317 609 132 319 610 109 320 611 133 321 612 89 321 613 134 321 614 134 321 615 89 321 616 86 321 617 135 0 618 112 0 619 132 0 620 132 0 621 112 0 622 109 0 623 95 322 624 136 323 625 100 324 626 100 324 627 136 323 628 137 325 629 100 326 630 137 327 631 99 328 632 99 328 633 137 327 634 138 329 635 99 330 636 138 331 637 97 332 638 97 332 639 138 331 640 139 333 641 128 321 642 102 321 643 139 321 644 139 321 645 102 321 646 97 321 647 140 334 648 126 335 649 124 336 650 140 334 651 124 336 652 141 337 653 141 338 654 124 339 655 121 340 656 141 338 657 121 340 658 142 341 659 112 342 660 135 343 661 143 344 662 112 342 663 143 344 664 113 345 665 113 346 666 143 347 667 144 348 668 113 346 669 144 348 670 115 349 671 115 350 672 144 351 673 145 352 674 115 350 675 145 352 676 117 353 677 117 354 678 145 355 679 146 356 680 117 354 681 146 356 682 119 357 683 147 165 684 79 165 685 148 165 686 148 165 687 79 165 688 76 165 689 79 358 690 147 359 691 149 360 692 79 358 693 149 360 694 80 361 695 80 362 696 149 363 697 150 364 698 80 362 699 150 364 700 82 365 701 82 366 702 150 367 703 151 368 704 82 366 705 151 368 706 84 369 707 84 370 708 151 371 709 134 372 710 84 370 711 134 372 712 86 373 713 152 374 714 92 375 715 90 376 716 152 374 717 90 376 718 153 377 719 153 378 720 90 379 721 89 380 722 153 378 723 89 380 724 133 381 725 136 382 726 95 383 727 152 384 728 152 384 729 95 383 730 92 385 731 73 386 732 154 387 733 155 388 734 73 386 735 155 388 736 74 389 737 74 390 738 155 391 739 148 392 740 74 390 741 148 392 742 76 393 743 154 394 744 73 395 745 140 395 746 140 395 747 73 395 748 126 394 749 156 396 750 157 397 751 146 398 752 158 399 753 159 400 754 160 401 755 161 399 756 162 402 757 163 403 758 163 403 759 162 402 760 164 404 761 163 403 762 164 404 763 165 399 764 165 399 765 164 404 766 166 399 767 121 405 768 167 406 769 142 407 770 142 407 771 167 406 772 168 408 773 142 407 774 168 408 775 169 409 776 161 399 777 170 410 778 162 402 779 162 402 780 170 410 781 171 411 782 162 402 783 171 411 784 172 412 785 173 399 786 174 413 787 175 414 788 175 414 789 174 413 790 176 415 791 177 399 792 178 416 793 121 405 794 121 405 795 178 416 796 179 417 797 121 405 798 179 417 799 167 406 800 180 418 801 181 419 802 182 420 803 182 420 804 181 419 805 183 421 806 182 420 807 183 421 808 159 400 809 159 400 810 183 421 811 184 399 812 159 400 813 184 399 814 160 401 815 169 409 816 185 422 817 142 407 818 142 407 819 185 422 820 186 423 821 142 407 822 186 423 823 164 424 824 164 424 825 186 423 826 187 425 827 164 424 828 187 425 829 188 426 830 174 413 831 189 427 832 176 415 833 176 415 834 189 427 835 190 428 836 176 415 837 190 428 838 191 399 839 191 399 840 190 428 841 192 399 842 191 399 843 192 399 844 193 399 845 188 426 846 191 429 847 164 424 848 164 424 849 191 429 850 194 430 851 164 424 852 194 430 853 195 431 854 166 399 855 164 404 856 196 399 857 196 399 858 164 404 859 195 432 860 196 399 861 195 432 862 197 433 863 197 433 864 195 432 865 198 434 866 197 433 867 198 434 868 199 399 869 199 399 870 198 434 871 200 399 872 199 399 873 200 399 874 180 418 875 180 418 876 200 399 877 201 399 878 180 418 879 201 399 880 181 419 881 193 399 882 202 399 883 191 399 884 191 399 885 202 399 886 203 399 887 191 429 888 203 399 889 194 430 890 173 399 891 177 399 892 174 413 893 174 413 894 177 399 895 121 405 896 174 413 897 121 405 898 204 435 899 204 435 900 121 405 901 123 436 902 204 435 903 123 436 904 160 401 905 205 399 906 206 399 907 119 437 908 146 398 909 157 397 910 119 437 911 119 437 912 157 397 913 207 438 914 119 437 915 207 438 916 205 399 917 208 439 918 209 399 919 210 440 920 209 399 921 211 441 922 210 440 923 210 440 924 211 441 925 212 442 926 210 440 927 212 442 928 213 443 929 213 443 930 212 442 931 214 444 932 162 402 933 215 445 934 216 399 935 217 446 936 218 399 937 219 447 938 219 447 939 218 399 940 164 448 941 219 447 942 164 448 943 220 399 944 218 399 945 221 449 946 164 448 947 164 448 948 221 449 949 222 450 950 164 448 951 222 450 952 146 398 953 146 398 954 222 450 955 223 451 956 146 398 957 223 451 958 156 396 959 219 447 960 224 452 961 217 446 962 217 446 963 224 452 964 225 453 965 217 446 966 225 453 967 212 442 968 212 442 969 225 453 970 226 399 971 212 442 972 226 399 973 214 444 974 227 454 975 228 455 976 164 404 977 164 404 978 228 455 979 229 456 980 164 404 981 229 456 982 220 457 983 216 399 984 230 399 985 162 402 986 162 402 987 230 399 988 231 458 989 162 402 990 231 458 991 164 404 992 164 404 993 231 458 994 232 459 995 164 404 996 232 459 997 227 454 998 206 399 999 208 439 1000 119 437 1001 119 437 1002 208 439 1003 210 440 1004 119 437 1005 210 440 1006 123 460 1007 123 460 1008 210 440 1009 233 461 1010 233 462 1011 215 445 1012 123 436 1013 123 436 1014 215 445 1015 162 402 1016 123 436 1017 162 402 1018 160 401 1019 160 401 1020 162 402 1021 172 412 1022 160 401 1023 172 412 1024 158 399 1025 120 463 1026 122 464 1027 111 465 1028 87 466 1029 88 467 1030 78 468 1031 72 469 1032 94 470 1033 127 471 1034 127 471 1035 94 470 1036 96 472 1037 127 471 1038 96 472 1039 125 473 1040 125 473 1041 96 472 1042 98 474 1043 125 473 1044 98 474 1045 122 464 1046 88 467 1047 91 475 1048 72 469 1049 72 469 1050 91 475 1051 93 476 1052 72 469 1053 93 476 1054 94 470 1055 122 464 1056 98 474 1057 111 465 1058 111 465 1059 98 474 1060 101 477 1061 111 465 1062 101 477 1063 110 478 1064 78 468 1065 88 467 1066 77 479 1067 77 479 1068 88 467 1069 72 469 1070 77 479 1071 72 469 1072 75 480 1073 114 467 1074 116 467 1075 111 465 1076 111 465 1077 116 467 1078 118 481 1079 111 465 1080 118 481 1081 120 463 1082 81 467 1083 83 482 1084 78 468 1085 78 468 1086 83 482 1087 85 483 1088 78 468 1089 85 483 1090 87 466 1091 104 484 1092 106 485 1093 101 477 1094 101 477 1095 106 485 1096 108 486 1097 101 477 1098 108 486 1099 110 478 1100 234 487 1101 148 488 1102 155 489 1103 234 487 1104 155 489 1105 235 490 1106 235 491 1107 155 492 1108 154 493 1109 235 491 1110 154 493 1111 236 494 1112 148 495 1113 234 495 1114 147 496 1115 147 496 1116 234 495 1117 237 497 1118 238 498 1119 134 499 1120 151 500 1121 238 498 1122 151 500 1123 239 501 1124 239 502 1125 151 503 1126 150 504 1127 239 502 1128 150 504 1129 240 505 1130 240 506 1131 150 507 1132 149 508 1133 240 506 1134 149 508 1135 241 509 1136 241 510 1137 149 511 1138 147 512 1139 241 510 1140 147 512 1141 237 513 1142 134 514 1143 238 515 1144 133 516 1145 133 516 1146 238 515 1147 242 517 1148 243 518 1149 152 519 1150 153 520 1151 243 518 1152 153 520 1153 244 521 1154 244 522 1155 153 523 1156 133 524 1157 244 522 1158 133 524 1159 242 525 1160 152 526 1161 243 527 1162 136 528 1163 136 528 1164 243 527 1165 245 529 1166 246 530 1167 247 531 1168 139 532 1169 136 533 1170 245 534 1171 137 535 1172 137 535 1173 245 534 1174 246 536 1175 137 537 1176 246 538 1177 138 539 1178 138 540 1179 246 530 1180 139 532 1181 139 541 1182 247 542 1183 128 543 1184 128 543 1185 247 542 1186 248 544 1187 249 545 1188 132 546 1189 131 547 1190 249 545 1191 131 547 1192 250 548 1193 250 549 1194 131 550 1195 130 551 1196 250 549 1197 130 551 1198 251 552 1199 251 553 1200 130 554 1201 129 555 1202 251 553 1203 129 555 1204 252 556 1205 252 557 1206 129 558 1207 128 559 1208 252 557 1209 128 559 1210 248 560 1211 132 561 1212 249 561 1213 135 561 1214 135 561 1215 249 561 1216 253 561 1217 254 562 1218 146 563 1219 145 564 1220 254 562 1221 145 564 1222 255 565 1223 255 566 1224 145 567 1225 144 568 1226 255 566 1227 144 568 1228 256 569 1229 256 570 1230 144 571 1231 143 572 1232 256 570 1233 143 572 1234 257 573 1235 257 574 1236 143 575 1237 135 576 1238 257 574 1239 135 576 1240 253 577 1241 146 578 1242 254 578 1243 164 579 1244 164 579 1245 254 578 1246 258 580 1247 164 579 1248 258 580 1249 142 581 1250 259 582 1251 140 583 1252 141 584 1253 259 582 1254 141 584 1255 260 585 1256 260 586 1257 141 587 1258 142 588 1259 260 586 1260 142 588 1261 258 589 1262 140 590 1263 259 591 1264 154 592 1265 154 592 1266 259 591 1267 236 593 1268 248 594 1269 247 595 1270 249 594 1271 246 596 1272 259 597 1273 260 598 1274 234 599 1275 235 594 1276 236 600 1277 246 596 1278 260 598 1279 247 595 1280 247 595 1281 260 598 1282 258 601 1283 247 595 1284 258 601 1285 249 594 1286 249 594 1287 258 601 1288 254 602 1289 249 594 1290 254 602 1291 253 603 1292 259 597 1293 246 596 1294 236 600 1295 236 600 1296 246 596 1297 245 604 1298 236 600 1299 245 604 1300 234 599 1301 234 599 1302 245 604 1303 243 605 1304 234 599 1305 243 605 1306 244 606 1307 244 606 1308 242 607 1309 234 599 1310 234 599 1311 242 607 1312 238 608 1313 234 599 1314 238 608 1315 237 609 1316 250 594 1317 251 594 1318 249 594 1319 249 594 1320 251 594 1321 252 594 1322 249 594 1323 252 594 1324 248 594 1325 255 610 1326 256 611 1327 254 602 1328 254 602 1329 256 611 1330 257 612 1331 254 602 1332 257 612 1333 253 603 1334 239 613 1335 240 614 1336 238 608 1337 238 608 1338 240 614 1339 241 615 1340 238 608 1341 241 615 1342 237 609 1343 261 616 1344 262 399 1345 263 617 1346 264 399 1347 265 618 1348 266 619 1349 266 619 1350 265 618 1351 267 620 1352 268 621 1353 269 622 1354 263 617 1355 263 617 1356 269 622 1357 266 619 1358 263 617 1359 266 619 1360 261 616 1361 261 616 1362 266 619 1363 267 620 1364 261 616 1365 267 620 1366 270 623 1367 271 624 1368 272 625 1369 273 626 1370 273 626 1371 272 625 1372 268 621 1373 273 626 1374 268 621 1375 274 627 1376 274 627 1377 268 621 1378 263 617 1379 275 628 1380 276 399 1381 277 629 1382 278 399 1383 279 630 1384 280 631 1385 280 631 1386 279 630 1387 281 632 1388 282 633 1389 283 634 1390 277 629 1391 277 629 1392 283 634 1393 280 631 1394 277 629 1395 280 631 1396 275 628 1397 275 628 1398 280 631 1399 281 632 1400 275 628 1401 281 632 1402 284 623 1403 285 624 1404 286 635 1405 287 636 1406 287 636 1407 286 635 1408 282 633 1409 287 636 1410 282 633 1411 288 637 1412 288 637 1413 282 633 1414 277 629 1415 289 638 1416 290 399 1417 291 629 1418 292 399 1419 293 618 1420 294 639 1421 294 639 1422 293 618 1423 295 640 1424 296 641 1425 297 634 1426 291 629 1427 291 629 1428 297 634 1429 294 639 1430 291 629 1431 294 639 1432 289 638 1433 289 638 1434 294 639 1435 295 640 1436 289 638 1437 295 640 1438 298 642 1439 299 624 1440 300 643 1441 301 644 1442 301 644 1443 300 643 1444 296 641 1445 301 644 1446 296 641 1447 302 645 1448 302 645 1449 296 641 1450 291 629 1451 177 646 1452 297 647 1453 178 648 1454 178 648 1455 297 647 1456 296 649 1457 178 650 1458 296 651 1459 179 652 1460 179 652 1461 296 651 1462 300 653 1463 179 654 1464 300 655 1465 167 656 1466 167 656 1467 300 655 1468 299 657 1469 167 0 1470 299 0 1471 168 0 1472 168 0 1473 299 0 1474 301 0 1475 168 658 1476 301 659 1477 169 660 1478 169 660 1479 301 659 1480 302 661 1481 169 662 1482 302 663 1483 185 664 1484 185 664 1485 302 663 1486 291 665 1487 185 666 1488 291 667 1489 186 668 1490 186 668 1491 291 667 1492 290 669 1493 186 670 1494 290 671 1495 187 672 1496 187 672 1497 290 671 1498 289 673 1499 187 674 1500 289 675 1501 188 676 1502 188 676 1503 289 675 1504 298 677 1505 188 678 1506 298 679 1507 191 680 1508 191 680 1509 298 679 1510 295 681 1511 191 165 1512 295 165 1513 176 165 1514 176 165 1515 295 165 1516 293 165 1517 176 682 1518 293 683 1519 175 684 1520 175 684 1521 293 683 1522 292 685 1523 175 686 1524 292 687 1525 173 688 1526 173 688 1527 292 687 1528 294 689 1529 173 690 1530 294 691 1531 177 692 1532 177 692 1533 294 691 1534 297 693 1535 172 694 1536 269 695 1537 158 696 1538 158 696 1539 269 695 1540 268 697 1541 158 698 1542 268 699 1543 159 700 1544 159 700 1545 268 699 1546 272 699 1547 159 701 1548 272 702 1549 182 703 1550 182 703 1551 272 702 1552 271 704 1553 182 0 1554 271 0 1555 180 0 1556 180 0 1557 271 0 1558 273 0 1559 180 705 1560 273 706 1561 199 707 1562 199 707 1563 273 706 1564 274 708 1565 199 709 1566 274 710 1567 197 711 1568 197 711 1569 274 710 1570 263 710 1571 197 712 1572 263 713 1573 196 714 1574 196 714 1575 263 713 1576 262 715 1577 196 716 1578 262 717 1579 166 718 1580 166 718 1581 262 717 1582 261 719 1583 166 720 1584 261 721 1585 165 722 1586 165 722 1587 261 721 1588 270 723 1589 165 724 1590 270 725 1591 163 726 1592 163 726 1593 270 725 1594 267 727 1595 163 165 1596 267 165 1597 161 165 1598 161 165 1599 267 165 1600 265 165 1601 161 728 1602 265 729 1603 170 730 1604 170 730 1605 265 729 1606 264 731 1607 170 732 1608 264 733 1609 171 734 1610 171 734 1611 264 733 1612 266 735 1613 171 736 1614 266 737 1615 172 738 1616 172 738 1617 266 737 1618 269 739 1619 208 740 1620 283 741 1621 209 742 1622 209 742 1623 283 741 1624 282 649 1625 209 743 1626 282 744 1627 211 743 1628 211 743 1629 282 744 1630 286 653 1631 211 745 1632 286 746 1633 212 747 1634 212 747 1635 286 746 1636 285 748 1637 212 0 1638 285 0 1639 217 0 1640 217 0 1641 285 0 1642 287 0 1643 217 749 1644 287 750 1645 218 751 1646 218 751 1647 287 750 1648 288 752 1649 218 662 1650 288 753 1651 221 754 1652 221 754 1653 288 753 1654 277 755 1655 221 666 1656 277 756 1657 222 757 1658 222 757 1659 277 756 1660 276 758 1661 222 759 1662 276 760 1663 223 761 1664 223 761 1665 276 760 1666 275 762 1667 223 674 1668 275 763 1669 156 764 1670 156 764 1671 275 763 1672 284 765 1673 156 766 1674 284 767 1675 157 768 1676 157 768 1677 284 767 1678 281 769 1679 157 165 1680 281 165 1681 207 165 1682 207 165 1683 281 165 1684 279 165 1685 207 770 1686 279 771 1687 205 772 1688 205 772 1689 279 771 1690 278 773 1691 205 774 1692 278 775 1693 206 776 1694 206 776 1695 278 775 1696 280 689 1697 206 777 1698 280 692 1699 208 691 1700 208 691 1701 280 692 1702 283 690 1703 204 778 1704 303 779 1705 174 780 1706 174 780 1707 303 779 1708 304 781 1709 174 782 1710 304 783 1711 189 784 1712 304 783 1713 305 785 1714 189 784 1715 189 786 1716 305 787 1717 306 788 1718 189 789 1719 306 790 1720 190 791 1721 307 792 1722 192 792 1723 308 792 1724 308 793 1725 192 794 1726 190 795 1727 308 796 1728 190 797 1729 309 798 1730 309 799 1731 190 800 1732 306 801 1733 183 802 1734 181 802 1735 310 803 1736 310 804 1737 311 805 1738 183 806 1739 183 807 1740 311 808 1741 312 809 1742 183 810 1743 312 811 1744 184 812 1745 313 813 1746 204 813 1747 314 813 1748 314 814 1749 204 815 1750 160 815 1751 314 816 1752 160 817 1753 315 818 1754 315 818 1755 160 817 1756 184 819 1757 315 820 1758 184 821 1759 316 822 1760 316 823 1761 184 824 1762 312 825 1763 195 826 1764 317 827 1765 198 828 1766 198 828 1767 317 827 1768 318 829 1769 198 830 1770 318 831 1771 200 832 1772 318 831 1773 319 833 1774 200 832 1775 200 834 1776 319 835 1777 320 836 1778 200 837 1779 320 838 1780 201 839 1781 321 840 1782 181 841 1783 322 842 1784 322 843 1785 181 844 1786 201 845 1787 322 846 1788 201 847 1789 323 848 1790 323 849 1791 201 850 1792 320 851 1793 324 852 1794 313 852 1795 314 852 1796 315 853 1797 316 854 1798 325 855 1799 326 856 1800 327 857 1801 328 858 1802 329 859 1803 319 860 1804 328 861 1805 328 862 1806 319 863 1807 330 864 1808 328 865 1809 330 865 1810 326 865 1811 331 866 1812 332 867 1813 329 868 1814 329 869 1815 332 870 1816 320 871 1817 329 872 1818 320 873 1819 319 874 1820 325 875 1821 316 876 1822 333 877 1823 316 878 1824 312 878 1825 333 878 1826 333 879 1827 312 880 1828 311 881 1829 333 882 1830 311 883 1831 334 884 1832 334 884 1833 311 883 1834 335 885 1835 334 886 1836 335 887 1837 331 888 1838 331 888 1839 335 887 1840 322 889 1841 331 890 1842 322 891 1843 332 892 1844 315 893 1845 325 894 1846 314 895 1847 314 896 1848 325 897 1849 336 898 1850 314 899 1851 336 900 1852 324 901 1853 336 902 1854 325 399 1855 333 903 1856 337 399 1857 338 399 1858 327 399 1859 327 399 1860 338 399 1861 339 904 1862 327 399 1863 339 904 1864 328 399 1865 340 399 1866 341 905 1867 342 906 1868 342 906 1869 341 905 1870 324 907 1871 342 906 1872 324 907 1873 336 902 1874 336 902 1875 333 903 1876 342 906 1877 342 906 1878 333 903 1879 334 399 1880 342 906 1881 334 399 1882 343 908 1883 343 908 1884 334 399 1885 331 909 1886 343 908 1887 331 909 1888 339 904 1889 339 904 1890 331 909 1891 329 399 1892 339 904 1893 329 399 1894 328 399 1895 344 910 1896 313 910 1897 341 910 1898 341 911 1899 313 912 1900 324 913 1901 344 914 1902 341 915 1903 345 916 1904 345 917 1905 341 918 1906 340 919 1907 345 920 1908 340 921 1909 306 922 1910 306 923 1911 340 924 1912 346 925 1913 346 926 1914 340 927 1915 342 928 1916 346 929 1917 342 930 1918 308 931 1919 308 932 1920 342 933 1921 347 934 1922 347 934 1923 342 933 1924 343 935 1925 347 936 1926 343 937 1927 348 938 1928 348 938 1929 343 937 1930 339 939 1931 348 940 1932 339 941 1933 349 942 1934 349 943 1935 339 944 1936 350 945 1937 350 945 1938 339 944 1939 338 946 1940 350 947 1941 338 947 1942 351 947 1943 327 948 1944 352 948 1945 337 948 1946 337 949 1947 352 949 1948 353 949 1949 337 950 1950 353 950 1951 338 950 1952 338 951 1953 353 952 1954 354 953 1955 338 954 1956 354 955 1957 351 956 1958 193 957 1959 192 957 1960 307 957 1961 307 958 1962 348 959 1963 193 960 1964 193 961 1965 348 962 1966 355 963 1967 193 964 1968 355 965 1969 356 966 1970 356 966 1971 355 965 1972 350 967 1973 356 968 1974 350 968 1975 203 968 1976 317 969 1977 357 970 1978 358 971 1979 358 971 1980 357 970 1981 194 972 1982 358 973 1983 194 974 1984 359 975 1985 359 975 1986 194 974 1987 203 976 1988 359 977 1989 203 978 1990 351 979 1991 351 980 1992 203 981 1993 350 982 1994 220 983 1995 360 984 1996 219 985 1997 219 985 1998 360 984 1999 361 986 2000 219 987 2001 361 988 2002 224 989 2003 361 988 2004 362 990 2005 224 989 2006 224 991 2007 362 992 2008 363 993 2009 224 994 2010 363 994 2011 225 995 2012 364 996 2013 365 997 2014 366 998 2015 366 999 2016 365 1000 2017 225 1001 2018 366 1002 2019 225 1003 2020 367 1004 2021 367 1005 2022 225 1006 2023 363 1005 2024 368 1007 2025 369 1008 2026 232 1009 2027 232 1009 2028 369 1008 2029 370 1010 2030 232 1011 2031 370 1012 2032 371 1013 2033 371 1013 2034 370 1012 2035 372 1014 2036 371 1015 2037 372 1016 2038 228 1017 2039 228 1017 2040 372 1016 2041 373 1018 2042 228 1019 2043 373 1020 2044 374 1021 2045 360 1022 2046 220 1023 2047 375 1024 2048 375 1024 2049 220 1023 2050 374 1025 2051 375 1026 2052 374 1027 2053 376 1026 2054 376 1028 2055 374 1029 2056 373 1030 2057 215 1031 2058 233 1031 2059 377 1031 2060 377 1032 2061 378 1033 2062 215 1034 2063 215 1035 2064 378 1036 2065 379 1036 2066 215 1037 2067 379 1037 2068 216 1037 2069 216 1038 2070 379 1039 2071 380 1040 2072 216 1041 2073 380 1042 2074 230 1043 2075 381 1044 2076 368 1045 2077 382 1046 2078 382 1046 2079 368 1045 2080 230 1047 2081 382 1048 2082 230 1049 2083 383 1050 2084 383 1051 2085 230 1052 2086 380 1053 2087 384 1054 2088 365 1054 2089 364 1055 2090 364 1056 2091 385 1057 2092 384 1058 2093 384 807 2094 385 808 2095 386 809 2096 384 810 2097 386 811 2098 213 812 2099 387 1059 2100 233 1060 2101 388 1061 2102 388 1061 2103 233 1060 2104 389 1062 2105 388 1063 2106 389 1064 2107 390 1065 2108 390 1065 2109 389 1064 2110 213 1066 2111 390 1067 2112 213 1068 2113 391 1069 2114 391 1070 2115 213 1071 2116 386 1071 2117 392 1072 2118 393 1072 2119 394 1072 2120 394 858 2121 393 856 2122 395 857 2123 392 1073 2124 394 1074 2125 396 1075 2126 396 1076 2127 394 1077 2128 397 1078 2129 396 1079 2130 397 1080 2131 363 1081 2132 363 1082 2133 397 1082 2134 398 1082 2135 398 1083 2136 397 1084 2137 399 1085 2138 398 1086 2139 399 1087 2140 366 1088 2141 366 1089 2142 399 1090 2143 400 1091 2144 400 1091 2145 399 1090 2146 401 1092 2147 400 1093 2148 401 1094 2149 385 1095 2150 385 1095 2151 401 1094 2152 402 1096 2153 385 1097 2154 402 1098 2155 403 1099 2156 403 1100 2157 402 1101 2158 404 1102 2159 403 1103 2160 404 1103 2161 391 1103 2162 391 1104 2163 404 1105 2164 405 853 2165 405 1106 2166 404 1107 2167 406 1108 2168 405 1109 2169 406 1110 2170 407 1111 2171 407 899 2172 406 900 2173 408 901 2174 407 1112 2175 408 1113 2176 377 1114 2177 377 1115 2178 408 1116 2179 378 1117 2180 378 1118 2181 408 1118 2182 409 1118 2183 382 1119 2184 383 1120 2185 410 1121 2186 410 1122 2187 383 1123 2188 380 1124 2189 410 1125 2190 380 1125 2191 409 1125 2192 409 1126 2193 380 1127 2194 379 1128 2195 409 1129 2196 379 1130 2197 378 1131 2198 382 1132 2199 410 1132 2200 381 1132 2201 381 1133 2202 410 1133 2203 411 1133 2204 381 1134 2205 411 1134 2206 412 1134 2207 412 1135 2208 411 1135 2209 413 1135 2210 412 1136 2211 413 1137 2212 414 1138 2213 415 1139 2214 395 1139 2215 393 1139 2216 393 1140 2217 416 1140 2218 415 1140 2219 415 1141 2220 416 1142 2221 376 1143 2222 415 1144 2223 376 1144 2224 413 1144 2225 413 1145 2226 376 1146 2227 417 1147 2228 413 1148 2229 417 1149 2230 414 1150 2231 402 1151 2232 401 399 2233 411 1152 2234 411 1152 2235 401 399 2236 399 399 2237 411 1152 2238 399 399 2239 397 1153 2240 411 1152 2241 410 1154 2242 409 1155 2243 404 399 2244 402 1151 2245 406 1156 2246 406 1156 2247 402 1151 2248 411 1152 2249 406 1156 2250 411 1152 2251 408 1157 2252 408 1157 2253 411 1152 2254 409 1155 2255 415 399 2256 413 1158 2257 395 1159 2258 395 1159 2259 413 1158 2260 411 1152 2261 395 1159 2262 411 1152 2263 394 1160 2264 394 1160 2265 411 1152 2266 397 1153 2267 418 1161 2268 419 1161 2269 420 1161 2270 418 1162 2271 420 1162 2272 421 1162 2273 421 1163 2274 420 1164 2275 422 1163 2276 421 1163 2277 422 1163 2278 423 1165 2279 423 1166 2280 422 1167 2281 424 1168 2282 423 1166 2283 424 1168 2284 425 1169 2285 425 1170 2286 424 1171 2287 426 1170 2288 425 1170 2289 426 1170 2290 427 1172 2291 427 1173 2292 426 1174 2293 428 1173 2294 427 1173 2295 428 1173 2296 429 1175 2297 419 1176 2298 418 1177 2299 430 1178 2300 419 1176 2301 430 1178 2302 431 1179 2303 431 1180 2304 430 1181 2305 432 1182 2306 431 1180 2307 432 1182 2308 433 1183 2309 434 1184 2310 428 1185 2311 435 1186 2312 435 1186 2313 428 1185 2314 426 1187 2315 435 1188 2316 426 1189 2317 424 1190 2318 436 1191 2319 437 1192 2320 424 1193 2321 424 1194 2322 437 1194 2323 438 1194 2324 424 1190 2325 438 1195 2326 435 1188 2327 424 1196 2328 422 1196 2329 436 1196 2330 436 1197 2331 422 1198 2332 420 1199 2333 436 1197 2334 420 1199 2335 439 1200 2336 439 1201 2337 420 1201 2338 440 1201 2339 439 1202 2340 440 1203 2341 441 1202 2342 429 1204 2343 428 1205 2344 442 1205 2345 442 1205 2346 428 1205 2347 443 1206 2348 442 1207 2349 443 1208 2350 444 1209 2351 444 1209 2352 443 1208 2353 445 1210 2354 444 1211 2355 445 1212 2356 446 1213 2357 446 1213 2358 445 1212 2359 447 1214 2360 446 1215 2361 447 1216 2362 448 1217 2363 448 1217 2364 447 1216 2365 449 1218 2366 448 1219 2367 449 1220 2368 450 1221 2369 450 1221 2370 449 1220 2371 451 1222 2372 450 1223 2373 451 1224 2374 452 1225 2375 452 1225 2376 451 1224 2377 453 1226 2378 452 1227 2379 453 1228 2380 454 1229 2381 454 1229 2382 453 1228 2383 455 1230 2384 454 1231 2385 455 1232 2386 456 1233 2387 456 1233 2388 455 1232 2389 457 1234 2390 456 1235 2391 457 1236 2392 458 1237 2393 458 1237 2394 457 1236 2395 459 1238 2396 458 1239 2397 459 1240 2398 460 1241 2399 460 1241 2400 459 1240 2401 461 1242 2402 460 1243 2403 461 1244 2404 462 1245 2405 462 1245 2406 461 1244 2407 463 1246 2408 462 1247 2409 463 1248 2410 464 1249 2411 463 1248 2412 465 1250 2413 464 1249 2414 464 1251 2415 465 1252 2416 466 1253 2417 464 1254 2418 466 1255 2419 467 1256 2420 467 1256 2421 466 1255 2422 468 1257 2423 468 1258 2424 469 1259 2425 467 1260 2426 467 1261 2427 469 1262 2428 470 1263 2429 467 1261 2430 470 1263 2431 471 1264 2432 471 1265 2433 470 1266 2434 472 1267 2435 471 1265 2436 472 1267 2437 473 1268 2438 473 1269 2439 472 1270 2440 474 1271 2441 473 1269 2442 474 1271 2443 475 1272 2444 475 1273 2445 474 1274 2446 476 1275 2447 475 1273 2448 476 1275 2449 477 1276 2450 477 1277 2451 476 1278 2452 478 1279 2453 477 1280 2454 478 1281 2455 479 1282 2456 479 1282 2457 478 1281 2458 480 1283 2459 479 1284 2460 480 1285 2461 481 1286 2462 481 1286 2463 480 1285 2464 482 1287 2465 481 1288 2466 482 1289 2467 483 1289 2468 483 1289 2469 482 1289 2470 484 1290 2471 483 1291 2472 484 1292 2473 485 1293 2474 485 1293 2475 484 1292 2476 486 1294 2477 485 1295 2478 486 1296 2479 487 1296 2480 487 1296 2481 486 1296 2482 488 1297 2483 487 1298 2484 488 1299 2485 489 1300 2486 489 1300 2487 488 1299 2488 490 1301 2489 489 1302 2490 490 1303 2491 491 1304 2492 491 1304 2493 490 1303 2494 492 1305 2495 491 1306 2496 492 1307 2497 493 1308 2498 493 1308 2499 492 1307 2500 494 1309 2501 493 1310 2502 494 1311 2503 495 1311 2504 495 1311 2505 494 1311 2506 496 1312 2507 427 1313 2508 429 1314 2509 497 1315 2510 497 1315 2511 498 1316 2512 427 1313 2513 427 1317 2514 498 1318 2515 499 1319 2516 427 1317 2517 499 1319 2518 425 1320 2519 425 1321 2520 499 1322 2521 500 1323 2522 425 1321 2523 500 1323 2524 423 1324 2525 423 1325 2526 500 1326 2527 501 1327 2528 423 1325 2529 501 1327 2530 421 1328 2531 421 1329 2532 501 1330 2533 502 1331 2534 421 1329 2535 502 1331 2536 418 1332 2537 418 1333 2538 503 1334 2539 430 1335 2540 430 1335 2541 503 1334 2542 504 1336 2543 430 1337 2544 504 1338 2545 432 1339 2546 432 1339 2547 504 1338 2548 505 1340 2549 433 1341 2550 506 1342 2551 431 1343 2552 431 1343 2553 506 1342 2554 507 1344 2555 431 1345 2556 507 1345 2557 419 1345 2558 419 1346 2559 507 1347 2560 441 1348 2561 508 1349 2562 443 1350 2563 434 1351 2564 434 1351 2565 443 1350 2566 428 1352 2567 509 1353 2568 510 1354 2569 496 1355 2570 496 1355 2571 494 1356 2572 509 1353 2573 509 1357 2574 494 1358 2575 492 1359 2576 509 1360 2577 492 1360 2578 511 1360 2579 492 1361 2580 490 1362 2581 511 1363 2582 511 1364 2583 490 1365 2584 488 1366 2585 511 1367 2586 488 1368 2587 512 1369 2588 488 1370 2589 486 1371 2590 512 1370 2591 512 1372 2592 486 1373 2593 484 1374 2594 512 1375 2595 484 1376 2596 513 1376 2597 484 1377 2598 482 1378 2599 513 1379 2600 513 1380 2601 482 1381 2602 480 1382 2603 513 1383 2604 480 1384 2605 514 1385 2606 480 1386 2607 478 1387 2608 514 1388 2609 514 1389 2610 478 1390 2611 476 1391 2612 514 1392 2613 476 1393 2614 515 1394 2615 476 1395 2616 474 1396 2617 515 1397 2618 515 1398 2619 474 1399 2620 472 1400 2621 515 1398 2622 472 1400 2623 516 1401 2624 516 1402 2625 472 1403 2626 470 1404 2627 516 1402 2628 470 1404 2629 517 1405 2630 517 1406 2631 470 1407 2632 469 1408 2633 517 1406 2634 469 1408 2635 518 1409 2636 469 1410 2637 468 1411 2638 518 1412 2639 518 1413 2640 468 1413 2641 466 1413 2642 518 1414 2643 466 1415 2644 519 1416 2645 466 1417 2646 465 1418 2647 519 1419 2648 519 1420 2649 465 1421 2650 463 1420 2651 519 1422 2652 463 1423 2653 520 1424 2654 520 1425 2655 463 1426 2656 461 1427 2657 520 1425 2658 461 1427 2659 521 1428 2660 521 1428 2661 461 1427 2662 459 1429 2663 521 1430 2664 459 1431 2665 522 1431 2666 459 1432 2667 457 1433 2668 522 1434 2669 522 1435 2670 457 1436 2671 455 1437 2672 522 1438 2673 455 1438 2674 523 1438 2675 455 1439 2676 453 1439 2677 523 1439 2678 523 1440 2679 453 1441 2680 451 1442 2681 523 1443 2682 451 1443 2683 524 1444 2684 451 1445 2685 449 1446 2686 524 1447 2687 524 1448 2688 449 1449 2689 447 1450 2690 524 1451 2691 447 1452 2692 508 1451 2693 508 1453 2694 447 1454 2695 445 1453 2696 508 1455 2697 445 1456 2698 443 1457 2699 525 1458 2700 495 1459 2701 496 1460 2702 496 1460 2703 526 1461 2704 525 1458 2705 525 1462 2706 526 1463 2707 527 1464 2708 525 1465 2709 527 1466 2710 528 1467 2711 528 1467 2712 527 1466 2713 529 1468 2714 529 1469 2715 530 1470 2716 528 1471 2717 528 1472 2718 530 1473 2719 531 1474 2720 528 1472 2721 531 1474 2722 532 1475 2723 532 1476 2724 531 1477 2725 533 1478 2726 532 1476 2727 533 1478 2728 534 1479 2729 534 1480 2730 533 1480 2731 535 1480 2732 534 1481 2733 535 1481 2734 536 1481 2735 537 1482 2736 493 1483 2737 538 1484 2738 538 1484 2739 493 1483 2740 495 1485 2741 539 1486 2742 497 1487 2743 429 1488 2744 429 1488 2745 442 1489 2746 539 1486 2747 539 1490 2748 442 1491 2749 444 1492 2750 539 1493 2751 444 1494 2752 540 1495 2753 444 1496 2754 541 1497 2755 540 1498 2756 540 1499 2757 541 1500 2758 448 1501 2759 540 1502 2760 448 1503 2761 542 1504 2762 448 1505 2763 543 1506 2764 542 1507 2765 542 1508 2766 543 1509 2767 452 1510 2768 542 1511 2769 452 1511 2770 544 1511 2771 452 1512 2772 454 1512 2773 544 1512 2774 544 1513 2775 454 1514 2776 456 1515 2777 544 1516 2778 456 1517 2779 545 1518 2780 545 1519 2781 456 1520 2782 458 1519 2783 545 1521 2784 458 1522 2785 546 1523 2786 458 1522 2787 460 1524 2788 546 1523 2789 546 1523 2790 460 1524 2791 462 1525 2792 546 1526 2793 462 1527 2794 547 1528 2795 462 1529 2796 464 1530 2797 547 1531 2798 547 1532 2799 464 1533 2800 467 1534 2801 547 1532 2802 467 1534 2803 548 1535 2804 548 1536 2805 467 1537 2806 471 1538 2807 548 1536 2808 471 1538 2809 549 1539 2810 549 1540 2811 471 1541 2812 473 1542 2813 549 1540 2814 473 1542 2815 550 1543 2816 550 1544 2817 473 1545 2818 475 1546 2819 550 1544 2820 475 1546 2821 551 1547 2822 551 1548 2823 475 1549 2824 477 1550 2825 551 1548 2826 477 1550 2827 552 1551 2828 552 1552 2829 477 1553 2830 553 1554 2831 553 1555 2832 477 1556 2833 479 1556 2834 553 1557 2835 479 1558 2836 554 1559 2837 554 1560 2838 479 1561 2839 481 1562 2840 554 1563 2841 481 1564 2842 555 1565 2843 481 1566 2844 483 1566 2845 555 1566 2846 555 1567 2847 483 1567 2848 485 1567 2849 555 1568 2850 485 1569 2851 556 1568 2852 485 1570 2853 487 1571 2854 556 1572 2855 556 1573 2856 487 1574 2857 489 1575 2858 556 1576 2859 489 1577 2860 537 1578 2861 537 1579 2862 489 1579 2863 491 1579 2864 537 1580 2865 491 1581 2866 493 1582 2867 557 1583 2868 535 1584 2869 558 1585 2870 559 1586 2871 560 1587 2872 561 1588 2873 561 1589 2874 560 1590 2875 557 1591 2876 561 1592 2877 557 1593 2878 562 1594 2879 562 1595 2880 557 1583 2881 558 1585 2882 558 1596 2883 535 1597 2884 533 1598 2885 558 1596 2886 533 1598 2887 563 1599 2888 563 1600 2889 533 1601 2890 531 1602 2891 563 1600 2892 531 1602 2893 564 1603 2894 564 1604 2895 531 1605 2896 530 1606 2897 564 1607 2898 530 1608 2899 565 1609 2900 496 1610 2901 510 1611 2902 526 1612 2903 526 1612 2904 510 1611 2905 566 1613 2906 526 1614 2907 566 1615 2908 527 1616 2909 527 1617 2910 566 1618 2911 565 1619 2912 527 1620 2913 565 1621 2914 529 1622 2915 529 1623 2916 565 1624 2917 530 1625 2918 567 1626 2919 568 1626 2920 569 1626 2921 567 1627 2922 569 1628 2923 570 1629 2924 570 1630 2925 569 1630 2926 571 1630 2927 570 1631 2928 571 1632 2929 572 1633 2930 572 1634 2931 571 1635 2932 573 1636 2933 573 1637 2934 571 1638 2935 574 1639 2936 573 1640 2937 574 1641 2938 575 1642 2939 575 1643 2940 574 1644 2941 576 1645 2942 576 1646 2943 574 1646 2944 577 1646 2945 576 1647 2946 577 1648 2947 578 1649 2948 578 1650 2949 577 1651 2950 579 1652 2951 579 1653 2952 577 1654 2953 580 1655 2954 579 1656 2955 580 1657 2956 581 1658 2957 581 1659 2958 580 1659 2959 582 1659 2960 581 1660 2961 582 1660 2962 583 1660 2963 583 1661 2964 582 1661 2965 584 1661 2966 583 1662 2967 584 1662 2968 585 1662 2969 585 1663 2970 584 1664 2971 586 1665 2972 586 1665 2973 584 1664 2974 587 1666 2975 586 1667 2976 587 1668 2977 588 1668 2978 588 1668 2979 587 1668 2980 589 1667 2981 588 1669 2982 589 1670 2983 590 1671 2984 590 1671 2985 589 1670 2986 591 1672 2987 590 467 2988 591 467 2989 592 467 2990 592 467 2991 591 467 2992 593 467 2993 592 1673 2994 593 1674 2995 594 1675 2996 594 1675 2997 593 1674 2998 595 1676 2999 594 1677 3000 595 1678 3001 596 1679 3002 596 1679 3003 595 1678 3004 597 1680 3005 596 1681 3006 597 1682 3007 567 1683 3008 567 1683 3009 597 1682 3010 568 1684 3011 598 1685 3012 599 1686 3013 600 1687 3014 600 1687 3015 601 1688 3016 598 1685 3017 598 1689 3018 601 1690 3019 602 1691 3020 598 1692 3021 602 1693 3022 603 1694 3023 603 1695 3024 602 1695 3025 604 1695 3026 603 1696 3027 604 1696 3028 605 1696 3029 605 1697 3030 604 1697 3031 606 1697 3032 605 1698 3033 606 1699 3034 607 1700 3035 607 1701 3036 606 1702 3037 608 1703 3038 607 1704 3039 608 1705 3040 609 1706 3041 609 1707 3042 608 1708 3043 610 1709 3044 609 1710 3045 610 1711 3046 611 1712 3047 611 1713 3048 610 1713 3049 612 1713 3050 611 1714 3051 612 1714 3052 613 1714 3053 614 1715 3054 615 1715 3055 612 1715 3056 612 1716 3057 616 1716 3058 614 1716 3059 614 1717 3060 616 1718 3061 617 1719 3062 614 1717 3063 617 1719 3064 618 1720 3065 618 1721 3066 617 1722 3067 619 1723 3068 618 1721 3069 619 1723 3070 620 1724 3071 620 1725 3072 619 1726 3073 621 1727 3074 620 1725 3075 621 1727 3076 622 1728 3077 622 1729 3078 621 1730 3079 623 1731 3080 622 1729 3081 623 1731 3082 624 1732 3083 624 1733 3084 623 1734 3085 625 1735 3086 624 1736 3087 625 1737 3088 626 1738 3089 626 1739 3090 625 1740 3091 600 1741 3092 626 1742 3093 600 1742 3094 627 1742 3095 628 1743 3096 629 1744 3097 630 1745 3098 628 1743 3099 630 1745 3100 631 1746 3101 631 1747 3102 630 1748 3103 632 1749 3104 631 1750 3105 632 1750 3106 633 1750 3107 633 1751 3108 632 1752 3109 634 1753 3110 633 1751 3111 634 1753 3112 635 1754 3113 635 1755 3114 634 1756 3115 636 1757 3116 635 1758 3117 636 1758 3118 637 1758 3119 637 1759 3120 636 1760 3121 638 1761 3122 637 1762 3123 638 1763 3124 639 1764 3125 639 1765 3126 638 1766 3127 640 1767 3128 639 1768 3129 640 1768 3130 641 1768 3131 641 1769 3132 640 1769 3133 642 1769 3134 641 1770 3135 642 1771 3136 643 1772 3137 644 1773 3138 629 1773 3139 645 1773 3140 645 1774 3141 646 1775 3142 644 1776 3143 644 1777 3144 646 1778 3145 647 1779 3146 644 1777 3147 647 1779 3148 648 1780 3149 648 1781 3150 647 1782 3151 649 1783 3152 648 1781 3153 649 1783 3154 650 1784 3155 650 1785 3156 649 1786 3157 651 1787 3158 650 1788 3159 651 1789 3160 652 1790 3161 652 1791 3162 651 1791 3163 653 1791 3164 652 1792 3165 653 1793 3166 654 1794 3167 654 1795 3168 653 1795 3169 655 1795 3170 654 1796 3171 655 1797 3172 656 1798 3173 656 1799 3174 655 1800 3175 643 1801 3176 656 1799 3177 643 1801 3178 642 1802 3179 657 1803 3180 658 1803 3181 659 1803 3182 657 1804 3183 659 1804 3184 660 1804 3185 660 1805 3186 659 1805 3187 661 1805 3188 660 1806 3189 661 1806 3190 662 1806 3191 662 1807 3192 661 1808 3193 663 1809 3194 662 1807 3195 663 1809 3196 664 1810 3197 664 1811 3198 663 1811 3199 665 1811 3200 664 1812 3201 665 1813 3202 666 1814 3203 666 1815 3204 665 1816 3205 667 1817 3206 666 1818 3207 667 1818 3208 668 1818 3209 668 1819 3210 667 1819 3211 669 1819 3212 668 1820 3213 669 1821 3214 670 1822 3215 670 1823 3216 669 1824 3217 671 1825 3218 670 1826 3219 671 1827 3220 672 1828 3221 673 1829 3222 658 1830 3223 657 1831 3224 657 1831 3225 674 1832 3226 673 1829 3227 673 1833 3228 674 1834 3229 675 1835 3230 673 1833 3231 675 1835 3232 676 1836 3233 676 1837 3234 675 1838 3235 677 1839 3236 676 1837 3237 677 1839 3238 678 1840 3239 678 1841 3240 677 1841 3241 679 1841 3242 678 1842 3243 679 1842 3244 680 1842 3245 680 1843 3246 679 1843 3247 681 1843 3248 680 1844 3249 681 1844 3250 682 1844 3251 682 1845 3252 681 1845 3253 683 1845 3254 682 1846 3255 683 1847 3256 684 1848 3257 684 1849 3258 683 1850 3259 685 1851 3260 684 1849 3261 685 1851 3262 686 1852 3263 687 1853 3264 688 1854 3265 689 1855 3266 689 1856 3267 688 1856 3268 690 1856 3269 689 1857 3270 690 1858 3271 691 1859 3272 691 1859 3273 690 1858 3274 692 1860 3275 691 1861 3276 692 1862 3277 693 1863 3278 693 1863 3279 692 1862 3280 694 1864 3281 693 1865 3282 694 1866 3283 695 1867 3284 695 1867 3285 694 1866 3286 696 1868 3287 695 1869 3288 696 1870 3289 697 1871 3290 697 1871 3291 696 1870 3292 698 1872 3293 697 1873 3294 698 1874 3295 699 1875 3296 699 1875 3297 698 1874 3298 700 1876 3299 699 1877 3300 700 1878 3301 701 1879 3302 701 1879 3303 700 1878 3304 702 1880 3305 701 1881 3306 702 1882 3307 703 1883 3308 701 1881 3309 703 1883 3310 704 1884 3311 704 1885 3312 703 1885 3313 705 1885 3314 704 1886 3315 705 1887 3316 706 1888 3317 706 1889 3318 705 1890 3319 707 1891 3320 706 1889 3321 707 1891 3322 708 1892 3323 708 1893 3324 707 1894 3325 709 1895 3326 708 1893 3327 709 1895 3328 710 1896 3329 710 1897 3330 709 1898 3331 711 1899 3332 710 1897 3333 711 1899 3334 712 1900 3335 712 1901 3336 711 1902 3337 713 1903 3338 712 1901 3339 713 1903 3340 714 1904 3341 714 1905 3342 713 1906 3343 688 1907 3344 714 1905 3345 688 1907 3346 715 1908 3347 716 1626 3348 717 1626 3349 718 1626 3350 716 1909 3351 718 1910 3352 719 1911 3353 719 1912 3354 718 1912 3355 720 1912 3356 719 1913 3357 720 1914 3358 721 1915 3359 721 1916 3360 720 1917 3361 722 1918 3362 722 1919 3363 720 1920 3364 723 1921 3365 722 1922 3366 723 1923 3367 724 1924 3368 724 1925 3369 723 1926 3370 725 1927 3371 725 1928 3372 723 1928 3373 726 1928 3374 725 1929 3375 726 1930 3376 727 1931 3377 727 1932 3378 726 1933 3379 728 1934 3380 728 1935 3381 726 1936 3382 729 1937 3383 728 1938 3384 729 1939 3385 730 1940 3386 730 1941 3387 729 1941 3388 731 1941 3389 730 1942 3390 731 1943 3391 732 1944 3392 732 1945 3393 731 1945 3394 733 1945 3395 732 1946 3396 733 1946 3397 734 1946 3398 734 1947 3399 733 1948 3400 735 1949 3401 735 1949 3402 733 1948 3403 736 1950 3404 735 1951 3405 736 1952 3406 737 1953 3407 737 1953 3408 736 1952 3409 738 1954 3410 737 1955 3411 738 1956 3412 739 1957 3413 739 1957 3414 738 1956 3415 740 1958 3416 739 467 3417 740 467 3418 741 467 3419 741 467 3420 740 467 3421 742 467 3422 741 1959 3423 742 1960 3424 743 1961 3425 743 1961 3426 742 1960 3427 744 1962 3428 743 1963 3429 744 1964 3430 745 1965 3431 745 1965 3432 744 1964 3433 746 1966 3434 745 1967 3435 746 1968 3436 716 1969 3437 716 1969 3438 746 1968 3439 717 1970 3440 747 1971 3441 748 1972 3442 749 1973 3443 747 1971 3444 749 1973 3445 750 1974 3446 750 1975 3447 749 1976 3448 751 1977 3449 750 1975 3450 751 1977 3451 752 1978 3452 752 1979 3453 751 1980 3454 753 1981 3455 752 1979 3456 753 1981 3457 754 1982 3458 755 1983 3459 756 1984 3460 757 1983 3461 757 1985 3462 756 1985 3463 758 1985 3464 757 1986 3465 758 1987 3466 759 1988 3467 759 1988 3468 758 1987 3469 760 1989 3470 759 1990 3471 760 1991 3472 761 1992 3473 761 1992 3474 760 1991 3475 762 1993 3476 761 1994 3477 762 1995 3478 763 1996 3479 763 1996 3480 762 1995 3481 764 1997 3482 763 1998 3483 764 1999 3484 765 2000 3485 765 2000 3486 764 1999 3487 766 2001 3488 765 2002 3489 766 2003 3490 767 2004 3491 767 2004 3492 766 2003 3493 768 2005 3494 767 2006 3495 768 2007 3496 753 2008 3497 753 2008 3498 768 2007 3499 754 2009 3500 756 2010 3501 769 2011 3502 770 2012 3503 756 2010 3504 770 2012 3505 771 2013 3506 771 2014 3507 770 2015 3508 772 2016 3509 771 2014 3510 772 2016 3511 773 2017 3512 773 2018 3513 772 2019 3514 774 2020 3515 773 2018 3516 774 2020 3517 775 2021 3518 775 2022 3519 774 2023 3520 776 2024 3521 776 2024 3522 774 2023 3523 777 2025 3524 778 2026 3525 779 2027 3526 780 2028 3527 780 2028 3528 779 2027 3529 781 2029 3530 780 2030 3531 781 2031 3532 782 2032 3533 782 2032 3534 781 2031 3535 783 2033 3536 782 2034 3537 783 2035 3538 784 2036 3539 784 2036 3540 783 2035 3541 785 2037 3542 784 2038 3543 785 2039 3544 777 2040 3545 777 2040 3546 785 2039 3547 776 2041 3548 786 2042 3549 787 2043 3550 788 2044 3551 788 2044 3552 787 2043 3553 789 2045 3554 788 2046 3555 789 2047 3556 790 2048 3557 790 2048 3558 789 2047 3559 791 2049 3560 790 2050 3561 791 2051 3562 792 2052 3563 792 2052 3564 791 2051 3565 793 2053 3566 792 2054 3567 793 2054 3568 794 2055 3569 794 2056 3570 793 2057 3571 779 2056 3572 795 2058 3573 796 2059 3574 797 2060 3575 797 2060 3576 796 2059 3577 798 2061 3578 799 2062 3579 787 2063 3580 786 2064 3581 786 2064 3582 800 2065 3583 799 2062 3584 799 2066 3585 800 2067 3586 801 2068 3587 799 2069 3588 801 2070 3589 802 2071 3590 801 2072 3591 803 2073 3592 802 2074 3593 802 2075 3594 803 2076 3595 804 2077 3596 802 2078 3597 804 2079 3598 805 2080 3599 804 2081 3600 806 2082 3601 805 2083 3602 805 2084 3603 806 2085 3604 807 2086 3605 805 2087 3606 807 2088 3607 808 2089 3608 807 2090 3609 809 2091 3610 808 2092 3611 808 2093 3612 809 2094 3613 810 2095 3614 808 2096 3615 810 2097 3616 811 2098 3617 811 2099 3618 810 2100 3619 812 2101 3620 811 2102 3621 812 2103 3622 813 2104 3623 813 2104 3624 812 2103 3625 814 2105 3626 813 2106 3627 814 2107 3628 815 2108 3629 814 2107 3630 816 2109 3631 815 2108 3632 815 2110 3633 816 2111 3634 817 2112 3635 815 2113 3636 817 2114 3637 818 2115 3638 817 2116 3639 819 2117 3640 818 2118 3641 818 2119 3642 819 2120 3643 820 2121 3644 818 2122 3645 820 2123 3646 821 2124 3647 820 2125 3648 822 2126 3649 821 2127 3650 821 2128 3651 822 2129 3652 823 2130 3653 821 2131 3654 823 2131 3655 824 2131 3656 823 2132 3657 825 2132 3658 824 2133 3659 824 2134 3660 825 2135 3661 826 2136 3662 824 2137 3663 826 2138 3664 827 2139 3665 826 2140 3666 828 2141 3667 827 2142 3668 827 2143 3669 828 2144 3670 829 2145 3671 827 2146 3672 829 2147 3673 830 2148 3674 829 2149 3675 831 2150 3676 830 2151 3677 830 2152 3678 831 2153 3679 832 2154 3680 830 2155 3681 832 2155 3682 833 2156 3683 832 2157 3684 834 2158 3685 833 2159 3686 833 2160 3687 834 2161 3688 835 2162 3689 833 2163 3690 835 2164 3691 836 2165 3692 835 2166 3693 837 2166 3694 836 2166 3695 836 2167 3696 837 2167 3697 838 2167 3698 836 2168 3699 838 2168 3700 839 2168 3701 838 2169 3702 840 2169 3703 839 2169 3704 839 2170 3705 840 2171 3706 841 2172 3707 839 2173 3708 841 2174 3709 842 2175 3710 842 2176 3711 841 2177 3712 843 2178 3713 842 2179 3714 843 2180 3715 844 2181 3716 844 2181 3717 843 2180 3718 845 2182 3719 844 2183 3720 845 2184 3721 846 2185 3722 845 2184 3723 847 2186 3724 846 2185 3725 846 2187 3726 847 2187 3727 848 2187 3728 846 2188 3729 848 2189 3730 849 2190 3731 848 2191 3732 850 2191 3733 849 2191 3734 849 2192 3735 850 2192 3736 851 2192 3737 849 2193 3738 851 2193 3739 795 2193 3740 795 2194 3741 851 2194 3742 852 2194 3743 795 2195 3744 852 2196 3745 796 2197 3746 853 2198 3747 854 2199 3748 855 2200 3749 855 2200 3750 854 2199 3751 856 2201 3752 855 2202 3753 856 2203 3754 857 2204 3755 857 2204 3756 856 2203 3757 858 2205 3758 857 2206 3759 858 2207 3760 859 2208 3761 859 2208 3762 858 2207 3763 860 2209 3764 859 2210 3765 860 2211 3766 798 2212 3767 798 2212 3768 860 2211 3769 797 2213 3770 854 2214 3771 853 2215 3772 747 2216 3773 747 2216 3774 853 2215 3775 748 2217 3776 861 2218 3777 862 2219 3778 863 2220 3779 863 2220 3780 862 2219 3781 864 2221 3782 863 2222 3783 864 2223 3784 865 2224 3785 865 2224 3786 864 2223 3787 866 2225 3788 865 2226 3789 866 2227 3790 867 2228 3791 867 2228 3792 866 2227 3793 868 2229 3794 867 2230 3795 868 2231 3796 869 2232 3797 869 2232 3798 868 2231 3799 870 2233 3800 869 2234 3801 870 2235 3802 871 2236 3803 871 2236 3804 870 2235 3805 872 2237 3806 871 2238 3807 872 2239 3808 873 2240 3809 873 2240 3810 872 2239 3811 874 2241 3812 873 2242 3813 874 2243 3814 875 2244 3815 875 2244 3816 874 2243 3817 876 2245 3818 875 2246 3819 876 2247 3820 877 2248 3821 877 2248 3822 876 2247 3823 878 2249 3824 877 2250 3825 878 2251 3826 879 2252 3827 879 2252 3828 878 2251 3829 880 2253 3830 879 2254 3831 880 2255 3832 881 2256 3833 881 2256 3834 880 2255 3835 882 2257 3836 881 2258 3837 882 2259 3838 883 2260 3839 883 2260 3840 882 2259 3841 884 2261 3842 883 2262 3843 884 2263 3844 885 2264 3845 885 2264 3846 884 2263 3847 886 2265 3848 885 2266 3849 886 2267 3850 887 2268 3851 887 2268 3852 886 2267 3853 888 2269 3854 887 2270 3855 888 2271 3856 861 2272 3857 861 2272 3858 888 2271 3859 862 2273 3860 889 2274 3861 890 2275 3862 891 2276 3863 891 2276 3864 892 2277 3865 889 2274 3866 889 2278 3867 892 2279 3868 893 2280 3869 889 2281 3870 893 2281 3871 894 2281 3872 893 2282 3873 895 2282 3874 894 2282 3875 894 2283 3876 895 2283 3877 896 2283 3878 894 2284 3879 896 2285 3880 897 2286 3881 896 2287 3882 898 2288 3883 897 2289 3884 897 2290 3885 898 2291 3886 899 2292 3887 897 2293 3888 899 2294 3889 900 2295 3890 900 2296 3891 899 2297 3892 901 2298 3893 900 2299 3894 901 2300 3895 902 2300 3896 901 2301 3897 903 2302 3898 902 2303 3899 902 2304 3900 903 2304 3901 904 2304 3902 902 2305 3903 904 2305 3904 905 2306 3905 906 2307 3906 907 2308 3907 908 2309 3908 908 2309 3909 907 2308 3910 905 2310 3911 908 2311 3912 905 2312 3913 909 2313 3914 909 2314 3915 905 2315 3916 904 2316 3917 910 2317 3918 907 2318 3919 906 2319 3920 906 2319 3921 911 2320 3922 910 2317 3923 910 2321 3924 911 2322 3925 912 2323 3926 910 2324 3927 912 2324 3928 913 2324 3929 913 2325 3930 912 2326 3931 914 2327 3932 913 2328 3933 914 2329 3934 915 2330 3935 915 2330 3936 914 2329 3937 916 2331 3938 915 2332 3939 916 2333 3940 917 2334 3941 917 2334 3942 916 2333 3943 918 2335 3944 917 2336 3945 918 2336 3946 919 2336 3947 918 2337 3948 920 2338 3949 919 2339 3950 919 2340 3951 920 2341 3952 921 2340 3953 919 2342 3954 921 2343 3955 922 2344 3956 921 2345 3957 923 2345 3958 922 2345 3959 922 2346 3960 923 2347 3961 924 2348 3962 922 2349 3963 924 2350 3964 925 2351 3965 891 2352 3966 890 2353 3967 926 2354 3968 926 2354 3969 890 2353 3970 925 2355 3971 926 2356 3972 925 2357 3973 927 2358 3974 927 2359 3975 925 2360 3976 924 2361 3977 560 2362 3978 928 2363 3979 557 2364 3980 557 2364 3981 928 2363 3982 929 2365 3983 557 2366 3984 929 2367 3985 535 2368 3986 535 2368 3987 929 2367 3988 536 2369 3989 534 2370 3990 930 2371 3991 931 2372 3992 932 2373 3993 538 2374 3994 495 2375 3995 931 2376 3996 933 2376 3997 534 2376 3998 534 2377 3999 933 2378 4000 934 2379 4001 534 2377 4002 934 2379 4003 532 2380 4004 532 2381 4005 934 2382 4006 935 2383 4007 532 2381 4008 935 2383 4009 528 2384 4010 528 2385 4011 935 2386 4012 932 2387 4013 528 2385 4014 932 2387 4015 525 2388 4016 525 2389 4017 932 2373 4018 495 2375 4019 928 2390 4020 936 2391 4021 929 2392 4022 929 2392 4023 936 2391 4024 937 2393 4025 929 2394 4026 937 2395 4027 930 2396 4028 930 2396 4029 937 2395 4030 938 2397 4031 939 2398 4032 940 2399 4033 941 2400 4034 941 2400 4035 940 2399 4036 942 2401 4037 941 2402 4038 942 2403 4039 943 2404 4040 943 2404 4041 942 2403 4042 944 2405 4043 943 2406 4044 944 2407 4045 945 2408 4046 945 2408 4047 944 2407 4048 946 2409 4049 945 2410 4050 946 2411 4051 947 2412 4052 947 2412 4053 946 2411 4054 948 2413 4055 947 2414 4056 948 2415 4057 949 2416 4058 949 2416 4059 948 2415 4060 950 2417 4061 949 2418 4062 950 2419 4063 951 2420 4064 951 2420 4065 950 2419 4066 952 2421 4067 951 2422 4068 952 2423 4069 953 2424 4070 953 2424 4071 952 2423 4072 954 2425 4073 940 2426 4074 939 2427 4075 955 2428 4076 955 2428 4077 939 2427 4078 956 2429 4079 955 2430 4080 956 2431 4081 957 2430 4082 956 2432 4083 572 2432 4084 957 2432 4085 957 2433 4086 572 2433 4087 958 2434 4088 957 2435 4089 958 2436 4090 959 2437 4091 959 2438 4092 958 2439 4093 575 2440 4094 575 2441 4095 960 2442 4096 959 2443 4097 959 2444 4098 960 2445 4099 578 2446 4100 959 2447 4101 578 2448 4102 961 2449 4103 953 2450 4104 954 2451 4105 962 2452 4106 962 2452 4107 954 2451 4108 963 2453 4109 962 2454 4110 963 2454 4111 581 2454 4112 581 2455 4113 963 2455 4114 961 2455 4115 581 2456 4116 961 2457 4117 964 2458 4118 964 2459 4119 961 2460 4120 578 2461 4121 612 2462 4122 965 2463 4123 616 2464 4124 616 2464 4125 965 2463 4126 966 2465 4127 616 2466 4128 966 2467 4129 617 2468 4130 617 2468 4131 966 2467 4132 967 2469 4133 617 2470 4134 967 2471 4135 619 2472 4136 619 2472 4137 967 2471 4138 968 2473 4139 619 2474 4140 968 2475 4141 621 2476 4142 621 2476 4143 968 2475 4144 969 2477 4145 621 2478 4146 969 2479 4147 623 2480 4148 623 2480 4149 969 2479 4150 970 2481 4151 623 2482 4152 970 2483 4153 625 2484 4154 625 2484 4155 970 2483 4156 971 2485 4157 625 2486 4158 971 2487 4159 972 2488 4160 972 2488 4161 971 2487 4162 973 2489 4163 974 2490 4164 973 2491 4165 601 2492 4166 601 2493 4167 973 2493 4168 975 2493 4169 601 2494 4170 975 2495 4171 602 2496 4172 602 2496 4173 975 2495 4174 976 2497 4175 602 2498 4176 976 2499 4177 604 2500 4178 604 2500 4179 976 2499 4180 977 2501 4181 604 2502 4182 977 2503 4183 606 2504 4184 606 2504 4185 977 2503 4186 978 2505 4187 606 2506 4188 978 2507 4189 608 2508 4190 608 2508 4191 978 2507 4192 979 2509 4193 608 2510 4194 979 2511 4195 610 2512 4196 610 2512 4197 979 2511 4198 980 2513 4199 610 2514 4200 980 2515 4201 612 2516 4202 612 2516 4203 980 2515 4204 965 2517 4205 645 2518 4206 981 2519 4207 646 2520 4208 646 2520 4209 981 2519 4210 982 2521 4211 646 2522 4212 982 2523 4213 647 2524 4214 647 2524 4215 982 2523 4216 983 2525 4217 647 2526 4218 983 2527 4219 649 2528 4220 649 2528 4221 983 2527 4222 984 2529 4223 649 2530 4224 984 2531 4225 985 2532 4226 985 2532 4227 984 2531 4228 986 2533 4229 985 2534 4230 986 2535 4231 653 2536 4232 653 2536 4233 986 2535 4234 987 2537 4235 653 2538 4236 987 2539 4237 655 2540 4238 655 2540 4239 987 2539 4240 988 2541 4241 655 2542 4242 988 2543 4243 643 2544 4244 643 2544 4245 988 2543 4246 989 2545 4247 643 2546 4248 989 2547 4249 990 2548 4250 990 2548 4251 989 2547 4252 991 2549 4253 990 2550 4254 991 2551 4255 992 2552 4256 992 2552 4257 991 2551 4258 993 2553 4259 992 2554 4260 993 2555 4261 994 2556 4262 994 2556 4263 993 2555 4264 995 2557 4265 994 2558 4266 995 2559 4267 635 2560 4268 635 2560 4269 995 2559 4270 996 2561 4271 635 2562 4272 996 2563 4273 633 2564 4274 633 2564 4275 996 2563 4276 997 2565 4277 633 2566 4278 997 2567 4279 998 2568 4280 998 2568 4281 997 2567 4282 999 2569 4283 998 2570 4284 999 2571 4285 645 2572 4286 645 2572 4287 999 2571 4288 981 2573 4289 657 2574 4290 1000 2575 4291 674 2576 4292 674 2576 4293 1000 2575 4294 1001 2577 4295 674 2578 4296 1001 2579 4297 675 2580 4298 675 2580 4299 1001 2579 4300 1002 2581 4301 675 2582 4302 1002 2583 4303 677 2584 4304 677 2584 4305 1002 2583 4306 1003 2585 4307 677 2586 4308 1003 2587 4309 1004 2588 4310 1004 2588 4311 1003 2587 4312 1005 2589 4313 1004 2590 4314 1005 2591 4315 1006 2592 4316 1006 2592 4317 1005 2591 4318 1007 2593 4319 1006 2594 4320 1007 2595 4321 683 2596 4322 683 2596 4323 1007 2595 4324 1008 2597 4325 683 2598 4326 1008 2599 4327 685 2600 4328 685 2600 4329 1008 2599 4330 1009 2601 4331 685 2602 4332 1009 2603 4333 1010 2604 4334 1010 2604 4335 1009 2603 4336 1011 2605 4337 1010 2606 4338 1011 2607 4339 1012 2608 4340 1012 2608 4341 1011 2607 4342 1013 2609 4343 1012 2610 4344 1013 2611 4345 1014 2612 4346 1014 2612 4347 1013 2611 4348 1015 2613 4349 1014 2614 4350 1015 2615 4351 664 2616 4352 664 2616 4353 1015 2615 4354 1016 2617 4355 664 2618 4356 1016 2619 4357 662 2620 4358 662 2620 4359 1016 2619 4360 1017 2621 4361 662 2622 4362 1017 2623 4363 1018 2624 4364 1018 2624 4365 1017 2623 4366 1019 2625 4367 1018 2626 4368 1019 2627 4369 657 2628 4370 657 2628 4371 1019 2627 4372 1000 2629 4373 1020 2630 4374 1021 2631 4375 1022 2632 4376 1022 2632 4377 1021 2631 4378 1023 2633 4379 1022 2634 4380 1023 2635 4381 1024 2636 4382 1024 2636 4383 1023 2635 4384 1025 2637 4385 1024 2638 4386 1025 2639 4387 1026 2640 4388 1026 2640 4389 1025 2639 4390 1027 2641 4391 1026 2642 4392 1027 2643 4393 1028 2644 4394 1028 2644 4395 1027 2643 4396 1029 2645 4397 1028 2646 4398 1029 2647 4399 1030 2648 4400 1030 2648 4401 1029 2647 4402 1031 2649 4403 1030 2650 4404 1031 2651 4405 1032 2652 4406 1032 2652 4407 1031 2651 4408 1033 2653 4409 1032 2654 4410 1033 2655 4411 1034 2656 4412 1034 2656 4413 1033 2655 4414 1035 2657 4415 1021 2658 4416 1020 2659 4417 1036 2660 4418 1036 2660 4419 1020 2659 4420 1037 2661 4421 1036 2662 4422 1037 2662 4423 1038 2663 4424 1037 2664 4425 721 2664 4426 1038 2664 4427 1038 2665 4428 721 2666 4429 1039 2667 4430 1038 2668 4431 1039 2668 4432 1040 2668 4433 1040 2669 4434 1039 2670 4435 724 2669 4436 724 2671 4437 1041 2672 4438 1040 2673 4439 1040 2674 4440 1041 2675 4441 727 2676 4442 1040 2677 4443 727 2677 4444 1042 2677 4445 1034 2678 4446 1035 2679 4447 1043 2680 4448 1043 2680 4449 1035 2679 4450 1044 2681 4451 1043 2682 4452 1044 2683 4453 730 2684 4454 730 2685 4455 1044 2685 4456 1042 2685 4457 730 2686 4458 1042 2687 4459 1045 2688 4460 1045 2689 4461 1042 2689 4462 727 2690 4463 701 2691 4464 1046 2692 4465 1047 2693 4466 1047 2693 4467 1046 2692 4468 1048 2694 4469 1047 2695 4470 1048 2696 4471 697 2697 4472 697 2697 4473 1048 2696 4474 1049 2698 4475 697 2699 4476 1049 2700 4477 695 2701 4478 695 2701 4479 1049 2700 4480 1050 2702 4481 695 2703 4482 1050 2704 4483 693 2705 4484 693 2705 4485 1050 2704 4486 1051 2706 4487 693 2707 4488 1051 2708 4489 691 2709 4490 691 2709 4491 1051 2708 4492 1052 2710 4493 691 2711 4494 1052 2712 4495 689 2713 4496 689 2713 4497 1052 2712 4498 1053 2714 4499 689 2715 4500 1053 2715 4501 687 2715 4502 687 2716 4503 1053 2717 4504 1054 2718 4505 715 2719 4506 1055 2720 4507 714 2721 4508 714 2721 4509 1055 2720 4510 1056 2722 4511 714 2723 4512 1056 2724 4513 712 2725 4514 712 2725 4515 1056 2724 4516 1057 2726 4517 712 2727 4518 1057 2728 4519 710 2729 4520 710 2729 4521 1057 2728 4522 1058 2730 4523 710 2731 4524 1058 2732 4525 708 2733 4526 708 2733 4527 1058 2732 4528 1059 2734 4529 708 2735 4530 1059 2736 4531 706 2737 4532 706 2737 4533 1059 2736 4534 1060 2738 4535 706 2739 4536 1060 2740 4537 704 2741 4538 704 2741 4539 1060 2740 4540 1061 2742 4541 704 2743 4542 1061 2744 4543 701 2745 4544 701 2745 4545 1061 2744 4546 1046 2746 4547 1062 2747 4548 1063 2748 4549 1064 2749 4550 1065 2750 4551 1066 2750 4552 1067 2750 4553 1067 2751 4554 1066 2751 4555 1062 2751 4556 1067 2752 4557 1062 2753 4558 1068 2754 4559 1068 2755 4560 1062 2747 4561 1064 2749 4562 1065 2756 4563 1069 2756 4564 1066 2757 4565 1066 2758 4566 1069 2758 4567 1070 2758 4568 1066 2759 4569 1070 2760 4570 1071 2761 4571 1071 2762 4572 1070 2762 4573 1072 2762 4574 1071 2763 4575 1072 2764 4576 1073 2765 4577 1073 2765 4578 1072 2764 4579 1074 2766 4580 1073 2767 4581 1074 2768 4582 1075 2769 4583 1076 2770 4584 1077 2771 4585 1078 2772 4586 1074 2768 4587 1079 2773 4588 1075 2769 4589 1075 2774 4590 1079 2775 4591 1080 2776 4592 1075 2777 4593 1080 2778 4594 1078 2779 4595 1078 2780 4596 1080 2780 4597 1081 2780 4598 1078 2781 4599 1081 2782 4600 1076 2783 4601 1082 2784 4602 1083 2785 4603 1084 2784 4604 1076 2786 4605 1085 2786 4606 1077 2786 4607 1077 2787 4608 1085 2787 4609 1086 2787 4610 1077 2788 4611 1086 2789 4612 1084 2790 4613 1084 2791 4614 1086 2792 4615 1087 2793 4616 1084 2794 4617 1087 2795 4618 1082 2796 4619 1088 2797 4620 1089 2798 4621 1090 2799 4622 1082 2800 4623 1091 2801 4624 1083 2802 4625 1083 2803 4626 1091 2804 4627 1092 2805 4628 1083 2806 4629 1092 2807 4630 1090 2808 4631 1090 2809 4632 1092 2810 4633 1093 2811 4634 1090 2812 4635 1093 2813 4636 1088 2814 4637 1088 2815 4638 1094 2816 4639 1089 2817 4640 1089 2818 4641 1094 2819 4642 1095 2820 4643 1089 2821 4644 1095 2821 4645 1096 2821 4646 1096 2822 4647 1095 2823 4648 1097 2824 4649 1096 2825 4650 1097 2826 4651 1098 2827 4652 1097 2828 4653 1099 2829 4654 1098 2830 4655 1098 2831 4656 1099 2832 4657 1100 2833 4658 1098 2834 4659 1100 2835 4660 1101 2836 4661 1100 2837 4662 1102 2838 4663 1101 2839 4664 1101 2840 4665 1102 2841 4666 1103 2842 4667 1101 2843 4668 1103 2844 4669 1104 2845 4670 1104 2845 4671 1103 2844 4672 1105 2846 4673 1104 2847 4674 1105 2848 4675 1106 2849 4676 1106 2849 4677 1105 2848 4678 1107 2850 4679 1106 2851 4680 1107 2852 4681 1108 2853 4682 1107 2854 4683 1109 2855 4684 1108 2856 4685 1108 2857 4686 1109 2858 4687 1110 2859 4688 1108 2860 4689 1110 2861 4690 1111 2862 4691 1110 2863 4692 1112 2864 4693 1111 2865 4694 1111 2866 4695 1112 2867 4696 1113 2868 4697 1111 2869 4698 1113 2870 4699 1114 2871 4700 1113 2872 4701 1115 2873 4702 1114 2874 4703 1114 2875 4704 1115 2876 4705 1116 2877 4706 1114 2878 4707 1116 2878 4708 1117 2879 4709 1118 2880 4710 1119 2881 4711 1120 2882 4712 1120 2882 4713 1119 2881 4714 1117 2883 4715 1120 2884 4716 1117 2885 4717 1121 2886 4718 1121 2887 4719 1117 2888 4720 1116 2889 4721 1064 2890 4722 1063 2891 4723 1122 2892 4724 1122 2892 4725 1063 2891 4726 1123 2893 4727 1122 2894 4728 1123 2895 4729 1124 2896 4730 1124 2896 4731 1123 2895 4732 1125 2897 4733 1124 2898 4734 1125 2899 4735 1126 2900 4736 1126 2900 4737 1125 2899 4738 1127 2901 4739 1126 2902 4740 1127 2903 4741 1128 2904 4742 1128 2904 4743 1127 2903 4744 1129 2905 4745 1128 2906 4746 1129 2907 4747 1130 2908 4748 1130 2908 4749 1129 2907 4750 1131 2909 4751 1132 2910 4752 1133 2911 4753 1134 2912 4754 1132 2910 4755 1134 2912 4756 1135 2913 4757 1135 2914 4758 1134 2915 4759 1136 2916 4760 1135 2914 4761 1136 2916 4762 1137 2917 4763 1137 2918 4764 1136 2919 4765 1130 2920 4766 1137 2918 4767 1130 2920 4768 1131 2921 4769 1133 2922 4770 1132 2923 4771 1138 2924 4772 1138 2924 4773 1132 2923 4774 1139 2925 4775 1138 2926 4776 1139 2927 4777 1140 2928 4778 1140 2928 4779 1139 2927 4780 1141 2929 4781 1140 2930 4782 1141 2931 4783 1142 2932 4784 1142 2932 4785 1141 2931 4786 1143 2933 4787 1142 2934 4788 1143 2935 4789 1144 2936 4790 1144 2936 4791 1143 2935 4792 1145 2937 4793 1144 2938 4794 1145 2939 4795 1146 2940 4796 1146 2940 4797 1145 2939 4798 1147 2941 4799 1146 2942 4800 1147 2943 4801 1148 2944 4802 1148 2944 4803 1147 2943 4804 1149 2945 4805 1148 2946 4806 1149 2947 4807 1150 2948 4808 1150 2948 4809 1149 2947 4810 1151 2949 4811 1152 2950 4812 1153 2951 4813 1154 2952 4814 1152 2950 4815 1154 2952 4816 1155 2953 4817 1155 2954 4818 1154 2955 4819 1156 2956 4820 1155 2954 4821 1156 2956 4822 1157 2957 4823 1157 2958 4824 1156 2959 4825 1150 2960 4826 1157 2958 4827 1150 2960 4828 1151 2961 4829 1153 2962 4830 1152 2963 4831 1158 2964 4832 1158 2964 4833 1152 2963 4834 1159 2965 4835 1158 2966 4836 1159 2967 4837 1160 2968 4838 1160 2968 4839 1159 2967 4840 1161 2969 4841 1160 2970 4842 1161 2971 4843 1162 2972 4844 1162 2972 4845 1161 2971 4846 1163 2973 4847 1162 2974 4848 1163 2975 4849 1164 2976 4850 1164 2976 4851 1163 2975 4852 1165 2977 4853 1164 2978 4854 1165 2978 4855 1166 2978 4856 1166 2979 4857 1165 2980 4858 1167 2979 4859 1166 2981 4860 1168 2982 4861 1169 2983 4862 1169 2983 4863 1168 2982 4864 1170 2984 4865 1169 2985 4866 1170 2986 4867 1171 2987 4868 1171 2987 4869 1170 2986 4870 1172 2988 4871 1171 2989 4872 1172 2990 4873 1173 2991 4874 1173 2991 4875 1172 2990 4876 1174 2992 4877 1173 2993 4878 1174 2994 4879 1118 2995 4880 1118 2995 4881 1174 2994 4882 1119 2996 4883 748 2997 4884 1130 2998 4885 1136 2999 4886 748 2997 4887 1136 2999 4888 749 3000 4889 749 3001 4890 1136 3002 4891 1134 3003 4892 749 3001 4893 1134 3003 4894 751 3004 4895 751 3005 4896 1134 3006 4897 1133 3007 4898 751 3005 4899 1133 3007 4900 753 3008 4901 753 3009 4902 1133 3010 4903 1138 3011 4904 753 3009 4905 1138 3011 4906 767 3012 4907 767 3013 4908 1138 3014 4909 1140 3015 4910 767 3013 4911 1140 3015 4912 765 3016 4913 765 3017 4914 1140 3018 4915 1142 3019 4916 765 3017 4917 1142 3019 4918 763 3020 4919 763 3021 4920 1142 3022 4921 1144 3023 4922 763 3021 4923 1144 3023 4924 761 3024 4925 761 3025 4926 1144 3026 4927 1146 3027 4928 761 3025 4929 1146 3027 4930 759 3028 4931 759 3029 4932 1146 3030 4933 1148 3031 4934 759 3029 4935 1148 3031 4936 757 3032 4937 757 3033 4938 1148 3033 4939 1150 3033 4940 757 3034 4941 1150 3034 4942 769 3034 4943 1153 3035 4944 774 3036 4945 772 3037 4946 1153 3035 4947 772 3037 4948 1154 3038 4949 1154 3039 4950 772 3040 4951 770 3041 4952 1154 3039 4953 770 3041 4954 1156 3042 4955 1156 3043 4956 770 3044 4957 769 3045 4958 1156 3043 4959 769 3045 4960 1150 3046 4961 774 3047 4962 1153 3048 4963 777 3049 4964 777 3049 4965 1153 3048 4966 1158 3050 4967 777 3051 4968 1158 3052 4969 1160 3053 4970 777 3051 4971 1160 3053 4972 784 3054 4973 784 3055 4974 1160 3056 4975 1162 3057 4976 784 3055 4977 1162 3057 4978 782 3058 4979 782 3059 4980 1162 3060 4981 1164 3061 4982 782 3059 4983 1164 3061 4984 780 3062 4985 780 3063 4986 1164 3063 4987 1166 3063 4988 780 3064 4989 1166 3065 4990 794 3066 4991 1118 3067 4992 786 3068 4993 788 3069 4994 1118 3067 4995 788 3069 4996 1173 3070 4997 1173 3071 4998 788 3072 4999 790 3073 5000 1173 3071 5001 790 3073 5002 1171 3074 5003 1171 3075 5004 790 3076 5005 792 3077 5006 1171 3075 5007 792 3077 5008 1169 3078 5009 1169 3079 5010 792 3080 5011 794 3081 5012 1169 3079 5013 794 3081 5014 1166 3082 5015 1074 3083 5016 845 3084 5017 1079 3085 5018 1079 3085 5019 845 3084 5020 843 3086 5021 1079 3087 5022 843 3088 5023 1080 3089 5024 1080 3089 5025 843 3088 5026 841 3090 5027 1080 3091 5028 841 3092 5029 1081 3093 5030 1081 3093 5031 841 3092 5032 840 3094 5033 1081 3095 5034 840 3096 5035 1076 3097 5036 1076 3097 5037 840 3096 5038 838 3098 5039 1076 3099 5040 838 3100 5041 1085 3101 5042 1085 3101 5043 838 3100 5044 837 3102 5045 1085 3103 5046 837 3104 5047 1086 3105 5048 1086 3105 5049 837 3104 5050 835 3106 5051 1086 3107 5052 835 3108 5053 1087 3109 5054 1087 3109 5055 835 3108 5056 834 3110 5057 1087 3111 5058 834 3112 5059 1082 3113 5060 1082 3113 5061 834 3112 5062 832 3114 5063 1082 3115 5064 832 3116 5065 1091 3117 5066 1091 3117 5067 832 3116 5068 831 3118 5069 1091 3119 5070 831 3120 5071 1092 3121 5072 1092 3121 5073 831 3120 5074 829 3122 5075 1092 3123 5076 829 3124 5077 1093 3125 5078 1093 3125 5079 829 3124 5080 828 3126 5081 1093 3127 5082 828 3128 5083 1088 3129 5084 1088 3129 5085 828 3128 5086 826 3130 5087 1088 3131 5088 826 3132 5089 1094 3133 5090 1094 3133 5091 826 3132 5092 825 3134 5093 1094 3135 5094 825 3136 5095 1095 3137 5096 1095 3137 5097 825 3136 5098 823 3138 5099 1095 3139 5100 823 3140 5101 1097 3141 5102 1097 3141 5103 823 3140 5104 822 3142 5105 1097 3143 5106 822 3143 5107 1099 3143 5108 1099 3143 5109 822 3143 5110 820 3143 5111 1099 3144 5112 820 3145 5113 1100 3146 5114 1100 3146 5115 820 3145 5116 819 3147 5117 1100 3148 5118 819 3149 5119 1102 3149 5120 1102 3149 5121 819 3149 5122 817 3148 5123 1102 3150 5124 817 3151 5125 1103 3152 5126 1103 3152 5127 817 3151 5128 816 3153 5129 1103 3154 5130 816 3155 5131 1105 3156 5132 1105 3156 5133 816 3155 5134 814 3157 5135 1105 3158 5136 814 3159 5137 1107 3160 5138 1107 3160 5139 814 3159 5140 812 3161 5141 1107 3162 5142 812 3163 5143 1109 3164 5144 1109 3164 5145 812 3163 5146 810 3165 5147 1109 3166 5148 810 3167 5149 1110 3168 5150 1110 3168 5151 810 3167 5152 809 3169 5153 1110 3170 5154 809 3171 5155 1112 3172 5156 1112 3172 5157 809 3171 5158 807 3173 5159 1112 3174 5160 807 3175 5161 1113 3176 5162 1113 3176 5163 807 3175 5164 806 3177 5165 1113 3178 5166 806 3179 5167 1115 3180 5168 1115 3180 5169 806 3179 5170 804 3181 5171 1115 3182 5172 804 3183 5173 1116 3184 5174 1116 3184 5175 804 3183 5176 803 3185 5177 1116 3186 5178 803 3187 5179 1121 3188 5180 1121 3188 5181 803 3187 5182 801 3189 5183 1121 3190 5184 801 3191 5185 1120 3192 5186 1120 3192 5187 801 3191 5188 800 3193 5189 1120 3194 5190 800 3195 5191 1118 3196 5192 1118 3196 5193 800 3195 5194 786 3197 5195 1064 3198 5196 798 3199 5197 1068 3200 5198 1068 3200 5199 798 3199 5200 796 3201 5201 1068 3202 5202 796 3203 5203 1067 3204 5204 1067 3204 5205 796 3203 5206 852 3205 5207 1067 3206 5208 852 3207 5209 1065 3208 5210 1065 3208 5211 852 3207 5212 851 3209 5213 1065 3210 5214 851 3211 5215 1069 3212 5216 1069 3212 5217 851 3211 5218 850 3213 5219 1069 3214 5220 850 3215 5221 1070 3216 5222 1070 3216 5223 850 3215 5224 848 3217 5225 1070 3218 5226 848 3219 5227 1072 3220 5228 1072 3220 5229 848 3219 5230 847 3221 5231 1072 3222 5232 847 3223 5233 1074 3224 5234 1074 3224 5235 847 3223 5236 845 3225 5237 1128 3226 5238 853 3227 5239 1126 3228 5240 1126 3228 5241 853 3227 5242 855 3229 5243 1126 3230 5244 855 3231 5245 1124 3231 5246 1124 3231 5247 855 3231 5248 857 3230 5249 1124 3232 5250 857 3233 5251 1122 3234 5252 1122 3234 5253 857 3233 5254 859 3235 5255 1122 3236 5256 859 3237 5257 1064 3238 5258 1064 3238 5259 859 3237 5260 798 3239 5261 748 3240 5262 853 3241 5263 1130 3242 5264 1130 3242 5265 853 3241 5266 1128 3243 5267 873 3244 5268 1175 3245 5269 871 3246 5270 871 3246 5271 1175 3245 5272 1176 3247 5273 871 3248 5274 1176 3249 5275 869 3250 5276 869 3250 5277 1176 3249 5278 1177 3251 5279 869 3252 5280 1177 3253 5281 867 3254 5282 867 3254 5283 1177 3253 5284 1178 3255 5285 867 3256 5286 1178 3257 5287 865 3258 5288 865 3258 5289 1178 3257 5290 1179 3259 5291 865 3260 5292 1179 3261 5293 863 3262 5294 863 3262 5295 1179 3261 5296 1180 3263 5297 863 3264 5298 1180 3265 5299 861 3266 5300 861 3266 5301 1180 3265 5302 1181 3267 5303 861 3268 5304 1181 3269 5305 887 3270 5306 887 3270 5307 1181 3269 5308 1182 3271 5309 887 3272 5310 1182 3273 5311 885 3274 5312 885 3274 5313 1182 3273 5314 1183 3275 5315 1175 3276 5316 873 3277 5317 1184 3278 5318 1184 3278 5319 873 3277 5320 875 3279 5321 1184 3280 5322 875 3281 5323 1185 3282 5324 1185 3282 5325 875 3281 5326 877 3283 5327 1185 3284 5328 877 3285 5329 1186 3286 5330 1186 3286 5331 877 3285 5332 879 3287 5333 1186 594 5334 879 594 5335 1187 594 5336 1187 594 5337 879 594 5338 881 594 5339 1187 3288 5340 881 3289 5341 1183 3290 5342 1183 3291 5343 881 3292 5344 883 3293 5345 1183 3294 5346 883 3295 5347 885 3296 5348 891 3297 5349 1188 3298 5350 892 3299 5351 892 3300 5352 1188 3300 5353 1189 3300 5354 892 3301 5355 1189 3302 5356 893 3303 5357 893 3304 5358 1189 3304 5359 895 3304 5360 895 3305 5361 1189 3305 5362 1190 3305 5363 895 3306 5364 1190 3307 5365 896 3308 5366 896 3309 5367 1190 3310 5368 898 3311 5369 898 3312 5370 1190 3313 5371 1191 3314 5372 898 3315 5373 1191 3316 5374 899 3317 5375 1192 3318 5376 903 3318 5377 1191 3318 5378 1191 3319 5379 903 3320 5380 901 3321 5381 1191 3322 5382 901 3323 5383 899 3324 5384 1193 3325 5385 1194 3325 5386 906 3325 5387 906 3326 5388 908 3327 5389 1193 3328 5390 1193 3329 5391 908 3330 5392 909 3331 5393 1193 3332 5394 909 3332 5395 1192 3332 5396 1192 3333 5397 909 3333 5398 904 3333 5399 1192 3334 5400 904 3335 5401 903 3336 5402 906 3337 5403 1194 3338 5404 911 3339 5405 911 3340 5406 1194 3340 5407 1195 3340 5408 911 3341 5409 1195 3342 5410 912 3343 5411 912 3344 5412 1195 3345 5413 914 3346 5414 914 3347 5415 1195 3347 5416 1196 3347 5417 914 3348 5418 1196 3349 5419 916 3350 5420 916 3351 5421 1196 3352 5422 918 3353 5423 918 3354 5424 1196 3354 5425 1197 3354 5426 918 3355 5427 1197 3356 5428 920 3357 5429 920 3358 5430 1197 3359 5431 921 3360 5432 921 3361 5433 1197 3361 5434 1198 3361 5435 921 3362 5436 1198 3363 5437 923 3364 5438 923 3365 5439 1198 3366 5440 924 3367 5441 924 3368 5442 1198 3369 5443 1199 3370 5444 924 3371 5445 1199 3372 5446 927 3373 5447 927 3374 5448 1199 3375 5449 926 3376 5450 926 3377 5451 1199 3377 5452 1188 3377 5453 926 3378 5454 1188 3379 5455 891 3380 5456 1175 165 5457 1184 3381 5458 1180 3382 5459 1176 165 5460 1175 165 5461 1177 165 5462 1177 165 5463 1175 165 5464 1180 3382 5465 1177 165 5466 1180 3382 5467 1178 165 5468 1178 165 5469 1180 3382 5470 1179 165 5471 1186 165 5472 1187 3383 5473 1185 3384 5474 1185 3384 5475 1187 3383 5476 1183 3385 5477 1185 3384 5478 1183 3385 5479 1184 3381 5480 1184 3381 5481 1183 3385 5482 1182 3386 5483 1184 3381 5484 1182 3386 5485 1180 3382 5486 1180 3382 5487 1182 3386 5488 1181 165 5489 1192 3387 5490 1199 3388 5491 1193 3389 5492 1193 3389 5493 1199 3388 5494 1198 3390 5495 1195 3391 5496 1194 3392 5497 1196 3393 5498 1196 3393 5499 1194 3392 5500 1193 3389 5501 1196 3393 5502 1193 3389 5503 1197 3394 5504 1197 3394 5505 1193 3389 5506 1198 3390 5507 1189 165 5508 1188 3395 5509 1190 3396 5510 1190 3396 5511 1188 3395 5512 1199 3388 5513 1190 3396 5514 1199 3388 5515 1191 3397 5516 1191 3397 5517 1199 3388 5518 1192 3387 5519 432 399 5520 1200 399 5521 433 399 5522 433 399 5523 1200 399 5524 1201 399 5525 564 3398 5526 565 3399 5527 1202 3400 5528 506 165 5529 1203 3401 5530 507 3402 5531 609 3403 5532 611 165 5533 1204 165 5534 802 165 5535 805 165 5536 1205 3404 5537 1205 3404 5538 805 165 5539 808 165 5540 900 3405 5541 902 3406 5542 439 3407 5543 917 3408 5544 919 3409 5545 1206 3410 5546 507 3402 5547 894 3411 5548 897 3412 5549 439 3407 5550 902 3406 5551 436 3413 5552 902 3406 5553 905 165 5554 436 3413 5555 436 3413 5556 905 165 5557 907 3414 5558 436 3413 5559 907 3414 5560 437 3415 5561 900 3405 5562 439 3407 5563 897 165 5564 897 165 5565 439 3407 5566 1207 165 5567 897 165 5568 1207 165 5569 507 165 5570 907 3414 5571 910 3416 5572 437 3415 5573 437 3415 5574 910 3416 5575 913 3417 5576 437 3415 5577 913 3417 5578 915 3418 5579 925 3419 5580 890 3420 5581 1208 3421 5582 894 3411 5583 507 3402 5584 889 3422 5585 889 3422 5586 507 3402 5587 1203 3401 5588 889 3422 5589 1203 3401 5590 890 3420 5591 925 3419 5592 1208 3421 5593 922 3423 5594 1205 3404 5595 738 3424 5596 736 3425 5597 1205 3404 5598 736 3425 5599 522 3426 5600 718 3427 5601 717 3428 5602 821 3429 5603 738 3424 5604 1205 3404 5605 740 165 5606 740 165 5607 1205 3404 5608 808 165 5609 740 165 5610 808 165 5611 742 165 5612 742 165 5613 808 165 5614 811 3430 5615 742 165 5616 811 3430 5617 744 3431 5618 744 3431 5619 811 3430 5620 813 3432 5621 744 3431 5622 813 3432 5623 746 3433 5624 746 3433 5625 813 3432 5626 815 3434 5627 746 3433 5628 815 3434 5629 717 3428 5630 717 3428 5631 815 3434 5632 818 3435 5633 717 3428 5634 818 3435 5635 821 3429 5636 1209 165 5637 1210 3436 5638 799 3437 5639 799 3437 5640 1210 3436 5641 787 3438 5642 787 3438 5643 1210 3436 5644 1208 3421 5645 787 3438 5646 1208 3421 5647 789 165 5648 890 3420 5649 1203 3401 5650 1208 3421 5651 1208 3421 5652 1203 3401 5653 791 3439 5654 1208 3421 5655 791 3439 5656 789 165 5657 783 3440 5658 781 3441 5659 1211 3442 5660 1211 3442 5661 781 3441 5662 1212 3443 5663 1211 3442 5664 1212 3443 5665 793 165 5666 756 3444 5667 771 165 5668 773 165 5669 773 165 5670 775 3445 5671 756 3444 5672 756 3444 5673 775 3445 5674 776 3446 5675 756 3444 5676 776 3446 5677 758 165 5678 758 165 5679 776 3446 5680 785 165 5681 758 165 5682 785 165 5683 760 3447 5684 785 165 5685 783 3440 5686 760 3447 5687 760 3447 5688 783 3440 5689 1211 3442 5690 760 3447 5691 1211 3442 5692 762 165 5693 762 165 5694 1211 3442 5695 1213 3448 5696 762 165 5697 1213 3448 5698 764 165 5699 795 3449 5700 797 165 5701 1214 3450 5702 797 165 5703 860 3451 5704 1214 3450 5705 1214 3450 5706 860 3451 5707 858 3452 5708 1214 3450 5709 858 3452 5710 856 3453 5711 750 165 5712 752 3454 5713 747 3455 5714 747 3455 5715 752 3454 5716 754 3456 5717 747 3455 5718 754 3456 5719 854 3457 5720 854 3457 5721 754 3456 5722 768 3458 5723 854 3457 5724 768 3458 5725 856 3453 5726 856 3453 5727 768 3458 5728 766 165 5729 856 3453 5730 766 165 5731 1214 3450 5732 1215 3459 5733 844 3460 5734 1216 3461 5735 1216 3461 5736 844 3460 5737 846 3462 5738 1216 3461 5739 846 3462 5740 1214 3450 5741 1214 3450 5742 846 3462 5743 849 3463 5744 1214 3450 5745 849 3463 5746 795 3449 5747 833 3464 5748 836 3465 5749 1217 3466 5750 1217 3466 5751 836 3465 5752 839 3467 5753 1217 3466 5754 839 3467 5755 1215 3459 5756 1215 3459 5757 839 3467 5758 842 3468 5759 1215 3459 5760 842 3468 5761 844 3460 5762 827 3469 5763 603 3470 5764 605 3471 5765 827 3469 5766 605 3471 5767 824 3472 5768 603 3470 5769 827 3469 5770 598 3473 5771 598 3473 5772 827 3469 5773 830 3474 5774 598 3473 5775 830 3474 5776 599 3475 5777 599 3475 5778 830 3474 5779 833 165 5780 599 165 5781 833 3464 5782 626 3476 5783 626 3476 5784 833 3464 5785 1217 3466 5786 626 3476 5787 1217 3466 5788 624 3477 5789 1204 165 5790 518 165 5791 519 165 5792 736 3425 5793 733 3478 5794 522 3426 5795 522 3426 5796 733 3478 5797 731 3479 5798 522 3426 5799 731 3479 5800 521 3480 5801 521 3480 5802 731 3479 5803 729 3481 5804 521 3480 5805 729 3481 5806 520 3482 5807 520 3482 5808 729 3481 5809 726 165 5810 520 3482 5811 726 165 5812 519 165 5813 519 165 5814 726 165 5815 723 165 5816 605 3471 5817 607 3483 5818 824 3472 5819 824 3472 5820 607 3483 5821 609 3403 5822 824 3472 5823 609 3403 5824 821 3429 5825 821 3429 5826 609 3403 5827 1204 165 5828 821 3429 5829 1204 165 5830 718 3427 5831 718 3427 5832 1204 165 5833 519 165 5834 718 3427 5835 519 165 5836 720 165 5837 720 165 5838 519 165 5839 723 165 5840 642 3484 5841 1216 3461 5842 656 3485 5843 656 3485 5844 1216 3461 5845 1202 3400 5846 656 3485 5847 1202 3400 5848 654 165 5849 630 3486 5850 1218 3487 5851 632 165 5852 632 165 5853 1218 3487 5854 1215 3459 5855 632 165 5856 1215 3459 5857 634 3488 5858 642 3484 5859 640 3489 5860 1216 3461 5861 1216 3461 5862 640 3489 5863 638 3490 5864 1216 3461 5865 638 3490 5866 1215 3459 5867 1215 3459 5868 638 3490 5869 636 3491 5870 1215 3459 5871 636 3491 5872 634 3488 5873 630 3486 5874 629 3492 5875 1218 3487 5876 1218 3487 5877 629 3492 5878 644 3493 5879 1218 3487 5880 644 3493 5881 566 3494 5882 566 3494 5883 644 3493 5884 648 3495 5885 566 3494 5886 648 3495 5887 565 3399 5888 565 3399 5889 648 3495 5890 650 3496 5891 565 3399 5892 650 3496 5893 1202 3400 5894 1202 3400 5895 650 3496 5896 652 165 5897 1202 3400 5898 652 165 5899 654 165 5900 618 3497 5901 620 165 5902 514 3498 5903 514 3498 5904 620 165 5905 622 3499 5906 514 3498 5907 622 3499 5908 513 3500 5909 618 3497 5910 514 3498 5911 614 3501 5912 614 3501 5913 514 3498 5914 515 3502 5915 614 3501 5916 515 3502 5917 615 3503 5918 615 165 5919 515 165 5920 611 165 5921 611 165 5922 515 165 5923 516 165 5924 611 165 5925 516 165 5926 1204 165 5927 1204 165 5928 516 165 5929 517 165 5930 1204 165 5931 517 165 5932 518 165 5933 1219 165 5934 1220 3504 5935 506 165 5936 506 165 5937 1220 3504 5938 1211 3442 5939 506 165 5940 1211 3442 5941 1203 3401 5942 1203 3401 5943 1211 3442 5944 793 3505 5945 1203 3401 5946 793 3505 5947 791 3439 5948 435 3506 5949 438 3507 5950 676 3508 5951 676 3508 5952 678 3509 5953 435 3506 5954 435 3506 5955 678 3509 5956 680 3510 5957 435 3506 5958 680 3510 5959 434 3511 5960 434 3511 5961 680 3510 5962 682 3512 5963 434 3511 5964 682 3512 5965 684 3513 5966 663 3514 5967 661 3515 5968 1206 3410 5969 1206 3410 5970 661 3515 5971 437 3415 5972 1206 3410 5973 437 3415 5974 917 3408 5975 917 3408 5976 437 3415 5977 915 3418 5978 686 3516 5979 669 3517 5980 1221 3518 5981 1221 3518 5982 669 165 5983 667 3519 5984 1221 3518 5985 667 3519 5986 1206 3410 5987 1206 3410 5988 667 3519 5989 665 3520 5990 1206 3410 5991 665 3520 5992 663 3514 5993 661 3515 5994 659 3521 5995 437 3415 5996 437 3415 5997 659 3521 5998 658 3522 5999 437 3415 6000 658 3522 6001 438 3507 6002 438 3507 6003 658 3522 6004 673 3523 6005 438 3507 6006 673 3523 6007 676 3508 6008 524 165 6009 508 165 6010 1222 165 6011 1222 165 6012 508 165 6013 434 3511 6014 1222 165 6015 434 3511 6016 1221 3518 6017 1221 3518 6018 434 3511 6019 684 3513 6020 1221 3518 6021 684 3513 6022 686 3516 6023 799 3437 6024 802 165 6025 1209 165 6026 1209 165 6027 802 165 6028 1205 3404 6029 1209 165 6030 1205 3404 6031 523 3524 6032 523 3524 6033 1205 3404 6034 522 3426 6035 874 165 6036 872 165 6037 1218 3487 6038 876 3525 6039 874 165 6040 509 3526 6041 509 3526 6042 874 165 6043 1218 3487 6044 509 3526 6045 1218 3487 6046 510 3527 6047 510 3527 6048 1218 3487 6049 566 3494 6050 866 165 6051 1215 3459 6052 868 165 6053 868 165 6054 1215 3459 6055 1218 3487 6056 868 165 6057 1218 3487 6058 870 165 6059 870 165 6060 1218 3487 6061 872 165 6062 888 165 6063 1217 3466 6064 862 165 6065 862 165 6066 1217 3466 6067 1215 3459 6068 862 165 6069 1215 3459 6070 864 165 6071 864 165 6072 1215 3459 6073 866 165 6074 888 165 6075 886 165 6076 1217 3466 6077 1217 3466 6078 886 165 6079 884 3528 6080 1217 3466 6081 884 3528 6082 882 3529 6083 622 3499 6084 624 3477 6085 513 3500 6086 513 3500 6087 624 3477 6088 1217 3466 6089 513 3500 6090 1217 3466 6091 512 3530 6092 512 3530 6093 1217 3466 6094 882 3529 6095 512 3530 6096 882 3529 6097 511 3531 6098 511 3531 6099 882 3529 6100 880 3532 6101 511 3531 6102 880 3532 6103 509 3526 6104 509 3526 6105 880 3532 6106 878 3533 6107 509 3526 6108 878 3533 6109 876 3525 6110 589 165 6111 587 165 6112 1213 3448 6113 587 165 6114 584 3534 6115 1213 3448 6116 1213 3448 6117 584 3534 6118 582 3535 6119 1213 3448 6120 582 3535 6121 580 3536 6122 580 3536 6123 577 165 6124 1213 3448 6125 1213 3448 6126 577 165 6127 1214 3450 6128 1213 3448 6129 1214 3450 6130 764 165 6131 764 165 6132 1214 3450 6133 766 165 6134 568 165 6135 597 165 6136 559 3537 6137 577 165 6138 574 3538 6139 1214 3450 6140 1214 3450 6141 574 3538 6142 571 3539 6143 1214 3450 6144 571 3539 6145 569 3540 6146 559 3537 6147 597 165 6148 1223 3541 6149 597 165 6150 595 3542 6151 1223 3541 6152 1223 3541 6153 595 3542 6154 593 3543 6155 1223 3541 6156 593 3543 6157 1224 3544 6158 1224 3544 6159 593 3543 6160 591 3545 6161 568 165 6162 559 3537 6163 569 3540 6164 569 3540 6165 559 3537 6166 561 3546 6167 569 3540 6168 561 3546 6169 1214 3450 6170 1214 3450 6171 561 3546 6172 562 3547 6173 1214 3450 6174 562 3547 6175 1216 3461 6176 1216 3461 6177 562 3547 6178 558 3548 6179 1216 3461 6180 558 3548 6181 1202 3400 6182 1202 3400 6183 558 3548 6184 563 165 6185 1202 3400 6186 563 165 6187 564 3398 6188 1220 3504 6189 698 3549 6190 696 3550 6191 1211 3442 6192 692 3551 6193 690 3552 6194 709 3553 6195 707 3554 6196 1213 3448 6197 1220 3504 6198 696 3550 6199 1211 3442 6200 1211 3442 6201 696 3550 6202 694 3555 6203 1211 3442 6204 694 3555 6205 692 3551 6206 690 3552 6207 688 3556 6208 1211 3442 6209 1211 3442 6210 688 3556 6211 713 3557 6212 1211 3442 6213 713 3557 6214 1213 3448 6215 1213 3448 6216 713 3557 6217 711 3558 6218 1213 3448 6219 711 3558 6220 709 3553 6221 707 3554 6222 705 3559 6223 1213 3448 6224 1213 3448 6225 705 3559 6226 1224 3544 6227 1213 3448 6228 1224 3544 6229 589 165 6230 589 165 6231 1224 3544 6232 591 3545 6233 705 3559 6234 703 3560 6235 1224 3544 6236 1224 3544 6237 703 3560 6238 702 3561 6239 1224 3544 6240 702 3561 6241 1220 3504 6242 1220 3504 6243 702 3561 6244 700 3562 6245 1220 3504 6246 700 3562 6247 698 3549 6248 919 3409 6249 922 3423 6250 1206 3410 6251 1206 3410 6252 922 3423 6253 1208 3421 6254 1206 3410 6255 1208 3421 6256 1221 3518 6257 1221 3518 6258 1208 3421 6259 1210 3436 6260 1221 3518 6261 1210 3436 6262 1222 165 6263 1222 165 6264 1210 3436 6265 1209 165 6266 1222 165 6267 1209 165 6268 524 165 6269 524 165 6270 1209 165 6271 523 3524 6272 502 0 6273 501 3563 6274 1225 3564 6275 540 3565 6276 542 3566 6277 1226 3567 6278 1226 3567 6279 542 3566 6280 1227 3568 6281 931 3569 6282 937 0 6283 1228 0 6284 936 0 6285 1229 0 6286 1230 0 6287 1077 3570 6288 1231 3571 6289 1232 3572 6290 1231 3571 6291 1077 3570 6292 1084 0 6293 1167 0 6294 1233 3573 6295 1170 0 6296 1170 0 6297 1233 3573 6298 1234 0 6299 1170 0 6300 1234 0 6301 1172 0 6302 1167 0 6303 1165 3574 6304 1233 3575 6305 1233 3575 6306 1165 3574 6307 1163 3576 6308 1233 3575 6309 1163 3576 6310 1161 3577 6311 1119 3578 6312 1174 0 6313 1225 3564 6314 1225 3564 6315 1174 0 6316 1172 0 6317 1031 3579 6318 1227 3568 6319 1033 3580 6320 1033 3580 6321 1227 3568 6322 542 3566 6323 1033 3580 6324 542 3566 6325 1035 3581 6326 1035 3581 6327 542 3566 6328 544 3582 6329 1035 3581 6330 544 3582 6331 1044 0 6332 971 3583 6333 970 3584 6334 554 3585 6335 554 3585 6336 970 3584 6337 553 3586 6338 1117 3587 6339 1226 3567 6340 1114 0 6341 1114 0 6342 1226 3567 6343 1227 3568 6344 1114 0 6345 1227 3568 6346 1111 3588 6347 1111 3588 6348 1227 3568 6349 1031 3579 6350 1111 3588 6351 1031 3579 6352 1108 3589 6353 1108 3589 6354 1031 3579 6355 1029 3590 6356 1108 3589 6357 1029 3590 6358 1106 3591 6359 1106 3591 6360 1029 3590 6361 1027 0 6362 1106 3591 6363 1027 0 6364 1104 0 6365 1104 0 6366 1027 0 6367 1025 3592 6368 1104 0 6369 1025 3592 6370 1101 3593 6371 1101 3593 6372 1025 3592 6373 1023 3594 6374 1101 3593 6375 1023 3594 6376 1098 3595 6377 1098 3595 6378 1023 3594 6379 1021 3596 6380 1098 3595 6381 1021 3596 6382 1096 0 6383 1096 0 6384 1021 3596 6385 1235 3597 6386 1096 0 6387 1235 3597 6388 1089 3598 6389 1090 3599 6390 976 3600 6391 1083 3601 6392 1083 3601 6393 976 3600 6394 975 3602 6395 1083 3601 6396 975 3602 6397 1084 0 6398 1084 0 6399 975 3602 6400 973 3603 6401 1084 0 6402 973 3603 6403 1231 3571 6404 1231 3571 6405 973 3603 6406 971 3583 6407 1071 0 6408 1236 3604 6409 1066 0 6410 1066 0 6411 1236 3604 6412 1237 0 6413 1066 0 6414 1237 0 6415 1062 0 6416 1073 3605 6417 1075 3606 6418 1232 3572 6419 1232 3572 6420 1075 3606 6421 1078 3607 6422 1232 3572 6423 1078 3607 6424 1077 3570 6425 1155 0 6426 1157 0 6427 1152 0 6428 1152 0 6429 1157 0 6430 1151 0 6431 1152 0 6432 1151 0 6433 1159 0 6434 1159 0 6435 1151 0 6436 1149 0 6437 1159 0 6438 1149 0 6439 1161 3577 6440 1161 3577 6441 1149 0 6442 1147 0 6443 1161 3577 6444 1147 0 6445 1233 3575 6446 1233 3575 6447 1147 0 6448 1145 3608 6449 1233 3575 6450 1145 3608 6451 1238 3609 6452 1238 3609 6453 1145 3608 6454 1143 3610 6455 1238 3609 6456 1143 3610 6457 1239 3611 6458 1239 3611 6459 1143 3610 6460 1141 3612 6461 1132 3613 6462 1135 0 6463 1137 0 6464 1137 0 6465 1131 3614 6466 1132 3613 6467 1132 3613 6468 1131 3614 6469 1129 3615 6470 1132 3613 6471 1129 3615 6472 1139 3616 6473 1139 3616 6474 1129 3615 6475 1127 3617 6476 1139 3616 6477 1127 3617 6478 1141 3612 6479 1141 3612 6480 1127 3617 6481 1125 3618 6482 1141 3612 6483 1125 3618 6484 1239 3611 6485 1239 3611 6486 1125 3618 6487 1123 3619 6488 1239 3611 6489 1123 3619 6490 1063 3620 6491 1044 0 6492 544 3582 6493 1042 3621 6494 1042 3621 6495 544 3582 6496 545 3622 6497 1042 3621 6498 545 3622 6499 1040 3623 6500 545 3622 6501 546 3624 6502 1040 3623 6503 1040 3623 6504 546 3624 6505 547 3625 6506 1040 3623 6507 547 3625 6508 1038 3626 6509 1038 3626 6510 547 3625 6511 1235 3597 6512 1038 3626 6513 1235 3597 6514 1036 0 6515 1036 0 6516 1235 3597 6517 1021 3596 6518 970 3584 6519 969 3627 6520 553 3586 6521 553 3586 6522 969 3627 6523 968 3628 6524 553 3586 6525 968 3628 6526 552 3629 6527 552 3629 6528 968 3628 6529 967 3630 6530 552 3629 6531 967 3630 6532 551 3631 6533 547 3625 6534 548 0 6535 1235 3597 6536 1235 3597 6537 548 0 6538 549 0 6539 1235 3597 6540 549 0 6541 550 3632 6542 967 3630 6543 966 3633 6544 551 3631 6545 551 3631 6546 966 3633 6547 965 3634 6548 551 3631 6549 965 3634 6550 550 3632 6551 550 3632 6552 965 3634 6553 980 3635 6554 550 3632 6555 980 3635 6556 1235 3597 6557 1235 3597 6558 980 3635 6559 979 3636 6560 1235 3597 6561 979 3636 6562 1089 3598 6563 1089 3598 6564 979 3636 6565 978 3637 6566 1089 3598 6567 978 3637 6568 1090 3599 6569 1090 3599 6570 978 3637 6571 977 3638 6572 1090 3599 6573 977 3638 6574 976 3600 6575 1071 0 6576 1073 3605 6577 1236 3604 6578 1236 3604 6579 1073 3605 6580 1232 3572 6581 1236 3604 6582 1232 3572 6583 1240 0 6584 1240 0 6585 1232 3572 6586 1241 3639 6587 935 3640 6588 1242 3641 6589 932 3642 6590 932 3642 6591 1242 3641 6592 1243 3643 6593 932 3642 6594 1243 3643 6595 538 3644 6596 537 3645 6597 1244 3646 6598 1232 3572 6599 1232 3572 6600 1244 3646 6601 1245 3647 6602 1232 3572 6603 1245 3647 6604 1241 3639 6605 1240 0 6606 1246 0 6607 1236 3604 6608 1236 3604 6609 1246 0 6610 1247 3648 6611 1236 3604 6612 1247 3648 6613 933 3649 6614 933 3649 6615 1247 3648 6616 1248 3650 6617 933 3649 6618 1248 3650 6619 934 3651 6620 934 3651 6621 1248 3650 6622 1249 3652 6623 934 3651 6624 1249 3652 6625 935 3640 6626 935 3640 6627 1249 3652 6628 1250 3653 6629 935 3640 6630 1250 3653 6631 1242 3641 6632 1243 3643 6633 1251 3654 6634 538 3644 6635 538 3644 6636 1251 3654 6637 1252 0 6638 538 3644 6639 1252 0 6640 537 3645 6641 537 3645 6642 1252 0 6643 1253 0 6644 537 3645 6645 1253 0 6646 1244 3646 6647 971 3583 6648 554 3585 6649 1231 3571 6650 1231 3571 6651 554 3585 6652 555 3655 6653 1231 3571 6654 555 3655 6655 1232 3572 6656 1232 3572 6657 555 3655 6658 556 3656 6659 1232 3572 6660 556 3656 6661 537 3645 6662 1225 3564 6663 1254 3657 6664 1255 3658 6665 1117 3587 6666 1119 3578 6667 1226 3567 6668 1226 3567 6669 1119 3578 6670 1225 3564 6671 1226 3567 6672 1225 3564 6673 1256 3659 6674 1256 3659 6675 1225 3564 6676 1255 3658 6677 1257 3660 6678 1258 0 6679 497 3661 6680 497 3661 6681 1258 0 6682 1259 3662 6683 497 3661 6684 1259 3662 6685 498 3663 6686 1259 3662 6687 1260 3664 6688 498 3663 6689 498 3663 6690 1260 3664 6691 1261 0 6692 498 3663 6693 1261 0 6694 499 0 6695 499 0 6696 1261 0 6697 1262 3665 6698 499 0 6699 1262 3665 6700 500 3666 6701 500 3666 6702 1262 3665 6703 1263 3667 6704 500 3666 6705 1263 3667 6706 501 3563 6707 501 3563 6708 1263 3667 6709 1264 3668 6710 501 3563 6711 1264 3668 6712 1225 3564 6713 1225 3564 6714 1264 3668 6715 1265 3669 6716 1225 3564 6717 1265 3669 6718 1254 3657 6719 497 3661 6720 539 3670 6721 1257 3660 6722 1257 3660 6723 539 3670 6724 540 3565 6725 1257 3660 6726 540 3565 6727 1266 3671 6728 1266 3671 6729 540 3565 6730 1226 3567 6731 1266 3671 6732 1226 3567 6733 1267 3672 6734 1267 3672 6735 1226 3567 6736 1256 3659 6737 502 3673 6738 1225 3564 6739 504 3674 6740 504 3674 6741 1225 3564 6742 1268 0 6743 504 3674 6744 1268 0 6745 505 0 6746 505 0 6747 1268 0 6748 1269 0 6749 505 0 6750 1269 0 6751 1270 0 6752 933 3649 6753 931 3569 6754 1236 3604 6755 1236 3604 6756 931 3569 6757 1228 0 6758 1236 3604 6759 1228 0 6760 1237 0 6761 1237 0 6762 1228 0 6763 1239 3611 6764 1237 0 6765 1239 3611 6766 1062 0 6767 1062 0 6768 1239 3611 6769 1063 3620 6770 1172 0 6771 1234 0 6772 1225 3564 6773 1225 3564 6774 1234 0 6775 1233 3573 6776 1225 3564 6777 1233 3573 6778 1268 0 6779 1268 0 6780 1233 3573 6781 1271 3675 6782 1268 0 6783 1271 3675 6784 1269 0 6785 1271 3675 6786 1049 3676 6787 1048 3677 6788 1238 3609 6789 1059 3678 6790 1058 3679 6791 1271 3675 6792 1048 3677 6793 1272 3680 6794 1048 3677 6795 1046 3681 6796 1272 3680 6797 1272 3680 6798 1046 3681 6799 1061 3682 6800 1272 3680 6801 1061 3682 6802 1238 3609 6803 1238 3609 6804 1061 3682 6805 1060 3683 6806 1238 3609 6807 1060 3683 6808 1059 3678 6809 1053 0 6810 1052 3684 6811 1233 3573 6812 1233 3573 6813 1052 3684 6814 1051 3685 6815 1233 3573 6816 1051 3685 6817 1271 3675 6818 1271 3675 6819 1051 3685 6820 1050 3686 6821 1271 3675 6822 1050 3686 6823 1049 3676 6824 1058 3679 6825 1057 3687 6826 1238 3609 6827 1238 3609 6828 1057 3687 6829 1056 3688 6830 1238 3609 6831 1056 3688 6832 1233 3575 6833 1233 3575 6834 1056 3688 6835 1054 3689 6836 1233 3573 6837 1054 0 6838 1053 0 6839 942 3690 6840 940 3691 6841 1239 3611 6842 1239 3611 6843 940 3691 6844 955 3692 6845 961 3693 6846 1238 3609 6847 959 3694 6848 959 3694 6849 1238 3609 6850 1239 3611 6851 959 3694 6852 1239 3611 6853 957 3695 6854 957 3695 6855 1239 3611 6856 955 3692 6857 961 3693 6858 963 3696 6859 1238 3609 6860 1238 3609 6861 963 3696 6862 954 3697 6863 1238 3609 6864 954 3697 6865 1272 3680 6866 1272 3680 6867 954 3697 6868 952 3698 6869 952 3698 6870 950 3699 6871 1272 3680 6872 1272 3680 6873 950 3699 6874 948 3700 6875 1272 3680 6876 948 3700 6877 1273 3701 6878 1273 3701 6879 948 3700 6880 946 3702 6881 1273 3701 6882 946 3702 6883 944 3703 6884 937 0 6885 936 0 6886 1228 0 6887 1228 0 6888 936 0 6889 1230 0 6890 1228 0 6891 1230 0 6892 1239 3611 6893 1239 3611 6894 1230 0 6895 1273 3701 6896 1239 3611 6897 1273 3701 6898 942 3690 6899 942 3690 6900 1273 3701 6901 944 3703 6902 432 3704 6903 505 3705 6904 1200 3706 6905 1200 3706 6906 505 3705 6907 1270 3707 6908 433 3708 6909 1201 3709 6910 506 3710 6911 506 3710 6912 1201 3709 6913 1219 3711 6914 559 1586 6915 1223 3712 6916 560 1587 6917 560 1587 6918 1223 3712 6919 1274 3713 6920 936 3714 6921 928 3715 6922 1229 3716 6923 1229 3716 6924 928 3715 6925 1275 3717 6926 560 321 6927 1274 321 6928 928 321 6929 928 321 6930 1274 321 6931 1275 321 6932 1276 594 6933 1277 3718 6934 1278 3719 6935 1278 3719 6936 1277 3718 6937 1279 3720 6938 1280 3721 6939 1281 3722 6940 1282 3723 6941 1282 3723 6942 1281 3722 6943 1278 3719 6944 1282 3723 6945 1278 3719 6946 1283 594 6947 1283 594 6948 1278 3719 6949 1279 3720 6950 1230 3724 6951 1229 3725 6952 1276 3726 6953 1278 3727 6954 1270 3728 6955 1269 3729 6956 1269 3729 6957 1271 3730 6958 1278 3727 6959 1278 3727 6960 1271 3730 6961 1272 3731 6962 1278 3727 6963 1272 3731 6964 1276 3726 6965 1276 3726 6966 1272 3731 6967 1273 3732 6968 1276 3726 6969 1273 3732 6970 1230 3724 6971 1229 3733 6972 1275 3734 6973 1276 3735 6974 1276 3735 6975 1275 3734 6976 1277 3736 6977 1277 3737 6978 1275 3738 6979 1279 3739 6980 1279 3739 6981 1275 3738 6982 1274 3740 6983 1279 3741 6984 1274 3742 6985 1283 3743 6986 1283 3743 6987 1274 3742 6988 1223 3744 6989 1283 3745 6990 1223 3746 6991 1224 3747 6992 1283 3745 6993 1224 3747 6994 1282 3748 6995 1282 3748 6996 1224 3747 6997 1220 3749 6998 1282 3748 6999 1220 3749 7000 1219 3750 7001 1282 3751 7002 1219 3752 7003 1280 3753 7004 1280 3753 7005 1219 3752 7006 1201 3754 7007 1201 3755 7008 1200 3756 7009 1280 3755 7010 1280 3755 7011 1200 3756 7012 1281 3757 7013 1200 3758 7014 1270 3759 7015 1281 3760 7016 1281 3760 7017 1270 3759 7018 1278 3761 7019 1284 467 7020 1285 467 7021 1286 467 7022 1286 467 7023 1287 467 7024 1288 467 7025 1288 467 7026 1287 467 7027 1289 467 7028 1290 467 7029 1291 467 7030 1292 467 7031 1292 467 7032 1291 467 7033 1288 467 7034 1292 467 7035 1288 467 7036 1293 467 7037 1293 467 7038 1288 467 7039 1289 467 7040 1294 467 7041 1284 467 7042 1295 467 7043 1295 467 7044 1284 467 7045 1286 467 7046 1295 467 7047 1286 467 7048 1296 467 7049 1296 467 7050 1286 467 7051 1288 467 7052 1297 3762 7053 1298 3763 7054 1299 3764 7055 1300 3765 7056 1298 3765 7057 1297 3765 7058 1301 3766 7059 1300 3766 7060 1297 3767 7061 1297 3768 7062 1302 3769 7063 1303 3768 7064 1304 3770 7065 1302 3770 7066 1297 3770 7067 1299 3771 7068 1304 3771 7069 1297 3772 7070 1297 3773 7071 1303 3774 7072 1305 3775 7073 1297 3776 7074 1306 3776 7075 1307 3776 7076 1308 3777 7077 1306 3778 7078 1297 3779 7079 1305 3780 7080 1308 3781 7081 1297 3782 7082 1297 3783 7083 1309 3784 7084 1301 3784 7085 1310 3785 7086 1309 3786 7087 1297 3787 7088 1307 3788 7089 1310 3788 7090 1297 3788 7091 1296 3789 7092 1303 3790 7093 1295 3791 7094 1295 3791 7095 1303 3790 7096 1302 3792 7097 1295 3793 7098 1302 3794 7099 1294 3795 7100 1294 3795 7101 1302 3794 7102 1304 3796 7103 1294 3797 7104 1304 3798 7105 1284 3799 7106 1284 3799 7107 1304 3798 7108 1299 3800 7109 1284 3801 7110 1299 3802 7111 1285 3803 7112 1285 3803 7113 1299 3802 7114 1298 3804 7115 1285 3805 7116 1298 3806 7117 1286 3807 7118 1286 3807 7119 1298 3806 7120 1300 3808 7121 1286 3809 7122 1300 3810 7123 1287 3811 7124 1287 3811 7125 1300 3810 7126 1301 3812 7127 1287 3813 7128 1301 3814 7129 1289 3815 7130 1289 3815 7131 1301 3814 7132 1309 3816 7133 1289 3817 7134 1309 3818 7135 1293 3819 7136 1293 3819 7137 1309 3818 7138 1310 3820 7139 1293 3821 7140 1310 3822 7141 1292 3823 7142 1292 3823 7143 1310 3822 7144 1307 3824 7145 1292 165 7146 1307 165 7147 1290 165 7148 1290 165 7149 1307 165 7150 1306 165 7151 1290 3825 7152 1306 3826 7153 1291 3827 7154 1291 3827 7155 1306 3826 7156 1308 3828 7157 1291 3829 7158 1308 3830 7159 1288 3831 7160 1288 3831 7161 1308 3830 7162 1305 3832 7163 1288 3833 7164 1305 3834 7165 1296 3835 7166 1296 3835 7167 1305 3834 7168 1303 3836 7169 1311 467 7170 1312 3837 7171 1313 3838 7172 1313 3838 7173 1312 3837 7174 1314 3839 7175 1315 467 7176 1316 467 7177 1317 467 7178 1317 467 7179 1316 467 7180 1318 467 7181 1317 467 7182 1318 467 7183 1319 467 7184 1319 467 7185 1318 467 7186 1320 3840 7187 1321 467 7188 1313 3838 7189 1322 3841 7190 1322 3841 7191 1313 3838 7192 1314 3839 7193 1322 3841 7194 1314 3839 7195 1323 3842 7196 1323 3842 7197 1314 3839 7198 1320 3840 7199 1323 3842 7200 1320 3840 7201 1324 3843 7202 1324 3843 7203 1320 3840 7204 1318 467 7205 1325 3844 7206 1326 3844 7207 1327 3845 7208 1328 3846 7209 1329 3847 7210 1325 3848 7211 1330 3849 7212 1331 3850 7213 1325 3851 7214 1332 3852 7215 1333 3853 7216 1325 3854 7217 1325 3855 7218 1334 3856 7219 1335 3857 7220 1336 3858 7221 1334 3859 7222 1325 3858 7223 1333 3860 7224 1336 3861 7225 1325 3860 7226 1331 3862 7227 1332 3863 7228 1325 3864 7229 1329 3865 7230 1330 3866 7231 1325 3867 7232 1327 3868 7233 1328 3869 7234 1325 3870 7235 1325 3871 7236 1335 3872 7237 1337 3873 7238 1325 3874 7239 1338 3874 7240 1339 3874 7241 1340 3875 7242 1338 3876 7243 1325 3876 7244 1337 3877 7245 1340 3877 7246 1325 3877 7247 1325 3878 7248 1341 3879 7249 1326 3880 7250 1342 3881 7251 1341 3882 7252 1325 3883 7253 1339 3884 7254 1342 3884 7255 1325 3884 7256 1324 3885 7257 1335 3886 7258 1334 3887 7259 1324 3888 7260 1334 3889 7261 1323 3890 7262 1323 3891 7263 1334 3892 7264 1336 3893 7265 1323 3894 7266 1336 3894 7267 1322 3894 7268 1322 3895 7269 1336 3896 7270 1333 3897 7271 1322 3898 7272 1333 3899 7273 1321 3900 7274 1333 3901 7275 1332 3902 7276 1321 3903 7277 1321 3904 7278 1332 3905 7279 1331 3906 7280 1321 3907 7281 1331 3908 7282 1313 3909 7283 1313 3910 7284 1331 3911 7285 1330 3912 7286 1313 3913 7287 1330 3913 7288 1311 3913 7289 1311 3914 7290 1330 3915 7291 1329 3916 7292 1329 3917 7293 1328 3918 7294 1311 3919 7295 1311 3920 7296 1328 3921 7297 1327 3922 7298 1311 3923 7299 1327 3924 7300 1312 3925 7301 1312 3926 7302 1327 3927 7303 1326 3928 7304 1312 3929 7305 1326 3930 7306 1314 3931 7307 1314 3932 7308 1326 3933 7309 1320 3934 7310 1320 3934 7311 1326 3933 7312 1341 3935 7313 1320 3936 7314 1341 3937 7315 1319 3938 7316 1319 3938 7317 1341 3937 7318 1342 3820 7319 1319 3939 7320 1342 3940 7321 1317 3941 7322 1317 3941 7323 1342 3940 7324 1339 3942 7325 1317 165 7326 1339 165 7327 1315 165 7328 1315 165 7329 1339 165 7330 1338 165 7331 1315 3825 7332 1338 3826 7333 1316 3827 7334 1316 3827 7335 1338 3826 7336 1340 3828 7337 1316 3829 7338 1340 3943 7339 1318 3831 7340 1318 3831 7341 1340 3943 7342 1337 3832 7343 1318 3944 7344 1337 3945 7345 1324 3946 7346 1324 3946 7347 1337 3945 7348 1335 3947 7349 1343 3948 7350 1344 3949 7351 1345 3950 7352 1344 3949 7353 1346 3951 7354 1345 3950 7355 1345 3950 7356 1346 3951 7357 1347 3952 7358 1345 3950 7359 1347 3952 7360 1348 3953 7361 1349 321 7362 1350 321 7363 1351 321 7364 1351 321 7365 1350 321 7366 1352 3954 7367 1351 321 7368 1352 3954 7369 1353 3955 7370 1353 3955 7371 1352 3954 7372 1354 3956 7373 1355 3957 7374 1356 3958 7375 1357 3959 7376 1357 3959 7377 1356 3958 7378 1350 321 7379 1357 3959 7380 1350 321 7381 1358 321 7382 1358 321 7383 1350 321 7384 1349 321 7385 1358 321 7386 1349 321 7387 1359 321 7388 1359 321 7389 1349 321 7390 1360 321 7391 1361 3960 7392 1362 3961 7393 1363 3962 7394 1364 321 7395 1365 321 7396 1352 3954 7397 1361 3960 7398 1363 3962 7399 1347 3952 7400 1347 3952 7401 1363 3962 7402 1366 3963 7403 1347 3952 7404 1366 3963 7405 1348 3953 7406 1364 321 7407 1352 3954 7408 1367 3964 7409 1365 321 7410 1368 3965 7411 1352 3954 7412 1352 3954 7413 1368 3965 7414 1369 3966 7415 1352 3954 7416 1369 3966 7417 1354 3956 7418 1343 3948 7419 1345 3950 7420 1352 3954 7421 1352 3954 7422 1345 3950 7423 1370 3967 7424 1352 3954 7425 1370 3967 7426 1367 3964 7427 1371 399 7428 1372 3968 7429 1373 3969 7430 1373 3969 7431 1372 3968 7432 1374 3970 7433 1375 3971 7434 1376 3972 7435 1372 3968 7436 1372 3968 7437 1376 3972 7438 1377 3973 7439 1372 3968 7440 1377 3973 7441 1378 3974 7442 1379 399 7443 1380 3975 7444 1373 3969 7445 1373 3969 7446 1380 3975 7447 1381 3976 7448 1373 3969 7449 1381 3976 7450 1371 399 7451 1382 399 7452 1383 3977 7453 1384 3978 7454 1384 3978 7455 1383 3977 7456 1374 3970 7457 1384 3978 7458 1374 3970 7459 1385 399 7460 1385 399 7461 1374 3970 7462 1372 3968 7463 1385 399 7464 1372 3968 7465 1386 399 7466 1386 399 7467 1372 3968 7468 1378 3974 7469 1387 3979 7470 1372 3968 7471 1388 3980 7472 1388 3980 7473 1389 399 7474 1387 3979 7475 1387 3979 7476 1389 399 7477 1390 399 7478 1387 3979 7479 1390 399 7480 1391 399 7481 1391 399 7482 1392 3981 7483 1387 3979 7484 1387 3979 7485 1392 3981 7486 1393 3982 7487 1387 3979 7488 1393 3982 7489 1394 3983 7490 1387 3979 7491 1395 3984 7492 1372 3968 7493 1372 3968 7494 1395 3984 7495 1396 3985 7496 1372 3968 7497 1396 3985 7498 1397 3986 7499 1397 3986 7500 1398 3987 7501 1372 3968 7502 1372 3968 7503 1398 3987 7504 1399 3988 7505 1372 3968 7506 1399 3988 7507 1375 3971 7508 1372 3989 7509 1400 3989 7510 1401 3989 7511 1372 3990 7512 1401 3990 7513 1388 3991 7514 1388 3992 7515 1401 3993 7516 1402 3994 7517 1388 3995 7518 1402 3996 7519 1389 3997 7520 1402 3998 7521 1403 3999 7522 1389 4000 7523 1389 4001 7524 1403 4002 7525 1404 4003 7526 1389 4004 7527 1404 4005 7528 1390 4006 7529 1404 4007 7530 1405 4008 7531 1390 4009 7532 1390 4010 7533 1405 4011 7534 1406 4012 7535 1390 4013 7536 1406 4014 7537 1391 4013 7538 1406 4015 7539 1407 4015 7540 1391 4015 7541 1391 4016 7542 1407 4017 7543 1408 4018 7544 1391 4019 7545 1408 4020 7546 1392 4021 7547 1408 4022 7548 1409 4023 7549 1392 4023 7550 1392 4024 7551 1409 4024 7552 1410 4025 7553 1392 4026 7554 1410 4027 7555 1393 4028 7556 1393 4029 7557 1410 4029 7558 1411 4029 7559 1411 4030 7560 1412 4030 7561 1393 4030 7562 1393 4031 7563 1412 4031 7564 1413 4032 7565 1393 4033 7566 1413 4033 7567 1394 4033 7568 1413 4034 7569 1414 4035 7570 1394 4036 7571 1394 4037 7572 1414 4038 7573 1415 4039 7574 1394 4040 7575 1415 4041 7576 1387 4042 7577 1387 4043 7578 1415 4043 7579 1416 4043 7580 1387 4044 7581 1416 4045 7582 1395 4046 7583 1395 4046 7584 1416 4045 7585 1417 4047 7586 1395 4048 7587 1417 4049 7588 1396 4050 7589 1417 4049 7590 1418 4051 7591 1396 4050 7592 1396 4052 7593 1418 4052 7594 1419 4052 7595 1396 4053 7596 1419 4054 7597 1397 4055 7598 1419 4056 7599 1420 4057 7600 1397 4056 7601 1397 4058 7602 1420 4059 7603 1421 4060 7604 1397 4061 7605 1421 4061 7606 1398 4061 7607 1421 4062 7608 1422 4062 7609 1398 4062 7610 1398 4063 7611 1422 4063 7612 1423 4063 7613 1398 4064 7614 1423 4065 7615 1399 4066 7616 1423 4067 7617 1424 4068 7618 1399 4069 7619 1399 4070 7620 1424 4071 7621 1425 4072 7622 1399 4073 7623 1425 4073 7624 1375 4073 7625 1425 4074 7626 1426 4075 7627 1375 4076 7628 1375 4077 7629 1426 4078 7630 1427 4079 7631 1375 4080 7632 1427 4080 7633 1376 4081 7634 1376 4082 7635 1427 4083 7636 1428 4084 7637 1376 4085 7638 1428 4086 7639 1377 4087 7640 1377 4087 7641 1428 4086 7642 1429 4088 7643 1377 4089 7644 1429 4090 7645 1378 4091 7646 1429 4090 7647 1430 4092 7648 1378 4091 7649 1378 4093 7650 1430 4094 7651 1431 4095 7652 1378 4096 7653 1431 4097 7654 1386 4098 7655 1432 4099 7656 1385 4099 7657 1433 4099 7658 1433 4100 7659 1385 4101 7660 1386 4102 7661 1433 4103 7662 1386 4104 7663 1434 4105 7664 1434 4106 7665 1386 4106 7666 1431 4107 7667 1372 4108 7668 1371 4108 7669 1400 4108 7670 1400 4108 7671 1371 4108 7672 1435 4108 7673 1436 4109 7674 1417 4110 7675 1437 4110 7676 1437 4110 7677 1417 4110 7678 1416 4110 7679 1437 4111 7680 1416 4112 7681 1438 4113 7682 1438 4113 7683 1416 4112 7684 1415 4114 7685 1438 4115 7686 1415 4115 7687 1439 4116 7688 1439 4116 7689 1415 4115 7690 1414 4117 7691 1439 4118 7692 1414 4119 7693 1440 4120 7694 1440 4120 7695 1414 4119 7696 1413 4121 7697 1440 4122 7698 1413 4123 7699 1441 4124 7700 1441 4124 7701 1413 4123 7702 1412 4125 7703 1441 4126 7704 1412 4127 7705 1442 4128 7706 1442 4128 7707 1412 4127 7708 1411 4129 7709 1442 4130 7710 1411 4131 7711 1443 4132 7712 1443 4132 7713 1411 4131 7714 1410 4133 7715 1443 4134 7716 1410 4135 7717 1444 4136 7718 1444 4136 7719 1410 4135 7720 1409 4137 7721 1444 4138 7722 1409 4139 7723 1445 4139 7724 1445 4139 7725 1409 4139 7726 1408 4139 7727 1445 4140 7728 1408 4141 7729 1446 4141 7730 1446 4141 7731 1408 4141 7732 1407 4142 7733 1446 4143 7734 1407 4144 7735 1447 4145 7736 1447 4145 7737 1407 4144 7738 1406 4146 7739 1447 4147 7740 1406 4148 7741 1448 4149 7742 1448 4149 7743 1406 4148 7744 1405 4150 7745 1448 4151 7746 1405 4152 7747 1449 4153 7748 1449 4153 7749 1405 4152 7750 1404 4154 7751 1449 4155 7752 1404 4156 7753 1450 4157 7754 1450 4157 7755 1404 4156 7756 1403 4158 7757 1450 4159 7758 1403 4160 7759 1451 4161 7760 1451 4161 7761 1403 4160 7762 1402 4162 7763 1451 4163 7764 1402 4164 7765 1452 4165 7766 1402 4164 7767 1401 4166 7768 1452 4165 7769 1452 4167 7770 1401 4168 7771 1400 4169 7772 1452 4167 7773 1400 4169 7774 1453 4170 7775 1417 4171 7776 1436 4171 7777 1418 4171 7778 1418 4171 7779 1436 4171 7780 1454 4172 7781 1418 4173 7782 1454 4174 7783 1419 4175 7784 1419 4175 7785 1454 4174 7786 1455 4176 7787 1419 4177 7788 1455 4178 7789 1420 4179 7790 1420 4179 7791 1455 4178 7792 1456 4179 7793 1420 4180 7794 1456 4181 7795 1421 4182 7796 1421 4182 7797 1456 4181 7798 1457 4183 7799 1421 4184 7800 1457 4185 7801 1422 4186 7802 1422 4186 7803 1457 4185 7804 1458 4187 7805 1422 4188 7806 1458 4189 7807 1423 4190 7808 1423 4190 7809 1458 4189 7810 1459 4191 7811 1423 4192 7812 1459 4193 7813 1424 4194 7814 1424 4194 7815 1459 4193 7816 1460 4195 7817 1424 4196 7818 1460 4197 7819 1425 4198 7820 1425 4198 7821 1460 4197 7822 1461 4199 7823 1425 4200 7824 1461 4200 7825 1426 4200 7826 1426 4200 7827 1461 4200 7828 1462 4201 7829 1426 4202 7830 1462 4203 7831 1427 4203 7832 1427 4203 7833 1462 4203 7834 1463 4204 7835 1427 4205 7836 1463 4206 7837 1428 4207 7838 1428 4207 7839 1463 4206 7840 1464 4208 7841 1428 4209 7842 1464 4210 7843 1429 4211 7844 1429 4211 7845 1464 4210 7846 1465 4212 7847 1429 4213 7848 1465 4214 7849 1430 4215 7850 1430 4215 7851 1465 4214 7852 1466 4216 7853 1430 4217 7854 1466 4218 7855 1431 4219 7856 1431 4219 7857 1466 4218 7858 1467 4220 7859 1431 4221 7860 1467 4222 7861 1434 4223 7862 1434 4223 7863 1467 4222 7864 1468 4224 7865 1434 4225 7866 1468 4226 7867 1433 4227 7868 1433 4228 7869 1468 4229 7870 1469 4230 7871 1433 4228 7872 1469 4230 7873 1432 4231 7874 1432 4232 7875 1470 4232 7876 1385 4232 7877 1385 4232 7878 1470 4232 7879 1384 4232 7880 1373 4233 7881 1471 4234 7882 1472 4235 7883 1373 4233 7884 1472 4235 7885 1379 4236 7886 1379 4237 7887 1472 4238 7888 1473 4239 7889 1379 4237 7890 1473 4239 7891 1380 4240 7892 1380 4241 7893 1473 4242 7894 1474 4243 7895 1380 4241 7896 1474 4243 7897 1381 4244 7898 1381 4245 7899 1474 4246 7900 1435 4247 7901 1381 4245 7902 1435 4247 7903 1371 4248 7904 1453 0 7905 1400 0 7906 1475 0 7907 1475 0 7908 1400 0 7909 1435 0 7910 1384 4249 7911 1470 4250 7912 1476 4251 7913 1384 4249 7914 1476 4251 7915 1382 4252 7916 1382 4253 7917 1476 4254 7918 1477 4255 7919 1382 4253 7920 1477 4255 7921 1383 4256 7922 1383 4257 7923 1477 4258 7924 1478 4259 7925 1383 4257 7926 1478 4259 7927 1374 4260 7928 1344 4261 7929 1343 4262 7930 1468 4263 7931 1468 4264 7932 1343 4265 7933 1352 4266 7934 1468 4264 7935 1352 4266 7936 1469 4267 7937 1468 4268 7938 1467 4269 7939 1344 4270 7940 1344 4271 7941 1467 4272 7942 1466 4271 7943 1344 4273 7944 1466 4274 7945 1346 4275 7946 1346 4275 7947 1466 4274 7948 1465 4276 7949 1346 4277 7950 1465 4278 7951 1347 4279 7952 1347 4279 7953 1465 4278 7954 1464 4280 7955 1347 4281 7956 1464 4282 7957 1361 4283 7958 1464 4284 7959 1463 4284 7960 1361 4284 7961 1361 4285 7962 1463 4286 7963 1462 4286 7964 1361 4287 7965 1462 4288 7966 1362 4289 7967 1462 4290 7968 1461 4291 7969 1362 4292 7970 1362 4293 7971 1461 4294 7972 1460 4295 7973 1362 4296 7974 1460 4297 7975 1363 4298 7976 1363 4299 7977 1460 4299 7978 1459 4299 7979 1459 4300 7980 1458 4300 7981 1363 4300 7982 1363 4301 7983 1458 4302 7984 1457 4302 7985 1363 4303 7986 1457 4304 7987 1366 4305 7988 1457 4306 7989 1456 4307 7990 1366 4308 7991 1366 4309 7992 1456 4310 7993 1455 4311 7994 1366 4312 7995 1455 4312 7996 1348 4312 7997 1348 4313 7998 1455 4313 7999 1454 4313 8000 1348 4314 8001 1454 4315 8002 1345 4316 8003 1345 4316 8004 1454 4315 8005 1436 4317 8006 1345 4318 8007 1436 4319 8008 1370 4320 8009 1436 4319 8010 1437 4321 8011 1370 4320 8012 1370 4322 8013 1437 4322 8014 1438 4322 8015 1370 4323 8016 1438 4323 8017 1367 4323 8018 1438 4324 8019 1439 4325 8020 1367 4326 8021 1367 4327 8022 1439 4328 8023 1440 4329 8024 1367 4330 8025 1440 4331 8026 1364 4332 8027 1440 4333 8028 1441 4334 8029 1364 4334 8030 1364 4335 8031 1441 4335 8032 1442 4335 8033 1364 4336 8034 1442 4337 8035 1365 4338 8036 1442 4339 8037 1443 4340 8038 1365 4341 8039 1365 4342 8040 1443 4343 8041 1444 4343 8042 1365 4344 8043 1444 4344 8044 1368 4344 8045 1444 4345 8046 1445 4346 8047 1368 4345 8048 1368 4347 8049 1445 4348 8050 1446 4348 8051 1368 4349 8052 1446 4350 8053 1369 4351 8054 1446 4352 8055 1447 4353 8056 1369 4354 8057 1369 4355 8058 1447 4356 8059 1448 4357 8060 1369 4358 8061 1448 4359 8062 1354 4360 8063 1448 4361 8064 1449 4362 8065 1354 4362 8066 1354 4363 8067 1449 4364 8068 1450 4364 8069 1354 4365 8070 1450 4366 8071 1353 4367 8072 1453 4368 8073 1351 4368 8074 1452 4368 8075 1452 4369 8076 1351 4370 8077 1353 4371 8078 1452 4372 8079 1353 4373 8080 1451 4374 8081 1451 4375 8082 1353 4376 8083 1450 4377 8084 1469 165 8085 1479 165 8086 1432 165 8087 1432 165 8088 1479 165 8089 1470 165 8090 1471 4378 8091 1373 4379 8092 1478 4380 8093 1478 4380 8094 1373 4379 8095 1374 4381 8096 1471 4382 8097 1480 4382 8098 1481 4382 8099 1471 4383 8100 1481 4383 8101 1472 4383 8102 1472 4384 8103 1481 4385 8104 1482 4386 8105 1472 4387 8106 1482 4388 8107 1473 4389 8108 1473 4390 8109 1482 4391 8110 1483 4392 8111 1473 4393 8112 1483 4394 8113 1474 4395 8114 1474 4396 8115 1483 4396 8116 1475 4396 8117 1474 4397 8118 1475 4398 8119 1435 4399 8120 1351 4400 8121 1453 4400 8122 1349 4401 8123 1349 4401 8124 1453 4400 8125 1475 4402 8126 1470 4403 8127 1479 4404 8128 1484 4405 8129 1470 4403 8130 1484 4405 8131 1476 4406 8132 1476 4407 8133 1484 4408 8134 1485 4409 8135 1476 4407 8136 1485 4409 8137 1477 4410 8138 1477 4411 8139 1485 4412 8140 1486 4411 8141 1477 4411 8142 1486 4411 8143 1478 4413 8144 1352 4414 8145 1350 4415 8146 1469 4414 8147 1469 4414 8148 1350 4415 8149 1479 4416 8150 1471 467 8151 1478 467 8152 1480 467 8153 1480 467 8154 1478 467 8155 1486 467 8156 1349 4417 8157 1475 4418 8158 1483 4419 8159 1349 4417 8160 1483 4419 8161 1360 4420 8162 1360 4421 8163 1483 4422 8164 1482 4421 8165 1360 4423 8166 1482 4423 8167 1359 4423 8168 1482 4424 8169 1481 4425 8170 1359 4425 8171 1359 4426 8172 1481 4427 8173 1480 4428 8174 1359 4426 8175 1480 4428 8176 1358 4429 8177 1357 4430 8178 1486 4431 8179 1485 4432 8180 1357 4430 8181 1485 4432 8182 1355 4433 8183 1355 4434 8184 1485 4435 8185 1484 4436 8186 1355 4434 8187 1484 4436 8188 1356 4437 8189 1356 4438 8190 1484 4439 8191 1479 4440 8192 1356 4438 8193 1479 4440 8194 1350 4441 8195 1358 4442 8196 1480 4443 8197 1357 4444 8198 1357 4444 8199 1480 4443 8200 1486 4445 8201</p>
        </triangles>
      </mesh>
    </geometry>
  </library_geometries>
  <library_visual_scenes>
    <visual_scene id="Scene" name="Scene">
      <node id="right_arm_link4" name="right_arm_link4" type="NODE">
        <matrix sid="transform">1 0 0 0 0 1 0 0 0 0 1 0 0 0 0 1</matrix>
        <instance_geometry url="#right_arm_link4-mesh" name="right_arm_link4">
          <bind_material>
            <technique_common>
              <instance_material symbol="材质-material" target="#材质-material">
                <bind_vertex_input semantic="UVMap" input_semantic="TEXCOORD" input_set="0"/>
              </instance_material>
            </technique_common>
          </bind_material>
        </instance_geometry>
      </node>
    </visual_scene>
  </library_visual_scenes>
  <scene>
    <instance_visual_scene url="#Scene"/>
  </scene>
</COLLADA>