<?xml version="1.0" encoding="utf-8"?>
<COLLADA xmlns="http://www.collada.org/2005/11/COLLADASchema" version="1.4.1" xmlns:xsi="http://www.w3.org/2001/XMLSchema-instance">
  <asset>
    <contributor>
      <author>Blender User</author>
      <authoring_tool>Blender 4.5.5 LTS commit date:2025-11-17, commit time:16:03, hash:836beaaf597a</authoring_tool>
    </contributor>
    <created>2026-01-08T13:41:56</created>
    <modified>2026-01-08T13:41:56</modified>
    <unit name="meter" meter="1"/>
    <up_axis>Z_UP</up_axis>
  </asset>
  <library_effects>
    <effect id="材质_028-effect">
      <profile_COMMON>
        <newparam sid="texture_jpeg-surface">
          <surface type="2D">
            <init_from>texture_jpeg</init_from>
          </surface>
        </newparam>
        <newparam sid="texture_jpeg-sampler">
          <sampler2D>
            <source>texture_jpeg-surface</source>
          </sampler2D>
        </newparam>
        <technique sid="common">
          <lambert>
            <emission>
              <color sid="emission">0 0 0 1</color>
            </emission>
            <diffuse>
              <texture texture="texture_jpeg-sampler" texcoord="UVMap"/>
            </diffuse>
            <index_of_refraction>
              <float sid="ior">1.5</float>
            </index_of_refraction>
          </lambert>
        </technique>
      </profile_COMMON>
    </effect>
  </library_effects>
  <library_images>
    <image id="texture_jpeg" name="texture_jpeg">
      <init_from>texture.jpeg</init_from>
    </image>
  </library_images>
  <library_materials>
    <material id="材质_028-material" name="材质.028">
      <instance_effect url="#材质_028-effect"/>
    </material>
  </library_materials>
  <library_geometries>
    <geometry id="right_D405_link-mesh" name="right_D405_link">
      <mesh>
        <source id="right_D405_link-mesh-positions">
          <float_array id="right_D405_link-mesh-positions-array" count="8487">0.005745947 0.02683895 0.031708 0.005707979 0.02686095 0.03174597 0.005706965 0.05261695 0.001050949 0.005479991 0.02696496 0.03188699 0.005499958 0.05273896 0.001152992 0.005264997 0.02706599 0.03190296 0.004999995 0.05284196 0.001239955 0.005080997 0.02715998 0.03184098 0.004999995 0.02717596 0.03182697 0.00583595 0.02678197 0.03159499 0.005865991 0.052459 9.18e-4 0.005944967 0.02668398 0.03136795 0.005999982 0.05207598 5.97e-4 0.005999982 0.02662998 0.03092098 0.005996942 0.02661597 0.03105199 -0.004999995 -0.000999987 -0.02992999 -0.005999982 -0.000999987 -0.02892994 -0.004999995 0.03217995 -0.02992999 -0.005999982 0.03217995 -0.02892994 0.023 0.03293097 -0.02199399 0.02399998 0.03357398 -0.02275997 0.023 0.05222499 -0.005804955 0.02399998 0.05286794 -0.006570994 0.01299995 0.05222499 -0.005804955 0.01299995 0.03293097 -0.02199399 0.01299995 0.03235995 -0.022394 0.023 0.03172796 -0.02268898 0.01299995 0.03035998 -0.02292996 0.023 0.03035998 -0.02292996 0.01299995 0.03105497 -0.02286899 0.01299995 0.03172796 -0.02268898 0.02399998 0.03035998 -0.02392995 0.02399998 0.03206998 -0.02362799 0.023 -0.000999987 -0.02292996 0.02399998 -0.000999987 -0.02392995 0.023 -0.000999987 -0.02992999 0.02399998 -0.000999987 -0.02892994 0.02361899 -0.002912998 -0.02892994 0.02269595 -0.002530992 -0.02992999 0.02253597 -0.004535973 -0.02892994 0.02182799 -0.003827989 -0.02992999 0.020913 -0.005618989 -0.02892994 0.02053099 -0.004695951 -0.02992999 0.01899999 -0.005999982 -0.02892994 0.01899999 -0.004999995 -0.02992999 0.020913 -0.005618989 -0.02392995 0.01899999 -0.005999982 -0.02392995 0.02253597 -0.004535973 -0.02392995 0.02362799 -0.002891957 -0.02392995 0.02361899 -0.002912998 -0.02392995 0.02269595 -0.002530992 -0.02292996 0.02182799 -0.003827989 -0.02292996 0.02053099 -0.004695951 -0.02292996 0.01899999 -0.004999995 -0.02292996 -0.000999987 -0.004999995 -0.02292996 -0.000999987 -0.005999982 -0.02392995 -0.000999987 -0.005999982 -0.02892994 -0.000999987 -0.004999995 -0.02992999 -0.002912998 -0.005618989 -0.02892994 -0.002530992 -0.004695951 -0.02992999 -0.004535973 -0.004535973 -0.02892994 -0.003827989 -0.003827989 -0.02992999 -0.005618989 -0.002912998 -0.02892994 -0.004695951 -0.002530992 -0.02992999 -0.005618989 -0.002912998 -0.02392995 -0.005999982 -0.000999987 -0.02392995 -0.004535973 -0.004535973 -0.02392995 -0.002891957 -0.005627989 -0.02392995 -0.002912998 -0.005618989 -0.02392995 -0.002530992 -0.004695951 -0.02292996 -0.003827989 -0.003827989 -0.02292996 -0.004695951 -0.002530992 -0.02292996 -0.004999995 -0.000999987 -0.02292996 -0.004999995 0.03035998 -0.02292996 -0.005999982 0.03035998 -0.02392995 0.005999982 0.03228896 -0.02122795 0.005999982 0.05158299 -0.005038976 0.005865991 0.03260999 -0.02161097 0.005865991 0.05190396 -0.005421996 0.005499958 0.03284496 -0.02189195 0.005499958 0.05213898 -0.005701959 0.004999995 0.03293097 -0.02199399 0.004999995 0.05222499 -0.005804955 -0.004999995 0.03293097 -0.02199399 -0.004999995 0.05222499 -0.005804955 -0.005999982 0.05286794 -0.006570994 -0.005999982 0.03357398 -0.02275997 -0.004999995 0.03172796 -0.02268898 -0.005999982 0.03206998 -0.02362799 0.004999995 0.03235995 -0.022394 0.004999995 0.03172796 -0.02268898 0.004999995 0.03105497 -0.02286899 0.004999995 0.03035998 -0.02292996 0.005706965 0.03035998 -0.02263695 0.005865991 0.03035998 -0.02243 0.005865991 0.03096795 -0.02237695 0.005499958 0.03229296 -0.02227795 0.005499958 0.03168296 -0.02256298 0.005499958 0.03103196 -0.02273696 0.005499958 0.03035998 -0.02279597 0.005865991 0.03155696 -0.022219 0.005865991 0.03210997 -0.02196097 0.005999982 0.03185999 -0.021528 0.005999982 0.03138595 -0.02174896 0.005999982 0.03088098 -0.02188396 0.005999982 0.03035998 -0.02192997 0.01135897 0.022457 -0.02283298 0.01123297 0.02200496 -0.02288895 0.01203894 0.02306896 -0.02291595 0.01244598 0.02464395 -0.02284198 0.01233994 0.02467298 -0.02278399 0.01174098 0.02323496 -0.02279096 0.01211994 0.02473294 -0.02259296 0.01159399 0.02332395 -0.02266299 0.01170498 0.02375799 -0.02254998 0.01170897 0.02377599 -0.02254498 0.01208597 0.02474194 -0.022551 0.01192098 0.02478694 -0.022228 0.01240795 0.02381098 -0.02291595 0.01256799 0.02461099 -0.02288895 0.01099997 0.02117997 -0.02292996 0.01107394 0.02128499 -0.02292996 0.01209896 0.02283495 -0.02292996 0.01256197 0.023745 -0.02292996 0.01284199 0.02453696 -0.02292996 0.01136398 0.02443796 -0.02181297 0.01099997 0.02439397 -0.02175998 0.01099997 0.023476 -0.02237194 0.01186597 0.024715 -0.022143 0.01172095 0.02459096 -0.02199494 0.0115 0.02447998 -0.02186298 0.01136398 0.02350795 -0.02243298 0.01099997 0.02288997 -0.02262794 0.01099997 0.02227699 -0.02280795 0.006281971 0.02381098 -0.02253496 0.006253957 0.02392899 -0.02250099 0.006234943 0.02397197 -0.02250099 0.006999969 0.02117997 -0.02292996 0.006647944 0.02243196 -0.02283698 0.006017982 0.02263897 -0.02292996 0.006213963 0.02289599 -0.02288395 0.00595498 0.02274298 -0.02292996 0.005759954 0.02375698 -0.02288395 0.005486965 0.02363395 -0.02292996 0.005562961 0.02424597 -0.02288395 0.005279958 0.02414596 -0.02292996 0.006249964 0.02394795 -0.02249497 0.006078958 0.02478694 -0.022228 0.006053984 0.02441996 -0.02250099 0.006636977 0.02247196 -0.02283096 0.006489992 0.02300798 -0.02273398 0.006464958 0.02304595 -0.02273595 0.006477952 0.02305197 -0.02272498 0.006025969 0.02387696 -0.02273595 0.006335973 0.02359497 -0.02259397 0.005157947 0.02453696 -0.02292996 0.005276978 0.02415299 -0.02292996 0.005224943 0.02455496 -0.02292799 0.005418956 0.024607 -0.02289295 0.005605995 0.02465796 -0.022816 0.005772948 0.02470397 -0.02269995 0.005837976 0.02434396 -0.02273595 0.005910992 0.02474099 -0.02255499 0.006133973 0.024715 -0.022143 0.006999969 0.023476 -0.02237194 0.006635963 0.02350795 -0.02243298 0.006999969 0.02288997 -0.02262794 0.006999969 0.02227699 -0.02280795 0.006278991 0.02459096 -0.02199494 0.006499946 0.02447998 -0.02186298 0.006635963 0.02443796 -0.02181297 0.006999969 0.02439397 -0.02175998 0.01099997 0.03397297 -0.013722 0.006999969 0.03397297 -0.013722 0.006999969 0.03485494 -0.01275998 0.01099997 0.03465896 -0.01302194 0.006999969 0.03519499 -0.01220095 0.01099997 0.03519499 -0.01220095 0.006999969 0.03545796 -0.01160198 0.01099997 0.03555995 -0.01129096 0.006999969 0.03574097 -0.01032799 0.01099997 0.03574097 -0.01032799 0.01099997 0.03722798 0.006677985 0.006999969 0.03722798 0.006677985 0.006999969 0.03717094 0.007981956 0.01099997 0.03717094 0.007981956 0.006999969 0.03701597 0.008617997 0.01099997 0.03701597 0.008617997 0.006999969 0.03677898 0.009226977 0.01099997 0.03677898 0.009226977 0.006999969 0.03607797 0.01032799 0.01099997 0.03607797 0.01032799 0.005999982 0.02615898 0.02552795 0.006014943 0.02645796 0.030936 0.006072998 0.02578395 0.02555996 0.006072998 0.02625596 0.030954 0.006157994 0.02609199 0.03096795 0.006288945 0.02545797 0.02558898 0.006289958 0.02592897 0.03098297 0.006449997 0.02579897 0.03099399 0.006614983 0.02523899 0.025608 0.006614983 0.02571099 0.03100198 0.006999969 0.02516198 0.02561497 0.006999969 0.02563399 0.031008 0.006999969 0.02537494 0.02367496 0.006999969 0.02521896 0.024311 0.006614983 0.02529495 0.02432399 0.006614983 0.02637195 0.02201497 0.006999969 0.02631294 0.02196496 0.006999969 0.02561199 0.02306598 0.006072998 0.02617698 0.02332997 0.005999982 0.02632796 0.02397596 0.005999982 0.02707898 0.02260798 0.006614983 0.02568197 0.02309799 0.006499946 0.026416 0.02205097 0.006288945 0.02587997 0.02319097 0.006072998 0.02679097 0.02236598 0.006133973 0.02669596 0.02228599 0.006288945 0.02653998 0.022156 0.006288945 0.02551096 0.02436196 0.006072998 0.02583396 0.02441895 0.005999982 0.03684395 0.01097095 0.006072998 0.036556 0.01072895 0.006133973 0.03646099 0.01064997 0.006288945 0.03630495 0.01051896 0.006499946 0.03617995 0.010414 0.006614983 0.03613698 0.010378 0.006614983 0.03684896 0.009259998 0.006072998 0.03734499 0.009490966 0.005999982 0.03732699 0.01030796 0.006288945 0.03704798 0.009352982 0.005999982 0.03807896 0.008524 0.005999982 0.03822499 0.006590962 0.006072998 0.03778594 0.008090972 0.006072998 0.03784996 0.006623983 0.006288945 0.03746294 0.00803399 0.006288945 0.03752398 0.006652951 0.006614983 0.037247 0.007995963 0.006614983 0.03730499 0.006671965 0.005999982 0.03673696 -0.01041495 0.006133973 0.03623896 -0.01037096 0.006292998 0.03603196 -0.01035296 0.006499946 0.03587394 -0.01033896 0.00661695 0.03581595 -0.01033395 0.005999982 0.03639799 -0.01194399 0.006133973 0.03592795 -0.01177299 0.005999982 0.03567397 -0.01333296 0.005999982 0.03461599 -0.01448798 0.006133973 0.03526496 -0.01304697 0.006133973 0.03429496 -0.01410496 0.006499946 0.03496497 -0.01283699 0.006499946 0.03406 -0.01382499 0.006499946 0.03558397 -0.01164799 0.005999982 0.025747 -0.02192997 0.006014943 0.02532297 -0.022062 0.006019949 0.02526098 -0.02208095 0.005931973 0.025747 -0.02229398 0.005897998 0.02524495 -0.02243 0.005778968 0.02522999 -0.022596 0.005626976 0.02520996 -0.02273595 0.005447983 0.02518695 -0.02284097 0.005029976 0.025213 -0.02292996 0.005255997 0.02516198 -0.022906 0.005382955 0.025747 -0.02285397 0.004999995 0.025747 -0.02292996 0.005923986 0.025747 -0.02231299 0.005837976 0.025747 -0.022475 0.005706965 0.025747 -0.02263695 0.005706965 0.025747 -0.02263695 0.005999982 0.05251199 -3.8e-5 0.005999982 0.052818 -7.45e-4 0.005999982 0.05298495 -0.001515984 0.005999982 0.05299794 -0.002303957 0.005999982 0.05285596 -0.00307995 0.005999982 0.05256396 -0.003812968 0.005999982 0.05213397 -0.004473984 0.005499958 0.05326896 3.81e-4 0.005865991 0.05252397 -0.004786968 0.005865991 0.05300796 -0.004042983 0.005865991 0.05333596 -0.003217995 0.005865991 0.053496 -0.002344965 0.005865991 0.05348199 -0.001457989 0.005865991 0.053294 -5.91e-4 0.005865991 0.05294895 2.04e-4 0.005499958 0.05364197 -4.78e-4 0.005499958 0.05384498 -0.001415967 0.005499958 0.05386096 -0.00237596 0.005499958 0.05368798 -0.003319978 0.005499958 0.05333298 -0.004210948 0.005499958 0.05280995 -0.005015969 0.004999995 0.05291497 -0.005098998 0.004999995 0.05345195 -0.004272997 0.004999995 0.05381697 -0.003356993 0.004999995 0.05399399 -0.002386987 0.004999995 0.05397796 -0.001400947 0.004999995 0.05376899 -4.37e-4 0.004999995 0.05338698 4.46e-4 -0.004999995 0.05284196 0.001239955 -0.004999995 0.05377995 -4.71e-4 -0.004999995 0.05344694 -0.004282951 -0.004999995 0.05399197 -0.002409994 -0.005999982 0.053608 0.001881957 -0.005999982 0.05473399 -1.7e-4 -0.005999982 0.05498898 -0.002496957 -0.005999982 0.05433398 -0.004744946 -0.004999995 0.02717596 0.03182697 -0.005999982 0.027942 0.03246998 -0.004999995 0.02623796 0.03353697 -0.005999982 0.02719098 0.03383797 -0.004999995 0.02602499 0.03547698 -0.005999982 0.02702099 0.03538894 -0.004999995 0.02615696 0.03698599 -0.005999982 0.02715295 0.03689795 0.023 0.027924 0.04038 -0.004999995 0.027924 0.04038 -0.004999995 0.026703 0.03885895 0.023 0.026703 0.03885895 0.023 0.02615696 0.03698599 -0.005999982 0.02758997 0.03839695 -0.005999982 0.02856695 0.03961396 -0.004999995 0.02901899 0.04129797 -0.005999982 0.02966195 0.04053199 -0.005999982 0.06565797 -0.002365946 -0.005999982 0.03388994 -0.02862799 -0.005999982 0.03539395 -0.02775996 -0.004999995 0.03603696 -0.02852594 -0.004999995 0.03423196 -0.02956795 0.023 0.03603696 -0.02852594 0.01248496 0.06300598 -0.005895972 0.01592397 0.06346297 -0.005512952 0.01927196 0.06421798 -0.004878997 0.02248597 0.065261 -0.004003942 0.023 0.06545996 -0.003836989 -0.001271963 0.06421798 -0.004878997 -0.004485964 0.065261 -0.004003942 -0.004999995 0.06545996 -0.003836989 0.00207597 0.06346297 -0.005512952 0.005514979 0.06300598 -0.005895972 0.008999943 0.06285297 -0.006024956 0.023 0.03217995 -0.02992999 0.023 0.03423196 -0.02956795 0.02399998 0.03217995 -0.02892994 0.02399998 0.03388994 -0.02862799 0.02399998 0.03539395 -0.02775996 0.01899999 0.001699984 -0.02692997 0.01899999 0.001699984 -0.02292996 0.01814997 0.001471996 -0.02692997 0.01814997 0.001471996 -0.02292996 0.01752799 8.5e-4 -0.02692997 0.01752799 8.5e-4 -0.02292996 0.01729995 0 -0.02692997 0.01729995 0 -0.02292996 0.01752799 -8.5e-4 -0.02692997 0.01752799 -8.5e-4 -0.02292996 0.01814997 -0.001471996 -0.02692997 0.01814997 -0.001471996 -0.02292996 0.01899999 -0.001699984 -0.02692997 0.01899999 -0.001699984 -0.02292996 0.01984995 -0.001471996 -0.02692997 0.01984995 -0.001471996 -0.02292996 0.02047199 -8.5e-4 -0.02692997 0.02047199 -8.5e-4 -0.02292996 0.02069997 0 -0.02692997 0.02069997 0 -0.02292996 0.02047199 8.5e-4 -0.02692997 0.02047199 8.5e-4 -0.02292996 0.01984995 0.001471996 -0.02692997 0.01984995 0.001471996 -0.02292996 0.01749998 -0.002597987 -0.02692997 0.016402 -0.00149995 -0.02692997 0.01599997 0 -0.02692997 0.016402 0.00149995 -0.02692997 0.01749998 0.002597987 -0.02692997 0.01899999 0.002999961 -0.02692997 0.0205 0.002597987 -0.02692997 0.02159798 0.00149995 -0.02692997 0.02199995 0 -0.02692997 0.02159798 -0.00149995 -0.02692997 0.0205 -0.002597987 -0.02692997 0.01899999 -0.002999961 -0.02692997 0.01899999 -0.002999961 -0.02992999 0.0205 -0.002597987 -0.02992999 0.02159798 -0.00149995 -0.02992999 0.02199995 0 -0.02992999 0.02159798 0.00149995 -0.02992999 0.0205 0.002597987 -0.02992999 0.01899999 0.002999961 -0.02992999 0.01749998 0.002597987 -0.02992999 0.016402 0.00149995 -0.02992999 0.01599997 0 -0.02992999 0.016402 -0.00149995 -0.02992999 0.01749998 -0.002597987 -0.02992999 -0.000999987 -0.002999961 -0.02692997 -0.000999987 -0.002999961 -0.02992999 -0.002499997 -0.002597987 -0.02692997 -0.002499997 -0.002597987 -0.02992999 -0.003597974 -0.00149995 -0.02692997 -0.003597974 -0.00149995 -0.02992999 -0.003999948 0 -0.02692997 -0.003999948 0 -0.02992999 -0.003597974 0.00149995 -0.02692997 -0.003597974 0.00149995 -0.02992999 -0.002499997 0.002597987 -0.02692997 -0.002499997 0.002597987 -0.02992999 -0.000999987 0.002999961 -0.02692997 -0.000999987 0.002999961 -0.02992999 0.00159794 0.00149995 -0.02992999 5e-4 0.002597987 -0.02992999 5e-4 -0.002597987 -0.02992999 0.00159794 -0.00149995 -0.02992999 0.001999974 0 -0.02992999 5e-4 0.002597987 -0.02692997 0.00159794 0.00149995 -0.02692997 0.001999974 0 -0.02692997 0.00159794 -0.00149995 -0.02692997 5e-4 -0.002597987 -0.02692997 -0.002699971 0 -0.02692997 -0.002471983 8.5e-4 -0.02692997 -0.001849949 0.001471996 -0.02692997 -0.000999987 0.001699984 -0.02692997 -1.5e-4 0.001471996 -0.02692997 4.72e-4 8.5e-4 -0.02692997 7e-4 0 -0.02692997 4.72e-4 -8.5e-4 -0.02692997 -1.5e-4 -0.001471996 -0.02692997 -0.000999987 -0.001699984 -0.02692997 -0.001849949 -0.001471996 -0.02692997 -0.002471983 -8.5e-4 -0.02692997 -0.000999987 -0.001699984 -0.02292996 -0.001849949 -0.001471996 -0.02292996 -0.002471983 -8.5e-4 -0.02292996 -0.002699971 0 -0.02292996 -0.002471983 8.5e-4 -0.02292996 -0.001849949 0.001471996 -0.02292996 -0.000999987 0.001699984 -0.02292996 -1.5e-4 0.001471996 -0.02292996 4.72e-4 8.5e-4 -0.02292996 7e-4 0 -0.02292996 4.72e-4 -8.5e-4 -0.02292996 -1.5e-4 -0.001471996 -0.02292996 0.01299995 0.025747 -0.02292996 0.01295 0.02505797 -0.02292996 0.01197499 0.02520096 -0.02209997 0.01206696 0.025747 -0.02228897 0.01199996 0.025747 -0.02192997 0.01197999 0.02526098 -0.02208095 0.012878 0.02514499 -0.02292597 0.01253896 0.02518796 -0.02283495 0.01232296 0.02521598 -0.02269595 0.01209896 0.02524495 -0.02242594 0.01224797 0.025747 -0.02258998 0.01244294 0.025747 -0.02276098 0.01276695 0.025747 -0.02290195 0.01261699 0.025747 -0.02285397 0.01199996 0.03461599 -0.01448798 0.01186597 0.03429496 -0.01410496 0.0115 0.03406 -0.01382499 0.01170694 0.03603196 -0.01035296 0.0115 0.03587394 -0.01033896 0.0115 0.03568798 -0.01132899 0.01199996 0.03673696 -0.01041495 0.01186597 0.03623896 -0.01037096 0.01186597 0.03603994 -0.01143097 0.0115 0.03531295 -0.012263 0.0115 0.03476297 -0.01310497 0.01186597 0.03563797 -0.01243197 0.01186597 0.03504896 -0.01333498 0.01199996 0.03652 -0.01157099 0.01199996 0.03608196 -0.01266199 0.01199996 0.03543895 -0.01364696 0.01199996 0.03822499 0.006590962 0.01192396 0.03784298 0.006624996 0.01170694 0.03751999 0.006652951 0.01138299 0.03730398 0.006671965 0.01138299 0.03724598 0.007995963 0.01138299 0.03613597 0.01037698 0.01138299 0.03684794 0.009258985 0.0115 0.03617995 0.010414 0.01170694 0.03704398 0.009350955 0.01192396 0.03733795 0.009487986 0.01186597 0.03646099 0.01064997 0.01170694 0.03630197 0.01051598 0.01199996 0.03768497 0.009649991 0.01199996 0.03684395 0.01097095 0.01192396 0.03655099 0.01072496 0.01170694 0.03745996 0.008032977 0.01192396 0.03777897 0.008089959 0.01199996 0.03815597 0.008155941 0.01099997 0.02631294 0.02196496 0.01138496 0.02637195 0.02201497 0.0115 0.026416 0.02205097 0.011711 0.02653998 0.022156 0.01186597 0.02669596 0.02228599 0.01192694 0.02679097 0.02236598 0.01199996 0.02707898 0.02260798 0.01099997 0.02537494 0.02367496 0.01099997 0.02561199 0.02306598 0.01138496 0.02568197 0.02309799 0.01192694 0.02617698 0.02332997 0.011711 0.02587997 0.02319097 0.01099997 0.02521896 0.024311 0.01138496 0.02529495 0.02432399 0.011711 0.02551096 0.02436196 0.01192694 0.02583396 0.02441895 0.01199996 0.02632796 0.02397596 0.01199996 0.02615898 0.02552795 0.01192694 0.02578395 0.02555996 0.011711 0.02545797 0.02558898 0.01138496 0.02523899 0.025608 0.01099997 0.02516198 0.02561497 0.01099997 0.02563399 0.031008 0.01199996 0.02662998 0.03092098 0.011985 0.02645796 0.030936 0.01192694 0.02625596 0.030954 0.01184195 0.02609199 0.03096795 0.01170998 0.02592897 0.03098297 0.01154994 0.02579897 0.03099399 0.01138496 0.02571099 0.03100198 0.01259595 0.026021 0.03542798 0.01223897 0.02600395 0.03522497 0.01242399 0.02603697 0.03425598 0.01151895 0.02601099 0.03242295 0.01158797 0.02602899 0.03192996 0.01183897 0.02625197 0.03179395 0.01213896 0.02600598 0.03525698 0.01198196 0.02646297 0.03136599 0.01201099 0.02662497 0.03115898 0.01186996 0.02624696 0.03140896 0.01171195 0.02605098 0.031461 0.01151198 0.02588796 0.03151899 0.01128196 0.02577096 0.03157997 0.01103597 0.025707 0.03163999 0.01123595 0.02570199 0.03130298 0.01093995 0.02566295 0.03133898 0.01138496 0.02571099 0.03100198 0.01069796 0.02573996 0.03221195 0.01082795 0.02569395 0.03169494 0.01071095 0.02584099 0.03337699 0.01066499 0.02581697 0.03309398 0.01075094 0.02581197 0.03301095 0.01067095 0.02575498 0.03238797 0.01115995 0.025931 0.03439795 0.01082199 0.02587497 0.03375595 0.01130497 0.02591794 0.03409296 0.01113599 0.02587997 0.03339898 0.01169598 0.02600699 0.03345197 0.01253598 0.02661895 0.03245198 0.01261895 0.02700895 0.03190898 0.01282799 0.027116 0.03187596 0.01216399 0.02678197 0.03159499 0.01235699 0.02689296 0.03179895 0.01222294 0.02656894 0.032148 0.01245599 0.02693796 0.03186094 0.01203298 0.02651399 0.03167998 0.01210796 0.02673697 0.03149896 0.01204496 0.02667099 0.03133398 0.011913 0.026241 0.032516 0.01071494 0.02584296 0.03339695 0.01114594 0.02586096 0.03271299 0.01096796 0.02577197 0.032242 0.01068097 0.02574795 0.032314 0.01129198 0.02586495 0.03208297 0.01299995 0.02602499 0.03547698 0.01299995 0.02604699 0.03440397 0.01299995 0.026241 0.033526 0.01259595 0.02626597 0.03333795 0.01299995 0.02667796 0.03253698 0.01274698 0.02665597 0.03251999 0.011617 0.02597498 0.03489995 0.01167196 0.02596294 0.03472799 0.01198899 0.02601999 0.03390896 0.01228195 0.02624899 0.03313696 0.01205497 0.026241 0.03285199 0.011545 0.02600198 0.03294098 0.01298296 0.02717494 0.03182798 0.01299995 0.02717596 0.03182697 0.023 0.02717596 0.03182697 0.023 0.02623796 0.03353697 0.023 0.02602499 0.03547698 0.023 0.05284196 0.001239955 0.02399998 0.053608 0.001881957 0.02399998 0.027942 0.03246998 0.02399998 0.02702099 0.03538894 0.02399998 0.02719098 0.03383797 0.02399998 0.02715295 0.03689795 0.02399998 0.02856695 0.03961396 0.02399998 0.02758997 0.03839695 0.02279299 0.02972298 0.04123699 0.023 0.02901899 0.04129797 0.02349996 0.03017795 0.04069495 0.02399998 0.02966195 0.04053199 -0.004792988 0.02972298 0.04123699 -0.005499958 0.03017795 0.04069495 -0.005499958 0.06636196 -0.002427995 -0.005001962 0.06553697 -0.003769993 -0.005407989 0.06642097 -0.002497971 -0.005111992 0.06600296 -0.003234982 0.02172797 0.03936499 0.02974599 0.01765698 0.03809797 0.02868294 -0.003727972 0.03936499 0.02974599 0.013381 0.03732597 0.02803599 0.008999943 0.03706699 0.02781796 0.004618942 0.03732597 0.02803599 3.43e-4 0.03809797 0.02868294 0.02172797 0.06539797 -0.001278996 0.02160197 0.06534999 -0.001318991 0.01859897 0.06437498 -0.002136945 0.01765698 0.06413096 -0.002340972 0.01546996 0.06366997 -0.002728998 0.013381 0.06335896 -0.002988994 0.01225596 0.06324297 -0.003086984 0.008999943 0.06309998 -0.003206968 0.00574398 0.06324297 -0.003086984 3.43e-4 0.06413096 -0.002340972 0.002529978 0.06366997 -0.002728998 0.004618942 0.06335896 -0.002988994 -0.003727972 0.06539797 -0.001278996 -0.003601968 0.06534999 -0.001318991 -5.99e-4 0.06437498 -0.002136945 0.02175998 0.06555098 -0.001460969 0.02200496 0.06584495 -0.001810967 0.02165699 0.06571 -0.001919984 0.02217996 0.06565797 -0.003509998 0.02307599 0.06591498 -0.003355979 0.02300596 0.06631195 -0.002367973 0.02340799 0.06642097 -0.002497971 0.02332597 0.06633597 -0.002676963 0.02186095 0.06585699 -0.002739965 0.02253395 0.06614196 -0.002164959 0.01863998 0.064731 -0.002741992 0.005729973 0.06359398 -0.003695964 0.008999943 0.06344997 -0.003816962 0.01226997 0.06359398 -0.003695964 0.01549798 0.06402295 -0.003335952 0.002501964 0.06402295 -0.003335952 -6.4e-4 0.064731 -0.002741992 -0.003656983 0.06571 -0.001919984 -0.003835976 0.06567895 -0.001612961 -0.004725992 0.06621795 -0.002255976 -0.004179954 0.06565797 -0.003509998 0.01903897 0.06463795 -0.00436598 0.01576697 0.06389999 -0.004984974 0.01240599 0.06345397 -0.005359947 0.008999943 0.063304 -0.005484998 0.005593955 0.06345397 -0.005359947 0.002232968 0.06389999 -0.004984974 -0.001038968 0.06463795 -0.00436598 0.01879596 0.06486195 -0.003574967 0.01560294 0.06414198 -0.004178941 0.01232296 0.06370598 -0.00454396 0.008999943 0.06356 -0.004666984 0.005676984 0.06370598 -0.00454396 0.002396941 0.06414198 -0.004178941 -7.96e-4 0.06486195 -0.003574967 -0.00386095 0.06585699 -0.002739965 -0.004179954 0.06596499 -0.001953959 0.02399998 0.06565797 -0.002365946 0.02349996 0.06636196 -0.002427995 0.02399998 0.05473399 -1.7e-4 0.02399998 0.05498898 -0.002496957 0.02399998 0.05433398 -0.004744946 0.023 0.05344694 -0.004282951 0.023 0.05399197 -0.002409994 0.023 0.05377995 -4.71e-4 0.01299995 0.05289995 -0.005117952 0.01299995 0.05342996 -0.004313945 0.01299995 0.05380296 -0.003401994 0.01299995 0.05398994 -0.002433955 0.01299995 0.05398398 -0.001447975 0.01299995 0.05378395 -4.82e-4 0.01299995 0.05339795 4.25e-4 0.01299995 0.05284196 0.001239955 0.01229298 0.05261695 0.001050949 0.01213395 0.052459 9.18e-4 0.01213395 0.05295896 1.85e-4 0.01249998 0.05213898 -0.005701959 0.01249998 0.05279594 -0.005033969 0.01249998 0.053312 -0.004251956 0.01249998 0.05367499 -0.003363966 0.01249998 0.05385696 -0.002420961 0.01249998 0.05384999 -0.001461982 0.01249998 0.05365598 -5.22e-4 0.01249998 0.05327999 3.61e-4 0.01249998 0.05273896 0.001152992 0.01213395 0.05330598 -6.31e-4 0.01213395 0.05348598 -0.00149995 0.01213395 0.05349195 -0.002388 0.01213395 0.05332398 -0.003258943 0.01213395 0.05298799 -0.004079997 0.01213395 0.05251097 -0.004802942 0.01213395 0.05190396 -0.005421996 0.01199996 0.05158299 -0.005038976 0.01199996 0.05212199 -0.004488945 0.01199996 0.05254596 -0.003845989 0.01199996 0.052845 -0.003115952 0.01199996 0.05299496 -0.002341985 0.01199996 0.05298894 -0.001552999 0.01199996 0.05282896 -7.81e-4 0.01199996 0.05252099 -5.5e-5 0.01199996 0.05207598 5.97e-4 0.01199996 0.03228896 -0.02122795 0.01213395 0.03260999 -0.02161097 0.01249998 0.03284496 -0.02189195 0.01229298 0.03035998 -0.02263695 0.01249998 0.03035998 -0.02279597 0.01249998 0.03103196 -0.02273696 0.01213395 0.03210997 -0.02196097 0.01199996 0.03185999 -0.021528 0.01213395 0.03155696 -0.022219 0.01199996 0.03138595 -0.02174896 0.01213395 0.03096795 -0.02237695 0.01199996 0.03088098 -0.02188396 0.01213395 0.03035998 -0.02243 0.01199996 0.03035998 -0.02192997 0.01249998 0.03168296 -0.02256298 0.01249998 0.03229296 -0.02227795 0.01959794 0.02905899 0.02958297 0.01999998 0.03002297 0.02843397 0.01959794 0.03098696 0.02728497 0.01849997 0.03169298 0.02644395 0.01699995 0.03195095 0.02613598 0.01569795 0.03175997 0.02636396 0.01465499 0.02881997 0.02986699 0.01569795 0.02828496 0.030505 0.01699995 0.02809399 0.03073197 0.01849997 0.02835297 0.03042399 0.01465499 0.03122496 0.02700096 0.01407498 0.03045195 0.02792298 0.01407498 0.029594 0.02894496 0.01699995 0.03348296 0.02742195 0.01569795 0.03329199 0.02764898 0.01465499 0.03275698 0.02828699 0.01407498 0.03198397 0.029208 0.01407498 0.03112596 0.03023099 0.01465499 0.03035295 0.03115296 0.01569795 0.02981698 0.03178995 0.01699995 0.02962595 0.03201794 0.01849997 0.02988499 0.03170996 0.01959794 0.03059095 0.03086894 0.01999998 0.03155499 0.02971994 0.01959794 0.03251898 0.02857095 0.01849997 0.03322499 0.02772897 0.01539999 0.03155499 0.02971994 0.01561397 0.03206896 0.02910697 0.0162 0.03244495 0.02865797 0.01699995 0.03258299 0.028494 0.01779997 0.03244495 0.02865797 0.018386 0.03206896 0.02910697 0.01859998 0.03155499 0.02971994 0.018386 0.03104096 0.03033298 0.01779997 0.03066396 0.03078097 0.01699995 0.03052598 0.030945 0.0162 0.03066396 0.03078097 0.01561397 0.03104096 0.03033298 0.01859998 0.03615099 0.03357595 0.018386 0.03563696 0.03418898 0.01779997 0.03525996 0.03463798 0.01699995 0.03512299 0.03480195 0.0162 0.03525996 0.03463798 0.01561397 0.03563696 0.03418898 0.01539999 0.03615099 0.03357595 0.01561397 0.03666496 0.03296399 0.0162 0.03704196 0.03251498 0.01699995 0.03717994 0.03235095 0.01779997 0.03704196 0.03251498 0.018386 0.03666496 0.03296399 -6e-4 0.03615099 0.03357595 -3.86e-4 0.03666496 0.03296399 2e-4 0.03704196 0.03251498 0.000999987 0.03717994 0.03235095 2e-4 0.03525996 0.03463798 -3.86e-4 0.03563696 0.03418898 0.002385973 0.03666496 0.03296399 0.001799941 0.03704196 0.03251498 0.002599954 0.03615099 0.03357595 0.002385973 0.03563696 0.03418898 0.001799941 0.03525996 0.03463798 0.000999987 0.03512299 0.03480195 0.002599954 0.03155499 0.02971994 0.002385973 0.03206896 0.02910697 0.001799941 0.03244495 0.02865797 0.000999987 0.03258299 0.028494 2e-4 0.03244495 0.02865797 -3.86e-4 0.03206896 0.02910697 -6e-4 0.03155499 0.02971994 -3.86e-4 0.03104096 0.03033298 2e-4 0.03066396 0.03078097 0.000999987 0.03052598 0.030945 0.001799941 0.03066396 0.03078097 0.002385973 0.03104096 0.03033298 0.000999987 0.03348296 0.02742195 0.000999987 0.03195095 0.02613598 0.00230199 0.03329199 0.02764898 0.00230199 0.03175997 0.02636396 0.003344953 0.03275698 0.02828699 0.003344953 0.03122496 0.02700096 0.003924965 0.03198397 0.029208 0.003924965 0.03045195 0.02792298 0.003924965 0.03112596 0.03023099 0.003924965 0.029594 0.02894496 0.003344953 0.03035295 0.03115296 0.003344953 0.02881997 0.02986699 0.00230199 0.02981698 0.03178995 0.00230199 0.02828496 0.030505 0.000999987 0.02962595 0.03201794 0.000999987 0.02809399 0.03073197 -5e-4 0.02988499 0.03170996 -0.00159794 0.03059095 0.03086894 -0.001999974 0.03155499 0.02971994 -0.00159794 0.03251898 0.02857095 -5e-4 0.03322499 0.02772897 -5e-4 0.02835297 0.03042399 -0.00159794 0.02905899 0.02958297 -0.001999974 0.03002297 0.02843397 -0.00159794 0.03098696 0.02728497 -5e-4 0.03169298 0.02644395 0.004999995 0.02667796 0.03253698 0.004999995 0.02602499 0.03547698 0.004999995 0.02604699 0.03440397 0.004999995 0.026241 0.033526 0.006763994 0.02570199 0.03130298 0.006963968 0.025707 0.03163999 0.006717979 0.02577096 0.03157997 0.006807982 0.02593499 0.03444194 0.006694972 0.02591794 0.03409296 0.006863951 0.02587997 0.03339898 0.006327986 0.02596294 0.03472799 0.005771994 0.02600997 0.03529995 0.005307972 0.02602297 0.03544896 0.005401968 0.02601695 0.03538399 0.007331967 0.02575695 0.03241199 0.007348954 0.02580296 0.03293895 0.007248997 0.02581197 0.03301095 0.007279992 0.02584499 0.03341799 0.007177948 0.02587497 0.03375595 0.007058978 0.02566295 0.03133594 0.007157981 0.02568995 0.03164899 0.006487965 0.02588796 0.03151899 0.006287992 0.02605098 0.031461 0.00612998 0.02624696 0.03140896 0.006017982 0.02646297 0.03136599 0.006160974 0.02625197 0.03179395 0.006152987 0.02624696 0.03215897 0.005776941 0.02656894 0.032148 0.005463957 0.02661895 0.03245198 0.005252957 0.02665597 0.03251999 0.006086945 0.026241 0.032516 0.006454944 0.02600198 0.03294098 0.005944967 0.026241 0.03285199 0.006303966 0.02600699 0.03345197 0.005717992 0.02624899 0.03313696 0.006010949 0.02601999 0.03390896 0.005403995 0.02626597 0.03333795 0.005575954 0.02603697 0.03425598 0.005760967 0.02600395 0.03522497 0.006480991 0.02601099 0.03242295 0.006411969 0.02602899 0.03192996 0.006853997 0.02586096 0.03271299 0.006707966 0.02586495 0.03208297 0.007031977 0.02577197 0.032242 0.007169961 0.02569395 0.03168797 0.007330954 0.025756 0.03240495 0.006228983 0.02598595 0.03502595 -0.001624941 -0.001082956 -0.01742994 -0.002082943 -6.25e-4 -0.01742994 -0.000999987 -0.001249969 -0.01742994 -0.002249956 0 -0.01742994 -0.001624941 0.001082956 -0.01742994 -0.000999987 0.001249969 -0.01742994 -0.002082943 6.25e-4 -0.01742994 -3.75e-4 0.001082956 -0.01742994 -3.75e-4 -0.001082956 -0.01742994 8.3e-5 -6.25e-4 -0.01742994 2.5e-4 0 -0.01742994 8.3e-5 6.25e-4 -0.01742994 2.5e-4 0 -0.02292996 8.3e-5 -6.25e-4 -0.02292996 -3.75e-4 -0.001082956 -0.02292996 -0.000999987 -0.001249969 -0.02292996 -0.001624941 -0.001082956 -0.02292996 -0.002082943 -6.25e-4 -0.02292996 -0.002249956 0 -0.02292996 -0.002082943 6.25e-4 -0.02292996 -0.001624941 0.001082956 -0.02292996 -0.000999987 0.001249969 -0.02292996 -3.75e-4 0.001082956 -0.02292996 8.3e-5 6.25e-4 -0.02292996 0.01837497 -0.001082956 -0.01742994 0.01791697 -6.25e-4 -0.01742994 0.01899999 -0.001249969 -0.01742994 0.01774996 0 -0.01742994 0.01837497 0.001082956 -0.01742994 0.01899999 0.001249969 -0.01742994 0.01791697 6.25e-4 -0.01742994 0.01962494 0.001082956 -0.01742994 0.01962494 -0.001082956 -0.01742994 0.02008295 -6.25e-4 -0.01742994 0.02024996 0 -0.01742994 0.02008295 6.25e-4 -0.01742994 0.02024996 0 -0.02292996 0.02008295 -6.25e-4 -0.02292996 0.01962494 -0.001082956 -0.02292996 0.01899999 -0.001249969 -0.02292996 0.01837497 -0.001082956 -0.02292996 0.01791697 -6.25e-4 -0.02292996 0.01774996 0 -0.02292996 0.01791697 6.25e-4 -0.02292996 0.01837497 0.001082956 -0.02292996 0.01899999 0.001249969 -0.02292996 0.01962494 0.001082956 -0.02292996 0.02008295 6.25e-4 -0.02292996 0.007891952 0.01499998 -0.01687997 0.007003962 0.01499998 -0.01617199 0.008999943 0.01499998 -0.01202696 0.008999943 0.01499998 -0.01713299 0.01099598 0.01499998 -0.01617199 0.01010799 0.01499998 -0.01687997 0.007891952 0.01499998 -0.01227998 0.007003962 0.01499998 -0.01298797 0.006510972 0.01499998 -0.01401197 0.006510972 0.01499998 -0.01514798 0.01148897 0.01499998 -0.01401197 0.01148897 0.01499998 -0.01514798 0.01099598 0.01499998 -0.01298797 0.01010799 0.01499998 -0.01227998 0.008999943 0.01599997 -0.01713299 0.007891952 0.01599997 -0.01687997 0.007003962 0.01599997 -0.01617199 0.006510972 0.01599997 -0.01514798 0.006510972 0.01599997 -0.01401197 0.007003962 0.01599997 -0.01298797 0.007891952 0.01599997 -0.01227998 0.008999943 0.01599997 -0.01202696 0.01010799 0.01599997 -0.01227998 0.01099598 0.01599997 -0.01298797 0.01148897 0.01599997 -0.01401197 0.01148897 0.01599997 -0.01514798 0.01099598 0.01599997 -0.01617199 0.01010799 0.01599997 -0.01687997 0.005824983 0.01599997 -0.01457995 0.006066977 0.01599997 -0.01336497 0.006754994 0.01599997 -0.012335 0.007784962 0.01599997 -0.01164698 0.008999943 0.01599997 -0.01140499 0.01021498 0.01599997 -0.01164698 0.01124495 0.01599997 -0.012335 0.01193296 0.01599997 -0.01336497 0.01217496 0.01599997 -0.01457995 0.01193296 0.01599997 -0.01579499 0.01124495 0.01599997 -0.01682496 0.01021498 0.01599997 -0.01751297 0.008999943 0.01599997 -0.01775497 0.007784962 0.01599997 -0.01751297 0.006754994 0.01599997 -0.01682496 0.006066977 0.01599997 -0.01579499 0.008999943 0.0205 -0.01140499 0.01021498 0.0205 -0.01164698 0.01124495 0.0205 -0.012335 0.01193296 0.0205 -0.01336497 0.01217496 0.0205 -0.01457995 0.01193296 0.0205 -0.01579499 0.01124495 0.0205 -0.01682496 0.01021498 0.0205 -0.01751297 0.008999943 0.0205 -0.01775497 0.007784962 0.0205 -0.01751297 0.006754994 0.0205 -0.01682496 0.006066977 0.0205 -0.01579499 0.005824983 0.0205 -0.01457995 0.006066977 0.0205 -0.01336497 0.006754994 0.0205 -0.012335 0.007784962 0.0205 -0.01164698 0.008999943 0.02099996 -0.01825499 0.007593989 0.02099996 -0.01797497 0.006400942 0.02099996 -0.01717895 0.005604982 0.02099996 -0.01598596 0.005324959 0.02099996 -0.01457995 0.005604982 0.02099996 -0.01317399 0.006400942 0.02099996 -0.01198095 0.007593989 0.02099996 -0.01118499 0.008999943 0.02099996 -0.01090496 0.01040595 0.02099996 -0.01118499 0.011599 0.02099996 -0.01198095 0.01239496 0.02099996 -0.01317399 0.01267498 0.02099996 -0.01457995 0.01239496 0.02099996 -0.01598596 0.011599 0.02099996 -0.01717895 0.01040595 0.02099996 -0.01797497 0.03008997 0.009499967 -0.01778 0.02999997 0.009499967 -0.01778 0.02999997 0.009749948 -0.01771295 0.03008997 0.009749948 -0.01771295 0.02999997 0.009932994 -0.01752996 0.03008997 0.009932994 -0.01752996 0.02999997 0.00999999 -0.01727998 0.03008997 0.00999999 -0.01727998 0.03008997 0.00999999 -0.01187998 0.02999997 0.00999999 -0.01187998 0.02999997 0.009932994 -0.01162999 0.03008997 0.009932994 -0.01162999 0.02999997 0.009749948 -0.01144695 0.03008997 0.009749948 -0.01144695 0.02999997 0.009499967 -0.01137995 0.03008997 0.009499967 -0.01137995 0.02999997 -0.009499967 -0.01137995 0.03008997 -0.009499967 -0.01137995 0.02999997 -0.009749948 -0.01144695 0.03008997 -0.009749948 -0.01144695 0.02999997 -0.009932994 -0.01162999 0.03008997 -0.009932994 -0.01162999 0.02999997 -0.00999999 -0.01187998 0.03008997 -0.00999999 -0.01187998 0.03008997 -0.00999999 -0.01727998 0.03008997 -0.009499967 -0.01778 0.03008997 -0.009749948 -0.01771295 0.03008997 -0.009932994 -0.01752996 0.02999997 -0.00999999 -0.01727998 0.02999997 -0.009932994 -0.01752996 0.02999997 -0.009749948 -0.01771295 0.02999997 -0.009499967 -0.01778 -0.006779968 0.001619994 -0.01640999 -0.006779968 0.00178498 -0.01624494 -0.006779968 0.005824983 -0.01707994 -0.006779968 0.001844942 -0.01601999 -0.006779968 0.006124973 -0.01677995 -0.006779968 0.006084978 -0.01692998 -0.006779968 0.005974948 -0.01703995 -0.006779968 -0.005462944 -0.01531797 -0.006779968 -0.005365967 -0.01525294 -0.006779968 -0.00525099 -0.01523 -0.006779968 0.001039981 -0.01632595 -0.006779968 0.001189947 -0.01643198 -0.006779968 -0.005824983 -0.01707994 -0.006779968 0.001369953 -0.01646995 -0.006779968 0.001394987 -0.01646995 -0.006779968 0.006124973 -0.01552999 -0.006779968 0.001844942 -0.01552999 -0.006779968 1.4e-5 -0.01525497 -0.006779968 1.14e-4 -0.01532596 -0.006779968 -1.06e-4 -0.01523 -0.006779968 -0.006036996 -0.01589196 -0.006779968 -0.005974948 -0.01703995 -0.006779968 -0.006084978 -0.01692998 -0.006779968 -0.006124973 -0.01677995 -0.006779968 -0.006124973 -0.01610398 -0.006779968 -0.006101965 -0.015989 -0.006779968 0.005974948 -0.01526999 -0.006779968 0.006084978 -0.01537996 -0.006779968 0.005824983 -0.01523 -0.006779968 0.002144992 -0.01523 -0.006779968 0.001994967 -0.01526999 -0.006779968 0.001884996 -0.01537996 -0.01069998 -0.00525099 -0.01523 -0.01069998 -1.06e-4 -0.01523 -0.01069998 1.4e-5 -0.01525497 -0.01069998 1.14e-4 -0.01532596 -0.01069998 0.001039981 -0.01632595 -0.01069998 0.001189947 -0.01643198 -0.01069998 0.001369953 -0.01646995 -0.01069998 0.001394987 -0.01646995 -0.01069998 0.001619994 -0.01640999 -0.01069998 0.00178498 -0.01624494 -0.01069998 0.001844942 -0.01601999 -0.01069998 0.001844942 -0.01552999 -0.01069998 0.001884996 -0.01537996 -0.01069998 0.001994967 -0.01526999 -0.01069998 0.002144992 -0.01523 -0.01069998 0.005824983 -0.01523 -0.01069998 0.005974948 -0.01526999 -0.01069998 0.006084978 -0.01537996 -0.01069998 0.006124973 -0.01552999 -0.01069998 0.006124973 -0.01677995 -0.01069998 0.006084978 -0.01692998 -0.01069998 0.005974948 -0.01703995 -0.01069998 0.005824983 -0.01707994 -0.01069998 -0.005824983 -0.01707994 -0.01069998 -0.005974948 -0.01703995 -0.01069998 -0.006084978 -0.01692998 -0.01069998 -0.006124973 -0.01677995 -0.01069998 -0.006124973 -0.01610398 -0.01069998 -0.006101965 -0.015989 -0.01069998 -0.006036996 -0.01589196 -0.01069998 -0.005462944 -0.01531797 -0.01069998 -0.005365967 -0.01525294 -0.01069998 -0.006224989 -0.01774197 -0.01069998 -0.006736993 -0.01722997 -0.01069998 0.006224989 -0.01448798 -0.01069998 0.006736993 -0.01499998 -0.01069998 -0.006660997 -0.01562899 -0.01069998 -0.005595982 -0.01456397 -0.01069998 0.006924986 -0.01569998 -0.01069998 0.006924986 -0.01652997 -0.01069998 0.006736993 -0.01722997 -0.01069998 0.006224989 -0.01774197 -0.01069998 0.005524992 -0.01792997 -0.01069998 -0.005524992 -0.01792997 -0.01069998 0.005524992 -0.01429998 -0.01069998 -0.004958987 -0.01429998 -0.01069998 -0.005303978 -0.01436895 -0.01069998 -0.006924986 -0.01652997 -0.01069998 -0.006924986 -0.01626598 -0.01069998 -0.006855964 -0.01592099 -0.01199996 0.005524992 -0.01409995 -0.01179999 0.005524992 -0.01429998 -0.01199996 -0.004958987 -0.01409995 -0.01179999 -0.004958987 -0.01429998 -0.01199996 0.007002949 -0.01508796 -0.01199996 0.00712496 -0.01569998 -0.01179999 0.006924986 -0.01569998 -0.01179999 0.006817996 -0.01516395 -0.01179999 0.006736993 -0.01499998 -0.01199996 0.006655991 -0.01456898 -0.01179999 0.006514966 -0.01470994 -0.01199996 0.006136953 -0.01422196 -0.01179999 0.006060957 -0.01440697 -0.01179999 0.006224989 -0.01448798 -0.01199996 0.00712496 -0.01652997 -0.01179999 0.006924986 -0.01652997 -0.01199996 0.006136953 -0.01800799 -0.01199996 0.005524992 -0.01813 -0.01179999 0.005524992 -0.01792997 -0.01179999 0.006060957 -0.01782298 -0.01179999 0.006224989 -0.01774197 -0.01199996 0.006655991 -0.01766097 -0.01179999 0.006514966 -0.01751995 -0.01199996 0.007002949 -0.01714199 -0.01179999 0.006817996 -0.017066 -0.01179999 0.006736993 -0.01722997 -0.01199996 -0.005524992 -0.01813 -0.01179999 -0.005524992 -0.01792997 -0.01199996 -0.007002949 -0.01714199 -0.01199996 -0.00712496 -0.01652997 -0.01179999 -0.006924986 -0.01652997 -0.01179999 -0.006817996 -0.017066 -0.01179999 -0.006736993 -0.01722997 -0.01199996 -0.006655991 -0.01766097 -0.01179999 -0.006514966 -0.01751995 -0.01199996 -0.006136953 -0.01800799 -0.01179999 -0.006060957 -0.01782298 -0.01179999 -0.006224989 -0.01774197 -0.01179999 -0.006924986 -0.01626598 -0.01199996 -0.00712496 -0.01626598 -0.01179999 -0.006855964 -0.01592099 -0.01199996 -0.007040977 -0.015845 -0.01179999 -0.006660997 -0.01562899 -0.01199996 -0.006802976 -0.01548796 -0.01179999 -0.005595982 -0.01456397 -0.01199996 -0.005736947 -0.01442199 -0.01179999 -0.005303978 -0.01436895 -0.01199996 -0.005379974 -0.01418399 -0.008999943 0.00939995 -0.01680797 -0.008999943 0.008999943 -0.01691496 -0.008999943 0.008599996 -0.01680797 -0.008999943 0.008599996 -0.01542198 -0.008999943 0.008999943 -0.01531499 -0.008999943 0.00939995 -0.01542198 -0.008999943 0.008199989 -0.01611495 -0.008999943 0.00830698 -0.015715 -0.008999943 0.00830698 -0.01651495 -0.008999943 0.009692966 -0.015715 -0.008999943 0.009799957 -0.01611495 -0.008999943 0.009692966 -0.01651495 -0.01177996 0.008999943 -0.01531499 -0.01177996 0.00939995 -0.01542198 -0.01177996 0.009692966 -0.015715 -0.01177996 0.009799957 -0.01611495 -0.01177996 0.009692966 -0.01651495 -0.01177996 0.00939995 -0.01680797 -0.01177996 0.008999943 -0.01691496 -0.01177996 0.008599996 -0.01680797 -0.01177996 0.00830698 -0.01651495 -0.01177996 0.008199989 -0.01611495 -0.01177996 0.00830698 -0.015715 -0.01177996 0.008599996 -0.01542198 -0.01199996 0.008999943 -0.01713496 -0.01199996 0.008489966 -0.01699799 -0.01199996 0.00811696 -0.01662498 -0.01199996 0.007979989 -0.01611495 -0.01199996 0.00811696 -0.01560497 -0.01199996 0.008489966 -0.01523196 -0.01199996 0.008999943 -0.01509499 -0.01199996 0.00950998 -0.01523196 -0.01199996 0.009882986 -0.01560497 -0.01199996 0.01001995 -0.01611495 -0.01199996 0.009882986 -0.01662498 -0.01199996 0.00950998 -0.01699799 -0.008999943 -0.008599996 -0.01680797 -0.008999943 -0.008999943 -0.01691496 -0.008999943 -0.00939995 -0.01680797 -0.008999943 -0.00939995 -0.01542198 -0.008999943 -0.008999943 -0.01531499 -0.008999943 -0.008599996 -0.01542198 -0.008999943 -0.009799957 -0.01611495 -0.008999943 -0.009692966 -0.015715 -0.008999943 -0.009692966 -0.01651495 -0.008999943 -0.00830698 -0.015715 -0.008999943 -0.008199989 -0.01611495 -0.008999943 -0.00830698 -0.01651495 -0.01177996 -0.008999943 -0.01531499 -0.01177996 -0.008599996 -0.01542198 -0.01177996 -0.00830698 -0.015715 -0.01177996 -0.008199989 -0.01611495 -0.01177996 -0.00830698 -0.01651495 -0.01177996 -0.008599996 -0.01680797 -0.01177996 -0.008999943 -0.01691496 -0.01177996 -0.00939995 -0.01680797 -0.01177996 -0.009692966 -0.01651495 -0.01177996 -0.009799957 -0.01611495 -0.01177996 -0.009692966 -0.015715 -0.01177996 -0.00939995 -0.01542198 -0.01199996 -0.008999943 -0.01713496 -0.01199996 -0.00950998 -0.01699799 -0.01199996 -0.009882986 -0.01662498 -0.01199996 -0.01001995 -0.01611495 -0.01199996 -0.009882986 -0.01560497 -0.01199996 -0.00950998 -0.01523196 -0.01199996 -0.008999943 -0.01509499 -0.01199996 -0.008489966 -0.01523196 -0.01199996 -0.00811696 -0.01560497 -0.01199996 -0.007979989 -0.01611495 -0.01199996 -0.00811696 -0.01662498 -0.01199996 -0.008489966 -0.01699799 -0.01196295 -0.01299995 -0.02039796 -0.01177197 -0.01299995 -0.02107799 -0.01183897 -0.01380699 -0.02087795 -0.01143795 -0.01299995 -0.02167797 -0.01143097 -0.01379495 -0.02167797 -0.01075595 -0.01377695 -0.02235698 -0.009920001 -0.01375299 -0.02278298 -0.00979799 -0.01498496 -0.02278298 -0.006449997 -0.017708 -0.02292996 -0.006097972 -0.01782095 -0.02292996 -0.006212949 -0.01824897 -0.022897 -0.003999948 -0.01799994 -0.02292996 -0.005287945 -0.01840698 -0.022897 -0.005272984 -0.01796299 -0.02292996 -0.006863951 -0.01752597 -0.02292996 -0.008632957 -0.01563698 -0.02292996 -0.008403956 -0.01608198 -0.02292996 -0.008549988 -0.01666098 -0.022897 -0.008999943 -0.01299995 -0.02292996 -0.00899899 -0.01341098 -0.02292996 -0.009436964 -0.01374 -0.022897 -0.009323954 -0.01489198 -0.022897 -0.009039998 -0.015814 -0.022897 -0.009483993 -0.01600599 -0.02278298 -0.008188962 -0.01774698 -0.02278298 -0.008937001 -0.01694995 -0.02278298 -0.007875978 -0.01737898 -0.022897 -0.005330979 -0.01888799 -0.02278298 -0.007670998 -0.01909297 -0.02235698 -0.007837951 -0.01941698 -0.02204495 -0.008424997 -0.01907098 -0.02204495 -0.01199996 -0.01299995 -0.01993 -0.01195597 -0.01380997 -0.02039796 -0.01192998 -0.01474297 -0.01993 -0.01179599 -0.01537495 -0.02039796 -0.01183199 -0.01538199 -0.01993 -0.011617 -0.01609295 -0.02039796 -0.01159298 -0.01628899 -0.01993 -0.011352 -0.01681596 -0.02039796 -0.01138496 -0.01683098 -0.01993 -0.01099997 -0.01751297 -0.02039796 -0.01092696 -0.01770699 -0.01993 -0.01056998 -0.018166 -0.02039796 -0.01059895 -0.01818799 -0.01993 -0.01006799 -0.01876497 -0.02039796 -0.009944975 -0.01894497 -0.01993 -0.009505987 -0.01929998 -0.02039796 -0.009529948 -0.01932698 -0.01993 -0.008889973 -0.01976495 -0.02039796 -0.008622944 -0.01997798 -0.01993 -0.00822097 -0.02015995 -0.02039796 -0.008236944 -0.02019298 -0.01993 -0.007553994 -0.02045899 -0.02039796 -0.00712496 -0.02064597 -0.01993 -0.006865978 -0.02068299 -0.02039796 -0.006875991 -0.02071797 -0.01993 -0.005509972 -0.02091699 -0.02039796 -0.00554496 -0.02094995 -0.01993 -0.003999948 -0.02096295 -0.02039796 -0.003999948 -0.02099996 -0.01993 -0.01076298 -0.01299995 -0.02235698 -0.01014798 -0.01299995 -0.02270197 -0.009443998 -0.01299995 -0.022897 -0.009961962 -0.01691198 -0.02235698 -0.01025098 -0.016339 -0.02235698 -0.01046895 -0.01574295 -0.02235698 -0.01061797 -0.015145 -0.02235698 -0.008992969 -0.01372694 -0.02292996 -0.008865952 -0.01490998 -0.02292996 -0.008221983 -0.01876795 -0.02235698 -0.008729994 -0.01838499 -0.02235698 -0.009192943 -0.01794296 -0.02235698 -0.009606957 -0.01744896 -0.02235698 -0.007287979 -0.01835 -0.02278298 -0.007066965 -0.01792097 -0.022897 -0.008965969 -0.01866298 -0.02204495 -0.009458959 -0.018193 -0.02204495 -0.009899973 -0.01766699 -0.02204495 -0.01027697 -0.01709496 -0.02204495 -0.01058495 -0.01648396 -0.02204495 -0.010818 -0.01584899 -0.02204495 -0.01097595 -0.01521497 -0.02204495 -0.01112097 -0.01378697 -0.02204495 -0.01112097 -0.01299995 -0.02205097 -0.006338 -0.01871597 -0.02278298 -0.006554961 -0.01952296 -0.02235698 -0.005403995 -0.01972097 -0.02235698 -0.006649971 -0.019876 -0.02204495 -0.005435943 -0.02008396 -0.02204495 -0.00672996 -0.02017498 -0.02167797 -0.005463957 -0.02039295 -0.02167797 -0.003999948 -0.01892697 -0.02278298 -0.003999948 -0.01914799 -0.02270197 -0.003999948 -0.01976299 -0.02235698 -0.003999948 -0.02012097 -0.02205097 -0.003999948 -0.02043795 -0.02167797 -0.01128095 -0.01527398 -0.02167797 -0.01168096 -0.01535296 -0.02087795 -0.01150494 -0.01605898 -0.02087795 -0.01111495 -0.01593995 -0.02167797 -0.01124399 -0.01677 -0.02087795 -0.01086997 -0.01660698 -0.02167797 -0.01089894 -0.01745498 -0.02087795 -0.01054596 -0.01725 -0.02167797 -0.01047599 -0.01809597 -0.02087795 -0.010149 -0.01785194 -0.02167797 -0.009982943 -0.01868498 -0.02087795 -0.009684979 -0.01840496 -0.02167797 -0.009429991 -0.01920998 -0.02087795 -0.009165942 -0.01889896 -0.02167797 -0.008824944 -0.01966798 -0.02087795 -0.00859797 -0.01932799 -0.02167797 -0.008166968 -0.02005594 -0.02087795 -0.007979989 -0.01969295 -0.02167797 -0.007511973 -0.02034997 -0.02087795 -0.006835997 -0.02056998 -0.02087795 -0.007365942 -0.01996898 -0.02167797 -0.008192956 -0.01639598 -0.02292996 -0.007583975 -0.01704394 -0.02292996 -0.005498945 -0.02079999 -0.02087795 -0.003999948 -0.02077198 -0.02107799 -0.01199996 0.01299995 -0.01993 -0.01196295 0.01299995 -0.02039796 -0.01177197 0.01299995 -0.02107799 -0.01143795 0.01299995 -0.02167797 -0.01112097 0.01299995 -0.02205097 -0.01076298 0.01299995 -0.02235698 -0.01014798 0.01299995 -0.02270197 -0.009926974 0.01299995 -0.02278298 -0.008999943 0.01299995 -0.02292996 -0.003999948 0.02096295 -0.02039796 -0.003999948 0.02077198 -0.02107799 -0.004806995 0.02083897 -0.02087795 -0.003999948 0.02043795 -0.02167797 -0.004794955 0.02043098 -0.02167797 -0.004776954 0.01975595 -0.02235698 -0.004752993 0.01892 -0.02278298 -0.005984961 0.01879799 -0.02278298 -0.008708 0.01545 -0.02292996 -0.00882095 0.01509797 -0.02292996 -0.009248971 0.01521295 -0.022897 -0.009406983 0.01428794 -0.022897 -0.008962988 0.01427298 -0.02292996 -0.008525967 0.01586395 -0.02292996 -0.006636977 0.01763296 -0.02292996 -0.007081985 0.01740396 -0.02292996 -0.007660984 0.01754999 -0.022897 -0.003999948 0.01799994 -0.02292996 -0.004410982 0.01799899 -0.02292996 -0.004739999 0.01843696 -0.022897 -0.005891978 0.01832395 -0.022897 -0.006813943 0.01804 -0.022897 -0.007005989 0.01848399 -0.02278298 -0.008746981 0.01718896 -0.02278298 -0.007949948 0.017937 -0.02278298 -0.008378982 0.01687598 -0.022897 -0.009887993 0.01433098 -0.02278298 -0.01009297 0.016671 -0.02235698 -0.01041698 0.01683795 -0.02204495 -0.01007097 0.017425 -0.02204495 -0.003999948 0.02099996 -0.01993 -0.004809975 0.02095597 -0.02039796 -0.005742967 0.02092999 -0.01993 -0.006374955 0.020796 -0.02039796 -0.006381988 0.020832 -0.01993 -0.007092952 0.02061694 -0.02039796 -0.007288992 0.02059298 -0.01993 -0.007815957 0.020352 -0.02039796 -0.007830977 0.02038496 -0.01993 -0.008512973 0.01999998 -0.02039796 -0.008706986 0.01992696 -0.01993 -0.009165942 0.01956999 -0.02039796 -0.009187996 0.01959896 -0.01993 -0.009764969 0.019068 -0.02039796 -0.009944975 0.01894497 -0.01993 -0.01029998 0.01850599 -0.02039796 -0.01032698 0.01852995 -0.01993 -0.01076495 0.01788997 -0.02039796 -0.01097798 0.01762294 -0.01993 -0.01115995 0.01722097 -0.02039796 -0.01119297 0.01723694 -0.01993 -0.01145899 0.01655399 -0.02039796 -0.01164597 0.01612496 -0.01993 -0.01168298 0.01586598 -0.02039796 -0.01171797 0.01587599 -0.01993 -0.01191699 0.01450997 -0.02039796 -0.01194995 0.01454496 -0.01993 -0.003999948 0.01976299 -0.02235698 -0.003999948 0.01914799 -0.02270197 -0.003999948 0.018444 -0.022897 -0.00791198 0.01896196 -0.02235698 -0.007338941 0.01925098 -0.02235698 -0.006742954 0.01946896 -0.02235698 -0.006145 0.01961797 -0.02235698 -0.004726946 0.01799297 -0.02292996 -0.005909979 0.01786595 -0.02292996 -0.009767949 0.01722198 -0.02235698 -0.009384989 0.01772999 -0.02235698 -0.008942961 0.018193 -0.02235698 -0.008448958 0.01860696 -0.02235698 -0.009349942 0.01628798 -0.02278298 -0.008920967 0.01606696 -0.022897 -0.009662985 0.01796597 -0.02204495 -0.009192943 0.01845896 -0.02204495 -0.008666992 0.01889997 -0.02204495 -0.008094966 0.01927697 -0.02204495 -0.007483959 0.01958495 -0.02204495 -0.00684899 0.01981794 -0.02204495 -0.006214976 0.01997596 -0.02204495 -0.004786968 0.02012097 -0.02204495 -0.003999948 0.02012097 -0.02205097 -0.009715974 0.015338 -0.02278298 -0.01052296 0.01555496 -0.02235698 -0.01072096 0.01440399 -0.02235698 -0.01087599 0.01564997 -0.02204495 -0.01108396 0.01443594 -0.02204495 -0.01117497 0.01572996 -0.02167797 -0.01139295 0.01446396 -0.02167797 -0.006273984 0.02028095 -0.02167797 -0.006352961 0.02068096 -0.02087795 -0.007058978 0.02050495 -0.02087795 -0.006939947 0.02011495 -0.02167797 -0.007769942 0.020244 -0.02087795 -0.007606983 0.01986998 -0.02167797 -0.008454978 0.01989895 -0.02087795 -0.008249998 0.01954597 -0.02167797 -0.009095966 0.01947599 -0.02087795 -0.008851945 0.019149 -0.02167797 -0.009684979 0.018983 -0.02087795 -0.009404957 0.01868498 -0.02167797 -0.01020997 0.01842999 -0.02087795 -0.00989896 0.018166 -0.02167797 -0.01066797 0.01782494 -0.02087795 -0.01032799 0.01759797 -0.02167797 -0.01105594 0.01716697 -0.02087795 -0.01069295 0.01697999 -0.02167797 -0.01134997 0.01651197 -0.02087795 -0.01156997 0.015836 -0.02087795 -0.01096898 0.016366 -0.02167797 -0.007395982 0.01719295 -0.02292996 -0.008043944 0.01658397 -0.02292996 -0.01179999 0.01449894 -0.02087795 0.002499997 0 -5e-4 0.002499997 0 0 0.002251982 0.001084983 -5e-4 0.002251982 0.001084983 0 0.001558959 0.001954972 -5e-4 0.001558959 0.001954972 0 5.56e-4 0.002436995 -5e-4 5.56e-4 0.002436995 0 -5.56e-4 0.002436995 -5e-4 -5.56e-4 0.002436995 0 -0.001558959 0.001954972 -5e-4 -0.001558959 0.001954972 0 -0.002251982 0.001084983 -5e-4 -0.002251982 0.001084983 0 -0.002499997 0 -5e-4 -0.002499997 0 0 -0.002251982 -0.001084983 -5e-4 -0.002251982 -0.001084983 0 -0.001558959 -0.001954972 -5e-4 -0.001558959 -0.001954972 0 -5.56e-4 -0.002436995 -5e-4 -5.56e-4 -0.002436995 0 5.56e-4 -0.002436995 -5e-4 5.56e-4 -0.002436995 0 0.001558959 -0.001954972 -5e-4 0.001558959 -0.001954972 0 0.002251982 -0.001084983 -5e-4 0.002251982 -0.001084983 0 0.01644098 0.001954972 -5e-4 0.01574796 0.001084983 -5e-4 0.01549994 0 -5e-4 0.01955896 0.001954972 -5e-4 0.01855599 0.002436995 -5e-4 0.02025198 0.001084983 -5e-4 0.01744395 0.002436995 -5e-4 0.0205 0 -5e-4 0.01574796 -0.001084983 -5e-4 0.01644098 -0.001954972 -5e-4 0.01955896 -0.001954972 -5e-4 0.02025198 -0.001084983 -5e-4 0.01855599 -0.002436995 -5e-4 0.01744395 -0.002436995 -5e-4 0.0205 0 0 0.02025198 0.001084983 0 0.01955896 0.001954972 0 0.01855599 0.002436995 0 0.01744395 0.002436995 0 0.01644098 0.001954972 0 0.01574796 0.001084983 0 0.01549994 0 0 0.01574796 -0.001084983 0 0.01644098 -0.001954972 0 0.01744395 -0.002436995 0 0.01855599 -0.002436995 0 0.01955896 -0.001954972 0 0.02025198 -0.001084983 0 0.02199995 0.01982998 0 -0.003999948 0.01982998 0 -0.01082998 0.01299995 0 -0.01077395 0.014548 0 -0.008619964 0.01855999 0 -0.009107947 0.01812696 0 -0.009159982 0.01807498 0 0.02882999 0.01299995 0 0.02882999 -0.01299995 0 -0.00684899 0.01950699 0 -0.007481992 0.01925998 0 -0.008081972 0.018938 0 -0.00959599 0.01757395 0 -0.009972989 0.01702499 0 -0.01027798 0.01644295 0 0.02755999 0.01761996 0 0.02712696 0.01810795 0 0.02707499 0.01815998 0 0.02657395 0.01859599 0 -0.003999948 -0.01982998 0 0.02199995 -0.01982998 0 -0.01082998 -0.01299995 0 -0.01051396 0.01582598 0 0.02850699 0.01584899 0 0.02825999 0.01648199 0 0.02793794 0.01708197 0 -0.005600988 0.01976799 0 0.02602499 0.01897299 0 0.02544295 0.01927798 0 0.02482599 0.01951396 0 0.02661997 -0.01855999 0 0.02710795 -0.01812696 0 0.02715998 -0.01807498 0 0.028768 0.01460099 0 0.02354794 0.01977396 0 -0.009559988 -0.01761996 0 -0.009126961 -0.01810795 0 -0.009074985 -0.01815998 0 -0.008573949 -0.01859599 0 0.02484899 -0.01950699 0 0.02548199 -0.01925998 0 0.02608197 -0.018938 0 -0.01050698 -0.01584899 0 -0.01025998 -0.01648199 0 -0.009937942 -0.01708197 0 0.02759599 -0.01757395 0 0.02797299 -0.01702499 0 0.02827799 -0.01644295 0 0.02360099 -0.01976799 0 -0.00802499 -0.01897299 0 -0.007442951 -0.01927798 0 -0.006825983 -0.01951396 0 -0.01076799 -0.01460099 0 -0.005548 -0.01977396 0 0.02877396 -0.014548 0 0.02851396 -0.01582598 0 -0.01093 -0.01299995 -10e-5 -0.01093 0.01299995 -10e-5 -0.003999948 -0.01993 -10e-5 -0.004080951 -0.01993 -10e-5 -0.005557954 -0.01987397 -10e-5 -0.01086699 -0.01461899 -10e-5 -0.01060199 -0.01587897 -10e-5 -0.01053994 -0.01605999 -10e-5 -0.01002299 -0.01713395 -10e-5 -0.009807944 -0.01745694 -10e-5 -0.009637951 -0.01768195 -10e-5 -0.00919795 -0.01817899 -10e-5 -0.009144961 -0.01823097 -10e-5 -0.008747994 -0.01858597 -10e-5 -0.008635997 -0.01867496 -10e-5 -0.008075952 -0.01905798 -10e-5 -0.007483959 -0.019369 -10e-5 -0.007431983 -0.01939195 -10e-5 -0.006855964 -0.01960897 -10e-5 -0.005956947 -0.01982098 -10e-5 0.02199995 -0.01993 -10e-5 0.02892994 -0.01299995 -10e-5 0.02892994 -0.01308095 -10e-5 0.02887398 -0.01455795 -10e-5 0.02361899 -0.019867 -10e-5 0.02487897 -0.019602 -10e-5 0.02505999 -0.01953995 -10e-5 0.02613395 -0.019023 -10e-5 0.02645695 -0.01880794 -10e-5 0.02668195 -0.01863795 -10e-5 0.027179 -0.01819795 -10e-5 0.02723097 -0.01814496 -10e-5 0.02758598 -0.01774799 -10e-5 0.02767497 -0.017636 -10e-5 0.02805799 -0.01707595 -10e-5 0.02836894 -0.01648396 -10e-5 0.02839195 -0.01643198 -10e-5 0.02860897 -0.01585596 -10e-5 0.02882099 -0.01495695 -10e-5 0.02892994 0.01299995 -10e-5 0.02199995 0.01993 -10e-5 0.02208095 0.01993 -10e-5 0.02355796 0.01987397 -10e-5 0.028867 0.01461899 -10e-5 0.028602 0.01587897 -10e-5 0.02853995 0.01605999 -10e-5 0.028023 0.01713395 -10e-5 0.02780795 0.01745694 -10e-5 0.02763795 0.01768195 -10e-5 0.02719795 0.01817899 -10e-5 0.02714496 0.01823097 -10e-5 0.026748 0.01858597 -10e-5 0.026636 0.01867496 -10e-5 0.02607595 0.01905798 -10e-5 0.02548396 0.019369 -10e-5 0.02543199 0.01939195 -10e-5 0.02485597 0.01960897 -10e-5 0.02395695 0.01982098 -10e-5 -0.003999948 0.01993 -10e-5 -0.01093 0.01308095 -10e-5 -0.01087397 0.01455795 -10e-5 -0.005618989 0.019867 -10e-5 -0.006878972 0.019602 -10e-5 -0.007059991 0.01953995 -10e-5 -0.008133947 0.019023 -10e-5 -0.008456945 0.01880794 -10e-5 -0.008681952 0.01863795 -10e-5 -0.009178996 0.01819795 -10e-5 -0.009230971 0.01814496 -10e-5 -0.009585976 0.01774799 -10e-5 -0.009674966 0.017636 -10e-5 -0.01005798 0.01707595 -10e-5 -0.010369 0.01648396 -10e-5 -0.01039195 0.01643198 -10e-5 -0.01060897 0.01585596 -10e-5 -0.01082098 0.01495695 -10e-5 -0.003999948 0.01993 -8e-4 -0.005618989 0.019867 -8e-4 -0.01093 0.01299995 -8e-4 -0.01093 0.01308095 -8e-4 -0.01082098 0.01495695 -8e-4 -0.01039195 0.01643198 -8e-4 -0.009585976 0.01774799 -8e-4 -0.008456945 0.01880794 -8e-4 -0.007059991 0.01953995 -8e-4 0.02199995 0.01993 -8e-4 0.02892994 0.01299995 -8e-4 0.028867 0.01461899 -8e-4 0.02208095 0.01993 -8e-4 0.02395695 0.01982098 -8e-4 0.02543199 0.01939195 -8e-4 0.026748 0.01858597 -8e-4 0.02780795 0.01745694 -8e-4 0.02853995 0.01605999 -8e-4 0.02892994 -0.01299995 -8e-4 0.02199995 -0.01993 -8e-4 0.02361899 -0.019867 -8e-4 0.02892994 -0.01308095 -8e-4 0.02882099 -0.01495695 -8e-4 0.02839195 -0.01643198 -8e-4 0.02758598 -0.01774799 -8e-4 0.02645695 -0.01880794 -8e-4 0.02505999 -0.01953995 -8e-4 -0.003999948 -0.01993 -8e-4 -0.01093 -0.01299995 -8e-4 -0.01086699 -0.01461899 -8e-4 -0.004080951 -0.01993 -8e-4 -0.005956947 -0.01982098 -8e-4 -0.007431983 -0.01939195 -8e-4 -0.008747994 -0.01858597 -8e-4 -0.009807944 -0.01745694 -8e-4 -0.01053994 -0.01605999 -8e-4 0.02199995 0.01999998 -8e-4 -0.003999948 0.01999998 -8e-4 -0.005621969 0.01993697 -8e-4 -0.007070958 0.01960998 -8e-4 -0.008479952 0.01887798 -8e-4 -0.009620964 0.01781594 -8e-4 -0.01043999 0.01649695 -8e-4 -0.01088196 0.01501494 -8e-4 -0.01099997 0.01315695 -8e-4 -0.01099997 0.01299995 -8e-4 -0.01099997 -0.01299995 -8e-4 -0.01093697 -0.01462197 -8e-4 -0.01060998 -0.01607096 -8e-4 -0.009877979 -0.01747995 -8e-4 -0.008815944 -0.01862096 -8e-4 -0.007496953 -0.01943999 -8e-4 -0.006014943 -0.01988196 -8e-4 -0.004156947 -0.01999998 -8e-4 -0.003999948 -0.01999998 -8e-4 0.02199995 -0.01999998 -8e-4 0.02362197 -0.01993697 -8e-4 0.02507096 -0.01960998 -8e-4 0.02647995 -0.01887798 -8e-4 0.02762097 -0.01781594 -8e-4 0.02843999 -0.01649695 -8e-4 0.02888196 -0.01501494 -8e-4 0.02899998 -0.01315695 -8e-4 0.02899998 -0.01299995 -8e-4 0.02899998 0.01299995 -8e-4 0.02893698 0.01462197 -8e-4 0.02860999 0.01607096 -8e-4 0.02787798 0.01747995 -8e-4 0.02681595 0.01862096 -8e-4 0.02549695 0.01943999 -8e-4 0.02401494 0.01988196 -8e-4 0.02215695 0.01999998 -8e-4 0.02899998 -0.01299995 7e-5 0.02899998 0.01299995 7e-5 0.02199995 -0.01999998 7e-5 0.02362197 -0.01993697 7e-5 0.02507096 -0.01960998 7e-5 0.02647995 -0.01887798 7e-5 0.02762097 -0.01781594 7e-5 0.02843999 -0.01649695 7e-5 0.02888196 -0.01501494 7e-5 0.02899998 -0.01315695 7e-5 -0.003999948 -0.01999998 7e-5 -0.01099997 -0.01299995 7e-5 -0.01093697 -0.01462197 7e-5 -0.01060998 -0.01607096 7e-5 -0.009877979 -0.01747995 7e-5 -0.008815944 -0.01862096 7e-5 -0.007496953 -0.01943999 7e-5 -0.006014943 -0.01988196 7e-5 -0.004156947 -0.01999998 7e-5 -0.01099997 0.01299995 7e-5 -0.003999948 0.01999998 7e-5 -0.005621969 0.01993697 7e-5 -0.007070958 0.01960998 7e-5 -0.008479952 0.01887798 7e-5 -0.009620964 0.01781594 7e-5 -0.01043999 0.01649695 7e-5 -0.01088196 0.01501494 7e-5 -0.01099997 0.01315695 7e-5 0.02199995 0.01999998 7e-5 0.02893698 0.01462197 7e-5 0.02860999 0.01607096 7e-5 0.02787798 0.01747995 7e-5 0.02681595 0.01862096 7e-5 0.02549695 0.01943999 7e-5 0.02401494 0.01988196 7e-5 0.02215695 0.01999998 7e-5 -0.01029294 0.01841598 7e-5 -0.009667992 0.01907199 7e-5 0.02741599 0.01929295 7e-5 0.02807199 0.01866799 7e-5 0.02829295 -0.01841598 7e-5 0.02766799 -0.01907199 7e-5 -0.01119399 0.01700997 7e-5 -0.01165497 0.01571696 7e-5 -0.009415984 -0.01929295 7e-5 -0.01007199 -0.01866799 7e-5 -0.011527 -0.01616996 7e-5 -0.01136797 -0.01661199 7e-5 -0.01092398 -0.01751899 7e-5 -0.01055395 -0.01808094 7e-5 -0.007169961 0.020527 7e-5 -0.007611989 0.02036798 7e-5 -0.008518993 0.01992398 7e-5 -0.009080946 0.01955395 7e-5 0.02600997 0.02019399 7e-5 0.02471697 0.02065497 7e-5 0.02952694 0.01616996 7e-5 0.02936798 0.01661199 7e-5 0.02892398 0.01751899 7e-5 0.02855396 0.01808094 7e-5 0.02919399 -0.01700997 7e-5 0.02965497 -0.01571696 7e-5 -0.011783 -0.01508396 7e-5 -0.011819 -0.01483196 7e-5 -0.01189994 -0.01299995 7e-5 -0.01189994 0.01299995 7e-5 -0.01040297 0.01827996 7e-5 -0.01081895 0.01769095 7e-5 -0.01116997 0.01705998 7e-5 0.02727997 0.01940298 7e-5 0.02669095 0.01981896 7e-5 0.02605998 0.02016997 7e-5 0.02840298 -0.01827996 7e-5 0.02881896 -0.01769095 7e-5 0.02916997 -0.01705998 7e-5 0.02516996 -0.020527 7e-5 0.02561199 -0.02036798 7e-5 0.026519 -0.01992398 7e-5 0.02708095 -0.01955395 7e-5 -0.00800997 -0.02019399 7e-5 -0.006716966 -0.02065497 7e-5 -0.01171898 0.01543498 7e-5 -0.01186895 0.01429897 7e-5 -0.01189196 0.013776 7e-5 -0.006083965 0.02078294 7e-5 -0.005831956 0.02081894 7e-5 0.02978295 0.01508396 7e-5 0.02981895 0.01483196 7e-5 -0.009279966 -0.01940298 7e-5 -0.008690953 -0.01981896 7e-5 -0.008059978 -0.02016997 7e-5 0.02408397 -0.02078294 7e-5 0.02383196 -0.02081894 7e-5 -0.003999948 0.02089995 7e-5 0.02199995 0.02089995 7e-5 0.02443498 0.02071899 7e-5 0.02329897 0.02086895 7e-5 0.02277594 0.02089196 7e-5 0.02989995 0.01299995 7e-5 0.02989995 -0.01299995 7e-5 0.02971899 -0.01543498 7e-5 0.02986896 -0.01429897 7e-5 0.02989196 -0.013776 7e-5 0.02199995 -0.02089995 7e-5 -0.003999948 -0.02089995 7e-5 -0.006434977 -0.02071899 7e-5 -0.005298972 -0.02086895 7e-5 -0.004775941 -0.02089196 7e-5 0.02199995 -0.02093499 6.4e-5 -0.003999948 -0.02093499 6.4e-5 -0.003999948 -0.020971 4.1e-5 0.02199995 -0.020971 4.1e-5 -0.003999948 -0.02099394 5e-6 0.02199995 -0.02099394 5e-6 -0.003999948 -0.02099996 -3e-5 0.02199995 -0.02099996 -3e-5 0.02951794 -0.01642799 3.7e-5 0.02972799 -0.01573497 3.7e-5 0.02969896 -0.01572799 6e-5 0.02561199 -0.02036798 7e-5 0.02517294 -0.02053695 7e-5 0.02408397 -0.02078294 7e-5 0.02383297 -0.02082794 7e-5 0.02450698 -0.02071398 7e-5 0.02991294 -0.01430195 6e-5 0.02989995 -0.01365 7e-5 0.02987897 -0.01429897 7e-5 0.02882796 -0.01769596 7e-5 0.02841097 -0.01828598 7e-5 0.02843797 -0.01830697 6e-5 0.028059 -0.01869696 7e-5 0.02769798 -0.019104 6e-5 0.02586799 -0.020271 7e-5 0.02518296 -0.02056896 6e-5 0.02383697 -0.02086299 6e-5 0.02923697 -0.01709198 3.7e-5 0.02948999 -0.01641798 6e-5 0.02966499 -0.01571899 7e-5 0.02980399 -0.01501297 7e-5 0.02971899 -0.01543498 7e-5 0.02590197 -0.02034598 7e-6 0.02656596 -0.02000397 7e-6 0.02655595 -0.019988 3.7e-5 0.02715796 -0.01958894 3.7e-5 0.02714097 -0.01956498 6e-5 0.02767497 -0.01907896 7e-5 0.02708095 -0.01955395 7e-5 0.02652394 -0.01993197 7e-5 0.025882 -0.02030199 6e-5 0.02519297 -0.02059799 3.7e-5 0.02384096 -0.02089196 3.7e-5 0.02974599 -0.01573896 7e-6 0.02953499 -0.01643395 7e-6 0.02925395 -0.01709997 7e-6 0.028898 -0.01773995 7e-6 0.02847599 -0.01833796 7e-6 0.02888196 -0.01772999 3.7e-5 0.02920997 -0.01707899 6e-5 0.02945697 -0.01640599 7e-5 0.02717 -0.01960396 7e-6 0.027731 -0.01914 7e-6 0.02771896 -0.01912599 3.7e-5 0.02846097 -0.01832598 3.7e-5 0.02885699 -0.01771396 6e-5 0.02917897 -0.01706397 7e-5 0.02919399 -0.01700997 7e-5 0.02519798 -0.02061599 7e-6 0.02589398 -0.02032899 3.7e-5 0.02654099 -0.01996195 6e-5 0.02711999 -0.01953697 7e-5 0.02829295 -0.01841598 7e-5 0.02384299 -0.02091097 7e-6 0.02994996 -0.01454496 -3e-5 0.02999997 -0.01299995 -3e-5 0.029962 -0.01430499 7e-6 0.02999395 -0.01299995 5e-6 0.02994298 -0.01430398 3.7e-5 0.029971 -0.01299995 4.1e-5 0.029935 -0.01299995 6.4e-5 0.02975296 -0.01574099 -3e-5 0.02964597 -0.01612597 -3e-5 0.02954196 -0.01643699 -3e-5 0.02897799 -0.01762396 -3e-5 0.02848094 -0.01834195 -3e-5 0.02794498 -0.01894497 -3e-5 0.02773594 -0.01914495 -3e-5 0.02680397 -0.01986598 -3e-5 0.02656894 -0.02000999 -3e-5 0.02539598 -0.02055597 -3e-5 0.02520096 -0.02062195 -3e-5 0.02385795 -0.02091598 -3e-5 0.029935 0.01299995 6.4e-5 0.029971 0.01299995 4.1e-5 0.02999395 0.01299995 5e-6 0.02999997 0.01299995 -3e-5 0.02542799 0.020518 3.7e-5 0.02473497 0.02072799 3.7e-5 0.024728 0.02069896 6e-5 0.02936798 0.01661199 7e-5 0.02953696 0.016173 7e-5 0.02978295 0.01508396 7e-5 0.02982795 0.01483297 7e-5 0.02971398 0.01550698 7e-5 0.02330195 0.020913 6e-5 0.02265 0.02089995 7e-5 0.02329897 0.02087897 7e-5 0.02669596 0.01982796 7e-5 0.02728599 0.01941096 7e-5 0.02730697 0.01943796 6e-5 0.02769696 0.019059 7e-5 0.02810394 0.01869797 6e-5 0.02927094 0.01686799 7e-5 0.02956897 0.01618295 6e-5 0.02986299 0.01483696 6e-5 0.02609199 0.02023696 3.7e-5 0.02541798 0.02048999 6e-5 0.02471899 0.02066498 7e-5 0.02401298 0.02080398 7e-5 0.02443498 0.02071899 7e-5 0.02934598 0.01690196 7e-6 0.02900397 0.01756596 7e-6 0.028988 0.01755595 3.7e-5 0.02858895 0.01815795 3.7e-5 0.02856498 0.01814097 6e-5 0.02807897 0.01867496 7e-5 0.02855396 0.01808094 7e-5 0.02893197 0.017524 7e-5 0.029302 0.016882 6e-5 0.02959799 0.01619297 3.7e-5 0.02989196 0.01484096 3.7e-5 0.02473896 0.02074599 7e-6 0.02543395 0.02053499 7e-6 0.02609997 0.02025395 7e-6 0.02673995 0.01989799 7e-6 0.02733796 0.01947599 7e-6 0.02673 0.01988196 3.7e-5 0.02607899 0.02020996 6e-5 0.025406 0.02045696 7e-5 0.02860397 0.01816999 7e-6 0.02813994 0.01873099 7e-6 0.028126 0.01871895 3.7e-5 0.02732598 0.01946097 3.7e-5 0.02671396 0.01985698 6e-5 0.02606397 0.02017897 7e-5 0.02600997 0.02019399 7e-5 0.02961599 0.01619797 7e-6 0.029329 0.01689398 3.7e-5 0.02896195 0.01754099 6e-5 0.02853697 0.01811999 7e-5 0.02741599 0.01929295 7e-5 0.02991098 0.01484298 7e-6 0.02354496 0.02094995 -3e-5 0.02199995 0.02099996 -3e-5 0.02330499 0.02096199 7e-6 0.02199995 0.02099394 5e-6 0.02330398 0.02094298 3.7e-5 0.02199995 0.020971 4.1e-5 0.02199995 0.02093499 6.4e-5 0.02474099 0.02075296 -3e-5 0.02512598 0.02064597 -3e-5 0.02543699 0.02054196 -3e-5 0.02662396 0.01997798 -3e-5 0.02734196 0.019481 -3e-5 0.02794498 0.01894497 -3e-5 0.02814495 0.018736 -3e-5 0.02886599 0.01780396 -3e-5 0.02900999 0.017569 -3e-5 0.02955597 0.01639598 -3e-5 0.02962195 0.01620095 -3e-5 0.02991598 0.01485794 -3e-5 -0.003999948 0.02093499 6.4e-5 -0.003999948 0.020971 4.1e-5 -0.003999948 0.02099394 5e-6 -0.003999948 0.02099996 -3e-5 -0.011518 0.01642799 3.7e-5 -0.01172798 0.01573497 3.7e-5 -0.01169896 0.01572799 6e-5 -0.007611989 0.02036798 7e-5 -0.007172942 0.02053695 7e-5 -0.006083965 0.02078294 7e-5 -0.00583297 0.02082794 7e-5 -0.006506979 0.02071398 7e-5 -0.011913 0.01430195 6e-5 -0.01189994 0.01365 7e-5 -0.01187896 0.01429897 7e-5 -0.01082795 0.01769596 7e-5 -0.01041096 0.01828598 7e-5 -0.01043796 0.01830697 6e-5 -0.01005899 0.01869696 7e-5 -0.009697973 0.019104 6e-5 -0.007867991 0.020271 7e-5 -0.007182955 0.02056896 6e-5 -0.005836963 0.02086299 6e-5 -0.01123696 0.01709198 3.7e-5 -0.01148998 0.01641798 6e-5 -0.01166498 0.01571899 7e-5 -0.01180398 0.01501297 7e-5 -0.01171898 0.01543498 7e-5 -0.007901966 0.02034598 7e-6 -0.008565962 0.02000397 7e-6 -0.008555948 0.019988 3.7e-5 -0.009157955 0.01958894 3.7e-5 -0.009140968 0.01956498 6e-5 -0.009674966 0.01907896 7e-5 -0.009080946 0.01955395 7e-5 -0.008524 0.01993197 7e-5 -0.007881999 0.02030199 6e-5 -0.007192969 0.02059799 3.7e-5 -0.005840957 0.02089196 3.7e-5 -0.01174598 0.01573896 7e-6 -0.01153498 0.01643395 7e-6 -0.01125395 0.01709997 7e-6 -0.01089799 0.01773995 7e-6 -0.01047599 0.01833796 7e-6 -0.01088196 0.01772999 3.7e-5 -0.01120996 0.01707899 6e-5 -0.01145696 0.01640599 7e-5 -0.009169995 0.01960396 7e-6 -0.009730994 0.01914 7e-6 -0.009718954 0.01912599 3.7e-5 -0.01046097 0.01832598 3.7e-5 -0.01085698 0.01771396 6e-5 -0.01117897 0.01706397 7e-5 -0.01119399 0.01700997 7e-5 -0.007197976 0.02061599 7e-6 -0.007893979 0.02032899 3.7e-5 -0.008540987 0.01996195 6e-5 -0.009119987 0.01953697 7e-5 -0.01029294 0.01841598 7e-5 -0.005842983 0.02091097 7e-6 -0.01194995 0.01454496 -3e-5 -0.01199996 0.01299995 -3e-5 -0.01196199 0.01430499 7e-6 -0.011994 0.01299995 5e-6 -0.01194298 0.01430398 3.7e-5 -0.01197099 0.01299995 4.1e-5 -0.01193499 0.01299995 6.4e-5 -0.01175296 0.01574099 -3e-5 -0.01164597 0.01612597 -3e-5 -0.01154196 0.01643699 -3e-5 -0.01097798 0.01762396 -3e-5 -0.01048099 0.01834195 -3e-5 -0.009944975 0.01894497 -3e-5 -0.009735941 0.01914495 -3e-5 -0.008803963 0.01986598 -3e-5 -0.008568942 0.02000999 -3e-5 -0.007395982 0.02055597 -3e-5 -0.007200956 0.02062195 -3e-5 -0.005857944 0.02091598 -3e-5 -0.01193499 -0.01299995 6.4e-5 -0.01197099 -0.01299995 4.1e-5 -0.011994 -0.01299995 5e-6 -0.01199996 -0.01299995 -3e-5 -0.00742799 -0.020518 3.7e-5 -0.006734967 -0.02072799 3.7e-5 -0.006727993 -0.02069896 6e-5 -0.01136797 -0.01661199 7e-5 -0.01153695 -0.016173 7e-5 -0.011783 -0.01508396 7e-5 -0.01182794 -0.01483297 7e-5 -0.01171398 -0.01550698 7e-5 -0.005301952 -0.020913 6e-5 -0.004649996 -0.02089995 7e-5 -0.005298972 -0.02087897 7e-5 -0.00869596 -0.01982796 7e-5 -0.009285986 -0.01941096 7e-5 -0.009306967 -0.01943796 6e-5 -0.00969696 -0.019059 7e-5 -0.010104 -0.01869797 6e-5 -0.01127099 -0.01686799 7e-5 -0.01156896 -0.01618295 6e-5 -0.01186299 -0.01483696 6e-5 -0.008091986 -0.02023696 3.7e-5 -0.007417976 -0.02048999 6e-5 -0.006718993 -0.02066498 7e-5 -0.006012976 -0.02080398 7e-5 -0.006434977 -0.02071899 7e-5 -0.01134598 -0.01690196 7e-6 -0.01100397 -0.01756596 7e-6 -0.01098799 -0.01755595 3.7e-5 -0.010589 -0.01815795 3.7e-5 -0.01056498 -0.01814097 6e-5 -0.01007896 -0.01867496 7e-5 -0.01055395 -0.01808094 7e-5 -0.01093196 -0.017524 7e-5 -0.01130199 -0.016882 6e-5 -0.01159799 -0.01619297 3.7e-5 -0.01189196 -0.01484096 3.7e-5 -0.00673896 -0.02074599 7e-6 -0.00743395 -0.02053499 7e-6 -0.008099973 -0.02025395 7e-6 -0.008739948 -0.01989799 7e-6 -0.009337961 -0.01947599 7e-6 -0.008729994 -0.01988196 3.7e-5 -0.008078992 -0.02020996 6e-5 -0.007405996 -0.02045696 7e-5 -0.01060396 -0.01816999 7e-6 -0.01014 -0.01873099 7e-6 -0.01012599 -0.01871895 3.7e-5 -0.009325981 -0.01946097 3.7e-5 -0.00871396 -0.01985698 6e-5 -0.008063971 -0.02017897 7e-5 -0.00800997 -0.02019399 7e-5 -0.01161599 -0.01619797 7e-6 -0.01132899 -0.01689398 3.7e-5 -0.01096194 -0.01754099 6e-5 -0.01053696 -0.01811999 7e-5 -0.009415984 -0.01929295 7e-5 -0.01191097 -0.01484298 7e-6 -0.00554496 -0.02094995 -3e-5 -0.005304992 -0.02096199 7e-6 -0.005303978 -0.02094298 3.7e-5 -0.006740987 -0.02075296 -3e-5 -0.007125973 -0.02064597 -3e-5 -0.00743699 -0.02054196 -3e-5 -0.008623957 -0.01997798 -3e-5 -0.009341955 -0.019481 -3e-5 -0.009944975 -0.01894497 -3e-5 -0.01014494 -0.018736 -3e-5 -0.01086598 -0.01780396 -3e-5 -0.01100999 -0.017569 -3e-5 -0.01155596 -0.01639598 -3e-5 -0.01162195 -0.01620095 -3e-5 -0.01191598 -0.01485794 -3e-5 -0.01199996 -0.01299995 -0.008829951 -0.01191598 -0.01485794 -0.008829951 -0.00554496 -0.02094995 -0.008829951 -0.003999948 -0.02099996 -0.008829951 -0.006740987 -0.02075296 -0.008829951 -0.007125973 -0.02064597 -0.008829951 -0.00743699 -0.02054196 -0.008829951 -0.008623957 -0.01997798 -0.008829951 -0.009341955 -0.019481 -0.008829951 -0.009944975 -0.01894497 -0.008829951 -0.01014494 -0.018736 -0.008829951 -0.01086598 -0.01780396 -0.008829951 -0.01100999 -0.017569 -0.008829951 -0.01155596 -0.01639598 -0.008829951 -0.01162195 -0.01620095 -0.008829951 -0.01199996 0.01299995 -0.008829951 -0.003999948 0.02099996 -0.008829951 -0.005857944 0.02091598 -0.008829951 -0.01194995 0.01454496 -0.008829951 -0.01175296 0.01574099 -0.008829951 -0.01164597 0.01612597 -0.008829951 -0.01154196 0.01643699 -0.008829951 -0.01097798 0.01762396 -0.008829951 -0.01048099 0.01834195 -0.008829951 -0.009944975 0.01894497 -0.008829951 -0.009735941 0.01914495 -0.008829951 -0.008803963 0.01986598 -0.008829951 -0.008568942 0.02000999 -0.008829951 -0.007395982 0.02055597 -0.008829951 -0.007200956 0.02062195 -0.008829951 0.02199995 0.02099996 -0.008829951 0.02999997 0.01299995 -0.008829951 0.02991598 0.01485794 -0.008829951 0.02354496 0.02094995 -0.008829951 0.02474099 0.02075296 -0.008829951 0.02512598 0.02064597 -0.008829951 0.02543699 0.02054196 -0.008829951 0.02662396 0.01997798 -0.008829951 0.02734196 0.019481 -0.008829951 0.02794498 0.01894497 -0.008829951 0.02814495 0.018736 -0.008829951 0.02886599 0.01780396 -0.008829951 0.02900999 0.017569 -0.008829951 0.02955597 0.01639598 -0.008829951 0.02962195 0.01620095 -0.008829951 0.02999997 -0.01299995 -0.008829951 0.02199995 -0.02099996 -0.008829951 0.02385795 -0.02091598 -0.008829951 0.02994996 -0.01454496 -0.008829951 0.02975296 -0.01574099 -0.008829951 0.02964597 -0.01612597 -0.008829951 0.02954196 -0.01643699 -0.008829951 0.02897799 -0.01762396 -0.008829951 0.02848094 -0.01834195 -0.008829951 0.02794498 -0.01894497 -0.008829951 0.02773594 -0.01914495 -0.008829951 0.02680397 -0.01986598 -0.008829951 0.02656894 -0.02000999 -0.008829951 0.02539598 -0.02055597 -0.008829951 0.02520096 -0.02062195 -0.008829951 -0.003999948 -0.02093499 -0.008923947 -0.003999948 -0.02089995 -0.008929967 0.02199995 -0.02089995 -0.008929967 0.02199995 -0.02093499 -0.008923947 0.02199995 -0.020971 -0.008901 -0.003999948 -0.020971 -0.008901 0.02199995 -0.02099394 -0.008864998 -0.003999948 -0.02099394 -0.008864998 0.02714395 -0.01962095 -0.008869946 0.02773594 -0.01914495 -0.008839964 0.02977597 -0.01512897 -0.008929967 0.02986896 -0.01429897 -0.008929967 0.02990496 -0.014301 -0.008922994 0.02989995 -0.01299995 -0.008929967 0.02968996 -0.01572597 -0.008922994 0.02944797 -0.01640295 -0.008929967 0.02948194 -0.01641499 -0.008922994 0.02935099 -0.01665496 -0.008929967 0.02920198 -0.017075 -0.008922994 0.02881896 -0.01769095 -0.008929967 0.02884995 -0.01770997 -0.008922994 0.02852398 -0.018121 -0.008929967 0.02843099 -0.01830196 -0.008922994 0.02766799 -0.01907199 -0.008929967 0.02769297 -0.01909798 -0.008922994 0.02737599 -0.01932495 -0.008929967 0.02713596 -0.01955795 -0.008922994 0.026519 -0.01992398 -0.008929967 0.026537 -0.01995497 -0.008922994 0.02596896 -0.02021294 -0.008929967 0.02587795 -0.02029395 -0.008922994 0.02518099 -0.02056097 -0.008922994 0.02275097 -0.02089297 -0.008929967 0.02383196 -0.02081894 -0.008929967 0.02383595 -0.02085399 -0.008922994 0.02439498 -0.02072799 -0.008929967 0.02516996 -0.020527 -0.008929967 0.02999395 -0.01299995 -0.008864998 0.02996796 -0.01430499 -0.008839964 0.029971 -0.01299995 -0.008901 0.02995896 -0.01430499 -0.008873999 0.02975195 -0.01574099 -0.008839964 0.02954095 -0.01643699 -0.008839964 0.02923798 -0.01712697 -0.008870959 0.02890294 -0.017744 -0.008839964 0.02848094 -0.01834195 -0.008839964 0.025873 -0.02035695 -0.008870959 0.02519994 -0.02062195 -0.008839964 0.02519696 -0.020612 -0.008873999 0.023844 -0.02091699 -0.008839964 0.02384299 -0.02090799 -0.008873999 0.029935 -0.01299995 -0.008923947 0.02993595 -0.01430296 -0.00890398 0.02974295 -0.01573896 -0.008873999 0.02953195 -0.016433 -0.008873999 0.02925097 -0.01709896 -0.008873999 0.02889496 -0.01773798 -0.008873999 0.02847295 -0.01833498 -0.008873999 0.02656894 -0.02000898 -0.008839964 0.0259 -0.020343 -0.008873999 0.02518999 -0.02059096 -0.00890398 0.02383995 -0.02088499 -0.00890398 0.02972096 -0.015733 -0.00890398 0.02951097 -0.01642596 -0.00890398 0.02922999 -0.01708894 -0.00890398 0.02887594 -0.017726 -0.00890398 0.02845597 -0.01832097 -0.00890398 0.02772897 -0.01913797 -0.008873999 0.02716797 -0.019602 -0.008873999 0.026564 -0.02000099 -0.008873999 0.02771395 -0.01912099 -0.00890398 0.02715396 -0.01958298 -0.00890398 0.02655297 -0.01998096 -0.00890398 0.025891 -0.02032297 -0.00890398 0.02999395 0.01299995 -0.008864998 0.029971 0.01299995 -0.008901 0.029935 0.01299995 -0.008923947 0.02989995 0.01299995 -0.008929967 0.02862095 0.01814395 -0.008869946 0.02814495 0.018736 -0.008839964 0.02412897 0.02077597 -0.008929967 0.02329897 0.02086895 -0.008929967 0.023301 0.02090495 -0.008922994 0.02199995 0.02089995 -0.008929967 0.02472597 0.02068996 -0.008922994 0.02540296 0.02044796 -0.008929967 0.025415 0.020482 -0.008922994 0.02565497 0.02035099 -0.008929967 0.026075 0.02020198 -0.008922994 0.02669095 0.01981896 -0.008929967 0.02670997 0.01984995 -0.008922994 0.02712094 0.01952397 -0.008929967 0.02730196 0.01943099 -0.008922994 0.02807199 0.01866799 -0.008929967 0.02809798 0.01869297 -0.008922994 0.02832496 0.01837599 -0.008929967 0.02855795 0.01813596 -0.008922994 0.02892398 0.01751899 -0.008929967 0.02895498 0.01753699 -0.008922994 0.02921295 0.01696896 -0.008929967 0.02929395 0.01687794 -0.008922994 0.02956098 0.01618099 -0.008922994 0.02989298 0.01375097 -0.008929967 0.02981895 0.01483196 -0.008929967 0.02985399 0.01483595 -0.008922994 0.02972799 0.01539498 -0.008929967 0.02952694 0.01616996 -0.008929967 0.02199995 0.02099394 -0.008864998 0.02330499 0.02096796 -0.008839964 0.02199995 0.020971 -0.008901 0.02330499 0.02095896 -0.008873999 0.02474099 0.02075195 -0.008839964 0.02543699 0.02054095 -0.008839964 0.02612698 0.02023798 -0.008870959 0.02674394 0.019903 -0.008839964 0.02734196 0.019481 -0.008839964 0.02935695 0.016873 -0.008870959 0.02962195 0.0162 -0.008839964 0.029612 0.01619696 -0.008873999 0.029917 0.014844 -0.008839964 0.029908 0.01484298 -0.008873999 0.02199995 0.02093499 -0.008923947 0.02330297 0.02093595 -0.00890398 0.02473896 0.02074295 -0.008873999 0.025433 0.02053195 -0.008873999 0.02609896 0.02025097 -0.008873999 0.02673798 0.01989495 -0.008873999 0.02733498 0.01947295 -0.008873999 0.02900898 0.017569 -0.008839964 0.02934294 0.0169 -0.008873999 0.02959096 0.01618999 -0.00890398 0.02988499 0.01483994 -0.00890398 0.02473294 0.02072095 -0.00890398 0.02542597 0.02051097 -0.00890398 0.02608895 0.02022999 -0.00890398 0.02672594 0.019876 -0.00890398 0.02732098 0.01945596 -0.00890398 0.02813798 0.01872897 -0.008873999 0.028602 0.01816797 -0.008873999 0.02900099 0.01756399 -0.008873999 0.02812099 0.01871395 -0.00890398 0.02858299 0.01815396 -0.00890398 0.02898097 0.01755297 -0.00890398 0.02932298 0.016891 -0.00890398 -0.003999948 0.02089995 -0.008929967 -0.003999948 0.02093499 -0.008923947 -0.003999948 0.020971 -0.008901 -0.003999948 0.02099394 -0.008864998 -0.009143948 0.01962095 -0.008869946 -0.009735941 0.01914495 -0.008839964 -0.01177597 0.01512897 -0.008929967 -0.01186895 0.01429897 -0.008929967 -0.01190495 0.014301 -0.008922994 -0.01189994 0.01299995 -0.008929967 -0.01168996 0.01572597 -0.008922994 -0.01144796 0.01640295 -0.008929967 -0.011482 0.01641499 -0.008922994 -0.01135098 0.01665496 -0.008929967 -0.01120197 0.017075 -0.008922994 -0.01081895 0.01769095 -0.008929967 -0.01084995 0.01770997 -0.008922994 -0.01052397 0.018121 -0.008929967 -0.01043099 0.01830196 -0.008922994 -0.009667992 0.01907199 -0.008929967 -0.009692966 0.01909798 -0.008922994 -0.009375989 0.01932495 -0.008929967 -0.009135961 0.01955795 -0.008922994 -0.008518993 0.01992398 -0.008929967 -0.008536994 0.01995497 -0.008922994 -0.007968962 0.02021294 -0.008929967 -0.007877945 0.02029395 -0.008922994 -0.007180988 0.02056097 -0.008922994 -0.004750967 0.02089297 -0.008929967 -0.005831956 0.02081894 -0.008929967 -0.00583595 0.02085399 -0.008922994 -0.006394982 0.02072799 -0.008929967 -0.007169961 0.020527 -0.008929967 -0.01048099 0.01834195 -0.008839964 -0.010903 0.017744 -0.008839964 -0.01123797 0.01712697 -0.008870959 -0.01154094 0.01643699 -0.008839964 -0.01175194 0.01574099 -0.008839964 -0.01195895 0.01433497 -0.008868992 -0.01195895 0.01430499 -0.008873999 -0.011994 0.01299995 -0.008864998 -0.01197099 0.01299995 -0.008901 -0.01174294 0.01573896 -0.008873999 -0.01153194 0.016433 -0.008873999 -0.01125097 0.01709896 -0.008873999 -0.01089495 0.01773798 -0.008873999 -0.01047295 0.01833498 -0.008873999 -0.007872998 0.02035695 -0.008870959 -0.007199943 0.02062195 -0.008839964 -0.007196962 0.020612 -0.008873999 -0.005843997 0.02091699 -0.008839964 -0.005842983 0.02090799 -0.008873999 -0.01193499 0.01299995 -0.008923947 -0.01193594 0.01430296 -0.00890398 -0.008568942 0.02000898 -0.008839964 -0.007899999 0.020343 -0.008873999 -0.007189989 0.02059096 -0.00890398 -0.005839943 0.02088499 -0.00890398 -0.01172095 0.015733 -0.00890398 -0.01151096 0.01642596 -0.00890398 -0.01122999 0.01708894 -0.00890398 -0.01087599 0.017726 -0.00890398 -0.01045596 0.01832097 -0.00890398 -0.009728968 0.01913797 -0.008873999 -0.009167969 0.019602 -0.008873999 -0.008563995 0.02000099 -0.008873999 -0.009713947 0.01912099 -0.00890398 -0.009153962 0.01958298 -0.00890398 -0.008552968 0.01998096 -0.00890398 -0.007890999 0.02032297 -0.00890398 -0.011994 -0.01299995 -0.008864998 -0.01197099 -0.01299995 -0.008901 -0.01193499 -0.01299995 -0.008923947 -0.01189994 -0.01299995 -0.008929967 -0.01062095 -0.01814395 -0.008869946 -0.01014494 -0.018736 -0.008839964 -0.006128966 -0.02077597 -0.008929967 -0.005298972 -0.02086895 -0.008929967 -0.005300998 -0.02090495 -0.008922994 -0.006725966 -0.02068996 -0.008922994 -0.007402956 -0.02044796 -0.008929967 -0.007414996 -0.020482 -0.008922994 -0.007654964 -0.02035099 -0.008929967 -0.008074998 -0.02020198 -0.008922994 -0.008690953 -0.01981896 -0.008929967 -0.008709967 -0.01984995 -0.008922994 -0.009121 -0.01952397 -0.008929967 -0.00930196 -0.01943099 -0.008922994 -0.01007199 -0.01866799 -0.008929967 -0.01009798 -0.01869297 -0.008922994 -0.01032495 -0.01837599 -0.008929967 -0.01055794 -0.01813596 -0.008922994 -0.01092398 -0.01751899 -0.008929967 -0.01095497 -0.01753699 -0.008922994 -0.011213 -0.01696896 -0.008929967 -0.01129394 -0.01687794 -0.008922994 -0.01156097 -0.01618099 -0.008922994 -0.01189297 -0.01375097 -0.008929967 -0.011819 -0.01483196 -0.008929967 -0.01185399 -0.01483595 -0.008922994 -0.01172798 -0.01539498 -0.008929967 -0.011527 -0.01616996 -0.008929967 -0.005304992 -0.02096796 -0.008839964 -0.005304992 -0.02095896 -0.008873999 -0.006740987 -0.02075195 -0.008839964 -0.00743699 -0.02054095 -0.008839964 -0.008126974 -0.02023798 -0.008870959 -0.008744001 -0.019903 -0.008839964 -0.009341955 -0.019481 -0.008839964 -0.01135694 -0.016873 -0.008870959 -0.01162195 -0.0162 -0.008839964 -0.01161199 -0.01619696 -0.008873999 -0.01191699 -0.014844 -0.008839964 -0.01190799 -0.01484298 -0.008873999 -0.005302965 -0.02093595 -0.00890398 -0.00673896 -0.02074295 -0.008873999 -0.007432997 -0.02053195 -0.008873999 -0.008098959 -0.02025097 -0.008873999 -0.008737981 -0.01989495 -0.008873999 -0.009334981 -0.01947295 -0.008873999 -0.01100897 -0.017569 -0.008839964 -0.011343 -0.0169 -0.008873999 -0.01159095 -0.01618999 -0.00890398 -0.01188498 -0.01483994 -0.00890398 -0.006733 -0.02072095 -0.00890398 -0.007425963 -0.02051097 -0.00890398 -0.008088946 -0.02022999 -0.00890398 -0.008726 -0.019876 -0.00890398 -0.009320974 -0.01945596 -0.00890398 -0.01013797 -0.01872897 -0.008873999 -0.01060199 -0.01816797 -0.008873999 -0.01100099 -0.01756399 -0.008873999 -0.01012098 -0.01871395 -0.00890398 -0.01058298 -0.01815396 -0.00890398 -0.01098096 -0.01755297 -0.00890398 -0.01132297 -0.016891 -0.00890398 0.02888 0.01299995 -0.008929967 0.02881896 0.01459997 -0.008929967 0.02849596 0.01603496 -0.008929967 0.02671098 0.018552 -0.008929967 0.027767 0.01742798 -0.008929967 0.02539896 0.01935195 -0.008929967 0.02755194 -0.01771098 -0.008929967 0.02642798 -0.01876699 -0.008929967 -0.009551942 0.01771098 -0.008929967 -0.008427977 0.01876699 -0.008929967 -0.00871098 -0.018552 -0.008929967 -0.009766995 -0.01742798 -0.008929967 0.02835196 -0.01639896 -0.008929967 0.02392899 0.01977497 -0.008929967 -0.01035195 0.01639896 -0.008929967 -0.007398962 -0.01935195 -0.008929967 0.02877497 -0.01492899 -0.008929967 -0.007034957 0.01949596 -0.008929967 -0.01077497 0.01492899 -0.008929967 -0.005928993 -0.01977497 -0.008929967 0.02888 -0.01299995 -0.008929967 -0.003999948 0.01987999 -0.008929967 0.02199995 0.01987999 -0.008929967 -0.01049596 -0.01603496 -0.008929967 0.02503496 -0.01949596 -0.008929967 -0.005599975 0.01981896 -0.008929967 -0.01087999 -0.01299995 -0.008929967 -0.01087999 0.01299995 -0.008929967 0.02199995 -0.01987999 -0.008929967 -0.003999948 -0.01987999 -0.008929967 -0.01081895 -0.01459997 -0.008929967 0.02359998 -0.01981896 -0.008929967 0.02888 -0.01299995 -0.009229958 0.02877497 -0.01492899 -0.009229958 0.02835196 -0.01639896 -0.009229958 0.02755194 -0.01771098 -0.009229958 0.02642798 -0.01876699 -0.009229958 0.02503496 -0.01949596 -0.009229958 0.02359998 -0.01981896 -0.009229958 0.02199995 -0.01987999 -0.009229958 0.02888 0.01299995 -0.009229958 0.02199995 0.01987999 -0.009229958 0.02392899 0.01977497 -0.009229958 0.02539896 0.01935195 -0.009229958 0.02671098 0.018552 -0.009229958 0.027767 0.01742798 -0.009229958 0.02849596 0.01603496 -0.009229958 0.02881896 0.01459997 -0.009229958 -0.003999948 0.01987999 -0.009229958 -0.01087999 0.01299995 -0.009229958 -0.01077497 0.01492899 -0.009229958 -0.01035195 0.01639896 -0.009229958 -0.009551942 0.01771098 -0.009229958 -0.008427977 0.01876699 -0.009229958 -0.007034957 0.01949596 -0.009229958 -0.005599975 0.01981896 -0.009229958 -0.01087999 -0.01299995 -0.009229958 -0.003999948 -0.01987999 -0.009229958 -0.005928993 -0.01977497 -0.009229958 -0.007398962 -0.01935195 -0.009229958 -0.00871098 -0.018552 -0.009229958 -0.009766995 -0.01742798 -0.009229958 -0.01049596 -0.01603496 -0.009229958 -0.01081895 -0.01459997 -0.009229958 -0.01164597 0.01612496 -0.009229958 -0.01194995 0.01454496 -0.009229958 -0.01199996 0.01299995 -0.009229958 -0.01199996 -0.01299995 -0.009229958 -0.01192998 -0.01474297 -0.009229958 -0.01159298 -0.01628899 -0.009229958 -0.01092696 -0.01770699 -0.009229958 -0.009944975 -0.01894497 -0.009229958 0.02512496 0.02064597 -0.009229958 0.02354496 0.02094995 -0.009229958 0.02199995 0.02099996 -0.009229958 -0.003999948 0.02099996 -0.009229958 -0.005742967 0.02092999 -0.009229958 -0.007288992 0.02059298 -0.009229958 -0.008706986 0.01992696 -0.009229958 -0.009944975 0.01894497 -0.009229958 -0.01097798 0.01762294 -0.009229958 0.02964597 -0.01612496 -0.009229958 0.02994996 -0.01454496 -0.009229958 0.02999997 -0.01299995 -0.009229958 0.02999997 0.01299995 -0.009229958 0.02992999 0.01474297 -0.009229958 0.02959299 0.01628899 -0.009229958 0.02892696 0.01770699 -0.009229958 0.02794498 0.01894497 -0.009229958 0.02662295 0.01997798 -0.009229958 -0.008622944 -0.01997798 -0.009229958 -0.00712496 -0.02064597 -0.009229958 -0.00554496 -0.02094995 -0.009229958 -0.003999948 -0.02099996 -0.009229958 0.02199995 -0.02099996 -0.009229958 0.02374297 -0.02092999 -0.009229958 0.02528899 -0.02059298 -0.009229958 0.02670699 -0.01992696 -0.009229958 0.02794498 -0.01894497 -0.009229958 0.02897799 -0.01762294 -0.009229958 0.02199995 -0.02099996 -0.01993 0.02999997 -0.01299995 -0.01993 0.02374297 -0.02092999 -0.01993 0.02438199 -0.020832 -0.01993 0.02528899 -0.02059298 -0.01993 0.02583098 -0.02038496 -0.01993 0.02670699 -0.01992696 -0.01993 0.027188 -0.01959896 -0.01993 0.02794498 -0.01894497 -0.01993 0.02832698 -0.01852995 -0.01993 0.02897799 -0.01762294 -0.01993 0.02919298 -0.01723694 -0.01993 0.02964597 -0.01612496 -0.01993 0.02971798 -0.01587599 -0.01993 0.02994996 -0.01454496 -0.01993 0.02999997 0.01299995 -0.01993 0.02199995 0.02099996 -0.01993 0.02992999 0.01474297 -0.01993 0.029832 0.01538199 -0.01993 0.02959299 0.01628899 -0.01993 0.02938497 0.01683098 -0.01993 0.02892696 0.01770699 -0.01993 0.02859896 0.01818799 -0.01993 0.02794498 0.01894497 -0.01993 0.02752995 0.01932698 -0.01993 0.02662295 0.01997798 -0.01993 0.02623695 0.02019298 -0.01993 0.02512496 0.02064597 -0.01993 0.02487599 0.02071797 -0.01993 0.02354496 0.02094995 -0.01993 0.02199995 0.02096295 -0.02039796 0.02199995 0.02077198 -0.02107799 0.02199995 0.02043795 -0.02167797 0.02199995 0.02012097 -0.02205097 0.02199995 0.01976299 -0.02235698 0.02199995 0.01914799 -0.02270197 0.02199995 0.01892697 -0.02278298 0.02199995 0.01799994 -0.02292996 0.02996295 0.01299995 -0.02039796 0.02977198 0.01299995 -0.02107799 0.02983897 0.01380699 -0.02087795 0.02943795 0.01299995 -0.02167797 0.02943098 0.01379495 -0.02167797 0.02875596 0.01377695 -0.02235698 0.02791994 0.01375299 -0.02278298 0.02779799 0.01498496 -0.02278298 0.02445 0.017708 -0.02292996 0.02409797 0.01782095 -0.02292996 0.02421295 0.01824897 -0.022897 0.02328795 0.01840698 -0.022897 0.02327299 0.01796299 -0.02292996 0.02486395 0.01752597 -0.02292996 0.02663296 0.01563698 -0.02292996 0.02640396 0.01608198 -0.02292996 0.02654999 0.01666098 -0.022897 0.02699995 0.01299995 -0.02292996 0.02699899 0.01341098 -0.02292996 0.02743697 0.01374 -0.022897 0.02732396 0.01489198 -0.022897 0.02704 0.015814 -0.022897 0.02748399 0.01600599 -0.02278298 0.02618896 0.01774698 -0.02278298 0.02693694 0.01694995 -0.02278298 0.02587598 0.01737898 -0.022897 0.02333098 0.01888799 -0.02278298 0.025671 0.01909297 -0.02235698 0.02583795 0.01941698 -0.02204495 0.026425 0.01907098 -0.02204495 0.02995598 0.01380997 -0.02039796 0.029796 0.01537495 -0.02039796 0.02961695 0.01609295 -0.02039796 0.02935194 0.01681596 -0.02039796 0.02899998 0.01751297 -0.02039796 0.02856999 0.018166 -0.02039796 0.028068 0.01876497 -0.02039796 0.02750599 0.01929998 -0.02039796 0.02688997 0.01976495 -0.02039796 0.02622097 0.02015995 -0.02039796 0.025554 0.02045899 -0.02039796 0.02486598 0.02068299 -0.02039796 0.02350997 0.02091699 -0.02039796 0.02876299 0.01299995 -0.02235698 0.02814799 0.01299995 -0.02270197 0.027444 0.01299995 -0.022897 0.02796196 0.01691198 -0.02235698 0.02825099 0.016339 -0.02235698 0.02846896 0.01574295 -0.02235698 0.02861797 0.015145 -0.02235698 0.02699297 0.01372694 -0.02292996 0.02686595 0.01490998 -0.02292996 0.02622199 0.01876795 -0.02235698 0.02673 0.01838499 -0.02235698 0.02719295 0.01794296 -0.02235698 0.02760696 0.01744896 -0.02235698 0.02528798 0.01835 -0.02278298 0.02506697 0.01792097 -0.022897 0.02696597 0.01866298 -0.02204495 0.02745896 0.018193 -0.02204495 0.02789998 0.01766699 -0.02204495 0.02827697 0.01709496 -0.02204495 0.02858495 0.01648396 -0.02204495 0.02881795 0.01584899 -0.02204495 0.02897596 0.01521497 -0.02204495 0.02912098 0.01378697 -0.02204495 0.02912098 0.01299995 -0.02205097 0.02433794 0.01871597 -0.02278298 0.02455496 0.01952296 -0.02235698 0.023404 0.01972097 -0.02235698 0.02464997 0.019876 -0.02204495 0.02343595 0.02008396 -0.02204495 0.02472996 0.02017498 -0.02167797 0.02346396 0.02039295 -0.02167797 0.02928096 0.01527398 -0.02167797 0.02968096 0.01535296 -0.02087795 0.02950495 0.01605898 -0.02087795 0.02911496 0.01593995 -0.02167797 0.029244 0.01677 -0.02087795 0.02886998 0.01660698 -0.02167797 0.02889895 0.01745498 -0.02087795 0.02854597 0.01725 -0.02167797 0.02847599 0.01809597 -0.02087795 0.02814894 0.01785194 -0.02167797 0.02798295 0.01868498 -0.02087795 0.02768498 0.01840496 -0.02167797 0.02742999 0.01920998 -0.02087795 0.02716594 0.01889896 -0.02167797 0.02682495 0.01966798 -0.02087795 0.02659797 0.01932799 -0.02167797 0.02616697 0.02005594 -0.02087795 0.02597999 0.01969295 -0.02167797 0.02551198 0.02034997 -0.02087795 0.024836 0.02056998 -0.02087795 0.02536594 0.01996898 -0.02167797 0.02619296 0.01639598 -0.02292996 0.02558398 0.01704394 -0.02292996 0.02349895 0.02079999 -0.02087795 0.02996295 -0.01299995 -0.02039796 0.02977198 -0.01299995 -0.02107799 0.02943795 -0.01299995 -0.02167797 0.02912098 -0.01299995 -0.02205097 0.02876299 -0.01299995 -0.02235698 0.02814799 -0.01299995 -0.02270197 0.02792698 -0.01299995 -0.02278298 0.02699995 -0.01299995 -0.02292996 0.02199995 -0.02096295 -0.02039796 0.02199995 -0.02077198 -0.02107799 0.022807 -0.02083897 -0.02087795 0.02199995 -0.02043795 -0.02167797 0.02279496 -0.02043098 -0.02167797 0.02277696 -0.01975595 -0.02235698 0.022753 -0.01892 -0.02278298 0.02398496 -0.01879799 -0.02278298 0.02670794 -0.01545 -0.02292996 0.02682095 -0.01509797 -0.02292996 0.02724897 -0.01521295 -0.022897 0.02740699 -0.01428794 -0.022897 0.02696299 -0.01427298 -0.02292996 0.02652597 -0.01586395 -0.02292996 0.02463698 -0.01763296 -0.02292996 0.02508199 -0.01740396 -0.02292996 0.02566099 -0.01754999 -0.022897 0.02199995 -0.01799994 -0.02292996 0.02241098 -0.01799899 -0.02292996 0.02274 -0.01843696 -0.022897 0.02389198 -0.01832395 -0.022897 0.02481395 -0.01804 -0.022897 0.02500599 -0.01848399 -0.02278298 0.02674698 -0.01718896 -0.02278298 0.02594995 -0.017937 -0.02278298 0.02637898 -0.01687598 -0.022897 0.027888 -0.01433098 -0.02278298 0.02809298 -0.016671 -0.02235698 0.02841699 -0.01683795 -0.02204495 0.02807098 -0.017425 -0.02204495 0.02280998 -0.02095597 -0.02039796 0.02437496 -0.020796 -0.02039796 0.02509295 -0.02061694 -0.02039796 0.02581596 -0.020352 -0.02039796 0.02651298 -0.01999998 -0.02039796 0.02716594 -0.01956999 -0.02039796 0.02776497 -0.019068 -0.02039796 0.02829998 -0.01850599 -0.02039796 0.02876496 -0.01788997 -0.02039796 0.02915996 -0.01722097 -0.02039796 0.02945899 -0.01655399 -0.02039796 0.02968299 -0.01586598 -0.02039796 0.029917 -0.01450997 -0.02039796 0.02199995 -0.01976299 -0.02235698 0.02199995 -0.01914799 -0.02270197 0.02199995 -0.018444 -0.022897 0.02591198 -0.01896196 -0.02235698 0.02533894 -0.01925098 -0.02235698 0.02474296 -0.01946896 -0.02235698 0.02414494 -0.01961797 -0.02235698 0.02272695 -0.01799297 -0.02292996 0.02390998 -0.01786595 -0.02292996 0.02776795 -0.01722198 -0.02235698 0.02738499 -0.01772999 -0.02235698 0.02694296 -0.018193 -0.02235698 0.02644896 -0.01860696 -0.02235698 0.02734994 -0.01628798 -0.02278298 0.02692097 -0.01606696 -0.022897 0.02766299 -0.01796597 -0.02204495 0.02719295 -0.01845896 -0.02204495 0.02666699 -0.01889997 -0.02204495 0.02609497 -0.01927697 -0.02204495 0.02548396 -0.01958495 -0.02204495 0.02484899 -0.01981794 -0.02204495 0.02421498 -0.01997596 -0.02204495 0.02278697 -0.02012097 -0.02204495 0.02199995 -0.02012097 -0.02205097 0.02771598 -0.015338 -0.02278298 0.02852296 -0.01555496 -0.02235698 0.02872097 -0.01440399 -0.02235698 0.02887594 -0.01564997 -0.02204495 0.02908396 -0.01443594 -0.02204495 0.02917498 -0.01572996 -0.02167797 0.02939295 -0.01446396 -0.02167797 0.02427399 -0.02028095 -0.02167797 0.02435296 -0.02068096 -0.02087795 0.02505898 -0.02050495 -0.02087795 0.02493995 -0.02011495 -0.02167797 0.02576994 -0.020244 -0.02087795 0.02560698 -0.01986998 -0.02167797 0.02645498 -0.01989895 -0.02087795 0.02625 -0.01954597 -0.02167797 0.02709597 -0.01947599 -0.02087795 0.02685195 -0.019149 -0.02167797 0.02768498 -0.018983 -0.02087795 0.02740496 -0.01868498 -0.02167797 0.02820998 -0.01842999 -0.02087795 0.02789896 -0.018166 -0.02167797 0.02866798 -0.01782494 -0.02087795 0.028328 -0.01759797 -0.02167797 0.02905595 -0.01716697 -0.02087795 0.02869296 -0.01697999 -0.02167797 0.02934998 -0.01651197 -0.02087795 0.02956998 -0.015836 -0.02087795 0.02896898 -0.016366 -0.02167797 0.02539598 -0.01719295 -0.02292996 0.02604395 -0.01658397 -0.02292996 0.02979999 -0.01449894 -0.02087795</float_array>
          <technique_common>
            <accessor source="#right_D405_link-mesh-positions-array" count="2829" stride="3">
              <param name="X" type="float"/>
              <param name="Y" type="float"/>
              <param name="Z" type="float"/>
            </accessor>
          </technique_common>
        </source>
        <source id="right_D405_link-mesh-normals">
          <float_array id="right_D405_link-mesh-normals-array" count="30753">-0.7273995 -0.5256775 -0.441082 -0.7273995 -0.5256773 -0.4410821 -0.7273995 -0.5256771 -0.4410823 -0.6027146 -0.6112614 -0.5129276 -0.6000347 -0.6128158 -0.5142133 -0.605859 -0.6094173 -0.5114153 -0.6088279 -0.6076649 -0.5099725 -0.3748392 -0.7102473 -0.5958561 -0.3748392 -0.7102474 -0.595856 -0.3748391 -0.7102473 -0.5958561 -0.258864 -0.7404999 -0.6202011 -0.258864 -0.7404999 -0.6202011 -0.258864 -0.7404999 -0.6202012 -0.1736682 -0.7545927 -0.6327949 -0.1736682 -0.7545927 -0.6327949 -0.1736682 -0.7545927 -0.6327949 -0.04066908 -0.7653732 -0.6423006 -0.04066908 -0.7653732 -0.6423006 -0.04066908 -0.7653732 -0.6423006 -0.7929839 -0.4668014 -0.391501 -0.7931862 -0.4665907 -0.3913423 -0.7931936 -0.4665835 -0.3913359 -0.7933941 -0.4663743 -0.391179 -0.8970139 -0.3385122 -0.2842104 -0.897014 -0.3385122 -0.2842105 -0.8970139 -0.3385122 -0.2842104 -0.9658786 -0.1983982 -0.1664833 -0.999165 -0.03307956 -0.02398276 -0.999165 -0.03307974 -0.02398258 -0.999165 -0.0330798 -0.02398252 -0.9791705 -0.156209 -0.129708 -0.9791703 -0.1562092 -0.1297078 -0.9791705 -0.1562091 -0.129708 -0.7071067 0 -0.7071069 -0.7071067 0 -0.7071068 0.7071428 -0.4544866 0.5416557 0.7071428 -0.4544866 0.5416558 0 -0.6427738 0.7660561 0 -0.6427738 0.7660561 0 -0.6427738 0.766056 0 -0.5734796 0.8192198 0 -0.5734796 0.8192199 0 -0.5734796 0.8192198 -0.006071388 -0.5002319 0.8658702 0 -0.08709836 0.9961998 0 -0.08709836 0.9961998 0 -0.08709836 0.9961998 -0.006050288 -0.1734945 0.9848163 0 -0.2588441 0.9659192 0 -0.2588441 0.9659192 0 -0.2588441 0.9659192 0 -0.4225257 0.906351 0 -0.4225257 0.906351 1.55482e-7 -0.4225257 0.906351 0.7016825 -0.1236162 0.7016843 0.701563 -0.123787 0.7017737 0.7015482 -0.1238082 0.7017847 0.701446 -0.1239541 0.7018611 0.7014354 -0.3565387 0.6171456 0.7015631 -0.3563356 0.6171177 0.7015789 -0.3563104 0.6171142 0.701688 -0.3561369 0.6170903 0.7071076 0 0.7071059 0.7071076 0 0.707106 0.7071063 0 0.7071073 0.7071063 0 0.7071073 0.7000355 -0.1392804 -0.7003937 0.7001978 -0.1394531 -0.7001972 0.7004281 -0.1392766 -0.7000018 0.700228 -0.1392956 -0.7001982 0.5936646 -0.3965988 -0.7001942 0.5936141 -0.396615 -0.7002278 0.5937648 -0.3965779 -0.7001209 0.5936062 -0.396617 -0.7002332 0.3965525 -0.593593 -0.700281 0.3965947 -0.5936169 -0.7002369 0.3964297 -0.5936264 -0.7003222 0.3966046 -0.593619 -0.7002295 0.1393291 -0.700405 -0.7000144 0.1393132 -0.7002276 -0.7001951 0.1392645 -0.7003675 -0.7000649 0.1390416 -0.7002378 -0.700239 0.194998 -0.9808037 0 0.1953271 -0.9807382 0 0.1953272 -0.9807381 0 0.1953273 -0.9807381 0 0.5554535 -0.8315477 0 0.5554538 -0.8315474 0 0.5554537 -0.8315474 0 0.5553338 -0.8316276 -1.60841e-7 0.9808036 -0.1949989 0 0.9808782 -0.1946231 -4.16293e-5 0.9811282 -0.1933578 -6.15261e-4 0.9812134 -0.1929233 -9.55943e-4 0.8314957 -0.5555306 8.94128e-4 0.8314957 -0.5555306 8.94124e-4 0.8314957 -0.5555307 8.94145e-4 0.9220294 -0.3794262 -0.07679647 0.9220289 -0.379427 -0.07679742 0.9220291 -0.3794265 -0.07679736 0.8315479 -0.5554531 0 0.8315479 -0.5554531 0 0.8315479 -0.5554531 0 0.7003698 -0.1377043 0.7003712 0.6988106 -0.1386268 0.7017453 0.6986382 -0.1383945 0.7019627 0.6986445 -0.1389693 0.701843 0.6539183 -0.2690161 0.7071218 0.6539177 -0.269016 0.7071224 0.6539182 -0.2690161 0.707122 0.5936164 -0.3967244 0.7001639 0.593619 -0.3966041 0.7002298 0.5935935 -0.3965515 0.7002812 0.5935913 -0.3964387 0.700347 0.3966435 -0.593496 0.7003117 0.3966175 -0.5936045 0.7002344 0.3965983 -0.5936647 0.7001944 0.3966146 -0.5936153 0.7002269 0.1392773 -0.7004284 0.7000014 0.1393244 -0.7001617 0.7002587 0.1393228 -0.700369 0.7000518 0.1389798 -0.7002452 0.7002438 0 -0.707107 0.7071066 0 -0.707107 0.7071066 0 -0.7071068 0.7071068 0 -0.7071068 0.7071069 0 -1 0 0 -0.707107 -0.7071066 0 -0.707107 -0.7071066 0 -0.7071068 -0.7071068 0 -0.7071068 -0.7071069 -0.1392929 -0.7001357 -0.700291 -0.1394531 -0.7001975 -0.7001973 -0.1393175 -0.7000866 -0.7003352 -0.1392223 -0.7003972 -0.7000436 -0.3966001 -0.5936642 -0.7001937 -0.3965941 -0.5936913 -0.7001742 -0.3966452 -0.5934958 -0.7003109 -0.3966174 -0.5936053 -0.7002339 -0.5935932 -0.3965514 -0.7002814 -0.5936039 -0.3965162 -0.7002924 -0.5936164 -0.3967242 -0.700164 -0.5936189 -0.3966041 -0.7002299 -0.700405 -0.1393294 -0.7000144 -0.7001702 -0.1392724 -0.7002605 -0.7003676 -0.1392648 -0.7000648 -0.7002382 -0.1390416 -0.7002385 -0.9807381 -0.1953275 0 -0.9807381 -0.1953276 0 -0.9808037 -0.194998 0 -0.9807382 -0.1953269 0 -0.8316272 -0.5553343 0 -0.8316274 -0.5553342 0 -0.8314942 -0.5555335 0 -0.8316271 -0.5553345 0 -0.1949983 -0.9808037 0 -0.1946634 -0.9808702 -1.69238e-5 -0.1933575 -0.9811282 -6.15272e-4 -0.1929235 -0.9812134 -9.55991e-4 -0.5555303 -0.8314958 8.94079e-4 -0.5555303 -0.8314958 8.94041e-4 -0.5555304 -0.8314959 8.94048e-4 -0.3795014 -0.9219983 -0.07679951 -0.3795009 -0.9219985 -0.07679927 -0.3795009 -0.9219984 -0.07679891 -0.5553343 -0.8316273 0 -0.5553343 -0.8316273 0 -0.5553343 -0.8316273 0 -0.1377055 -0.7003704 0.7003703 -0.1386252 -0.6988099 0.7017463 -0.1383855 -0.6986722 0.7019307 -0.1387912 -0.6989753 0.7015487 -0.2692058 -0.6538817 0.7070835 -0.2692057 -0.6538816 0.7070836 -0.2692056 -0.6538816 0.7070837 -0.3967242 -0.5936164 0.700164 -0.3965652 -0.5936149 0.7002553 -0.3965508 -0.5935937 0.7002813 -0.3965148 -0.593604 0.7002931 -0.5934963 -0.3966435 0.7003114 -0.5936055 -0.3966172 0.7002338 -0.5936647 -0.3965986 0.7001941 -0.5936917 -0.3965938 0.7001739 -0.7004292 -0.1392766 0.7000007 -0.7002302 -0.1392948 0.7001962 -0.7003697 -0.1393222 0.7000511 -0.7001976 -0.1394541 0.7001971 -0.7071076 0 0.7071059 -0.7071076 0 0.707106 -0.7071063 0 0.7071073 -0.7071063 0 0.7071073 -0.965878 -0.166478 0.1984055 -0.9658787 -0.1664749 0.1984054 -0.9659647 -0.1662857 0.1981446 -0.9658787 -0.1664749 0.1984054 -0.7070736 -0.4545161 0.5417215 -0.7071524 -0.4544628 0.5416634 -0.7071655 -0.4544612 0.5416476 -0.7070074 -0.4545665 0.5417655 -0.2588267 -0.6209137 0.7399155 -0.2591809 -0.6208098 0.7398787 -0.2587522 -0.620925 0.739932 -0.258878 -0.6208968 0.7399118 0 -0.6427739 0.766056 -0.707143 -0.4544863 0.5416558 -0.707143 -0.4544863 0.5416558 -0.7071428 -0.4544866 0.5416558 -0.7071428 -0.4544866 0.5416557 -0.7017192 -0.3559836 0.6171433 -0.7015882 -0.3563237 0.6170959 -0.7015724 -0.3563142 0.6171194 -0.7017925 -0.3561971 0.6169368 -0.7014199 -0.1236611 0.7019389 -0.7015392 -0.123791 0.7017967 -0.701554 -0.1238071 0.701779 -0.701656 -0.1239181 0.7016575 0 -0.5734798 0.8192198 0 -0.5734797 0.8192198 0 -0.5734798 0.8192198 0.006071388 -0.5002318 0.8658702 0 -0.4226561 0.9062902 0 -0.4226561 0.9062902 0 -0.4226561 0.9062902 0 -0.2587052 0.9659564 0 -0.2587052 0.9659564 0 -0.2587052 0.9659564 0.006050288 -0.1734945 0.9848163 0 -0.08709836 0.9961998 0 -0.08709836 0.9961998 0 -0.08709836 0.9961998 -0.7921988 -0.05318939 0.6079409 -0.7921988 -0.05318939 0.6079409 -0.7921988 -0.05318939 0.6079409 -0.2579448 -0.5542237 0.7913916 -0.2578483 -0.5541958 0.7914426 -0.2578822 -0.5542064 0.7914242 -0.2578725 -0.5543393 0.7913342 -0.2578907 -0.4082812 0.8756706 -0.2578532 -0.4084382 0.8756083 -0.2578428 -0.4084116 0.8756238 -0.2578845 -0.4083449 0.8756427 -0.2579349 -0.25018 0.9332093 -0.2579041 -0.250087 0.9332428 -0.2579118 -0.2501197 0.9332319 -0.2579092 -0.2501001 0.9332379 -0.2578935 -0.08417809 0.9624994 -0.2578626 -0.08402413 0.9625211 -0.2578912 -0.08415752 0.9625018 -0.2578917 -0.08414417 0.9625028 -0.6073551 -0.06924682 0.7914069 -0.6073551 -0.06924682 0.7914068 -0.6073551 -0.06924676 0.7914068 -0.707026 -0.1139637 0.6979445 -0.707026 -0.1139638 0.6979446 -0.707026 -0.1139638 0.6979446 -0.7057192 -0.1833905 0.6843452 -0.7057087 -0.1832034 0.6844062 -0.7057846 -0.1832676 0.6843107 -0.7060357 -0.1834801 0.6839947 -0.7058094 -0.2994235 0.6420115 -0.7057774 -0.2993959 0.6420595 -0.7058035 -0.2994295 0.6420151 -0.7057223 -0.2991221 0.6422476 -0.7057793 -0.4063686 0.5802932 -0.7059306 -0.4060061 0.5803629 -0.70597 -0.4060212 0.5803044 -0.7061004 -0.406071 0.5801109 -0.9656924 -0.1490179 0.2126784 -0.9656482 -0.1489663 0.2129144 -0.9656503 -0.1489676 0.2129042 -0.9656661 -0.148978 0.2128253 -0.9656627 -0.1097813 0.2354648 -0.9656728 -0.109796 0.2354163 -0.965674 -0.1097977 0.2354108 -0.9656832 -0.1098108 0.2353672 -0.9656821 -0.06707841 0.2509155 -0.9656268 -0.0672658 0.2510781 -0.9657173 -0.06716281 0.2507578 -0.9657456 -0.06723088 0.2506306 -0.9656823 -0.02263563 0.2587383 -0.9657092 -0.02269136 0.2586326 -0.9657046 -0.02267658 0.2586514 -0.9656674 -0.02256011 0.2588002 0.2886943 -0.1945938 0.9374375 0.2922173 -0.1980996 0.9356098 0.2902593 -0.1963772 0.9365819 0.4320913 -0.1842412 0.8828094 0.4320913 -0.1842412 0.8828094 0.4320914 -0.1842412 0.8828094 0.5942414 -0.2511445 0.7640705 0.5942414 -0.2511446 0.7640705 0.496063 -0.3347022 0.8011841 0.4960631 -0.3347023 0.8011841 0.496063 -0.3347022 0.8011841 0.6883502 -0.2633173 0.675898 0.6883501 -0.2633175 0.675898 0.6883502 -0.2633172 0.675898 0.8238111 -0.3304085 0.4606143 0.8238099 -0.3304037 0.4606198 0.8238108 -0.3304054 0.4606171 0.7168771 -0.2755818 0.6404233 0.7168771 -0.2755818 0.6404233 0.7168771 -0.2755817 0.6404233 0.8256034 -0.3190908 0.4653603 0.8256034 -0.3190908 0.4653603 0.8256034 -0.3190907 0.4653603 0.5184397 -0.2980338 0.8014962 0.5184397 -0.2980338 0.8014962 0.5184398 -0.2980338 0.8014962 0.2869763 -0.1915775 0.9385855 0.3224723 -0.1274011 0.9379662 0.1921073 -0.0955314 0.9767132 0.3338127 -0.09833478 0.9374963 0.3338127 -0.0983349 0.9374964 0.3338126 -0.09833484 0.9374963 0.1148781 -0.0810855 0.9900647 0.1244058 -0.08232414 0.9888104 0.1186535 -0.08172416 0.9895669 0.1265565 -0.0836398 0.9884271 0.08396959 -0.03882539 0.9957116 0.08050048 -0.04089486 0.9959154 0.08203357 -0.03670781 0.9959534 0.07921874 -0.0383569 0.9961191 0.08174741 -0.03323239 0.9960989 0.07953202 -0.02811121 0.9964359 0.1322519 -0.05979746 0.9894109 0.132252 -0.05979746 0.9894109 0.1322519 -0.05979746 0.9894109 0.1843817 -0.5449066 0.8179732 0.1843684 -0.5449229 0.8179655 0.1843891 -0.5449095 0.8179696 0.8942695 -0.2911697 0.3398565 0.8943762 -0.2903248 0.3402981 0.8952832 -0.2930974 0.3355026 0.7981634 -0.3446267 0.4941333 0.7981634 -0.3446266 0.4941333 0.7981634 -0.3446267 0.4941333 0.8143885 -0.3323976 0.4756925 0.8143908 -0.3323971 0.4756887 0.8143873 -0.3323976 0.4756944 0.6146904 -0.44521 0.6511097 0.6146904 -0.44521 0.6511096 0.6146904 -0.4452101 0.6511096 0.7424455 -0.3391969 0.5776852 0.7424456 -0.3391969 0.5776852 0.7424456 -0.339197 0.5776851 0.3721346 -0.5073563 0.7772423 0.3721346 -0.5073562 0.7772423 0.3721346 -0.5073562 0.7772423 0.543407 -0.3012954 0.7835368 0.543407 -0.3012954 0.7835369 0.4313547 -0.5000681 0.7509096 0.4313547 -0.5000681 0.7509096 0.1844042 -0.5448918 0.817978 0.1843818 -0.3507169 0.9181509 0.1843818 -0.3507169 0.9181509 0.1843817 -0.3507168 0.9181509 0.03814733 -0.4010931 0.9152426 0.03814738 -0.4010932 0.9152427 0.03814733 -0.4010931 0.9152427 0.2938428 -0.1982002 0.9350792 0.00642389 -0.2812292 0.9596192 0.004759609 -0.2809057 0.9597236 3.6255e-4 -0.2797574 0.9600707 0.2123981 -0.1077763 0.9712216 0.2123981 -0.1077763 0.9712216 0.2123981 -0.1077764 0.9712216 -0.7511855 -0.3424931 0.564286 -0.7512518 -0.3426501 0.5641026 -0.7512488 -0.3426544 0.564104 -0.1847739 -0.1243649 0.9748805 -0.1629116 -0.0528137 0.9852262 -0.1629116 -0.0528137 0.9852262 -0.1629117 -0.05281364 0.9852262 -0.1301493 -0.07830071 0.9883978 -0.131833 -0.07695752 0.9882802 -0.1352318 -0.07180356 0.9882088 -0.134519 -0.07070749 0.9883852 -0.1346625 -0.07073497 0.9883636 -0.1408367 -0.05680251 0.988402 -0.1409642 -0.05678546 0.9883849 -0.1407039 -0.05682021 0.9884199 -0.1405832 -0.05683636 0.9884362 -0.7513064 -0.3428206 0.5639262 -0.7450392 -0.3355073 0.5764995 -0.7450399 -0.3355076 0.5764983 -0.7450392 -0.335507 0.5764995 -0.7990805 -0.3228467 0.507189 -0.4774029 -0.2814002 0.8324065 -0.4774026 -0.281404 0.8324053 -0.4774059 -0.2814007 0.8324046 -0.5150929 -0.3079065 0.7999206 -0.5150919 -0.3079066 0.7999212 -0.5150919 -0.3079071 0.799921 -0.5299057 -0.2792046 0.8007776 -0.5299062 -0.2792039 0.8007776 -0.5299062 -0.2792034 0.8007777 -0.6261031 -0.3330952 0.7050125 -0.626103 -0.3330953 0.7050126 -0.03404092 -0.008538305 0.9993841 -0.03081661 -0.01004064 0.9994747 -0.0327568 -0.009299635 0.9994201 -0.02808845 -0.009596645 0.9995594 -0.1690117 -0.02769309 0.985225 -0.1691766 -0.02861356 0.9851704 -0.1690379 -0.02774184 0.9852191 -0.1486416 -0.03499382 0.9882718 -0.1486416 -0.03499382 0.9882718 -0.3507602 -0.1167486 0.9291594 -0.5508796 -0.08021026 0.8307214 -0.5508795 -0.08021014 0.8307215 -0.5508797 -0.0802105 0.8307214 -0.6643995 -0.2684368 0.6975064 -0.6644927 -0.2681447 0.6975298 -0.6645608 -0.2681732 0.697454 -0.6645347 -0.2681527 0.6974868 -0.6336764 -0.3354555 0.6970825 -0.6325414 -0.3458288 0.6930325 -0.6287934 -0.344388 0.6971485 -0.6327871 -0.3466831 0.692381 -0.8337885 -0.2917191 0.4687181 -0.8337885 -0.2917191 0.4687182 -0.8337885 -0.2917192 0.4687181 -0.6891006 -0.1882619 0.6997842 -0.6877536 -0.187904 0.7012041 -0.6913003 -0.1898089 0.6971919 -0.6904872 -0.1935637 0.6969653 -0.4227934 -0.1655686 0.890973 -0.4218124 -0.1640918 0.8917109 -0.422508 -0.1667488 0.8908882 -0.4198992 -0.1693782 0.8916254 -0.4198241 -0.1691356 0.8917068 -0.4008789 -0.2112507 0.8914423 -0.4007719 -0.2111323 0.8915185 -0.4007303 -0.2110948 0.891546 -0.400675 -0.2109938 0.8915947 -0.3718107 -0.2596178 0.8912662 -0.3718108 -0.2596178 0.8912661 -0.3718107 -0.2596179 0.8912662 -0.3464952 -0.2319948 0.9089112 -0.3464952 -0.2319947 0.9089112 -0.3464952 -0.2319947 0.9089112 -0.8953157 -0.2901055 0.338007 -0.8953157 -0.2901056 0.338007 -0.8953156 -0.2901057 0.338007 -0.1850909 -0.3944922 0.9000651 -0.185091 -0.3944922 0.9000652 -0.1850911 -0.3944922 0.9000651 -0.1065654 -0.3569065 0.9280418 -0.1065654 -0.3569064 0.9280419 -0.1065655 -0.3569066 0.9280418 -0.2066054 -0.2752069 0.9389225 -0.2066055 -0.2752069 0.9389225 -0.2066055 -0.2752068 0.9389225 -0.1625002 -0.1899203 0.9682583 -0.1625002 -0.1899204 0.9682583 -0.1625002 -0.1899204 0.9682582 -0.1283489 -0.1093877 0.9856779 -0.1283489 -0.1093876 0.985678 -0.1283489 -0.1093878 0.985678 -0.5202499 -0.3256925 0.7894712 -0.5202499 -0.3256925 0.789471 -0.5202499 -0.3256925 0.789471 -0.5434142 -0.3113009 0.7796108 -0.5434142 -0.3113011 0.7796107 -0.5711441 -0.2951065 0.7659678 -0.5711441 -0.2951066 0.7659677 -0.5711441 -0.2951066 0.7659677 -0.798276 -0.3465218 0.4926238 -0.798276 -0.3465218 0.4926238 -0.798276 -0.3465218 0.4926238 -0.815361 -0.3315921 0.4745874 -0.8149927 -0.3319025 0.4750028 -0.814987 -0.3319066 0.4750097 -0.8146252 -0.3322114 0.475417 -0.6149843 -0.4502602 0.6473486 -0.6149843 -0.45026 0.6473487 -0.6149843 -0.45026 0.6473487 -0.7390794 -0.3424047 0.580104 -0.7390794 -0.3424047 0.5801041 -0.7390794 -0.3424047 0.580104 -0.4322389 -0.5253755 0.7329053 -0.4322389 -0.5253755 0.7329053 -0.5207808 -0.4732248 0.710525 -0.5207808 -0.473225 0.7105248 -0.5207808 -0.4732248 0.710525 -0.1843214 -0.5448562 0.8180205 -0.1843956 -0.544888 0.8179824 -0.184559 -0.5449586 0.8178986 -0.1844734 -0.5449225 0.817942 0 -0.1101967 0.9939098 0 -0.1105307 0.9938728 0 -0.1105303 0.9938728 0 -0.1101974 0.9939098 0 -0.2812834 0.9596248 0 -0.2811912 0.9596518 0 -0.4014255 0.9158918 0 -0.4013798 0.9159117 0 -0.4013813 0.9159111 0 -0.4013357 0.915931 0 -0.5544208 0.8322366 0 -0.5544222 0.8322357 0 -0.5547003 0.8320503 0 -0.5547017 0.8320493 0 -0.6428002 0.766034 0 -0.6427999 0.7660342 0 -0.6428002 0.766034 0 -0.6427999 0.7660343 0 -0.7370906 0.675794 0.01068937 -0.7147659 0.6992821 0.01068943 -0.7147659 0.6992821 0.01068937 -0.7147659 0.6992821 -0.007989883 -0.8548402 0.51883 -0.007989943 -0.8548402 0.51883 -0.007989883 -0.8548402 0.51883 0 -0.8373478 0.5466706 0 -0.9152806 0.4028168 0 -0.9152807 0.4028168 0 -0.9152806 0.4028168 -0.005307555 -0.9279366 0.3727005 -0.005307495 -0.9279365 0.3727005 -0.005307555 -0.9279366 0.3727005 0.007998764 -0.9762766 0.2163798 0.007998645 -0.9762766 0.2163798 0.007998704 -0.9762765 0.2163798 0 -0.9828524 0.184394 0 -0.9828524 0.184394 0 -0.9828524 0.184394 0 -0.996199 0.08710747 0 -0.996199 0.08710712 0 -0.996199 0.08710741 0 -0.996199 0.08710706 0 -0.9990459 -0.04367542 0 -0.9990463 -0.04366648 0 -0.999046 -0.04367315 0 -0.9990463 -0.04366427 0 -0.9713561 -0.2376287 0 -0.9713608 -0.2376098 0 -0.9713452 -0.2376731 0 -0.9713385 -0.2377007 0 -0.9319224 -0.3626579 0 -0.9320374 -0.3623622 0 -0.9320433 -0.3623471 0 -0.9320887 -0.3622302 0 -0.8435346 -0.5370749 -0.9962472 -0.08622503 0.00753051 -0.9814988 -0.1910062 0.01330047 -0.9814988 -0.1910051 0.01331448 -0.9814987 -0.1910062 0.01330053 -0.9594431 -0.2813596 0.01748842 -0.9611605 -0.2749366 0.02409273 -0.9598798 -0.2800737 0.01376605 -0.8879236 -0.4582404 0.04009497 -0.8879236 -0.4582404 0.04009503 -0.8879236 -0.4582404 0.04009497 -0.8349287 -0.5485641 0.04440128 -0.8349288 -0.5485641 0.04440116 -0.8349288 -0.5485641 0.04440122 -0.7803176 -0.6230043 0.0545001 -0.7803176 -0.6230043 0.05450022 -0.7803178 -0.6230012 0.05453306 -0.6337233 -0.7706178 0.0674017 -0.6337234 -0.7706179 0.06740146 -0.6337234 -0.770617 0.06741076 -0.5586875 -0.8265284 0.06869632 -0.5586875 -0.8265285 0.06869632 -0.5586875 -0.8265285 0.06869626 -0.4696433 -0.8795007 0.07690089 -0.4696433 -0.8795007 0.07690083 -0.4696433 -0.8795007 0.07690072 -0.1963592 -0.9767975 0.08549731 -0.1963292 -0.9768034 0.08549904 -0.1962253 -0.9768239 0.08550322 -0.1966783 -0.9767344 0.08548498 -0.1959045 -0.9525292 -0.2330441 -0.1959045 -0.9525293 -0.2330442 -0.1959046 -0.9525292 -0.2330441 -0.1945949 -0.8272626 -0.5270385 -0.1945879 -0.8272661 -0.5270356 -0.1948794 -0.8272505 -0.5269522 -0.9866293 -0.1428693 -0.07842892 -0.9866293 -0.1428693 -0.07842892 -0.9866293 -0.1428694 -0.07842886 -0.3856781 -0.8598946 -0.3344158 -0.3856781 -0.8598945 -0.3344159 -0.4402227 -0.7572704 -0.4824372 -0.4402227 -0.7572705 -0.4824372 -0.4402227 -0.7572704 -0.4824372 -0.5560365 -0.7080745 -0.4352632 -0.5560365 -0.7080745 -0.4352631 -0.9811991 -0.1627805 -0.1036875 -0.9811991 -0.1627805 -0.1036875 -0.981199 -0.1627805 -0.1036874 -0.8970037 -0.3727983 -0.2374992 -0.8970037 -0.3727985 -0.237499 -0.8970037 -0.3727984 -0.2374991 -0.833504 -0.4739345 -0.2840023 -0.833504 -0.4739345 -0.2840024 -0.833504 -0.4739345 -0.2840023 -0.7925251 -0.5141902 -0.3278909 -0.607338 -0.670027 -0.4268541 -0.607338 -0.670027 -0.4268542 -0.607338 -0.670027 -0.4268542 -0.1947836 -0.8272674 -0.5269613 -0.1946121 -0.9353862 -0.2952607 -0.5553955 -0.7930878 -0.2500957 -0.5553733 -0.7931025 -0.2500982 -0.5553662 -0.7931052 -0.2501048 -0.5554201 -0.793069 -0.2501001 -0.8328734 -0.5278763 -0.1663385 -0.8327153 -0.5280797 -0.166485 -0.832718 -0.5280762 -0.1664827 -0.8326914 -0.5281102 -0.1665077 -0.9773547 -0.2018075 -0.06365323 -0.9773547 -0.2018075 -0.06365323 -0.9773546 -0.2018075 -0.06365323 -0.1948793 -0.9798917 -0.04283136 -0.1946625 -0.9799358 -0.04280602 -0.1949365 -0.9798811 -0.04281359 -0.1947229 -0.9799242 -0.04279875 -0.5553848 -0.830801 -0.03629851 -0.5553824 -0.8308018 -0.03631812 -0.5550797 -0.83101 -0.03617942 -0.5554563 -0.8307557 -0.03624165 -0.8328049 -0.5530431 -0.02406829 -0.8325068 -0.5534868 -0.02417886 -0.8328512 -0.5529785 -0.0239495 -0.8326982 -0.5531981 -0.02419984 -0.9882815 -0.1524956 -0.00669974 -0.9882815 -0.1524956 -0.006699681 -0.9882815 -0.1524956 -0.0066998 -0.980807 -0.1938272 -0.02118676 -0.980807 -0.1938273 -0.02118653 -0.980807 -0.1938273 -0.02118659 -0.9815033 -0.1466538 -0.1230613 -0.9811215 -0.1484587 -0.1239375 -0.9814849 -0.1467259 -0.1231217 -0.9806905 -0.156166 -0.117722 -0.8985134 -0.3362544 -0.2821463 -0.8985159 -0.3362468 -0.2821474 -0.8985083 -0.3362562 -0.2821609 -0.8984897 -0.3362841 -0.2821867 -0.7948941 -0.4647732 -0.3900374 -0.7948845 -0.4648127 -0.3900102 -0.7949042 -0.4647634 -0.3900289 -0.7949235 -0.4647729 -0.3899782 -0.6108067 -0.6065389 -0.5089458 -0.610722 -0.6065879 -0.508989 -0.6105991 -0.6066587 -0.5090522 -0.610704 -0.6065982 -0.5089982 -0.4431244 -0.6867458 -0.5762125 -0.4434128 -0.6866067 -0.5761565 -0.4435245 -0.6865535 -0.5761339 -0.4434298 -0.6866254 -0.5761212 -0.1966148 -0.7510724 -0.6302642 -0.1964713 -0.7510917 -0.6302861 -0.1962859 -0.7511163 -0.6303144 -0.1964713 -0.7510917 -0.6302861 -0.1947107 -0.8272734 -0.5269784 -0.1946449 -0.8272766 -0.5269981 -0.1946188 -0.8272766 -0.5270076 -0.9853813 -0.1437052 -0.09150224 -0.9853813 -0.1437052 -0.09150224 -0.9853813 -0.1437052 -0.09150224 -0.9813991 -0.1551648 -0.1130479 -0.5555381 -0.7013409 -0.4466525 -0.4419597 -0.735669 -0.5132863 -0.4419596 -0.7356692 -0.5132861 -0.4419595 -0.7356697 -0.5132856 -0.6074308 -0.6699824 -0.426792 -0.6074308 -0.6699824 -0.4267922 -0.6074308 -0.6699823 -0.4267923 -0.8327272 -0.4669821 -0.2974783 -0.8327271 -0.4669821 -0.2974783 -0.8327272 -0.4669821 -0.2974783 -0.7933747 -0.5032623 -0.3424668 -0.7933748 -0.5032624 -0.3424668 -0.7933748 -0.5032624 -0.3424668 -0.8969859 -0.3728286 -0.237519 -0.8969859 -0.3728286 -0.237519 -0.8969859 -0.3728283 -0.2375193 -0.975491 -0.2194202 -0.01650106 -0.975491 -0.2194202 -0.01650106 -0.9754909 -0.2194202 -0.01650106 -0.9811711 -0.192958 -0.008401632 -0.9811711 -0.192958 -0.008401691 -0.9811711 -0.192958 -0.008401632 -0.8327931 -0.5530567 -0.02417147 -0.8324794 -0.5535188 -0.02439272 -0.8328804 -0.552925 -0.0241701 -0.8326153 -0.5533203 -0.02426373 -0.5552383 -0.8308947 -0.03639495 -0.555638 -0.8306254 -0.03644251 -0.5550836 -0.8309864 -0.03665739 -0.5558007 -0.8305193 -0.03637939 0.02541917 -0.9710323 -0.2375929 0.02541917 -0.9710322 -0.2375929 0.02541917 -0.9710323 -0.2375929 -0.1959885 -0.9139313 -0.3554127 -0.1959885 -0.9139313 -0.3554127 -0.1945498 -0.8272783 -0.5270304 -0.9716256 -0.2179499 -0.09187823 -0.9716256 -0.2179499 -0.09187823 -0.9716256 -0.2179499 -0.09187835 -0.9844 -0.1678131 -0.05287081 -0.9844 -0.1678131 -0.05287086 -0.9844 -0.1678131 -0.05287086 -0.832754 -0.5279872 -0.1665846 -0.8327859 -0.5280076 -0.1663603 -0.8327062 -0.5280408 -0.1666541 -0.8326421 -0.5281637 -0.1665838 -0.5553196 -0.7931292 -0.250133 -0.5551886 -0.7932674 -0.2499849 -0.5553243 -0.7931855 -0.2499437 -0.5552185 -0.7932268 -0.2500476 -0.1946904 -0.9354843 -0.2948982 -0.1946904 -0.9354843 -0.2948982 -0.1950449 -0.9798551 -0.04291266 -0.1949887 -0.9798655 -0.04293149 -0.1947719 -0.9799141 -0.04280692 -0.1949694 -0.9798746 -0.04281294 -0.1957725 -0.9769154 0.08549636 -0.1966832 -0.9767403 0.08540594 -0.1955481 -0.9769589 0.08551263 -0.9659062 -0.2579069 0.02256661 -0.9814995 -0.1909075 0.01460087 -0.9814994 -0.1909075 0.01460087 -0.9814995 -0.1909075 0.01460093 -0.7933378 -0.6063192 0.05470126 -0.7933378 -0.6063192 0.0547012 -0.7933378 -0.6063193 0.0547012 -0.8350437 -0.5480966 0.04787808 -0.8350437 -0.5480965 0.04787802 -0.8350437 -0.5480965 0.04787802 -0.608762 -0.7903291 0.06920206 -0.608762 -0.7903292 0.06920206 -0.608762 -0.790329 0.06920206 -0.558794 -0.8260626 0.07328045 -0.558794 -0.8260626 0.07328051 -0.558794 -0.8260625 0.07328051 -0.4422632 -0.8934699 0.07819741 -0.4422632 -0.8934719 0.07817542 -0.4422633 -0.8934699 0.07819736 -0.1951038 -0.9770492 0.08549541 -0.9653522 -0.2547643 0.0564838 -0.9653693 -0.2546977 0.05649107 -0.9653565 -0.2547475 0.05648565 -0.9653744 -0.2546781 0.05649322 -0.9653519 -0.1923952 0.1762949 -0.9652952 -0.1925187 0.1764705 -0.9653319 -0.1924524 0.1763424 -0.9653939 -0.1923319 0.1761342 -0.7042322 -0.5233167 0.4797883 -0.703768 -0.5238209 0.4799191 -0.7041016 -0.5234586 0.4798251 -0.7039531 -0.5236666 0.4798161 -0.1940581 -0.9628685 0.1876851 -0.1940582 -0.9628685 0.187685 -0.1940582 -0.9628685 0.1876851 -0.43919 -0.877109 0.1944021 -0.43919 -0.8771089 0.1944023 -0.43919 -0.877109 0.1944021 -0.7040871 -0.6933028 0.1535987 -0.6077643 -0.7841083 0.1256856 -0.6077642 -0.7841083 0.1256856 -0.6077643 -0.7841083 0.1256856 -0.7908693 -0.5974703 0.1324954 -0.7908694 -0.5974704 0.1324954 -0.7908694 -0.5974704 0.1324954 -0.09170866 -0.8513032 0.516597 -0.09170866 -0.8513032 0.516597 -0.09170866 -0.8513032 0.516597 -0.2583087 -0.8842315 0.3891162 -0.2583087 -0.8842315 0.3891162 -0.2583086 -0.8842316 0.3891162 -0.2567824 -0.9435605 0.2091808 -0.2567823 -0.9435604 0.2091808 -0.9653661 -0.2313567 0.1205927 -0.9652655 -0.2317472 0.1206475 -0.9653407 -0.2314547 0.1206064 -0.9652358 -0.2318626 0.1206637 -0.704052 -0.6299509 0.3278304 -0.7042086 -0.629774 0.3278338 -0.704096 -0.6299011 0.3278314 -0.7042581 -0.6297181 0.3278349 -0.2568252 -0.8572511 0.4462751 -0.2568252 -0.8572512 0.4462751 -0.2567977 -0.7125922 0.6528915 -0.2568308 -0.7125906 0.6528803 -0.2567455 -0.7126023 0.6529011 -0.256702 -0.7126104 0.6529093 -0.9659649 -0.1662813 0.1981475 -0.9659649 -0.1662813 0.1981474 -0.9659649 -0.1662813 0.1981474 -0.9946648 -0.06076788 0.08336162 -0.9946648 -0.06076776 0.08336174 -0.9946648 -0.06076788 0.08336162 -0.9808389 -0.1218273 0.1520307 -0.9808389 -0.121827 0.152031 -0.9808388 -0.121827 0.1520311 -0.1856055 -0.6315965 0.7527527 -0.1856055 -0.6315965 0.7527526 -0.2588254 -0.6191755 0.7413711 -0.2588254 -0.6191754 0.7413712 -0.2588254 -0.6191754 0.7413712 -0.4335231 -0.5792869 0.6902784 -0.4335231 -0.579287 0.6902784 -0.4335232 -0.579287 0.6902784 -0.6165391 -0.5061059 0.6031057 -0.6165391 -0.5061058 0.6031059 -0.616539 -0.5061058 0.6031058 -0.7071404 -0.4524022 0.5434011 -0.7071404 -0.4524022 0.5434011 -0.7071404 -0.4524022 0.5434012 -0.7992789 -0.3862772 0.460373 -0.799279 -0.3862772 0.460373 -0.7992789 -0.3862743 0.4603754 -0.9355461 -0.2270575 0.2705524 -0.9355461 -0.2270575 0.2705523 -0.8930642 -0.2313069 0.385919 -0.8930642 -0.2313068 0.3859191 -0.8930642 -0.2313072 0.385919 -0.9786062 -0.09149861 0.1842771 -0.9786062 -0.09149885 0.1842771 -0.9786061 -0.09149885 0.1842771 -0.9276252 -0.1732221 0.3309162 -0.9276253 -0.1732221 0.3309161 -0.9276253 -0.1732222 0.3309162 -0.8463878 -0.2513946 0.469498 -0.8463879 -0.2513947 0.4694981 -0.8463879 -0.2513948 0.4694981 -0.9375045 -0.1063103 0.331336 -0.9375045 -0.1063104 0.331336 -0.9375045 -0.1063103 0.331336 -0.7942301 -0.1653289 0.5846923 -0.7942301 -0.1653289 0.5846923 -0.7942301 -0.165329 0.5846922 -0.7019347 -0.1308614 0.7001165 -0.7019347 -0.1308615 0.7001165 -0.7019346 -0.1308615 0.7001165 -0.659627 -0.1390974 0.7386097 -0.659627 -0.1390974 0.7386097 -0.6596269 -0.1390973 0.7386097 -0.5463193 -0.09980082 0.8316099 -0.5463193 -0.09980064 0.83161 -0.5463193 -0.09980016 0.8316101 -0.4950179 -0.1061951 0.8623688 -0.4950179 -0.1061955 0.8623687 -0.495018 -0.1061952 0.8623688 -0.3649572 -0.06440591 0.9287939 -0.3649571 -0.06440591 0.928794 -0.03430932 -0.006501436 0.9993902 -0.1128378 -0.02984476 0.9931651 -0.1128377 -0.02984476 0.9931651 -0.1128377 -0.0298447 0.9931652 -0.1197149 -0.06198292 0.9908716 -0.1197149 -0.06198298 0.9908716 -0.1952797 -0.01088786 0.9806872 -0.1967864 -0.009453535 0.9804008 -0.1999279 -0.006274819 0.9797906 -0.9518641 -0.01970219 0.3058866 -0.951864 -0.01970225 0.3058868 -0.9518641 -0.01970219 0.3058866 -0.9270226 -0.03950345 0.3729193 -0.9270226 -0.03950279 0.372919 -0.9270224 -0.03950178 0.3729197 -0.804723 -0.09558248 0.5859053 -0.804723 -0.09558248 0.5859052 -0.804723 -0.09558248 0.5859053 -0.8857874 -0.003671884 0.4640766 -0.8857206 -0.002885818 0.4642097 -0.8848032 -0.007700204 0.4659014 -0.7757201 -0.05796176 0.6284099 -0.7757201 -0.05796176 0.6284099 -0.7757201 -0.05796176 0.6284099 -0.6731993 -0.03481233 0.7386412 -0.6731993 -0.03481245 0.7386413 -0.6731993 -0.03481251 0.7386413 -0.5541775 -0.06917685 0.8295192 -0.5541777 -0.06917661 0.829519 -0.5541776 -0.06917667 0.8295191 -0.5039805 -0.03908896 0.8628301 -0.5039806 -0.0390886 0.8628301 -0.5039806 -0.03908842 0.8628301 -0.3178308 -0.01539278 0.9480226 -0.3178308 -0.01539278 0.9480226 -0.3178308 -0.01539272 0.9480226 -0.3108319 -0.06872344 0.9479771 -0.310832 -0.06872332 0.9479772 -0.310832 -0.06872332 0.9479772 -0.1697763 -0.02663826 0.9851226 -0.7771012 -0.00148499 0.629374 -0.7771011 -0.00148493 0.629374 -0.7771012 -0.00148493 0.629374 -0.8848239 7.99956e-4 0.4659249 -0.9658988 -0.005578935 0.2588601 -0.9276123 -0.01569974 0.3732144 -0.9276123 -0.01570117 0.3732144 -0.9276123 -0.01570099 0.3732143 -0.982738 -1.61424e-7 0.1850029 -0.982738 0 0.1850029 -0.982738 0 0.1850029 -0.7932525 0 0.6088928 -0.7932525 0 0.6088928 -0.7932525 0 0.6088928 -0.608779 0 0.79334 -0.608779 0 0.79334 -0.6087789 0 0.79334 -0.5555505 0.003700673 0.8314747 -0.5555505 0.003700673 0.8314746 -0.5555505 0.003700554 0.8314746 -0.2588644 -0.005578994 0.9658976 -0.1946367 0 0.9808755 -1 0 0 -1 0 0 -1 -3.19119e-7 0 -1 1.23541e-7 0 -1 0 0 -1 0 0 -1 0 0 -1 -1.35055e-7 0 -1 1.62243e-6 0 -1 1.49734e-7 0 -1 0 0 -1 -2.82474e-7 0 -1 -1.82283e-7 0 -1 1.1371e-6 0 -1 -4.68615e-7 0 -1 -2.21294e-7 0 -1 1.54851e-7 0 -1 0 0 -1 -1.45935e-7 0 -1 1.87748e-7 0 -1 -1.56857e-7 0 -1 5.99149e-7 0 -1 0 0 -0.6070432 -0.655072 -0.4498659 -0.6070431 -0.655072 -0.4498659 -0.6070431 -0.655072 -0.4498659 -0.9655545 -0.1861758 0.181778 -0.9655758 -0.1861549 0.1816857 -0.965595 -0.1861361 0.1816031 -0.9656191 -0.1861125 0.1814991 -0.9656002 -0.2179678 0.1417969 -0.9656004 -0.2179676 0.1417961 -0.9656005 -0.2179673 0.1417954 -0.9656007 -0.217967 0.1417945 -0.965596 -0.2416487 0.09607458 -0.9655712 -0.2417128 0.09616219 -0.9656355 -0.241455 0.09616494 -0.965521 -0.2418426 0.09633976 -0.9656106 -0.255727 0.04690271 -0.9656197 -0.2556933 0.04690086 -0.9656268 -0.2556658 0.04690504 -0.9656335 -0.2556378 0.04691892 -0.9656333 -0.2598732 -0.004284381 -0.9655864 -0.2600494 -0.004164159 -0.9656093 -0.2599635 -0.004218935 -0.9656383 -0.2598546 -0.004288375 -0.9656535 -0.2539321 -0.05506277 -0.9656451 -0.2539669 -0.05504941 -0.9656376 -0.2539979 -0.05503749 -0.9656281 -0.2540373 -0.05502247 -0.9656479 -0.238375 -0.1034489 -0.9656131 -0.2385277 -0.1034215 -0.9656637 -0.2383294 -0.1034064 -0.965676 -0.2382705 -0.1034273 -0.9655544 -0.2145405 -0.1472316 -0.9655627 -0.214503 -0.147232 -0.9655696 -0.2144716 -0.1472324 -0.9655789 -0.2144294 -0.1472328 -0.7919657 -0.5033299 -0.3456149 -0.7919656 -0.5033298 -0.3456149 -0.7919657 -0.5033299 -0.3456149 -0.7064677 -0.6037675 -0.3692809 -0.705359 -0.6503464 -0.2819901 -0.7052465 -0.6503408 -0.2822843 -0.7054688 -0.6502861 -0.281854 -0.7053763 -0.6501811 -0.2823278 -0.7053989 -0.6926685 -0.1504086 -0.7052825 -0.692806 -0.1503215 -0.7053573 -0.6927176 -0.1503778 -0.7053619 -0.6927121 -0.1503815 -0.7054026 -0.7087137 -0.01149731 -0.7053967 -0.7087196 -0.0114969 -0.7053409 -0.708773 -0.01161623 -0.7054356 -0.7086799 -0.01154696 -0.7054214 -0.6971726 0.1277931 -0.7054253 -0.6971688 0.1277922 -0.7054293 -0.6971649 0.1277912 -0.7057722 -0.6968336 0.1277055 -0.7054283 -0.658527 0.262132 -0.7053803 -0.6585602 0.2621778 -0.70547 -0.658465 0.2621757 -0.7052626 -0.6585962 0.262404 -0.7052006 -0.5943132 0.3866317 -0.7053838 -0.5942406 0.386409 -0.7055724 -0.5941658 0.3861798 -0.7054177 -0.5942851 0.3862785 -0.7053397 -0.5069938 0.4954324 -0.7054908 -0.5069419 0.4952704 -0.7052072 -0.5069869 0.4956282 -0.7054167 -0.5069813 0.4953355 -0.2579584 -0.6909597 0.6753016 -0.2577404 -0.690918 0.6754275 -0.2574712 -0.6908665 0.6755828 -0.2575948 -0.6909769 0.6754228 -0.2575528 -0.8101125 0.526673 -0.2577157 -0.8101249 0.5265741 -0.2579161 -0.8101403 0.5264523 -0.2576674 -0.8101324 0.5265863 -0.2575967 -0.8977238 0.3574017 -0.257715 -0.8976617 0.3574723 -0.2577282 -0.8976589 0.3574699 -0.2577403 -0.8976564 0.3574677 -0.2576648 -0.9504203 0.1740982 -0.2576025 -0.9504112 0.1742405 -0.2576231 -0.9504107 0.1742122 -0.2575883 -0.9504222 0.1742011 -0.2575874 -0.9661275 -0.01570004 -0.2575848 -0.9661282 -0.01570385 -0.2576916 -0.9661008 -0.01563823 -0.2576518 -0.9661127 -0.0155546 -0.2573465 -0.9443773 -0.2047541 -0.2575081 -0.9442952 -0.2049298 -0.257581 -0.9442632 -0.204986 -0.2575798 -0.9442636 -0.2049856 -0.2576707 -0.8865751 -0.3841754 -0.2574973 -0.8866863 -0.384035 -0.257751 -0.8865392 -0.384204 -0.257686 -0.886567 -0.3841837 -0.2578009 -0.7965175 -0.546899 -0.257797 -0.796517 -0.5469017 -0.2576619 -0.7965403 -0.5469316 -0.2577066 -0.796532 -0.5469223 0 -0.8244667 -0.5659105 0.009599328 -0.8766728 -0.4809917 0.009599387 -0.8766728 -0.4809917 0.009599328 -0.8766728 -0.4809917 0 -0.7151676 0.6989532 0.009602904 -0.7797321 0.6260397 -1.25953e-4 -0.8383969 0.5450603 1.00799e-4 -0.9290908 0.3698519 1.00794e-4 -0.9290908 0.3698519 1.00808e-4 -0.9290908 0.3698519 0.009654641 -0.9601333 0.2793759 -2.00539e-4 -0.9836165 0.1802738 -2.0062e-4 -0.9836165 0.1802738 -2.00598e-4 -0.9836165 0.1802738 2.37339e-4 -0.9998682 -0.01623225 0.009628951 -0.9939786 -0.1091515 0.009629011 -0.9939786 -0.1091515 0.009629011 -0.9939786 -0.1091515 -3.54701e-4 -0.9772927 -0.2118942 4.08329e-4 -0.9175327 -0.3976603 4.08318e-4 -0.9175327 -0.3976603 4.08344e-4 -0.9175327 -0.3976603 -0.7000412 -0.6261784 -0.3432826 -0.700166 -0.6260169 -0.3433229 -0.7002457 -0.6259136 -0.3433486 -0.7001166 -0.626015 -0.3434268 -0.7001157 -0.7097793 -0.07779091 -0.7001547 -0.7097494 -0.07771384 -0.7002025 -0.7097035 -0.07770031 -0.7001696 -0.7097365 -0.0776959 -0.7002483 -0.6853852 0.1997489 -0.7003976 -0.6853006 0.1995155 -0.7001639 -0.6854324 0.1998828 -0.7002288 -0.6854162 0.1997107 -0.7002553 -0.5566711 0.446945 -0.7002637 -0.5566695 0.4469339 -0.7002691 -0.5566684 0.4469267 -0.7002761 -0.5566671 0.4469174 -0.7071428 -0.5416436 -0.4545012 -0.7071377 -0.5416477 -0.4545043 -0.7069218 -0.5418201 -0.4546347 -0.7069167 -0.5418242 -0.4546377 -0.7001486 -0.6259559 -0.3434694 -0.7002336 -0.625928 -0.3433467 -0.7003344 -0.6258514 -0.3432809 -0.7002193 -0.6259128 -0.3434038 -0.7003131 -0.7096076 -0.07758098 -0.7002632 -0.709651 -0.07763361 -0.7003306 -0.7095922 -0.07756352 -0.7001062 -0.7097881 -0.07779711 -0.707064 -0.7044596 0.06162291 -0.7070637 -0.7044599 0.06162208 -0.7070637 -0.7044599 0.06162202 -0.7070634 -0.7044602 0.06162118 0 -0.7798177 0.6260069 0 -0.7798186 0.6260057 0 -0.7800285 0.6257441 0 -0.7798176 0.626007 0 -0.9600395 0.2798646 0 -0.9600401 0.2798627 0 -0.96004 0.2798628 0 -0.9600396 0.2798647 -0.7002336 -0.6853847 0.1998019 -0.7002316 -0.6853875 0.1997991 -0.7002343 -0.6853837 0.1998028 -0.7002367 -0.6853803 0.199806 -0.7002658 -0.5566943 0.4468997 -0.7002599 -0.5567021 0.4468993 -0.7002679 -0.5566917 0.4468998 -0.7002749 -0.5566825 0.4469002 -0.7071452 -0.4542568 0.5418455 -0.7070707 -0.4546646 0.5416007 -0.7070925 -0.4545429 0.5416743 -0.7070925 -0.4545444 0.541673 -1 1.4841e-7 0 -1 0 0 -1 0 0 -1 2.07315e-7 0 -1 0 0 -1 7.11158e-7 0 -1 1.95121e-6 0 -1 0 0 -1 1.94272e-7 0 -1 4.66012e-7 0 -1 0 0 -1 -1.81407e-7 0 -1 1.30991e-7 0 -1 0 0 -1 1.59013e-7 0 -1 0 0 -0.7017262 0.3561656 -0.6170304 -0.7016955 0.3562088 -0.6170404 -0.7017417 0.3561439 -0.6170253 -0.7017776 0.3560934 -0.6170135 -0.7017384 0.1238213 -0.7015921 -0.7017873 0.1237634 -0.7015535 -0.7017139 0.1238505 -0.7016115 -0.7016567 0.1239182 -0.7016567 -1.50112e-6 0.642791 -0.7660416 2.88818e-5 0.6428002 -0.7660339 4.19598e-6 0.642786 -0.7660459 1.91865e-5 0.6427941 -0.766039 4.89031e-6 0.6427893 -0.7660431 3.37163e-5 0.6427894 -0.766043 -1.92247e-5 0.6427945 -0.7660387 2.01064e-6 0.642792 -0.7660408 -4.10432e-6 0.6427901 -0.7660424 -3.24321e-5 0.6427904 -0.7660421 -4.196e-6 0.6427857 -0.7660461 -1.19799e-7 0.6427654 -0.7660633 -3.50557e-5 0.6427721 -0.7660576 0 0.1737304 -0.9847933 0 0.1737301 -0.9847934 0 0.1737301 -0.9847933 0 0.1737304 -0.9847933 0 0.499957 -0.8660504 0 0.4999578 -0.8660499 0 0.4999569 -0.8660503 0.7017171 0.1238243 -0.7016128 0.7016674 0.1237828 -0.7016699 0.7017422 0.1238452 -0.7015842 0.7018003 0.1238938 -0.7015175 0.7017394 0.3561592 -0.6170189 0.7017701 0.3561712 -0.6169773 0.7017241 0.3561533 -0.61704 0.7016882 0.3561393 -0.6170887 0.7071067 0 -0.7071069 0.7071067 0 -0.7071068 0.2587528 -0.9659436 0 0.2590772 -0.9658567 0 0.259077 -0.9658567 0 0.7071048 -0.7071089 0 0.7071068 -0.7071068 0 0.707105 -0.7071086 0 0.7071071 -0.7071065 0 0.9659438 -0.2587521 0 0.9658569 -0.2590762 0 0.9659438 -0.2587521 0 0.9659438 0.2587521 0 0.9658569 0.2590762 0 0.9659438 0.2587521 0 0.7071068 0.7071068 0 0.7071053 0.7071083 0 0.7071065 0.7071071 0 0.707105 0.7071086 0 0.2587528 0.9659436 0 0.2590772 0.9658567 0 0.259077 0.9658567 0 -0.2590759 0.965857 0 -0.259077 0.9658567 0 -0.2590761 0.9658569 0 -0.2590772 0.9658567 0 -0.7071089 0.7071048 0 -0.7071056 0.7071081 0 -0.7071083 0.7071053 0 -0.707105 0.7071086 0 -0.9659449 0.2587482 0 -0.9658561 0.259079 0 -0.9658577 0.2590734 0 -0.965856 0.2590801 0 -0.965856 -0.2590801 0 -0.9658577 -0.2590734 0 -0.9658561 -0.259079 0 -0.9659449 -0.2587482 0 -0.7071048 -0.7071089 0 -0.7071085 -0.7071051 0 -0.7071053 -0.7071083 0 -0.7071091 -0.7071045 0 -0.2587528 -0.9659436 0 -0.2590762 -0.965857 0 -0.2590768 -0.9658567 0 -0.2590761 -0.965857 0 0 0 -1 -3.29104e-6 0 -1 -1.27685e-6 0 -1 -1.43937e-6 0 -1 -1.14196e-6 0 -1 -3.8065e-7 0 -1 -1.03497e-6 0 -1 8.17499e-7 0 -1 9.32707e-7 0 -1 3.29103e-6 0 -1 1.27685e-6 0 -1 1.43937e-6 0 -1 1.14196e-6 0 -1 3.80647e-7 0 -1 1.03496e-6 0 -1 -8.17499e-7 0 -1 -9.32708e-7 0 -1 -0.2588648 0.9659136 0 -0.2588648 0.9659137 0 -0.7071068 0.7071068 0 -0.7071065 0.7071071 0 -0.7071067 0.707107 0 -0.7071064 0.7071072 0 -0.9659141 0.258863 0 -0.9659135 0.258865 0 -0.9659138 0.2588638 0 -0.9659133 0.2588658 0 -0.9659133 -0.2588658 0 -0.9659138 -0.2588638 0 -0.9659135 -0.258865 0 -0.9659141 -0.258863 0 -0.7071068 -0.7071068 0 -0.7071065 -0.7071071 0 -0.7071067 -0.707107 0 -0.7071064 -0.7071072 0 -0.2588644 -0.9659137 0 -0.2588649 -0.9659136 0 -0.2588646 -0.9659137 0 -0.2588651 -0.9659135 0 0.2588648 -0.9659136 0 0.2588653 -0.9659135 0 0.258865 -0.9659135 0 0.2588655 -0.9659134 0 0.7071068 -0.7071068 0 0.7071069 -0.7071067 0 0.7071072 -0.7071064 0 0.9659133 -0.2588658 0 0.9659137 -0.2588649 0 0.9659134 -0.2588654 0 0.9659138 -0.2588644 0 0.9659138 0.2588644 0 0.9659134 0.2588654 0 0.9659137 0.2588649 0 0.9659133 0.2588658 0 0.7071076 0.707106 0 0.7071068 0.7071068 0 0.7071072 0.7071064 0 0.7071064 0.7071072 0 0.2588652 0.9659135 0 0.2588651 0.9659135 0 0.2588651 0.9659135 0 0.2588651 0.9659135 0 0.2588649 0.9659137 0 0.258865 0.9659135 0 0.2588648 0.9659136 0 0.7071067 0.7071069 0 0.7071069 0.7071067 0 0.707107 0.7071066 0 0.9659136 0.2588648 0 0.9659136 0.258865 0 0.9659136 0.2588649 0 0.9659135 0.2588651 0 0.9659135 -0.2588651 0 0.9659136 -0.2588649 0 0.9659136 -0.258865 0 0.9659136 -0.2588648 0 0.7071066 -0.707107 0 0.707107 -0.7071067 0 0.7071071 -0.7071065 0 0.2588651 -0.9659135 0 0.2588649 -0.9659137 0 -6.43595e-7 0 -1 0 0 -1 3.23102e-6 0 -1 0 0 -1 6.59798e-7 0 -1 -5.79073e-7 0 -1 -3.22332e-6 0 -1 0 0 -1 -3.01281e-7 0 -1 -5.34399e-7 0 -1 3.06592e-7 0 -1 4.46819e-7 0 -1 -4.62967e-7 0 -1 3.64025e-6 0 -1 1.15228e-6 0 -1 -2.89703e-6 0 -1 -1.32262e-6 0 -1 -4.73322e-6 0 -1 3.962e-6 0 -1 6.05241e-7 0 -1 8.87244e-7 0 -1 -8.75253e-7 0 -1 1.50766e-7 0 -1 1.08201e-6 0 -1 3.44727e-7 0 -1 3.72595e-7 0 -1 0 0 -1 -2.04851e-6 0 -1 -0.2588649 -0.9659137 0 -0.258865 -0.9659135 0 -0.2588648 -0.9659136 0 -0.7071067 -0.7071069 0 -0.707107 -0.7071067 0 -0.707107 -0.7071065 0 -0.9659136 -0.2588649 0 -0.9659135 -0.2588649 0 -0.9659136 0.2588649 0 -0.9659135 0.2588649 0 -0.707107 0.7071066 0 -0.7071068 0.7071068 0 -0.7071071 0.7071065 0 -0.2588651 0.9659135 0 -0.2588649 0.9659137 0 -0.258865 0.9659135 0 -1.43937e-6 0 -1 -1.14196e-6 0 -1 -3.80648e-7 0 -1 -1.03497e-6 0 -1 8.17498e-7 0 -1 9.32707e-7 0 -1 3.29103e-6 0 -1 1.27685e-6 0 -1 1.43937e-6 0 -1 1.14196e-6 0 -1 3.80648e-7 0 -1 1.03497e-6 0 -1 -8.17498e-7 0 -1 -9.32707e-7 0 -1 -3.29103e-6 0 -1 -1.27685e-6 0 -1 0.2590769 0.9658567 0 0.2590768 0.9658567 0 0.2590769 0.9658568 0 0.2590767 0.9658568 0 0.7071066 0.707107 0 0.7071069 0.7071067 0 0.9658567 0.2590772 0 0.9658567 0.2590768 0 0.9658567 0.2590771 0 0.9658568 0.2590767 0 0.9658568 -0.2590767 0 0.9658567 -0.2590771 0 0.9658567 -0.2590768 0 0.9658567 -0.2590772 0 0.7071067 -0.7071069 0 0.2590769 -0.9658567 0 0.2590768 -0.9658567 0 0.2590769 -0.9658568 0 0.2590767 -0.9658568 0 -0.2590769 -0.9658567 0 -0.2590767 -0.9658567 0 -0.2590768 -0.9658568 0 -0.2590767 -0.9658568 0 -0.7071069 -0.7071068 0 -0.7071068 -0.7071068 0 -0.7071067 -0.707107 0 -0.9658567 -0.2590767 0 -0.9658568 -0.2590769 0 -0.9658567 -0.2590768 0 -0.9658567 -0.2590769 0 -0.9658567 0.2590769 0 -0.9658567 0.2590768 0 -0.9658568 0.2590769 0 -0.9658567 0.2590767 0 -0.7071069 0.7071068 0 -0.7071067 0.7071069 0 -0.7071068 0.7071068 0 -0.7071067 0.707107 0 -0.2590769 0.9658568 0 -0.2590767 0.9658569 0 -0.2590769 0.9658568 0 -0.2590767 0.9658567 0 0 0 1 0 0 1 0 0 1 -5.09081e-5 0 1 3.33568e-7 0 1 6.75563e-7 0 1 0 0 1 -3.9269e-7 0 1 -4.61543e-5 0 1 0 0 1 -5.38728e-7 0 1 -6.17253e-7 0 1 -1.16167e-6 0 1 -1.73817e-6 0 1 1.23815e-7 0 1 2.03179e-5 0 1 5.34491e-6 0 1 -8.42314e-7 0 1 -1.34445e-5 0 1 -1.30105e-7 0 1 0 0 1 0 0 1 3.38748e-6 0 1 -2.44407e-6 0 1 0 0 1 -4.74335e-7 0 1 -2.27782e-7 0 1 8.10779e-7 0 1 -1.90281e-7 0 1 9.04677e-7 0 1 6.20647e-7 0 1 4.29965e-7 0 1 -4.3466e-7 0 1 3.92696e-7 0 1 -7.09939e-7 0 1 0 0 1 4.40935e-7 0 1 -7.27719e-7 0 1 3.72233e-7 0 1 -8.47827e-7 0 1 2.21442e-7 0 1 1.08935e-6 0 1 -1.47754e-6 0 1 1.17236e-6 0 1 -9.55233e-7 0 1 -1.51006e-7 0 1 2.27784e-7 0 1 0.8464409 -0.2553426 0.4672664 0.8464409 -0.2553427 0.4672664 0.9786792 -0.09579014 0.1816901 0.9786792 -0.0957902 0.18169 0.9786792 -0.09579008 0.1816902 0.04064589 -0.00503689 0.999161 0.0408833 -0.005659282 0.9991479 0.03891825 -0.008004248 0.9992104 0.2578468 -0.0205568 0.9659671 0.2578467 -0.02055662 0.9659671 0.2578468 -0.02055674 0.9659671 0.1251537 -0.08556789 0.9884406 0.1251538 -0.08556795 0.9884405 0.1251538 -0.08556795 0.9884405 0.5268563 -0.1199066 0.8414541 0.5268563 -0.1199066 0.841454 0.5268563 -0.1199067 0.8414541 0.4588457 -0.08943885 0.884003 0.4588457 -0.08943885 0.884003 0.4588457 -0.08943885 0.884003 0.3413399 -0.06992697 0.9373352 0.34134 -0.06992697 0.9373353 0.34134 -0.06992697 0.9373353 0.9268608 -0.1820743 0.3282958 0.9268608 -0.1820743 0.3282958 0.9268608 -0.1820742 0.3282959 0.9336782 -0.1100136 0.3407964 0.9336782 -0.1100136 0.3407962 0.748536 -0.1789723 0.6384848 0.7481118 -0.1786475 0.6390726 0.7463114 -0.1769352 0.6416488 0.7459921 -0.1765948 0.6421138 0.6351643 -0.1041798 0.7653188 0.6351643 -0.1041798 0.7653188 0.6351643 -0.1041797 0.7653189 0.9444555 -0.02748143 0.3274886 0.9444554 -0.02748143 0.3274886 0.9444555 -0.02748143 0.3274886 0.7578015 -0.1249989 0.6404001 0.7578015 -0.1249989 0.6404 0.7578015 -0.1249989 0.6404 0.8537577 0.01219534 0.5205276 0.8557183 0.01652073 0.5171783 0.8538615 0.007516562 0.5204462 0.5308932 -0.09378975 0.8422328 0.5308931 -0.09378975 0.8422328 0.5308931 -0.09378975 0.8422329 0.6596521 0.01326149 0.7514542 0.6596521 0.01326149 0.7514542 0.04460835 -0.003200411 0.9989994 0.1175133 -0.01809656 0.9929065 0.1175132 -0.0180965 0.9929065 0.1175132 -0.01809644 0.9929065 0.2615714 0.009598016 0.9651365 0.2615714 0.009597897 0.9651365 0.2615714 0.009597837 0.9651365 0.3089999 -0.0114004 0.9509938 0.3090588 -0.010661 0.9509832 0.3090672 -0.01066148 0.9509805 0.471774 -0.03647273 0.8809649 0.4717739 -0.03647279 0.8809649 0.471774 -0.03647267 0.8809648 0.9950782 -0.06370341 0.07590419 0.9950782 -0.06370353 0.07590413 0.9950782 -0.06370347 0.07590419 0.9658758 -0.1644644 0.2000887 0.9759531 -0.1371933 0.1693916 0.9759532 -0.1371931 0.1693917 0.9759531 -0.1371933 0.169392 0.950954 -0.1977263 0.2378883 0.950954 -0.1977263 0.2378884 0.1854656 -0.6315989 0.752785 0.1854656 -0.631599 0.7527851 0.258824 -0.6191757 0.7413714 0.258824 -0.6191757 0.7413715 0.2588239 -0.6191643 0.7413811 0.433348 -0.5793248 0.6903568 0.433348 -0.5793247 0.6903568 0.6165401 -0.5061054 0.603105 0.6165402 -0.5061054 0.603105 0.6165401 -0.5061054 0.603105 0.7071404 -0.4524022 0.5434012 0.7071403 -0.4524022 0.5434011 0.7071403 -0.4524022 0.5434012 0.7992208 -0.3863272 0.4604319 0.7992208 -0.3863272 0.4604319 0.7992208 -0.3863273 0.4604319 0.8953428 -0.2862825 0.3411797 0.6068366 -0.7811971 0.1465623 0.6068366 -0.7811971 0.1465623 0.6068366 -0.7811971 0.1465623 0.2577166 -0.9496489 0.1781827 0.2577186 -0.9496486 0.1781819 0.2577254 -0.949647 0.1781805 0.9655975 -0.2555768 0.04797822 0.9655971 -0.2555785 0.04797881 0.9655984 -0.2555742 0.04797732 0.7919598 -0.6001004 0.1126016 0.7919599 -0.6001005 0.1126016 0.7919598 -0.6001004 0.1126016 0.2577669 -0.9496379 0.1781685 0.2575867 -0.8966984 0.3599736 0.2577331 -0.8966463 0.359999 0.2575948 -0.89669 0.3599891 0.2576881 -0.8966645 0.3599858 0.2576019 -0.8092095 0.5280355 0.2576512 -0.809206 0.5280167 0.2576515 -0.8092043 0.5280191 0.2576946 -0.8092012 0.5280028 0.2577621 -0.6906324 0.6757112 0.2577263 -0.6906334 0.6757238 0.2576783 -0.6906174 0.6757586 0.2577115 -0.6906316 0.6757313 0.7034096 -0.7038852 0.09879529 0.7034096 -0.7038852 0.09879517 0.7034097 -0.7038852 0.09879523 0.7054425 -0.6577341 0.2640772 0.7054008 -0.6577738 0.2640897 0.705408 -0.6577661 0.2640897 0.7057217 -0.6574519 0.2640338 0.705489 -0.5935348 0.3873007 0.7053875 -0.5936631 0.3872889 0.7054681 -0.5935705 0.387284 0.7054527 -0.5935868 0.387287 0.7054279 -0.5066105 0.4956988 0.7053896 -0.5066177 0.495746 0.7053893 -0.5066474 0.495716 0.705415 -0.5066131 0.4957147 0.9655987 -0.2555727 0.04797679 0.9656048 -0.241288 0.09688991 0.9655996 -0.2413025 0.09690451 0.9656127 -0.2412652 0.0968672 0.9656172 -0.2412523 0.0968542 0.9656581 -0.2175347 0.1420672 0.9655921 -0.2178202 0.1420782 0.9656395 -0.2176247 0.1420567 0.9655385 -0.2179346 0.1422678 0.9656134 -0.1858204 0.1818287 0.9655144 -0.1860181 0.1821517 0.9655489 -0.1859694 0.1820186 0.9655609 -0.1859525 0.1819726 0.9808301 -0.1941235 0.0169847 0.9808301 -0.1941234 0.01698565 0.9808301 -0.1941235 0.01698464 0.965905 -0.258039 0.02105665 0.8314042 -0.5534676 0.04940515 0.8314042 -0.5534676 0.04940509 0.8314042 -0.5534676 0.04940515 0.7934319 -0.6063391 0.05309242 0.7934319 -0.606339 0.0530923 0.7934319 -0.6063391 0.05309236 0.5556231 -0.8282678 0.07249581 0.5556231 -0.8282678 0.07249587 0.5556231 -0.8282678 0.07249581 0.6087577 -0.7902086 0.07060116 0.6087577 -0.7902086 0.0706011 0.6087577 -0.7902079 0.07060813 0.1952166 -0.9772001 0.08348965 0.2588024 -0.9622532 0.08420377 0.2588024 -0.9622532 0.08420383 0.2588024 -0.9622532 0.08420383 0.1947155 -0.9527734 -0.2330426 0.1947154 -0.9527735 -0.2330426 0.1947156 -0.9527734 -0.2330426 0.1934117 -0.827513 -0.5270808 0.1930685 -0.8276159 -0.5270452 0.193479 -0.8274921 -0.5270891 0.1931332 -0.8275948 -0.5270548 0.4392204 -0.7576881 -0.4826949 0.4392204 -0.7576881 -0.4826948 0.4392204 -0.7576881 -0.4826948 0.5516493 -0.6965856 -0.45875 0.8284721 -0.46588 -0.3107892 0.8284721 -0.46588 -0.3107892 0.7907959 -0.5162026 -0.3289023 0.7907961 -0.5162027 -0.3289022 0.790796 -0.5162029 -0.328902 0.605468 -0.6712267 -0.4276252 0.605468 -0.6712267 -0.4276252 0.605468 -0.6712267 -0.4276252 0.980459 -0.1659086 -0.1057092 0.9804548 -0.1659185 -0.105734 0.9804807 -0.1658283 -0.1056341 0.9804499 -0.1659288 -0.1057635 0.8953734 -0.3755615 -0.2392911 0.8953733 -0.3755614 -0.2392911 0.8953734 -0.3755615 -0.2392913 0.1948399 -0.9141962 -0.3553629 0.1948399 -0.9141962 -0.3553628 0.0851984 -0.9502522 -0.2996035 0.0851984 -0.9502522 -0.2996034 0.0851984 -0.9502522 -0.2996034 0.552179 -0.795178 -0.2505803 0.5523594 -0.7950174 -0.2506921 0.5521388 -0.7951359 -0.2508025 0.5522388 -0.7951019 -0.2506899 0.8292078 -0.5330545 -0.1681292 0.8291632 -0.5331183 -0.1681468 0.8290981 -0.5331984 -0.1682147 0.8291873 -0.5330856 -0.1681323 0.9804825 -0.1875171 -0.05908876 0.9804586 -0.1876206 -0.05915671 0.9804487 -0.1876694 -0.05916738 0.9805207 -0.1873278 -0.05905634 0.1935071 -0.9801629 -0.04284548 0.1937567 -0.9801103 -0.04292094 0.1935641 -0.9801509 -0.04286265 0.193381 -0.980192 -0.04274934 0.552257 -0.8328791 -0.03639799 0.5522131 -0.8329076 -0.03641283 0.5522688 -0.8328713 -0.03639847 0.5522499 -0.8328834 -0.03640788 0.8292676 -0.5583189 -0.02440321 0.8292859 -0.5582917 -0.02440059 0.8292589 -0.5583318 -0.02439934 0.8292706 -0.5583145 -0.02440023 0.9805328 -0.1961679 -0.008569717 0.9804917 -0.1963724 -0.008605003 0.9804777 -0.1964427 -0.008597195 0.9804821 -0.1964203 -0.00860387 0.1964732 -0.7510918 -0.6302853 0.1958655 -0.7511928 -0.6303542 0.1956332 -0.7512312 -0.6303805 0.1949324 -0.7513629 -0.6304405 0.4434272 -0.6865722 -0.5761866 0.4428864 -0.6868107 -0.5763183 0.4424335 -0.6869702 -0.5764759 0.4423165 -0.6870564 -0.5764632 0.6106582 -0.6066263 -0.5090197 0.6103165 -0.6068566 -0.5091551 0.6090914 -0.6075937 -0.5097427 0.608825 -0.607756 -0.5098675 0.7949015 -0.464753 -0.3900464 0.7935907 -0.466064 -0.3911496 0.7938182 -0.4658414 -0.3909531 0.7933808 -0.4662973 -0.3912976 0.8984874 -0.3362876 -0.2821897 0.8978896 -0.3372163 -0.2829832 0.8983941 -0.336497 -0.2822373 0.8968451 -0.3388496 -0.2843414 0.9815216 -0.146538 -0.1230534 0.981312 -0.1473594 -0.1237418 0.9810461 -0.1484175 -0.124583 0.9808344 -0.1492562 -0.1252465 0.1957218 -0.9138969 -0.3556481 0.8970071 -0.3727925 -0.2374955 0.8970071 -0.3727926 -0.2374954 0.8334602 -0.4740183 -0.283991 0.8334602 -0.4740183 -0.283991 0.8334602 -0.4740183 -0.283991 0.556115 -0.7080366 -0.4352245 0.556115 -0.7080367 -0.4352244 0.556115 -0.7080367 -0.4352245 0.607338 -0.670027 -0.4268542 0.607338 -0.6700269 -0.4268542 0.607338 -0.670027 -0.4268541 0.7925234 -0.5141934 -0.3278902 0.1946674 -0.8272855 -0.5269756 0.1945424 -0.827304 -0.526993 0.1948236 -0.8272109 -0.5270349 0.1946345 -0.8272888 -0.5269827 0.4402312 -0.7572669 -0.482435 0.4402312 -0.7572669 -0.4824351 0.4402312 -0.7572669 -0.4824351 0.1959045 -0.9525293 -0.2330442 0.1959045 -0.9525293 -0.2330442 0.1959045 -0.9525293 -0.2330442 0.2954727 -0.9110399 -0.2875802 0.5553773 -0.7930971 -0.250106 0.555408 -0.7930794 -0.2500944 0.5552787 -0.7931544 -0.2501433 0.5553809 -0.7930973 -0.2500977 0.8329926 -0.5277041 -0.1662886 0.8328968 -0.5278595 -0.1662752 0.8327872 -0.5279834 -0.1664302 0.8328701 -0.5279029 -0.1662715 0.9773144 -0.2019761 -0.06373649 0.9773144 -0.2019762 -0.06373637 0.9773144 -0.2019761 -0.06373643 0.9882939 -0.1286665 -0.08197647 0.9882939 -0.1286665 -0.08197647 0.9882939 -0.1286665 -0.08197647 0.9808114 -0.1709294 -0.09376734 0.9808114 -0.1709293 -0.09376746 0.9808114 -0.1709293 -0.0937674 0.9865791 -0.1623075 -0.01783615 0.986579 -0.1623075 -0.01783615 0.986579 -0.1623075 -0.01783609 0.9811657 -0.1929857 -0.008399665 0.9811657 -0.1929857 -0.008399546 0.9811657 -0.1929857 -0.008399665 0.8327185 -0.5531674 -0.02420151 0.8326638 -0.5532519 -0.02415806 0.8326725 -0.5532365 -0.02420717 0.8326332 -0.5532988 -0.02413737 0.5555139 -0.8307106 -0.03639161 0.5553867 -0.8307995 -0.03630465 0.5554317 -0.8307679 -0.03633666 0.5554184 -0.8307787 -0.03629559 0.1948776 -0.979896 -0.04273802 0.19513 -0.9798426 -0.04281187 0.1949365 -0.9798836 -0.04275524 0.1947178 -0.9799251 -0.04280191 0.1968905 -0.9766921 0.08547997 0.9962468 -0.08623164 0.00753051 0.9962256 -0.08641982 0.008134961 0.996223 -0.08644825 0.008157908 0.9814896 -0.191053 0.01330381 0.9814896 -0.191053 0.01330381 0.9814896 -0.191053 0.01330387 0.9611588 -0.2749425 0.02409344 0.9611588 -0.2749425 0.02409338 0.9611588 -0.2749425 0.0240935 0.8879463 -0.4581967 0.04009121 0.8879463 -0.4581966 0.04009282 0.8879463 -0.4581967 0.04009115 0.8349298 -0.5485626 0.04440128 0.8349298 -0.5485627 0.04440122 0.8349297 -0.5485626 0.04440128 0.7803176 -0.6230043 0.05450034 0.7803176 -0.6230043 0.05450034 0.7803176 -0.6230043 0.05450034 0.6337648 -0.7705839 0.06739866 0.6337648 -0.7705841 0.06739872 0.6337648 -0.770584 0.06739866 0.5588019 -0.826449 0.06872171 0.5588019 -0.826449 0.06872165 0.5588019 -0.826449 0.06872177 0.4696025 -0.8795224 0.07690203 0.4696026 -0.8795225 0.07690173 0.4696025 -0.8795224 0.07690191 0.19668 -0.9767354 0.08546948 0.06091141 -0.9978798 -0.02293366 0.06091147 -0.9978798 -0.02293366 0.06091141 -0.9978797 -0.02293372 0.683581 -0.726719 0.06779789 0.6835811 -0.726719 0.06779795 0.6835811 -0.726719 0.06779789 0.0035308 -0.9967613 0.08034104 7.98545e-4 -0.9962977 0.08596736 -9.07812e-4 -0.9963068 0.0858609 0.9962332 -0.08630621 0.008411586 0.9695926 -0.2394541 -0.05051773 0.9695926 -0.2394542 -0.05051761 0.9695926 -0.2394542 -0.05051738 0.9572727 -0.2659798 0.1135075 0.9572726 -0.26598 0.1135077 0.9572725 -0.26598 0.1135077 0.7869619 -0.6109528 0.08618491 0.7881005 -0.6111484 0.07345443 0.7875971 -0.610406 0.08423382 0.8772072 -0.4393031 0.1937019 0.8772072 -0.4393032 0.1937021 0.8772073 -0.4393031 0.1937019 0.6462112 -0.7557033 0.106413 0.6462112 -0.7557033 0.106413 0.6462114 -0.7557032 0.1064129 0.7669168 -0.5961402 0.237604 0.7669169 -0.5961402 0.237604 0.7669168 -0.5961402 0.2376039 0.2910709 -0.9381355 0.1875625 0.2910708 -0.9381355 0.1875626 0.2910711 -0.9381355 0.1875624 0.4259033 -0.8916192 0.153694 0.4259033 -0.891619 0.1536939 0.4259034 -0.891619 0.1536939 0.1964867 -0.9730283 0.1208677 0.08939713 -0.9900031 0.1090971 0.08818227 -0.9898168 0.1117433 0.08905005 -0.9898133 0.1110842 0.09088861 -0.9891874 0.115098 0.14041 -0.985162 0.09869694 0.14041 -0.9851619 0.09869718 0.14041 -0.985162 0.0986973 0.1336045 -0.9903842 0.03590548 0.1336046 -0.9903842 0.03590542 0.1336045 -0.9903842 0.03590542 0.4657925 -0.8611325 0.2036869 0.4657923 -0.8611325 0.203687 0.4657921 -0.8611325 0.2036871 0.02527004 -0.9962299 0.08299076 0.02807837 -0.9959428 0.08549571 0.02875149 -0.9959977 0.08462786 0.02949982 -0.9957363 0.08740305 0.04563802 -0.9969619 0.06312054 0.04563796 -0.9969619 0.06312042 0.04563802 -0.9969619 0.06312054 0.0625323 -0.9972832 0.03893542 0.0625323 -0.9972832 0.03893542 0.0625323 -0.9972832 0.0389353 0.2202761 -0.9754374 -4.94711e-4 0.2202761 -0.9754375 -4.94737e-4 0.2202761 -0.9754374 -4.94668e-4 0.3227518 -0.7918001 -0.5185402 0.3227518 -0.7918002 -0.5185402 0.7042059 -0.6345679 -0.3184613 0.7042059 -0.6345679 -0.3184614 0.7042059 -0.634568 -0.3184613 0.576027 -0.6976366 -0.4260236 0.576027 -0.6976366 -0.4260236 0.576027 -0.6976368 -0.4260233 0.4660278 -0.7088389 -0.5294956 0.4660279 -0.7088388 -0.5294955 0.4660278 -0.7088389 -0.5294955 0.5279896 -0.6359912 -0.5627985 0.5279895 -0.6359914 -0.5627985 0.5279896 -0.6359913 -0.5627985 0.8904816 -0.4484066 0.07729202 0.8909059 -0.4472158 0.07927668 0.89097 -0.4471007 0.07920551 0.9212058 -0.3144013 -0.2291983 0.9212059 -0.314401 -0.2291984 0.9212057 -0.3144013 -0.2291983 0.9473835 -0.302888 -0.1035537 0.9473836 -0.3028879 -0.1035537 0.9473835 -0.3028879 -0.1035537 0.8336526 -0.4895456 -0.2556731 0.8336524 -0.4895455 -0.2556731 0.8336526 -0.4895455 -0.2556731 0.8254742 -0.4920744 -0.2765057 0.8254741 -0.4920743 -0.2765057 0.8254741 -0.4920745 -0.2765058 0.7343459 -0.6413884 -0.2221647 0.7343459 -0.6413884 -0.2221647 0.6780561 -0.730492 -0.08137178 0.6780562 -0.730492 -0.08137178 0.6780562 -0.730492 -0.08137178 0.5153766 -0.8543644 -0.06669557 0.5153766 -0.8543644 -0.06669557 0.5153766 -0.8543645 -0.06669563 0.8888871 -0.4579843 0.01141643 0.8888871 -0.4579843 0.01141643 0.8888871 -0.4579843 0.01141643 0.8916848 -0.4457147 0.07897293 0.7860803 -0.6138532 0.07254207 0.702248 -0.6951982 0.1534517 0.7022479 -0.6951982 0.1534518 0.702248 -0.6951982 0.1534517 0.6491686 -0.748231 0.1368594 0.6491686 -0.748231 0.1368594 0.08759242 -0.9942917 0.06092315 0.08758002 -0.9941235 0.06362611 0.08938503 -0.9938081 0.06599831 0.08749777 -0.9938818 0.06740397 0.08971589 -0.9955293 0.02954035 0.08971589 -0.9955293 0.02954035 0.08971589 -0.9955292 0.02954035 0.1971983 -0.9750459 0.1019726 0.1959958 -0.9754934 0.09999209 0.1995474 -0.974214 0.1052995 0.2011007 -0.973712 0.1069748 0.09684276 -0.9921993 0.07849913 0.09684276 -0.9921993 0.07849907 0.09684276 -0.9921993 0.07849901 0.1079007 -0.9889762 0.101408 0.1079009 -0.9889762 0.1014078 0.1079007 -0.9889762 0.101408 0.07148194 -0.9925472 0.09869372 0.07148265 -0.9925473 0.09869295 0.07148194 -0.9925472 0.09869319 0.2954027 -0.931417 0.2126019 0.2954027 -0.9314171 0.2126019 0.2954027 -0.9314171 0.212602 0.09437829 -0.9944597 0.04629045 0.09437829 -0.9944596 0.04629039 0.09437829 -0.9944596 0.04629039 0.3446605 -0.9241339 0.1648814 0.3446605 -0.9241339 0.1648814 0.3446605 -0.9241338 0.1648812 0.3026533 -0.9509506 0.06398481 0.3026532 -0.9509506 0.06398522 0.3026532 -0.9509505 0.06398522 0.01279705 -0.9997128 -0.02026009 0.01914292 -0.9996631 -0.01753395 0.01484292 -0.9997031 -0.01932722 0.02061116 -0.9996414 -0.01709812 0.07117044 -0.9739263 -0.2154123 0.07117044 -0.9739263 -0.2154123 0.07117044 -0.9739263 -0.2154123 0.04869705 -0.9713767 -0.2324993 0.04869705 -0.9713767 -0.2324993 0.04869699 -0.9713767 -0.2324993 0.1308358 -0.9068183 -0.4007025 0.1308358 -0.9068183 -0.4007026 0.1308358 -0.9068183 -0.4007025 0.10857 -0.9050609 -0.4111902 0.10857 -0.9050609 -0.4111901 0.10857 -0.9050608 -0.4111903 0.01513695 -0.9974961 0.06908303 0.01769292 -0.9973118 0.07110774 0.01485484 -0.9975262 0.06870883 0.02815026 -0.9980943 0.05491256 0.02815026 -0.9980943 0.05491256 0.02815026 -0.9980943 0.05491262 0.1443478 -0.9894412 -0.01303869 0.1443478 -0.9894412 -0.01303869 0.1443478 -0.9894412 -0.01303869 0.1330794 -0.9895424 -0.05563849 0.1330794 -0.9895426 -0.05563843 0.1330793 -0.9895426 -0.05563843 0.3008248 -0.9393973 -0.1644303 0.3008248 -0.9393973 -0.1644302 0.5376372 -0.7220441 -0.4354292 0.5376373 -0.7220441 -0.4354292 0.5376374 -0.7220441 -0.4354291 0.4251971 -0.8547127 -0.2977811 0.4200759 -0.8545525 -0.3054115 0.4238792 -0.8544892 -0.3002911 0.5604942 -0.7935828 -0.2367971 0.5604941 -0.7935828 -0.2367972 0.5604941 -0.7935828 -0.2367972 0.3936462 -0.9040562 -0.1665086 0.3936462 -0.9040562 -0.1665087 0.3936462 -0.9040562 -0.1665087 0.5111894 -0.858591 -0.03882277 0.5111892 -0.8585911 -0.03882271 0.5111894 -0.858591 -0.03882277 0.002825975 -0.9964771 0.08381885 0.01060372 -0.997568 0.06888997 0.0867716 -0.9960648 -0.01804757 0.0867716 -0.9960647 -0.01804751 0.0867716 -0.9960647 -0.01804757 0.07203209 -0.9965398 -0.04146999 0.1982623 -0.959216 -0.2014866 0.1982623 -0.9592159 -0.2014866 0.1982623 -0.9592159 -0.2014866 0.1867017 -0.9589349 -0.2135093 0.1867018 -0.958935 -0.2135094 0.1867017 -0.9589349 -0.2135093 0.2828868 -0.8850874 -0.3695884 0.2761738 -0.8852503 -0.3742461 0.2781793 -0.8869895 -0.3686 0.6227673 -0.7410961 0.2508733 0.6227674 -0.7410961 0.2508733 0.6227673 -0.7410961 0.2508733 0.471995 -0.8750467 0.1073036 0.4719949 -0.8750468 0.1073039 0.4719949 -0.8750467 0.1073037 0.4784763 -0.8650048 0.1510865 0.4784762 -0.8650049 0.1510868 0.4784764 -0.8650049 0.1510865 0.5469285 -0.8176417 0.1798093 0.5469285 -0.8176417 0.1798093 0.5469285 -0.8176417 0.1798093 0.5275429 -0.8414882 0.1166025 0.5275428 -0.8414882 0.1166025 0.5275429 -0.8414882 0.1166025 0.3847179 -0.9228482 0.01853179 0.3847177 -0.9228483 0.01853197 0.3847179 -0.9228482 0.01853173 0.393625 -0.9187191 0.03185325 0.3936249 -0.9187191 0.03185325 0.393625 -0.9187192 0.03185325 0.2569829 -0.9660127 -0.02791732 0.2569833 -0.9660126 -0.0279178 0.2569831 -0.9660127 -0.02791744 0.2249144 -0.9726331 -0.05829542 0.2249144 -0.9726332 -0.05829548 0.2249145 -0.9726331 -0.05829554 0.4046362 -0.9075853 -0.1120654 0.4046362 -0.9075852 -0.1120654 0.4046362 -0.9075853 -0.1120654 0.2832028 -0.9386745 -0.1966884 0.2832028 -0.9386746 -0.1966884 0.2832029 -0.9386745 -0.1966886 0.4179493 -0.8550918 -0.3068163 0.2736949 -0.8850703 -0.3764861 0.3064242 -0.7925014 -0.5273004 0.3064242 -0.7925016 -0.5273002 0.3064243 -0.7925016 -0.5273003 0.1113786 -0.8153893 -0.5680978 0.1113786 -0.8153895 -0.5680977 0.1113787 -0.8153892 -0.568098 0.134597 -0.8100684 -0.5706776 0.134597 -0.8100684 -0.5706775 0.134597 -0.8100683 -0.5706777 0.009424626 -0.8189536 -0.5737823 0.01336526 -0.8187994 -0.5739242 0.002333521 -0.8213832 -0.5703721 0 -0.818692 -0.5742331 0.009515762 -0.8767161 -0.480914 1.70011e-4 -0.9146869 -0.4041634 -5.57324e-5 -0.9764493 -0.2157472 0.009523093 -0.9939813 -0.1091355 0 -0.9997898 -0.02050119 0.7069166 -0.5418165 -0.4546469 0.7069217 -0.5418129 -0.4546434 0.7071372 -0.541656 -0.4544951 0.7071423 -0.5416523 -0.4544916 0.700236 -0.7096747 -0.07766216 0.7002306 -0.7096821 -0.07764303 0.7002329 -0.7096768 -0.07767188 0.7002028 -0.7097033 -0.07770043 0.7001267 -0.6259747 -0.3434796 0.700275 -0.6258535 -0.3433983 0.7001556 -0.6259341 -0.3434947 0.7001545 -0.6261007 -0.3431932 0.7070636 -0.70446 0.0616213 0.7070638 -0.7044597 0.06162196 0.7070639 -0.7044597 0.06162202 0.7070642 -0.7044594 0.06162267 0.7002678 -0.5566924 0.4468988 0.7002714 -0.5566934 0.4468921 0.7002665 -0.5566921 0.4469012 0.7002624 -0.5566909 0.4469094 0.7002345 -0.685384 0.1998015 0.7002395 -0.6853802 0.1997963 0.7002328 -0.6853852 0.1998032 0.7002266 -0.6853896 0.1998095 0.5000963 0.220217 0.8375012 0.5000737 0.2202277 0.8375119 0.4999911 0.2203509 0.8375288 0.5000966 0.2200131 0.8375546 0.7071411 -0.4542619 0.5418465 0.707071 -0.4546652 0.5415998 0.7071425 -0.4542601 0.541846 0.7071441 -0.4542584 0.5418456 0 -0.64282 0.7660174 0 -0.64282 0.7660174 0 -0.6428185 0.7660185 0 -0.6429653 0.7658953 0 0.08708608 0.9962008 0 0.08718156 0.9961925 0 0.08708536 0.9962009 0 0.08698982 0.9962093 -0.5000249 0.2202851 0.837526 -0.5000505 0.2202436 0.8375215 -0.5002716 0.2199897 0.8374562 -0.5002567 0.2202137 0.8374062 -0.7071459 0.5416479 0.4544913 -0.7067143 0.541974 0.4547737 -0.7071416 0.5416511 0.4544941 -0.7070471 0.5417379 0.4545378 -0.7071436 0.4544975 -0.5416456 -0.7071393 0.4545001 -0.541649 -0.7071521 0.4542288 -0.5418599 -0.7068651 0.4546304 -0.5418975 -0.7071104 0.4544754 -0.5417075 -0.7071967 0.4545981 -0.541492 -0.7071534 0.4545511 -0.541588 -0.7070952 0.4545081 -0.5416999 0 0.6427384 -0.7660859 -3.21713e-6 0.6427065 -0.7661126 3.56629e-5 0.6427304 -0.7660925 1.6731e-6 0.6428436 -0.7659974 7.8311e-5 0.6429962 -0.7658694 1.99029e-5 0.642892 -0.765957 1.10794e-5 0.6428346 -0.7660051 -0.376381 0.7097141 0.5955194 -0.4442463 0.691459 0.569675 -0.3902105 0.7064933 0.5904262 -0.3198863 0.7257841 0.609024 -0.2656159 0.7385183 0.6197088 -0.2292871 0.7469751 0.6240637 -0.1904938 0.7520179 0.6310161 -0.1337687 0.7591598 0.6370105 -0.07704335 0.7647949 0.6396509 -0.05723887 0.7647892 0.6417331 0.05723911 0.7647894 0.6417329 0.07704335 0.7647948 0.639651 0.2656161 0.7385182 0.6197088 0.2292873 0.746975 0.6240639 0.1904938 0.7520177 0.6310163 0.1342388 0.7590713 0.6370171 0.4442459 0.6863039 0.5758755 0.3763808 0.7098801 0.5953215 0.3902107 0.7064931 0.5904262 0.3202024 0.7257224 0.6089314 0.3202024 0.7257224 0.6089314 -0.4350972 0.8160796 0.3804004 -0.4350972 0.8160796 0.3804004 -0.09349858 0.7311726 -0.675755 -0.09349852 0.7311726 -0.675755 -0.09349852 0.7311726 -0.6757549 -0.3338988 0.9016947 -0.2746969 -0.3338988 0.9016947 -0.2746968 -0.3338988 0.9016947 -0.2746969 -0.415751 0.8332896 -0.3643895 -0.415751 0.8332896 -0.3643893 -0.415751 0.8332895 -0.3643895 -0.2337893 0.8963314 -0.3767395 -0.3557937 0.933396 -0.04672062 -0.3557937 0.9333961 -0.04672062 -0.3557937 0.9333961 -0.04672062 -0.4463579 0.8912088 0.08069401 -0.7231107 0.5861753 0.3653895 -0.7231106 0.5861753 0.3653896 -0.4375731 0.7884702 0.4322552 -0.3840819 0.8071051 0.4484 -0.3840626 0.8071429 0.4483486 -0.384102 0.8072059 0.4482011 -0.3840973 0.8072215 0.448177 0.1319028 0.8603128 0.4924059 0.1319028 0.8603128 0.4924059 0.1319028 0.8603128 0.4924059 0.05637687 0.8656479 0.497469 0.0562933 0.8657625 0.4972791 0.05635356 0.8657885 0.4972271 0.05633413 0.8657734 0.4972553 -0.05631476 0.8657735 0.4972574 -0.0563054 0.865755 0.4972906 -0.05650401 0.8656375 0.4974726 -0.05632156 0.8657245 0.4973422 -0.1318179 0.8602683 0.4925065 -0.1318179 0.8602683 0.4925064 -0.1318179 0.8602683 0.4925064 -0.1698037 0.8244425 0.5398715 -0.1698036 0.8244425 0.5398715 -0.1698036 0.8244425 0.5398715 -0.1875282 0.8531818 0.4867381 -0.1875282 0.8531818 0.4867381 -0.1875283 0.8531818 0.4867381 -0.277968 0.8362214 0.4727236 -0.2779681 0.8362214 0.4727236 -0.2643654 0.7965189 0.5437543 -0.3152618 0.8273552 0.4648585 -0.3152619 0.8273552 0.4648585 -0.3152619 0.8273552 0.4648585 0.1898001 0.8033272 0.5644834 0.1898 0.8033272 0.5644834 0.1898 0.8033272 0.5644834 0.1682984 0.8559237 0.4889484 0.1682984 0.8559237 0.4889484 0.1682983 0.8559237 0.4889484 0.261491 0.8399861 0.4754428 0.2614911 0.8399861 0.4754428 0.2614911 0.8399861 0.4754428 0.2801472 0.8067158 0.5203147 0.3152594 0.8273529 0.4648641 0.3152595 0.8273529 0.4648642 0.3841013 0.8072456 0.4481304 0.3841023 0.8072111 0.4481916 0.3841586 0.8070855 0.4483696 0.3841677 0.8071168 0.4483054 0.5444834 0.7405847 0.3937923 0.5444833 0.7405846 0.3937923 0.5444834 0.7405846 0.3937923 0.4417191 0.7523739 0.48869 0.4417191 0.7523739 0.48869 0.441719 0.7523738 0.4886899 0.3767936 0.8627765 -0.3371104 0.3767936 0.8627765 -0.3371104 0.2526617 0.9196142 -0.3007856 0.2526617 0.9196142 -0.3007856 0.2526617 0.9196143 -0.3007855 0.09208881 0.7596661 -0.6437601 0.09208887 0.7596661 -0.6437601 0.09208881 0.7596662 -0.6437601 -0.07919156 0.7529995 -0.6532385 -0.07520198 0.7581813 -0.6476927 -0.07606124 0.757226 -0.6487091 -0.06860291 0.7567668 -0.6500752 -0.06867724 0.7568723 -0.6499445 -0.04970473 0.7621295 -0.645514 -0.04967111 0.7620759 -0.6455798 -0.04972106 0.7620408 -0.6456174 -0.04976654 0.7620955 -0.6455492 -0.03009647 0.7657087 -0.6424831 -0.03017085 0.7655909 -0.6426199 -0.03008979 0.7656299 -0.6425773 -0.03011453 0.7656334 -0.642572 -0.01009947 0.7673926 -0.6410981 -0.01011419 0.7674528 -0.6410257 -0.009794831 0.7674946 -0.6409807 -0.01001262 0.7673511 -0.6411491 0.009994626 0.7673636 -0.6411345 0.009967207 0.767486 -0.6409883 0.01010012 0.7673922 -0.6410985 0.01010113 0.7673828 -0.6411096 0.03009957 0.7656292 -0.6425777 0.03009754 0.7656448 -0.6425591 0.02991062 0.7655275 -0.6427076 0.03036731 0.7655532 -0.6426556 0.04961502 0.7620629 -0.6455994 0.04962235 0.7621214 -0.6455296 0.04968434 0.7620696 -0.6455863 0.04968535 0.7620683 -0.6455876 0.06868422 0.7568812 -0.6499335 0.0686441 0.7568224 -0.650006 0.06951516 0.7574527 -0.6491788 0.07778525 0.754341 -0.6518583 0.07919186 0.7530002 -0.6532376 0.139605 0.6531558 -0.7442432 0.1396051 0.6531559 -0.7442432 0.1396049 0.6531558 -0.7442432 -0.3790304 0.9226941 0.07050973 -0.3790304 0.9226941 0.07050979 -0.3790304 0.9226942 0.07050973 -0.3286855 0.9405006 0.08616578 -0.3286795 0.940504 0.08615088 -0.3287382 0.9404612 0.08639419 -0.3287044 0.9404798 0.08632075 -0.2379229 0.9653549 0.107158 -0.2379615 0.9653352 0.1072488 -0.2378835 0.9653738 0.107075 -0.2378441 0.9653939 0.1069803 -0.1440082 0.9821281 0.1211865 -0.1440036 0.9821465 0.1210429 -0.1440044 0.9821457 0.1210483 -0.1440074 0.9821275 0.1211921 -0.04827308 0.9906121 0.1278962 -0.04825598 0.99062 0.127841 -0.04834628 0.9905781 0.1281319 -0.0483641 0.9905698 0.1281893 0.04828095 0.9905803 0.1281393 0.04826748 0.9905735 0.1281968 0.04833841 0.9906092 0.1278936 0.04835236 0.9906163 0.1278338 0.1440079 0.9821282 0.1211857 0.1439942 0.9821889 0.1207091 0.1439958 0.9821878 0.1207159 0.1440043 0.9821454 0.1210501 0.2378605 0.9654142 0.1067607 0.2378946 0.9653639 0.107139 0.2378207 0.9653782 0.1071738 0.237811 0.9653695 0.1072745 0.3288117 0.9404356 0.08639353 0.3288137 0.9404416 0.08632171 0.3287348 0.9404641 0.08637601 0.3287423 0.9404548 0.08644837 0.4339324 0.8994103 0.05257368 0.4339324 0.8994103 0.05257362 0.4339324 0.8994103 0.05257368 0.3975939 0.8599618 0.3199765 0.3975938 0.8599618 0.3199765 0.3975939 0.8599618 0.3199765 -0.2087443 0.9224301 -0.3248827 -0.2096337 0.9221273 -0.3251694 -0.2096608 0.9223541 -0.3245079 -0.2105247 0.9217538 -0.3256522 -0.2106158 0.9218297 -0.3253782 -0.1523873 0.9376593 -0.3123673 -0.1524014 0.9376657 -0.312341 -0.152405 0.9377987 -0.3119397 -0.1523861 0.937762 -0.3120592 -0.09206181 0.9484349 -0.3033086 -0.09224653 0.9484881 -0.3030861 -0.09238111 0.9486445 -0.3025547 -0.09230148 0.9485101 -0.3030005 -0.03093731 0.9539511 -0.2983627 -0.03089666 0.9539045 -0.2985159 -0.03089851 0.9539353 -0.2984172 -0.03086102 0.9538992 -0.2985367 0.03102999 0.9539299 -0.2984212 0.03105396 0.9538936 -0.2985341 0.03090524 0.9539476 -0.298377 0.03090029 0.9538995 -0.2985317 0.09229522 0.9485165 -0.3029819 0.09227764 0.9485448 -0.3028991 0.09230053 0.9485083 -0.3030062 0.09229928 0.9484927 -0.3030555 0.1523941 0.9377702 -0.3120307 0.1523922 0.9377615 -0.3120577 0.1523911 0.9377653 -0.3120473 0.1523553 0.9376747 -0.3123368 0.2106146 0.92184 -0.3253501 0.2105586 0.9217287 -0.3257011 0.2085422 0.9224915 -0.324838 0.2106226 0.9221373 -0.3245013 0.2045517 0.9238489 -0.3235152 0.4028302 0.9144914 0.03785932 0.7071427 0.4544913 -0.5416521 0.7071384 0.4544942 -0.5416553 0.7070076 0.4545074 -0.5418149 0.7069519 0.4546284 -0.541786 0.7071031 0.4544936 -0.5417017 0.7070834 0.454543 -0.5416862 0.7071378 0.4544431 -0.5416989 0.7069696 0.4545449 -0.5418331 0.7071423 0.5416463 0.4544987 0.7070548 0.5417328 0.4545317 0.7071394 0.5416486 0.4545006 0.7069507 0.5418077 0.4546044 1 3.6558e-7 0 1 3.94222e-7 0 1 2.12256e-7 0 1 0 0 1 0 0 1 7.46143e-7 0 1 -7.80095e-6 0 1 -9.69831e-7 0 1 -3.34113e-7 0 1 0 0 1 0 0 1 0 0 1 4.70319e-7 0 1 1.46263e-7 0 1 5.93638e-7 0 1 2.90973e-6 0 1 5.20526e-7 0 1 7.80486e-6 0 0.7002782 -0.5566535 0.4469312 0.7002696 -0.556665 0.4469302 0.7002641 -0.5566723 0.4469296 0.700257 -0.556682 0.4469289 0.7002032 -0.6855123 0.1994705 0.7003172 -0.6853762 0.199538 0.7001106 -0.6854748 0.1999238 0.7004853 -0.6851754 0.1996377 0.700127 -0.7097746 -0.07773268 0.7000386 -0.7098609 -0.07773971 0.7001572 -0.709748 -0.07770222 0.7003296 -0.7095717 -0.07775884 0.7002133 -0.6259146 -0.3434128 0.7001205 -0.6258438 -0.3437309 0.7001737 -0.6259754 -0.3433828 0.7003031 -0.6258521 -0.3433436 0 -0.7133097 0.7008491 -0.009622931 -0.7797321 0.6260395 -3.90968e-4 -0.8346069 0.550846 -3.91e-4 -0.8346069 0.550846 -3.9093e-4 -0.8346069 0.550846 4.00159e-4 -0.9255769 0.3785594 -0.009602546 -0.9600002 0.2798351 -0.009602487 -0.9600002 0.2798351 -0.009602546 -0.9600002 0.2798351 -2.58798e-4 -0.9818473 0.189673 2.00975e-4 -0.9999772 -0.006751358 2.00918e-4 -0.9999772 -0.006751358 2.00955e-4 -0.9999772 -0.006751358 -0.009660065 -0.9940295 -0.1086839 -1.68772e-4 -0.9792324 -0.2027412 1.04321e-4 -0.9203643 -0.3910623 1.04329e-4 -0.9203643 -0.3910623 1.04382e-4 -0.9203643 -0.3910623 -0.009600162 -0.8766728 -0.4809915 -0.009600102 -0.8766728 -0.4809915 -0.009600102 -0.8766728 -0.4809914 0 -0.8257531 -0.5640318 0 -0.8257531 -0.5640318 0 -0.8257531 -0.5640318 0.7919027 -0.5041938 -0.3444979 0.7919027 -0.5041937 -0.3444981 0.7919027 -0.5041937 -0.344498 0.2577238 -0.6893524 0.6770316 0.2577188 -0.6893133 0.6770734 0.2576835 -0.6893967 0.6770018 0.257728 -0.6894457 0.676935 0.257631 -0.8064123 0.5322833 0.2577583 -0.8063585 0.5323032 0.2577177 -0.806376 0.5322962 0.2577617 -0.8063545 0.5323077 0.2576339 -0.8943187 0.3658125 0.2576476 -0.8943149 0.3658123 0.2576343 -0.8943194 0.3658106 0.2576419 -0.8943178 0.3658092 0.2574927 -0.9487555 0.1831958 0.2575002 -0.9487521 0.1832027 0.2575237 -0.948744 0.1832113 0.2574748 -0.9487535 0.1832309 0.257677 -0.9662089 -0.006556391 0.2575601 -0.9662392 -0.006681919 0.257565 -0.9662384 -0.006620347 0.2575639 -0.9662386 -0.006622195 0.2576658 -0.9461496 -0.195983 0.2576022 -0.9461594 -0.1960196 0.2576353 -0.9461541 -0.1960009 0.2574557 -0.9461837 -0.1960947 0.2576297 -0.8892475 -0.3779761 0.2576882 -0.889205 -0.3780361 0.2576709 -0.8892391 -0.3779678 0.2576413 -0.8892652 -0.3779266 0.2575823 -0.7978105 -0.5451143 0.25758 -0.7978093 -0.5451175 0.2576029 -0.7978093 -0.5451066 0.2575923 -0.797809 -0.5451121 0.6070267 -0.6561722 -0.448282 0.6070268 -0.6561722 -0.4482821 0.706497 -0.604328 -0.3683067 0.7064969 -0.604328 -0.3683068 0.7064969 -0.604328 -0.3683067 0.7054098 -0.6522657 -0.2773923 0.7054034 -0.6523422 -0.277229 0.7053993 -0.6523585 -0.2772008 0.7054344 -0.6523243 -0.2771919 0.705419 -0.6940588 -0.1437585 0.7053686 -0.6940978 -0.143817 0.7053581 -0.6941036 -0.143841 0.7053011 -0.6941727 -0.1437867 0.7054257 -0.708765 -0.005179047 0.70541 -0.7087832 -0.004818737 0.7055176 -0.7086759 -0.004839718 0.7054393 -0.7087541 -0.004798352 0.7053167 -0.696032 0.1344165 0.7054222 -0.6959331 0.1343752 0.7053911 -0.6959623 0.1343872 0.7053638 -0.6959868 0.1344033 0.70546 -0.6559987 0.2683133 0.7054215 -0.6560374 0.2683199 0.7053436 -0.6561086 0.2683506 0.7053431 -0.6561297 0.2683001 0.7054227 -0.5915046 0.390514 0.7054396 -0.5914922 0.3905023 0.7054891 -0.5914575 0.3904653 0.7054713 -0.59147 0.3904787 0.7055046 -0.505645 0.4965747 0.7055716 -0.5055764 0.4965494 0.7054525 -0.505795 0.4964962 0.7054882 -0.5056602 0.4965826 0.9655671 -0.1858037 0.1820913 0.9655795 -0.18575 0.1820806 0.9655886 -0.1857101 0.1820727 0.9655995 -0.1856625 0.1820632 0.9656029 -0.2170749 0.1431424 0.9656121 -0.2170337 0.1431427 0.9656189 -0.2170032 0.1431429 0.9656271 -0.2169666 0.1431432 0.9655848 -0.2407996 0.09829401 0.9656047 -0.2406238 0.09852784 0.965595 -0.2406661 0.09852069 0.9655839 -0.2407135 0.09851258 0.9655824 -0.2553467 0.04948353 0.9655456 -0.2554972 0.04942637 0.9655164 -0.2556165 0.04938107 0.9655703 -0.2554264 0.04930859 0.9655932 -0.2600514 -0.001818478 0.9656306 -0.2599126 -0.001775503 0.9656609 -0.2598 -0.00177437 0.9655674 -0.2601474 -0.001759707 0.965577 -0.2547056 -0.05278539 0.9655813 -0.2546919 -0.05277299 0.9655846 -0.2546811 -0.05276316 0.9655885 -0.254669 -0.05275219 0.9656137 -0.2393346 -0.1015334 0.965579 -0.2394207 -0.1016608 0.9655516 -0.239489 -0.1017616 0.9656066 -0.2392945 -0.1016961 0.9655308 -0.2149872 -0.1467341 0.9655416 -0.2149689 -0.1466897 0.9656136 -0.2146299 -0.1467125 0.9655598 -0.2149381 -0.146615 0.9658794 -0.1664719 0.1984041 0.9658784 -0.1664767 0.1984053 0.9658794 -0.166472 0.1984041 0.965965 -0.1662861 0.1981431 0.7070094 -0.4545612 0.5417674 0.7074022 -0.4543361 0.5414434 0.7070191 -0.4545548 0.5417601 0.7070743 -0.4545142 0.5417221 0.2588727 -0.6209018 0.7399095 0.258845 -0.6209117 0.7399108 0.2587161 -0.6209377 0.7399341 0.2587344 -0.6209262 0.7399373 0.6072229 -0.06916242 0.7915156 0.6072229 -0.06916236 0.7915156 0.6072229 -0.06916236 0.7915157 0.9656343 -0.1490438 0.2129234 0.9656493 -0.1489684 0.2129079 0.9656513 -0.1489587 0.2129059 0.965668 -0.1488748 0.2128886 0.9656656 -0.1098377 0.2354263 0.9656741 -0.1097975 0.2354106 0.9656752 -0.1097924 0.2354086 0.9656845 -0.1097477 0.2353911 0.9656876 -0.06728547 0.2508392 0.9657155 -0.0671631 0.2507646 0.9657191 -0.06714773 0.2507552 0.9656365 -0.06731122 0.2510287 0.965744 -0.02253597 0.2585162 0.9657075 -0.02267569 0.2586408 0.965635 -0.02250546 0.2589262 0.9656712 -0.02251368 0.2587904 0.7921185 -0.05314129 0.6080496 0.7921184 -0.05314129 0.6080496 0.7921184 -0.05314129 0.6080497 0.7069354 -0.1139112 0.6980449 0.7069354 -0.1139112 0.6980448 0.7069354 -0.1139112 0.6980449 0.7054415 -0.183634 0.6845663 0.7056986 -0.1832905 0.6843932 0.7057764 -0.1831866 0.6843408 0.7058222 -0.1833009 0.6842631 0.7057598 -0.2993875 0.6420828 0.7057607 -0.2993792 0.6420857 0.7058191 -0.2994602 0.6419838 0.7057744 -0.2994434 0.6420406 0.705791 -0.4062504 0.5803618 0.7059258 -0.4060458 0.5803409 0.7059665 -0.405984 0.5803346 0.7058674 -0.4062181 0.5802914 0.2579061 -0.5542096 0.791414 0.2578068 -0.5542027 0.7914513 0.2578352 -0.5541806 0.7914576 0.2579051 -0.554222 0.7914057 0.2579103 -0.4083591 0.8756285 0.2578272 -0.408517 0.8755792 0.2578792 -0.4083846 0.8756257 0.2579061 -0.4083315 0.8756426 0.2578184 -0.2499413 0.9333055 0.2578474 -0.2498942 0.9333101 0.2578825 -0.2500058 0.9332705 0.2579101 -0.2501286 0.93323 0.2579738 -0.08447396 0.9624519 0.2578906 -0.08415931 0.9625018 0.2578666 -0.0840218 0.9625203 0.2578953 -0.0841695 0.9624996 0.6087954 0.002286016 0.7933241 0.6087954 0.002286076 0.7933241 0.6087954 0.002286076 0.7933241 0.7933341 -0.001407265 0.608785 0.7933341 -0.001407384 0.608785 0.793334 -0.001407325 0.608785 0.8557931 0.00330007 0.5173078 0.965896 -0.00611633 0.2588583 0.9831849 0 0.1826127 0.9831849 0 0.1826127 0.9831849 0 0.1826127 0.6596765 -0.002408564 0.7515459 0.6596764 -0.002408623 0.751546 0.6596764 -0.002408623 0.7515459 0.4721335 9.02657e-4 0.8815266 0.4721335 9.02594e-4 0.8815266 0.4721335 9.02569e-4 0.8815267 0.2588644 -0.005578994 0.9658976 0.3089926 -0.009899854 0.951013 0.1175032 2.40842e-7 0.9930726 0.1175032 5.98213e-7 0.9930726 0.1175032 0 0.9930726 1 0 0 1 1.93288e-6 0 1 0 0 1 -1.36985e-7 0 1 -1.93258e-7 0 1 0 0 1 4.19122e-7 0 1 1.47075e-6 0 1 0 0 1 4.16934e-7 0 1 6.86133e-7 0 1 -5.38968e-7 0 1 -9.98981e-7 0 1 -5.35862e-7 0 1 2.60567e-7 0 1 6.71486e-7 0 1 -7.44722e-7 0 1 2.63839e-7 0 0.9972063 -0.05721962 -0.04801654 0.9972063 -0.05721968 -0.04801648 0.9972063 -0.05721962 -0.04801654 0.9658791 -0.1988486 -0.1659427 0.9746 -0.1721926 -0.1431941 0.9746 -0.1721926 -0.1431941 0.9746001 -0.1721925 -0.1431943 0.9265755 -0.2882288 -0.2416241 0.9265755 -0.2882289 -0.2416239 0.9265755 -0.2882289 -0.241624 0.7933638 -0.4661745 -0.3914787 0.7933636 -0.4661745 -0.3914785 0.7933637 -0.4661745 -0.3914786 0.8646719 -0.3853074 -0.3223053 0.8646718 -0.3853074 -0.3223053 0.864672 -0.3853074 -0.3223054 0.6088355 -0.6077578 -0.5098527 0.6088355 -0.6077578 -0.5098527 0.5947165 -0.6159905 -0.5165927 0.5947166 -0.6159904 -0.5165928 0.5947166 -0.6159909 -0.5165922 0.7473819 -0.5088248 -0.4272208 0.7473819 -0.5088248 -0.4272209 0.7473819 -0.5088247 -0.427221 0.2588665 -0.7399085 -0.6209055 0.2588665 -0.7399085 -0.6209055 0.2588665 -0.7399085 -0.6209056 0.00854218 -0.7680864 -0.6402893 0.00854212 -0.7680865 -0.6402892 0.00854218 -0.7680865 -0.6402893 0.09596323 -0.7639294 -0.6381245 0.09596323 -0.7639297 -0.6381243 0.09596323 -0.7639297 -0.6381243 0.2786549 -0.7360773 -0.6168805 0.2786549 -0.7360773 -0.6168805 0.2786549 -0.7360773 -0.6168806 0.4644709 -0.6783327 -0.5693255 0.4644709 -0.6783327 -0.5693255 0.464471 -0.6783328 -0.5693255 1.16349e-5 -0.766025 -0.6428107 2.711e-5 -0.7660484 -0.6427829 3.97859e-5 -0.7660504 -0.6427806 -6.38439e-7 -0.7660392 -0.6427938 -2.05768e-4 -0.7659822 -0.6428619 -3.89963e-5 -0.7660208 -0.6428158 5.79375e-7 -0.766039 -0.6427943 4.38372e-5 -0.7660293 -0.6428056 1.26318e-4 -0.7660309 -0.6428037 -1.87658e-4 -0.7660877 -0.642736 -1.3938e-4 -0.7659878 -0.6428552 1.97391e-4 -0.765881 -0.6429825 3.93179e-6 -0.7659696 -0.6428768 -1.03675e-4 -0.7661216 -0.6426959 -3.78003e-5 -0.766022 -0.6428144 -1.16844e-4 -0.766032 -0.6428025 6.0281e-6 -0.7660208 -0.642816 0.2224363 -0.6266843 0.7468526 0.2223626 -0.6266596 0.7468954 0.2225012 -0.6267106 0.7468113 0.2225472 -0.6267256 0.7467851 0.6235358 -0.5024138 0.5989856 0.6237539 -0.5024458 0.5987316 0.6236664 -0.5024329 0.5988334 0.6234436 -0.5026038 0.598922 0.900798 -0.2791868 0.3325927 0.9007299 -0.2791979 0.3327675 0.9009025 -0.2789817 0.3324815 0.900896 -0.2789689 0.3325098 1 8.52149e-7 0 1 7.45172e-7 0 1 7.88041e-7 0 1 6.81111e-7 0 0.9008882 0.2790663 -0.3324491 0.9008318 0.2790746 -0.3325952 0.9008544 0.2790713 -0.3325367 0.9009426 0.2789157 -0.3324282 0.6235144 0.502518 -0.5989202 0.6234911 0.5025625 -0.5989073 0.6235019 0.5025535 -0.5989035 0.6234852 0.5025922 -0.5988885 0.2224344 0.6266837 -0.7468538 0.2224984 0.6267098 -0.7468128 0.2223637 0.6266583 -0.7468961 0.2223147 0.6266356 -0.7469298 -0.2588214 0.6209193 -0.7399127 -0.2591188 0.6209748 -0.739762 -0.2588229 0.6209197 -0.7399119 -0.2588251 0.6209202 -0.7399107 -0.7071229 0.4546107 -0.5415776 -0.7070568 0.4542953 -0.5419285 -0.7071236 0.4546118 -0.5415758 -0.7071246 0.4546133 -0.5415733 -0.9659063 0.1664506 -0.1982908 -0.9659064 0.1664502 -0.1982911 -0.9659063 0.1664503 -0.198291 -0.9659063 0.16645 -0.1982913 -0.9659065 -0.1664502 0.198291 -0.9659064 -0.16645 0.1982908 -0.9659065 -0.1664501 0.1982908 -0.9659065 -0.16645 0.1982907 -0.7070542 -0.4542955 0.5419316 -0.7069278 -0.4546036 0.5418382 -0.7072276 -0.4544577 0.5415694 -0.7073694 -0.4542483 0.5415598 -0.2587322 -0.6207596 0.7400779 -0.2584668 -0.6209686 0.7399953 -0.2585398 -0.6209111 0.740018 -0.2587222 -0.6209492 0.7399224 -3.60989e-5 -0.765983 -0.6428608 1.76923e-4 -0.7661423 -0.6426709 -1.22124e-4 -0.7662494 -0.6425433 -1.61515e-4 -0.766071 -0.6427559 -9.52052e-5 -0.7660343 -0.6427999 -9.95849e-6 -0.765924 -0.6429312 -1.75556e-5 -0.7658658 -0.6430005 3.93955e-5 -0.7658536 -0.643015 3.10887e-4 -0.765996 -0.6428453 1.6608e-4 -0.7659751 -0.6428703 -3.62357e-6 -0.7660186 -0.6428185 1.69449e-4 -0.7661321 -0.6426831 7.14978e-5 -0.7662086 -0.642592 -5.22594e-5 -0.7661092 -0.6427106 -2.99628e-5 -0.7660627 -0.6427658 1.06773e-4 -0.7659655 -0.6428816 3.9105e-4 -0.7659499 -0.6429002 -7.19569e-5 -0.7659965 -0.6428449 -3.06679e-5 -0.7661533 -0.6426579 1.64215e-4 -0.7661011 -0.6427202 -8.91302e-5 -0.7659943 -0.6428476 7.46837e-5 -0.766079 -0.6427465 -1.66211e-4 -0.7660052 -0.6428345 -2.53609e-4 -0.7659258 -0.642929 -5.43343e-5 -0.7659796 -0.642865 -0.9659458 0.1663171 -0.1982104 -0.965946 0.1663166 -0.1982098 -0.9659458 0.1663171 -0.1982104 -0.965946 0.1663166 -0.1982097 -0.707276 0.4543747 -0.5415757 -0.7071888 0.4544238 -0.5416484 -0.7069988 0.4545697 -0.541774 -0.7072157 0.4544017 -0.5416319 -0.2587201 0.6209337 -0.739936 -0.2587273 0.6208764 -0.7399815 -0.2586904 0.6209386 -0.7399423 -0.25879 0.6208589 -0.7399744 0.258534 0.6209401 -0.7399957 0.2587252 0.6209421 -0.7399272 0.2587807 0.620919 -0.7399272 0.2587876 0.6209385 -0.7399084 0.7070515 0.4545154 -0.5417508 0.7070922 0.454505 -0.5417063 0.7070142 0.4545227 -0.5417934 0.7071532 0.4544679 -0.5416579 0.9659458 0.1663173 -0.1982105 0.9659457 0.1663171 -0.1982108 0.9660325 0.1660975 -0.1979722 0.9659457 0.1663171 -0.1982108 0.9659713 -0.1662439 0.1981481 0.966027 -0.1661329 0.1979686 0.9659765 -0.1662333 0.1981309 0.9659457 -0.1663244 0.1982049 0.7069517 -0.454546 0.5418553 0.7069252 -0.454617 0.5418305 0.7072422 -0.4544621 0.5415466 0.7068916 -0.4546334 0.5418606 0.2587948 -0.6208575 0.7399739 0.258791 -0.6208568 0.7399757 0.2587944 -0.6208574 0.7399741 0.2587906 -0.6208568 0.7399759 -0.2587951 -0.6208581 0.7399732 -0.2587912 -0.6208578 0.7399748 -0.2587947 -0.6208581 0.7399733 -0.2587909 -0.6208577 0.739975 -0.7069408 -0.4546028 0.541822 -0.7071506 -0.4544532 0.5416737 -0.7072455 -0.4544114 0.5415849 -0.7068868 -0.4546937 0.5418161 -0.9659709 -0.1662706 0.1981268 -0.9660274 -0.1661119 0.1979846 -0.9659763 -0.1662555 0.1981133 -0.9660328 -0.1660967 0.197971 8.71942e-5 0.766031 0.6428036 4.76852e-6 0.7659763 0.642869 5.15628e-5 0.7660422 0.6427904 -1.40431e-4 0.7660325 0.642802 3.61174e-5 0.7660521 0.6427786 -2.09507e-4 0.7660334 0.6428009 9.35795e-5 0.7660613 0.6427677 1.68065e-5 0.7660408 0.6427919 -1.22266e-4 0.7660098 0.642829 -1.99598e-4 0.7661275 0.6426886 2.64705e-6 0.7660182 0.6428189 2.52783e-5 0.7660227 0.6428136 -9.65549e-6 0.7660706 0.6427566 -2.4132e-5 0.7661053 0.6427152 -6.96035e-5 0.7660488 0.6427825 9.05036e-6 0.7661147 0.6427038 2.72703e-6 0.7660667 0.6427611 -1.96139e-4 0.765888 0.642974 5.64166e-5 0.7660409 0.6427919 3.11995e-5 0.7660314 0.6428033 -4.73692e-5 0.766069 0.6427583 8.27119e-5 0.7660225 0.6428138 -1.49337e-4 0.7661116 0.6427077 7.71622e-5 0.7659738 0.6428719 1.78517e-4 0.766187 0.6426178 -3.29851e-6 0.766008 0.6428312 1.96613e-5 0.766102 0.6427192 -1.47815e-6 0.7659617 0.6428862 -2.27446e-6 0.7660028 0.6428373 4.50684e-5 0.7660309 0.6428038 -3.21986e-5 0.7658451 0.6430252 -7.46017e-5 0.7661041 0.6427167 -1.41998e-5 0.7660376 0.6427958 -1.55032e-4 0.7660774 0.6427484 -4.85147e-5 0.7659906 0.6428518 -5.3205e-5 0.7660501 0.6427809 -7.58395e-5 0.7660147 0.6428232 1.00257e-4 0.7659423 0.6429095 -7.70032e-5 0.7660542 0.6427762 -5.76947e-5 0.7660415 0.6427913 1.40286e-4 0.7660325 0.6428018 1.6986e-4 0.7661225 0.6426946 -9.25464e-5 0.765962 0.6428859 -0.966033 -0.1660956 0.1979711 -0.9658896 -0.1664542 0.1983695 -0.9659037 -0.1664237 0.1983261 -0.9659709 -0.1662705 0.1981272 -0.7072152 -0.4543951 0.5416381 -0.707245 -0.4544119 0.5415851 -0.7069206 -0.4546683 0.5417933 -0.7072793 -0.4543848 0.541563 -0.2587894 -0.6208581 0.7399752 -0.2587929 -0.6208571 0.7399749 -0.2587897 -0.6208581 0.7399752 -0.2587932 -0.620857 0.7399748 0.2587893 -0.6208575 0.7399757 0.2587928 -0.6208574 0.7399746 0.2587896 -0.6208575 0.7399756 0.2587931 -0.6208574 0.7399744 0.7068907 -0.4546343 0.5418609 0.7072415 -0.4544623 0.5415474 0.7071615 -0.4544591 0.5416546 0.7070482 -0.4545162 0.5417545 0.9660327 -0.1661217 0.1979506 0.9659766 -0.1662335 0.1981306 0.9659407 -0.1663358 0.1982202 0.9659712 -0.1662442 0.1981478 0.9659455 0.1663177 -0.1982113 0.9659458 0.1663171 -0.1982105 0.9659084 0.166412 -0.1983132 0.9659458 0.1663171 -0.1982104 0.7071545 0.4544673 -0.5416567 0.70724 0.4544626 -0.541549 0.7068564 0.4546517 -0.5418911 0.7072806 0.4544426 -0.5415128 0.2587876 0.6209379 -0.7399089 0.2587804 0.6209191 -0.7399272 0.2587253 0.6209416 -0.7399275 0.2588099 0.6209165 -0.7399191 -0.2587894 0.6208581 -0.7399753 -0.2586898 0.6209388 -0.7399424 -0.2587268 0.6208758 -0.7399823 -0.2587195 0.620934 -0.7399361 -0.7071521 0.454456 -0.5416693 -0.7072371 0.4544075 -0.5415992 -0.7071917 0.4544218 -0.5416465 -0.707277 0.4543758 -0.5415735 -0.9659086 0.1664112 -0.1983125 -0.9659084 0.1664121 -0.1983134 -0.9660325 0.1660973 -0.1979722 -0.9659084 0.1664122 -0.1983135 -0.2221595 -0.6268681 0.7467808 -0.2224991 -0.6266396 0.7468716 -0.2226902 -0.626683 0.7467781 -0.2227026 -0.6265024 0.7469259 -0.6234673 -0.502608 0.5988938 -0.6232925 -0.5026976 0.5990006 -0.6235005 -0.5025801 0.5988827 -0.6235355 -0.5026447 0.598792 -0.9008946 -0.2790034 0.332485 -0.9007571 -0.2791618 0.3327242 -0.9007297 -0.2792301 0.3327412 -0.9007981 -0.2790595 0.3326989 -1 -2.13072e-7 0 -1 -1.27666e-7 0 -1 -3.40751e-7 0 -0.9009386 0.2789376 -0.3324208 -0.9008544 0.2790448 -0.3325588 -0.9008315 0.279102 -0.332573 -0.9008888 0.2789592 -0.3325376 -0.6234745 0.5026009 -0.5988922 -0.6233714 0.5026923 -0.5989229 -0.6234968 0.5025818 -0.5988851 -0.6235337 0.5025483 -0.5988748 -0.2223956 0.6268206 -0.7467504 -0.2226897 0.6266814 -0.7467796 -0.2225001 0.6266378 -0.7468726 -0.2224615 0.6267286 -0.746808 1.38984e-6 -0.7661346 -0.6426802 -2.96963e-4 -0.7661221 -0.6426951 1.23852e-5 -0.7660087 -0.6428302 -2.5604e-4 -0.7662124 -0.6425874 1.61197e-4 -0.7659778 -0.6428671 2.96313e-4 -0.765932 -0.6429215 8.34045e-5 -0.7659787 -0.642866 4.36712e-5 -0.7660057 -0.6428339 -1.70011e-4 -0.7660825 -0.6427423 -2.48324e-4 -0.7661588 -0.6426513 -6.39301e-5 -0.7660182 -0.642819 -1.52513e-5 -0.7660194 -0.6428176 -9.98398e-5 -0.766043 -0.6427893 5.91708e-5 -0.7660114 -0.6428269 -7.9682e-6 -0.7659986 -0.6428423 -5.3383e-5 -0.7661086 -0.6427113 1.57709e-6 -0.7660186 -0.6428186 -3.00609e-4 -0.7660982 -0.6427236 -9.36006e-5 -0.7659707 -0.6428756 -1.25146e-4 -0.7659204 -0.6429354 -5.72932e-5 -0.7658478 -0.643022 -6.71532e-5 -0.7658687 -0.642997 8.94521e-6 -0.7660197 -0.6428173 4.38445e-5 -0.7659898 -0.6428528 -3.1198e-5 -0.7660053 -0.6428344 0.2591178 0.6209743 -0.7397627 0.259118 0.620975 -0.7397621 0.259118 0.6209748 -0.7397623 0.2586969 0.6208959 -0.7399759 0.7071257 0.4546117 -0.5415732 0.7071238 0.4546118 -0.5415756 0.7070765 0.4543907 -0.5418228 0.7070779 0.4543881 -0.5418232 0.9659066 0.1664499 -0.1982899 0.9659065 0.1664505 -0.1982908 0.9659065 0.1664503 -0.1982905 0.9659062 0.1664508 -0.1982914 0.9659065 -0.16645 0.1982911 0.9659064 -0.1664502 0.198291 0.9659064 -0.1664502 0.198291 0.9659063 -0.1664503 0.1982909 0.7073712 -0.4544543 0.5413847 0.7072274 -0.4544254 0.5415968 0.7072669 -0.4544333 0.5415385 0.7071229 -0.4544044 0.5417508 0.2587019 -0.6209011 0.7399697 0.2585398 -0.6209562 0.7399802 0.2584663 -0.6209235 0.7400332 0.2587335 -0.6210423 0.7398402 -1.26641e-4 -0.766031 -0.6428037 -1.52411e-5 -0.7660514 -0.6427794 5.97898e-6 -0.7660332 -0.642801 -1.09964e-5 -0.7660245 -0.6428114 2.524e-5 -0.7660446 -0.6427875 -4.14727e-5 -0.7660534 -0.6427769 1.28557e-5 -0.7661847 -0.6426205 1.25861e-4 -0.7661085 -0.6427114 1.39691e-4 -0.7659868 -0.6428563 1.88027e-4 -0.766088 -0.6427358 -5.92135e-6 -0.7660337 -0.6428005 2.6795e-5 -0.7660371 -0.6427965 1.45585e-5 -0.76604 -0.6427929 -1.10433e-4 -0.7659409 -0.642911 -5.95686e-6 -0.7660206 -0.642816 1.16296e-4 -0.7660322 -0.6428022 3.76838e-5 -0.766022 -0.6428145 0 -0.818692 -0.5742329 -0.009515881 -0.8767161 -0.4809142 0 -0.9997898 -0.02050119 -0.009523093 -0.9939813 -0.1091356 5.57482e-5 -0.9764493 -0.2157472 -1.70081e-4 -0.9146869 -0.4041633 -0.2910695 -0.9381362 0.1875612 -0.2945142 -0.936669 0.1895062 -0.2937632 -0.9352242 0.1976334 -0.01232886 -0.9986079 0.05128699 -0.0123288 -0.9986079 0.05128687 -0.01232868 -0.9986079 0.05128657 -0.02652388 -0.9980846 0.05589109 -0.02652382 -0.9980845 0.05589103 -0.02652388 -0.9980846 0.05589121 -0.005911231 -0.9970889 0.07601922 -0.001193284 -0.9964461 0.08422493 -0.00146991 -0.9966684 0.08154773 -3.1653e-4 -0.9963408 0.08546924 -0.02234876 -0.999536 -0.02069967 -0.02427238 -0.9995019 -0.02017498 -0.02252906 -0.9995501 -0.01980531 -0.02484959 -0.9958195 0.08789777 -0.02541828 -0.9961459 0.08394867 -0.02540791 -0.9959624 0.08610135 -0.02847599 -0.9961344 0.08309948 -0.08821117 -0.9922708 0.08727824 -0.08821117 -0.9922708 0.08727824 -0.08821111 -0.9922708 0.08727824 -0.08731448 -0.9943372 0.06058084 -0.08731436 -0.9943371 0.06058073 -0.08731448 -0.994337 0.06058079 -0.07272839 -0.9961991 0.04793697 -0.07272839 -0.9961991 0.04793697 -0.07272833 -0.9961991 0.04793685 -0.1961089 -0.9731368 0.1206075 -0.1961089 -0.9731369 0.1206075 -0.1961089 -0.9731368 0.1206074 -0.09089738 -0.9892 0.1149836 -0.09283334 -0.989003 0.1151302 -0.0908901 -0.9891866 0.1151036 -0.1406643 -0.9851021 0.09893101 -0.1406643 -0.9851021 0.09893101 -0.1406643 -0.9851022 0.09893101 -0.1344417 -0.9902541 0.03636574 -0.1344417 -0.9902541 0.03636568 -0.1344417 -0.990254 0.03636574 -0.3877034 -0.9070957 0.1639007 -0.3877034 -0.9070957 0.1639009 -0.3877034 -0.9070957 0.1639005 -0.4674445 -0.8667514 0.1738898 -0.4674444 -0.8667514 0.1738898 -0.4674445 -0.8667515 0.1738895 -0.4824567 -0.8569827 0.1811527 -0.4824567 -0.8569827 0.1811528 -0.4824566 -0.8569827 0.1811527 -0.6300659 -0.7566068 0.1748232 -0.6300659 -0.7566068 0.1748231 -0.630066 -0.7566068 0.1748228 -0.6523088 -0.735104 0.1847034 -0.6523088 -0.735104 0.1847034 -0.6523088 -0.735104 0.1847034 -0.7765578 -0.6112644 0.152689 -0.7765578 -0.6112645 0.1526888 -0.7765578 -0.6112644 0.1526889 -0.7890657 -0.5937753 0.1574997 -0.7890658 -0.5937753 0.1574997 -0.7890657 -0.5937755 0.1574997 -0.8862192 -0.4520474 0.1013355 -0.8874449 -0.449808 0.1005707 -0.8909583 -0.4428362 0.1004472 -0.8916901 -0.4409646 0.1021719 -0.9610645 -0.2761398 0.01009094 -0.7560971 -0.5790981 -0.304898 -0.7560973 -0.5790978 -0.304898 -0.7560971 -0.5790979 -0.3048979 -0.8160902 -0.5580518 -0.1502503 -0.8160901 -0.5580518 -0.1502503 -0.8160901 -0.5580519 -0.1502504 -0.5858233 -0.7016658 -0.4055567 -0.5890007 -0.6994988 -0.4046971 -0.58066 -0.7057022 -0.4059785 -0.5781639 -0.7050712 -0.4106109 -0.5474885 -0.7067433 -0.4480741 -0.5474885 -0.7067434 -0.4480741 -0.5474885 -0.7067434 -0.448074 -0.398097 -0.7772812 -0.4871886 -0.398097 -0.7772815 -0.4871883 -0.3980969 -0.7772814 -0.4871885 -0.3070715 -0.7899858 -0.5306877 -0.3070715 -0.7899858 -0.530688 -0.3070715 -0.7899857 -0.5306881 -0.2319813 -0.8081188 -0.5414137 -0.2319813 -0.8081188 -0.5414137 -0.2319813 -0.8081189 -0.5414136 -0.1114127 -0.8110999 -0.5741987 -0.1114127 -0.8111001 -0.5741987 -0.1114127 -0.8111 -0.5741987 -0.06299954 -0.8173238 -0.5727241 -0.06299954 -0.8173238 -0.5727242 -0.06299954 -0.8173238 -0.5727242 -0.3936466 -0.9040558 -0.1665093 -0.3936467 -0.904056 -0.1665093 -0.3936467 -0.904056 -0.1665093 -0.4046029 -0.9075964 -0.112096 -0.4046029 -0.9075963 -0.112096 -0.4046029 -0.9075963 -0.112096 -0.2831589 -0.938682 -0.1967166 -0.283159 -0.9386819 -0.1967167 -0.2831588 -0.9386819 -0.1967164 -0.30087 -0.9393866 -0.1644083 -0.30087 -0.9393866 -0.1644083 -0.30087 -0.9393866 -0.1644084 -0.186746 -0.9589299 -0.2134935 -0.186746 -0.9589299 -0.2134933 -0.186746 -0.9589299 -0.2134935 -0.1982653 -0.9592142 -0.2014918 -0.1982653 -0.9592142 -0.2014918 -0.1982653 -0.9592142 -0.2014918 -0.04872965 -0.9713951 -0.2324154 -0.04872959 -0.9713951 -0.2324153 -0.04872953 -0.9713952 -0.2324153 -0.08681595 -0.9960625 -0.01796257 -0.08681595 -0.9960625 -0.01796257 -0.08681589 -0.9960625 -0.01796257 -0.07203269 -0.9965398 -0.04147005 -0.144025 -0.9894872 -0.01311874 -0.133077 -0.9895426 -0.055642 -0.133077 -0.9895426 -0.055642 -0.1330769 -0.9895427 -0.05564194 -0.2201361 -0.9754691 -4.98788e-4 -0.2201361 -0.9754691 -4.98787e-4 -0.2201361 -0.9754691 -4.98742e-4 -0.224945 -0.9726279 -0.0582655 -0.2249449 -0.9726279 -0.05826544 -0.2249448 -0.9726279 -0.05826532 -0.6683322 -0.6830066 -0.2946766 -0.6683315 -0.6830071 -0.294677 -0.6683312 -0.6830074 -0.294677 -0.8143799 -0.5796821 -0.02746146 -0.8143799 -0.5796822 -0.0274614 -0.8143798 -0.5796821 -0.0274614 -0.571505 -0.8202121 -0.02518951 -0.571505 -0.820212 -0.02518951 -0.5715049 -0.8202121 -0.02518957 -0.6835932 -0.7267122 0.06774789 -0.6835194 -0.7268725 0.06676477 -0.6834148 -0.7270282 0.0661385 -0.3847635 -0.922829 0.01854401 -0.3847634 -0.922829 0.01854395 -0.3847633 -0.9228291 0.01854419 -0.5276224 -0.8414405 0.1165867 -0.5276225 -0.8414406 0.1165866 -0.5276224 -0.8414405 0.1165867 -0.3026521 -0.950951 0.06398493 -0.3026521 -0.9509509 0.06398469 -0.302652 -0.9509509 0.06398499 -0.09069854 -0.9899234 0.1087445 -0.08903908 -0.9902933 0.1067296 -0.2934187 -0.9345899 0.2011153 -0.07259678 -0.9967129 0.03595972 -0.07259678 -0.9967129 0.03595966 -0.07259678 -0.9967129 0.0359596 -0.4880204 -0.8412386 0.2327097 -0.4880204 -0.8412386 0.2327098 -0.4880204 -0.8412386 0.2327098 -0.3105011 -0.9470211 0.0820983 -0.3105009 -0.9470211 0.08209866 -0.310501 -0.9470211 0.08209854 -0.6539561 -0.7220984 0.2256442 -0.5217224 -0.8473724 0.09882205 -0.5217226 -0.8473724 0.09882181 -0.5217225 -0.8473724 0.09882193 -0.7887874 -0.5873148 0.1813168 -0.7887874 -0.5873148 0.1813168 -0.7887874 -0.5873148 0.1813168 -0.6830106 -0.7274773 0.06537085 -0.8916824 -0.445699 0.07908856 -0.8916824 -0.4456991 0.07908856 -0.8916825 -0.445699 0.0790885 -0.936281 -0.31315 0.1591066 -0.936281 -0.31315 0.1591066 -0.9362811 -0.31315 0.1591067 -0.9487517 -0.3158515 0.01039689 -0.9487518 -0.3158515 0.01039659 -0.9487518 -0.3158515 0.01039654 -0.9859203 0.01179563 -0.1668001 -0.9859202 0.01179546 -0.1668003 -0.9859203 0.01179581 -0.1667998 -0.9955191 -0.08960205 -0.03022187 -0.9955191 -0.08960199 -0.03022187 -0.9955191 -0.08960181 -0.03022187 -0.01908636 -0.9974816 0.06831073 -0.01908671 -0.9974815 0.06831109 -0.01908701 -0.9974815 0.06831139 -9.96556e-4 -0.9970805 0.07635205 -0.00938189 -0.9973872 0.07162988 -0.001724183 -0.9968385 0.07943648 -0.04870712 -0.9984901 -0.02540189 -0.04870718 -0.9984901 -0.02540177 -0.04870712 -0.9984901 -0.02540194 -0.02166128 -0.9995406 -0.02119964 -0.07114875 -0.9739047 -0.215517 -0.07114875 -0.9739047 -0.215517 -0.07114869 -0.9739047 -0.2155169 -0.1068949 -0.9892586 0.09970468 -0.1069098 -0.989256 0.09971374 -0.1068973 -0.9892576 0.09971189 -0.0949164 -0.9924345 0.07787668 -0.09491646 -0.9924345 0.07787686 -0.09491646 -0.9924345 0.07787686 -0.2010273 -0.9737333 0.106919 -0.2010273 -0.9737333 0.106919 -0.2010273 -0.9737332 0.1069189 -0.1450853 -0.9889595 0.03015875 -0.1450853 -0.9889595 0.03015875 -0.1450853 -0.9889595 0.03015875 -0.393625 -0.9187192 0.03185325 -0.3936249 -0.9187191 0.03185325 -0.3936249 -0.9187191 0.03185325 -0.2569867 -0.9660118 -0.02791398 -0.2569867 -0.9660117 -0.02791386 -0.2569869 -0.9660118 -0.0279141 -0.5627351 -0.8256303 -0.040793 -0.562735 -0.8256303 -0.04079288 -0.5627353 -0.8256301 -0.04079318 -0.4571923 -0.8837515 -0.09979307 -0.4571923 -0.8837514 -0.09979325 -0.4571923 -0.8837514 -0.09979325 -0.6434333 -0.7540684 -0.1318126 -0.6434333 -0.7540684 -0.1318128 -0.6434333 -0.7540684 -0.1318126 -0.5604601 -0.7936102 -0.2367857 -0.56046 -0.7936102 -0.2367859 -0.5604601 -0.7936101 -0.2367858 -0.4251871 -0.8547341 -0.2977343 -0.4238747 -0.8544908 -0.3002927 -0.4200772 -0.8545524 -0.3054103 -0.4179438 -0.8550933 -0.3068199 -0.2736979 -0.8850699 -0.3764848 -0.2761754 -0.8852506 -0.3742439 -0.2781584 -0.8870124 -0.3685606 -0.2827978 -0.8851092 -0.3696042 -0.1085629 -0.9050607 -0.4111923 -0.1085628 -0.9050608 -0.4111921 -0.1085629 -0.9050607 -0.4111924 -0.1309309 -0.9068068 -0.4006977 -0.1309309 -0.9068068 -0.4006977 -1.06768e-5 -0.9962111 0.08696794 -2.92899e-5 -0.9961958 0.087143 -1.62472e-6 -0.9961957 0.08714395 -2.1713e-5 -0.9962053 0.08703494 -9.99957e-5 -0.9961485 0.08768224 0 -0.9961957 0.08714455 0 -0.9961957 0.08714449 0 -0.9961957 0.08714455 -2.35568e-5 -0.9961901 0.0872094 -3.14265e-6 -0.9961854 0.08726269 1.71714e-6 -0.9961957 0.08714443 1.07644e-5 -0.9961784 0.08734184 -1.24914e-7 -0.9961895 0.0872153 6.39833e-7 -0.9961856 0.08726084 -1.52402e-7 -0.9961978 0.08711993 8.08221e-5 -0.9961918 0.08718937 -4.57745e-7 -0.9961952 0.08715093 -4.51313e-5 -0.9961974 0.08712494 -1.52104e-5 -0.9962074 0.08701103 -1.57791e-5 -0.9961849 0.08726841 -6.16845e-6 -0.9961885 0.08722633 1.94163e-5 -0.9962041 0.08704859 0 -0.996188 0.08723312 0 -0.9961919 0.0871877 0 -0.9961919 0.08718794 -1.57766e-6 -0.9961796 0.08732759 -1.03237e-6 -0.9961832 0.08728796 1.52304e-5 -0.9961961 0.08714008 -4.34136e-6 -0.9961942 0.08716231 -2.37022e-6 -0.9961936 0.08716839 0 -0.8433551 -0.5373567 0 -0.8435355 -0.5370734 0 -0.8435354 -0.5370737 0 -0.8433554 -0.5373564 0 -0.9320386 -0.362359 0 -0.9320925 -0.3622207 0 -0.9319172 -0.3626713 0 -0.9320927 -0.3622202 0 -0.9713262 -0.237751 0 -0.971325 -0.2377555 0 -0.9713261 -0.2377515 0 -0.9712907 -0.2378957 0 -0.9990461 -0.04366987 0 -0.999046 -0.04366987 0 -0.999046 -0.04366987 0 -0.9990461 -0.04366987 0 -0.7660317 -0.6428029 0 -0.7660316 -0.642803 0 -0.7660316 -0.642803 0 -0.7660315 -0.642803 -8.67161e-6 0 -1 -8.67894e-7 0 -1 1.27988e-6 0 -1 -6.29482e-7 0 -1 4.77114e-7 0 -1 8.67161e-6 0 -1 8.67865e-7 0 -1 -0.9659331 0.2587921 0 -0.9659332 0.2587919 0 -0.9659331 0.2587921 0 -0.9659827 0.2586067 0 -0.7071068 0.7071068 0 -0.2586994 0.9659579 0 -0.2587919 0.9659332 0 -0.2586994 0.9659579 0 -0.2587919 0.9659332 0 0.2586067 0.9659827 0 0.2586993 0.9659579 0 0.2586993 0.9659579 0 0.2586067 0.9659827 0 0.7071068 0.7071068 0 0.9659581 0.2586991 0 0.9659579 0.2586994 0 0.9659581 0.2586991 0 0.9659827 0.2586069 0 0.9659578 -0.2586995 0 0.9659829 -0.2586064 0 0.9659331 -0.2587922 0 0.965958 -0.2586989 0 0.7071068 -0.7071068 0 0.2587921 -0.9659331 0 0.2586992 -0.9659579 0 0.2587921 -0.9659331 0 0.2586992 -0.9659579 0 -0.2586994 -0.9659579 0 -0.2587919 -0.9659332 0 -0.2586994 -0.9659579 0 -0.2587919 -0.9659332 0 -0.7071068 -0.7071068 0 -0.9659331 -0.2587921 0 -0.9659579 -0.2586993 0 -0.9659579 -0.2586994 0 -0.9659827 -0.2586067 0 -8.67162e-6 0 -1 -8.67893e-7 0 -1 0 0 -1 1.27988e-6 0 -1 -6.29481e-7 0 -1 4.77113e-7 0 -1 8.67158e-6 0 -1 8.67862e-7 0 -1 -0.9659349 0.258785 0 -0.9659569 0.2587029 0 -0.9659596 0.2586932 0 -0.9659816 0.2586112 0 -0.7071096 0.707104 0 -0.707104 0.7071096 0 -0.7071092 0.7071044 0 -0.7071035 0.7071101 0 -0.258607 0.9659827 0 -0.2586985 0.9659581 0 -0.2587922 0.9659331 0 -0.2586058 0.965983 0 0.258607 0.9659827 0 0.2587921 0.9659331 0 0.2586995 0.9659578 0 0.2586995 0.9659579 0 0.7071056 0.7071079 0 0.7071074 0.7071062 0 0.7071055 0.7071081 0 0.9659587 0.2586962 0 0.9659578 0.2586997 0 0.9659587 0.2586965 0 0.965933 0.2587926 0 0.9659577 -0.2587001 0 0.9659835 -0.2586038 0 0.9659826 -0.2586072 0 0.9659836 -0.2586035 0 0.7071055 -0.7071081 0 0.7071074 -0.7071062 0 0.7071056 -0.7071079 0 0.7071076 -0.707106 0 0.258607 -0.9659827 0 0.2587921 -0.9659331 0 0.2586995 -0.9659578 0 0.2586995 -0.9659579 0 -0.2587912 -0.9659333 0 -0.2586994 -0.9659579 0 -0.2586987 -0.9659582 0 -0.2586995 -0.9659579 0 -0.7071035 -0.7071101 0 -0.7071092 -0.7071044 0 -0.707104 -0.7071096 0 -0.7071096 -0.707104 0 -0.9659319 -0.2587965 0 -0.9659596 -0.2586932 0 -0.9659817 -0.2586104 0 -0.965935 -0.258785 0 0 1 2.97593e-7 0 1 4.76155e-7 0 1 -7.78262e-7 0 1 2.70534e-7 0 1 1.96563e-7 0 1 3.24934e-6 0 1 -6.49872e-6 0 1 -5.41461e-7 0 1 0 0 1 -6.67439e-7 0.2221419 0 0.9750145 0.2221419 0 0.9750144 0.2221419 7.12322e-7 0.9750144 0.2221419 0 0.9750145 0.6234067 0 0.7818979 0.6234062 0 0.7818982 0.6234062 0 0.7818982 0.6234059 0 0.7818984 0.9010148 0 0.4337883 0.9010143 0 0.4337895 0.9010142 0 0.4337898 0.9010136 0 0.4337909 0.9010148 0 -0.4337883 0.9010143 0 -0.4337895 0.9010142 0 -0.4337898 0.9010136 0 -0.4337909 0.6234067 0 -0.7818979 0.6234058 0 -0.7818986 0.6234056 0 -0.7818986 0.6234049 0 -0.7818992 0.2221419 0 -0.9750145 0.2226099 0 -0.9749076 0.22261 0 -0.9749076 0.2226107 0 -0.9749074 -0.2226107 0 -0.9749074 -0.22261 0 -0.9749076 -0.2226099 0 -0.9749076 -0.2221419 0 -0.9750145 -0.6234056 0 -0.7818986 -0.6234058 0 -0.7818986 -0.6234059 0 -0.7818984 -0.9010146 0 -0.433789 -0.901014 0 -0.4337899 -0.901014 0 -0.4337901 -0.9010136 0 -0.4337909 -0.9010146 0 0.433789 -0.901014 0 0.4337899 -0.901014 0 0.4337901 -0.9010136 0 0.4337909 -0.6234067 0 0.7818979 -0.6234063 0 0.7818981 -0.6234062 0 0.7818982 -0.6234059 0 0.7818984 -0.2221419 0 0.9750145 -0.2221419 -7.12322e-7 0.9750144 -0.2221419 0 0.9750144 -0.2221419 0 0.9750145 0 1 2.85227e-7 0 1 -1.69095e-6 0 1 -2.19641e-6 0 1 -8.37235e-7 0 1 1.0224e-6 0 1 4.54763e-7 0 1 3.42955e-7 0 1 7.15261e-7 0 1 -5.61911e-7 0 1 5.50309e-7 0 1 1.30256e-6 0 1 8.37235e-7 0 1 -1.0224e-6 0 1 0 0 1 1.43052e-6 -0.1953386 0 -0.9807359 -0.1953406 0 -0.9807355 -0.195339 0 -0.9807358 -0.195341 0 -0.9807355 -0.5554456 0 -0.8315529 -0.5554443 0 -0.8315538 -0.5554453 0 -0.8315531 -0.555444 0 -0.8315539 -0.8315535 0 -0.5554447 -0.831553 0 -0.5554454 -0.8315533 0 -0.5554449 -0.8315529 0 -0.5554456 -0.9808012 0 -0.1950107 -0.9807355 0 -0.1953406 -0.9808012 0 -0.1950109 -0.9807355 0 -0.1953408 -0.9807357 0 0.1953401 -0.9807356 0 0.1953402 -0.9807356 0 0.1953401 -0.9807355 0 0.1953402 -0.8315528 0 0.5554459 -0.8315532 0 0.5554451 -0.8315528 0 0.5554458 -0.8315534 0 0.555445 -0.5554447 0 0.8315536 -0.5554456 0 0.8315529 -0.5554448 0 0.8315535 -0.5554459 0 0.8315528 -0.1953411 0 0.9807354 -0.195339 0 0.9807359 -0.1953407 0 0.9807355 -0.1953385 0 0.9807359 0.1950097 0 0.9808014 0.1953407 0 0.9807355 0.1953392 0 0.9807358 0.1953411 0 0.9807354 0.5554465 0 0.8315523 0.5554444 0 0.8315536 0.555446 0 0.8315526 0.555444 0 0.8315539 0.8315535 0 0.5554447 0.8315526 0 0.555446 0.8315533 0 0.5554451 0.8315524 0 0.5554464 0.9808012 0 0.1950105 0.9807357 0 0.1953399 0.9807357 0 0.1953396 0.9808012 0 0.1950108 0.9808011 0 -0.195011 0.9807357 0 -0.1953397 0.9807356 0 -0.19534 0.9808292 0 -0.1948695 0.8315532 0 -0.5554454 0.8315532 0 -0.5554452 0.8315531 0 -0.5554453 0.8315532 0 -0.5554452 0.5554447 0 -0.8315536 0.5554449 0 -0.8315533 0.5554447 0 -0.8315536 0.555445 0 -0.8315534 0.1953412 0 -0.9807354 0.1953391 0 -0.9807358 0.1953408 0 -0.9807354 0.1953386 0 -0.9807359 0.139462 0.700194 0.7001992 0.1394532 0.7002053 0.7001895 0.1394432 0.7002181 0.7001787 0.1394359 0.7002277 0.7001706 0.3965996 0.7001246 0.593746 0.3964073 0.7002915 0.5936777 0.3966001 0.7002316 0.5936195 0.3966607 0.7001916 0.5936262 0.5936998 0.7001115 0.396692 0.5936338 0.7001882 0.3966553 0.593747 0.7003008 0.396287 0.5936973 0.7002076 0.3965261 0.7001666 0.7002274 0.1394574 0.700254 0.7002059 0.1391254 0.7002428 0.7002194 0.1391144 0.7001982 0.7001991 0.1394408 0.7001951 0.7001972 -0.139466 0.7001878 0.7002066 -0.1394556 0.7002556 0.7002062 -0.1391171 0.7001734 0.7002251 -0.139435 0.5937464 0.7001241 -0.3965999 0.5936787 0.7002915 -0.3964059 0.5936194 0.7002332 -0.3965975 0.5936155 0.7002474 -0.396578 0.3966447 0.7001791 -0.5936516 0.396549 0.700278 -0.593599 0.3962875 0.7003003 -0.5937473 0.3966331 0.7002273 -0.5936025 0.1391361 0.700196 -0.7002619 0.1394517 0.7002178 -0.7001774 0.1394464 0.7002067 -0.7001895 0.1394425 0.7001985 -0.7001985 -0.1394628 0.7001949 -0.7001981 -0.1391228 0.7002204 -0.7002402 -0.1394442 0.7002179 -0.7001788 -0.1394369 0.7002269 -0.7001712 -0.3966262 0.7003325 -0.593483 -0.3964086 0.7002911 -0.5936772 -0.3966004 0.7002314 -0.5936195 -0.3967394 0.7001383 -0.5936363 -0.5936025 0.7002483 -0.3965961 -0.5936336 0.7001885 -0.3966552 -0.5937489 0.7002993 -0.3962869 -0.5936989 0.7002067 -0.3965253 -0.7001681 0.7002257 -0.1394585 -0.7001776 0.7002174 -0.1394525 -0.7002439 0.7002183 -0.1391148 -0.7001965 0.700201 -0.1394405 -0.7001954 0.7001976 0.1394621 -0.700188 0.7002068 0.1394535 -0.7001795 0.7002172 0.1394439 -0.7001732 0.7002249 0.1394367 -0.5937477 0.7001225 0.3966008 -0.5935527 0.7001479 0.3968477 -0.5936231 0.7001822 0.3966822 -0.5936056 0.700299 0.3965019 -0.3966444 0.7001796 0.5936512 -0.3966554 0.7001883 0.5936337 -0.3967247 0.7001975 0.5935766 -0.3966346 0.7002277 0.5936011 -0.1394553 0.7002247 0.7001697 -0.1394505 0.7002165 0.7001789 -0.1394451 0.7002071 0.7001894 -0.1394411 0.7002002 0.7001971 0 0.2588632 -0.9659141 0 0.2588593 -0.9659151 0 0.2588737 -0.9659113 0 0.2588775 -0.9659102 0 0.7071038 -0.7071098 0 0.7071043 -0.7071092 0 0.7071024 -0.7071112 0 0.7071019 -0.7071117 0 0.9659135 -0.2588654 0 0.9659129 -0.2588675 0 0.965915 -0.2588598 0 0.9659155 -0.2588577 0 0.9659135 0.2588654 0 0.9659129 0.2588675 0 0.965915 0.2588598 0 0.9659155 0.2588577 0 0.7071024 0.7071112 0 0.7071019 0.7071117 0 0.7071038 0.7071098 0 0.7071043 0.7071092 0 0.2588632 0.9659141 0 0.2588593 0.9659151 0 0.2588737 0.9659113 0 0.2588775 0.9659102 0 -0.2588632 0.9659141 0 -0.2588593 0.9659151 0 -0.2588737 0.9659113 0 -0.2588775 0.9659102 0 -0.7071038 0.7071098 0 -0.7071043 0.7071092 0 -0.7071024 0.7071112 0 -0.7071019 0.7071117 0 -0.9659135 0.2588654 0 -0.9659129 0.2588675 0 -0.965915 0.2588598 0 -0.9659155 0.2588577 1 -2.46826e-6 0 1 1.80712e-6 0 1 6.61361e-7 0 1 -2.71528e-6 0 1 -2.7158e-5 0 1 -2.71577e-5 0 1 6.23076e-6 0 1 -1.56479e-6 0 1 -3.61424e-6 0 1 -1.51766e-5 0 1 2.71579e-5 0 0 -0.9659135 -0.2588654 0 -0.9659129 -0.2588675 0 -0.965915 -0.2588598 0 -0.9659155 -0.2588577 0 -0.7071024 -0.7071112 0 -0.7071019 -0.7071117 0 -0.7071038 -0.7071098 0 -0.7071043 -0.7071092 0 -0.2588632 -0.9659141 0 -0.2588593 -0.9659151 0 -0.2588737 -0.9659113 0 -0.2588775 -0.9659102 -1 -7.33205e-7 0 -1 -2.93693e-7 0 -1 0 0 -1 -3.28433e-7 0 -1 -1.26485e-5 0 -1 -1.08403e-5 0 -1 -1.98221e-6 0 -1 0 0 -1 5.93856e-7 0 -1 6.28739e-7 0 -1 0 0 -1 0 0 -1 -3.46981e-7 0 -1 6.19991e-6 0 -1 1.35329e-6 0 -1 0 0 -1 -1.87928e-5 0 -1 -1.88217e-6 0 -1 -1.71321e-6 0 0 -0.204286 -0.9789112 0 -0.2046145 -0.9788427 0 -0.2046146 -0.9788427 0 -0.2042859 -0.9789113 0 -0.5793095 -0.8151078 0 -0.5793093 -0.815108 0 -0.5789186 -0.8153854 0 -0.5793093 -0.815108 0 -0.7337341 -0.6794368 0 -0.7337339 -0.679437 0 -0.733734 -0.6794368 -1.28852e-7 -0.5792988 -0.8151153 9.00779e-7 -0.5792988 -0.8151154 0 -0.5792988 -0.8151153 0 -0.5792988 -0.8151153 0 -0.2044931 -0.9788681 0 -0.2044463 -0.9788779 0 -0.2044932 -0.978868 0 -0.2044931 -0.9788681 0 0.2588185 -0.9659261 0 0.2587263 -0.9659507 0 0.2587726 -0.9659383 0 0.2587258 -0.9659509 0 0.7071086 -0.707105 0 0.7071076 -0.7071061 0 0.7071086 -0.7071049 0 0.9659501 -0.2587285 0 0.965938 -0.258774 0 0.9659255 -0.2588203 0 0.9659253 -0.2588211 0 0.9659135 -0.258865 0 0.9659504 -0.2587275 0 0.9659384 -0.2587725 0 0.965938 -0.2587739 0 0.7071046 -0.707109 0 0.7071053 -0.7071083 0 0.7071046 -0.7071091 0 0.7071053 -0.7071083 0 0.2587301 -0.9659497 0 0.2587293 -0.9659499 0 0.2587301 -0.9659497 0 0.2587756 -0.9659376 0 -0.2587286 -0.9659501 0 -0.2588226 -0.9659249 0 -0.258775 -0.9659377 0 -0.25873 -0.9659497 0 -0.707109 -0.7071046 0 -0.7071032 -0.7071104 0 -0.7071089 -0.7071048 0 -0.7071031 -0.7071105 0 -0.9659256 -0.2588201 0 -0.9659394 -0.2587684 0 -0.9659504 -0.2587273 0 -0.9659519 -0.258722 0 -0.9659395 0.2587682 0 -0.965938 0.2587738 0 -0.9659394 0.2587684 0 -0.965938 0.2587739 0 -0.7071003 0.7071133 0 -0.7071059 0.7071077 0 -0.7071005 0.7071132 0 -0.7071061 0.7071076 0 -0.2587301 0.9659497 0 -0.2587749 0.9659377 0 -0.2587764 0.9659373 0 -0.2587749 0.9659377 0 0.2587286 0.9659501 0 0.2588226 0.9659249 0 0.258775 0.9659377 0 0.25873 0.9659497 0 0.7071062 0.7071074 0 0.7071003 0.7071134 0 0.7071061 0.7071075 0 0.7071 0.7071135 0 0.9659256 0.2588201 0 0.9659394 0.2587684 0 0.9659504 0.2587273 0 0.9659519 0.258722 0 0.9807978 -0.1950278 0 0.980787 -0.1950822 0 0.9807884 -0.1950749 0 0.9807869 -0.1950823 0 0.8314475 -0.5556034 0 0.8314474 -0.5556035 0 0.8313943 -0.5556831 0 0.8314474 -0.5556035 0 0.7071079 -0.7071058 0 0.7071071 -0.7071065 0 0.7071077 -0.7071059 0 0.7071071 -0.7071065 0 0.5556003 -0.8314496 0 0.5556365 -0.8314254 0 0.5556401 -0.831423 0 0.5555966 -0.8314521 0 0.1950343 -0.9807965 0 0.1951769 -0.9807681 0 0.1951754 -0.9807684 0 0.1950829 -0.9807869 -1 -2.19097e-7 0 -1 2.65519e-7 0 -1 -3.44113e-6 0 -1 6.31559e-7 0 -1 -2.54745e-6 0 -1 -4.2246e-7 0 -1 1.35468e-7 0 -1 1.98294e-7 0 -1 0 0 -1 -8.63157e-7 0 -1 3.69626e-6 0 -1 1.60057e-7 0 -1 -1.51168e-6 0 -1 2.75615e-7 0 -1 -5.58881e-7 0 -1 2.36352e-6 0 -1 3.70734e-6 0 -1 4.15833e-7 0 -1 2.19096e-7 0 -1 2.84191e-7 0 -1 -2.84187e-7 0 -1 6.38113e-6 0 -1 -2.28115e-6 0 -1 -2.92791e-7 0 -1 -2.59856e-6 0 -1 -1.90682e-6 0 -1 9.53722e-7 0 -1 -8.6595e-7 0 -1 4.17308e-6 0 -1 3.09576e-7 0 -1 7.94559e-7 0 -1 -1.85883e-7 0 -1 0 0 -1 4.46851e-6 0 -1 4.31962e-6 0 -1 3.34063e-5 0 -1 -6.29863e-6 0 -1 2.07043e-6 0 -1 -1.95236e-6 0 -1 -9.99413e-7 0 -0.7071099 0 -0.7071037 -0.7071098 0 -0.7071038 -0.707105 0 -0.7071086 -0.7071049 0 -0.7071086 -0.7002103 -0.7002155 -0.1392978 -0.7001875 -0.7001822 -0.1395796 -0.7002122 -0.7002127 -0.1393015 -0.7002617 -0.7001476 -0.1393803 -0.7062947 -0.6348679 -0.3131943 -0.7062947 -0.6348679 -0.3131943 -0.7062947 -0.6348679 -0.3131944 -0.6525142 -0.6299473 -0.4211791 -0.704074 -0.5633894 -0.4322873 -0.7040739 -0.5633894 -0.4322875 -0.7040739 -0.5633894 -0.4322873 -0.7002186 -0.3966171 -0.5936235 -0.7002186 -0.3966171 -0.5936235 -0.7002186 -0.3966171 -0.5936236 -0.7002125 -0.139301 -0.7002125 -0.7002202 -0.1393781 -0.7001895 -0.7003786 -0.1395912 -0.6999887 -0.7002692 -0.1393546 -0.7001453 -0.7062963 -0.3131963 -0.6348651 -0.6186252 -0.4783037 -0.6233206 -0.6186252 -0.4783037 -0.6233205 -0.6186252 -0.4783037 -0.6233206 -0.7071097 -0.7071039 0 -0.7071095 -0.7071042 0 -0.707109 -0.7071046 0 -0.7071087 -0.7071049 0 -0.7003857 -0.1396716 0.6999656 -0.7002177 -0.1392494 0.7002177 -0.7002125 -0.1393028 0.7002123 -0.7001801 -0.1392523 0.7002548 -0.7063078 -0.3130523 0.6349233 -0.7063078 -0.3130524 0.6349233 -0.6526402 -0.4208785 0.6300176 -0.6526402 -0.4208784 0.6300176 -0.704071 -0.4322875 0.5633929 -0.704071 -0.4322875 0.563393 -0.704071 -0.4322875 0.5633929 -0.700217 -0.5936247 0.3966183 -0.7002169 -0.5936247 0.3966183 -0.700213 -0.700213 0.1392965 -0.7002055 -0.7002319 0.1392397 -0.70024 -0.7001754 0.1393501 -0.7002694 -0.700145 0.1393551 -0.7063068 -0.634922 0.3130574 -0.7063068 -0.6349219 0.3130574 -0.7063068 -0.6349219 0.3130574 -0.6185768 -0.6233793 0.4782897 -0.6185768 -0.6233793 0.4782897 -0.6185767 -0.6233794 0.4782897 -0.7071166 0 0.707097 -0.7071164 0 0.7070972 -0.7071029 0 0.7071107 -0.7071027 0 0.707111 -0.7002617 0.7001419 0.1394091 -0.7001849 0.7001849 0.1395791 -0.7002121 0.7002132 0.1393004 -0.7002617 0.7001476 0.1393803 -0.7062771 0.6347364 0.3135005 -0.6525094 0.6299507 0.4211814 -0.7040757 0.5633872 0.4322873 -0.7040757 0.5633872 0.4322872 -0.7040757 0.5633873 0.4322873 -0.7002186 0.3966171 0.5936235 -0.7002186 0.3966171 0.5936235 -0.7002186 0.3966171 0.5936236 -0.700174 0.1397704 0.7001577 -0.7002599 0.1396958 0.7000866 -0.7003777 0.1395934 0.6999892 -0.7004497 0.1395308 0.6999296 -0.7062962 0.3131896 0.6348685 -0.7062963 0.3131896 0.6348685 -0.61862 0.4783121 0.6233192 -0.6186202 0.4783121 0.6233192 -0.61862 0.478312 0.6233193 -0.7071098 0.7071037 0 -0.7071083 0.7071054 0 -0.7071084 0.7071052 0 -0.7002156 0.700216 -0.1392681 -0.7002147 0.7002067 -0.1393196 -0.7002313 0.7001807 -0.1393675 -0.7001491 0.7002924 -0.1392183 -0.700232 0.5936096 -0.3966143 -0.7002718 0.5938044 -0.3962522 -0.7002204 0.593617 -0.3966235 -0.700235 0.593623 -0.3965889 -0.7073056 0.4998573 -0.4998615 -0.7070679 0.5000279 -0.5000272 -0.706964 0.5001019 -0.5001 -0.7069637 0.5000991 -0.5001034 0 0.7071068 -0.7071068 0 0.7071063 -0.7071073 0 0.7071065 -0.7071072 0 0.7071059 -0.7071076 0 0.8316146 -0.5553532 0 0.8316125 -0.5553563 0 0.8316141 -0.555354 0 0.8314257 -0.5556361 0 0.9807682 -0.1951763 -3.21707e-7 0.9807685 -0.1951747 0 0.9807683 -0.195176 0 0.9807686 -0.1951743 0 0.2589148 0.9659003 0 0.2589148 0.9659003 0 0.2589148 0.9659002 -0.0430032 0.1947365 0.9799125 -0.0430032 0.1947365 0.9799125 -0.04300308 0.1947365 0.9799125 0 0.4422281 0.8969027 0 0.4422281 0.8969027 0 0.4422281 0.8969027 0 0.7071068 0.7071068 -0.08570677 0.6065198 0.7904354 -0.08570665 0.6065198 0.7904355 0 0.9807637 0.1951994 0 0.9807637 0.1951994 0 0.9807637 0.1951994 -0.03250181 0.9654131 0.2586913 -0.03250181 0.9654132 0.2586913 -0.03250187 0.9654132 0.2586913 0 0.8968995 0.4422344 0 0.8968995 0.4422344 2.25195e-7 0.8968995 0.4422344 0 0.7933458 0.6087715 1.40368e-7 0.7933458 0.6087715 0 0.7933458 0.6087715 0 -0.9658998 0.2589164 0 -0.9658998 0.2589164 0 -0.9658998 0.2589164 -0.04299855 -0.9798753 0.1949244 -0.04299867 -0.9798753 0.1949244 -0.04299861 -0.9798753 0.1949244 0 -0.8968995 0.4422344 0 -0.8968995 0.4422344 0 -0.8968995 0.4422344 0 -0.7071074 0.7071062 -0.08575373 -0.7904838 0.6064502 -0.08575379 -0.7904838 0.6064502 -0.08575385 -0.7904838 0.6064502 0 -0.1951056 0.9807823 0 -0.1951056 0.9807823 0 -0.1951056 0.9807823 -0.03248924 -0.258782 0.9653892 -0.03248929 -0.258782 0.9653892 -0.03248929 -0.258782 0.9653892 0 -0.4422281 0.8969027 0 -0.4422281 0.8969027 0 -0.4422281 0.8969027 0 -0.6087725 0.7933449 1.39989e-7 -0.6087725 0.7933449 0 -0.6087725 0.7933449 0 -0.2589175 -0.9658995 0 -0.2589175 -0.9658995 0 -0.2589175 -0.9658995 -0.04299861 -0.1949244 -0.9798753 -0.04299873 -0.1949244 -0.9798753 -0.04299861 -0.1949244 -0.9798753 0 -0.4422363 -0.8968986 0 -0.4422363 -0.8968986 0 -0.4422363 -0.8968986 0 -0.7071062 -0.7071074 -0.08573305 -0.6064808 -0.7904624 -0.08573311 -0.6064809 -0.7904624 -0.08573317 -0.6064809 -0.7904624 0 -0.9807823 -0.1951056 0 -0.9807823 -0.1951056 0 -0.9807823 -0.1951056 -0.03250181 -0.9654131 -0.2586913 -0.03250181 -0.9654131 -0.2586914 -0.03250187 -0.9654132 -0.2586914 0 -0.8968995 -0.4422344 0 -0.8968995 -0.4422344 2.25195e-7 -0.8968995 -0.4422344 0 -0.7933757 -0.6087323 1.34401e-7 -0.7933757 -0.6087324 0 -0.7933757 -0.6087323 0 0.1951751 -0.9807685 0 0.1952223 -0.9807591 0 0.1951751 -0.9807685 0 0.1951753 -0.9807684 0 0.5553578 -0.8316116 0 0.5553578 -0.8316115 -0.7003151 0.3965354 -0.5935643 -0.7002747 0.3964894 -0.5936426 -0.7002055 0.3967456 -0.5935531 -0.7002094 0.396561 -0.5936719 -0.7001673 0.139198 -0.7002784 -0.7002223 0.1393399 -0.700195 -0.7002199 0.1393494 -0.7001956 -0.7001736 0.1397016 -0.7001717 -1 -2.01849e-7 0 -1 5.29947e-7 0 -1 5.29943e-7 0 -1 -2.01852e-7 0 -1 1.06016e-6 0 -1 5.297e-6 0 -1 5.29703e-6 0 -1 -5.29702e-6 0 -1 2.5201e-7 0 -1 -5.29703e-6 0 0 -0.2584136 -0.9660344 0 -0.2587369 -0.9659479 0 -0.2584135 -0.9660344 0 -0.2584127 -0.9660347 0 -0.707105 -0.7071086 0 -0.7071067 -0.707107 0 -0.7071049 -0.7071088 0 -0.9660347 -0.2584128 0 -0.9659479 -0.2587372 -1.60854e-7 -0.9659107 -0.2588759 0 -0.9659106 -0.2588761 0 -0.9660343 0.258414 0 -0.7071052 0.7071084 0 -0.7071063 0.7071073 0 -0.7071053 0.7071083 0 -0.7071064 0.7071072 0 -0.2584128 0.9660347 0 -0.2584134 0.9660345 0 -0.258737 0.9659479 0 -0.2587376 0.9659478 0 0.2584136 0.9660344 0 0.2587383 0.9659476 0 0.2584137 0.9660344 0 0.2584142 0.9660342 0 0.7071037 0.70711 0 0.7071076 0.707106 0 0.707104 0.7071095 0 0.707108 0.7071056 0 0.9660343 0.258414 0 0.9660347 -0.2584128 0 0.9659479 -0.2587372 0 0.9659107 -0.2588759 0 0.9659106 -0.2588761 0 0.7071084 -0.7071052 0 0.7071037 -0.7071099 0 0.7071079 -0.7071057 0 0.7071032 -0.7071104 0 0.2584144 -0.9660342 0 0.2584135 -0.9660344 0 0.2584143 -0.9660342 0 0.2587376 -0.9659478 -0.6947882 0.1858595 0.6947847 -0.6947878 0.1861981 0.6946944 -0.6947724 0.1862072 0.6947073 -0.6947742 0.1862097 0.6947049 -0.6947467 0.5085896 0.5085899 -0.6946745 0.5086389 0.5086393 -0.6947414 0.5085935 0.5085934 -0.6946698 0.5086426 0.508642 -0.6947771 0.6947056 0.186196 -0.694746 0.6947342 0.1862058 -0.6947427 0.6947314 0.1862285 -0.6948047 0.694692 0.1861439 -0.6947911 0.6947839 -0.1858511 -0.6944393 0.6950305 -0.1862439 -0.6947612 0.6947207 -0.1861988 -0.6947213 0.694754 -0.1862239 -0.6947368 0.5085966 -0.5085964 -0.6946697 0.5086423 -0.5086424 -0.6946018 0.508689 -0.5086885 -0.6947411 0.5085934 -0.5085937 -0.6947788 0.1861962 -0.694704 -0.6948142 0.1861934 -0.6946693 -0.6947402 0.18623 -0.6947333 -0.6947675 0.1862878 -0.6946905 -0.6947433 -0.1861817 -0.6947433 -0.6947813 -0.1862058 -0.6946988 -0.6946946 -0.1862345 -0.6947778 -0.6947565 -0.1861979 -0.6947257 -0.6947411 -0.5085937 -0.5085935 -0.69467 -0.5086422 -0.5086421 -0.6947376 -0.5085959 -0.5085961 -0.6945979 -0.5086923 -0.5086905 -0.6947079 -0.6947721 -0.1862062 -0.6946756 -0.6948003 -0.1862217 -0.694801 -0.6946893 -0.1861675 -0.6947492 -0.6947482 -0.1861414 -0.694787 -0.694787 0.1858555 -0.6947821 -0.6946991 0.1862019 -0.6947634 -0.6947169 0.1862051 -0.6947571 -0.6947253 0.1861975 -0.6946741 -0.5086395 0.5086393 -0.6946049 -0.5086869 0.5086863 -0.6946048 -0.5086868 0.5086866 -0.6947427 -0.5085926 0.5085926 -0.6947831 -0.1861966 0.6946995 -0.6948193 -0.1861925 0.6946644 -0.6947456 -0.1862267 0.6947289 -0.6948043 -0.1861445 0.6946921 -1 -2.01849e-7 0 -1 5.29947e-7 0 -1 5.29943e-7 0 -1 -2.01851e-7 0 0 -0.2587383 -0.9659476 0 -0.2584137 -0.9660344 0 -0.2584142 -0.9660342 0 -0.7071037 -0.70711 0 -0.7071076 -0.707106 0 -0.707104 -0.7071095 0 -0.707108 -0.7071056 0 -0.7071084 0.7071052 0 -0.7071037 0.7071099 0 -0.7071079 0.7071057 0 -0.7071032 0.7071104 0 -0.2584144 0.9660342 0 -0.2584135 0.9660344 0 -0.2584143 0.9660342 0 -0.2587376 0.9659478 0 0.2587369 0.9659479 0 0.2584135 0.9660344 0 0.2584127 0.9660347 0 0.707105 0.7071086 0 0.7071067 0.707107 0 0.7071049 0.7071088 0 0.7071052 -0.7071084 0 0.7071064 -0.7071072 0 0.2584128 -0.9660347 0 0.2584134 -0.9660345 0 0.258737 -0.9659479 0 0.2587376 -0.9659478 -0.6947915 0.1863208 0.6946578 -0.694786 0.1862014 0.6946952 -0.6947004 0.186238 0.694771 -0.6947302 0.1862173 0.6947467 -0.6946784 0.5086357 0.5086371 -0.6947426 0.5085926 0.5085926 -0.6946706 0.5086418 0.5086416 -0.6945979 0.5086923 0.5086905 -0.6947771 0.6947057 0.186196 -0.6947453 0.6947348 0.186206 -0.6948073 0.6946777 0.1861872 -0.6947682 0.6946899 0.1862879 -0.6947432 0.6947427 -0.1861842 -0.6946786 0.6947982 -0.1862177 -0.6946926 0.6947796 -0.1862356 -0.6947525 0.6947289 -0.186201 -0.694738 0.5085955 -0.5085958 -0.6947392 0.5085949 -0.5085949 -0.6947398 0.5085945 -0.5085945 -0.6947407 0.5085937 -0.508594 -0.6947404 0.186204 -0.6947401 -0.6948153 0.186183 -0.6946708 -0.6947362 0.1862012 -0.6947451 -0.6946885 0.186611 -0.6946828 -0.6947908 -0.1861761 -0.6946972 -0.694781 -0.186199 -0.6947009 -0.6947638 -0.1862116 -0.6947147 -0.694828 -0.1861716 -0.6946613 -0.6947405 -0.5085942 -0.5085939 -0.6947385 -0.5085954 -0.5085954 -0.6945994 -0.5086907 -0.50869 -0.6947429 -0.6947358 -0.186211 -0.6946073 -0.6948652 -0.1862338 -0.6946377 -0.6948223 -0.1862807 -0.69475 -0.6947484 -0.1861377 -0.694791 -0.6946974 0.1861753 -0.6944389 -0.6950307 0.1862446 -0.6947637 -0.6947166 0.1862049 -0.6947571 -0.6947253 0.1861975 -0.6947417 -0.5085932 0.5085932 -0.6946043 -0.508687 0.508687 -0.6946048 -0.5086869 0.5086866 -0.6947432 -0.5085923 0.5085921 -0.6947488 -0.1862118 0.6947297 -0.6946831 -0.1862187 0.6947935 -0.6947443 -0.1862182 0.6947325 -0.9617685 0.01063781 -0.2736574 -0.9620113 2.3275e-4 -0.2730097 -0.9624662 0.01269561 -0.2711045 -0.8744957 -0.006732046 -0.4849868 -0.8746059 -2.28044e-4 -0.4848346 -0.8739893 -0.008214473 -0.485876 -0.4530233 -0.04551887 -0.8903359 -0.4525476 -0.04481446 -0.8906136 -0.4528653 -0.04524683 -0.8904302 -0.02271181 -0.0707851 -0.9972331 -0.01761442 -0.0721569 -0.9972378 -0.02061265 -0.07217752 -0.9971788 -0.00215137 -0.07404804 -0.9972524 -0.0026232 -0.07448542 -0.9972187 -0.01272565 -0.07361948 -0.9972053 -0.03339624 -0.07545137 -0.9965901 -0.03263002 -0.07483977 -0.9966617 -0.03202444 -0.0743125 -0.9967207 -0.0723499 -0.03818643 -0.9966481 -0.0740804 -0.03811883 -0.9965236 -0.07345712 -0.03862923 -0.99655 -0.07473909 -3.51441e-4 -0.9972031 -0.07438325 -0.001132309 -0.9972292 -0.0741592 -6.90259e-4 -0.9972462 -0.2289451 -0.0227465 -0.9731736 -0.2286511 -0.02267217 -0.9732445 -0.2289813 -0.02270168 -0.9731661 -0.229103 -0.02281922 -0.9731348 -0.2206208 -0.06792372 -0.9729918 -0.2206716 -0.06797218 -0.9729768 -0.2205513 -0.06785744 -0.9730122 -0.2205068 -0.067815 -0.9730251 -0.1682142 -0.1579115 -0.97302 -0.1684817 -0.1581463 -0.9729356 -0.1682226 -0.1579188 -0.9730175 -0.1682448 -0.1579412 -0.9730099 0.04899698 -0.2339935 -0.9710028 0.04899692 -0.2339936 -0.9710028 0.04899698 -0.2339935 -0.9710028 -0.3311057 -0.5607164 -0.7589245 -0.3311061 -0.5607606 -0.7588915 -0.3310952 -0.5607063 -0.7589364 -0.9970214 -0.007918894 -0.07671785 -0.9970608 -2.04652e-4 -0.07661467 -0.9968935 -0.009520709 -0.07818508 -0.9988791 -0.04010033 -0.02515262 -0.9988791 -0.04010021 -0.02515262 -0.9988791 -0.04010033 -0.02515262 -0.9841675 -0.100616 -0.145914 -0.9854379 -0.1513353 -0.0775237 -0.9854378 -0.1513354 -0.0775237 -0.9854379 -0.1513354 -0.07752376 -0.967404 -0.2410168 -0.07772088 -0.9674039 -0.2410168 -0.07772088 -0.967404 -0.2410168 -0.07772094 -0.9654174 -0.2543949 -0.05703109 -0.9344177 -0.3430833 -0.09569489 -0.9344177 -0.3430833 -0.09569495 -0.9344177 -0.3430833 -0.09569501 -0.9306778 -0.3575273 -0.07754468 -0.9306778 -0.3575273 -0.07754468 -0.9306778 -0.3575273 -0.07754468 -0.8900931 -0.4491755 -0.07730281 -0.8900931 -0.4491755 -0.07730281 -0.8900931 -0.4491755 -0.07730275 -0.884841 -0.4628884 -0.05282872 -0.8848409 -0.4628885 -0.05282878 -0.8848409 -0.4628885 -0.05282878 -0.8310804 -0.5477297 -0.09642386 -0.8310804 -0.5477299 -0.09642386 -0.8310804 -0.5477299 -0.09642386 -0.8240544 -0.5611185 -0.07797843 -0.8240544 -0.5611185 -0.07797843 -0.8240544 -0.5611185 -0.07797843 -0.7642942 -0.6401526 -0.07784128 -0.764294 -0.6401526 -0.07784128 -0.7642942 -0.6401526 -0.07784128 -0.7555876 -0.6529659 -0.05218124 -0.7555882 -0.6529653 -0.05218088 -0.7555877 -0.6529659 -0.05218124 -0.6859158 -0.7212415 -0.09659308 -0.6859158 -0.7212415 -0.09659308 -0.6859158 -0.7212415 -0.09659314 -0.6753901 -0.7333805 -0.07746875 -0.6753901 -0.7333804 -0.07746875 -0.6753901 -0.7333804 -0.07746875 -0.6008469 -0.7956037 -0.07744544 -0.6008469 -0.7956037 -0.07744538 -0.600847 -0.7956038 -0.07744538 -0.5826997 -0.8118425 -0.03705424 -0.5059455 -0.8565416 -0.1017637 -0.5059454 -0.8565416 -0.1017637 -0.485122 -0.870961 -0.07799756 -0.4078059 -0.9097236 -0.07808524 -0.3771611 -0.9258311 -0.02421188 -0.3078103 -0.946531 -0.09660273 -0.3078101 -0.946531 -0.09660267 -0.3078102 -0.9465309 -0.09660267 -0.2758764 -0.9580221 -0.07801353 -0.2758764 -0.9580221 -0.07801359 -0.2758764 -0.958022 -0.07801353 -0.1707639 -0.9819078 -0.08183449 -0.1695048 -0.9824718 -0.07757169 -0.1690106 -0.982477 -0.07857781 -0.1713854 -0.9816807 -0.0832479 -0.0316981 -0.9965395 -0.07683956 -0.0307818 -0.9967876 -0.0739398 -0.03114712 -0.9966981 -0.07498663 -0.0321232 -0.9964197 -0.07820552 -0.4539204 -0.004088461 -0.8910329 -0.4878973 -0.05331307 -0.8712714 -0.4878973 -0.05331307 -0.8712714 -0.4878974 -0.05331307 -0.8712715 -0.2301837 0.03564131 -0.9724943 -0.2301838 0.03564131 -0.9724943 -0.2301838 0.03564131 -0.9724944 -0.2672511 -0.00243926 -0.9636238 -0.2677646 -0.001770198 -0.9634828 -0.2678465 -0.001444041 -0.9634606 -0.07412159 -3.51449e-4 -0.9972492 -0.4058461 -0.204693 -0.8907243 -0.4267937 -0.1564681 -0.8907104 -0.4267937 -0.1564681 -0.8907104 -0.4226207 -0.1299723 -0.8969388 -0.4412379 -0.1099401 -0.8906303 -0.4534859 -0.04574632 -0.8900887 -0.07668727 -0.002841114 -0.9970512 -0.07358443 -0.007712125 -0.9972593 -0.07247912 -0.007107317 -0.9973446 -0.07203012 -0.02174139 -0.9971655 -0.07307946 -0.02342712 -0.997051 -0.07269185 -0.02296847 -0.9970901 -0.07130575 -0.02196347 -0.9972128 -0.06459951 -0.03770887 -0.9971985 -0.1998293 -0.1156035 -0.9729873 -0.1999793 -0.1158283 -0.9729297 -0.1998915 -0.1156968 -0.9729634 -0.2000331 -0.115909 -0.972909 -0.3812757 -0.2209272 -0.8976749 -0.274001 -0.3627055 -0.8907123 -0.274001 -0.3627055 -0.8907123 -0.2740011 -0.3627055 -0.8907122 -0.3131826 -0.3294405 -0.890722 -0.3131826 -0.3294404 -0.890722 -0.3131827 -0.3294405 -0.890722 -0.3217898 -0.3020066 -0.8973536 -0.3486328 -0.2921732 -0.890556 -0.3795087 -0.2501851 -0.8907192 -0.3795087 -0.2501851 -0.8907192 -0.3795087 -0.2501851 -0.8907192 -0.2309798 -0.3916032 -0.8906712 -0.2453091 -0.3665345 -0.8974831 -0.1284613 -0.1918255 -0.9729855 -0.1286388 -0.1920702 -0.9729138 -0.1283919 -0.191684 -0.9730225 -0.1284269 -0.191735 -0.9730078 -0.3312323 -0.5607116 -0.7588727 -0.3924148 -0.5195977 -0.7589658 -0.3924833 -0.5196038 -0.7589261 -0.3925027 -0.5196077 -0.7589136 -0.3925122 -0.519608 -0.7589083 -0.4487926 -0.4718816 -0.7588894 -0.4488047 -0.4718358 -0.7589107 -0.4488006 -0.4718369 -0.7589124 -0.4488012 -0.4718237 -0.7589203 -0.4992147 -0.4182063 -0.7588731 -0.4991866 -0.418192 -0.7588993 -0.4991943 -0.4181954 -0.7588924 -0.4991847 -0.4181892 -0.7589021 -0.5437241 -0.3583903 -0.7588943 -0.5436279 -0.3583478 -0.7589831 -0.5436752 -0.3584058 -0.7589221 -0.5437915 -0.3583622 -0.7588592 -0.5814744 -0.2931774 -0.7589036 -0.5814494 -0.293102 -0.7589518 -0.5814874 -0.2932169 -0.7588784 -0.5815138 -0.2932967 -0.7588273 -0.6113085 -0.2245609 -0.7588639 -0.6114379 -0.2243533 -0.7588211 -0.6113027 -0.2244564 -0.7588994 -0.6113418 -0.2245078 -0.7588527 -0.6317863 -0.1572528 -0.7590242 -0.6317917 -0.1573004 -0.7590099 -0.6317082 -0.1572565 -0.7590884 -0.631701 -0.1572142 -0.7591031 -0.6486737 -0.06536179 -0.7582547 -0.6488879 -0.06561249 -0.7580499 -0.6486662 -0.06539982 -0.7582581 -0.6482515 -0.06520408 -0.7586293 -0.6501345 -0.006853163 -0.7597883 -0.6505668 -0.006964564 -0.7594172 -0.6499263 -0.006414473 -0.7599703 -0.6487467 -1.56398e-4 -0.7610045 -0.03879761 -0.2271533 -0.9730859 -0.03879773 -0.2271576 -0.9730849 -0.03879767 -0.2271552 -0.9730855 -0.03879773 -0.2271593 -0.9730845 -0.07673281 -0.4492404 -0.8901097 -0.076981 -0.4488694 -0.8902754 -0.07693868 -0.4489326 -0.8902472 -0.07716715 -0.448591 -0.8903996 -0.1104041 -0.6428363 -0.7580056 -0.1104624 -0.6426375 -0.7581656 -0.1104571 -0.6426401 -0.7581642 -0.1104609 -0.6424146 -0.7583549 -0.1297087 -0.7536708 -0.644326 -0.1297546 -0.7535409 -0.6444688 -0.1297434 -0.7535756 -0.6444305 -0.1297665 -0.7535918 -0.6444068 -0.004229187 -0.1560733 -0.9877365 -0.00300002 -0.1550071 -0.9879088 -0.004588901 -0.1566171 -0.9876488 -0.01010012 -0.3460522 -0.938161 -0.004970192 -0.3492646 -0.937011 -0.00560081 -0.3491942 -0.9370337 -0.03372532 -0.4527155 -0.8910171 -0.03372532 -0.4527155 -0.8910171 -0.0146051 -0.4886115 -0.8723793 -0.01460522 -0.4886115 -0.8723793 -0.0146051 -0.4886115 -0.8723793 -0.01946574 -0.6507142 -0.7590733 -0.01991474 -0.6507431 -0.7590369 -0.02020227 -0.6496219 -0.7599892 -0.02028572 -0.6491819 -0.7603626 -0.02259415 -0.7636557 -0.6452284 -0.02283817 -0.7632446 -0.645706 -0.02317255 -0.7625843 -0.6464738 -0.02328467 -0.76227 -0.6468404 -0.8899319 -0.03874033 -0.4544452 -0.8868371 -0.09018349 -0.4531964 -0.8866788 -0.08992767 -0.4535568 -0.8868462 -0.09010207 -0.4531949 -0.8869457 -0.09021186 -0.4529782 -0.8647195 -0.2155672 -0.4536419 -0.8646417 -0.2153561 -0.4538906 -0.8647267 -0.2155546 -0.4536341 -0.8646142 -0.215255 -0.4539909 -0.8366427 -0.3071211 -0.453548 -0.8365746 -0.3072002 -0.4536202 -0.8365902 -0.307182 -0.4536036 -0.8365197 -0.3072637 -0.4536782 -0.795719 -0.4011347 -0.4537866 -0.7958115 -0.4009163 -0.4538174 -0.7958278 -0.4009011 -0.4538022 -0.7955769 -0.4014122 -0.4537903 -0.7439169 -0.4905238 -0.4538437 -0.7438341 -0.4906815 -0.4538089 -0.7440003 -0.4904284 -0.4538101 -0.7439391 -0.4906067 -0.4537177 -0.6833438 -0.5719627 -0.4537619 -0.6830988 -0.5721935 -0.4538401 -0.683104 -0.5721941 -0.4538313 -0.6831109 -0.5721665 -0.4538558 -0.6140586 -0.6456838 -0.4538993 -0.6138977 -0.6457162 -0.4540707 -0.6137586 -0.6457751 -0.4541749 -0.6144032 -0.645502 -0.4536916 -0.537072 -0.7110005 -0.4539074 -0.5373172 -0.7106838 -0.4541133 -0.5371046 -0.7109675 -0.4539208 -0.5370453 -0.7109549 -0.4540107 -0.4530492 -0.7673052 -0.4538602 -0.4530812 -0.7673004 -0.4538364 -0.4530827 -0.7673028 -0.4538308 -0.4531035 -0.7673498 -0.4537307 -0.3643208 -0.8131847 -0.4538734 -0.3643464 -0.8131532 -0.4539092 -0.3644503 -0.813103 -0.4539159 -0.2755321 -0.8474045 -0.4538587 -0.2754375 -0.8474106 -0.4539047 -0.2753518 -0.8473702 -0.4540322 -0.3643283 -0.8131523 -0.4539253 -0.3124185 -0.6971119 -0.6453137 -0.3124185 -0.6971118 -0.6453138 -0.3884924 -0.657756 -0.6453145 -0.3885701 -0.6579015 -0.6451194 -0.3884877 -0.6578136 -0.6452586 -0.3884884 -0.6578006 -0.6452715 -0.4603965 -0.609591 -0.6453168 -0.4603846 -0.6095808 -0.6453351 -0.4603891 -0.6095664 -0.6453454 -0.4604106 -0.6096409 -0.6452597 -0.5265228 -0.55359 -0.6452225 -0.5264765 -0.5535755 -0.6452726 -0.5264646 -0.5535743 -0.6452834 -0.5264222 -0.5535854 -0.6453085 -0.5855985 -0.4906404 -0.6452491 -0.585589 -0.4905704 -0.6453109 -0.5855959 -0.4906198 -0.6452671 -0.5855828 -0.4905416 -0.6453385 -0.6379702 -0.4206283 -0.6450319 -0.6378593 -0.4203243 -0.6453395 -0.6378626 -0.4203481 -0.6453208 -0.637938 -0.4204635 -0.6451711 -0.6822627 -0.3438386 -0.6452075 -0.6822447 -0.3437781 -0.6452587 -0.682274 -0.3438767 -0.6451752 -0.6822929 -0.3439401 -0.6451215 -0.717104 -0.2632984 -0.6453185 -0.7171576 -0.2634198 -0.6452094 -0.7170716 -0.263225 -0.6453843 -0.7170156 -0.263098 -0.6454983 -0.7410631 -0.1846982 -0.6455324 -0.7412879 -0.1845575 -0.6453145 -0.7410589 -0.1846916 -0.6455392 -0.7410506 -0.1846786 -0.6455525 -0.7606886 -0.07716679 -0.644514 -0.7606557 -0.07714533 -0.6445553 -0.760789 -0.07723242 -0.6443876 -0.7605083 -0.07699435 -0.6447471 -0.7627646 -0.007100224 -0.6466374 -0.7634214 -0.007281363 -0.6458598 -0.7632295 -0.006234049 -0.6460976 -0.7636499 -8.71231e-4 -0.6456301 -0.06150925 -0.04133009 -0.9972505 -0.06389796 -0.04679018 -0.996859 -0.06221115 -0.04688239 -0.9969613 -0.05427396 -0.0509625 -0.9972248 -0.05426639 -0.05093753 -0.9972265 -0.04152452 -0.06201624 -0.997211 -0.04152643 -0.06203502 -0.9972098 -0.0415219 -0.06199055 -0.9972128 -0.04152029 -0.06197452 -0.9972139 -0.0269699 -0.0699926 -0.9971829 -0.08290088 -0.2153623 -0.973009 -0.08294004 -0.2154635 -0.9729833 -0.08290165 -0.2151982 -0.9730453 -0.08295869 -0.2153196 -0.9730136 -0.164001 -0.4256796 -0.8898879 -0.1640067 -0.425667 -0.889893 -0.1639913 -0.4253678 -0.8900389 -0.1640107 -0.4256578 -0.8898966 -0.2348179 -0.6091321 -0.7575082 -0.2348058 -0.6090691 -0.7575626 -0.2348059 -0.6090657 -0.7575653 -0.2348054 -0.6090427 -0.757584 -0.2621752 -0.6802382 -0.6845 -0.2621752 -0.6802383 -0.6845 -0.2362074 -0.7263895 -0.6454179 -0.2362074 -0.7263895 -0.645418 -0.2362076 -0.7263895 -0.6454179 -0.2754229 -0.8473881 -0.4539557 -0.1514223 -0.8785457 -0.453022 -0.1513091 -0.8786496 -0.4528583 -0.1514008 -0.8785239 -0.4530712 -0.1515026 -0.8784308 -0.4532179 -0.02721089 -0.8906761 -0.4538234 -0.02721089 -0.8906762 -0.4538235 -0.02721089 -0.8906762 -0.4538234 -0.04824268 -0.8729741 -0.4853749 -0.04824268 -0.8729741 -0.4853749 -0.04824268 -0.8729742 -0.4853749 -0.9715319 -0.009054481 -0.2367359 -0.9715319 -0.009054481 -0.2367359 -0.9715319 -0.009054481 -0.2367359 -0.9667926 -0.09835338 -0.2358788 -0.9667177 -0.09847873 -0.2361335 -0.9667742 -0.09840941 -0.2359309 -0.9667961 -0.09850239 -0.2358019 -0.9427463 -0.2350205 -0.2366327 -0.9427461 -0.2350147 -0.2366391 -0.9427463 -0.2350242 -0.2366285 -0.9427466 -0.2350299 -0.2366222 -0.9121406 -0.3349628 -0.2362192 -0.9121457 -0.3349435 -0.2362264 -0.9121343 -0.3348933 -0.2363421 -0.9121372 -0.3349515 -0.2362482 -0.867514 -0.4377562 -0.2361972 -0.8675446 -0.4376495 -0.2362822 -0.8675431 -0.4376025 -0.2363751 -0.8675475 -0.4376547 -0.2362623 -0.8113213 -0.5347096 -0.2363127 -0.8113243 -0.5346951 -0.2363346 -0.811344 -0.5346787 -0.2363042 -0.811349 -0.5346088 -0.2364453 -0.7449361 -0.623806 -0.2365085 -0.7449231 -0.6238787 -0.2363577 -0.7448762 -0.6239742 -0.2362534 -0.7448777 -0.6239978 -0.2361864 -0.6692981 -0.7042915 -0.2366721 -0.6695246 -0.7042198 -0.2362442 -0.6695996 -0.7041022 -0.2363821 -0.6696172 -0.7040871 -0.2363772 -0.5856083 -0.7753781 -0.23633 -0.5856059 -0.7753821 -0.2363226 -0.5856102 -0.775374 -0.2363389 -0.5854632 -0.7755823 -0.2360188 -0.4941369 -0.8366564 -0.2362942 -0.4940001 -0.8367521 -0.2362415 -0.4940664 -0.8366916 -0.236317 -0.4940371 -0.8366523 -0.2365175 -0.3977093 -0.8864948 -0.2365468 -0.3974663 -0.8866265 -0.2364617 -0.397623 -0.8865757 -0.2363888 -0.3974859 -0.886704 -0.2361376 -0.300493 -0.9240196 -0.2364147 -0.3007169 -0.9240178 -0.2361364 -0.3007783 -0.9239686 -0.236251 -0.3008161 -0.9239383 -0.2363215 -0.1651471 -0.9576406 -0.2359045 -0.1652265 -0.9576545 -0.2357923 -0.1652384 -0.9576232 -0.2359115 -0.1652965 -0.9575976 -0.2359745 -0.0130918 -0.9716438 -0.236087 -0.01309162 -0.9716438 -0.2360872 -0.01309162 -0.9716438 -0.2360871 -0.02971696 -0.9621106 -0.2710354 -0.0297169 -0.9621106 -0.2710354 -0.02971696 -0.9621106 -0.2710354 -0.9969158 0 -0.07847994 -0.9969158 0 -0.07847994 -0.9625352 0 -0.2711567 -0.9625093 0 -0.2712491 -0.8739794 0 -0.4859632 -0.874026 0 -0.4858793 -0.7624199 0 -0.6470828 -0.7625439 0 -0.6469366 -0.6497384 0 -0.760158 -0.6493738 0 -0.7604694 -0.4886622 0 -0.8724731 -0.488667 0 -0.8724704 -0.4885786 0 -0.8725199 -0.4886671 0 -0.8724704 -0.3461027 0 -0.9381967 -0.3491925 0.005601167 -0.9370343 -0.3492636 0.004971027 -0.9370114 -0.2669436 -7.33398e-4 -0.9637119 -0.1566201 0.001420915 -0.9876579 -0.1550555 0.002999484 -0.9879013 -0.1558902 0.004151523 -0.9877657 -0.07411813 0 -0.9972495 0.01064229 0.9617702 -0.2736511 2.29578e-4 0.962012 -0.2730073 0.01274901 0.9625151 -0.2709284 -0.006733417 0.8744949 -0.4849882 -2.26543e-4 0.8746047 -0.4848368 -0.008280992 0.8740237 -0.485813 -0.04519975 0.4529335 -0.8903978 -0.04481369 0.4525434 -0.8906156 -0.04518222 0.4527498 -0.8904922 -0.07077646 0.02272397 -0.9972333 -0.07214933 0.01761955 -0.9972382 -0.07221633 0.02066779 -0.9971749 -0.07404506 0.002152144 -0.9972527 -0.07448554 0.002622365 -0.9972187 -0.07361823 0.01272493 -0.9972053 -0.0755285 0.03332674 -0.9965866 -0.07498139 0.03256022 -0.9966533 -0.07439821 0.03200846 -0.9967148 -0.03817921 0.07230234 -0.9966518 -0.03811591 0.07407367 -0.9965241 -0.03860729 0.07336217 -0.9965578 -3.51907e-4 0.07473945 -0.9972031 -0.001124978 0.074377 -0.9972296 -6.90319e-4 0.07415509 -0.9972466 -0.02288919 0.2287614 -0.9732134 -0.0226674 0.2286565 -0.9732433 -0.02270793 0.2288874 -0.973188 -0.02279359 0.2292376 -0.9731036 -0.06792402 0.220619 -0.9729922 -0.06797295 0.2206704 -0.9729771 -0.06761664 0.2203245 -0.9730803 -0.06781423 0.2205037 -0.973026 -0.1581152 0.1684679 -0.9729431 -0.1579318 0.1682361 -0.9730129 -0.158127 0.1684733 -0.9729402 -0.1581599 0.1684886 -0.9729323 -0.2339931 -0.04899686 -0.9710029 -0.2339931 -0.04899686 -0.9710029 -0.2339931 -0.04899686 -0.9710029 -0.560732 0.3311879 -0.758877 -0.5607616 0.3311074 -0.7588902 -0.5607061 0.3310943 -0.758937 -0.007917463 0.9970216 -0.07671588 -2.47726e-4 0.9970591 -0.07663625 -0.009482204 0.9968917 -0.07821172 -0.0401026 0.9988815 -0.02505004 -0.0401026 0.9988815 -0.02505004 -0.04010266 0.9988815 -0.02505004 -0.1003248 0.9841724 -0.1460807 -0.1003248 0.9841724 -0.1460808 -0.1003248 0.9841724 -0.1460808 -0.1512477 0.9854331 -0.07775539 -0.1512477 0.9854331 -0.07775539 -0.1512477 0.9854331 -0.07775539 -0.240916 0.9674458 -0.07751238 -0.2409159 0.9674458 -0.07751244 -0.2409159 0.9674458 -0.07751238 -0.254113 0.9655016 -0.05686306 -0.254113 0.9655016 -0.05686306 -0.254113 0.9655016 -0.05686306 -0.3430811 0.9344186 -0.09569418 -0.3430811 0.9344186 -0.09569418 -0.3430811 0.9344186 -0.09569424 -0.3573974 0.9307439 -0.07734978 -0.3573974 0.9307439 -0.07734978 -0.3573973 0.9307439 -0.07734978 -0.4489794 0.8901833 -0.07740324 -0.4489794 0.8901833 -0.07740324 -0.4489794 0.8901833 -0.07740324 -0.4629037 0.8848269 -0.05293083 -0.4629037 0.8848268 -0.05293083 -0.4629037 0.8848268 -0.05293089 -0.5477297 0.8310804 -0.09642386 -0.5477299 0.8310804 -0.09642386 -0.5477299 0.8310804 -0.09642386 -0.5612475 0.8239777 -0.07785922 -0.5612475 0.8239777 -0.07785922 -0.6402273 0.7642441 -0.07771897 -0.6402273 0.764244 -0.07771897 -0.6402273 0.764244 -0.07771897 -0.6529666 0.755587 -0.05218201 -0.6529676 0.7555862 -0.05218261 -0.6529667 0.7555869 -0.05218207 -0.7212982 0.6858631 -0.09654378 -0.7212982 0.6858631 -0.09654378 -0.7212982 0.6858632 -0.09654384 -0.7334611 0.6753273 -0.07725256 -0.733461 0.6753273 -0.07725256 -0.7955627 0.6008891 -0.0775398 -0.7955626 0.6008892 -0.07753974 -0.7955627 0.6008892 -0.07753974 -0.8118941 0.5826075 -0.03737103 -0.8118941 0.5826075 -0.03737103 -0.8118941 0.5826075 -0.03737103 -0.8565157 0.5059723 -0.101848 -0.8565157 0.5059724 -0.101848 -0.8565157 0.5059723 -0.101848 -0.871183 0.4847578 -0.07778286 -0.871183 0.4847578 -0.0777828 -0.871183 0.4847578 -0.07778286 -0.9098363 0.4076586 -0.07753986 -0.9098364 0.4076586 -0.07753986 -0.9098363 0.4076586 -0.07753986 -0.9258329 0.3771572 -0.02420777 -0.9465309 0.3078116 -0.09659928 -0.9465309 0.3078116 -0.09659928 -0.9465309 0.3078115 -0.09659928 -0.9580229 0.2758731 -0.07801485 -0.9580229 0.2758731 -0.07801491 -0.9580229 0.2758731 -0.07801485 -0.9819073 0.1707649 -0.08183717 -0.9824714 0.1695045 -0.07757663 -0.9824778 0.1690044 -0.0785802 -0.9816699 0.1714035 -0.08333694 -0.9965395 0.03169882 -0.07684046 -0.9967837 0.03079527 -0.07398504 -0.9966936 0.03116244 -0.07503843 -0.996419 0.03212475 -0.07821333 -0.004090964 0.4539264 -0.8910299 -0.05323892 0.487847 -0.8713042 -0.05323892 0.487847 -0.8713042 -0.05323892 0.487847 -0.8713042 0.03568446 0.2301697 -0.9724961 0.03568446 0.2301697 -0.9724961 0.03568446 0.2301697 -0.9724961 -0.002439022 0.2672511 -0.963624 -0.001731276 0.2677791 -0.9634788 -0.001464426 0.2678477 -0.9634602 -3.51447e-4 0.0741204 -0.9972493 -0.2046926 0.4058475 -0.8907238 -0.1564674 0.4267939 -0.8907104 -0.1299716 0.4226178 -0.8969401 -0.1099399 0.4412413 -0.8906286 -0.04554057 0.4531033 -0.8902941 -0.002783179 0.07664895 -0.9970543 -0.007728993 0.07362616 -0.997256 -0.00710684 0.07247483 -0.9973449 -0.02173858 0.07204562 -0.9971644 -0.0234251 0.07307654 -0.9970512 -0.02296704 0.07269054 -0.9970902 -0.02196198 0.07130467 -0.9972128 -0.03737628 0.06460237 -0.9972109 -0.1156063 0.1998287 -0.972987 -0.1158282 0.1999801 -0.9729295 -0.1156983 0.1998915 -0.9729632 -0.1157356 0.1997572 -0.9729863 -0.2209299 0.3812733 -0.8976751 -0.3627039 0.2740066 -0.8907112 -0.3627039 0.2740066 -0.8907112 -0.3294001 0.3132978 -0.8906964 -0.3294001 0.3132979 -0.8906965 -0.3294001 0.3132978 -0.8906964 -0.301834 0.3215451 -0.8974994 -0.3018339 0.3215451 -0.8974993 -0.2919014 0.3485003 -0.890697 -0.2919014 0.3485003 -0.8906971 -0.2919014 0.3485002 -0.890697 -0.2501894 0.3795933 -0.890682 -0.2501894 0.3795933 -0.8906819 -0.3916016 0.2309803 -0.8906719 -0.3665375 0.2453064 -0.8974826 -0.1917464 0.1284224 -0.9730062 -0.1920711 0.1286379 -0.9729137 -0.1917695 0.1284366 -0.9729998 -0.1919907 0.1286279 -0.9729309 -0.5607103 0.3312282 -0.7588756 -0.519607 0.3924978 -0.7589164 -0.5196039 0.3924836 -0.7589258 -0.5196015 0.392421 -0.7589599 -0.5196076 0.3924296 -0.7589513 -0.4718396 0.4488011 -0.7589104 -0.4717922 0.4488157 -0.7589312 -0.4718378 0.4488003 -0.7589119 -0.471826 0.4488007 -0.7589191 -0.418206 0.4992144 -0.7588733 -0.4181929 0.4991888 -0.7588974 -0.4182127 0.4992246 -0.7588629 -0.4181869 0.4991812 -0.7589056 -0.3583928 0.5436451 -0.7589497 -0.3583901 0.5436864 -0.7589213 -0.3584074 0.5436766 -0.7589203 -0.3584746 0.5436426 -0.7589129 -0.2931787 0.5814742 -0.7589033 -0.2934279 0.5813783 -0.7588804 -0.2932161 0.5814874 -0.7588787 -0.2932916 0.581514 -0.7588291 -0.2246543 0.6113128 -0.7588328 -0.224666 0.6111175 -0.7589866 -0.2244575 0.6113029 -0.758899 -0.2244651 0.6113281 -0.7588765 -0.157257 0.6317157 -0.7590821 -0.1573003 0.6317947 -0.7590074 -0.1572564 0.6317119 -0.7590854 -0.1571983 0.6318538 -0.7589793 -0.06536036 0.6486759 -0.758253 -0.06561183 0.6488901 -0.7580481 -0.06539988 0.6486697 -0.758255 -0.06519961 0.6482919 -0.7585952 -0.006835758 0.6501603 -0.7597663 -0.006968796 0.6505701 -0.7594144 -0.006365239 0.6499345 -0.7599636 -1.73898e-4 0.6487978 -0.7609609 -0.2271564 0.03879982 -0.9730851 -0.2271589 0.0387997 -0.9730845 -0.2271575 0.03879976 -0.9730848 -0.2268331 0.03879886 -0.9731606 -0.44924 0.07673245 -0.8901099 -0.4488699 0.07698148 -0.890275 -0.448933 0.0769391 -0.8902469 -0.4485923 0.07716834 -0.8903989 -0.6428691 0.1104056 -0.7579775 -0.6426359 0.1104614 -0.7581672 -0.6426013 0.1104499 -0.7581982 -0.6423702 0.1103349 -0.7584108 -0.7536743 0.1297076 -0.6443222 -0.7535448 0.1297534 -0.6444646 -0.7535791 0.1297421 -0.6444267 -0.7535957 0.1297658 -0.6444023 -0.1566179 0.00458908 -0.9876486 -0.3461035 0.01010048 -0.9381421 -0.4527027 0.03386765 -0.8910182 -0.4527027 0.03386765 -0.8910182 -0.4887002 0.01460951 -0.8723295 -0.4887002 0.01460945 -0.8723295 -0.4887002 0.01460951 -0.8723295 -0.650713 0.01946568 -0.7590742 -0.650707 0.01991498 -0.7590678 -0.6496537 0.02017956 -0.7599624 -0.6493985 0.02009916 -0.7601827 -0.7637364 0.02253049 -0.6451349 -0.7632441 0.02283847 -0.6457067 -0.7625822 0.023175 -0.6464762 -0.7623316 0.02326834 -0.6467684 -0.03873783 0.8899311 -0.454447 -0.09018397 0.8868374 -0.4531956 -0.08992761 0.8866796 -0.4535555 -0.09010255 0.8868464 -0.4531943 -0.09027689 0.8869728 -0.4529121 -0.2155677 0.8647159 -0.4536485 -0.2155491 0.8647293 -0.4536319 -0.2155541 0.8647258 -0.4536363 -0.2152572 0.8646144 -0.4539893 -0.3071228 0.8366429 -0.4535462 -0.3072027 0.8365752 -0.4536173 -0.3071843 0.8365908 -0.453601 -0.307267 0.8365205 -0.4536744 -0.4013419 0.7955985 -0.4538146 -0.4012153 0.7956641 -0.4538118 -0.4011982 0.7956749 -0.4538077 -0.4009681 0.7957527 -0.4538748 -0.4904174 0.7440071 -0.4538109 -0.4904003 0.7440199 -0.4538086 -0.4907008 0.7438074 -0.453832 -0.4906032 0.743941 -0.4537185 -0.5719652 0.6833373 -0.4537688 -0.5721939 0.6830973 -0.4538417 -0.5722075 0.6829086 -0.4541085 -0.5721809 0.6830801 -0.453884 -0.6457116 0.6139852 -0.4539589 -0.6457154 0.6138983 -0.4540712 -0.6457006 0.614 -0.4539547 -0.6454992 0.6144061 -0.4536916 -0.7109996 0.5370734 -0.4539072 -0.7106825 0.5373196 -0.4541125 -0.7109659 0.5371063 -0.4539213 -0.7109553 0.5370469 -0.4540079 -0.7673059 0.4530786 -0.4538297 -0.7673002 0.4530805 -0.4538375 -0.7673126 0.45314 -0.4537573 -0.7671762 0.4531087 -0.454019 -0.8131859 0.3643197 -0.4538723 -0.8131533 0.3643451 -0.4539101 -0.8131459 0.3643631 -0.4539088 -0.847316 0.2752206 -0.4542129 -0.8473266 0.2757597 -0.4538658 -0.8473938 0.2754914 -0.4539035 -0.8131523 0.3643283 -0.4539253 -0.6970793 0.3125103 -0.6453045 -0.6970793 0.3125103 -0.6453046 -0.6578258 0.3884894 -0.6452453 -0.6579087 0.3885632 -0.6451161 -0.6577784 0.3884921 -0.6452919 -0.6577957 0.3884894 -0.6452759 -0.6095905 0.4603963 -0.6453176 -0.6095795 0.4603834 -0.6453372 -0.6095665 0.4603891 -0.6453454 -0.6096416 0.4604109 -0.6452588 -0.5535688 0.5264546 -0.6452963 -0.5535883 0.5264973 -0.6452445 -0.5535739 0.5264616 -0.6452862 -0.5535715 0.5265015 -0.6452556 -0.4906387 0.5855981 -0.6452507 -0.4906057 0.5855934 -0.6452801 -0.4906173 0.5855956 -0.6452694 -0.490608 0.5855948 -0.6452772 -0.4203044 0.6378498 -0.6453619 -0.4204961 0.6379134 -0.6451741 -0.4205676 0.6379561 -0.6450853 -0.4204616 0.6379365 -0.6451737 -0.3438368 0.6822645 -0.6452066 -0.3440702 0.6820829 -0.6452742 -0.3438742 0.682276 -0.6451745 -0.3440997 0.6820545 -0.6452884 -0.2632985 0.7171049 -0.6453175 -0.2634209 0.7171593 -0.6452069 -0.2632243 0.7170718 -0.6453844 -0.2630962 0.7170147 -0.6455001 -0.1844962 0.7412645 -0.645359 -0.1847139 0.7410714 -0.6455184 -0.1846901 0.7410565 -0.6455423 -0.184383 0.7413352 -0.6453101 -0.07716685 0.7606884 -0.6445141 -0.07714515 0.7606567 -0.6445543 -0.07694631 0.7605546 -0.6446985 -0.07694876 0.7604525 -0.6448187 -0.007144033 0.7627479 -0.6466565 -0.007162511 0.7635123 -0.6457536 -0.006278157 0.7632407 -0.6460838 -8.69313e-4 0.7636511 -0.6456286 -0.04133009 0.06150555 -0.9972507 -0.04677313 0.06390017 -0.9968597 -0.04685515 0.06220626 -0.9969629 -0.05096471 0.05427241 -0.9972248 -0.05094003 0.05426251 -0.9972266 -0.06201565 0.04152655 -0.997211 -0.06203353 0.04152929 -0.9972097 -0.06199115 0.04152268 -0.9972127 -0.06197589 0.04152029 -0.9972137 -0.06958651 0.0267235 -0.997218 -0.2152615 0.0829029 -0.9730312 -0.2154642 0.08293765 -0.9729833 -0.2156621 0.08291417 -0.9729415 -0.2150062 0.08287578 -0.97309 -0.4256836 0.1639993 -0.8898864 -0.4252364 0.1639882 -0.8901023 -0.4253683 0.1639947 -0.890038 -0.4256557 0.164008 -0.8898981 -0.6091874 0.2348612 -0.7574503 -0.609067 0.2348057 -0.7575644 -0.6090628 0.2348049 -0.7575679 -0.6089668 0.2348013 -0.7576463 -0.6801201 0.2623161 -0.6845633 -0.6801201 0.2623161 -0.6845633 -0.6801201 0.2623162 -0.6845633 -0.726426 0.2361924 -0.6453824 -0.726426 0.2361922 -0.6453825 -0.726426 0.2361922 -0.6453825 -0.8473915 0.2754604 -0.4539266 -0.8785086 0.1513871 -0.4531056 -0.8786486 0.1513088 -0.4528602 -0.8785231 0.1513997 -0.4530733 -0.8784303 0.1515 -0.4532195 -0.8907183 0.02717864 -0.4537426 -0.8907183 0.02717858 -0.4537426 -0.8907183 0.02717858 -0.4537426 -0.8729308 0.04828888 -0.4854482 -0.8729309 0.04828894 -0.4854482 -0.8729309 0.04828888 -0.4854482 -0.009244263 0.9715387 -0.2367009 -0.009244263 0.9715387 -0.236701 -0.009244263 0.9715386 -0.236701 -0.09843045 0.9667705 -0.2359372 -0.09879171 0.9666581 -0.2362462 -0.09853386 0.9667451 -0.2359979 -0.09837085 0.9668418 -0.2356698 -0.2350217 0.9427458 -0.236633 -0.2350182 0.9427459 -0.2366362 -0.2350239 0.9427458 -0.2366309 -0.2350274 0.9427458 -0.2366278 -0.3349127 0.9121355 -0.2363098 -0.3349387 0.9121443 -0.2362394 -0.3349407 0.9121374 -0.2362629 -0.3349528 0.9121373 -0.2362464 -0.4376499 0.8675422 -0.2362903 -0.4376493 0.8675447 -0.2362822 -0.4376008 0.8675432 -0.2363778 -0.4376286 0.8675487 -0.2363065 -0.5347818 0.8113092 -0.2361901 -0.5347212 0.8113189 -0.2362939 -0.5346772 0.8113445 -0.236306 -0.5347201 0.8113189 -0.2362973 -0.6238038 0.7449392 -0.2365046 -0.6238315 0.7449387 -0.2364331 -0.6239714 0.7448787 -0.236253 -0.6241878 0.7448004 -0.2359277 -0.7041274 0.669591 -0.2363315 -0.7041527 0.6695814 -0.2362833 -0.7041113 0.6696073 -0.2363331 -0.7041235 0.6696127 -0.2362818 -0.7754032 0.5855926 -0.2362866 -0.7753845 0.5856045 -0.2363186 -0.7753089 0.5856491 -0.236456 -0.7755836 0.5854631 -0.236015 -0.8368972 0.4937244 -0.2363036 -0.8368033 0.4939325 -0.2362007 -0.8367716 0.4938264 -0.2365351 -0.8366523 0.4940376 -0.236516 -0.8864942 0.3977106 -0.236547 -0.886671 0.3974013 -0.236404 -0.886574 0.397626 -0.2363896 -0.8867009 0.3974915 -0.2361395 -0.9239869 0.3007553 -0.2362083 -0.924017 0.3007158 -0.2361415 -0.923969 0.3007791 -0.2362483 -0.9239395 0.3008182 -0.2363141 -0.9576493 0.1648572 -0.2360723 -0.9576543 0.1652284 -0.2357922 -0.957624 0.165239 -0.2359079 -0.9575989 0.165297 -0.235969 -0.9716334 0.01310837 -0.236129 -0.9716334 0.01310831 -0.2361291 -0.9716333 0.01310825 -0.236129 -0.9621354 0.02967143 -0.2709521 -0.9621355 0.02967137 -0.2709521 -0.9621355 0.02967143 -0.2709521 -0.9749653 -0.2223575 0 -0.9749332 -0.2224977 0 -0.9749332 -0.2224977 0 -0.9749653 -0.2223575 0 -0.781884 -0.6234239 0 -0.7818841 -0.623424 0 -0.7818841 -0.623424 0 -0.781884 -0.6234239 0 -0.4338312 -0.9009943 0 -0.4337448 -0.9010358 0 -0.4337448 -0.9010358 2.25195e-7 -0.4338312 -0.9009943 0 0.4338312 -0.9009943 0 0.4337448 -0.9010358 -2.25195e-7 0.4337448 -0.9010358 0 0.4338312 -0.9009943 0 0.781884 -0.6234239 0 0.7818841 -0.623424 0 0.7818841 -0.623424 0 0.781884 -0.6234239 0 0.9749653 -0.2223575 0 0.9749332 -0.2224977 0 0.9749332 -0.2224977 0 0.9749653 -0.2223575 0 0.9749653 0.2223575 0 0.9749332 0.2224977 0 0.9749332 0.2224977 0 0.9749653 0.2223575 0 0.781884 0.6234239 0 0.7818841 0.623424 0 0.7818841 0.623424 0 0.781884 0.6234239 0 0.4338312 0.9009943 0 0.4337448 0.9010358 0 0.4337448 0.9010358 2.25195e-7 0.4338312 0.9009943 0 -0.4338312 0.9009943 0 -0.4337448 0.9010358 -2.25195e-7 -0.4337448 0.9010358 0 -0.4338312 0.9009943 0 -0.781884 0.6234239 0 -0.7818841 0.623424 0 -0.7818841 0.623424 0 -0.781884 0.6234239 0 -0.9749653 0.2223575 0 -0.9749332 0.2224977 0 -0.9749332 0.2224977 0 -0.9749653 0.2223575 0 0 0 1 0 0 1 0 0 1 0 0 1 0 0 1 0 0 1 0 0 1 0 0 1 0 0 1 0 0 1 0 0 1 0 0 1 0 0 1 0 0 1 0 0 1 0 0 1 0 0 1 -0.974933 -0.2224985 0 -0.9749653 -0.2223575 0 -0.9749336 -0.2224963 0 -0.9748591 -0.2228226 0 -0.781883 -0.6234252 0 -0.781883 -0.6234252 0 -0.781883 -0.6234252 0 -0.781883 -0.6234252 0 -0.4337468 -0.9010349 0 -0.4337461 -0.9010352 0 -0.433745 -0.9010357 0 -0.4336578 -0.9010777 0 0.4338319 -0.9009939 0 0.4338316 -0.9009941 0 0.4337446 -0.9010359 0 0.4336578 -0.9010777 0 0.781883 -0.6234252 0 0.7818835 -0.6234247 0 0.7818843 -0.6234238 0 0.7818846 -0.6234232 0 0.974933 -0.2224985 0 0.9749651 -0.2223583 0 0.9749651 -0.2223583 0 0.974933 -0.2224985 0 0.974933 0.2224985 0 0.9749651 0.2223583 0 0.9749651 0.2223583 0 0.974933 0.2224985 0 0.7818846 0.6234232 0 0.7818843 0.6234238 0 0.7818835 0.6234247 0 0.781883 0.6234252 0 0.4336578 0.9010777 0 0.4337446 0.9010359 0 0.4338316 0.9009941 0 0.4338319 0.9009939 0 -0.4336578 0.9010777 0 -0.433745 0.9010357 0 -0.4337461 0.9010352 0 -0.4337468 0.9010349 0 -0.781883 0.6234252 0 -0.781883 0.6234252 0 -0.781883 0.6234252 0 -0.781883 0.6234252 0 -0.9748591 0.2228226 0 -0.9749336 0.2224963 0 -0.9749653 0.2223575 0 -0.974933 0.2224985 0 -0.7071074 0 0.7071062 -0.7071101 0 0.7071036 -0.7071127 0 0.7071008 -0.7085902 -0.02639812 0.7051264 -0.7068423 -0.02737313 0.7068414 -0.7084266 -0.02733677 0.705255 0 -0.7071117 0.707102 0 -0.7071079 0.7071058 0 -0.7071192 0.7070944 -0.02520024 -0.6966021 0.7170151 -0.02690029 -0.7071012 0.7066006 -0.0269075 -0.7071006 0.7066008 -0.02689981 -0.7071012 0.7066006 -0.7090496 -0.0275008 0.7046222 -0.6929491 -0.1457296 0.7061052 -0.6912918 -0.1456012 0.7077541 -0.692219 -0.1457031 0.7068263 -0.6939461 -0.1457056 0.7051303 -0.669411 -0.2279848 0.7070446 -0.6694108 -0.2279849 0.7070446 -0.6694109 -0.2279849 0.7070446 -0.6328058 -0.2466036 0.7339916 -0.6328058 -0.2466034 0.7339915 -0.6328058 -0.2466036 0.7339916 -0.7396413 -0.3561182 0.571061 -0.7396414 -0.356118 0.571061 -0.7396413 -0.3561182 0.571061 -0.5444051 -0.3628036 0.7563046 -0.5444049 -0.3628039 0.7563047 -0.5444051 -0.3628036 0.7563046 -0.5795203 -0.4065122 0.7063314 -0.5795205 -0.406512 0.7063313 -0.5795204 -0.4065122 0.7063314 -0.6238446 -0.3348218 0.7061958 -0.6238445 -0.3348218 0.7061958 -0.5656144 -0.4258381 0.7062169 -0.5656144 -0.4258381 0.7062169 -0.5295116 -0.4699335 0.7062436 -0.5299893 -0.4700883 0.7057822 -0.5296732 -0.4699221 0.70613 -0.5293285 -0.4697256 0.7065191 -0.4982552 -0.5017263 0.7071157 -0.4984008 -0.5016014 0.7071017 -0.4981157 -0.5017545 0.7071939 -0.4523719 -0.5059669 0.7344095 -0.4523721 -0.5059667 0.7344095 -0.4649875 -0.533289 0.7066749 -0.4649875 -0.5332891 0.7066749 -0.4649873 -0.5332891 0.706675 -0.4978874 -0.5018765 0.7072681 -0.4394869 -0.5540729 0.707004 -0.4394868 -0.554073 0.707004 -0.3998089 -0.5839613 0.7064999 -0.3998994 -0.5840023 0.7064147 -0.3998382 -0.5839896 0.7064599 -0.3998298 -0.5840177 0.7064415 -0.3285476 -0.6262979 0.7069707 -0.3289032 -0.6266078 0.7065305 -0.3285267 -0.6262326 0.7070382 -0.3282121 -0.6260287 0.7073648 -0.2873815 -0.6451269 0.7079712 -0.2873815 -0.6451268 0.7079712 -0.2873814 -0.6451268 0.7079712 -0.2488162 -0.6501448 0.7179152 -0.248816 -0.6501449 0.7179152 -0.2488158 -0.650145 0.7179152 -0.2494065 -0.6621165 0.7066811 -0.2494067 -0.6621165 0.706681 -0.2494068 -0.6621165 0.706681 -0.1416025 -0.6947318 0.7051925 -0.1416026 -0.6947318 0.7051925 -0.1416026 -0.6947318 0.7051925 -0.1336823 -0.5671243 0.812711 -0.1336823 -0.5671243 0.812711 -0.09270262 -0.7008894 0.7072203 -0.09270268 -0.7008893 0.7072203 -0.09270274 -0.7008893 0.7072203 0 -0.7071041 0.7071096 0 -0.7071041 0.7071095 0.7071127 0 0.7071008 0.7071101 0 0.7071036 0.7071182 0 0.7070955 0.6966033 -0.02519899 0.7170139 0.7070692 -0.02689707 0.7066326 0.7070688 -0.02690368 0.7066329 0.7070692 -0.02689683 0.7066326 0.02650284 -0.7086616 0.7050507 0.02737295 -0.7068418 0.7068418 0.02733737 -0.7083923 0.7052894 0.02750086 -0.7090484 0.7046234 0.145728 -0.6929446 0.70611 0.1456043 -0.6913216 0.7077245 0.1457099 -0.6922464 0.7067981 0.1457074 -0.6939395 0.7051365 0.2280194 -0.6693925 0.7070509 0.2280195 -0.6693923 0.707051 0.2280193 -0.6693925 0.7070509 0.2465911 -0.6327831 0.7340154 0.2465907 -0.6327833 0.7340153 0.246591 -0.6327831 0.7340153 0.356118 -0.7396414 0.571061 0.3561181 -0.7396413 0.571061 0.356118 -0.7396414 0.571061 0.3627933 -0.544395 0.756317 0.3627933 -0.544395 0.756317 0.3627933 -0.5443949 0.7563169 0.4064913 -0.5794842 0.706373 0.4064913 -0.5794842 0.706373 0.3347981 -0.6237978 0.7062482 0.3347982 -0.6237978 0.7062482 0.3347982 -0.6237978 0.7062482 0.4258424 -0.5656135 0.7062151 0.4258424 -0.5656133 0.7062152 0.4258424 -0.5656133 0.7062152 0.4699084 -0.5296332 0.706169 0.4700771 -0.5300319 0.7057576 0.4699186 -0.5296693 0.7061352 0.4696983 -0.5292994 0.7065591 0.5017723 -0.4980739 0.7072108 0.5016211 -0.4984915 0.7070237 0.5017494 -0.4981745 0.7071561 0.5059925 -0.4523956 0.7343772 0.5059924 -0.4523957 0.7343772 0.5059924 -0.4523957 0.7343772 0.5332904 -0.4649879 0.7066736 0.5332905 -0.4649879 0.7066736 0.5018874 -0.4978479 0.7072882 0.5540833 -0.43949 0.7069938 0.5540832 -0.4394902 0.7069938 0.5540834 -0.43949 0.7069939 0.5839636 -0.3998116 0.7064965 0.583983 -0.3998763 0.7064437 0.5840103 -0.3998646 0.7064279 0.5839954 -0.3998006 0.7064764 0.6262833 -0.3285382 0.7069879 0.626624 -0.3289135 0.7065114 0.6262343 -0.3285272 0.7070365 0.6259965 -0.3281982 0.7073997 0.6450918 -0.2873993 0.707996 0.6450917 -0.2873988 0.7079963 0.6450918 -0.2873989 0.7079962 0.6501478 -0.2488168 0.7179123 0.6501478 -0.2488169 0.7179123 0.6501479 -0.2488167 0.7179123 0.6620567 -0.2493838 0.7067452 0.6620566 -0.2493839 0.7067452 0.6620567 -0.2493838 0.7067452 0.6946967 -0.141602 0.7052272 0.6946967 -0.141602 0.7052272 0.6946967 -0.1416021 0.7052272 0.5672059 -0.1336901 0.8126527 0.5672059 -0.1336901 0.8126527 0.567206 -0.1336902 0.8126528 0.7008607 -0.09270662 0.7072481 0.7008607 -0.09270668 0.707248 0.7008607 -0.09270691 0.707248 0.7071074 0 0.7071062 0.7086125 0.02643334 0.7051027 0.7068423 0.02737516 0.7068414 0.7084262 0.02733594 0.7052553 0 0.7071204 0.7070932 0 0.7071121 0.7071014 3.28379e-4 0.7070876 0.7071259 0.02520024 0.6966013 0.7170159 0.02689713 0.7070675 0.7066344 0.02690416 0.707067 0.7066346 0.02689665 0.7070676 0.7066344 0.7090765 0.02749991 0.7045952 0.692945 0.1457282 0.7061095 0.6912878 0.1455996 0.7077584 0.6922175 0.1457031 0.7068278 0.6938759 0.1457244 0.7051955 0.6694249 0.2280103 0.7070231 0.669425 0.2280102 0.7070231 0.6694248 0.2280103 0.7070231 0.6328063 0.246604 0.733991 0.6328064 0.2466037 0.733991 0.6328063 0.2466037 0.733991 0.7396413 0.3561182 0.571061 0.7396414 0.356118 0.571061 0.7396413 0.3561182 0.571061 0.5443968 0.3627951 0.7563147 0.5443966 0.3627954 0.7563147 0.5443966 0.3627954 0.7563148 0.5795228 0.4065164 0.706327 0.5795229 0.4065163 0.706327 0.5795227 0.4065164 0.706327 0.6237836 0.334791 0.7062642 0.6237837 0.3347909 0.7062642 0.6237836 0.334791 0.7062642 0.5656144 0.4258381 0.7062169 0.5656144 0.4258381 0.7062169 0.5295514 0.4699256 0.7062191 0.5299897 0.4700882 0.7057819 0.52967 0.4699192 0.7061343 0.5292757 0.4696758 0.7065918 0.4981717 0.5017286 0.7071729 0.4984559 0.5015862 0.7070736 0.4982026 0.5017145 0.7071611 0.4523715 0.5059664 0.73441 0.4523717 0.5059663 0.73441 0.4523716 0.5059663 0.73441 0.4650042 0.5333558 0.7066136 0.465004 0.533356 0.7066136 0.4650041 0.5333559 0.7066136 0.4979157 0.5018656 0.7072558 0.4394859 0.5540703 0.7070066 0.439486 0.5540702 0.7070066 0.4394861 0.5540702 0.7070066 0.3998099 0.5839623 0.7064985 0.3999 0.5840029 0.706414 0.3998421 0.5839928 0.7064551 0.3997795 0.5839787 0.7065022 0.3285473 0.626298 0.7069708 0.3289033 0.6266077 0.7065305 0.3285266 0.6262319 0.7070388 0.3282116 0.626028 0.7073656 0.2873923 0.6451063 0.7079857 0.2873919 0.6451062 0.7079859 0.2873919 0.6451063 0.7079859 0.2488162 0.6501448 0.7179152 0.248816 0.6501449 0.7179152 0.2488158 0.650145 0.7179152 0.2494069 0.6621177 0.7066798 0.2494073 0.6621176 0.7066798 0.2494072 0.6621176 0.7066798 0.1416025 0.6947318 0.7051925 0.1416026 0.6947318 0.7051925 0.1416026 0.6947318 0.7051925 0.1336972 0.5672813 0.812599 0.1336973 0.5672813 0.812599 0.1336972 0.5672813 0.812599 0.09270274 0.7008883 0.7072212 0.0927028 0.7008883 0.7072213 0.09270286 0.7008883 0.7072212 0 0.7071041 0.7071095 -0.02649569 0.7086966 0.7050157 -0.02737361 0.7068575 0.7068262 -0.02733671 0.7084066 0.705275 -0.7071182 0 0.7070955 -0.6968065 0.02501326 0.7168229 -0.6968064 0.02501326 0.716823 -0.6968065 0.02501326 0.716823 -0.7071003 0.02689999 0.7066014 -0.7070999 0.02690804 0.7066016 -0.7071004 0.02689975 0.7066013 -0.02750122 0.7090409 0.7046309 -0.1457353 0.6929773 0.7060763 -0.1456041 0.6913214 0.7077248 -0.1457051 0.692281 0.7067653 -0.1457074 0.6939395 0.7051365 -0.2280242 0.669395 0.7070469 -0.2280241 0.669395 0.7070469 -0.2280241 0.6693952 0.7070469 -0.2465911 0.6327831 0.7340153 -0.2465907 0.6327833 0.7340153 -0.246591 0.6327831 0.7340153 -0.356118 0.7396414 0.571061 -0.3561181 0.7396413 0.571061 -0.356118 0.7396414 0.571061 -0.3627762 0.5443782 0.7563371 -0.3627762 0.5443781 0.7563372 -0.3627763 0.5443781 0.7563372 -0.4065144 0.5794982 0.7063484 -0.4065144 0.5794981 0.7063484 -0.3347932 0.6237879 0.7062593 -0.3347932 0.6237879 0.7062593 -0.3347932 0.623788 0.7062593 -0.4258418 0.5656137 0.7062153 -0.4258418 0.5656135 0.7062155 -0.4258418 0.5656135 0.7062154 -0.4699087 0.5296322 0.7061697 -0.4700564 0.5301111 0.7057119 -0.4699204 0.5296713 0.7061325 -0.4696773 0.5292772 0.7065897 -0.5017489 0.4980058 0.7072753 -0.5015739 0.4984806 0.7070648 -0.501719 0.4981947 0.7071635 -0.5060477 0.452441 0.7343112 -0.5060476 0.452441 0.7343112 -0.5060477 0.4524409 0.7343112 -0.5333595 0.465005 0.7066103 -0.5333595 0.4650051 0.7066102 -0.5333597 0.4650049 0.7066103 -0.5018623 0.497923 0.7072532 -0.554085 0.4394906 0.7069922 -0.5540849 0.4394907 0.7069922 -0.5540849 0.4394907 0.7069922 -0.5839599 0.3998074 0.7065019 -0.5840011 0.3998976 0.7064169 -0.5840101 0.3998647 0.7064279 -0.5839957 0.3998017 0.7064756 -0.6262832 0.3285378 0.7069882 -0.6266245 0.3289139 0.7065107 -0.626293 0.3285487 0.7069745 -0.6260218 0.3282089 0.7073724 -0.645136 0.2873772 0.7079646 -0.6451359 0.2873771 0.7079647 -0.6451359 0.2873769 0.7079648 -0.6501463 0.2488164 0.7179139 -0.6501462 0.2488164 0.7179139 -0.6501463 0.2488163 0.7179139 -0.6620611 0.2493855 0.7067404 -0.6620612 0.2493855 0.7067404 -0.6620612 0.2493854 0.7067404 -0.6947333 0.1416026 0.705191 -0.6947333 0.1416027 0.705191 -0.6947333 0.1416026 0.705191 -0.5672852 0.1336976 0.8125962 -0.5672852 0.1336977 0.8125962 -0.5672852 0.1336977 0.8125961 -0.7009257 0.09269785 0.7071849 -0.7009257 0.09269803 0.7071848 -0.7009257 0.09269797 0.7071848 -0.03888362 0.9992437 0 -0.03888362 0.9992438 0 -0.9992821 0.03788673 0 -0.9974322 0.05789375 -0.04215693 -0.9974322 0.05789369 -0.04215693 -0.9974323 0.05789375 -0.04215693 -0.9913685 0.1311056 0 -0.9913685 0.1311056 -2.07837e-7 -0.9913685 0.1311056 0 -0.9602113 0.2792745 0 -0.9671635 0.2280734 -0.1121497 -0.9357941 0.3525474 0 -0.9134262 0.4070043 0 -0.9134262 0.4070043 -3.18352e-7 -0.9134262 0.4070043 -1.61533e-7 -0.8854537 0.4646986 -0.005212008 -0.8854536 0.4646986 -0.005212008 -0.8854537 0.4646986 -0.005212008 -0.8504679 0.520879 -0.07341325 -0.8251522 0.5647246 -0.01449483 -0.8251522 0.5647246 -0.01449483 -0.8251522 0.5647246 -0.01449483 -0.7833328 0.6216027 0 -0.7833328 0.6216027 0 -0.7833328 0.6216027 0 -0.7454389 0.666574 0 -0.7087895 0.7042798 -0.04009377 -0.7087895 0.7042797 -0.04009383 -0.7087894 0.70428 -0.04009354 -0.6826581 0.7273704 -0.07007259 -0.6826583 0.7273704 -0.07007253 -0.6826583 0.7273704 -0.07007259 -0.6631656 0.7477805 -0.03218442 -0.6631656 0.7477805 -0.03218448 -0.6631657 0.7477805 -0.03218442 -0.601417 0.7989355 0 -0.601417 0.7989355 0 -0.601417 0.7989355 -1.28755e-7 -0.554664 0.8320745 0 -0.554664 0.8320745 -2.25195e-7 -0.554664 0.8320745 0 -0.4633499 0.8842887 -0.05779713 -0.4337408 0.9010378 0 -0.3223788 0.9466108 0 -0.3223788 0.9466108 0 -0.3223788 0.9466108 0 -0.2212021 0.9748067 -0.02866238 -0.2212022 0.9748067 -0.02866238 -0.2212023 0.9748067 -0.02866238 -0.2061418 0.9785221 0 -0.2061419 0.9785222 -1.36679e-7 -0.2061419 0.9785222 0 0.9992438 0.03888225 0 0.9992438 0.03888309 0 0.9992439 0.0388807 0 0.0378865 0.9992821 0 0.05795228 0.997415 -0.04248493 0.1312047 0.9913553 0 0.1312047 0.9913553 0 0.1312047 0.9913553 0 0.2792738 0.9602115 0 0.2280725 0.9671639 -0.1121474 0.3525468 0.9357942 0 0.4070214 0.9134187 0 0.4070215 0.9134187 -3.18338e-7 0.4070214 0.9134187 -1.61533e-7 0.4650598 0.8852625 -0.005459487 0.5208799 0.8504672 -0.07341504 0.5647238 0.8251527 -0.01449507 0.5647237 0.8251526 -0.01449507 0.5647238 0.8251528 -0.01449507 0.621462 0.7834444 0 0.621462 0.7834444 0 0.621462 0.7834444 0 0.7477588 0.6631883 -0.03221994 0.7477588 0.6631883 -0.03221994 0.7477588 0.6631882 -0.03221994 0.727371 0.6826578 -0.07007074 0.727371 0.6826577 -0.07007074 0.727371 0.6826577 -0.07007074 0.7042763 0.7087932 -0.04008978 0.7042764 0.7087931 -0.04008954 0.7042762 0.7087932 -0.04008996 0.6665729 0.74544 0 0.7989084 0.6014528 0 0.7989084 0.6014528 0 0.7989084 0.6014528 -1.2602e-7 0.8320702 0.5546705 0 0.8320702 0.5546705 0 0.8320702 0.5546705 0 0.8841956 0.463491 -0.05808937 0.8841956 0.463491 -0.05808937 0.8841956 0.463491 -0.05808937 0.9010386 0.4337391 0 0.9465933 0.3224301 0 0.9465933 0.3224301 0 0.9465933 0.3224301 0 0.9748067 0.2212024 -0.02866238 0.9748066 0.2212026 -0.02866238 0.9748067 0.2212024 -0.02866238 0.9785909 0.2058154 0 0.9992439 0.03887987 0 0.03888362 -0.9992437 0 0.9992821 -0.03788673 0 0.9974324 -0.05789375 -0.0421558 0.9974324 -0.05789375 -0.0421558 0.9974324 -0.05789375 -0.0421558 0.9913576 -0.1311879 0 0.9913576 -0.1311879 0 0.9913576 -0.1311879 0 0.9602111 -0.2792754 0 0.9671632 -0.2280747 -0.112149 0.9357941 -0.3525474 0 0.9134288 -0.4069986 0 0.9134288 -0.4069987 -3.1275e-7 0.9134288 -0.4069987 -1.58699e-7 0.8854537 -0.4646986 -0.005212008 0.8854536 -0.4646986 -0.005212008 0.8854537 -0.4646986 -0.005212008 0.8504679 -0.520879 -0.07341325 0.8250774 -0.5648353 -0.01443976 0.8250774 -0.5648354 -0.01443982 0.8250774 -0.5648354 -0.01443982 0.7833284 -0.6216083 0 0.7833284 -0.6216083 0 0.7833284 -0.6216083 0 0.7454389 -0.666574 0 0.7087858 -0.7042834 -0.04009664 0.7087863 -0.7042828 -0.04009759 0.7087861 -0.704283 -0.04009711 0.6827741 -0.727219 -0.07051378 0.6631656 -0.7477805 -0.03218442 0.6631656 -0.7477805 -0.03218448 0.6631657 -0.7477805 -0.03218442 0.6014191 -0.7989337 0 0.6014191 -0.7989337 0 0.6014191 -0.7989337 -1.28755e-7 0.5545765 -0.8321328 0 0.5545765 -0.8321328 0 0.5545765 -0.8321328 0 0.4633502 -0.8842885 -0.05779719 0.4337412 -0.9010375 0 0.3223788 -0.9466108 0 0.3223788 -0.9466108 0 0.3223788 -0.9466108 0 0.2212021 -0.9748066 -0.02866578 0.2212022 -0.9748066 -0.02866578 0.2212021 -0.9748066 -0.02866578 0.2058139 -0.9785912 0 0.03888362 -0.9992437 0 -0.9992437 -0.03888368 0 -0.9992438 -0.03888392 0 -0.9992438 -0.03888332 0 -0.03788644 -0.9992821 0 -0.05795222 -0.9974148 -0.04248762 -0.1313465 -0.9913365 0 -0.1313465 -0.9913365 0 -0.1313465 -0.9913365 0 -0.2792745 -0.9602113 0 -0.2280728 -0.9671638 -0.1121476 -0.3525475 -0.9357939 0 -0.4070045 -0.9134262 0 -0.4070045 -0.9134262 -3.2036e-7 -0.4070045 -0.9134262 -1.64139e-7 -0.4646986 -0.8854537 -0.005212008 -0.4646986 -0.8854537 -0.005212008 -0.4646986 -0.8854537 -0.005212008 -0.5208792 -0.8504677 -0.07341492 -0.5649068 -0.8250291 -0.01440477 -0.5649068 -0.8250291 -0.01440471 -0.5649068 -0.825029 -0.01440477 -0.6216078 -0.7833287 0 -0.6216078 -0.7833287 -2.48076e-7 -0.6216078 -0.7833287 0 -0.6665753 -0.7454378 0 -0.7042753 -0.7087944 -0.04008752 -0.7042749 -0.7087946 -0.04008817 -0.7042747 -0.7087948 -0.04008853 -0.7273254 -0.6826927 -0.07020282 -0.7273254 -0.6826928 -0.07020282 -0.7477592 -0.6631879 -0.03221923 -0.7477592 -0.6631878 -0.03221923 -0.7477592 -0.6631879 -0.03221917 -0.7989328 -0.6014203 0 -0.7989328 -0.6014203 0 -0.7989328 -0.6014203 -1.29512e-7 -0.8321295 -0.5545814 0 -0.8321295 -0.5545814 -1.93024e-7 -0.8321295 -0.5545814 0 -0.8841963 -0.46349 -0.05808717 -0.8841963 -0.46349 -0.05808717 -0.8841963 -0.46349 -0.05808717 -0.9010378 -0.4337409 0 -0.9466109 -0.3223787 0 -0.9466109 -0.3223786 0 -0.9466109 -0.3223787 0 -0.9748097 -0.2212016 -0.02856653 -0.9748096 -0.2212017 -0.02856653 -0.9748097 -0.2212017 -0.02856653 -0.9785913 -0.2058135 0 -0.9992439 -0.03888309 0 0 0 1 0 0 1 0 0 1 1.39969e-6 0 1 7.38786e-7 0 1 -6.27766e-7 0 1 -1.32276e-6 0 1 1.27122e-6 0 1 5.39602e-7 0 1 0 0 1 0 0 1 7.86833e-7 0 1 1.20429e-6 0 1 -3.36573e-7 0 1 2.50115e-7 0 1 3.62005e-7 0 1 1.75994e-7 0 1 0 0 1 0 0 1 0 0 1 0 0 1 0 0 1 0 0 1 -1.39972e-6 0 1 -7.38791e-7 0 1 6.27776e-7 0 1 1.32278e-6 0 1 -1.27124e-6 0 1 -5.39605e-7 0 1 0 0 1 0 0 1 -7.86832e-7 0 1 -1.20429e-6 0 1 3.36594e-7 0 1 -2.50096e-7 0 1 -3.62005e-7 0 1 -1.75993e-7 0 1 0 0 1 0 0 1 0 0 1 -0.9999999 4.79384e-4 0 -1 3.35569e-4 0 -0.03833276 0.9992651 0 -0.0388118 0.9992466 0 -0.0383327 0.9992651 0 -0.03881174 0.9992466 0 -0.2198086 0.9755431 0 -0.2198088 0.975543 0 -0.2198084 0.9755432 0 -0.2196679 0.9755747 5.74483e-7 -0.4616969 0.8870379 0 -0.4614421 0.8871704 0 -0.4616115 0.8870823 0 -0.4616111 0.8870825 0 -0.6813129 0.7319923 0 -0.6813133 0.7319919 0 -0.6813124 0.7319928 0 -0.680961 0.7323197 0 -0.8495504 0.5275074 0 -0.8495504 0.5275075 0 -0.8495505 0.5275075 0 -0.9581917 0.286127 0 -0.9582874 0.2858063 0 -0.9581921 0.2861262 0 -0.9582882 0.2858039 0 -0.9980107 0.06304663 0 -0.9979894 0.06338155 0 -0.9980107 0.06304663 0 -0.9999998 6.71137e-4 0 -0.9999998 6.71137e-4 0 4.79384e-4 0.9999999 0 3.35569e-4 1 0 0.9992595 0.03847616 0 0.9992595 0.03847616 0 0.9992595 0.03847616 0 0.9992651 0.03833246 7.8147e-7 0.9755429 0.2198096 0 0.975469 0.220137 0 0.9755429 0.2198096 0 0.8870828 0.4616105 0 0.8871272 0.4615251 0 0.8870826 0.4616109 0 0.8870824 0.4616112 0 0.7322215 0.6810666 0 0.7319931 0.6813121 0 0.7319927 0.6813126 0 0.7319924 0.6813127 0 0.5275077 0.8495503 0 0.5275076 0.8495503 0 0.5275079 0.8495502 0 0.527508 0.8495501 0 0.2862634 0.958151 0 0.2861257 0.9581922 0 0.2861256 0.9581921 0 0.2858039 0.9582881 0 0.06304675 0.9980106 0 0.06304681 0.9980106 0 0.06304675 0.9980106 0 0.06304681 0.9980106 0 6.71137e-4 0.9999998 0 7.67014e-4 0.9999998 0 0.9999999 -4.79384e-4 0 1 -3.35569e-4 0 0.03833276 -0.9992651 0 0.03833276 -0.9992651 0 0.03833276 -0.9992651 0 0.0388118 -0.9992466 0 0.2198085 -0.9755431 0 0.2201358 -0.9754692 0 0.2198086 -0.9755431 0 0.2198086 -0.9755431 0 0.4616115 -0.8870823 0 0.4615263 -0.8871266 0 0.4616115 -0.8870823 0 0.4616116 -0.8870822 0 0.680961 -0.7323197 0 0.681312 -0.7319931 0 0.680961 -0.7323197 0 0.680961 -0.7323197 0 0.8495507 -0.5275072 0 0.8495504 -0.5275075 0 0.8495508 -0.5275068 0 0.849551 -0.5275065 0 0.9582875 -0.2858059 0 0.9582874 -0.2858063 0 0.9581918 -0.286127 0 0.9581918 -0.2861266 0 0.9979894 -0.06338119 0 0.9979894 -0.06338155 0 0.9980106 -0.06304579 0 0.9980108 -0.0630455 0 0.9999998 -6.71137e-4 0 0.9999998 -6.71137e-4 0 -4.79384e-4 -0.9999999 0 -3.35569e-4 -1 0 -0.9992595 -0.03847616 0 -0.9992595 -0.03847616 0 -0.9992595 -0.03847616 0 -0.9992651 -0.03833246 7.81469e-7 -0.9755746 -0.2196684 0 -0.9754697 -0.2201343 0 -0.9754688 -0.2201378 0 -0.9754683 -0.2201396 0 -0.8870826 -0.4616109 0 -0.8871272 -0.4615251 0 -0.8871265 -0.4615265 0 -0.8871261 -0.4615272 0 -0.7322215 -0.6810666 0 -0.7319924 -0.6813127 0 -0.7319934 -0.6813118 0 -0.7323203 -0.6809603 1.60854e-7 -0.5275077 -0.8495503 0 -0.5275073 -0.8495505 0 -0.5275081 -0.8495501 0 -0.5275086 -0.8495497 0 -0.2862632 -0.9581511 0 -0.2858034 -0.9582883 0 -0.286126 -0.9581921 0 -0.2861264 -0.9581919 0 -0.06304675 -0.9980106 0 -0.06304681 -0.9980106 0 -0.06304669 -0.9980106 0 -0.06304663 -0.9980107 0 -6.71137e-4 -0.9999998 0 -6.71137e-4 -0.9999998 0 0 0 1 0 0 1 0 0 1 0 0 1 0 0 1 0 0 1 0 0 1 0 0 1 0 0 1 0 0 1 0 0 1 0 0 1 0 0 1 0 0 1 0 0 1 0 0 1 0 0 1 0 0 1 0 0 1 0 0 1 0 0 1 0 0 1 0 0 1 0 0 1 0 0 1 0 0 1 0 0 1 0 0 1 0 0 1 0 0 1 0 0 1 0 0 1 0 0 1 0 0 1 0 0 1 0 0 1 0 0 1 0 0 1 0 0 1 0 0 1 0 0 1 0 0 1 0 0 1 0 0 1 0 0 1 0 0 1 0 0 1 0 0 1 0 0 1 0 0 1 0 0 1 0 0 1 0 0 1 0 0 1 0 0 1 0 0 1 0 0 1 0 0 1 0 0 1 0 0 1 0 0 1 0 0 1 0 0 1 0 0 1 0 0 1 0 0 1 0 0 1 0 0 1 0.002816319 -0.176948 0.9842162 0.004576444 -0.1771285 0.9841771 -3.36549e-5 -0.1758126 0.9844237 -5.03066e-5 -0.1758129 0.9844236 0 -0.5391651 0.8422002 -0.005105257 -0.5432515 0.8395546 -4.58064e-4 -0.5404275 0.8413906 0 -0.5391651 0.8422001 0 -0.8421952 0.539173 0 -0.8421951 0.539173 0 -0.8422209 0.5391325 0 -0.8421951 0.5391729 -3.26738e-7 -0.9844281 0.1757879 2.33227e-6 -0.9844466 0.1756845 0 -0.9844297 0.1757796 0 -0.9844113 0.175882 0.5777053 -0.1749022 0.7972866 0.5776882 -0.1748967 0.7973001 0.5776865 -0.174896 0.7973016 0.01678991 -0.04666745 0.9987695 0.01678669 -0.04666864 0.9987695 0.01679092 -0.04666709 0.9987695 0.006893396 -0.04906606 0.9987719 0.006893932 -0.049066 0.9987719 0.006899237 -0.04906523 0.9987719 0.002202749 -0.04969066 0.9987623 0.002200543 -0.04969078 0.9987623 0.002197623 -0.0496909 0.9987623 0.01278918 -0.04796802 0.998767 0.01279163 -0.04796737 0.998767 0.01279264 -0.04796713 0.998767 0.2753958 -0.009599328 0.961283 0.2753959 -0.009599626 0.9612831 0.2753958 -0.009599566 0.961283 0.05073773 -0.003233134 0.9987069 0.05309087 -0.002300977 0.9985871 0.05136787 -0.002251863 0.9986773 0.2252939 -0.1590956 0.9612135 0.2252843 -0.1590878 0.961217 0.2253039 -0.1591029 0.9612099 0.2092885 -0.1792907 0.9612769 0.2092889 -0.1792901 0.9612769 0.209289 -0.1792901 0.9612769 0.4444106 -0.4123601 0.7952725 0.4470243 -0.4148253 0.7925209 0.4452784 -0.4133843 0.7942548 0.008605897 -0.01761567 0.9998078 0.008607745 -0.01761478 0.9998078 0.008607923 -0.01761472 0.9998078 0.2766499 -0.7224795 0.633631 0.276619 -0.7224913 0.633631 0.2766385 -0.7224839 0.633631 0.09859329 -0.2575799 0.9612139 0.09860467 -0.2576135 0.9612036 0.0985946 -0.2575882 0.9612115 0.07120817 -0.2664345 0.9612191 0.07120823 -0.2664346 0.9612191 0.07120895 -0.2664344 0.9612191 0.2074091 -0.951838 0.2258006 0.2074095 -0.951838 0.2258006 0.2074077 -0.9518383 0.2258006 0.003693878 -0.01577574 0.9998688 0.003692388 -0.01577609 0.9998688 0.00369513 -0.01577544 0.9998688 0.02800661 -0.1652561 0.985853 0.02799081 -0.1652588 0.985853 0.02800798 -0.1652559 0.985853 0.04599809 -0.2717901 0.9612567 0.04599791 -0.2717902 0.9612568 0.04599803 -0.2717901 0.9612567 0.0109995 -0.2762019 0.9610367 0.0109995 -0.276202 0.9610367 0.01099956 -0.276202 0.9610368 0.009099841 -0.1757896 0.9843858 0.5558812 -0.2351412 0.7973111 0.5559161 -0.2351081 0.7972964 0.5559067 -0.2351534 0.7972895 0.5777055 -0.1749012 0.7972868 0.2638992 -0.07989972 0.9612354 0.2638918 -0.07989758 0.9612375 0.2638664 -0.07989048 0.9612451 0.2705435 -0.05319166 0.9612372 0.2705435 -0.0531916 0.9612371 0.3077557 -0.06048518 0.9495409 0.3077524 -0.06050068 0.9495411 0.3077569 -0.06047904 0.949541 0.01687461 -0.002199053 0.9998552 0.0168749 -0.00219649 0.9998552 0.0168749 -0.002196669 0.9998552 0.3895984 -0.755299 0.5270072 0.3896025 -0.7553039 0.5269972 0.3895932 -0.7552922 0.5270206 0.4689882 -0.7086818 0.5270866 0.4689857 -0.7086766 0.5270957 0.4689887 -0.7086825 0.5270852 0.3331049 -0.5033578 0.7972906 0.3331602 -0.5033619 0.7972649 0.3330951 -0.5033408 0.7973054 0.3845034 -0.4653025 0.7972772 0.3844863 -0.4652828 0.7972968 0.3844837 -0.4652653 0.7973083 0.1756793 -0.2125884 0.9612195 0.1756928 -0.212592 0.9612163 0.1757159 -0.2126184 0.9612062 0.1944211 -0.1953209 0.9612753 0.1944201 -0.1953218 0.9612753 0.194421 -0.195321 0.9612753 0.02728486 -0.04147344 0.998767 0.02728271 -0.04147481 0.998767 0.02728289 -0.04147469 0.998767 0.02280247 -0.04409724 0.998767 0.02280074 -0.04409813 0.998767 0.02279782 -0.04409962 0.998767 0.1263927 -0.2450863 0.9612272 0.1263958 -0.2450919 0.9612253 0.1264067 -0.2451111 0.961219 0.09860229 -0.2576062 0.9612058 0.215798 -0.5636934 0.7972961 0.2157937 -0.5636874 0.7973016 0.2158023 -0.5637027 0.7972884 0.128749 -0.5908786 0.7964209 0.1288009 -0.5909936 0.7963272 0.1287521 -0.5909075 0.7963989 0.1287015 -0.5908159 0.7964752 0.02549922 -0.6038838 0.7966644 0.02549934 -0.6038839 0.7966644 0.02549934 -0.6038839 0.7966644 0.02461504 -0.5389862 0.8419549 0.02461504 -0.5389862 0.841955 0.02461504 -0.5389862 0.8419549 0.8132877 -0.2462998 0.5271618 0.8133054 -0.2463038 0.5271326 0.8133009 -0.2462996 0.5271415 0.8133244 -0.2463067 0.527102 0.7826825 -0.3310912 0.5270549 0.7826789 -0.331089 0.5270616 0.7826474 -0.3310792 0.5271144 0.7826628 -0.3310846 0.5270882 0.7426956 -0.4129976 0.5271019 0.7427076 -0.4130051 0.5270791 0.7427068 -0.4130047 0.5270805 0.6942598 -0.4901071 0.5270658 0.6943086 -0.4901062 0.5270024 0.6942694 -0.4901139 0.527047 0.7427402 -0.4130222 0.5270197 0.5275434 -0.2933461 0.7972742 0.5275614 -0.293379 0.7972502 0.5275414 -0.2933456 0.7972757 0.5559018 -0.2352009 0.797279 0.2540242 -0.1074096 0.9612154 0.2540182 -0.1074061 0.9612173 0.2539434 -0.1073846 0.9612395 0.2638751 -0.07989251 0.9612426 0.04746305 -0.01438766 0.9987695 0.04746407 -0.01438438 0.9987695 0.04746288 -0.01438832 0.9987695 0.04836273 -0.01099061 0.9987694 0.04836285 -0.01099002 0.9987694 0.04836159 -0.01099556 0.9987694 0.5413567 -0.6550596 0.5270958 0.5414003 -0.6551002 0.5270006 0.5413656 -0.6550644 0.5270807 0.623221 -0.578373 0.5263843 0.623187 -0.5783869 0.5264093 0.6232038 -0.5783528 0.5264268 0.6232305 -0.5783281 0.5264223 0.6942161 -0.4901118 0.5271191 0.4931097 -0.3481084 0.797285 0.4930958 -0.3480977 0.7972983 0.4930937 -0.3480952 0.7973006 0.5274958 -0.2932971 0.7973238 0.2410435 -0.1339964 0.9612196 0.2410857 -0.1339923 0.9612096 0.2410515 -0.1340007 0.9612169 0.2540493 -0.1074197 0.9612076 0.06329733 -0.02679723 0.997635 0.06329751 -0.02679669 0.997635 0.06329709 -0.02679783 0.9976349 0.01028603 -0.003695666 0.9999403 0.01028656 -0.003694176 0.9999403 0.01028645 -0.003694534 0.9999403 0.4689877 -0.708682 0.5270869 0.541303 -0.6550044 0.5272194 0.3844907 -0.4652681 0.7973032 0.4427797 -0.4106777 0.7970508 0.4429199 -0.411019 0.7967969 0.4931056 -0.3481048 0.7972891 0.2253126 -0.1591097 0.9612067 0.241014 -0.1340071 0.9612255 0.3038432 -0.7936711 0.5270347 0.3038033 -0.7937151 0.5269914 0.3037939 -0.793666 0.5270709 0.3896056 -0.7553076 0.5269896 0.2766945 -0.5364914 0.7972561 0.2766874 -0.5364761 0.7972688 0.2767066 -0.5365161 0.7972353 0.3331157 -0.5033242 0.7973073 0.15222 -0.2300264 0.961206 0.1521655 -0.2299506 0.9612327 0.1521824 -0.2299743 0.9612244 0.1757445 -0.2126341 0.9611975 0.02881771 -0.03499579 0.9989719 0.03333586 -0.03678643 0.998767 0.03094613 -0.03513324 0.9989034 0.03500032 -0.03520613 0.998767 0.01451241 -0.0138154 0.9997993 0.01451516 -0.01381254 0.9997993 0.01451545 -0.01381218 0.9997993 0.07238453 -0.06198906 0.9954485 0.07239133 -0.06198114 0.9954485 0.07238817 -0.06198483 0.9954485 0.03849452 -0.03119581 0.9987719 0.03956329 -0.02990818 0.9987695 0.03989529 -0.02946382 0.9987695 0.0415765 -0.02712738 0.998767 0.04251575 -0.02563029 0.998767 0.04340225 -0.02409815 0.998767 0.04340058 -0.02410119 0.998767 0.04469752 -0.02160155 0.998767 0.04469746 -0.02160167 0.998767 0.04469764 -0.02160131 0.998767 0.02580052 -0.03140014 0.9991739 0.03469818 -0.05240815 0.9980227 0.03470391 -0.0524044 0.9980227 0.03470021 -0.05240684 0.9980227 0.1522166 -0.2300222 0.9612075 0.1264063 -0.2451121 0.9612188 0.2767041 -0.5365061 0.7972428 0.2157124 -0.5637415 0.7972852 0.3038722 -0.7936487 0.5270518 0.181094 -0.8310359 0.525913 0.1811025 -0.8311073 0.5257971 0.1810966 -0.8310358 0.5259123 0.1810981 -0.8309928 0.5259797 0.03720062 -0.8494129 0.5264161 0.0372011 -0.8494128 0.5264164 0.037202 -0.8494127 0.5264161 0.03721195 -0.8416495 0.5387407 0.03721189 -0.8416495 0.5387407 0.03721183 -0.8416495 0.5387406 0.9938701 -0.0319997 -0.105822 0.9938701 -0.0319994 -0.105822 0.9938701 -0.03199928 -0.105822 0.9841637 -0.02379995 0.1756573 0.9841637 -0.02379977 0.1756573 0.9841637 -0.02379971 0.1756573 0.849512 -0.01989984 0.5271941 0.8475117 -0.0195288 0.5304176 0.8483021 -0.01912128 0.5291672 0.8420816 -0.01929223 0.5390051 0.6031921 -0.01500141 0.797455 0.603192 -0.01500123 0.797455 0.6031921 -0.01500099 0.797455 0.5389133 -0.01154309 0.8422822 0.5403911 -4.44536e-4 0.8414139 0.5432365 -0.00508809 0.8395643 0.3236153 -0.008300602 0.9461524 0.3236153 -0.008301317 0.9461524 0.3236153 -0.008300542 0.9461524 0.1758056 -9.9903e-5 0.984425 0.1758062 -3.33565e-5 0.9844248 0.1758061 -4.96488e-5 0.9844249 0.0185979 -1.99281e-4 0.999827 0.0185979 -2.01539e-4 0.999827 0.0185979 -2.01361e-4 0.999827 0.04950553 -0.00370109 0.998767 0.04937082 -0.005197882 0.998767 0.2741109 -0.02880126 0.9612668 0.2741109 -0.02880084 0.9612668 0.2741109 -0.02880138 0.9612668 0.9649314 -0.1453027 0.2186194 0.9649314 -0.1453027 0.2186195 0.9649315 -0.1453029 0.2186195 0.5976181 -0.09000188 0.7967134 0.5978025 -0.09005075 0.7965696 0.5978188 -0.09008026 0.7965541 0.5980015 -0.0901004 0.7964146 0.8408234 -0.1266037 0.5262962 0.8408911 -0.1266484 0.5261773 0.8409262 -0.1266545 0.5261197 0.841014 -0.1267021 0.5259679 0.8254659 -0.1243954 0.5505743 0.8254662 -0.1243936 0.5505742 0.825466 -0.1243951 0.5505743 0.9694645 -0.1602944 0.185592 0.9694645 -0.1602944 0.185592 0.9694646 -0.1602941 0.185592 0.9468284 -0.2625098 0.1860235 0.9468284 -0.2625095 0.1860237 0.9468283 -0.2625101 0.1860235 0.8742468 -0.264788 0.4069152 0.8742467 -0.2647882 0.4069152 0.8742469 -0.2647874 0.4069153 0.9322931 -0.3122983 0.1824812 0.9323599 -0.3121013 0.1824768 0.9322932 -0.3122977 0.1824816 0.9055833 -0.3829932 0.1823052 0.9055839 -0.382992 0.1823053 0.9055827 -0.3829944 0.1823053 0.7504703 -0.3566863 -0.5563895 0.7504706 -0.3566856 -0.5563895 0.7504703 -0.3566862 -0.5563895 0.8231173 -0.4577099 0.3361248 0.8231173 -0.4577097 0.3361248 0.8231173 -0.4577096 0.3361248 0.8224797 -0.5685863 -0.01538598 0.8224793 -0.5685869 -0.0153861 0.8224792 -0.5685871 -0.0153861 0.8037785 -0.5674859 0.1786055 0.8037794 -0.5674847 0.1786056 0.8037791 -0.567485 0.1786056 0.73537 -0.6537598 0.1784075 0.7353187 -0.6538177 0.1784066 0.735319 -0.6538174 0.1784065 0.6148558 -0.5706752 0.5443182 0.6148558 -0.5706751 0.5443183 0.6148558 -0.570675 0.5443183 0.6798439 -0.7091658 0.1868052 0.6798439 -0.7091657 0.1868053 0.679844 -0.7091658 0.1868052 0.625884 -0.7573261 0.1863509 0.6258839 -0.7573261 0.1863509 0.5556926 -0.7190884 -0.4172741 0.5556926 -0.7190884 -0.4172741 0.5556927 -0.7190883 -0.4172741 0.5058954 -0.7644889 0.399533 0.5058951 -0.7644891 0.399533 0.5058951 -0.7644891 0.399533 0.5149884 -0.8366912 0.1863732 0.5149883 -0.8366913 0.186373 0.5149884 -0.8366912 0.1863733 0.4503975 -0.8731932 0.1862145 0.4503974 -0.8731933 0.1862145 0.4503977 -0.873193 0.1862145 0.3570089 -0.7666216 -0.5337004 0.3570095 -0.7666213 -0.5337004 0.3570095 -0.7666213 -0.5337005 0.3303848 -0.8629615 0.3822873 0.3303859 -0.862961 0.3822873 0.3303855 -0.8629612 0.3822872 0.3144061 -0.9306123 0.1873757 0.3144056 -0.9306124 0.187376 0.3144067 -0.9306121 0.1873756 0.2091962 -0.9598855 0.1866999 0.2091959 -0.9598856 0.1866993 0.2091974 -0.9598852 0.1866996 0.2087121 -0.954023 0.2151268 0.2087121 -0.954023 0.2151268 0.2087122 -0.954023 0.2151268 0.04430639 -0.9874722 0.151445 0.04450309 -0.9834592 0.1755781 0.04450297 -0.9834591 0.175578 0.04450261 -0.9834592 0.1755781 0.1769416 0.002804517 0.9842174 0.1771367 0.004593074 0.9841756 0.5391233 0 0.8422269 0.5390425 0 0.8422787 0.8422321 0 0.5391153 0.8422061 0 0.5391557 0.8422061 0 0.5391557 0.8422321 0 0.5391153 0.984426 -3.33632e-7 0.1757993 0.9844261 3.32058e-7 0.1757993 0.9844261 0 0.1757993 0.984426 0 0.1757993 0.1748965 0.5776888 0.7972998 0.1749007 0.5777031 0.7972885 0.1748998 0.5777005 0.7972906 0.04666709 0.01678967 0.9987695 0.04666745 0.01678872 0.9987695 0.04666674 0.01679068 0.9987695 0.04906713 0.006893694 0.9987718 0.0490669 0.006895422 0.9987718 0.04906719 0.006893694 0.9987718 0.0496906 0.002204 0.9987623 0.04969084 0.002199351 0.9987623 0.0496909 0.002197563 0.9987623 0.04796802 0.01278918 0.998767 0.04796737 0.01279163 0.998767 0.04796713 0.01279264 0.998767 0.009602427 0.2753658 0.9612916 0.009602189 0.2753658 0.9612916 0.009601831 0.2753658 0.9612917 0.003233194 0.05073773 0.9987069 0.002300977 0.05308872 0.9985873 0.002251744 0.05136585 0.9986774 0.1590986 0.2252976 0.9612122 0.159101 0.2253016 0.9612107 0.1591145 0.2253198 0.9612042 0.1792773 0.2092736 0.9612826 0.1792773 0.2092737 0.9612826 0.179277 0.2092739 0.9612826 0.4123684 0.4443603 0.7952964 0.4148 0.4469 0.7926042 0.4133881 0.4451631 0.7943174 0.01761585 0.008605957 0.9998078 0.01761496 0.008607804 0.9998078 0.01761484 0.008608043 0.9998078 0.7251158 0.2776569 0.6301696 0.7251289 0.2776263 0.6301681 0.7251228 0.2776463 0.6301664 0.2575899 0.09859591 0.9612109 0.2575878 0.09859597 0.9612115 0.2576051 0.09860217 0.9612061 0.2664198 0.07120388 0.9612235 0.2664197 0.07120394 0.9612235 0.2664196 0.0712046 0.9612235 0.9518169 0.2074054 0.2258931 0.9518173 0.2074033 0.2258931 0.9518172 0.2074039 0.2258931 0.01577574 0.003693878 0.9998688 0.01577609 0.003692388 0.9998688 0.01577544 0.00369513 0.9998688 0.1653547 0.02799093 0.985837 0.1653546 0.02799165 0.985837 0.1653544 0.02799272 0.9858369 0.2717974 0.0459991 0.9612546 0.2717974 0.04599922 0.9612546 0.2717974 0.04599952 0.9612546 0.2761911 0.01100009 0.9610398 0.2761911 0.01099991 0.9610398 0.2761911 0.01100009 0.9610399 0.1757913 0.009099602 0.9843854 0.2351547 0.5559594 0.7972524 0.2351041 0.5559108 0.7973013 0.235148 0.5559438 0.7972654 0.1748957 0.5776876 0.7973009 0.07989341 0.2638785 0.9612416 0.07990717 0.2639251 0.9612275 0.07988733 0.2638552 0.9612485 0.05319708 0.2704795 0.9612549 0.05319708 0.2704796 0.9612549 0.0531972 0.2704796 0.9612549 0.06056648 0.3084843 0.9492993 0.06058192 0.3084812 0.9492993 0.0605902 0.3084796 0.9492993 0.002195894 0.01687502 0.9998552 0.00219655 0.0168749 0.9998552 0.002196729 0.0168749 0.9998552 0.7552691 0.3895799 0.5270639 0.7553086 0.3896061 0.5269877 0.7552742 0.3895844 0.5270531 0.7086814 0.4689884 0.5270871 0.7086765 0.4689859 0.5270956 0.7086719 0.4689826 0.5271047 0.5033434 0.3330958 0.7973034 0.5032953 0.3331136 0.7973264 0.5033393 0.3330943 0.7973066 0.4652958 0.3844975 0.7972838 0.4653032 0.3845044 0.7972763 0.4652456 0.3844766 0.7973234 0.2126112 0.1757151 0.9612079 0.2125975 0.175697 0.9612143 0.2125871 0.1756891 0.9612181 0.1954016 0.1944018 0.9612629 0.1954016 0.1944018 0.9612629 0.1954018 0.1944016 0.9612629 0.04147315 0.02728462 0.998767 0.04147458 0.02728247 0.998767 0.04147446 0.02728265 0.998767 0.04409623 0.02280199 0.998767 0.04409712 0.0228002 0.998767 0.04409861 0.02279734 0.998767 0.2451198 0.1264106 0.9612163 0.2451174 0.1264094 0.961217 0.2451354 0.1264198 0.9612111 0.2576156 0.09860575 0.961203 0.5636926 0.2157983 0.7972967 0.5636981 0.2157994 0.7972924 0.5636805 0.2157899 0.7973074 0.5908622 0.1287446 0.7964338 0.5909773 0.1287934 0.7963405 0.5908745 0.1287444 0.7964248 0.5908201 0.1287037 0.7964717 0.6038715 0.0254991 0.7966738 0.6038714 0.02549952 0.7966738 0.6038715 0.0254997 0.7966737 0.5389906 0.02459239 0.8419527 0.5389906 0.02459239 0.8419527 0.5389906 0.02459228 0.8419528 0.2463074 0.8133212 0.5271066 0.2462949 0.8133431 0.5270786 0.2463031 0.8133585 0.5270512 0.2463026 0.8134084 0.5269742 0.3311029 0.7827051 0.5270138 0.3310996 0.7827031 0.5270188 0.3310911 0.7826763 0.527064 0.3310869 0.7826694 0.5270769 0.4129998 0.7427005 0.5270931 0.4130056 0.7427119 0.5270727 0.4129976 0.7426949 0.5271028 0.4901041 0.6942063 0.5271391 0.4900981 0.6942001 0.5271529 0.4900979 0.6941996 0.5271537 0.4129917 0.742682 0.5271256 0.2934002 0.5275506 0.7972495 0.293382 0.527567 0.7972452 0.2933885 0.5275281 0.7972688 0.2351951 0.5559892 0.7972198 0.1074133 0.2540329 0.9612126 0.1074004 0.2539988 0.9612231 0.1074047 0.2540135 0.9612188 0.07989948 0.2638982 0.9612356 0.01438748 0.04746311 0.9987695 0.01438486 0.04746389 0.9987695 0.01438748 0.04746311 0.9987695 0.01099234 0.04836231 0.9987694 0.01099067 0.04836273 0.9987694 0.01099556 0.04836159 0.9987694 0.6550606 0.5413652 0.5270857 0.6550588 0.5413641 0.5270891 0.6550765 0.5413841 0.5270466 0.5783438 0.6231933 0.5264492 0.578393 0.6231924 0.5263961 0.5783488 0.6231996 0.5264362 0.5782911 0.6231908 0.52651 0.4901154 0.6942211 0.527109 0.3480983 0.4930984 0.7972964 0.3481126 0.4931156 0.7972795 0.3481092 0.4931124 0.7972831 0.2934095 0.5275193 0.7972667 0.1340092 0.2410679 0.9612116 0.1340017 0.2411031 0.9612039 0.1340105 0.241069 0.9612112 0.1074066 0.2540162 0.9612178 0.02679723 0.0632987 0.9976348 0.02679675 0.06329888 0.9976348 0.02679783 0.06329846 0.9976348 0.003695607 0.01028591 0.9999403 0.003694176 0.01028645 0.9999403 0.003694474 0.01028633 0.9999403 0.7086716 0.4689822 0.5271057 0.6550596 0.5413651 0.527087 0.4652062 0.3844839 0.7973428 0.4110305 0.4428695 0.796819 0.4110482 0.4428979 0.7967941 0.3480942 0.493093 0.7973017 0.1590839 0.225278 0.9612191 0.1339985 0.2409979 0.9612308 0.7936713 0.3038426 0.5270348 0.7936819 0.3038017 0.5270425 0.7936846 0.3037945 0.5270427 0.755255 0.3895743 0.5270881 0.5364884 0.276695 0.7972579 0.5364934 0.2766957 0.7972543 0.5364995 0.2766979 0.7972494 0.5033753 0.3330833 0.7972885 0.2300097 0.1522069 0.961212 0.2298541 0.1520982 0.9612665 0.2299547 0.1521688 0.9612313 0.2126025 0.175702 0.9612123 0.03499579 0.02881801 0.9989719 0.03678655 0.03333544 0.998767 0.03513336 0.03094571 0.9989034 0.03520625 0.0350002 0.998767 0.01377975 0.01448035 0.9998002 0.01377964 0.01448047 0.9998002 0.01377928 0.01448076 0.9998002 0.06198918 0.07238447 0.9954486 0.06198114 0.07239133 0.9954486 0.06198519 0.07238787 0.9954486 0.0311957 0.03849428 0.9987719 0.02990812 0.03956317 0.9987695 0.02946358 0.03989529 0.9987695 0.02712756 0.0415765 0.998767 0.02563053 0.04251569 0.998767 0.02409732 0.04340302 0.998767 0.02410036 0.04340136 0.998767 0.02149939 0.04469347 0.9987695 0.02149969 0.04469329 0.9987695 0.02149713 0.04469454 0.9987695 0.03140014 0.02580076 0.9991739 0.05240815 0.03469818 0.9980227 0.0524044 0.03470391 0.9980227 0.05240684 0.03470021 0.9980227 0.2300067 0.1522049 0.9612132 0.2451446 0.1264237 0.9612082 0.5364708 0.2766851 0.7972732 0.5637422 0.2157111 0.7972851 0.7936831 0.30369 0.5271049 0.8310189 0.1810918 0.5259405 0.8310656 0.1810939 0.5258661 0.8310315 0.181096 0.5259192 0.8309888 0.1810976 0.525986 0.8494942 0.03720015 0.526285 0.8494942 0.03719949 0.526285 0.8494942 0.03720039 0.5262851 0.841628 0.03720575 0.5387747 0.8416281 0.03720575 0.5387747 0.8416281 0.03720575 0.5387747 0.03199958 0.9938693 -0.1058293 0.03199923 0.9938693 -0.1058293 0.0319997 0.9938694 -0.1058292 0.02380019 0.9841322 0.175834 0.02380037 0.9841322 0.175834 0.02380025 0.9841322 0.175834 0.01990008 0.8494954 0.5272209 0.01952368 0.8475171 0.530409 0.01910978 0.8483352 0.5291147 0.01929759 0.8420871 0.5389963 0.01499986 0.603178 0.7974656 0.01499992 0.603178 0.7974656 0.01499992 0.6031779 0.7974656 0.01149642 0.5390951 0.8421666 4.57828e-4 0.5404273 0.8413906 0.005105257 0.5432517 0.8395544 0.008300423 0.3237175 0.9461174 0.008301198 0.3237175 0.9461174 0.008299589 0.3237175 0.9461174 9.9903e-5 0.1757962 0.9844266 3.33564e-5 0.1757915 0.9844274 4.9649e-5 0.1757916 0.9844275 1.99272e-4 0.0185979 0.999827 2.01539e-4 0.0185979 0.999827 2.01358e-4 0.0185979 0.999827 0.00370115 0.04950553 0.998767 0.005198001 0.04937082 0.998767 0.0288012 0.2741098 0.961267 0.02880024 0.27411 0.9612671 0.02880138 0.2741099 0.9612671 0.1453089 0.9649376 0.2185881 0.1453087 0.9649377 0.2185881 0.1453085 0.9649377 0.218588 0.09000295 0.5976253 0.796708 0.09005033 0.5978016 0.7965703 0.09007579 0.5978286 0.7965472 0.09010028 0.5980021 0.7964142 0.1265965 0.8407755 0.5263745 0.126644 0.8408615 0.5262256 0.1266459 0.8408787 0.5261976 0.1267011 0.8410097 0.5259749 0.1243941 0.8254623 0.5505799 0.1243941 0.8254623 0.5505799 0.1243947 0.8254622 0.55058 0.1602918 0.9694608 0.1856135 0.1602916 0.9694609 0.1856135 0.1602913 0.969461 0.1856134 0.2625094 0.9468308 0.1860116 0.2625093 0.9468309 0.1860112 0.2625091 0.9468309 0.1860114 0.2647885 0.8742644 0.4068772 0.2647883 0.8742644 0.4068772 0.2647886 0.8742642 0.4068772 0.3122975 0.9322872 0.1825131 0.3121164 0.9323488 0.1825079 0.3122956 0.9322877 0.1825138 0.3829945 0.9055863 0.1822875 0.382994 0.9055864 0.1822884 0.3829948 0.9055861 0.182288 0.3566945 0.7504903 -0.5563572 0.3566945 0.7504904 -0.5563573 0.3566945 0.7504903 -0.5563573 0.4577235 0.8231425 0.3360441 0.4577244 0.8231421 0.3360441 0.4577242 0.8231422 0.3360441 0.5685861 0.8224816 -0.01529818 0.5685873 0.8224808 -0.01529812 0.5685879 0.8224803 -0.0152983 0.567497 0.803795 0.1784963 0.5674962 0.8037955 0.1784964 0.5674961 0.8037956 0.1784965 0.6537559 0.7353737 0.1784062 0.6538173 0.7353194 0.1784052 0.653817 0.7353197 0.1784052 0.5706972 0.6148587 0.5442917 0.5706973 0.6148588 0.5442917 0.5706971 0.6148588 0.5442917 0.7091481 0.6799054 0.1866485 0.7091482 0.6799053 0.1866486 0.7091482 0.6799053 0.1866485 0.7572641 0.6259251 0.1864643 0.7572641 0.6259251 0.1864643 0.7190794 0.5556836 -0.4173015 0.7190798 0.5556833 -0.4173014 0.7190794 0.5556837 -0.4173015 0.7644929 0.5059957 0.3993986 0.764493 0.5059953 0.3993985 0.7644929 0.5059956 0.3993986 0.8366883 0.5149886 0.1863855 0.8366878 0.5149896 0.1863855 0.8366879 0.5149894 0.1863853 0.8732023 0.4503986 0.1861688 0.8732028 0.4503979 0.1861687 0.8732022 0.450399 0.1861687 0.7666288 0.3570121 -0.5336878 0.7666286 0.3570124 -0.5336879 0.7666288 0.357012 -0.5336879 0.8629749 0.3303923 0.3822504 0.8629748 0.3303926 0.3822504 0.8629748 0.3303922 0.3822504 0.9306096 0.314403 0.1873944 0.9306092 0.3144041 0.1873943 0.9306094 0.3144035 0.1873944 0.9599079 0.2092014 0.1865787 0.959908 0.209201 0.1865787 0.9599081 0.2092007 0.1865787 0.9540147 0.2087061 0.2151691 0.9540147 0.2087062 0.2151691 0.9540147 0.2087062 0.2151691 0.9874806 0.04430574 0.1513906 0.9834583 0.04449838 0.1755839 0.9834583 0.0444982 0.175584 0.9834583 0.0444979 0.175584 -0.0028041 0.1769422 0.9842174 -0.004592716 0.1771377 0.9841754 0 0.5391248 0.842226 0 0.5392056 0.8421743 0 0.8422209 0.5391326 0 0.8421952 0.539173 0 0.8421951 0.5391729 0 0.8421952 0.539173 3.26738e-7 0.9844281 0.1757879 -2.33227e-6 0.9844466 0.1756845 0 0.9844297 0.1757796 0 0.9844113 0.175882 -0.5776922 0.1748983 0.797297 -0.5776882 0.1748967 0.7973001 -0.5776872 0.1748963 0.7973011 -0.01678991 0.04666745 0.9987694 -0.01678824 0.04666805 0.9987694 -0.01679229 0.04666662 0.9987694 -0.006893455 0.04906606 0.9987719 -0.006894111 0.049066 0.9987719 -0.006894648 0.04906588 0.9987719 -0.00219798 0.0496909 0.9987623 -0.002200424 0.04969078 0.9987623 -0.002197623 0.0496909 0.9987623 -0.01279056 0.04796767 0.998767 -0.01279097 0.04796755 0.998767 -0.01279264 0.04796713 0.998767 -0.2754023 0.009598612 0.9612812 -0.2754024 0.009599268 0.9612812 -0.2754023 0.00959897 0.9612811 -0.05073773 0.003233194 0.9987069 -0.05309081 0.002301037 0.9985871 -0.05136787 0.002251863 0.9986773 -0.2252893 0.1590918 0.9612151 -0.225324 0.1591176 0.9612028 -0.2253068 0.1591046 0.9612089 -0.2092895 0.1792915 0.9612765 -0.2092899 0.179291 0.9612765 -0.2092895 0.1792914 0.9612765 -0.4444118 0.4123609 0.7952715 -0.4470173 0.414816 0.7925297 -0.4452663 0.4133686 0.7942697 -0.008605897 0.01761567 0.9998078 -0.008607745 0.01761478 0.9998078 -0.008607923 0.01761472 0.9998078 -0.2771616 0.7242317 0.6314032 -0.2772007 0.7242167 0.6314032 -0.2771505 0.724236 0.6314032 -0.09860217 0.2576077 0.9612055 -0.09860843 0.2576221 0.961201 -0.09859812 0.2575958 0.9612091 -0.07120829 0.2664344 0.9612191 -0.07120829 0.2664346 0.9612191 -0.07120889 0.2664344 0.9612191 -0.2073977 0.9517964 0.2259865 -0.2074005 0.9517958 0.2259865 -0.2074012 0.9517956 0.2259865 -0.003693938 0.01577574 0.9998688 -0.003692448 0.01577609 0.9998688 -0.00369513 0.01577544 0.9998688 -0.02800655 0.1652561 0.985853 -0.02799087 0.1652588 0.985853 -0.02800798 0.1652559 0.985853 -0.04599881 0.2717956 0.9612551 -0.04599899 0.2717956 0.9612551 -0.04599916 0.2717956 0.9612551 -0.01100128 0.2761091 0.9610635 -0.01100134 0.2761092 0.9610633 -0.01100146 0.2761091 0.9610633 -0.009101152 0.1758178 0.9843807 -0.5558951 0.2351481 0.7972993 -0.5558909 0.2350959 0.7973175 -0.5558815 0.2351415 0.7973107 -0.577693 0.1748979 0.7972965 -0.2638499 0.07988482 0.9612501 -0.2638391 0.07988268 0.9612532 -0.2639026 0.07990086 0.9612343 -0.2705733 0.05319613 0.9612286 -0.2705733 0.05319601 0.9612286 -0.2705733 0.05319619 0.9612286 -0.3077557 0.06048518 0.9495409 -0.3077524 0.06050068 0.9495411 -0.3077569 0.06047904 0.949541 -0.01687461 0.002199053 0.9998552 -0.0168749 0.00219655 0.9998552 -0.0168749 0.002196729 0.9998552 -0.3895962 0.7552966 0.5270124 -0.3895997 0.7553007 0.5270038 -0.389605 0.7553071 0.5269907 -0.468988 0.7086819 0.5270866 -0.4689857 0.7086765 0.5270959 -0.4689877 0.7086803 0.527089 -0.3331014 0.5033514 0.7972961 -0.3331595 0.5033649 0.7972632 -0.3330968 0.5033434 0.797303 -0.3845025 0.4652999 0.7972791 -0.3844833 0.4652817 0.797299 -0.3844794 0.465253 0.7973176 -0.1756793 0.2125884 0.9612195 -0.1757045 0.2126052 0.9612113 -0.1756967 0.2125966 0.9612146 -0.194396 0.1952963 0.9612854 -0.1943958 0.1952964 0.9612854 -0.1943961 0.1952962 0.9612854 -0.0272848 0.04147344 0.998767 -0.02728271 0.04147481 0.998767 -0.02728283 0.04147475 0.998767 -0.02280247 0.04409724 0.998767 -0.02280074 0.04409813 0.998767 -0.02279782 0.04409962 0.998767 -0.1264142 0.2451261 0.9612142 -0.1263949 0.2450919 0.9612254 -0.1264059 0.2451111 0.9612191 -0.09859663 0.2575895 0.9612109 -0.2157979 0.5636954 0.7972947 -0.2158014 0.5637019 0.7972891 -0.2157914 0.5636832 0.7973051 -0.1287513 0.5909155 0.7963931 -0.1288006 0.5909926 0.796328 -0.1287541 0.5909235 0.7963867 -0.1286984 0.5907937 0.796492 -0.0254988 0.603883 0.7966651 -0.02549922 0.603883 0.796665 -0.0254994 0.603883 0.796665 -0.02461504 0.5389862 0.8419549 -0.02461504 0.5389862 0.841955 -0.02461504 0.5389862 0.8419549 -0.8132882 0.2462996 0.5271613 -0.8133054 0.2463034 0.5271329 -0.81331 0.2463033 0.5271259 -0.8133331 0.2463099 0.5270871 -0.7826669 0.3310864 0.5270811 -0.7826641 0.331085 0.5270861 -0.7826615 0.3310841 0.5270904 -0.782654 0.3310815 0.5271032 -0.7426869 0.4129936 0.5271173 -0.7427217 0.4130119 0.5270537 -0.7427214 0.4130116 0.5270545 -0.6942369 0.4901407 0.5270648 -0.6942692 0.4901772 0.5269882 -0.694253 0.4901527 0.5270323 -0.7427319 0.4130184 0.5270344 -0.527544 0.2933465 0.7972737 -0.5275631 0.2933794 0.7972489 -0.527543 0.2933461 0.7972745 -0.5559158 0.235208 0.797267 -0.2540243 0.1074097 0.9612153 -0.2540182 0.1074061 0.9612173 -0.2539434 0.1073847 0.9612395 -0.26387 0.07989096 0.961244 -0.04746311 0.01438754 0.9987695 -0.04746401 0.01438456 0.9987695 -0.04746335 0.01438671 0.9987695 -0.04836249 0.01099151 0.9987695 -0.04836279 0.01099032 0.9987695 -0.04836159 0.01099556 0.9987695 -0.5413571 0.6550593 0.5270957 -0.5413908 0.6550918 0.5270207 -0.5413564 0.6550563 0.5271002 -0.6231961 0.578397 0.5263872 -0.6231865 0.5783864 0.5264104 -0.6231973 0.5783963 0.5263866 -0.6231988 0.5783985 0.5263826 -0.6942161 0.4901118 0.5271191 -0.4931098 0.3481083 0.7972851 -0.4930952 0.3480973 0.7972989 -0.493093 0.3480948 0.7973012 -0.5274962 0.2932975 0.7973233 -0.2410359 0.1339924 0.9612221 -0.2410936 0.1339961 0.961207 -0.2410588 0.1340048 0.9612146 -0.2540066 0.1074029 0.9612208 -0.06329733 0.02679723 0.997635 -0.06329751 0.02679669 0.997635 -0.06329709 0.02679783 0.9976349 -0.01028603 0.003695666 0.9999403 -0.01028656 0.003694176 0.9999403 -0.01028645 0.003694534 0.9999403 -0.4689872 0.7086793 0.5270909 -0.5413031 0.655005 0.5272187 -0.3844797 0.4651751 0.7973629 -0.4428701 0.4109186 0.7968764 -0.44292 0.4110195 0.7967966 -0.4931056 0.3481048 0.7972891 -0.2253077 0.1591058 0.9612086 -0.2410467 0.1340242 0.9612149 -0.3038365 0.7936363 0.5270912 -0.3038098 0.7936128 0.5271417 -0.3037985 0.7936424 0.5271038 -0.389602 0.7553033 0.5269985 -0.2767012 0.5365027 0.7972462 -0.2766847 0.5364698 0.7972741 -0.276703 0.5365082 0.7972418 -0.3331124 0.5033189 0.797312 -0.1521923 0.2299898 0.9612191 -0.1522082 0.230012 0.9612114 -0.152095 0.2298462 0.9612689 -0.1757069 0.2126063 0.9612106 -0.02881783 0.03499567 0.9989719 -0.03333592 0.03678643 0.998767 -0.03094619 0.03513324 0.9989034 -0.03500026 0.03520619 0.998767 -0.01451247 0.01381534 0.9997993 -0.01451516 0.01381254 0.9997993 -0.01451551 0.01381218 0.9997993 -0.07238441 0.06198918 0.9954485 -0.07239127 0.0619812 0.9954485 -0.07238793 0.06198513 0.9954485 -0.03849446 0.03119593 0.9987719 -0.03956323 0.02990818 0.9987695 -0.03989529 0.02946376 0.9987695 -0.0415765 0.02712738 0.998767 -0.04251569 0.02563029 0.998767 -0.04340279 0.02409714 0.998767 -0.04340112 0.02410018 0.998767 -0.04469919 0.02159816 0.998767 -0.04469805 0.02160042 0.998767 -0.04469752 0.02160155 0.998767 -0.0258007 0.03139996 0.9991739 -0.0346983 0.05240809 0.9980227 -0.03470414 0.05240422 0.9980227 -0.03470021 0.05240684 0.9980227 -0.1521893 0.2299861 0.9612205 -0.1264059 0.2451114 0.9612191 -0.2767083 0.5365163 0.7972346 -0.2157118 0.563743 0.7972843 -0.3038632 0.7936486 0.527057 -0.1810971 0.8310417 0.5259028 -0.1810939 0.831091 0.5258259 -0.1810976 0.8310406 0.5259044 -0.1810995 0.8309965 0.5259733 -0.03720051 0.8494125 0.526417 -0.0372014 0.8494119 0.5264178 -0.03720086 0.8494122 0.5264174 -0.03721165 0.8416489 0.5387416 -0.03721171 0.8416488 0.5387415 -0.03721177 0.8416488 0.5387416 -0.9938729 0.03199976 -0.1057958 -0.9938729 0.03199946 -0.1057958 -0.9938729 0.03199934 -0.1057958 -0.9841593 0.02379864 0.1756823 -0.9841592 0.02379947 0.1756823 -0.9841592 0.02379935 0.1756823 -0.8494999 0.01990026 0.5272134 -0.8475113 0.0195257 0.5304181 -0.8483164 0.01913064 0.5291441 -0.8420826 0.0192933 0.5390034 -0.603181 0.0150001 0.7974634 -0.603181 0.01499986 0.7974634 -0.603181 0.01499992 0.7974634 -0.5389131 0.01154339 0.8422824 -0.5403903 4.44577e-4 0.8414145 -0.5432361 0.005085289 0.8395646 -0.3236328 0.008301079 0.9461464 -0.3236328 0.008300244 0.9461464 -0.3236328 0.008300244 0.9461464 -0.1758097 9.98974e-5 0.9844242 -0.1757632 3.3119e-5 0.9844325 -0.1758103 5.0315e-5 0.9844242 -0.0185979 1.99281e-4 0.999827 -0.0185979 2.01539e-4 0.999827 -0.0185979 2.01361e-4 0.999827 -0.04950553 0.00370115 0.998767 -0.04937082 0.005197942 0.998767 -0.274118 0.02880144 0.9612647 -0.2741179 0.02880156 0.9612647 -0.2741179 0.02880156 0.9612647 -0.9649265 0.1452982 0.2186446 -0.9649264 0.1452983 0.2186446 -0.9649264 0.1452984 0.2186446 -0.597602 0.09000056 0.7967256 -0.5978023 0.09004974 0.7965698 -0.5978029 0.09007889 0.7965661 -0.5980014 0.0901007 0.7964147 -0.8407992 0.1266991 0.5263118 -0.8408933 0.1266992 0.5261615 -0.8409104 0.1267024 0.5261333 -0.840999 0.1266996 0.5259926 -0.8254757 0.1243968 0.5505591 -0.8254759 0.124395 0.5505591 -0.8254757 0.1243966 0.5505591 -0.9694603 0.1602911 0.1856164 -0.9694603 0.1602914 0.1856164 -0.9694603 0.1602912 0.1856164 -0.946832 0.2625093 0.1860056 -0.9468321 0.2625089 0.1860058 -0.946832 0.2625093 0.1860056 -0.8742642 0.2647888 0.4068773 -0.8742643 0.2647885 0.4068773 -0.8742641 0.2647888 0.4068772 -0.9322896 0.3122988 0.1824983 -0.9323542 0.3121086 0.1824938 -0.9322901 0.3122972 0.1824985 -0.9055833 0.3829934 0.1823045 -0.9055838 0.3829921 0.1823046 -0.9055836 0.3829929 0.1823045 -0.7504831 0.3566923 -0.5563684 -0.7504835 0.3566916 -0.5563684 -0.7504832 0.3566923 -0.5563684 -0.823123 0.4577121 0.3361075 -0.8231225 0.4577132 0.3361075 -0.8231232 0.4577119 0.3361076 -0.8224799 0.5685865 -0.01537787 -0.8224791 0.5685874 -0.01537799 -0.8224792 0.5685874 -0.01537799 -0.8037784 0.5674861 0.1786056 -0.8037794 0.5674847 0.1786056 -0.803779 0.5674851 0.1786055 -0.7353693 0.6537636 0.1783962 -0.7353211 0.6538182 0.178395 -0.7353213 0.653818 0.1783952 -0.6148386 0.57067 0.5443431 -0.6148387 0.57067 0.5443431 -0.6148386 0.57067 0.5443431 -0.6798567 0.7091575 0.1867902 -0.6798567 0.7091575 0.1867902 -0.6798567 0.7091575 0.1867901 -0.6258839 0.757326 0.1863509 -0.6258839 0.7573261 0.1863509 -0.5556824 0.7190783 -0.4173052 -0.555682 0.7190786 -0.4173051 -0.5556824 0.7190782 -0.4173052 -0.5058951 0.7644885 0.3995344 -0.5058949 0.7644886 0.3995344 -0.5058949 0.7644886 0.3995344 -0.5149911 0.8366829 0.1864029 -0.5149906 0.8366832 0.186403 -0.5149911 0.8366829 0.1864029 -0.450398 0.8731995 0.1861842 -0.4503981 0.8731994 0.1861845 -0.4503987 0.8731989 0.1861843 -0.3570083 0.7666188 -0.5337048 -0.3570084 0.7666188 -0.5337047 -0.3570081 0.7666189 -0.5337048 -0.330385 0.8629617 0.3822867 -0.3303853 0.8629615 0.3822867 -0.3303849 0.8629616 0.3822866 -0.3144024 0.9306066 0.1874108 -0.3144011 0.9306069 0.187411 -0.3144025 0.9306066 0.1874107 -0.2091963 0.9598854 0.1866999 -0.209196 0.9598856 0.1866993 -0.2091975 0.9598852 0.1866996 -0.2086958 0.9539995 0.2152466 -0.2086958 0.9539995 0.2152466 -0.208696 0.9539995 0.2152466 -0.04430645 0.9874722 0.1514453 -0.04450124 0.9834171 0.1758141 -0.04450041 0.9834171 0.175814 -0.04450112 0.9834171 0.1758141 -0.1769456 -0.002803027 0.9842167 -0.1771411 -0.004593193 0.9841748 -0.5391233 0 0.8422269 -0.5390425 0 0.8422787 -0.8422321 0 0.5391153 -0.8422061 0 0.5391557 -0.8422061 0 0.5391557 -0.8422321 0 0.5391153 -0.98443 3.31331e-7 0.1757776 -0.98443 -3.29768e-7 0.1757776 -0.98443 0 0.1757775 -0.98443 0 0.1757776 -0.1749043 -0.5777157 0.7972785 -0.174903 -0.5777084 0.7972841 -0.1749027 -0.5777076 0.7972848 -0.04666709 -0.01678967 0.9987695 -0.04666787 -0.01678758 0.9987695 -0.04666656 -0.01679104 0.9987695 -0.04906719 -0.006893455 0.9987718 -0.04906684 -0.006895959 0.9987718 -0.04906719 -0.006893634 0.9987718 -0.0496909 -0.002196967 0.9987623 -0.04969078 -0.002199888 0.9987623 -0.0496909 -0.002197623 0.9987623 -0.04796791 -0.01278966 0.9987671 -0.04796707 -0.01279282 0.9987671 -0.04796713 -0.01279264 0.9987671 -0.009598255 -0.2754164 0.9612771 -0.009598016 -0.2754163 0.9612773 -0.00959742 -0.2754161 0.9612773 -0.003233194 -0.05073773 0.9987069 -0.002300918 -0.05308872 0.9985872 -0.002251803 -0.05136585 0.9986774 -0.1591026 -0.2253033 0.9612101 -0.159101 -0.2253016 0.9612107 -0.1591146 -0.2253201 0.9612042 -0.1792905 -0.2092888 0.9612768 -0.1792905 -0.2092888 0.9612768 -0.1792902 -0.209289 0.9612768 -0.4123805 -0.4443733 0.7952829 -0.4148165 -0.4469165 0.7925864 -0.4133872 -0.445163 0.7943179 -0.01761585 -0.008605957 0.9998078 -0.01761496 -0.008607804 0.9998078 -0.01761484 -0.008607983 0.9998078 -0.7251167 -0.2776546 0.6301696 -0.7251289 -0.2776263 0.6301681 -0.7251231 -0.2776455 0.6301664 -0.2575899 -0.09859645 0.9612109 -0.2575878 -0.09859597 0.9612115 -0.2576051 -0.09860223 0.9612062 -0.2664147 -0.0712037 0.9612249 -0.2664147 -0.07120376 0.9612249 -0.2664145 -0.07120448 0.9612249 -0.9518101 -0.2074006 0.2259263 -0.9518094 -0.2074034 0.2259263 -0.9518093 -0.2074041 0.2259262 -0.01577574 -0.003693878 0.9998688 -0.01577609 -0.003692388 0.9998688 -0.01577544 -0.00369513 0.9998688 -0.1653547 -0.02799093 0.985837 -0.1653547 -0.02799111 0.985837 -0.1653544 -0.0279923 0.985837 -0.2717937 -0.04599881 0.9612557 -0.2717938 -0.04599863 0.9612557 -0.2717937 -0.04599869 0.9612556 -0.2761849 -0.01099967 0.9610416 -0.2761849 -0.01099932 0.9610416 -0.2761849 -0.01099914 0.9610416 -0.1757956 -0.009099841 0.9843847 -0.2351412 -0.5558809 0.7973113 -0.2350987 -0.5558979 0.7973118 -0.2351447 -0.5558888 0.7973047 -0.1748943 -0.5776799 0.7973068 -0.07989299 -0.263877 0.961242 -0.07989269 -0.2638742 0.9612427 -0.07989817 -0.263893 0.9612371 -0.05320161 -0.270507 0.9612469 -0.05320161 -0.270507 0.9612469 -0.05320167 -0.270507 0.9612469 -0.06056648 -0.3084843 0.9492993 -0.06058204 -0.3084812 0.9492993 -0.06059002 -0.3084796 0.9492993 -0.002195894 -0.01687502 0.9998552 -0.00219655 -0.0168749 0.9998552 -0.002196729 -0.0168749 0.9998552 -0.7552691 -0.3895799 0.5270639 -0.7553086 -0.3896061 0.5269877 -0.7552742 -0.3895844 0.5270531 -0.7086731 -0.4689846 0.5271015 -0.7086677 -0.4689822 0.5271109 -0.7086726 -0.4689831 0.5271034 -0.5033772 -0.3331177 0.7972729 -0.5032957 -0.3331117 0.7973269 -0.5033395 -0.3330927 0.7973071 -0.4652969 -0.3844983 0.7972828 -0.4653041 -0.3845052 0.7972754 -0.4652411 -0.3844751 0.7973265 -0.2125694 -0.175651 0.961229 -0.2125988 -0.1756987 0.9612137 -0.2126241 -0.1757208 0.9612041 -0.1954023 -0.1944024 0.9612625 -0.1954024 -0.1944023 0.9612625 -0.1954027 -0.194402 0.9612625 -0.04147315 -0.02728468 0.998767 -0.04147458 -0.02728247 0.998767 -0.04147446 -0.02728271 0.998767 -0.04409623 -0.02280199 0.998767 -0.04409712 -0.0228002 0.998767 -0.04409861 -0.02279734 0.998767 -0.2451194 -0.1264104 0.9612165 -0.245117 -0.1264092 0.9612171 -0.2450948 -0.126397 0.9612244 -0.2575725 -0.09859013 0.9612162 -0.5636922 -0.215798 0.797297 -0.5636867 -0.2157933 0.7973021 -0.5637031 -0.2158023 0.797288 -0.5908539 -0.1287438 0.79644 -0.5910071 -0.1287962 0.7963179 -0.5908982 -0.128749 0.7964065 -0.5908062 -0.1287007 0.7964824 -0.6038981 -0.02549946 0.7966536 -0.6038981 -0.02549988 0.7966536 -0.6038981 -0.02549999 0.7966536 -0.5389906 -0.02459239 0.8419527 -0.5389906 -0.02459239 0.8419527 -0.5389906 -0.02459228 0.8419528 -0.246308 -0.8133218 0.5271053 -0.246296 -0.8133445 0.527076 -0.2463045 -0.8133641 0.5270418 -0.2462965 -0.8133912 0.5270036 -0.331089 -0.7826758 0.5270661 -0.3310878 -0.7826749 0.5270683 -0.3310912 -0.7826804 0.527058 -0.3310804 -0.782651 0.5271085 -0.4130005 -0.7427014 0.5270913 -0.4130064 -0.7427137 0.5270695 -0.4129996 -0.7426998 0.5270944 -0.4901061 -0.6942079 0.5271352 -0.4901103 -0.6942149 0.5271221 -0.490111 -0.6942163 0.5271196 -0.4129941 -0.7426875 0.527116 -0.2933821 -0.5275185 0.7972774 -0.2933895 -0.527579 0.7972345 -0.2933952 -0.5275412 0.7972575 -0.2352012 -0.5559022 0.7972787 -0.1074128 -0.2540327 0.9612127 -0.1074057 -0.2540166 0.9612178 -0.107397 -0.2539864 0.9612268 -0.07989907 -0.2638968 0.961236 -0.01438748 -0.04746311 0.9987695 -0.01438415 -0.04746413 0.9987695 -0.0143879 -0.04746299 0.9987695 -0.0109902 -0.04836279 0.9987694 -0.0109899 -0.04836285 0.9987694 -0.0109955 -0.04836159 0.9987694 -0.6550564 -0.5413617 0.5270946 -0.6550578 -0.5413631 0.5270913 -0.655075 -0.5413824 0.5270503 -0.5783432 -0.6231928 0.5264505 -0.578393 -0.6231924 0.5263961 -0.5783406 -0.6231892 0.5264574 -0.5782988 -0.6231994 0.5264913 -0.4901174 -0.6942248 0.5271024 -0.348099 -0.4930975 0.7972968 -0.3480976 -0.4930971 0.7972976 -0.3480962 -0.4930933 0.7973005 -0.2933922 -0.527488 0.797294 -0.1340095 -0.2410671 0.9612119 -0.1340057 -0.24111 0.9612016 -0.1340143 -0.2410756 0.961209 -0.1074061 -0.2540154 0.9612181 -0.02679723 -0.0632987 0.9976348 -0.02679675 -0.06329888 0.9976348 -0.02679783 -0.06329846 0.9976348 -0.003695607 -0.01028591 0.9999403 -0.003694176 -0.01028645 0.9999403 -0.003694474 -0.01028633 0.9999403 -0.7086718 -0.4689824 0.5271052 -0.655073 -0.5413789 0.5270563 -0.4653221 -0.3844972 0.7972686 -0.4110305 -0.4428694 0.7968191 -0.4110614 -0.442911 0.7967802 -0.3480952 -0.4930927 0.7973012 -0.1591151 -0.2253211 0.9612038 -0.1339986 -0.2409967 0.9612309 -0.7936707 -0.3038478 0.5270327 -0.793708 -0.3038029 0.5270024 -0.7936849 -0.3037946 0.5270421 -0.755255 -0.3895743 0.5270881 -0.5364947 -0.2766976 0.7972528 -0.5364709 -0.2766858 0.797273 -0.5364769 -0.2766879 0.7972682 -0.5033768 -0.3330849 0.7972868 -0.23001 -0.1522072 0.9612119 -0.2300159 -0.152211 0.9612099 -0.2298507 -0.1520982 0.9612673 -0.2126126 -0.1757153 0.9612076 -0.03499603 -0.02881765 0.9989719 -0.03678655 -0.0333355 0.998767 -0.03513336 -0.03094571 0.9989034 -0.03520613 -0.03500032 0.998767 -0.01377975 -0.01448035 0.9998002 -0.01377964 -0.01448047 0.9998002 -0.01377928 -0.01448076 0.9998002 -0.0619893 -0.07238435 0.9954486 -0.0619812 -0.07239127 0.9954486 -0.06198519 -0.07238787 0.9954486 -0.0311957 -0.03849428 0.9987719 -0.02990812 -0.03956317 0.9987695 -0.02946364 -0.03989529 0.9987695 -0.02712756 -0.04157644 0.998767 -0.02563053 -0.04251569 0.998767 -0.02409857 -0.04340237 0.998767 -0.02410173 -0.04340058 0.998767 -0.02149397 -0.04458975 0.9987742 -0.02149266 -0.04459041 0.9987742 -0.02149724 -0.0445882 0.9987742 -0.03140056 -0.02580028 0.9991739 -0.05240833 -0.03469789 0.9980227 -0.05240476 -0.03470337 0.9980227 -0.05240684 -0.03470021 0.9980227 -0.2300067 -0.1522049 0.9612132 -0.2451037 -0.1264016 0.9612216 -0.5364767 -0.2766879 0.7972682 -0.5637422 -0.215711 0.7972851 -0.7936487 -0.3038802 0.5270471 -0.8310108 -0.1810875 0.5259549 -0.8310574 -0.1810897 0.5258805 -0.8310194 -0.181093 0.5259394 -0.8309765 -0.181095 0.5260063 -0.8494797 -0.03719925 0.5263084 -0.8494797 -0.03720033 0.5263084 -0.8494796 -0.03720068 0.5263084 -0.8416534 -0.0372129 0.5387344 -0.8416535 -0.0372129 0.5387344 -0.8416535 -0.0372129 0.5387343 -0.03199923 -0.9938728 -0.1057966 -0.03199887 -0.9938728 -0.1057966 -0.0319994 -0.9938728 -0.1057966 -0.0238012 -0.9841372 0.1758052 -0.02380102 -0.9841372 0.1758055 -0.02380096 -0.9841373 0.175805 -0.01990073 -0.8495116 0.5271945 -0.01952487 -0.8474899 0.5304523 -0.01912873 -0.8483024 0.5291664 -0.01929682 -0.8420861 0.5389978 -0.01499992 -0.603178 0.7974656 -0.01499992 -0.603178 0.7974656 -0.01499992 -0.6031779 0.7974656 -0.01153886 -0.5389367 0.8422673 -0.008299469 -0.323705 0.9461218 -0.008300185 -0.3237049 0.9461217 -0.008300185 -0.3237049 0.9461217 -9.99029e-5 -0.1757963 0.9844266 -1.99281e-4 -0.0185979 0.999827 -2.01539e-4 -0.0185979 0.999827 -2.01356e-4 -0.0185979 0.999827 -0.00370115 -0.04950553 0.998767 -0.005198001 -0.04937082 0.998767 -0.02880042 -0.2741081 0.9612676 -0.02880024 -0.2741082 0.9612676 -0.02880066 -0.2741082 0.9612676 -0.1453042 -0.964933 0.218612 -0.1453042 -0.964933 0.218612 -0.1453044 -0.9649329 0.218612 -0.09000295 -0.5976256 0.7967078 -0.09005039 -0.5978013 0.7965706 -0.09007585 -0.5978289 0.7965469 -0.09010034 -0.5980017 0.7964144 -0.1265962 -0.8407751 0.5263749 -0.1266461 -0.8408744 0.5262045 -0.1266459 -0.8408782 0.5261984 -0.1267033 -0.8410224 0.5259542 -0.1243939 -0.8254628 0.5505793 -0.1243939 -0.8254628 0.5505793 -0.1243945 -0.8254625 0.5505793 -0.1602943 -0.9694649 0.18559 -0.1602945 -0.9694648 0.18559 -0.1602943 -0.9694649 0.18559 -0.2625093 -0.9468306 0.1860124 -0.2625091 -0.9468309 0.186012 -0.2625088 -0.9468309 0.1860123 -0.2647888 -0.8742636 0.4068786 -0.2647892 -0.8742635 0.4068786 -0.2647885 -0.8742636 0.4068786 -0.3122948 -0.9322851 0.1825283 -0.3121118 -0.9323472 0.1825237 -0.3122949 -0.932285 0.1825286 -0.3830019 -0.9056022 0.1821927 -0.3830009 -0.9056025 0.1821938 -0.3830012 -0.9056024 0.1821933 -0.3566886 -0.7504768 -0.5563793 -0.3566885 -0.7504768 -0.5563793 -0.3566886 -0.7504768 -0.5563793 -0.4577236 -0.823142 0.3360453 -0.4577246 -0.8231415 0.3360453 -0.4577232 -0.8231422 0.3360453 -0.5685864 -0.8224812 -0.01530665 -0.5685863 -0.8224813 -0.01530641 -0.5685868 -0.822481 -0.01530659 -0.5674968 -0.8037952 0.1784963 -0.5674962 -0.8037955 0.1784964 -0.567497 -0.803795 0.1784965 -0.6537594 -0.7353704 0.1784073 -0.6538173 -0.7353191 0.1784062 -0.6538171 -0.7353194 0.1784062 -0.5707134 -0.6149152 0.544211 -0.5707133 -0.6149152 0.544211 -0.5707134 -0.6149153 0.544211 -0.7091646 -0.679879 0.1866818 -0.7091645 -0.6798791 0.1866819 -0.7091646 -0.6798791 0.1866818 -0.7573832 -0.6258398 0.1862666 -0.7573832 -0.6258398 0.1862666 -0.7190761 -0.5556784 -0.4173142 -0.7190758 -0.5556787 -0.4173143 -0.7190753 -0.5556794 -0.4173144 -0.764493 -0.5059957 0.3993982 -0.7644928 -0.505996 0.3993982 -0.7644932 -0.5059953 0.3993983 -0.8366876 -0.5149891 0.186387 -0.8366876 -0.5149892 0.1863871 -0.8366875 -0.5149895 0.1863868 -0.8732024 -0.4503984 0.1861689 -0.8732024 -0.4503986 0.1861689 -0.8732026 -0.4503979 0.1861689 -0.7666291 -0.3570118 -0.5336875 -0.7666288 -0.3570125 -0.5336876 -0.7666289 -0.3570123 -0.5336875 -0.8629588 -0.3303834 0.3822944 -0.8629588 -0.3303836 0.3822943 -0.8629589 -0.3303833 0.3822943 -0.9306096 -0.314403 0.1873944 -0.9306092 -0.3144041 0.1873943 -0.9306094 -0.3144035 0.1873944 -0.9599081 -0.2092004 0.1865787 -0.9599078 -0.2092019 0.1865788 -0.9599078 -0.2092022 0.1865787 -0.9540096 -0.2087028 0.2151951 -0.9540097 -0.2087026 0.2151951 -0.9540096 -0.2087028 0.2151951 -0.9874254 -0.04406046 0.1518216 -0.9874254 -0.04406046 0.1518216 -0.9874254 -0.04406046 0.1518216 -0.9834623 -0.04449826 0.1755619 -0.9834623 -0.04449814 0.1755619 -0.9834623 -0.04449784 0.1755619 -0.9989796 -0.04516351 0 -0.9989796 -0.04516422 0 -0.9989797 -0.04516416 0 -0.03234487 -0.9994768 0 -0.03234487 -0.9994769 0 -0.03234481 -0.9994769 0 -0.03234481 -0.9994768 0 -0.1629993 -0.9866262 0 -0.1629993 -0.9866262 0 -0.1630939 -0.9866106 0 -0.1629993 -0.9866262 0 -0.2672173 -0.9636363 0 -0.2671255 -0.9636617 0 -0.2672173 -0.9636363 0 -0.2671255 -0.9636617 0 -0.3171454 -0.948377 0 -0.3171439 -0.9483775 0 -0.3174635 -0.9482705 0 -0.317462 -0.948271 0 -0.4291654 -0.903226 0 -0.4291657 -0.9032258 0 -0.4291654 -0.903226 0 -0.4291658 -0.9032258 0 -0.5685988 -0.822615 0 -0.5686768 -0.8225611 0 -0.5687565 -0.822506 0 -0.568519 -0.8226702 0 -0.6643642 -0.7474091 0 -0.664364 -0.7474091 0 -0.6643641 -0.7474091 0 -0.7218956 -0.692002 0 -0.7218928 -0.6920049 0 -0.7220282 -0.6918637 0 -0.7218927 -0.692005 0 -0.7912413 -0.6115041 0 -0.7913591 -0.6113516 0 -0.7913587 -0.6113523 0 -0.7913006 -0.6114273 0 -0.8516766 -0.5240678 0 -0.8516263 -0.5241494 0 -0.8516263 -0.5241494 0 -0.8516013 -0.5241903 0 -0.9065971 -0.4219971 0 -0.9065976 -0.4219962 0 -0.9065972 -0.4219971 0 -0.906456 -0.4223004 0 -0.9473695 -0.3201424 0 -0.9473695 -0.3201424 0 -0.9473695 -0.3201424 0 -0.9473235 -0.3202787 0 -0.9768667 -0.2138497 0 -0.9768669 -0.2138487 0 -0.9768666 -0.2138496 0 -0.9768669 -0.2138485 0 -0.9989797 -0.04516339 0 -0.04516357 0.9989796 0 -0.04516363 0.9989797 0 -0.04516363 0.9989796 0 -0.9994769 0.03234487 0 -0.9994769 0.03234511 0 -0.9994767 0.03234678 0 -0.9994767 0.03234702 0 -0.9866265 0.1629973 0 -0.9866262 0.1629997 0 -0.9866265 0.1629975 0 -0.9866261 0.1629999 0 -0.9636094 0.2673142 0 -0.9636105 0.2673105 0 -0.9636607 0.2671294 0 -0.9636362 0.267218 0 -0.948226 0.3175965 0 -0.9482716 0.3174602 0 -0.9482716 0.3174601 0 -0.948226 0.3175966 0 -0.9032263 0.4291648 0 -0.9032262 0.4291648 0 -0.9032263 0.4291648 0 -0.9032263 0.4291649 0 -0.8226146 0.5685994 0 -0.8225601 0.5686783 0 -0.8226146 0.5685994 0 -0.8226146 0.5685995 0 -0.7471862 0.6646147 0 -0.7474092 0.664364 0 -0.7474092 0.664364 0 -0.6918667 0.7220253 0 -0.6920052 0.7218927 0 -0.6920052 0.7218927 0 -0.6918667 0.7220253 0 -0.6113511 0.7913596 0 -0.6114275 0.7913006 0 -0.6115029 0.7912422 0 -0.6114276 0.7913005 0 -0.5241495 0.8516264 0 -0.5241113 0.8516498 0 -0.5241495 0.8516263 0 -0.5241522 0.8516247 0 -0.4219961 0.9065977 0 -0.3202816 0.9473224 0 -0.3201478 0.9473676 0 -0.3200545 0.9473991 0 -0.3201478 0.9473676 0 -0.2138485 0.9768669 0 -0.2138487 0.9768669 0 -0.2138485 0.9768669 0 -0.2135208 0.9769386 0 -0.04516357 0.9989797 0 0.9989798 0.04516297 0 0.9989795 0.04516601 0 0.9989796 0.04516553 0 0.03234481 0.9994768 0 0.03234481 0.9994769 0 0.03234481 0.9994769 0 0.03234481 0.9994768 0 0.1629995 0.9866262 0 0.1629995 0.9866262 0 0.1629995 0.9866262 1.60854e-7 0.1629995 0.9866262 0 0.2672173 0.9636363 0 0.267125 0.963662 0 0.267125 0.963662 0 0.2672173 0.9636363 0 0.317462 0.948271 0 0.3171467 0.9483765 0 0.3174621 0.948271 0 0.3174651 0.94827 0 0.4291654 0.903226 0 0.4291653 0.9032261 0 0.4291653 0.903226 0 0.4291653 0.903226 0 0.568598 0.8226157 0 0.5685996 0.8226145 0 0.5686769 0.822561 0 0.5687574 0.8225054 0 0.6643632 0.74741 0 0.6643612 0.7474117 0 0.664363 0.7474101 0 0.6643611 0.7474119 0 0.7219676 0.6919269 0 0.7218901 0.6920077 0 0.7219011 0.6919963 0 0.7218899 0.692008 0 0.791244 0.6115006 0 0.7912415 0.6115038 0 0.7912439 0.6115009 0 0.7913 0.6114283 0 0.8516793 0.5240635 0 0.8516687 0.5240806 0 0.8516539 0.5241046 0 0.8516686 0.5240809 0 0.9065971 0.4219971 0 0.9065971 0.4219972 0 0.9065972 0.4219972 0 0.9473695 0.3201424 0 0.9473695 0.3201424 0 0.9473695 0.3201424 0 0.9473235 0.3202787 0 0.9768676 0.2138451 0 0.9768667 0.2138493 0 0.9768675 0.2138456 0 0.9768666 0.2138497 0 0.9989797 0.04516249 0 0.04516363 -0.9989796 0 0.04516363 -0.9989797 0 0.9994769 -0.03234487 0 0.9994768 -0.03234487 0 0.9866107 -0.1630932 0 0.9866255 -0.1630035 0 0.9866106 -0.1630936 1.93024e-7 0.9866254 -0.1630039 0 0.9636127 -0.2673027 0 0.9636341 -0.2672252 0 0.9636638 -0.2671184 0 0.963634 -0.2672257 0 0.9481711 -0.3177602 0 0.9482203 -0.3176138 0 0.9482318 -0.3175793 0 0.9482656 -0.3174783 0 0.9032263 -0.4291648 0 0.9032262 -0.4291648 0 0.9032263 -0.4291648 0 0.9032263 -0.4291649 0 0.8226146 -0.5685994 0 0.8225601 -0.5686783 0 0.8226146 -0.5685994 0 0.8226146 -0.5685995 0 0.7471862 -0.6646147 0 0.747413 -0.6643598 0 0.7474094 -0.6643638 0 0.7474132 -0.6643595 0 0.6919274 -0.7219671 0 0.6918693 -0.7220228 0 0.6919969 -0.7219006 0 0.6918696 -0.7220225 0 0.6113511 -0.7913596 0 0.611351 -0.7913596 0 0.6113511 -0.7913596 0 0.611351 -0.7913596 0 0.5241957 -0.851598 0 0.5241443 -0.8516295 0 0.5241546 -0.8516231 0 0.5240625 -0.8516799 0 0.4219961 -0.9065977 0 0.421997 -0.9065972 0 0.4219962 -0.9065976 0 0.4219971 -0.9065973 0 0.3202791 -0.9473233 0 0.3200569 -0.9473984 0 0.3200522 -0.9474 0 0.3201478 -0.9473676 0 0.2135209 -0.9769386 0 0.2138482 -0.9768669 0 0.2138487 -0.9768669 0 0.2138482 -0.9768669 0 -0.001428604 -0.1761173 -0.9843682 -0.002947509 -0.1787987 -0.9838812 5.3365e-4 -0.1758081 -0.9844244 8.00454e-4 -0.1758597 -0.9844149 -5.19589e-4 -0.5403109 -0.8414654 0 -0.5392046 -0.8421749 0 -0.5391641 -0.8422007 -0.00505346 -0.5434406 -0.8394325 0 -0.8422228 -0.5391296 0 -0.8422228 -0.5391296 0 -0.8422229 -0.5391296 0 -0.8421971 -0.53917 3.26738e-7 -0.9844281 -0.1757877 -2.33227e-6 -0.9844466 -0.1756843 0 -0.9844297 -0.1757794 0 -0.9844113 -0.1758818 0.6278808 -0.7768722 -0.04727822 0.6278797 -0.7768733 -0.04727846 0.6278767 -0.7768756 -0.04727864 0.1814915 -0.02039891 -0.983181 0.1814915 -0.02039927 -0.983181 0.1814915 -0.02039891 -0.983181 0.1786619 -0.004340291 -0.983901 0.1824868 -0.004300057 -0.983199 0.178215 -0.002160251 -0.9839892 0.09730887 -0.02510291 -0.9949376 0.09730911 -0.02510184 -0.9949376 0.09730893 -0.02510261 -0.9949376 0.1704221 -0.05839371 -0.9836394 0.1747859 -0.05289542 -0.9831846 0.1703969 -0.05848956 -0.9836381 0.1703059 -0.06540256 -0.9832184 0.2217076 -0.09380275 -0.970591 0.2217075 -0.09380316 -0.9705909 0.2217072 -0.0938034 -0.9705911 0.09851729 -0.05060905 -0.9938476 0.09851759 -0.05060845 -0.9938476 0.09851747 -0.05060851 -0.9938477 0.1596109 -0.08880501 -0.9831776 0.1596106 -0.08880543 -0.9831776 0.1596108 -0.08880519 -0.9831776 0.1507192 -0.1031144 -0.9831842 0.1507196 -0.1031137 -0.9831842 0.1507194 -0.1031141 -0.9831842 0.1880958 -0.1327962 -0.9731317 0.1880953 -0.1327968 -0.9731317 0.1880956 -0.1327963 -0.9731316 0.09481322 -0.08541131 -0.9918243 0.09481334 -0.08541119 -0.9918243 0.09481298 -0.0854116 -0.9918243 0.119593 -0.1376912 -0.9832288 0.1195935 -0.1376907 -0.9832288 0.119593 -0.1376913 -0.9832287 0.1557914 -0.1885893 -0.9696201 0.1557914 -0.1885895 -0.9696202 0.1557914 -0.1885892 -0.9696201 0.07069391 -0.101392 -0.9923316 0.0706942 -0.1013919 -0.9923317 0.07069379 -0.1013922 -0.9923317 0.1008085 -0.1523119 -0.983178 0.1008086 -0.1523119 -0.983178 0.1008085 -0.152312 -0.9831779 0.08510971 -0.16152 -0.9831926 0.08511018 -0.1615199 -0.9831926 0.08511012 -0.1615198 -0.9831927 0.09800589 -0.1901116 -0.9768584 0.09800624 -0.1901114 -0.9768584 0.09800547 -0.1901117 -0.9768584 0.05450075 -0.1422998 -0.988322 0.05450028 -0.1423 -0.988322 0.05449974 -0.1423003 -0.988322 0.01249885 -0.1821823 -0.9831854 0.01249784 -0.1821824 -0.9831854 0.01249903 -0.1821823 -0.9831854 0.02909821 -0.1801906 -0.9832013 0.02909934 -0.1801904 -0.9832013 0.02909809 -0.1801905 -0.9832012 0.1718972 -0.7890882 -0.5897384 0.1718991 -0.7890879 -0.5897381 0.1718991 -0.7890881 -0.589738 0.0457943 -0.176777 -0.9831851 0.04579329 -0.1767772 -0.9831851 0.04579424 -0.176777 -0.9831851 0.06680512 -0.1701136 -0.9831575 0.0668053 -0.1701134 -0.9831575 0.06680536 -0.1701133 -0.9831575 0.9841878 -0.02249968 -0.1756935 0.9841879 -0.02249997 -0.1756936 0.9841878 -0.02250045 -0.1756936 0.6856245 -0.02210032 0.7276199 0.6856244 -0.02210253 0.7276199 0.6856245 -0.02210068 0.7276199 0.8420554 -0.01879209 -0.5390638 0.8420553 -0.01879215 -0.5390637 0.8420554 -0.01879209 -0.5390637 0.9610518 -0.02390116 -0.2753328 0.9610518 -0.02390342 -0.2753329 0.9610458 -0.02414643 -0.2753327 0.9508553 -0.143201 -0.2745319 0.9508103 -0.1432 -0.2746883 0.9508487 -0.1431989 -0.2745558 0.4793173 -0.07220166 -0.8746668 0.4793172 -0.07220202 -0.8746667 0.4793173 -0.07220149 -0.8746667 0.9856114 -0.1628959 -0.04511314 0.9856105 -0.1629012 -0.04511427 0.9856105 -0.1629009 -0.0451138 0.9628508 -0.2662194 -0.04522854 0.9626649 -0.2668938 -0.04521381 0.9626656 -0.2668912 -0.04521304 0.6752279 -0.2045077 -0.7086917 0.6752275 -0.2045088 -0.7086917 0.6752276 -0.2045087 -0.7086918 0.9477586 -0.3174875 -0.03090751 0.9477573 -0.3174912 -0.03091013 0.9477589 -0.3174867 -0.03090888 0.9157217 -0.4003413 -0.03436523 0.9157748 -0.4004847 -0.03112441 0.9157171 -0.4003451 -0.03444075 0.7935708 -0.3771865 0.477468 0.7935714 -0.3771852 0.4774681 0.7935709 -0.3771865 0.4774679 0.7779284 -0.4453115 -0.4433116 0.7779266 -0.4453148 -0.4433112 0.7779273 -0.4453137 -0.443311 0.6675131 -0.4615105 0.5843238 0.6675145 -0.4615084 0.584324 0.6675125 -0.4615115 0.5843237 0.8167966 -0.5766957 -0.01629662 0.8169173 -0.5765246 -0.01629847 0.8167961 -0.5766963 -0.0162971 0.7471978 -0.6643973 -0.0164889 0.7471975 -0.6643977 -0.0164889 0.7471972 -0.664398 -0.01648819 0.3765818 -0.8085673 0.4521118 0.3765817 -0.8085674 0.4521119 0.2987078 -0.8172141 -0.4928843 0.2987077 -0.8172142 -0.4928843 0.298707 -0.8172143 -0.4928842 0.3410026 -0.8989031 -0.2751191 0.3409996 -0.8989043 -0.275119 0.3410006 -0.8989039 -0.275119 0.2048488 -0.9395343 -0.2744308 0.2047947 -0.9395802 -0.2743141 0.2047541 -0.9395688 -0.2743834 0.2047089 -0.9395393 -0.2745185 0.5403214 -5.26224e-4 -0.8414587 0.5434448 -0.005127012 -0.8394294 0.5390896 -0.01209366 -0.8421617 0.7975439 -0.01960182 -0.6029425 0.7975439 -0.01960229 -0.6029425 0.7975439 -0.01960182 -0.6029425 0.7897602 -0.1189513 -0.6017719 0.7895996 -0.1189004 -0.6019928 0.7897438 -0.1189492 -0.601794 0.9508932 -0.1431996 -0.274401 0.9201346 -0.2786116 -0.2751873 0.9201283 -0.2786594 -0.2751601 0.920071 -0.2787085 -0.2753016 0.9201193 -0.2787116 -0.275137 0.8854705 -0.3745815 -0.2750107 0.8854703 -0.3745817 -0.2750108 0.8854704 -0.3745816 -0.2750107 0.9156555 -0.4001851 -0.03777289 0.6221631 -0.345941 -0.702309 0.6221463 -0.3459265 -0.7023312 0.6221628 -0.3459237 -0.7023178 0.8387784 -0.4697857 -0.2752312 0.8387784 -0.4697859 -0.2752313 0.8387784 -0.4697858 -0.2752311 0.7853984 -0.5544994 -0.2750998 0.7853767 -0.5544839 -0.2751931 0.7853803 -0.5544853 -0.2751799 0.7853502 -0.5544649 -0.275307 0.7047935 -0.6540935 -0.2746412 0.7047802 -0.6540819 -0.274703 0.7047919 -0.6540918 -0.2746497 0.36119 -0.3351919 -0.8701657 0.3611907 -0.3351914 -0.8701655 0.3611907 -0.3351913 -0.8701656 0.6913002 -0.7209998 -0.04757499 0.6912998 -0.7210001 -0.04757571 0.6912996 -0.7210004 -0.04757499 0.5235976 -0.8505963 -0.04828727 0.5235974 -0.8505964 -0.04828727 0.523597 -0.8505965 -0.04829072 0.4482329 -0.8926101 -0.04831713 0.448094 -0.8926797 -0.04832005 0.4480945 -0.8926794 -0.04832214 0.447603 -0.8938059 -0.02761965 0.4476004 -0.8938066 -0.02763503 0.4476049 -0.8938046 -0.02762693 0.2547863 -0.6654688 -0.7015948 0.254785 -0.6654683 -0.7015958 0.2547903 -0.6654633 -0.7015985 0.2852973 -0.7452428 -0.6026762 0.2854473 -0.7451418 -0.6027302 0.2852929 -0.7452308 -0.6026932 0.1701042 -0.780471 -0.601606 0.1701085 -0.7805373 -0.6015186 0.1701015 -0.7804585 -0.6016228 0.1701017 -0.780407 -0.6016896 0.1761331 -0.002195119 -0.984364 0.5235052 -0.01230317 -0.8519337 0.5235052 -0.01230317 -0.8519337 0.5235053 -0.01230335 -0.8519337 0.518948 -0.07814878 -0.851226 0.5188084 -0.07810121 -0.8513155 0.518978 -0.07815438 -0.8512073 0.7898809 -0.1189938 -0.6016051 0.7637028 -0.2313012 -0.6027089 0.7636963 -0.2312998 -0.6027176 0.7637079 -0.2313033 -0.6027014 0.7637017 -0.2313002 -0.6027105 0.7349407 -0.3108183 -0.6027058 0.7349044 -0.3108502 -0.6027336 0.7349148 -0.3108557 -0.6027179 0.7349069 -0.3109024 -0.6027035 0.6974066 -0.3878041 -0.6026873 0.6973943 -0.3877967 -0.6027064 0.6973958 -0.3877968 -0.6027045 0.6973968 -0.3877975 -0.602703 0.6519128 -0.4602091 -0.6026752 0.6518527 -0.4602022 -0.6027455 0.6518552 -0.4602043 -0.6027411 0.6518139 -0.4602094 -0.6027819 0.5852546 -0.5431031 -0.6020932 0.5852891 -0.5430886 -0.6020727 0.5852236 -0.5430845 -0.6021401 0.7047995 -0.6540935 -0.2746263 0.6124794 -0.7410743 -0.275096 0.6124797 -0.7410741 -0.2750961 0.6124798 -0.7410741 -0.2750959 0.6270067 -0.7719084 -0.1049775 0.6270133 -0.7719068 -0.1049497 0.6269943 -0.7719197 -0.1049683 0.4174165 -0.6306132 -0.6542863 0.4174064 -0.6306193 -0.6542868 0.4174009 -0.6306163 -0.6542933 0.8315343 -0.1252037 -0.5411791 0.8315334 -0.1252083 -0.5411794 0.8315348 -0.125202 -0.5411789 0.5191075 -0.07820153 -0.851124 0.501308 -0.1518012 -0.851849 0.5013715 -0.1518065 -0.8518107 0.5013221 -0.1517962 -0.8518416 0.5011966 -0.1517826 -0.8519179 0.4824719 -0.2040979 -0.851801 0.4824176 -0.2040966 -0.851832 0.4824918 -0.2040968 -0.85179 0.4824787 -0.2040926 -0.8517985 0.4578872 -0.2545926 -0.8517757 0.4578745 -0.254583 -0.8517854 0.4579125 -0.2546063 -0.8517582 0.4578902 -0.2545948 -0.8517735 0.4280033 -0.3022059 -0.8517541 0.4279921 -0.3021445 -0.8517814 0.4279881 -0.3021416 -0.8517845 0.4279946 -0.302096 -0.8517973 0.3844857 -0.3568363 -0.8513746 0.384474 -0.3567743 -0.8514059 0.3844909 -0.3568422 -0.8513697 0.5852103 -0.5431124 -0.6021279 0.5082447 -0.6151565 -0.6027187 0.50834 -0.615057 -0.6027399 0.5083125 -0.6150648 -0.6027552 0.5083081 -0.6150113 -0.6028135 0.4403772 -0.665365 -0.6027913 0.4403968 -0.6653953 -0.6027436 0.4403922 -0.6653919 -0.6027508 0.4404091 -0.6654144 -0.6027135 0.365787 -0.7091533 -0.6027451 0.3657891 -0.7091566 -0.6027399 0.3657989 -0.7091997 -0.6026832 0.1341202 -0.1244184 -0.9831236 0.1341202 -0.1244185 -0.9831236 0.1341205 -0.1244181 -0.9831236 0.384477 -0.3568775 -0.8513612 0.3337637 -0.4038587 -0.8517629 0.3337509 -0.4038496 -0.8517721 0.3337552 -0.4038673 -0.8517621 0.3337108 -0.4038178 -0.851803 0.2891088 -0.4369052 -0.8517805 0.2890917 -0.4368438 -0.8518179 0.2891036 -0.4368551 -0.8518079 0.2891187 -0.4368272 -0.8518171 0.2401942 -0.4655889 -0.8517828 0.240199 -0.4656021 -0.851774 0.2401883 -0.4655763 -0.8517912 0.240199 -0.4655975 -0.8517767 0.1873127 -0.4893327 -0.8517438 0.1873095 -0.4893236 -0.8517498 0.1872986 -0.4892979 -0.8517669 0.5746315 -0.7436344 0.3417696 0.5746315 -0.7436345 0.3417696 0.4736028 -0.7386977 -0.4796104 0.4735983 -0.7387008 -0.4796102 0.4736 -0.7386998 -0.47961 0.5276982 -0.8030973 -0.2767121 0.5276974 -0.8030977 -0.2767123 0.5276986 -0.8030971 -0.2767118 0.4405156 -0.8540271 -0.2767381 0.4405155 -0.8540272 -0.2767377 0.4405143 -0.8540276 -0.2767381 0.3658488 -0.7091779 -0.6026786 0.2852811 -0.745252 -0.6026725 0.1872901 -0.4892765 -0.851781 0.111805 -0.5130228 -0.8510624 0.1117978 -0.5130909 -0.8510223 0.1118028 -0.5130142 -0.8510679 0.1118015 -0.512908 -0.8511321 0.3196039 -0.946205 -0.05049282 0.3196017 -0.9462059 -0.05049109 0.3196035 -0.946205 -0.05049413 0.213392 -0.9756603 -0.05050653 0.2133933 -0.97566 -0.05050569 0.2133904 -0.9756606 -0.05050653 0.2102046 -0.9644203 -0.160336 0.2102038 -0.9644201 -0.1603381 0.2102066 -0.9644201 -0.1603349 0.0449965 -0.9952558 0.08626258 0.04499536 -0.9952557 0.08626395 0.04499489 -0.9952558 0.08626329 0.04150116 -0.9606298 -0.2747149 0.04150152 -0.9606298 -0.2747147 0.04150187 -0.9606298 -0.2747144 0.04510009 -0.9834089 -0.1757073 0.04512047 -0.983408 -0.1757071 0.0451008 -0.9834088 -0.1757073 0.03409975 -0.7978913 -0.6018362 0.03409981 -0.7978913 -0.601836 0.03410017 -0.7978914 -0.6018359 0.03806072 -0.8415283 -0.5388706 0.03806066 -0.8415283 -0.5388707 0.0380606 -0.8415284 -0.5388706 0.0227003 -0.5241898 -0.8512988 0.0227006 -0.5241898 -0.8512989 0.02270054 -0.5241898 -0.8512989 0.02380454 -0.5389766 -0.8419843 0.0238046 -0.5389766 -0.8419843 0.0238046 -0.5389766 -0.8419843 0.02590256 -0.5879496 -0.8084828 0.02590274 -0.5879496 -0.8084828 0.0259025 -0.5879496 -0.8084828 0.001600325 -0.1758031 -0.9844241 0.9844266 0 -0.175796 0.9844257 0 -0.1758012 0.9844257 3.33632e-7 -0.1758012 0.9844267 -3.32057e-7 -0.175796 0.8421902 0 -0.5391808 0.8422265 0 -0.5391238 0.8422008 0 -0.5391641 0.8421902 0 -0.5391808 0.539121 0 -0.8422284 0.539121 0 -0.8422284 0.1758436 5.32113e-4 -0.984418 0.1758473 8.00008e-4 -0.9844172 0.7768418 0.6279261 -0.0471782 0.7768392 0.6279294 -0.04717582 0.7768402 0.6279283 -0.04717588 0.02039933 0.1814019 -0.9831975 0.02039998 0.1814018 -0.9831975 0.02040004 0.1814018 -0.9831975 0.004341006 0.1786424 -0.9839046 0.004299998 0.182515 -0.9831937 0.002947509 0.1787986 -0.9838814 0.02510166 0.0973044 -0.9949381 0.02510064 0.09730464 -0.9949381 0.0251013 0.09730446 -0.9949381 0.05839872 0.1704245 -0.9836387 0.05290257 0.1748077 -0.9831804 0.05849456 0.1704009 -0.9836372 0.06539684 0.1702929 -0.9832211 0.09379863 0.2216981 -0.9705936 0.09379941 0.2216978 -0.9705936 0.09379976 0.2216976 -0.9705936 0.05059283 0.09848445 -0.9938517 0.05059212 0.09848487 -0.9938517 0.05059242 0.09848475 -0.9938517 0.08880239 0.1596053 -0.9831787 0.08880186 0.1596056 -0.9831787 0.08880257 0.1596051 -0.9831787 0.1030959 0.1505935 -0.9832055 0.1030949 0.1505942 -0.9832054 0.1030958 0.1505935 -0.9832055 0.1328095 0.1881129 -0.9731265 0.1328092 0.188113 -0.9731265 0.1328096 0.1881129 -0.9731266 0.08540695 0.09480786 -0.9918252 0.08540672 0.09480798 -0.9918252 0.08540672 0.09480798 -0.9918252 0.1378009 0.1196007 -0.9832124 0.1378008 0.1196008 -0.9832124 0.1378006 0.1196011 -0.9832124 0.1886153 0.1559127 -0.9695956 0.1886158 0.1559119 -0.9695956 0.1886159 0.1559122 -0.9695956 0.1014232 0.0707165 -0.9923269 0.1014229 0.07071697 -0.9923269 0.1014232 0.07071638 -0.9923269 0.1523095 0.1008064 -0.9831785 0.1523097 0.1008061 -0.9831785 0.1523096 0.1008063 -0.9831785 0.1614873 0.08509385 -0.9831994 0.1614872 0.08509403 -0.9831994 0.1614877 0.08509308 -0.9831993 0.1899877 0.0979942 -0.9768838 0.1899875 0.09799444 -0.9768838 0.1899877 0.0979942 -0.9768838 0.1422986 0.05449944 -0.9883223 0.1422987 0.05449914 -0.9883223 0.1422989 0.05449867 -0.9883223 0.1822127 0.01250082 -0.9831798 0.1822128 0.01250094 -0.9831796 0.1822125 0.01250201 -0.9831798 0.1801926 0.02909862 -0.9832009 0.1801927 0.02909797 -0.9832009 0.1801927 0.02909803 -0.9832009 0.7890644 0.1719841 -0.5897448 0.789062 0.1719963 -0.5897444 0.7890644 0.1719863 -0.5897442 0.1768999 0.04580003 -0.9831627 0.1769 0.04579943 -0.9831627 0.1768999 0.04579955 -0.9831628 0.1700768 0.06679135 -0.9831647 0.1700767 0.06679135 -0.9831647 0.1700774 0.06678968 -0.9831647 0.02250123 0.984175 -0.175765 0.02250152 0.984175 -0.1757647 0.02250093 0.9841751 -0.1757649 0.02210062 0.6857115 0.727538 0.02210104 0.6857115 0.7275379 0.02209919 0.6857116 0.7275379 0.01879119 0.8420491 -0.5390735 0.01879119 0.8420491 -0.5390735 0.01879125 0.8420491 -0.5390735 0.02389812 0.9610697 -0.2752709 0.0239014 0.9610697 -0.2752707 0.02415037 0.9610635 -0.2752704 0.1431985 0.9508348 -0.2746045 0.1431991 0.9508026 -0.2747154 0.1431991 0.9508454 -0.2745673 0.07220059 0.4792014 -0.8747304 0.07220095 0.4792014 -0.8747304 0.07220065 0.4792014 -0.8747304 0.1629025 0.9856048 -0.04523384 0.1628978 0.9856057 -0.04523044 0.1628982 0.9856075 -0.04519093 0.2668895 0.9626608 -0.04532468 0.2668922 0.9626599 -0.04532897 0.2668914 0.9626601 -0.0453273 0.2044905 0.6752675 -0.708659 0.20449 0.6752675 -0.708659 0.2044897 0.6752676 -0.7086591 0.3174926 0.9477703 -0.03049737 0.3174907 0.9477707 -0.03050428 0.3174936 0.9477695 -0.03050845 0.4003012 0.9157435 -0.0342471 0.4004884 0.9157804 -0.03090935 0.4002963 0.9157414 -0.03435987 0.3771846 0.7935675 0.4774751 0.377184 0.7935678 0.4774751 0.377183 0.7935681 0.4774752 0.4452112 0.7779197 -0.4434273 0.4452117 0.7779197 -0.4434273 0.445209 0.7779207 -0.4434278 0.4615129 0.6676139 0.5842068 0.4615097 0.6676162 0.5842067 0.4615117 0.6676145 0.5842071 0.5766957 0.8167946 -0.01639229 0.576695 0.8167951 -0.01639199 0.5766957 0.8167946 -0.01639199 0.6644016 0.7472002 -0.01620113 0.6644007 0.747201 -0.01620113 0.6644004 0.7472012 -0.01620024 0.8085819 0.3765929 0.4520766 0.808582 0.3765928 0.4520766 0.8172873 0.2986977 -0.492769 0.8172871 0.2986979 -0.492769 0.8172875 0.2986972 -0.492769 0.8988788 0.3409912 -0.2752127 0.8988789 0.3409904 -0.2752131 0.898879 0.3409907 -0.2752125 0.9395435 0.2048431 -0.274404 0.9395611 0.2047917 -0.2743819 0.9395667 0.2047426 -0.2743995 0.9395787 0.2046948 -0.2743939 5.35507e-4 0.5403447 -0.8414437 0.00509113 0.5434467 -0.8394283 0.01211047 0.5391073 -0.8421502 0.01960128 0.797488 -0.6030164 0.01960146 0.797488 -0.6030164 0.01960092 0.797488 -0.6030164 0.1189996 0.7897491 -0.6017771 0.1189969 0.7895805 -0.6019988 0.1190251 0.7897834 -0.6017269 0.1431953 0.9508644 -0.2745035 0.278609 0.9201306 -0.2752029 0.2786582 0.920125 -0.2751721 0.2786713 0.9201161 -0.2751883 0.278707 0.9201333 -0.2750951 0.3744801 0.8854768 -0.2751279 0.3744801 0.8854769 -0.2751278 0.3744801 0.8854768 -0.2751279 0.4000908 0.9156966 -0.03777945 0.3460257 0.6222576 -0.7021836 0.346022 0.6222483 -0.7021936 0.3460237 0.6222445 -0.7021961 0.4697873 0.8387805 -0.275222 0.4697868 0.8387808 -0.275222 0.4697875 0.8387805 -0.2752222 0.5544822 0.7853732 -0.2752062 0.5544903 0.7853839 -0.2751595 0.5544922 0.7853897 -0.2751388 0.5544951 0.7853924 -0.2751259 0.654084 0.7047832 -0.2746905 0.6540625 0.704762 -0.274796 0.6540826 0.7047824 -0.2746958 0.3351992 0.3611995 -0.870159 0.3352002 0.3611986 -0.8701588 0.7210956 0.6911935 -0.04767322 0.7210968 0.6911923 -0.04767167 0.7210941 0.691195 -0.04767316 0.8506466 0.5235225 -0.04821556 0.8506435 0.5235278 -0.04821449 0.8506454 0.5235244 -0.04821723 0.8926385 0.4482207 -0.04790514 0.8927986 0.4479 -0.04792141 0.8927964 0.4479044 -0.04792153 0.8936799 0.4477982 -0.02851599 0.8936799 0.447799 -0.02850353 0.8936823 0.4477938 -0.02851098 0.6658184 0.2548127 -0.7012534 0.6658209 0.2548109 -0.7012518 0.665824 0.254804 -0.7012513 0.7452502 0.2852989 -0.6026665 0.7451491 0.2854513 -0.6027192 0.7452407 0.2852954 -0.6026797 0.7804679 0.1701033 -0.6016102 0.780534 0.1701073 -0.6015233 0.7804579 0.1701021 -0.6016235 0.7804071 0.1701013 -0.6016895 0.001434326 0.1760703 -0.9843766 0.01230347 0.523504 -0.8519344 0.01230329 0.523504 -0.8519344 0.01230353 0.5235041 -0.8519344 0.07815444 0.5190213 -0.8511809 0.07809066 0.5187588 -0.8513467 0.07815098 0.5190062 -0.8511903 0.1190081 0.7899084 -0.6015661 0.2312867 0.7636561 -0.6027736 0.231286 0.7636501 -0.6027815 0.2312844 0.7636504 -0.6027817 0.2312929 0.7636713 -0.6027519 0.3108158 0.7349358 -0.6027131 0.3108607 0.7349222 -0.6027065 0.310859 0.7349218 -0.6027078 0.3109052 0.7349113 -0.6026968 0.3877935 0.6973889 -0.6027147 0.3878005 0.6974025 -0.6026945 0.3878 0.6973994 -0.6026984 0.3878013 0.6974009 -0.6026957 0.4602067 0.6518095 -0.6027888 0.4602028 0.6518545 -0.6027431 0.4602106 0.651861 -0.60273 0.4600837 0.6519905 -0.6026868 0.5431523 0.5852515 -0.6020517 0.5431842 0.5852831 -0.6019924 0.5431731 0.585292 -0.6019936 0.6541075 0.7048035 -0.2745825 0.741099 0.6124004 -0.2752058 0.7410991 0.6124002 -0.2752059 0.7720348 0.6269184 -0.104574 0.7720365 0.6269181 -0.1045631 0.7720341 0.6269178 -0.1045832 0.6307755 0.4173902 -0.6541466 0.6307829 0.4173889 -0.6541404 0.63078 0.4173982 -0.6541371 0.1251992 0.83159 -0.5410945 0.1251996 0.8315904 -0.5410939 0.1252025 0.8315892 -0.5410951 0.07819694 0.5191782 -0.8510813 0.1517993 0.5013978 -0.8517965 0.1517931 0.5013787 -0.8518089 0.1517851 0.5013132 -0.8518489 0.1517954 0.5013487 -0.851826 0.2040985 0.4824504 -0.8518131 0.2040971 0.4824787 -0.8517973 0.2040973 0.4824927 -0.8517895 0.2040929 0.4824788 -0.8517982 0.254581 0.457872 -0.8517874 0.2545707 0.4578586 -0.8517977 0.2546023 0.4579059 -0.8517628 0.2546093 0.457919 -0.8517537 0.3022063 0.4280035 -0.8517538 0.3022027 0.4279991 -0.8517571 0.3021801 0.4279719 -0.8517789 0.3021684 0.4279564 -0.8517909 0.356792 0.3844918 -0.8513903 0.3567841 0.3844838 -0.8513974 0.3567788 0.3844803 -0.8514011 0.5431359 0.5852561 -0.6020621 0.6151602 0.5082477 -0.6027124 0.6150939 0.5082846 -0.6027489 0.6150802 0.5082843 -0.6027632 0.6150667 0.508274 -0.6027857 0.6653989 0.4404003 -0.602737 0.665405 0.4404026 -0.6027287 0.6654198 0.4404178 -0.6027012 0.6654042 0.4403885 -0.6027398 0.7091978 0.3657975 -0.6026863 0.7091993 0.3657972 -0.6026846 0.7092026 0.3658001 -0.602679 0.1244172 0.1341185 -0.9831239 0.1244173 0.1341185 -0.9831239 0.124417 0.1341187 -0.983124 0.3567912 0.3844917 -0.8513908 0.4037944 0.333671 -0.8518297 0.403822 0.3336747 -0.8518152 0.4038644 0.3337064 -0.8517827 0.4038904 0.3336916 -0.8517761 0.4369044 0.2891079 -0.8517811 0.4368929 0.2890943 -0.8517917 0.4369067 0.2891049 -0.8517811 0.4368932 0.2890951 -0.8517913 0.4655762 0.2401896 -0.851791 0.4656338 0.2401909 -0.8517591 0.465617 0.2401837 -0.8517703 0.4656472 0.2401731 -0.8517568 0.4892694 0.1872889 -0.8517854 0.4892975 0.1872984 -0.8517671 0.4892709 0.1872878 -0.8517847 0.743627 0.5746227 0.3418005 0.7436274 0.5746223 0.3418005 0.738613 0.4736045 -0.4797393 0.7386124 0.4736051 -0.4797394 0.7386116 0.4736065 -0.4797396 0.8031014 0.5277009 -0.2766949 0.8031013 0.527701 -0.2766951 0.8031015 0.5277007 -0.276695 0.8540355 0.4405184 -0.2767076 0.8540358 0.4405178 -0.2767075 0.8540361 0.4405174 -0.2767074 0.7091871 0.3658327 -0.6026775 0.7452612 0.2852845 -0.6026597 0.489286 0.1872943 -0.8517747 0.5130099 0.1118025 -0.8510707 0.5130789 0.1117945 -0.85103 0.5129979 0.1117995 -0.8510782 0.5128511 0.1117889 -0.851168 0.94618 0.3196928 -0.05039912 0.9461801 0.3196926 -0.050399 0.9461794 0.3196944 -0.05039858 0.9756711 0.2133926 -0.05029511 0.9756708 0.2133936 -0.05029553 0.9756709 0.2133935 -0.05029559 0.9644228 0.210202 -0.1603246 0.9644226 0.2102026 -0.1603248 0.9644225 0.2102032 -0.1603249 0.9952552 0.04499596 0.08627021 0.9952551 0.04499959 0.08626991 0.9952549 0.04500007 0.08627033 0.9606679 0.04149872 -0.2745816 0.960668 0.04149729 -0.2745816 0.960668 0.04149842 -0.2745817 0.9834234 0.04510158 -0.1756259 0.9834226 0.04511785 -0.1756258 0.9834234 0.04510128 -0.1756259 0.7978304 0.03410094 -0.6019169 0.7978304 0.03410238 -0.6019169 0.7978304 0.03410154 -0.6019169 0.8416604 0.03813087 -0.5386592 0.8416605 0.03813087 -0.5386592 0.8416606 0.03813081 -0.5386592 0.5241931 0.02270048 -0.8512969 0.5241931 0.02270007 -0.8512969 0.5241931 0.02270025 -0.8512969 0.5390645 0.02375608 -0.8419294 0.5390646 0.02375614 -0.8419294 0.5390646 0.02375608 -0.8419294 0.5880098 0.02590268 -0.8084389 0.5880099 0.02590292 -0.808439 0.5880098 0.02590268 -0.8084389 0.1757929 0.001600801 -0.984426 -5.3365e-4 0.1758078 -0.9844244 -8.00454e-4 0.1758595 -0.9844149 0 0.5391238 -0.8422265 0 0.5392045 -0.842175 0 0.8422228 -0.5391296 0 0.8421971 -0.53917 0 0.8422228 -0.5391296 0 0.8422229 -0.5391296 -3.26738e-7 0.9844281 -0.1757877 2.33227e-6 0.9844465 -0.1756843 0 0.9844297 -0.1757794 0 0.9844114 -0.1758818 -0.6278808 0.7768722 -0.04727828 -0.6278797 0.7768733 -0.0472784 -0.6278767 0.7768755 -0.04727864 -0.1815005 0.02039945 -0.9831793 -0.1815005 0.0203998 -0.9831793 -0.1815005 0.02039945 -0.9831793 -0.1786714 0.004341006 -0.9838992 -0.1824964 0.0042997 -0.9831972 -0.1782194 0.002159893 -0.9839885 -0.09730887 0.02510291 -0.9949376 -0.09730911 0.02510184 -0.9949376 -0.09730893 0.02510261 -0.9949376 -0.1704126 0.05839157 -0.9836413 -0.1748223 0.05290573 -0.9831776 -0.1703875 0.05848735 -0.9836398 -0.1703399 0.06541585 -0.9832116 -0.2216977 0.09379875 -0.9705936 -0.2216972 0.09380018 -0.9705936 -0.2216978 0.09379845 -0.9705936 -0.09851592 0.05060857 -0.9938478 -0.09851622 0.05060797 -0.9938478 -0.09851616 0.05060803 -0.9938478 -0.1596105 0.0888043 -0.9831777 -0.15961 0.08880496 -0.9831777 -0.1596103 0.08880448 -0.9831777 -0.1507197 0.103115 -0.9831841 -0.1507201 0.1031143 -0.9831841 -0.1507202 0.1031146 -0.9831841 -0.1880958 0.1327962 -0.9731317 -0.1880953 0.1327968 -0.9731317 -0.1880956 0.1327963 -0.9731316 -0.09481322 0.08541131 -0.9918243 -0.09481334 0.08541119 -0.9918243 -0.09481298 0.0854116 -0.9918243 -0.1195999 0.1377001 -0.9832267 -0.1196004 0.1376996 -0.9832266 -0.1195996 0.1377004 -0.9832266 -0.1558078 0.1886086 -0.9696137 -0.1558077 0.1886087 -0.9696137 -0.1558066 0.1886095 -0.9696137 -0.07069391 0.1013918 -0.9923316 -0.0706942 0.1013916 -0.9923317 -0.07069379 0.1013919 -0.9923317 -0.1008023 0.1523018 -0.9831801 -0.1008014 0.1523025 -0.9831801 -0.1008022 0.152302 -0.9831801 -0.08511555 0.1615325 -0.9831901 -0.08511579 0.1615324 -0.9831901 -0.08511561 0.1615324 -0.9831901 -0.09799802 0.1900954 -0.9768624 -0.09799832 0.1900952 -0.9768624 -0.09799754 0.1900956 -0.9768624 -0.05449438 0.1422846 -0.9883246 -0.05449396 0.1422848 -0.9883246 -0.05449336 0.142285 -0.9883246 -0.01249963 0.1821939 -0.9831832 -0.01249855 0.1821941 -0.9831832 -0.01249957 0.1821939 -0.9831832 -0.02909791 0.1801916 -0.9832011 -0.02909922 0.1801914 -0.9832011 -0.02909803 0.1801915 -0.9832011 -0.1719021 0.7891979 -0.58959 -0.171904 0.7891978 -0.5895895 -0.1719042 0.7891978 -0.5895897 -0.0458002 0.1767991 -0.9831808 -0.04579943 0.1767992 -0.9831808 -0.04580026 0.1767989 -0.9831808 -0.06679683 0.1700901 -0.983162 -0.06679582 0.1700905 -0.9831621 -0.06679594 0.1700903 -0.9831621 -0.7471964 0.6643964 -0.01658409 -0.7471964 0.6643963 -0.01658481 -0.7471967 0.6643961 -0.01658481 -0.8169164 0.5765259 -0.01629847 -0.8167952 0.5766977 -0.0162971 -0.8167957 0.576697 -0.01629662 -0.6674894 0.4614906 0.5843667 -0.6674879 0.4614927 0.5843667 -0.667487 0.4614935 0.584367 -0.7778763 0.4452894 -0.443425 -0.777877 0.4452883 -0.4434248 -0.7778781 0.445286 -0.4434253 -0.793601 0.3771988 0.4774082 -0.7936003 0.3772001 0.4774082 -0.7936005 0.3771998 0.4774082 -0.9157721 0.4004905 -0.03112769 -0.915716 0.4003464 -0.03445601 -0.9157226 0.4003389 -0.03436428 -0.9477586 0.3174883 -0.03090268 -0.9477589 0.3174872 -0.03090286 -0.9477585 0.3174883 -0.03090381 -0.6752071 0.2045032 -0.7087129 -0.6752071 0.2045031 -0.7087129 -0.6752074 0.2045021 -0.7087129 -0.9626655 0.2668874 -0.04523617 -0.9628508 0.2662158 -0.04525101 -0.9626647 0.2668902 -0.04523706 -0.9982843 0.03219896 0.04890602 -0.9982842 0.03219938 0.04890602 -0.9982843 0.03219944 0.04890602 -0.9773434 0.02390325 -0.2103064 -0.9773432 0.02390193 -0.210307 -0.9773432 0.02390295 -0.2103068 -0.9841237 0.02530002 -0.175672 -0.9841237 0.02530068 -0.1756719 -0.9841236 0.02530008 -0.1756719 -0.8420808 0.01879674 -0.5390236 -0.8420809 0.0187968 -0.5390237 -0.8420808 0.0187968 -0.5390236 -0.9201259 0.2786068 -0.2752211 -0.9201314 0.2786621 -0.275147 -0.9201387 0.2786502 -0.2751345 -0.9201042 0.2787164 -0.2751827 -0.885506 0.3745015 -0.2750052 -0.885506 0.3745015 -0.2750052 -0.8855059 0.3745017 -0.2750053 -0.9156545 0.400191 -0.03773468 -0.6221641 0.3459365 -0.7023103 -0.6221475 0.3459221 -0.7023321 -0.622152 0.3459412 -0.7023187 -0.8387783 0.4697858 -0.2752316 -0.8387784 0.4697857 -0.2752316 -0.8387783 0.4697858 -0.2752315 -0.7853984 0.5544994 -0.2750998 -0.7853767 0.5544838 -0.2751931 -0.7853799 0.5544856 -0.2751802 -0.7853511 0.5544633 -0.2753074 -0.7047941 0.6540936 -0.2746395 -0.7047806 0.6540818 -0.2747022 -0.7047914 0.6540907 -0.2746533 -0.36119 0.3351919 -0.8701657 -0.3611908 0.3351913 -0.8701655 -0.3611907 0.3351913 -0.8701656 -0.6913001 0.7209999 -0.04757499 -0.6912982 0.7210016 -0.04757612 -0.6912996 0.7210004 -0.04757505 -0.3765037 0.808608 0.4521041 -0.3765038 0.808608 0.4521041 -0.3765038 0.8086079 0.4521041 -0.2987061 0.8172132 -0.4928866 -0.298707 0.8172129 -0.4928867 -0.2987074 0.8172127 -0.4928867 -0.3409932 0.8988811 -0.2752026 -0.3409918 0.8988817 -0.2752025 -0.3409917 0.8988817 -0.2752024 -0.2048491 0.93954 -0.274411 -0.2047957 0.9395861 -0.274293 -0.2047534 0.9395631 -0.2744037 -0.2047125 0.9395459 -0.274493 -0.5403206 5.26429e-4 -0.8414591 -0.5434444 0.005123555 -0.8394296 -0.5390531 0.01211494 -0.8421847 -0.797543 0.01960182 -0.6029436 -0.797543 0.01960229 -0.6029436 -0.797543 0.01960182 -0.6029436 -0.7897322 0.1189471 -0.6018096 -0.7895996 0.1189004 -0.6019928 -0.7897649 0.1189597 -0.601764 -0.7243023 0.1091 -0.6807962 -0.7243021 0.1090997 -0.6807965 -0.7243021 0.1090998 -0.6807965 -0.9505203 0.1455023 -0.2744822 -0.9505201 0.1455031 -0.274482 -0.9505202 0.1455026 -0.2744821 -0.8341255 0.1338045 -0.5350991 -0.8341255 0.1338043 -0.5350991 -0.8341256 0.1338037 -0.5350991 -0.9856109 0.1629021 -0.04510289 -0.9856117 0.1628972 -0.04510217 -0.9856108 0.1629025 -0.04510307 -0.5235999 0.8505949 -0.04828763 -0.5235952 0.8505978 -0.04828733 -0.5235962 0.850597 -0.0482909 -0.4482329 0.8926101 -0.04831713 -0.448094 0.8926797 -0.04832005 -0.4480945 0.8926794 -0.04832214 -0.4475999 0.8938074 -0.02761721 -0.4476111 0.8938013 -0.02763378 -0.4476032 0.8938055 -0.02762645 -0.2547876 0.6654661 -0.701597 -0.2547861 0.6654657 -0.7015978 -0.254791 0.6654608 -0.7016006 -0.2852967 0.7452447 -0.6026743 -0.2854509 0.745151 -0.6027172 -0.2852961 0.7452417 -0.6026781 -0.1701031 0.7804668 -0.6016117 -0.1701073 0.7805326 -0.6015251 -0.1701036 0.7804675 -0.6016107 -0.1700973 0.7803886 -0.6017147 -0.1761375 0.002194762 -0.9843631 -0.5235452 0.01229315 -0.8519093 -0.5235452 0.01229315 -0.8519093 -0.5235452 0.01229339 -0.8519093 -0.5189476 0.0781486 -0.8512263 -0.518808 0.07810103 -0.8513157 -0.5189412 0.07814884 -0.8512302 -0.7899024 0.1190048 -0.6015748 -0.7636902 0.2312982 -0.602726 -0.7636835 0.2312974 -0.6027346 -0.7636966 0.2312977 -0.602718 -0.7637166 0.2313069 -0.602689 -0.7349028 0.310902 -0.6027088 -0.7349113 0.3109058 -0.6026964 -0.7348959 0.3108971 -0.6027198 -0.7349072 0.3109027 -0.6027031 -0.6973954 0.3877969 -0.602705 -0.6974076 0.3878039 -0.6026864 -0.6973952 0.3877959 -0.6027059 -0.6973956 0.3877964 -0.602705 -0.6519132 0.4602091 -0.6026747 -0.6518529 0.4602017 -0.6027456 -0.6518428 0.4601952 -0.6027615 -0.6518011 0.4602001 -0.6028028 -0.5852602 0.5431081 -0.6020832 -0.5852943 0.5430927 -0.6020638 -0.5852669 0.54311 -0.602075 -0.7048034 0.6541071 -0.2745838 -0.6124794 0.7410738 -0.2750977 -0.6124795 0.7410737 -0.2750979 -0.6124796 0.7410736 -0.2750977 -0.6270015 0.7719148 -0.1049609 -0.6270055 0.7719098 -0.1049732 -0.627009 0.7719106 -0.1049465 -0.4174154 0.6306156 -0.6542847 -0.4174152 0.6306151 -0.6542853 -0.4173996 0.6306184 -0.654292 -0.8315193 0.1252009 -0.5412027 -0.8315185 0.1252056 -0.541203 -0.8315197 0.1251993 -0.5412026 -0.5191112 0.07820153 -0.8511217 -0.5013089 0.1518017 -0.8518484 -0.5013722 0.1518074 -0.8518101 -0.5013217 0.151796 -0.8518418 -0.5012784 0.1517888 -0.8518686 -0.4824719 0.2040979 -0.851801 -0.4824598 0.2040969 -0.8518081 -0.4824671 0.2040889 -0.8518058 -0.4824934 0.2040976 -0.851789 -0.4578677 0.2545778 -0.8517906 -0.4578869 0.2545921 -0.8517761 -0.4578984 0.254599 -0.8517678 -0.4579119 0.2546054 -0.8517587 -0.4280028 0.3022056 -0.8517544 -0.4279916 0.3021443 -0.8517817 -0.42799 0.3021427 -0.8517832 -0.4279963 0.3020974 -0.851796 -0.3844847 0.3568354 -0.8513755 -0.3845017 0.3568023 -0.8513816 -0.3844909 0.3568421 -0.8513698 -0.5852561 0.5431359 -0.6020621 -0.5083206 0.6151028 -0.6027095 -0.5083406 0.6150568 -0.6027395 -0.5083121 0.615065 -0.6027553 -0.5083093 0.6150119 -0.6028119 -0.4403781 0.6653665 -0.6027891 -0.4403964 0.6653966 -0.6027424 -0.4403926 0.6653922 -0.6027501 -0.4404088 0.665414 -0.602714 -0.3657872 0.709154 -0.6027441 -0.3657892 0.7091582 -0.6027379 -0.3657976 0.7091982 -0.6026858 -0.1341139 0.1244122 -0.9831252 -0.1341139 0.1244123 -0.9831252 -0.1341134 0.1244128 -0.9831252 -0.384477 0.3568775 -0.8513612 -0.3337844 0.4038805 -0.8517445 -0.333742 0.4038404 -0.85178 -0.3337438 0.403844 -0.8517777 -0.333698 0.403793 -0.8518197 -0.2891 0.4368976 -0.8517873 -0.289112 0.4368629 -0.8518011 -0.2891104 0.4368648 -0.8518007 -0.2891011 0.4368018 -0.8518361 -0.2401935 0.4655876 -0.8517836 -0.2401984 0.4656009 -0.851775 -0.2401888 0.4655774 -0.8517904 -0.2401987 0.4655991 -0.8517759 -0.187313 0.4893335 -0.8517433 -0.1873091 0.4893239 -0.8517497 -0.1872929 0.4892851 -0.8517754 -0.574622 0.7436272 0.3418014 -0.5746225 0.7436269 0.3418014 -0.4735985 0.7386993 -0.4796122 -0.4735969 0.7387005 -0.479612 -0.4736009 0.7386979 -0.4796121 -0.5276989 0.8031005 -0.2767012 -0.5276995 0.8031001 -0.2767013 -0.5276997 0.8031001 -0.2767009 -0.4405152 0.8540276 -0.276737 -0.4405151 0.8540278 -0.2767367 -0.4405146 0.8540279 -0.276737 -0.3658482 0.7091768 -0.6026802 -0.285283 0.7452549 -0.6026681 -0.1873012 0.4893005 -0.8517649 -0.111796 0.5129826 -0.8510879 -0.1117978 0.5130905 -0.8510226 -0.1118013 0.5130043 -0.8510742 -0.1117906 0.5128583 -0.8511636 -0.3196042 0.9462049 -0.05049234 -0.3196016 0.946206 -0.05049073 -0.3196023 0.9462055 -0.05049371 -0.213391 0.975662 -0.05047929 -0.2133922 0.9756615 -0.05048334 -0.2133892 0.9756622 -0.05048173 -0.2101973 0.9643913 -0.16052 -0.2101966 0.9643909 -0.1605226 -0.2101997 0.9643911 -0.1605184 -0.04499703 0.9952561 0.086259 -0.04499548 0.9952526 0.08630102 -0.04499471 0.9952524 0.08630388 -0.04150032 0.9606032 -0.2748077 -0.04149872 0.9606033 -0.2748075 -0.04149913 0.9606035 -0.2748072 -0.04510045 0.9834257 -0.175613 -0.04512059 0.9834249 -0.1756129 -0.0451011 0.9834256 -0.1756131 -0.03410089 0.7978261 -0.6019226 -0.0341013 0.7978259 -0.6019227 -0.03410142 0.7978259 -0.6019228 -0.03810375 0.841586 -0.5387775 -0.03810393 0.841586 -0.5387775 -0.03810381 0.841586 -0.5387775 -0.0227003 0.5241905 -0.8512986 -0.0227006 0.5241904 -0.8512986 -0.02270042 0.5241904 -0.8512986 -0.02380472 0.5389761 -0.8419847 -0.0238049 0.5389762 -0.8419846 -0.02380472 0.5389761 -0.8419846 -0.02590256 0.5879502 -0.8084824 -0.02590215 0.5879502 -0.8084824 -0.0259025 0.5879502 -0.8084824 -0.001600325 0.1758027 -0.9844242 -0.9844222 0 -0.1758214 -0.9844211 0 -0.1758266 -0.9844211 -3.33632e-7 -0.1758266 -0.9844221 3.32057e-7 -0.1758214 -0.8421902 0 -0.5391808 -0.8422265 0 -0.5391238 -0.8422008 0 -0.5391641 -0.8421902 0 -0.5391808 -0.539121 0 -0.8422284 -0.539121 0 -0.8422284 -0.175848 -5.3229e-4 -0.9844173 -0.1758516 -8.00166e-4 -0.9844164 -0.7768798 -0.6278787 -0.04718184 -0.7768784 -0.6278808 -0.04718005 -0.77688 -0.6278785 -0.04718017 -0.02039933 -0.1813873 -0.9832002 -0.02039843 -0.1813873 -0.9832003 -0.02039849 -0.1813874 -0.9832001 -0.004342019 -0.1786891 -0.983896 -0.004300057 -0.1825146 -0.9831938 -0.02510106 -0.09730237 -0.9949383 -0.02510058 -0.09730249 -0.9949383 -0.02510076 -0.09730243 -0.9949383 -0.05839949 -0.1704251 -0.9836385 -0.05290257 -0.1748075 -0.9831805 -0.05849468 -0.1704017 -0.983637 -0.06541597 -0.170338 -0.9832119 -0.09379863 -0.2216975 -0.9705938 -0.09379941 -0.2216971 -0.9705938 -0.09379976 -0.221697 -0.9705938 -0.05061304 -0.09852415 -0.9938468 -0.05061233 -0.09852451 -0.9938467 -0.05061262 -0.09852439 -0.9938467 -0.08879619 -0.1595942 -0.9831811 -0.08879685 -0.159594 -0.9831811 -0.08879637 -0.1595942 -0.9831811 -0.1030959 -0.1505942 -0.9832053 -0.1030957 -0.1505944 -0.9832053 -0.1030958 -0.1505942 -0.9832053 -0.132809 -0.188112 -0.9731268 -0.1328093 -0.1881117 -0.9731268 -0.1328086 -0.1881124 -0.9731268 -0.08540934 -0.09481096 -0.9918247 -0.08540946 -0.09481078 -0.9918246 -0.08540916 -0.09481102 -0.9918248 -0.1378101 -0.1196076 -0.9832103 -0.1378092 -0.1196086 -0.9832103 -0.1378097 -0.119608 -0.9832103 -0.1885796 -0.1558843 -0.9696071 -0.1885796 -0.1558841 -0.9696071 -0.1885807 -0.1558832 -0.9696071 -0.1014249 -0.07071739 -0.9923266 -0.1014245 -0.07071793 -0.9923266 -0.1014243 -0.07071828 -0.9923266 -0.1523095 -0.1008064 -0.9831786 -0.1523097 -0.1008061 -0.9831785 -0.1523096 -0.1008063 -0.9831785 -0.161494 -0.08509737 -0.9831979 -0.1614939 -0.08509755 -0.983198 -0.1614944 -0.08509659 -0.983198 -0.1900221 -0.09801131 -0.9768753 -0.1900228 -0.09800976 -0.9768753 -0.1900221 -0.09801131 -0.9768753 -0.1423346 -0.05451321 -0.9883164 -0.1423344 -0.05451357 -0.9883164 -0.1423348 -0.0545125 -0.9883164 -0.1822077 -0.0125001 -0.9831807 -0.1822078 -0.01250022 -0.9831807 -0.1822075 -0.01250135 -0.9831807 -0.1801905 -0.02909898 -0.9832012 -0.1801906 -0.02909833 -0.9832012 -0.1801906 -0.02909839 -0.9832013 -0.7890643 -0.1719852 -0.5897447 -0.7890619 -0.1719975 -0.5897443 -0.7890643 -0.1719875 -0.589744 -0.1769053 -0.04580235 -0.9831616 -0.1769053 -0.04580223 -0.9831616 -0.1769052 -0.04580187 -0.9831616 -0.170082 -0.06679373 -0.9831637 -0.1700823 -0.06679248 -0.9831637 -0.1700825 -0.06679213 -0.9831637 -0.0224986 -0.9841667 -0.1758121 -0.02249896 -0.9841668 -0.1758118 -0.02249836 -0.9841668 -0.1758119 -0.02210032 -0.6857171 0.7275326 -0.02209901 -0.6857172 0.7275326 -0.02210068 -0.6857171 0.7275326 -0.01879489 -0.8420708 -0.5390395 -0.01879489 -0.8420708 -0.5390395 -0.01879483 -0.8420709 -0.5390396 -0.02390205 -0.9610379 -0.2753817 -0.02390342 -0.9610378 -0.275382 -0.02415084 -0.9610315 -0.2753822 -0.1432509 -0.9508456 -0.2745395 -0.1432003 -0.9508082 -0.2746957 -0.1432484 -0.9508463 -0.2745385 -0.07219952 -0.4791926 -0.8747352 -0.07219982 -0.4791925 -0.8747352 -0.07219946 -0.4791926 -0.8747352 -0.1629025 -0.9856048 -0.04523384 -0.1628978 -0.9856057 -0.04523044 -0.1628982 -0.9856075 -0.04519093 -0.2668898 -0.9626601 -0.04533696 -0.2668879 -0.962662 -0.04530829 -0.266887 -0.9626626 -0.04529947 -0.2044905 -0.6752675 -0.708659 -0.20449 -0.6752675 -0.708659 -0.2044897 -0.6752676 -0.7086591 -0.3174887 -0.9477717 -0.03049623 -0.3174868 -0.947772 -0.03050303 -0.3174898 -0.9477709 -0.03050732 -0.4003009 -0.9157436 -0.03424733 -0.4004911 -0.9157793 -0.03090828 -0.4002954 -0.9157419 -0.03436082 -0.3772032 -0.7936069 0.4773948 -0.3772038 -0.7936067 0.4773948 -0.3772028 -0.7936071 0.4773949 -0.4452904 -0.7778837 -0.4434114 -0.4452924 -0.7778824 -0.4434115 -0.445292 -0.7778825 -0.4434118 -0.4615142 -0.6676148 0.5842049 -0.4615139 -0.6676149 0.5842048 -0.4615103 -0.6676173 0.584205 -0.576695 -0.8167951 -0.01639235 -0.576695 -0.8167952 -0.01639205 -0.5766956 -0.8167947 -0.01639205 -0.6644007 -0.747201 -0.01620119 -0.6644004 -0.7472012 -0.01620119 -0.6644013 -0.7472004 -0.01620024 -0.8085595 -0.3765757 0.4521309 -0.8085595 -0.3765757 0.4521309 -0.8085595 -0.3765757 0.4521309 -0.8172875 -0.2986968 -0.4927691 -0.8172874 -0.2986971 -0.4927692 -0.8172868 -0.2986984 -0.4927693 -0.8988856 -0.3409953 -0.2751855 -0.898886 -0.3409938 -0.2751859 -0.898886 -0.3409942 -0.2751854 -0.9395399 -0.2048424 -0.2744163 -0.9395576 -0.2047911 -0.2743939 -0.9395692 -0.2047446 -0.274389 -0.9395812 -0.2046968 -0.2743838 -0.01208847 -0.539098 -0.8421564 -0.01960176 -0.7975463 -0.6029394 -0.0196008 -0.7975463 -0.6029394 -0.01960176 -0.7975462 -0.6029393 -0.118951 -0.7897568 -0.6017765 -0.1188993 -0.7895952 -0.6019989 -0.1189371 -0.7897208 -0.6018266 -0.1432977 -0.9508831 -0.2743849 -0.2786067 -0.9201253 -0.275223 -0.2786615 -0.9201331 -0.2751416 -0.2786889 -0.920101 -0.2752214 -0.2787175 -0.9201081 -0.2751684 -0.3744962 -0.8854839 -0.2750836 -0.3744963 -0.8854839 -0.2750836 -0.3744966 -0.8854838 -0.2750837 -0.4000905 -0.9156967 -0.03777873 -0.3460022 -0.6223061 -0.7021522 -0.3460012 -0.6222988 -0.7021591 -0.346 -0.6222946 -0.7021635 -0.4697872 -0.8387807 -0.275222 -0.4697868 -0.8387808 -0.275222 -0.4697874 -0.8387805 -0.2752222 -0.5544845 -0.7853783 -0.2751873 -0.5544918 -0.7853888 -0.2751424 -0.5544925 -0.7853904 -0.2751364 -0.5544942 -0.7853931 -0.2751254 -0.654084 -0.7047831 -0.2746905 -0.6540625 -0.704762 -0.274796 -0.6540825 -0.7047822 -0.2746964 -0.3352026 -0.3612028 -0.8701562 -0.335202 -0.3612036 -0.8701562 -0.3352018 -0.3612036 -0.8701562 -0.7210955 -0.6911936 -0.04767328 -0.7210982 -0.6911908 -0.04767197 -0.7210956 -0.6911935 -0.04767328 -0.8506441 -0.523527 -0.04821062 -0.8506452 -0.5235254 -0.0482096 -0.8506447 -0.523526 -0.04821085 -0.8926309 -0.4482381 -0.04788476 -0.892799 -0.4479012 -0.04790109 -0.8927996 -0.4478998 -0.0479027 -0.8936799 -0.4477982 -0.02851599 -0.8936799 -0.447799 -0.02850353 -0.8936823 -0.4477938 -0.02851098 -0.6658186 -0.2548108 -0.7012538 -0.6658213 -0.254809 -0.7012521 -0.6658244 -0.2548021 -0.7012516 -0.7452357 -0.2852929 -0.6026871 -0.745164 -0.2854538 -0.6026996 -0.745227 -0.2852919 -0.6026983 -0.7804794 -0.1701077 -0.601594 -0.7805451 -0.1701118 -0.6015077 -0.7804656 -0.1701037 -0.6016131 -0.7803871 -0.1700968 -0.6017168 -0.01230007 -0.5235877 -0.8518831 -0.01229995 -0.5235877 -0.8518831 -0.01230019 -0.5235878 -0.851883 -0.07814633 -0.5189817 -0.8512057 -0.07809925 -0.5187991 -0.8513214 -0.07815104 -0.5190057 -0.8511907 -0.1189959 -0.7898854 -0.6015989 -0.2312865 -0.763655 -0.602775 -0.2312914 -0.7636773 -0.6027448 -0.2312835 -0.7636497 -0.602783 -0.2312929 -0.7636702 -0.6027532 -0.3107923 -0.734883 -0.6027895 -0.3108435 -0.73493 -0.6027058 -0.3108421 -0.7349282 -0.6027087 -0.31088 -0.7349534 -0.6026584 -0.3877942 -0.6973908 -0.602712 -0.3878017 -0.697404 -0.602692 -0.3877999 -0.6973995 -0.6026983 -0.3878014 -0.6974008 -0.6026958 -0.4602062 -0.651809 -0.6027897 -0.4602027 -0.6518538 -0.6027439 -0.4602111 -0.6518621 -0.6027285 -0.4600825 -0.6519929 -0.6026852 -0.5431514 -0.5852519 -0.6020522 -0.5431838 -0.5852829 -0.6019929 -0.5431733 -0.5852925 -0.601993 -0.6540927 -0.7047993 -0.2746285 -0.7411131 -0.6124039 -0.2751599 -0.7411131 -0.6124038 -0.27516 -0.741113 -0.612404 -0.27516 -0.7720329 -0.6269237 -0.1045563 -0.7720214 -0.6269323 -0.104589 -0.772042 -0.6269116 -0.1045616 -0.6307777 -0.417387 -0.6541466 -0.630784 -0.4173847 -0.654142 -0.6307811 -0.4173947 -0.6541383 -0.1251992 -0.83159 -0.5410945 -0.1251996 -0.8315904 -0.5410939 -0.1252025 -0.8315892 -0.5410951 -0.07819694 -0.5191776 -0.8510816 -0.1517993 -0.5013978 -0.8517965 -0.1517933 -0.5013796 -0.8518083 -0.1518034 -0.5014225 -0.8517813 -0.151798 -0.5013784 -0.8518083 -0.2040985 -0.482452 -0.8518121 -0.2040972 -0.4824804 -0.8517963 -0.2040971 -0.4824928 -0.8517895 -0.204093 -0.4824788 -0.8517982 -0.2545862 -0.4578787 -0.8517823 -0.2545771 -0.457867 -0.8517914 -0.254598 -0.4578974 -0.8517687 -0.2546057 -0.4579123 -0.8517583 -0.3022058 -0.4280032 -0.8517541 -0.3022022 -0.427999 -0.8517575 -0.3021812 -0.4279733 -0.8517778 -0.3021697 -0.4279578 -0.8517897 -0.3567935 -0.3844934 -0.8513891 -0.3567845 -0.3844841 -0.8513971 -0.356777 -0.3844785 -0.8514026 -0.5431227 -0.5852303 -0.6020991 -0.6152229 -0.5081689 -0.602715 -0.6151067 -0.5082022 -0.6028054 -0.6150807 -0.5082845 -0.6027626 -0.6150677 -0.5082735 -0.6027851 -0.6653993 -0.4403998 -0.602737 -0.6654043 -0.4404026 -0.6027294 -0.6654119 -0.4404056 -0.6027187 -0.6654115 -0.4404035 -0.6027208 -0.7091819 -0.3657938 -0.6027073 -0.7091836 -0.3657944 -0.6027048 -0.7091975 -0.3657982 -0.6026862 -0.1244164 -0.1341186 -0.9831241 -0.1244162 -0.1341188 -0.9831241 -0.1244171 -0.134118 -0.983124 -0.3567908 -0.384491 -0.8513912 -0.4038249 -0.3336966 -0.8518052 -0.4038515 -0.3337014 -0.8517907 -0.4038654 -0.3337067 -0.8517821 -0.4038914 -0.3336921 -0.8517755 -0.4369372 -0.2891474 -0.851751 -0.4369276 -0.2891339 -0.8517605 -0.4368857 -0.2890902 -0.8517969 -0.4369066 -0.2891051 -0.8517811 -0.4655901 -0.2401946 -0.8517819 -0.4656478 -0.240196 -0.85175 -0.4656301 -0.2401899 -0.8517615 -0.4656601 -0.2401798 -0.8517479 -0.489283 -0.1872936 -0.8517765 -0.4892722 -0.1872894 -0.8517837 -0.4893093 -0.1873047 -0.8517591 -0.7436234 -0.5746176 0.3418171 -0.7436234 -0.5746176 0.341817 -0.7386592 -0.4735738 -0.4796984 -0.7386603 -0.4735721 -0.4796983 -0.7386611 -0.473571 -0.4796982 -0.8031015 -0.527701 -0.2766946 -0.8031011 -0.5277014 -0.2766948 -0.8031013 -0.5277012 -0.2766947 -0.8540359 -0.4405173 -0.2767081 -0.8540355 -0.4405181 -0.276708 -0.8540357 -0.4405175 -0.276708 -0.7091801 -0.3658354 -0.6026841 -0.7452731 -0.2852901 -0.6026421 -0.4892864 -0.187295 -0.8517743 -0.5130099 -0.1118024 -0.8510707 -0.5130789 -0.1117945 -0.85103 -0.5129978 -0.1117992 -0.8510783 -0.5128908 -0.1117982 -0.851143 -0.9461801 -0.3196923 -0.05039888 -0.94618 -0.3196926 -0.0503987 -0.9461799 -0.3196929 -0.05039823 -0.9756709 -0.2133935 -0.05029511 -0.9756706 -0.2133945 -0.05029553 -0.9756706 -0.2133945 -0.05029559 -0.9644432 -0.2101056 -0.1603279 -0.9644429 -0.2101072 -0.1603282 -0.9644422 -0.2101099 -0.160328 -0.9952543 -0.04499667 0.08628058 -0.9952541 -0.04500037 0.0862804 -0.9952541 -0.04500079 0.0862807 -0.9606622 -0.04149842 -0.2746018 -0.9606621 -0.04149967 -0.2746018 -0.9606621 -0.04149907 -0.2746018 -0.9834273 -0.04510098 -0.1756039 -0.9834265 -0.04511851 -0.1756038 -0.9834273 -0.04510104 -0.1756039 -0.7978304 -0.03410172 -0.6019169 -0.7978304 -0.03410118 -0.6019169 -0.7978304 -0.0341013 -0.6019169 -0.8416604 -0.03813087 -0.5386592 -0.8416605 -0.03813087 -0.5386592 -0.8416606 -0.03813081 -0.5386592 -0.5241931 -0.02270048 -0.8512969 -0.5241931 -0.02270007 -0.8512969 -0.5241931 -0.02270025 -0.8512969 -0.5391011 -0.0237357 -0.8419067 -0.5391011 -0.02373582 -0.8419066 -0.5391011 -0.02373576 -0.8419067 -0.5879951 -0.02590525 -0.8084496 -0.587995 -0.02590489 -0.8084497 -0.5879951 -0.02590501 -0.8084497 -0.1757972 -0.001599788 -0.9844251 0 0 -1 -6.7732e-7 0 -1 -9.36956e-7 0 -1 -5.1719e-7 0 -1 2.42547e-7 0 -1 4.61096e-7 0 -1 -3.66361e-7 0 -1 -2.41624e-7 0 -1 -2.84e-7 0 -1 3.5638e-7 0 -1 0 0 -1 -6.83408e-7 0 -1 5.84383e-7 0 -1 0 0 -1 1.97398e-7 0 -1 6.83408e-7 0 -1 -5.84379e-7 0 -1 0 0 -1 -1.97397e-7 0 -1 3.66361e-7 0 -1 2.41624e-7 0 -1 2.84e-7 0 -1 0 0 -1 3.34382e-7 0 -1 5.31445e-7 0 -1 0 0 -1 0 0 -1 -4.63623e-7 0 -1 0 0 -1 -3.34382e-7 0 -1 -5.31446e-7 0 -1 0 0 -1 0 0 -1 0 0 -1 -2.56971e-7 0 -1 0 0 -1 0 0 -1 -3.77708e-7 0 -1 0 0 -1 0 0 -1 2.5697e-7 0 -1 0 0 -1 0 0 -1 4.63625e-7 0 -1 5.48839e-7 0 -1 2.09849e-7 0 -1 8.9973e-7 0 -1 -1.27175e-7 0 -1 -3.51429e-7 0 -1 0 0 -1 0 0 -1 -3.5638e-7 0 -1 -2.42546e-7 0 -1 0 0 -1 0 0 -1 3.77716e-7 0 -1 4.63088e-7 0 -1 0 0 -1 0 0 -1 -4.00708e-7 0 -1 -1.46863e-7 0 -1 -2.28296e-7 0 -1 -2.09849e-7 0 -1 -8.9973e-7 0 -1 1.27175e-7 0 -1 3.51429e-7 0 -1 0 0 -1 0 0 -1 -4.61095e-7 0 -1 5.17189e-7 0 -1 2.29762e-7 0 -1 5.55586e-7 0 -1 -1.09768e-6 0 -1 -4.63088e-7 0 -1 0 0 -1 0 0 -1 4.00711e-7 0 -1 1.46863e-7 0 -1 0.9985219 -0.05435115 0 0.9985219 -0.05435085 0 0.9985218 -0.05435365 0 0.9985218 -0.05435401 0 0.9610044 -0.2765333 0 0.9610044 -0.2765331 0 0.9610042 -0.276534 0 0.9610041 -0.2765341 0 0.853623 -0.5208913 0 0.8537981 -0.5206043 0 0.8537956 -0.5206085 0 0.8536205 -0.5208955 2.09085e-7 0.6847171 -0.7288091 0 0.6847173 -0.7288088 0 0.6847155 -0.7288106 0 0.6847152 -0.7288107 0 0.4636752 -0.8860054 0 0.4636754 -0.8860052 0 0.4636734 -0.8860063 0 0.4636731 -0.8860064 0 0.2195941 -0.9755913 0 0.2195941 -0.9755914 0 0.219594 -0.9755914 0 0.219594 -0.9755913 0 0.03809726 -0.999274 0 0.03809732 -0.999274 0 0.03809696 -0.9992741 0 0.0380969 -0.9992741 0 0.0543524 0.9985218 0 0.0543524 0.9985219 0 0.05435222 0.9985219 0 0.05435222 0.9985219 0 0.276534 0.9610042 0 0.276534 0.9610041 0 0.2765337 0.9610043 0 0.2765336 0.9610043 0 0.5210173 0.8535462 0 0.5206081 0.8537958 0 0.5206076 0.8537961 0 0.5206076 0.8537962 0 0.7288102 0.6847158 0 0.7288106 0.6847153 0 0.7288074 0.6847187 0 0.728807 0.6847193 0 0.886007 0.4636719 0 0.8860076 0.4636708 0 0.8860033 0.4636788 0 0.8860028 0.46368 0 0.9755921 0.2195909 0 0.9755921 0.2195907 0 0.975592 0.2195916 0 0.975592 0.2195916 0 0.999274 0.03809851 0 0.999274 0.03809887 0 0.9992741 0.03809583 0 0.9992742 0.03809541 0 -0.9985219 0.05435168 0 -0.9985219 0.05435162 0 -0.9985218 0.05435234 0 -0.9985219 0.0543524 0 -0.9610044 0.2765334 0 -0.9610044 0.2765331 0 -0.9610039 0.2765348 0 -0.9610039 0.276535 0 -0.853622 0.5208931 0 -0.8535471 0.5210158 0 -0.8536219 0.5208933 0 -0.8536219 0.5208933 2.09084e-7 -0.6847171 0.7288091 0 -0.6847173 0.7288088 0 -0.6847155 0.7288106 0 -0.6847152 0.7288107 0 -0.4636748 0.8860055 0 -0.463675 0.8860055 0 -0.4636737 0.8860061 0 -0.4636735 0.8860062 0 -0.2195943 0.9755914 0 -0.2195945 0.9755913 0 -0.2195935 0.9755915 0 -0.2195934 0.9755916 0 -0.03809732 0.999274 0 -0.03809738 0.999274 0 -0.03809696 0.9992741 0 -0.0380969 0.999274 0 -0.05435234 -0.9985218 0 -0.0543524 -0.9985218 0 -0.05435222 -0.9985219 0 -0.05435222 -0.9985218 0 -0.2765341 -0.9610042 0 -0.2765341 -0.9610042 0 -0.2765337 -0.9610043 0 -0.2765336 -0.9610043 0 -0.5206088 -0.8537954 0 -0.5208955 -0.8536205 0 -0.5206074 -0.8537963 0 -0.5206071 -0.8537964 0 -0.7288106 -0.6847154 0 -0.7288111 -0.6847148 0 -0.7288075 -0.6847187 0 -0.728807 -0.6847193 0 -0.8860062 -0.4636734 0 -0.8860065 -0.4636731 0 -0.886005 -0.4636759 0 -0.8860048 -0.4636762 0 -0.9755915 -0.2195935 0 -0.9755915 -0.2195937 0 -0.9755917 -0.2195928 0 -0.9755917 -0.2195926 0 -0.9992741 -0.03809702 0 -0.9992741 -0.03809702 0 -0.9992741 -0.03809726 0 -0.9992741 -0.03809732 0 0 0 1 -2.94238e-7 0 1 0 0 1 0 0 1 1.68762e-7 0 1 1.98602e-7 0 1 -1.98601e-7 0 1 0 0 1 0 0 1 1.63528e-7 0 1 0 0 1 1.6254e-7 0 1 0 0 1 0 0 1 -1.65541e-7 0 1 -1.44176e-7 0 1 -3.70386e-7 0 1 0 0 1 -3.02826e-7 0 1 1.62233e-6 0 1 2.3795e-7 0 1 -6.01788e-7 0 1 0 0 1 2.94239e-7 0 1 0 0 1 0 0 1 -1.68762e-7 0 1 -1.59529e-7 0 1 1.5953e-7 0 1 0 0 1 0 0 1 -1.63529e-7 0 1 0 0 1 -1.62541e-7 0 1 0 0 1 0 0 1 1.65541e-7 0 1 1.44175e-7 0 1 3.70385e-7 0 1 0 0 1 3.02826e-7 0 1 -1.62233e-6 0 1 -2.3795e-7 0 1 6.01788e-7 0 1 -0.9994769 0.03234469 0 -0.9994769 0.03234469 0 -0.04012835 0.9991946 0 -0.04012829 0.9991946 0 -0.04012829 0.9991946 0 -0.04012835 0.9991946 0 -0.1515911 0.9884434 0 -0.2129786 0.9770497 0.003770589 -0.2543445 0.9671137 1.4531e-7 -0.2543445 0.9671137 0 -0.2543445 0.9671137 0 -0.3585991 0.9334917 0 -0.3585991 0.9334917 0 -0.3585991 0.9334917 0 -0.4254188 0.9049883 0.00389719 -0.4254188 0.9049883 0.003897249 -0.4254188 0.9049882 0.003897249 -0.4633263 0.8861879 0 -0.562916 0.8265141 0 -0.562916 0.8265141 0 -0.562916 0.8265141 0 -0.6214443 0.7834487 0.003919899 -0.6537503 0.7567105 0 -0.7355263 0.6774962 0 -0.7355263 0.6774962 0 -0.7355263 0.6774962 0 -0.7879627 0.6157085 0.004250824 -0.8124002 0.5831004 0 -0.873623 0.4866034 0 -0.9133024 0.4072657 0.003659307 -0.9261025 0.3772719 0 -0.9609369 0.2767679 0 -0.9609369 0.2767679 0 -0.9609369 0.2767679 0 -0.9819864 0.1889386 0.002210974 -0.9850888 0.1720473 0 -0.9850888 0.1720473 0 -0.9850888 0.1720473 0 -1 8.35478e-7 0 -1 -1.69612e-7 0 -1 -8.53062e-6 0 -1 0 0 -1 8.99277e-7 0 -1 0 0 -1 7.86043e-7 0 -1 -1.23019e-6 0 -1 0 0 -1 -5.03181e-7 0 -1 -3.69795e-7 0 -1 -2.17434e-7 0 -1 0 0 -1 1.30481e-7 0 -1 1.24623e-7 0 -1 3.73442e-7 0 -1 2.12604e-7 0 -1 7.36298e-7 0 -1 2.73011e-7 0 -1 3.30809e-7 0 -1 1.41652e-6 0 -1 -2.31737e-6 0 -1 5.11532e-7 0 -1 1.28365e-6 0 -1 -1.29285e-6 0 -1 0 0 -1 -1.59539e-6 0 -1 -2.12603e-7 0 -1 -3.90803e-7 0 -1 3.04403e-7 0 -1 -2.62728e-7 0 -1 -1.42492e-6 0 -1 -1.38995e-7 0 -1 -3.12951e-7 0 -1 -6.75595e-7 0 -1 8.41934e-7 0 -1 -7.14379e-7 0 -1 -2.55277e-6 0 -1 -5.06381e-7 0 -1 -1.21932e-7 0 -1 0 0 -1 8.50343e-7 0 -1 5.5289e-7 0 -1 1.62608e-7 0 -0.03234481 -0.9994769 0 -0.03234481 -0.9994768 0 -0.03234487 -0.9994769 0 -0.9991946 -0.04012757 0 -0.9991946 -0.04012757 0 -0.9991946 -0.04012757 0 -0.9991946 -0.04012757 0 -0.9884423 -0.1515979 0 -0.9770498 -0.2129779 0.003770291 -0.9670771 -0.2544834 0 -0.9670771 -0.2544834 0 -0.9670771 -0.2544834 0 -0.9334399 -0.3587339 0 -0.9334399 -0.3587339 0 -0.93344 -0.3587339 0 -0.9051297 -0.4251175 0.003938972 -0.8860326 -0.4636231 0 -0.8860326 -0.4636231 0 -0.8860326 -0.4636231 0 -0.82657 -0.562834 0 -0.82657 -0.562834 0 -0.82657 -0.562834 0 -0.7834488 -0.6214442 0.00391978 -0.7567098 -0.653751 0 -0.6772501 -0.7357529 0 -0.6157084 -0.7879627 0.004251003 -0.5831005 -0.8124001 0 -0.486184 -0.8738566 0 -0.486184 -0.8738566 0 -0.486184 -0.8738566 0 -0.407267 -0.9133018 0.003659486 -0.3772709 -0.9261029 0 -0.2767661 -0.9609373 0 -0.2767661 -0.9609373 0 -0.2767661 -0.9609373 0 -0.1889395 -0.9819863 0.002210736 -0.1720463 -0.985089 0 -0.1720463 -0.985089 0 -0.1720463 -0.985089 0 -0.03234481 -0.9994768 0 0.9994767 -0.03234755 0 0.9994769 -0.03234118 0 0.9994769 -0.03234183 0 0.04012823 -0.9991946 0 0.04012835 -0.9991946 0 0.04012835 -0.9991946 0 0.04012823 -0.9991946 0 0.1515923 -0.9884431 0 0.2125152 -0.9771502 0.003846645 0.2125152 -0.9771502 0.003846585 0.2125152 -0.9771502 0.003846645 0.2543456 -0.9671134 1.4531e-7 0.2543456 -0.9671134 0 0.2543455 -0.9671135 0 0.3585991 -0.9334917 0 0.3585991 -0.9334917 0 0.3585991 -0.9334917 0 0.4251177 -0.9051296 0.003938972 0.4633274 -0.8861872 0 0.5628346 -0.8265696 0 0.5628346 -0.8265696 0 0.5628347 -0.8265696 0 0.6214438 -0.7834489 0.003919899 0.6537483 -0.7567121 0 0.7354337 -0.6775968 0 0.7354337 -0.6775968 0 0.7354337 -0.6775968 0 0.7879627 -0.6157085 0.004250466 0.8123995 -0.5831012 0 0.8738576 -0.4861822 0 0.8738576 -0.4861822 0 0.8738576 -0.4861822 0 0.9131795 -0.4075427 0.003512144 0.9131795 -0.4075427 0.003512144 0.9131795 -0.4075427 0.003512144 0.9261025 -0.3772719 0 0.9609396 -0.2767582 0 0.9609396 -0.2767582 0 0.9609397 -0.2767582 0 0.9819862 -0.1889403 0.002210974 0.9851468 -0.1717147 0 0.9994767 -0.03234821 0 1 1.58348e-6 0 1 3.29946e-6 0 1 -2.88322e-7 0 1 1.266e-6 0 1 -2.72725e-7 0 1 -1.26598e-6 0 1 -3.29946e-6 0 1 -1.58349e-6 0 1 -5.13254e-6 0 1 1.98729e-7 0 1 -1.96935e-6 0 1 3.62316e-7 0 1 1.96932e-6 0 1 5.13254e-6 0 1 1.58349e-6 0 1 7.70302e-7 0 1 -2.52494e-7 0 1 -1.58348e-6 0 1 -7.70296e-7 0 1 2.52487e-7 0 0.9991946 0.04012632 0 0.9991946 0.04012912 0 0.9991945 0.04012882 0 0.9991947 0.04012602 0 0.988443 0.1515938 0 0.9771499 0.2125169 0.003845512 0.9771499 0.2125169 0.003845453 0.9771499 0.2125169 0.003845512 0.9670771 0.2544834 0 0.9670771 0.2544834 0 0.9670771 0.2544834 0 0.9334415 0.3587298 0 0.9334415 0.3587298 0 0.9334415 0.3587298 0 0.9051287 0.4251196 0.003938972 0.8861892 0.4633235 0 0.8265128 0.562918 0 0.8265128 0.562918 0 0.8265128 0.562918 0 0.7834488 0.6214442 0.003919899 0.7564004 0.654109 0 0.7564004 0.654109 0 0.7564004 0.654109 0 0.6772453 0.7357574 0 0.6157084 0.7879627 0.004250824 0.5831005 0.8124001 0 0.4863109 0.8737859 0 0.4863109 0.8737859 0 0.4863109 0.8737859 0 0.407543 0.9131793 0.003512024 0.407543 0.9131793 0.003512024 0.407543 0.9131793 0.003512024 0.3772709 0.9261029 0 0.2767214 0.9609503 0 0.2767214 0.9609503 0 0.2767214 0.9609503 0 0.1889393 0.9819864 0.002210736 0.1720461 0.985089 0 0.1720461 0.985089 0 0.1720461 0.985089 0 0.03234481 0.9994768 0 0 1 0 0 1 0 0 1 0 0 1 4.05987e-7 0 1 3.49878e-7 0 1 0 0 1 0 0 1 -1.80926e-7 0 1 0 0 1 2.22504e-7 0 1 3.42843e-7 0 1 1.74939e-7 0 1 5.24796e-6 0 1 9.47568e-7 0 1 2.86253e-6 0 1 -2.86252e-6 0 1 -9.47567e-7 0 1 -5.24795e-6 0 0.9969275 -0.07833105 0 0.9969349 -0.07823538 0 0.9625364 -0.2711526 0 0.9625104 -0.2712448 0 0.8739783 -0.4859652 0 0.8739783 -0.4859652 0 0.7624815 -0.6470102 0 0.7624195 -0.6470832 0 0.6494881 -0.7603719 0 0.6494882 -0.7603718 0 0.4884974 -0.8725655 0 0.4886648 -0.8724717 2.25195e-7 0.4886648 -0.8724717 0 0.4885811 -0.8725185 0 0.3460662 -0.9382102 0.00560081 0.3491944 -0.9370337 0.004969656 0.3492648 -0.9370109 -7.09877e-4 0.2672609 -0.963624 0.001420974 0.1566189 -0.9876582 0.00300002 0.1550073 -0.9879088 0.00418365 0.1560884 -0.9877343 0 0.07412034 -0.9972494 0.9617618 -0.0106787 -0.273679 0.9620106 -2.32414e-4 -0.273012 0.9624414 -0.01266866 -0.2711941 0.8744964 0.006732642 -0.4849855 0.8746049 2.28691e-4 -0.4848365 0.8739562 0.008151054 -0.4859364 0.4530231 0.04551839 -0.890336 0.452547 0.04481363 -0.8906138 0.4527512 0.04518419 -0.8904914 0.02271175 0.07078504 -0.9972331 0.01761442 0.0721572 -0.9972378 0.02061212 0.07217228 -0.9971792 0.00215137 0.07404774 -0.9972525 0.002623677 0.07448911 -0.9972184 0.01272571 0.0736199 -0.9972052 0.03310108 0.07529258 -0.996612 0.0326296 0.07484036 -0.9966616 0.0320245 0.07431268 -0.9967207 0.07234978 0.03818684 -0.996648 0.07408094 0.03811854 -0.9965235 0.07345676 0.03863131 -0.99655 0.07459849 3.24687e-4 -0.9972136 0.0743829 0.001132369 -0.9972291 0.07415866 6.90166e-4 -0.9972463 0.2289444 0.02274692 -0.9731737 0.2287775 0.02261197 -0.9732161 0.2289809 0.02270168 -0.9731662 0.2292405 0.02279299 -0.9731029 0.2206202 0.06792336 -0.972992 0.2206708 0.06797146 -0.9729771 0.2205511 0.06785756 -0.9730122 0.2205068 0.06781542 -0.9730252 0.1680297 0.1577694 -0.9730749 0.1681303 0.1578394 -0.9730463 0.1682227 0.1579189 -0.9730174 0.1681415 0.1578464 -0.9730432 -0.04909354 0.2342051 -0.9709469 -0.04909348 0.2342051 -0.9709469 -0.04909354 0.2342051 -0.9709469 0.331287 0.5607098 -0.75885 0.3312131 0.5606977 -0.7588913 0.3311912 0.5606964 -0.7589019 0.9970223 0.007964968 -0.07670098 0.9970605 2.01694e-4 -0.07661813 0.9968935 0.009521663 -0.07818442 0.9988815 0.04010254 -0.02505487 0.9988814 0.04010254 -0.02505487 0.9988814 0.0401026 -0.02505487 0.9841675 0.1006185 -0.1459122 0.9854336 0.1512475 -0.07774865 0.9854336 0.1512475 -0.07774865 0.9854336 0.1512475 -0.07774865 0.967404 0.2410168 -0.07772088 0.9674039 0.2410168 -0.07772088 0.967404 0.2410168 -0.07772094 0.9655003 0.254117 -0.05686581 0.9655003 0.254117 -0.05686587 0.9655003 0.254117 -0.05686587 0.9344177 0.3430833 -0.09569489 0.9344177 0.3430833 -0.09569495 0.9344177 0.3430833 -0.09569501 0.930652 0.3575779 -0.07761973 0.9306522 0.3575779 -0.07761973 0.8901745 0.4489929 -0.07742565 0.8901746 0.448993 -0.07742565 0.8901745 0.4489929 -0.07742565 0.8848444 0.4628764 -0.05287748 0.8848444 0.4628764 -0.05287748 0.8848443 0.4628763 -0.05287748 0.8310726 0.5477488 -0.09638273 0.8310726 0.5477488 -0.09638273 0.8310727 0.5477488 -0.09638273 0.8238987 0.5613803 -0.07773768 0.8238987 0.5613803 -0.07773768 0.7642942 0.6401526 -0.07784128 0.764294 0.6401526 -0.07784128 0.7642942 0.6401526 -0.07784128 0.7555074 0.653083 -0.05187964 0.75551 0.6530801 -0.05187779 0.7555074 0.653083 -0.05187964 0.6859703 0.7211831 -0.09664326 0.6859702 0.7211831 -0.09664326 0.6859702 0.7211831 -0.09664332 0.6753895 0.733381 -0.07746785 0.6753895 0.733381 -0.07746785 0.6008644 0.7955816 -0.07753765 0.6008644 0.7955816 -0.07753765 0.6008643 0.7955816 -0.07753765 0.5825262 0.811947 -0.03748917 0.5825262 0.811947 -0.03748917 0.5825262 0.811947 -0.03748917 0.5059034 0.8565826 -0.1016274 0.5059034 0.8565827 -0.1016274 0.5059034 0.8565827 -0.1016274 0.4848637 0.8711185 -0.07784467 0.4848637 0.8711185 -0.07784461 0.4848637 0.8711185 -0.07784467 0.4078062 0.909723 -0.0780906 0.3771611 0.9258311 -0.02421188 0.3078282 0.9465297 -0.09655815 0.3078281 0.9465297 -0.09655815 0.3078281 0.9465298 -0.09655809 0.2758736 0.9580227 -0.07801479 0.2758737 0.9580227 -0.07801491 0.2758736 0.9580227 -0.07801479 0.1707649 0.9819073 -0.08183836 0.1695171 0.9824805 -0.07743436 0.1690105 0.982477 -0.07857775 0.1713945 0.9816753 -0.08329296 0.03169906 0.9965394 -0.07684135 0.03078192 0.9967876 -0.07394003 0.03116387 0.9966935 -0.07503944 0.03212487 0.9964189 -0.07821494 0.4539204 0.004088461 -0.8910329 0.487921 0.05334788 -0.8712561 0.4879211 0.05334782 -0.8712561 0.487921 0.05334788 -0.8712561 0.2302457 -0.03546237 -0.9724862 0.2302457 -0.03546243 -0.9724862 0.2302457 -0.03546237 -0.9724862 0.2672507 0.002440214 -0.963624 0.2677652 0.00176984 -0.9634826 0.2678459 0.00144273 -0.9634608 0.07412195 3.51451e-4 -0.9972492 0.4058448 0.2046954 -0.8907244 0.4267937 0.1564681 -0.8907104 0.4267937 0.1564681 -0.8907104 0.4223271 0.1299062 -0.8970866 0.4223271 0.1299061 -0.8970866 0.4223271 0.1299061 -0.8970866 0.4412391 0.1099404 -0.8906297 0.4534864 0.04574638 -0.8900884 0.07668918 0.002843558 -0.997051 0.07358443 0.007712304 -0.9972591 0.07247924 0.007107377 -0.9973446 0.07202094 0.02169466 -0.9971672 0.07307952 0.02342706 -0.997051 0.0726521 0.0229426 -0.9970935 0.07130604 0.02196383 -0.9972127 0.06460082 0.03737318 -0.9972111 0.1995625 0.1158043 -0.9730181 0.1999793 0.1158285 -0.9729297 0.1998915 0.1156966 -0.9729634 0.1997568 0.1157357 -0.9729865 0.3812769 0.220928 -0.8976742 0.2740906 0.3626794 -0.8906953 0.2740906 0.3626795 -0.8906952 0.3131823 0.329441 -0.890722 0.3131822 0.3294409 -0.890722 0.3131822 0.3294409 -0.890722 0.3215429 0.301832 -0.8975008 0.3215429 0.301832 -0.8975008 0.3215429 0.301832 -0.8975008 0.3486337 0.2921739 -0.8905554 0.3795091 0.2501817 -0.89072 0.3795092 0.2501817 -0.89072 0.3795091 0.2501817 -0.89072 0.2309798 0.3916032 -0.8906712 0.2453094 0.3665345 -0.897483 0.1284205 0.1917412 -0.9730075 0.128462 0.191796 -0.9729912 0.1284357 0.1917663 -0.9730005 0.1286279 0.1919932 -0.9729304 0.3310847 0.5606511 -0.7589817 0.3923327 0.5195885 -0.7590144 0.3924836 0.5196039 -0.7589258 0.3925026 0.5196076 -0.7589136 0.3925123 0.519608 -0.7589084 0.4488012 0.4718392 -0.7589106 0.4487839 0.4719193 -0.7588711 0.4487929 0.4718792 -0.7588906 0.448801 0.4718248 -0.7589197 0.4992153 0.4182068 -0.7588725 0.4991888 0.4181929 -0.7588974 0.4991942 0.4181953 -0.7588925 0.4991529 0.4181678 -0.7589349 0.5436851 0.3583852 -0.7589246 0.5436566 0.3583689 -0.7589527 0.5437539 0.3583886 -0.7588737 0.5437582 0.358399 -0.7588658 0.581475 0.2931772 -0.7589032 0.5814499 0.2930995 -0.7589524 0.5814881 0.2932178 -0.7588774 0.5815146 0.2933 -0.7588253 0.6113029 0.2244694 -0.7588956 0.6114379 0.2243533 -0.7588211 0.6113025 0.224455 -0.7589001 0.6113154 0.2244248 -0.7588986 0.6317856 0.1572529 -0.7590247 0.6317179 0.1573009 -0.7590712 0.6318553 0.1572492 -0.7589675 0.6317739 0.1572066 -0.7590442 0.6486734 0.06536221 -0.758255 0.648887 0.06561273 -0.7580506 0.6486659 0.0654 -0.7582582 0.6483246 0.06519615 -0.7585676 0.6501403 0.006793737 -0.7597839 0.6505668 0.006964325 -0.7594172 0.6499316 0.006414711 -0.7599657 0.6487925 1.82615e-4 -0.7609654 0.03879761 0.2271533 -0.9730859 0.03879767 0.2271571 -0.973085 0.03879767 0.227155 -0.9730856 0.03879767 0.2271586 -0.9730846 0.07673281 0.44924 -0.8901098 0.076981 0.4488687 -0.8902757 0.07697969 0.4485041 -0.8904596 0.07716721 0.4485901 -0.8904 0.1104022 0.642799 -0.7580375 0.1104623 0.6426374 -0.7581657 0.1104502 0.6426037 -0.7581961 0.1103354 0.642371 -0.75841 0.129708 0.7536731 -0.6443235 0.129754 0.7535424 -0.644467 0.1297428 0.7535775 -0.6444283 0.1297667 0.7535932 -0.6444051 0.004618346 0.1562873 -0.9877009 0.01010012 0.3460525 -0.9381608 0.03372538 0.4527156 -0.891017 0.03372538 0.4527155 -0.891017 0.03372538 0.4527156 -0.891017 0.01459681 0.4884451 -0.8724726 0.01459693 0.4884451 -0.8724727 0.01459693 0.4884451 -0.8724727 0.01951086 0.6509662 -0.758856 0.01990741 0.6506705 -0.7590993 0.02015453 0.6496858 -0.7599357 0.0201801 0.6493048 -0.7602607 0.02259385 0.763656 -0.6452279 0.02283817 0.7632447 -0.6457058 0.02315336 0.7626135 -0.64644 0.02328467 0.76227 -0.6468404 0.8899319 0.03874289 -0.4544452 0.8868371 0.09018212 -0.4531968 0.8866789 0.0899263 -0.4535568 0.8867908 0.08997404 -0.4533286 0.8869451 0.09021073 -0.4529794 0.8646315 0.2153749 -0.4539011 0.8647291 0.2155523 -0.4536306 0.864726 0.2155576 -0.4536341 0.8647381 0.2155372 -0.4536207 0.8364921 0.307093 -0.4538448 0.8365744 0.3072006 -0.4536201 0.8365905 0.3071818 -0.4536032 0.8364614 0.3070507 -0.4539299 0.7957199 0.4011327 -0.453787 0.7956624 0.4012188 -0.4538117 0.7956738 0.4012001 -0.453808 0.795749 0.4009782 -0.4538722 0.7439183 0.4905221 -0.4538432 0.7438348 0.4906792 -0.4538102 0.7440015 0.4904267 -0.45381 0.7439392 0.4906039 -0.4537206 0.6833426 0.5719643 -0.4537618 0.6830977 0.5721938 -0.4538414 0.6829098 0.5722076 -0.4541065 0.6831091 0.5721673 -0.4538574 0.6140937 0.6456707 -0.4538707 0.6138977 0.6457147 -0.4540729 0.614103 0.6456689 -0.4538604 0.6141408 0.6456423 -0.4538469 0.5370697 0.7110019 -0.4539079 0.5373188 0.7106828 -0.454113 0.5370367 0.7110315 -0.4539007 0.5368714 0.7108148 -0.4544354 0.4530839 0.767306 -0.4538244 0.4531891 0.7673287 -0.4536808 0.4531415 0.7673128 -0.4537556 0.4531038 0.7673488 -0.453732 0.3643177 0.8131867 -0.4538725 0.3643468 0.8131536 -0.4539081 0.3642779 0.8131877 -0.4539026 0.2754385 0.8473777 -0.4539656 0.2757597 0.8473259 -0.4538672 0.2753517 0.8473702 -0.4540324 0.364286 0.8131676 -0.4539319 0.3123763 0.6971273 -0.6453174 0.3123763 0.6971274 -0.6453174 0.3123763 0.6971274 -0.6453174 0.3884975 0.657892 -0.6451728 0.3883928 0.6576515 -0.6454809 0.3885028 0.6578127 -0.6452504 0.3884817 0.6578372 -0.6452381 0.4603953 0.6095885 -0.6453202 0.4603815 0.6095771 -0.6453408 0.4604096 0.609625 -0.6452755 0.4603962 0.6095782 -0.6453292 0.5264592 0.5535703 -0.6452912 0.5264773 0.5535759 -0.6452715 0.5264646 0.5535742 -0.6452834 0.5265015 0.5535715 -0.6452556 0.5855985 0.4906397 -0.6452498 0.5855935 0.4906055 -0.6452802 0.5855851 0.4905481 -0.6453315 0.5856075 0.4906806 -0.6452103 0.63785 0.4203057 -0.6453608 0.6378823 0.4203958 -0.6452701 0.6378227 0.4202548 -0.645421 0.6379387 0.4204612 -0.6451718 0.6822638 0.3438375 -0.6452069 0.6820744 0.3442204 -0.6452029 0.6822747 0.343876 -0.6451749 0.6822929 0.3439401 -0.6451215 0.717104 0.2633011 -0.6453173 0.717157 0.2634223 -0.645209 0.7170719 0.2632278 -0.645383 0.7170163 0.2631011 -0.6454962 0.7410631 0.184696 -0.645533 0.7413799 0.1844936 -0.6452271 0.7410596 0.1846883 -0.6455393 0.7413386 0.1843751 -0.6453083 0.7606901 0.07716876 -0.6445119 0.7606574 0.07714807 -0.644553 0.7604978 0.07677829 -0.6447855 0.760385 0.07678478 -0.6449177 0.762765 0.007099747 -0.646637 0.7634214 0.007281363 -0.6458598 0.763229 0.006233572 -0.6460981 0.7636513 8.73498e-4 -0.6456285 0.06150895 0.04133051 -0.9972505 0.06389814 0.04678487 -0.9968593 0.06221055 0.04688036 -0.9969615 0.05427402 0.0509625 -0.9972248 0.05426651 0.05093759 -0.9972265 0.04152452 0.0620163 -0.997211 0.04152643 0.06203502 -0.9972098 0.0415219 0.06199061 -0.9972128 0.04152029 0.06197458 -0.9972137 0.02672982 0.06957978 -0.9972183 0.08290076 0.2153604 -0.9730095 0.08293956 0.2154628 -0.9729835 0.08291327 0.2156645 -0.9729411 0.08295822 0.2153193 -0.9730136 0.1640011 0.4256792 -0.8898882 0.1639896 0.4253659 -0.89004 0.1639914 0.4253678 -0.8900389 0.1640107 0.4256582 -0.8898965 0.2348179 0.6091321 -0.7575082 0.2348055 0.6090672 -0.7575642 0.2347828 0.6089962 -0.7576284 0.2348012 0.6089662 -0.7576468 0.2621727 0.68024 -0.6844992 0.2621727 0.6802399 -0.6844992 0.2621728 0.68024 -0.6844992 0.2362071 0.7263908 -0.6454166 0.236207 0.7263909 -0.6454166 0.236207 0.7263908 -0.6454166 0.2753857 0.8473847 -0.4539844 0.1514222 0.8785456 -0.453022 0.151305 0.8786284 -0.4529007 0.1514006 0.8785238 -0.4530717 0.151502 0.8784307 -0.4532182 0.02725839 0.8906144 -0.4539418 0.02725839 0.8906144 -0.4539418 0.02725839 0.8906143 -0.4539417 0.0481978 0.8730167 -0.485303 0.0481978 0.8730166 -0.4853029 0.04819774 0.8730166 -0.4853029 0.9715319 0.009054481 -0.2367359 0.9715319 0.009054481 -0.2367359 0.9715319 0.009054481 -0.2367359 0.9667715 0.09842693 -0.2359347 0.9666599 0.0987904 -0.23624 0.9667744 0.09840798 -0.2359302 0.9668421 0.09836977 -0.2356687 0.9427453 0.235025 -0.2366318 0.9427449 0.235022 -0.2366363 0.9427455 0.2350268 -0.2366288 0.942746 0.2350298 -0.2366245 0.9121358 0.3349151 -0.2363055 0.9121606 0.3349945 -0.236097 0.9121375 0.3349417 -0.2362614 0.9121372 0.3349515 -0.2362482 0.8675419 0.4376513 -0.2362895 0.8675544 0.4375897 -0.2363569 0.8675314 0.4375537 -0.2365084 0.8675518 0.4375586 -0.2364244 0.8113212 0.5347093 -0.2363131 0.8113189 0.5347212 -0.2362939 0.8113433 0.5346789 -0.2363061 0.8113185 0.5347211 -0.2362958 0.7449365 0.6238055 -0.2365087 0.7449231 0.6238787 -0.2363577 0.7448769 0.6239733 -0.2362537 0.7448782 0.6239969 -0.2361872 0.6695913 0.7041272 -0.2363311 0.6695246 0.7042198 -0.2362442 0.6695994 0.704102 -0.2363832 0.6696173 0.7040866 -0.2363788 0.5856223 0.7753554 -0.2363695 0.5856196 0.7753603 -0.2363602 0.58565 0.7753066 -0.2364609 0.5854652 0.7755802 -0.2360209 0.4941366 0.8366566 -0.2362941 0.4940001 0.8367521 -0.2362415 0.4940656 0.8366918 -0.2363178 0.4940698 0.8366716 -0.2363802 0.3974419 0.8866487 -0.236419 0.3974044 0.8866689 -0.2364068 0.3973168 0.8867111 -0.2363958 0.3974854 0.8867042 -0.236138 0.3007552 0.9239874 -0.2362068 0.3007155 0.9240186 -0.2361353 0.3007789 0.9239687 -0.2362497 0.300818 0.9239379 -0.2363201 0.1651458 0.9576405 -0.2359059 0.1647555 0.9577417 -0.235768 0.1652587 0.9576543 -0.2357708 0.1653044 0.95762 -0.235878 0.01314365 0.9716113 -0.236218 0.01314365 0.9716112 -0.236218 0.01314359 0.9716112 -0.236218 0.02967214 0.962135 -0.2709535 0.02967214 0.9621351 -0.2709536 0.0296722 0.9621351 -0.2709535 0.9969347 0 -0.07823902 0.9969158 0 -0.07847797 0.9625352 0 -0.2711567 0.9625093 0 -0.2712491 0.8739794 0 -0.4859632 0.874026 0 -0.4858793 0.7624199 0 -0.6470828 0.7625439 0 -0.6469366 0.6497384 0 -0.760158 0.6493738 0 -0.7604694 0.488578 0 -0.8725203 0.4885827 0 -0.8725176 0.4886617 0 -0.8724734 0.4884992 0 -0.8725644 0.346059 0 -0.9382128 0.3491936 -0.005601763 -0.9370338 0.3492649 -0.004971027 -0.9370108 0.2669436 7.33362e-4 -0.9637119 0.1561489 -0.001376271 -0.9877326 0.1551031 -0.003000915 -0.9878938 0.15589 -0.004151225 -0.9877658 0.07411843 0 -0.9972496 -0.01064175 -0.9617701 -0.2736517 -2.30119e-4 -0.9620118 -0.2730081 -0.01272231 -0.9624907 -0.2710164 0.006732881 -0.8744952 -0.4849874 2.27404e-4 -0.8746052 -0.4848359 0.00821501 -0.8739895 -0.4858754 0.04565155 -0.4530667 -0.890307 0.04481369 -0.4525445 -0.8906152 0.04524576 -0.4528638 -0.8904309 0.07077646 -0.02272361 -0.9972335 0.07214945 -0.01761937 -0.9972383 0.07221335 -0.02066743 -0.9971751 0.07404482 -0.002152144 -0.9972526 0.07448655 -0.002622723 -0.9972186 0.07361811 -0.01272511 -0.9972053 0.07528299 -0.03309983 -0.9966127 0.07498192 -0.03255975 -0.9966533 0.07439821 -0.0320084 -0.9967148 0.03817868 -0.07230275 -0.9966518 0.03811591 -0.07407397 -0.9965241 0.03860747 -0.07336246 -0.9965578 3.24966e-4 -0.07459867 -0.9972136 0.001124918 -0.074377 -0.9972296 6.90352e-4 -0.07415533 -0.9972466 0.02274423 -0.2289469 -0.9731733 0.02260911 -0.2287832 -0.9732148 0.02269238 -0.22912 -0.9731337 0.02279359 -0.2292376 -0.9731036 0.06792402 -0.2206189 -0.9729921 0.0677424 -0.2204367 -0.9730461 0.06785702 -0.2205482 -0.9730128 0.06781423 -0.220503 -0.973026 0.1579111 -0.1682131 -0.9730203 0.1579315 -0.1682357 -0.9730131 0.1579185 -0.1682218 -0.9730176 0.1581593 -0.1684879 -0.9729325 0.2339926 0.04899668 -0.9710031 0.2339926 0.04899656 -0.9710031 0.2339926 0.04899662 -0.971003 0.5607171 -0.3311074 -0.7589232 0.5607619 -0.3311119 -0.758888 0.560706 -0.3310946 -0.7589368 0.007917463 -0.9970216 -0.07671582 2.47512e-4 -0.9970591 -0.07663661 0.009521663 -0.9968935 -0.07818442 0.04010421 -0.9988815 -0.02505004 0.04010415 -0.9988815 -0.02505004 0.04010415 -0.9988815 -0.02505004 0.1003249 -0.9841724 -0.1460808 0.1003248 -0.9841724 -0.1460807 0.1003248 -0.9841724 -0.1460808 0.1513006 -0.9854359 -0.07761561 0.1513006 -0.9854359 -0.07761561 0.1513006 -0.985436 -0.07761567 0.2409143 -0.9674465 -0.07750886 0.2409142 -0.9674465 -0.07750892 0.2409142 -0.9674466 -0.07750892 0.2543938 -0.965418 -0.05702739 0.3429963 -0.9344522 -0.0956695 0.3429962 -0.9344522 -0.0956695 0.3429962 -0.9344522 -0.0956695 0.3574751 -0.9307045 -0.07746613 0.357475 -0.9307045 -0.07746613 0.357475 -0.9307045 -0.07746613 0.449175 -0.8900936 -0.07730066 0.4491749 -0.8900936 -0.0773006 0.4491749 -0.8900936 -0.0773006 0.4629039 -0.8848268 -0.05293053 0.4629039 -0.8848268 -0.05293053 0.4629039 -0.8848267 -0.05293053 0.5477297 -0.8310804 -0.09642386 0.5477299 -0.8310804 -0.09642386 0.5477299 -0.8310804 -0.09642386 0.5612485 -0.8239771 -0.07785844 0.5612485 -0.8239771 -0.0778585 0.6401536 -0.7642933 -0.07784128 0.6401536 -0.7642933 -0.07784128 0.6401536 -0.7642933 -0.07784134 0.6530159 -0.7555534 -0.05205309 0.6530176 -0.7555518 -0.05205422 0.6530159 -0.7555534 -0.05205309 0.7211815 -0.6859716 -0.09664541 0.7211815 -0.6859716 -0.09664541 0.7211815 -0.6859715 -0.09664541 0.7333816 -0.6753892 -0.07746618 0.7333816 -0.6753892 -0.07746618 0.7333815 -0.6753892 -0.07746618 0.7955865 -0.6008694 -0.07744848 0.7955864 -0.6008694 -0.07744842 0.7955864 -0.6008695 -0.07744842 0.8118938 -0.5826081 -0.03736865 0.8118938 -0.5826081 -0.03736865 0.8118938 -0.5826081 -0.03736865 0.8565157 -0.5059723 -0.101848 0.8565157 -0.5059724 -0.101848 0.8565157 -0.5059723 -0.101848 0.8711822 -0.484759 -0.07778334 0.8711823 -0.484759 -0.07778334 0.8711823 -0.484759 -0.07778334 0.9098171 -0.4076836 -0.07763379 0.9098172 -0.4076835 -0.07763379 0.9098171 -0.4076836 -0.07763379 0.9258316 -0.37716 -0.02421015 0.9465299 -0.3078271 -0.09655976 0.9465299 -0.3078269 -0.09655964 0.9465299 -0.3078271 -0.0965597 0.9579999 -0.275964 -0.07797527 0.9579998 -0.275964 -0.07797533 0.958 -0.275964 -0.07797527 0.9819129 -0.1707542 -0.08179259 0.9824713 -0.1695043 -0.07757872 0.9824779 -0.1690032 -0.07858252 0.9816756 -0.1713941 -0.08329057 0.9965434 -0.03168421 -0.0767945 0.9967837 -0.03079527 -0.07398504 0.9966939 -0.0311625 -0.07503646 0.9964112 -0.03214418 -0.07830458 0.004357099 -0.4541039 -0.8909382 0.004357159 -0.4541039 -0.8909382 0.004357159 -0.4541039 -0.8909382 0.05331295 -0.4878972 -0.8712715 0.05331295 -0.4878972 -0.8712716 0.05331295 -0.4878972 -0.8712716 -0.03563857 -0.230185 -0.9724942 -0.03563857 -0.230185 -0.9724941 -0.03563857 -0.230185 -0.9724942 0.002374887 -0.2673767 -0.9635893 0.001767277 -0.2677622 -0.9634835 0.001445949 -0.2678439 -0.9634613 3.51447e-4 -0.07412046 -0.9972493 0.2046927 -0.4058469 -0.8907241 0.1564679 -0.426793 -0.8907108 0.1564679 -0.4267929 -0.8907108 0.1564679 -0.426793 -0.8907107 0.1299716 -0.4226193 -0.8969395 0.1099399 -0.4412407 -0.890629 0.04554057 -0.4531033 -0.8902941 0.002789795 -0.07665318 -0.9970539 0.007729172 -0.07362651 -0.9972561 0.0071069 -0.07247537 -0.9973449 0.02173876 -0.07204538 -0.9971644 0.0234251 -0.07307654 -0.9970512 0.02296721 -0.07269066 -0.9970901 0.02196198 -0.07130491 -0.9972128 0.03737658 -0.06460273 -0.9972109 0.1156063 -0.1998293 -0.9729869 0.1158288 -0.1999811 -0.9729292 0.1156986 -0.1998923 -0.972963 0.1157363 -0.1997584 -0.9729861 0.2209294 -0.3812742 -0.8976749 0.3627048 -0.2740038 -0.8907117 0.3627047 -0.2740038 -0.8907117 0.3627046 -0.2740038 -0.8907117 0.3293232 -0.3133519 -0.8907058 0.3293232 -0.3133518 -0.8907059 0.3293232 -0.3133518 -0.8907059 0.3020091 -0.3217918 -0.897352 0.2921742 -0.3486311 -0.8905563 0.2503669 -0.3794859 -0.8906778 0.2503669 -0.3794859 -0.8906778 0.3913761 -0.2312282 -0.8907066 0.3913761 -0.2312282 -0.8907066 0.3665373 -0.2453081 -0.8974823 0.1918312 -0.1284622 -0.9729843 0.1917964 -0.1284619 -0.9729912 0.191894 -0.1285014 -0.9729667 0.1917341 -0.1284264 -0.9730081 0.560679 -0.331153 -0.7589313 0.5196071 -0.3924987 -0.7589159 0.5196039 -0.3924836 -0.7589258 0.5196078 -0.3925054 -0.7589119 0.5196076 -0.3924319 -0.7589501 0.4718822 -0.4487926 -0.758889 0.4719193 -0.4487839 -0.7588711 0.4718383 -0.4488001 -0.7589118 0.4718265 -0.4488005 -0.7589189 0.4182068 -0.4992157 -0.7588722 0.4181941 -0.4991913 -0.7588952 0.4181949 -0.4991936 -0.7588933 0.4181864 -0.4991807 -0.7589063 0.3583931 -0.5436471 -0.7589482 0.3583478 -0.5436279 -0.7589831 0.3584241 -0.543599 -0.7589679 0.3583993 -0.5437049 -0.7589038 0.2931784 -0.5814731 -0.7589042 0.2934269 -0.5813802 -0.7588794 0.2932163 -0.5814869 -0.758879 0.2932928 -0.581515 -0.7588279 0.2244731 -0.6113029 -0.7588945 0.224666 -0.6111175 -0.7589866 0.2244577 -0.6113029 -0.7588989 0.2244248 -0.6113154 -0.7588986 0.157257 -0.6317142 -0.7590832 0.1573003 -0.631791 -0.7590105 0.157249 -0.6318595 -0.7589641 0.1572136 -0.6317072 -0.7590982 0.06536024 -0.6486762 -0.7582529 0.06561166 -0.6488904 -0.7580478 0.0654 -0.6486696 -0.758255 0.06519585 -0.6483282 -0.7585645 0.006756067 -0.6501222 -0.7597998 0.00696963 -0.6505707 -0.7594137 0.006365656 -0.6499322 -0.7599656 2.20393e-4 -0.6488102 -0.7609503 0.2271564 -0.03880172 -0.973085 0.2271586 -0.03879928 -0.9730846 0.2271574 -0.03880065 -0.9730849 0.2271595 -0.03879827 -0.9730845 0.44924 -0.0767306 -0.89011 0.4488699 -0.07698118 -0.8902751 0.4486335 -0.07696753 -0.8903954 0.4485923 -0.07716917 -0.8903989 0.6427612 -0.1104004 -0.7580699 0.6425713 -0.1104222 -0.7582276 0.6426376 -0.1104567 -0.7581664 0.6422652 -0.1100454 -0.7585417 0.7536724 -0.1297081 -0.6443243 0.7535458 -0.1297531 -0.6444633 0.7535154 -0.129764 -0.6444966 0.7535976 -0.1297617 -0.644401 0.1566181 -0.004588723 -0.9876486 0.3461049 -0.01010054 -0.9381415 0.4527158 -0.03372406 -0.8910169 0.4527158 -0.03372406 -0.8910169 0.4527158 -0.03372406 -0.8910169 0.4886158 -0.01460528 -0.8723768 0.4886158 -0.01460534 -0.8723768 0.4886158 -0.01460534 -0.8723769 0.6507111 -0.01946294 -0.7590761 0.6506707 -0.01990872 -0.7590991 0.6496542 -0.02018254 -0.759962 0.6493057 -0.02017939 -0.7602598 0.7636533 -0.02259582 -0.6452311 0.7632136 -0.02284896 -0.6457421 0.7625826 -0.02317446 -0.6464759 0.7623314 -0.02326798 -0.6467686 0.03873777 -0.8899328 -0.4544438 0.09018385 -0.8868368 -0.4531969 0.08992743 -0.8866786 -0.4535573 0.09010219 -0.8868463 -0.4531948 0.09066545 -0.8871334 -0.4525197 0.2155677 -0.8647159 -0.4536485 0.2155493 -0.8647291 -0.4536322 0.2155542 -0.8647256 -0.4536365 0.2152569 -0.8646143 -0.4539896 0.3070935 -0.8364926 -0.4538434 0.3072022 -0.8365748 -0.4536181 0.3071838 -0.8365907 -0.4536014 0.3070033 -0.8365036 -0.4538843 0.4012619 -0.7956451 -0.4538037 0.4012152 -0.7956641 -0.4538117 0.4013265 -0.7956087 -0.4538104 0.401274 -0.7956317 -0.4538165 0.4904168 -0.7440075 -0.4538107 0.4906808 -0.7438349 -0.4538086 0.490701 -0.7438071 -0.4538321 0.4903158 -0.7440495 -0.4538512 0.5722084 -0.6831087 -0.4538062 0.5721937 -0.683098 -0.4538409 0.5721942 -0.6831027 -0.4538333 0.5721653 -0.6831137 -0.453853 0.6457116 -0.6139852 -0.4539589 0.645716 -0.6138973 -0.4540716 0.6457008 -0.6139994 -0.4539552 0.6456421 -0.6141418 -0.4538461 0.7110493 -0.5369911 -0.4539268 0.7109189 -0.537132 -0.4539644 0.7109662 -0.537106 -0.453921 0.7109146 -0.5369958 -0.4541321 0.7673059 -0.4530786 -0.4538297 0.7673001 -0.45308 -0.4538381 0.7673125 -0.4531396 -0.4537579 0.7673496 -0.4531029 -0.4537316 0.8131838 -0.3643218 -0.4538743 0.8131531 -0.3643475 -0.4539088 0.8131024 -0.3644514 -0.453916 0.8473779 -0.2754375 -0.453966 0.8473286 -0.2757546 -0.4538654 0.847382 -0.2754208 -0.4539684 0.8131523 -0.3643283 -0.4539253 0.6970793 -0.3125103 -0.6453045 0.6970793 -0.3125103 -0.6453046 0.6577536 -0.3885078 -0.6453076 0.6579084 -0.3885643 -0.6451158 0.6578097 -0.3885033 -0.6452532 0.6577606 -0.3884957 -0.6453078 0.6095898 -0.4603959 -0.6453186 0.6096026 -0.460402 -0.6453021 0.6095659 -0.4603887 -0.6453461 0.609578 -0.4603963 -0.6453293 0.5535795 -0.526489 -0.645259 0.5535894 -0.5264992 -0.6452422 0.5535787 -0.5265001 -0.6452507 0.5535705 -0.5265071 -0.6452519 0.490605 -0.5855936 -0.6452806 0.4906082 -0.5855937 -0.6452779 0.4906899 -0.5856065 -0.6452043 0.4906091 -0.5855949 -0.6452762 0.4206317 -0.6379678 -0.6450319 0.4203949 -0.6378821 -0.645271 0.4203472 -0.6378629 -0.645321 0.4204623 -0.6379349 -0.6451748 0.3438365 -0.682265 -0.6452061 0.3437769 -0.6822475 -0.6452565 0.3441276 -0.6820716 -0.6452555 0.3441002 -0.6820538 -0.645289 0.2632988 -0.7171043 -0.6453179 0.2634217 -0.7171574 -0.6452088 0.2632245 -0.7170723 -0.6453839 0.2630959 -0.7170168 -0.645498 0.1845084 -0.7412711 -0.6453479 0.1847144 -0.7410746 -0.6455146 0.1846902 -0.7410584 -0.6455401 0.1843817 -0.7413358 -0.6453098 0.07716697 -0.7606908 -0.6445112 0.07714533 -0.7606597 -0.6445506 0.07694691 -0.7605548 -0.6446982 0.0769487 -0.7604523 -0.6448189 0.007104158 -0.762765 -0.6466368 0.007162332 -0.7635125 -0.6457533 0.006277441 -0.7632413 -0.6460832 8.71533e-4 -0.7636512 -0.6456285 0.04133027 -0.06150555 -0.9972507 0.04676723 -0.06390082 -0.9968599 0.04684966 -0.06220543 -0.9969632 0.05096483 -0.05427265 -0.9972247 0.05094009 -0.05426275 -0.9972265 0.06201565 -0.04152637 -0.997211 0.06203353 -0.04152899 -0.9972098 0.06199115 -0.04152274 -0.9972126 0.06197589 -0.04152047 -0.9972137 0.06958651 -0.02672338 -0.997218 0.215496 -0.08289992 -0.9729796 0.2154643 -0.08293724 -0.9729834 0.2153351 -0.08290541 -0.9730147 0.2153233 -0.08295351 -0.9730132 0.425683 -0.1639972 -0.8898871 0.4256671 -0.1640044 -0.8898933 0.4252384 -0.1639918 -0.8901005 0.4252267 -0.1639748 -0.8901093 0.6091874 -0.2348617 -0.7574502 0.6091043 -0.2348089 -0.7575334 0.6091321 -0.2348282 -0.7575049 0.6089674 -0.2348012 -0.7576457 0.6802375 -0.2621762 -0.6845003 0.6802375 -0.2621762 -0.6845003 0.6802375 -0.2621763 -0.6845003 0.7264595 -0.2361781 -0.64535 0.7264595 -0.2361781 -0.64535 0.7264595 -0.2361781 -0.64535 0.8473915 -0.2754616 -0.4539258 0.8785089 -0.1513875 -0.4531048 0.8786486 -0.1513088 -0.4528602 0.8785236 -0.1514004 -0.453072 0.8784436 -0.1515818 -0.4531666 0.8907184 -0.02717846 -0.4537425 0.8907184 -0.0271784 -0.4537426 0.8907183 -0.02717834 -0.4537426 0.8729308 -0.04828888 -0.4854482 0.8729309 -0.04828894 -0.4854482 0.8729309 -0.04828888 -0.4854482 0.009149372 -0.9715353 -0.2367186 0.009149372 -0.9715352 -0.2367185 0.009149372 -0.9715352 -0.2367187 0.09853827 -0.9667395 -0.2360191 0.09879171 -0.9666606 -0.2362366 0.09882348 -0.9666778 -0.2361526 0.09837156 -0.9668416 -0.2356702 0.2348039 -0.9428574 -0.2364047 0.2350173 -0.9427463 -0.2366353 0.2350232 -0.942745 -0.2366349 0.2348067 -0.9428561 -0.2364072 0.3349602 -0.9121404 -0.2362237 0.3349891 -0.9121614 -0.2361015 0.3349661 -0.9121391 -0.2362205 0.3349528 -0.9121373 -0.2362464 0.4374043 -0.8676053 -0.2365131 0.4376764 -0.8675403 -0.2362484 0.4376005 -0.8675433 -0.2363781 0.4375805 -0.867551 -0.2363868 0.5347091 -0.8113212 -0.2363135 0.5347212 -0.8113189 -0.2362939 0.5346779 -0.811344 -0.2363063 0.5347769 -0.8113035 -0.2362211 0.6238026 -0.7449407 -0.2365033 0.6237558 -0.7449638 -0.2365537 0.6239708 -0.7448797 -0.2362512 0.6239128 -0.7449123 -0.2363017 0.7042908 -0.6692975 -0.2366756 0.7041523 -0.6695816 -0.2362837 0.7041006 -0.6696017 -0.236381 0.7040888 -0.6696172 -0.2363719 0.7753791 -0.5856076 -0.2363282 0.7753603 -0.5856196 -0.2363602 0.7753748 -0.5856097 -0.2363369 0.7754102 -0.585587 -0.2362771 0.8367297 -0.4940112 -0.2362979 0.8367004 -0.4940679 -0.2362822 0.8367717 -0.4938253 -0.2365369 0.8366719 -0.4940711 -0.236377 0.8867149 -0.3973144 -0.236385 0.8867193 -0.3972975 -0.2363972 0.8865751 -0.3976239 -0.2363891 0.8867021 -0.3974895 -0.2361387 0.9239866 -0.3007572 -0.2362074 0.924017 -0.3007158 -0.2361415 0.9239684 -0.3007821 -0.236247 0.9239385 -0.3008229 -0.2363119 0.9576367 -0.1652727 -0.2358326 0.9576806 -0.1650872 -0.2357839 0.9576238 -0.1652388 -0.2359086 0.9575985 -0.1652968 -0.2359706 0.9716435 -0.0130921 -0.2360884 0.9716435 -0.01309216 -0.2360884 0.9716435 -0.01309216 -0.2360884 0.9621354 -0.02967143 -0.2709521 0.9621355 -0.02967137 -0.2709521 0.9621355 -0.02967143 -0.2709521 0 -0.9969275 -0.07833105 0 -0.9969274 -0.07833093 0 -0.9625364 -0.2711526 0 -0.9625104 -0.2712448 0 -0.8739783 -0.4859652 0 -0.8739783 -0.4859652 0 -0.7624815 -0.6470102 0 -0.7624195 -0.6470832 0 -0.6494881 -0.7603719 0 -0.6497433 -0.7601538 0 -0.4885811 -0.8725185 0 -0.4886648 -0.8724717 0 -0.4886648 -0.8724717 0 -0.4884974 -0.8725655 0 -0.3460662 -0.9382102 7.09877e-4 -0.2672609 -0.963624 -0.001420974 -0.1566189 -0.9876582 0 -0.07412034 -0.9972494 0 0 -1 -6.02939e-6 0 -1 1.27258e-6 0 -1 -2.47785e-6 0 -1 -4.65911e-6 0 -1 7.33447e-7 0 -1 0 0 -1 -3.56402e-6 0 -1 -3.68004e-6 0 -1 1.69869e-5 0 -1 -6.02566e-6 0 -1 -1.44926e-6 0 -1 -3.26163e-7 0 -1 0 0 -1 6.02938e-6 0 -1 -1.10703e-6 0 -1 1.19546e-6 0 -1 0 0 -1 0 0 -1 0 0 -1 2.20578e-6 0 -1 0 0 -1 6.98329e-7 0 -1 3.564e-6 0 -1 3.68003e-6 0 -1 -1.6987e-5 0 -1 6.02567e-6 0 -1 1.44923e-6 0 -1 3.26164e-7 0 -1 -1.52036e-7 0 -1 1.35612e-7 0 -1 2.24104e-6 0 -1 1.54471e-6 0 -1 4.19048e-6 0 -1 1.22318e-6 0 -1 -6.17437e-7 0 -1 2.57163e-6 0 -1 5.47847e-7 0 -1 1.46437e-6 0 -1 -1.59448e-6 0 -1 -3.40922e-7 0 -1 -1.32117e-6 0 -1 -6.47714e-7 0 -1 -9.92463e-7 0 -1 -2.75352e-7 0 -1 -2.24276e-7 0 -1 -1.15003e-6 0 -1 -1.61873e-6 0 -1 -8.22564e-7 0 -1 2.71309e-6 0 -1 -1.75e-6 0 -1 3.6569e-7 0 -1 -8.98855e-7 0 -1 0 0 -1 2.4643e-6 0 -1 0 0 -1 -6.98328e-7 0 -1 1.84228e-7 0 -1 1.54137e-6 0 -1 1.54555e-6 0 -1 -1.54472e-6 0 -1 -4.19047e-6 0 -1 -1.22318e-6 0 -1 6.17438e-7 0 -1 -2.57163e-6 0 -1 0 0 -1 2.92515e-7 0 -1 9.20229e-7 0 -1 -5.47847e-7 0 -1 -1.46437e-6 0 -1 1.59448e-6 0 -1 1.15003e-6 0 -1</float_array>
          <technique_common>
            <accessor source="#right_D405_link-mesh-normals-array" count="10251" stride="3">
              <param name="X" type="float"/>
              <param name="Y" type="float"/>
              <param name="Z" type="float"/>
            </accessor>
          </technique_common>
        </source>
        <source id="right_D405_link-mesh-map-0">
          <float_array id="right_D405_link-mesh-map-0-array" count="33684">0.716918 0.352771 0.716995 0.352646 0.796307 0.443479 0.796307 0.443479 0.716995 0.352646 0.717395 0.352162 0.796307 0.443479 0.717395 0.352162 0.796752 0.443117 0.796752 0.443117 0.717395 0.352162 0.717788 0.352058 0.803724 0.480081 0.808429 0.361145 0.804575 0.479891 0.804575 0.479891 0.808429 0.361145 0.808764 0.361403 0.804575 0.479891 0.808764 0.361403 0.808937 0.361443 0.716918 0.352771 0.796307 0.443479 0.716717 0.353132 0.716717 0.353132 0.796307 0.443479 0.795776 0.443925 0.716717 0.353132 0.795776 0.443925 0.716395 0.353846 0.794603 0.444941 0.71625 0.355202 0.795776 0.443925 0.795776 0.443925 0.71625 0.355202 0.716197 0.354809 0.795776 0.443925 0.716197 0.354809 0.716395 0.353846 0.522431 0.207023 0.520246 0.204602 0.58683 0.132076 0.58683 0.132076 0.520246 0.204602 0.584644 0.129656 0.502622 0.304061 0.499629 0.303781 0.502423 0.228556 0.502423 0.228556 0.499629 0.303781 0.499431 0.228275 0.502423 0.228556 0.532538 0.228496 0.502622 0.304061 0.502622 0.304061 0.532538 0.228496 0.532736 0.304001 0.532736 0.304001 0.53274 0.306101 0.502622 0.304061 0.502622 0.304061 0.53274 0.306101 0.502628 0.308232 0.532738 0.311977 0.502624 0.312037 0.532741 0.310151 0.532741 0.310151 0.502624 0.312037 0.502628 0.308232 0.532741 0.310151 0.502628 0.308232 0.532742 0.308172 0.532742 0.308172 0.502628 0.308232 0.53274 0.306101 0.502624 0.312037 0.499632 0.313751 0.502628 0.308232 0.502628 0.308232 0.499632 0.313751 0.499637 0.308994 0.502628 0.308232 0.499637 0.308994 0.502622 0.304061 0.502622 0.304061 0.499637 0.308994 0.499629 0.303781 0.708289 0.347887 0.712289 0.349034 0.708289 0.406466 0.708289 0.406466 0.712289 0.349034 0.712289 0.407613 0.654148 0.162259 0.655642 0.15839 0.659514 0.161552 0.654148 0.162259 0.659514 0.161552 0.657246 0.164788 0.657246 0.164788 0.659514 0.161552 0.663362 0.165853 0.657246 0.164788 0.663362 0.165853 0.660324 0.1682299 0.660324 0.1682299 0.663362 0.165853 0.666599 0.170641 0.660324 0.1682299 0.666599 0.170641 0.662914 0.17206 0.662914 0.17206 0.666599 0.170641 0.668733 0.175185 0.662914 0.17206 0.668733 0.175185 0.664621 0.175695 0.677778 0.161951 0.679912 0.166495 0.668733 0.175185 0.668733 0.175185 0.666599 0.170641 0.677778 0.161951 0.677778 0.161951 0.666599 0.170641 0.663362 0.165853 0.677778 0.161951 0.663362 0.165853 0.674541 0.157163 0.655642 0.15839 0.666821 0.1497 0.659514 0.161552 0.659514 0.161552 0.666821 0.1497 0.670645 0.1528159 0.659514 0.161552 0.670645 0.1528159 0.663362 0.165853 0.663362 0.165853 0.670645 0.1528159 0.670693 0.1528609 0.663362 0.165853 0.670693 0.1528609 0.674541 0.157163 0.499431 0.39154 0.502423 0.389826 0.500538 0.39623 0.500538 0.39623 0.502423 0.389826 0.50333 0.393621 0.500538 0.39623 0.50333 0.393621 0.500565 0.396284 0.500565 0.396284 0.50333 0.393621 0.505933 0.396835 0.500565 0.396284 0.505933 0.396835 0.503819 0.400301 0.503819 0.400301 0.505933 0.396835 0.509835 0.398978 0.503819 0.400301 0.509835 0.398978 0.508697 0.40298 0.508697 0.40298 0.509835 0.398978 0.514443 0.399724 0.508697 0.40298 0.514443 0.399724 0.514456 0.403912 0.574672 0.399604 0.574685 0.403792 0.514443 0.399724 0.514443 0.399724 0.574685 0.403792 0.514456 0.403912 0.694757 0.2091079 0.683578 0.2177979 0.679912 0.166495 0.679912 0.166495 0.683578 0.2177979 0.668733 0.175185 0.664621 0.175695 0.668733 0.175185 0.679466 0.218308 0.679466 0.218308 0.668733 0.175185 0.683578 0.2177979 0.679466 0.218308 0.683578 0.2177979 0.684284 0.221408 0.679466 0.218308 0.684284 0.221408 0.680031 0.221195 0.514975 0.216579 0.510926 0.216548 0.513216 0.2133049 0.514975 0.216579 0.513216 0.2133049 0.516807 0.213985 0.516807 0.213985 0.513216 0.2133049 0.516488 0.209111 0.516807 0.213985 0.516488 0.209111 0.519425 0.210629 0.519425 0.210629 0.516488 0.209111 0.520246 0.204602 0.519425 0.210629 0.520246 0.204602 0.522431 0.207023 0.504989 0.199457 0.508747 0.194949 0.520246 0.204602 0.520246 0.204602 0.516488 0.209111 0.504989 0.199457 0.504989 0.199457 0.516488 0.209111 0.513216 0.2133049 0.504989 0.199457 0.513216 0.2133049 0.501717 0.203652 0.574785 0.412331 0.574685 0.403792 0.580549 0.411375 0.580549 0.411375 0.574685 0.403792 0.580384 0.402859 0.510926 0.216548 0.499407 0.206925 0.513216 0.2133049 0.513216 0.2133049 0.499407 0.206925 0.499427 0.206894 0.513216 0.2133049 0.499427 0.206894 0.501717 0.203652 0.574685 0.403792 0.574672 0.399604 0.580384 0.402859 0.580384 0.402859 0.574672 0.399604 0.579283 0.39884 0.580384 0.402859 0.579283 0.39884 0.58045 0.402837 0.58045 0.402837 0.579283 0.39884 0.583197 0.396681 0.58045 0.402837 0.583197 0.396681 0.585341 0.400139 0.585341 0.400139 0.583197 0.396681 0.585816 0.393457 0.585341 0.400139 0.585816 0.393457 0.588616 0.396108 0.588616 0.396108 0.585816 0.393457 0.586743 0.389658 0.588616 0.396108 0.586743 0.389658 0.589774 0.39136 0.567199 0.122672 0.569613 0.124113 0.506332 0.193508 0.506332 0.193508 0.569613 0.124113 0.508747 0.194949 0.737545 0.511446 0.793616 0.46188 0.738594 0.512547 0.738594 0.512547 0.793616 0.46188 0.794665 0.462982 0.738594 0.512547 0.794665 0.462982 0.73948 0.513289 0.73948 0.513289 0.794665 0.462982 0.795551 0.463724 0.555319 0.303995 0.555121 0.228489 0.556827 0.303953 0.556827 0.303953 0.555121 0.228489 0.556629 0.228448 0.586942 0.303893 0.556827 0.303953 0.586743 0.228388 0.586743 0.228388 0.556827 0.303953 0.556629 0.228448 0.570252 0.04021996 0.573376 0.03975695 0.570037 0.115057 0.570037 0.115057 0.573376 0.03975695 0.573161 0.114595 0.586942 0.303893 0.589973 0.303601 0.586948 0.308064 0.586948 0.308064 0.589973 0.303601 0.58998 0.308814 0.569299 0.119116 0.572239 0.119668 0.567199 0.122672 0.567199 0.122672 0.572239 0.119668 0.569613 0.124113 0.556827 0.303953 0.586942 0.303893 0.556832 0.306053 0.556832 0.306053 0.586942 0.303893 0.586948 0.308064 0.556832 0.306053 0.586948 0.308064 0.556834 0.308124 0.556834 0.308124 0.586948 0.308064 0.556833 0.310103 0.556833 0.310103 0.586948 0.308064 0.586944 0.311869 0.556833 0.310103 0.586944 0.311869 0.55683 0.311929 0.732052 0.515702 0.731964 0.515118 0.73377 0.514928 0.555319 0.303995 0.556827 0.303953 0.555323 0.306024 0.555323 0.306024 0.556827 0.303953 0.556832 0.306053 0.555323 0.306024 0.556832 0.306053 0.555325 0.308026 0.555325 0.308026 0.556832 0.306053 0.556834 0.308124 0.555325 0.308026 0.556834 0.308124 0.555324 0.309938 0.555324 0.309938 0.556834 0.308124 0.556833 0.310103 0.555324 0.309938 0.556833 0.310103 0.555321 0.311704 0.555321 0.311704 0.556833 0.310103 0.55683 0.311929 0.555321 0.311704 0.554694 0.311433 0.555324 0.309938 0.734151 0.515919 0.732052 0.515702 0.73377 0.514928 0.555324 0.309938 0.554214 0.309482 0.555325 0.308026 0.555325 0.308026 0.554214 0.309482 0.554215 0.307751 0.555325 0.308026 0.554215 0.307751 0.555323 0.306024 0.555323 0.306024 0.554215 0.307751 0.554214 0.305939 0.555323 0.306024 0.554214 0.305939 0.555319 0.303995 0.555319 0.303995 0.554214 0.305939 0.55421 0.304102 0.737545 0.511446 0.738594 0.512547 0.736295 0.512368 0.736295 0.512368 0.738594 0.512547 0.737135 0.513623 0.736295 0.512368 0.737135 0.513623 0.734902 0.513055 0.734902 0.513055 0.737135 0.513623 0.735511 0.514424 0.734902 0.513055 0.735511 0.514424 0.73341 0.513487 0.73341 0.513487 0.735511 0.514424 0.73377 0.514928 0.73341 0.513487 0.73377 0.514928 0.731862 0.51365 0.731862 0.51365 0.73377 0.514928 0.731964 0.515118 0.537626 0.331406 0.538004 0.332622 0.535585 0.330033 0.534367 0.326003 0.534687 0.325831 0.53648 0.329405 0.53648 0.329405 0.534687 0.325831 0.535345 0.325357 0.536922 0.328967 0.53648 0.329405 0.53659 0.327697 0.53659 0.327697 0.53648 0.329405 0.535345 0.325357 0.490943 0.284108 0.490943 0.287111 0.49093 0.284154 0.536576 0.327643 0.535345 0.325357 0.535448 0.32526 0.63256 0.143047 0.630454 0.141068 0.631214 0.140803 0.536922 0.328967 0.537626 0.331406 0.53648 0.329405 0.53648 0.329405 0.537626 0.331406 0.535585 0.330033 0.53648 0.329405 0.535585 0.330033 0.534367 0.326003 0.534367 0.326003 0.535585 0.330033 0.534477 0.328195 0.534367 0.326003 0.534477 0.328195 0.534 0.326166 0.538702 0.334737 0.538479 0.334476 0.538004 0.332622 0.538004 0.332622 0.538479 0.334476 0.535404 0.330638 0.538004 0.332622 0.535404 0.330638 0.535585 0.330033 0.535585 0.330033 0.535404 0.330638 0.534013 0.328385 0.535585 0.330033 0.534013 0.328385 0.534477 0.328195 0.534477 0.328195 0.534013 0.328385 0.533176 0.326422 0.534477 0.328195 0.533176 0.326422 0.534 0.326166 0.537603 0.324749 0.538699 0.324767 0.538706 0.328088 0.631214 0.140803 0.631578 0.140861 0.63256 0.143047 0.489947 0.235202 0.489947 0.23215 0.490367 0.232271 0.49093 0.284154 0.489663 0.285709 0.490943 0.284108 0.53659 0.327697 0.536535 0.324683 0.537196 0.324731 0.53659 0.327697 0.537196 0.324731 0.536922 0.328967 0.536922 0.328967 0.537196 0.324731 0.53761 0.328117 0.536922 0.328967 0.53761 0.328117 0.537626 0.331406 0.537196 0.324731 0.537603 0.324749 0.53761 0.328117 0.53761 0.328117 0.537603 0.324749 0.538706 0.328088 0.53761 0.328117 0.538706 0.328088 0.537626 0.331406 0.537626 0.331406 0.538706 0.328088 0.538707 0.32998 0.537626 0.331406 0.538707 0.32998 0.538004 0.332622 0.538004 0.332622 0.538707 0.32998 0.538707 0.331809 0.538004 0.332622 0.538707 0.331809 0.538702 0.334737 0.712289 0.515862 0.712648 0.515748 0.712784 0.515742 0.550748 0.334713 0.551815 0.331446 0.553714 0.331088 0.553714 0.331088 0.551815 0.331446 0.553126 0.330372 0.553714 0.331088 0.553126 0.330372 0.553903 0.33083 0.553903 0.33083 0.553126 0.330372 0.554497 0.328234 0.553903 0.33083 0.554497 0.328234 0.555321 0.328618 0.555321 0.328618 0.554497 0.328234 0.555094 0.327019 0.555321 0.328618 0.555094 0.327019 0.555947 0.327344 0.712648 0.515748 0.712707 0.515729 0.712784 0.515742 0.712784 0.515742 0.712707 0.515729 0.715257 0.514844 0.712784 0.515742 0.715257 0.514844 0.714199 0.515676 0.551849 0.331336 0.552292 0.329841 0.552368 0.32975 0.552368 0.32975 0.552292 0.329841 0.552328 0.329715 0.552368 0.32975 0.552328 0.329715 0.553693 0.327684 0.553693 0.327684 0.552328 0.329715 0.552756 0.328145 0.556317 0.326376 0.555954 0.327328 0.556116 0.326327 0.556116 0.326327 0.555954 0.327328 0.555947 0.327344 0.556116 0.326327 0.555947 0.327344 0.555531 0.326138 0.555531 0.326138 0.555947 0.327344 0.555094 0.327019 0.555531 0.326138 0.555094 0.327019 0.554967 0.325882 0.554967 0.325882 0.555094 0.327019 0.554461 0.325573 0.553609 0.325938 0.554263 0.326526 0.553062 0.327051 0.553062 0.327051 0.554263 0.326526 0.553693 0.327684 0.553062 0.327051 0.553693 0.327684 0.552918 0.327507 0.552918 0.327507 0.553693 0.327684 0.552756 0.328145 0.715257 0.514844 0.715223 0.515787 0.714199 0.515676 0.553609 0.325938 0.554042 0.325232 0.554461 0.325573 0.553609 0.325938 0.554461 0.325573 0.554263 0.326526 0.554263 0.326526 0.554461 0.325573 0.555094 0.327019 0.554263 0.326526 0.555094 0.327019 0.553693 0.327684 0.553693 0.327684 0.555094 0.327019 0.554497 0.328234 0.553693 0.327684 0.554497 0.328234 0.552368 0.32975 0.552368 0.32975 0.554497 0.328234 0.553126 0.330372 0.552368 0.32975 0.553126 0.330372 0.551849 0.331336 0.551849 0.331336 0.553126 0.330372 0.551815 0.331446 0.715013 0.514606 0.715257 0.514844 0.712707 0.515729 0.550751 0.328064 0.55185 0.328088 0.550753 0.329956 0.550753 0.329956 0.55185 0.328088 0.551849 0.331336 0.550753 0.329956 0.551849 0.331336 0.550752 0.331785 0.550752 0.331785 0.551849 0.331336 0.551815 0.331446 0.550752 0.331785 0.551815 0.331446 0.550748 0.334713 0.552756 0.328145 0.552328 0.329715 0.55185 0.328088 0.55185 0.328088 0.552328 0.329715 0.552292 0.329841 0.55185 0.328088 0.552292 0.329841 0.551849 0.331336 0.715013 0.514606 0.712707 0.515729 0.714567 0.514203 0.712707 0.515729 0.712648 0.515748 0.714567 0.514203 0.714567 0.514203 0.712648 0.515748 0.712289 0.515862 0.552922 0.324651 0.552918 0.327507 0.552253 0.324701 0.489947 0.235202 0.490233 0.237902 0.489947 0.238533 0.552253 0.324701 0.552756 0.328145 0.551844 0.324721 0.551844 0.324721 0.552756 0.328145 0.55185 0.328088 0.551844 0.324721 0.55185 0.328088 0.550745 0.324743 0.550745 0.324743 0.55185 0.328088 0.550751 0.328064 0.550748 0.334713 0.538702 0.334737 0.550752 0.331785 0.550752 0.331785 0.538702 0.334737 0.538707 0.331809 0.550752 0.331785 0.538707 0.331809 0.550753 0.329956 0.550753 0.329956 0.538707 0.331809 0.538707 0.32998 0.550753 0.329956 0.538707 0.32998 0.550751 0.328064 0.550751 0.328064 0.538707 0.32998 0.538706 0.328088 0.550751 0.328064 0.538706 0.328088 0.550745 0.324743 0.550745 0.324743 0.538706 0.328088 0.538699 0.324767 0.538699 0.324767 0.538601 0.287278 0.550745 0.324743 0.550745 0.324743 0.538601 0.287278 0.550647 0.287254 0.550647 0.287254 0.538601 0.287278 0.550633 0.283424 0.550633 0.283424 0.538601 0.287278 0.538591 0.284382 0.550633 0.283424 0.538591 0.284382 0.550624 0.281627 0.550624 0.281627 0.538591 0.284382 0.538579 0.281651 0.550624 0.281627 0.538579 0.281651 0.550614 0.279951 0.550614 0.279951 0.538579 0.281651 0.538563 0.279192 0.550614 0.279951 0.538563 0.279192 0.550591 0.277074 0.550591 0.277074 0.538563 0.279192 0.538545 0.277098 0.538545 0.277098 0.538216 0.244366 0.550591 0.277074 0.550591 0.277074 0.538216 0.244366 0.550262 0.244342 0.676154 0.08576595 0.673186 0.07724297 0.679177 0.08356899 0.679177 0.08356899 0.673186 0.07724297 0.676208 0.07504695 0.679177 0.08356899 0.676208 0.07504695 0.680889 0.08265596 0.680889 0.08265596 0.676208 0.07504695 0.67792 0.07413399 0.680889 0.08265596 0.67792 0.07413399 0.682696 0.08188796 0.682696 0.08188796 0.67792 0.07413399 0.679727 0.07336497 0.682696 0.08188796 0.679727 0.07336497 0.686473 0.08083599 0.686473 0.08083599 0.679727 0.07336497 0.683504 0.07231301 0.71625 0.355202 0.715305 0.371415 0.71573 0.355169 0.71573 0.355169 0.715305 0.371415 0.714155 0.371353 0.71573 0.355169 0.714155 0.371353 0.715099 0.35514 0.715099 0.35514 0.714155 0.371353 0.714574 0.355126 0.714574 0.355126 0.714155 0.371353 0.713085 0.371336 0.714574 0.355126 0.713085 0.371336 0.71403 0.355123 0.71403 0.355123 0.713085 0.371336 0.713568 0.355133 0.713568 0.355133 0.713085 0.371336 0.712289 0.371367 0.713568 0.355133 0.712289 0.371367 0.713234 0.355154 0.85821 0.172441 0.847828 0.1725 0.847652 0.171339 0.85821 0.172441 0.847652 0.171339 0.858034 0.17128 0.736394 0.07078498 0.738106 0.069871 0.73828 0.07057499 0.731095 0.07326596 0.73081 0.07260495 0.734587 0.07155299 0.715516 0.378029 0.715943 0.376063 0.718295 0.380133 0.490033 0.2302089 0.490367 0.228198 0.490367 0.23215 0.715969 0.382096 0.71382 0.378878 0.716146 0.381957 0.716146 0.381957 0.71382 0.378878 0.714548 0.378511 0.718295 0.380133 0.717426 0.38089 0.715516 0.378029 0.715516 0.378029 0.717426 0.38089 0.717123 0.381149 0.715516 0.378029 0.717123 0.381149 0.714548 0.378511 0.714548 0.378511 0.717123 0.381149 0.716601 0.381587 0.714548 0.378511 0.716601 0.381587 0.716146 0.381957 0.731095 0.07326596 0.734587 0.07155299 0.734814 0.07223099 0.734814 0.07223099 0.734587 0.07155299 0.73828 0.07057499 0.71382 0.378878 0.712565 0.375218 0.714548 0.378511 0.714548 0.378511 0.712565 0.375218 0.713349 0.375015 0.714548 0.378511 0.713349 0.375015 0.715516 0.378029 0.715516 0.378029 0.713349 0.375015 0.714401 0.374776 0.715516 0.378029 0.714401 0.374776 0.715943 0.376063 0.738106 0.069871 0.741129 0.06767499 0.73828 0.07057499 0.73828 0.07057499 0.741129 0.06767499 0.741255 0.06841295 0.712565 0.375218 0.712289 0.371367 0.713349 0.375015 0.713349 0.375015 0.712289 0.371367 0.713085 0.371336 0.713349 0.375015 0.713085 0.371336 0.714401 0.374776 0.714401 0.374776 0.713085 0.371336 0.714155 0.371353 0.714401 0.374776 0.714155 0.371353 0.715943 0.376063 0.715943 0.376063 0.714155 0.371353 0.715305 0.371415 0.718295 0.380133 0.748363 0.414569 0.717426 0.38089 0.717426 0.38089 0.748363 0.414569 0.747494 0.415327 0.717426 0.38089 0.747494 0.415327 0.717123 0.381149 0.717123 0.381149 0.747494 0.415327 0.747191 0.415586 0.717123 0.381149 0.747191 0.415586 0.716601 0.381587 0.716601 0.381587 0.747191 0.415586 0.746669 0.416023 0.716601 0.381587 0.746669 0.416023 0.716146 0.381957 0.716146 0.381957 0.746669 0.416023 0.746214 0.416394 0.716146 0.381957 0.746214 0.416394 0.715969 0.382096 0.715969 0.382096 0.746214 0.416394 0.746036 0.416533 0.731095 0.07326596 0.686759 0.08149796 0.73081 0.07260495 0.73081 0.07260495 0.686759 0.08149796 0.686473 0.08083599 0.686473 0.08083599 0.686759 0.08149796 0.682924 0.08256596 0.749948 0.419004 0.747494 0.415327 0.749859 0.416535 0.749859 0.416535 0.747494 0.415327 0.748363 0.414569 0.748252 0.419852 0.746036 0.416533 0.74898 0.419486 0.746036 0.416533 0.746214 0.416394 0.74898 0.419486 0.74898 0.419486 0.746214 0.416394 0.746669 0.416023 0.74898 0.419486 0.746669 0.416023 0.749948 0.419004 0.749948 0.419004 0.746669 0.416023 0.747191 0.415586 0.749948 0.419004 0.747191 0.415586 0.747494 0.415327 0.752251 0.421853 0.752848 0.427646 0.751382 0.423184 0.751382 0.423184 0.752848 0.427646 0.751698 0.427584 0.751382 0.423184 0.751698 0.427584 0.750331 0.423423 0.750331 0.423423 0.751698 0.427584 0.750628 0.427566 0.750331 0.423423 0.750628 0.427566 0.749547 0.423626 0.749547 0.423626 0.750628 0.427566 0.749832 0.427598 0.679177 0.08356899 0.680889 0.08265596 0.682924 0.08256596 0.682924 0.08256596 0.680889 0.08265596 0.682696 0.08188796 0.682924 0.08256596 0.682696 0.08188796 0.686473 0.08083599 0.749859 0.416535 0.752251 0.421853 0.749948 0.419004 0.749948 0.419004 0.752251 0.421853 0.751382 0.423184 0.749948 0.419004 0.751382 0.423184 0.74898 0.419486 0.74898 0.419486 0.751382 0.423184 0.750331 0.423423 0.74898 0.419486 0.750331 0.423423 0.748252 0.419852 0.748252 0.419852 0.750331 0.423423 0.749547 0.423626 0.682924 0.08256596 0.67935 0.08427298 0.679177 0.08356899 0.679177 0.08356899 0.67935 0.08427298 0.676281 0.08650296 0.679177 0.08356899 0.676281 0.08650296 0.676154 0.08576595 0.550591 0.277074 0.550262 0.244342 0.551422 0.244161 0.752848 0.427646 0.749868 0.478765 0.748322 0.478692 0.752848 0.427646 0.748322 0.478692 0.751698 0.427584 0.751698 0.427584 0.748322 0.478692 0.747635 0.478686 0.751698 0.427584 0.747635 0.478686 0.750628 0.427566 0.750628 0.427566 0.747635 0.478686 0.747071 0.478702 0.750628 0.427566 0.747071 0.478702 0.749832 0.427598 0.551422 0.244161 0.552097 0.27676 0.551744 0.276895 0.551422 0.244161 0.551744 0.276895 0.550591 0.277074 0.749868 0.478765 0.748989 0.483372 0.748322 0.478692 0.748322 0.478692 0.748989 0.483372 0.747516 0.482915 0.746953 0.487579 0.743901 0.491098 0.74565 0.486771 0.74565 0.486771 0.743901 0.491098 0.742852 0.489997 0.74565 0.486771 0.742852 0.489997 0.744578 0.486243 0.744578 0.486243 0.742852 0.489997 0.741966 0.489255 0.550591 0.277074 0.551744 0.276895 0.552122 0.279714 0.552122 0.279714 0.551744 0.276895 0.552097 0.27676 0.746319 0.482644 0.747071 0.478702 0.747516 0.482915 0.747516 0.482915 0.747071 0.478702 0.747635 0.478686 0.747516 0.482915 0.747635 0.478686 0.748322 0.478692 0.550633 0.283424 0.550624 0.281627 0.552122 0.279714 0.552122 0.279714 0.550624 0.281627 0.550614 0.279951 0.552122 0.279714 0.550614 0.279951 0.550591 0.277074 0.748989 0.483372 0.746953 0.487579 0.747516 0.482915 0.747516 0.482915 0.746953 0.487579 0.74565 0.486771 0.747516 0.482915 0.74565 0.486771 0.746319 0.482644 0.746319 0.482644 0.74565 0.486771 0.744578 0.486243 0.552122 0.279714 0.552141 0.28328 0.550633 0.283424 0.550633 0.283424 0.552141 0.28328 0.552155 0.287213 0.550633 0.283424 0.552155 0.287213 0.550647 0.287254 0.743901 0.491098 0.718127 0.513882 0.742852 0.489997 0.742852 0.489997 0.718127 0.513882 0.716869 0.514302 0.742852 0.489997 0.716869 0.514302 0.716682 0.514365 0.550745 0.324743 0.550647 0.287254 0.551844 0.324721 0.551844 0.324721 0.550647 0.287254 0.552155 0.287213 0.551844 0.324721 0.552155 0.287213 0.552253 0.324701 0.552253 0.324701 0.552155 0.287213 0.552922 0.324651 0.714567 0.514203 0.741966 0.489255 0.742852 0.489997 0.714567 0.514203 0.742852 0.489997 0.715013 0.514606 0.715013 0.514606 0.742852 0.489997 0.716682 0.514365 0.715013 0.514606 0.716682 0.514365 0.715257 0.514844 0.716869 0.514302 0.718127 0.513882 0.718188 0.514957 0.716719 0.515384 0.716682 0.514365 0.716869 0.514302 0.715223 0.515787 0.715257 0.514844 0.716682 0.514365 0.716682 0.514365 0.716719 0.515384 0.715223 0.515787 0.715223 0.515787 0.716719 0.515384 0.716739 0.515853 0.715223 0.515787 0.716739 0.515853 0.715185 0.516192 0.554461 0.325573 0.554443 0.324089 0.554906 0.324377 0.554461 0.325573 0.554906 0.324377 0.554967 0.325882 0.554967 0.325882 0.554906 0.324377 0.555445 0.324613 0.554967 0.325882 0.555445 0.324613 0.555531 0.326138 0.556707 0.324698 0.556317 0.326376 0.556116 0.326327 0.556116 0.326327 0.556024 0.324784 0.556707 0.324698 0.556707 0.324698 0.556024 0.324784 0.555646 0.323244 0.556707 0.324698 0.555646 0.323244 0.5568 0.323371 0.716869 0.514302 0.718188 0.514957 0.716719 0.515384 0.716719 0.515384 0.718188 0.514957 0.718193 0.515012 0.716719 0.515384 0.718193 0.515012 0.716739 0.515853 0.718193 0.515012 0.718245 0.51548 0.716739 0.515853 0.716739 0.515853 0.718245 0.51548 0.718317 0.515934 0.554443 0.324089 0.554665 0.322875 0.554906 0.324377 0.554906 0.324377 0.554665 0.322875 0.555646 0.323244 0.554906 0.324377 0.555646 0.323244 0.555445 0.324613 0.555445 0.324613 0.555646 0.323244 0.556024 0.324784 0.555445 0.324613 0.556024 0.324784 0.555531 0.326138 0.555531 0.326138 0.556024 0.324784 0.556116 0.326327 0.718317 0.515934 0.718245 0.51548 0.731964 0.515118 0.731964 0.515118 0.718245 0.51548 0.718193 0.515012 0.731964 0.515118 0.718193 0.515012 0.731862 0.51365 0.731862 0.51365 0.718193 0.515012 0.718188 0.514957 0.731862 0.51365 0.718188 0.514957 0.718127 0.513882 0.731964 0.515118 0.732052 0.515702 0.718317 0.515934 0.554665 0.322875 0.554694 0.311433 0.555321 0.311704 0.554665 0.322875 0.555321 0.311704 0.555646 0.323244 0.555646 0.323244 0.555321 0.311704 0.55683 0.311929 0.555646 0.323244 0.55683 0.311929 0.5568 0.323371 0.752848 0.427646 0.752251 0.421853 0.794603 0.444941 0.743901 0.491098 0.746953 0.487579 0.793616 0.46188 0.793616 0.46188 0.746953 0.487579 0.748989 0.483372 0.793616 0.46188 0.748989 0.483372 0.749868 0.478765 0.752251 0.421853 0.749859 0.416535 0.794603 0.444941 0.794603 0.444941 0.749859 0.416535 0.748363 0.414569 0.794603 0.444941 0.748363 0.414569 0.71625 0.355202 0.71625 0.355202 0.748363 0.414569 0.718295 0.380133 0.71625 0.355202 0.718295 0.380133 0.715305 0.371415 0.715305 0.371415 0.718295 0.380133 0.715943 0.376063 0.752848 0.427646 0.794603 0.444941 0.749868 0.478765 0.749868 0.478765 0.794603 0.444941 0.795955 0.446824 0.749868 0.478765 0.795955 0.446824 0.796927 0.44893 0.793616 0.46188 0.737545 0.511446 0.743901 0.491098 0.743901 0.491098 0.737545 0.511446 0.736295 0.512368 0.743901 0.491098 0.736295 0.512368 0.734902 0.513055 0.734902 0.513055 0.73341 0.513487 0.743901 0.491098 0.743901 0.491098 0.73341 0.513487 0.731862 0.51365 0.743901 0.491098 0.731862 0.51365 0.718127 0.513882 0.796927 0.44893 0.797491 0.451235 0.749868 0.478765 0.749868 0.478765 0.797491 0.451235 0.797597 0.453602 0.749868 0.478765 0.797597 0.453602 0.797239 0.455938 0.797239 0.455938 0.796433 0.458152 0.749868 0.478765 0.749868 0.478765 0.796433 0.458152 0.795209 0.460159 0.749868 0.478765 0.795209 0.460159 0.793616 0.46188 0.796307 0.443479 0.796752 0.443117 0.798397 0.445408 0.794665 0.462982 0.793616 0.46188 0.796457 0.461045 0.796457 0.461045 0.793616 0.46188 0.795209 0.460159 0.796457 0.461045 0.795209 0.460159 0.797834 0.458788 0.797834 0.458788 0.795209 0.460159 0.796433 0.458152 0.797834 0.458788 0.796433 0.458152 0.798741 0.456296 0.798741 0.456296 0.796433 0.458152 0.797239 0.455938 0.798741 0.456296 0.797239 0.455938 0.799143 0.453668 0.799143 0.453668 0.797239 0.455938 0.797597 0.453602 0.799143 0.453668 0.797597 0.453602 0.799025 0.451006 0.799025 0.451006 0.797597 0.453602 0.797491 0.451235 0.799025 0.451006 0.797491 0.451235 0.79839 0.448412 0.79839 0.448412 0.797491 0.451235 0.796927 0.44893 0.79839 0.448412 0.796927 0.44893 0.797297 0.446043 0.797297 0.446043 0.796927 0.44893 0.795955 0.446824 0.797297 0.446043 0.795955 0.446824 0.795776 0.443925 0.795776 0.443925 0.795955 0.446824 0.794603 0.444941 0.795776 0.443925 0.796307 0.443479 0.797297 0.446043 0.797297 0.446043 0.796307 0.443479 0.798397 0.445408 0.797297 0.446043 0.798397 0.445408 0.79839 0.448412 0.79839 0.448412 0.798397 0.445408 0.79958 0.447969 0.79839 0.448412 0.79958 0.447969 0.799025 0.451006 0.799025 0.451006 0.79958 0.447969 0.800266 0.450774 0.799025 0.451006 0.800266 0.450774 0.799143 0.453668 0.799143 0.453668 0.800266 0.450774 0.800394 0.453653 0.799143 0.453668 0.800394 0.453653 0.798741 0.456296 0.798741 0.456296 0.800394 0.453653 0.799959 0.456495 0.798741 0.456296 0.799959 0.456495 0.797834 0.458788 0.797834 0.458788 0.799959 0.456495 0.798978 0.459189 0.797834 0.458788 0.798978 0.459189 0.796457 0.461045 0.796457 0.461045 0.798978 0.459189 0.797489 0.46163 0.796457 0.461045 0.797489 0.46163 0.794665 0.462982 0.794665 0.462982 0.797489 0.46163 0.795551 0.463724 0.556629 0.228448 0.555121 0.228489 0.55662 0.225534 0.55662 0.225534 0.555121 0.228489 0.555111 0.2256529 0.55662 0.225534 0.555111 0.2256529 0.556607 0.222789 0.556607 0.222789 0.555111 0.2256529 0.555099 0.222982 0.556607 0.222789 0.555099 0.222982 0.556591 0.22032 0.556591 0.22032 0.555099 0.222982 0.555083 0.220579 0.556591 0.22032 0.555083 0.220579 0.556572 0.218223 0.556572 0.218223 0.555083 0.220579 0.555066 0.218538 0.556572 0.218223 0.555066 0.218538 0.556553 0.216579 0.556553 0.216579 0.555066 0.218538 0.555047 0.216938 0.805934 0.48843 0.805046 0.488391 0.805107 0.485635 0.805107 0.485635 0.805046 0.488391 0.804241 0.485671 0.805107 0.485635 0.804241 0.485671 0.804657 0.482775 0.804657 0.482775 0.804241 0.485671 0.803803 0.482887 0.804657 0.482775 0.803803 0.482887 0.804575 0.479891 0.804575 0.479891 0.803803 0.482887 0.803724 0.480081 0.804575 0.479891 0.826989 0.477305 0.804657 0.482775 0.804657 0.482775 0.826989 0.477305 0.827544 0.483153 0.556629 0.228448 0.55662 0.225534 0.586743 0.228388 0.586743 0.228388 0.55662 0.225534 0.586721 0.22276 0.55662 0.225534 0.556607 0.222789 0.586721 0.22276 0.586721 0.22276 0.556607 0.222789 0.556591 0.22032 0.586721 0.22276 0.556591 0.22032 0.586687 0.218208 0.556591 0.22032 0.556572 0.218223 0.586687 0.218208 0.829544 0.488452 0.807099 0.490981 0.805934 0.48843 0.829544 0.488452 0.805934 0.48843 0.827544 0.483153 0.827544 0.483153 0.805934 0.48843 0.805107 0.485635 0.827544 0.483153 0.805107 0.485635 0.804657 0.482775 0.555248 0.02522796 0.555371 0.02176696 0.561002 0.02641099 0.561002 0.02641099 0.555371 0.02176696 0.562277 0.02318596 0.561002 0.02641099 0.562277 0.02318596 0.565875 0.02967494 0.565875 0.02967494 0.562277 0.02318596 0.568123 0.02710396 0.565875 0.02967494 0.568123 0.02710396 0.569123 0.03452396 0.569123 0.03452396 0.568123 0.02710396 0.572021 0.03292298 0.569123 0.03452396 0.572021 0.03292298 0.570252 0.04021996 0.570252 0.04021996 0.572021 0.03292298 0.573376 0.03975695 0.435089 0.02414697 0.435212 0.02068597 0.555248 0.02522796 0.555248 0.02522796 0.435212 0.02068597 0.555371 0.02176696 0.435212 0.02068597 0.435089 0.02414697 0.429334 0.022964 0.435212 0.02068597 0.429334 0.022964 0.430608 0.01973998 0.430608 0.01973998 0.429334 0.022964 0.424462 0.01969999 0.430608 0.01973998 0.424462 0.01969999 0.42671 0.017129 0.421248 0.01648795 0.423496 0.01391696 0.424462 0.01969999 0.424462 0.01969999 0.423496 0.01391696 0.42671 0.017129 0.879833 0.12302 0.879633 0.20734 0.874006 0.207338 0.879833 0.12302 0.874006 0.207338 0.874206 0.123018 0.874206 0.123018 0.874006 0.207338 0.869453 0.207352 0.874206 0.123018 0.869453 0.207352 0.869653 0.123032 0.423496 0.01391696 0.421248 0.01648795 0.418 0.01163899 0.423496 0.01391696 0.418 0.01163899 0.420898 0.01003795 0.420898 0.01003795 0.418 0.01163899 0.416871 0.005943953 0.420898 0.01003795 0.416871 0.005943953 0.419995 0.005480945 0.416871 0.005943953 0.416883 0.001697957 0.419995 0.005480945 0.419995 0.005480945 0.416883 0.001697957 0.420007 0.001234948 0.572021 0.03292298 0.568123 0.02710396 0.588529 0.002750992 0.588529 0.002750992 0.42671 0.017129 0.423496 0.01391696 0.568123 0.02710396 0.562277 0.02318596 0.588529 0.002750992 0.588529 0.002750992 0.562277 0.02318596 0.555371 0.02176696 0.588529 0.002750992 0.555371 0.02176696 0.42671 0.017129 0.42671 0.017129 0.555371 0.02176696 0.435212 0.02068597 0.42671 0.017129 0.435212 0.02068597 0.430608 0.01973998 0.423496 0.01391696 0.420898 0.01003795 0.588529 0.002750992 0.588529 0.002750992 0.420898 0.01003795 0.419995 0.005480945 0.588529 0.002750992 0.419995 0.005480945 0.420007 0.001234948 0.520246 0.204602 0.508747 0.194949 0.584644 0.129656 0.584644 0.129656 0.508747 0.194949 0.569613 0.124113 0.584644 0.129656 0.569613 0.124113 0.58727 0.125211 0.58727 0.125211 0.569613 0.124113 0.572239 0.119668 0.58727 0.125211 0.572239 0.119668 0.588192 0.120138 0.588192 0.120138 0.572239 0.119668 0.573161 0.114595 0.588192 0.120138 0.573161 0.114595 0.588529 0.002750992 0.588529 0.002750992 0.573161 0.114595 0.573376 0.03975695 0.588529 0.002750992 0.573376 0.03975695 0.572021 0.03292298 0.757307 0.120449 0.760325 0.120323 0.760323 0.126543 0.757307 0.120449 0.760323 0.126543 0.757305 0.125632 0.58727 0.125211 0.58998 0.126742 0.58683 0.132076 0.58727 0.125211 0.58683 0.132076 0.584644 0.129656 0.844647 0.120329 0.812979 0.01439595 0.823336 0.01260197 0.823336 0.01260197 0.83342 0.009636998 0.844647 0.120329 0.844647 0.120329 0.83342 0.009636998 0.843099 0.005540966 0.844647 0.120329 0.843099 0.005540966 0.844646 0.00476098 0.771549 0.009631991 0.760325 0.120323 0.76187 0.005533993 0.76187 0.005533993 0.760325 0.120323 0.760323 0.004753947 0.771549 0.009631991 0.781633 0.01259899 0.760325 0.120323 0.760325 0.120323 0.781633 0.01259899 0.79199 0.01439499 0.760325 0.120323 0.79199 0.01439499 0.844647 0.120329 0.844647 0.120329 0.79199 0.01439499 0.802485 0.01499599 0.844647 0.120329 0.802485 0.01499599 0.812979 0.01439595 0.844638 0.132111 0.760316 0.132104 0.760323 0.126543 0.844638 0.132111 0.760323 0.126543 0.844645 0.12655 0.844645 0.12655 0.760323 0.126543 0.760325 0.120323 0.844645 0.12655 0.760325 0.120323 0.844647 0.120329 0.847644 0.130273 0.844638 0.132111 0.844645 0.12655 0.847644 0.130273 0.844645 0.12655 0.84765 0.125639 0.84765 0.125639 0.844645 0.12655 0.844647 0.120329 0.84765 0.125639 0.844647 0.120329 0.847652 0.120456 0.591901 0.121503 0.593394 0.1176339 0.654148 0.162259 0.654148 0.162259 0.593394 0.1176339 0.655642 0.15839 0.651529 0.493621 0.651529 0.482294 0.653829 0.494069 0.653829 0.494069 0.651529 0.482294 0.653829 0.482742 0.653829 0.494069 0.653829 0.482742 0.656479 0.494066 0.656479 0.494066 0.653829 0.482742 0.656479 0.482738 0.656479 0.494066 0.656479 0.482738 0.658769 0.493612 0.658769 0.493612 0.656479 0.482738 0.658769 0.482284 0.658769 0.493612 0.658769 0.482284 0.660085 0.492829 0.660085 0.492829 0.658769 0.482284 0.660085 0.481502 0.854879 0.221006 0.854879 0.2110469 0.85725 0.220339 0.85725 0.220339 0.854879 0.2110469 0.85725 0.21038 0.85725 0.220339 0.85725 0.21038 0.859895 0.220429 0.859895 0.220429 0.85725 0.21038 0.859895 0.210469 0.859895 0.220429 0.859895 0.210469 0.862107 0.2212499 0.862107 0.2212499 0.859895 0.210469 0.862107 0.21129 0.904212 0.189356 0.904212 0.177345 0.905786 0.189518 0.905786 0.189518 0.904212 0.177345 0.905786 0.177507 0.905786 0.189518 0.905786 0.177507 0.908215 0.189599 0.908215 0.189599 0.905786 0.177507 0.908215 0.177588 0.908215 0.189599 0.908215 0.177588 0.910848 0.189576 0.910848 0.189576 0.908215 0.177588 0.910848 0.177565 0.910848 0.189576 0.910848 0.177565 0.912981 0.189456 0.912981 0.189456 0.910848 0.177565 0.912981 0.1774449 0.512004 0.390506 0.511925 0.383675 0.514565 0.389936 0.514565 0.389936 0.511925 0.383675 0.514486 0.383105 0.89566 0.152556 0.89788 0.155033 0.893819 0.154078 0.893819 0.154078 0.89788 0.155033 0.894632 0.157719 0.893819 0.154078 0.894632 0.157719 0.891694 0.154325 0.891694 0.154325 0.894632 0.157719 0.890881 0.158155 0.891694 0.154325 0.890881 0.158155 0.889853 0.1532289 0.889853 0.1532289 0.890881 0.158155 0.887633 0.156222 0.889853 0.1532289 0.887633 0.156222 0.88879 0.151086 0.88879 0.151086 0.887633 0.156222 0.885758 0.152438 0.88879 0.151086 0.885758 0.152438 0.88879 0.148468 0.88879 0.148468 0.885758 0.152438 0.885758 0.147819 0.88879 0.148468 0.885758 0.147819 0.889853 0.146078 0.889853 0.146078 0.885758 0.147819 0.887633 0.143601 0.889853 0.146078 0.887633 0.143601 0.891694 0.144555 0.891694 0.144555 0.887633 0.143601 0.890881 0.140914 0.891694 0.144555 0.890881 0.140914 0.893819 0.144309 0.893819 0.144309 0.890881 0.140914 0.894632 0.140479 0.893819 0.144309 0.894632 0.140479 0.89566 0.145404 0.89566 0.145404 0.894632 0.140479 0.89788 0.142412 0.89566 0.145404 0.89788 0.142412 0.896723 0.147548 0.896723 0.147548 0.89788 0.142412 0.899756 0.1461949 0.896723 0.147548 0.899756 0.1461949 0.896723 0.150166 0.896723 0.150166 0.899756 0.1461949 0.899756 0.150815 0.896723 0.150166 0.899756 0.150815 0.89566 0.152556 0.89566 0.152556 0.899756 0.150815 0.89788 0.155033 0.901073 0.153661 0.908538 0.15341 0.899756 0.157611 0.899756 0.157611 0.908538 0.15341 0.907221 0.157359 0.63053 0.469784 0.639538 0.46968 0.630276 0.472564 0.630276 0.472564 0.639538 0.46968 0.639283 0.472461 0.630276 0.472564 0.639283 0.472461 0.630182 0.476852 0.630182 0.476852 0.639283 0.472461 0.63919 0.476749 0.630182 0.476852 0.63919 0.476749 0.630276 0.481499 0.630276 0.481499 0.63919 0.476749 0.639283 0.481395 0.630276 0.481499 0.639283 0.481395 0.63053 0.485259 0.63053 0.485259 0.639283 0.481395 0.639538 0.485155 0.900315 0.144325 0.900315 0.1392019 0.904846 0.1433719 0.904846 0.1433719 0.900315 0.1392019 0.904846 0.138248 0.680203 0.485627 0.671743 0.484844 0.681364 0.481658 0.681364 0.481658 0.671743 0.484844 0.672904 0.480875 0.681364 0.481658 0.672904 0.480875 0.681789 0.477001 0.681789 0.477001 0.672904 0.480875 0.673329 0.476218 0.681789 0.477001 0.673329 0.476218 0.681364 0.472904 0.681364 0.472904 0.673329 0.476218 0.672904 0.47212 0.681364 0.472904 0.672904 0.47212 0.680203 0.470464 0.680203 0.470464 0.672904 0.47212 0.671743 0.46968 0.899756 0.14485 0.907221 0.144598 0.901073 0.148991 0.901073 0.148991 0.907221 0.144598 0.908538 0.148739 0.901073 0.148991 0.908538 0.148739 0.901073 0.153661 0.901073 0.153661 0.908538 0.148739 0.908538 0.15341 0.496402 0.483534 0.488936 0.483786 0.496402 0.478864 0.496402 0.478864 0.488936 0.483786 0.488936 0.479115 0.496402 0.478864 0.488936 0.479115 0.495085 0.474723 0.495085 0.474723 0.488936 0.479115 0.487619 0.474974 0.602436 0.46968 0.610895 0.470464 0.603597 0.47212 0.603597 0.47212 0.610895 0.470464 0.612056 0.472904 0.603597 0.47212 0.612056 0.472904 0.604022 0.476218 0.604022 0.476218 0.612056 0.472904 0.612481 0.477001 0.604022 0.476218 0.612481 0.477001 0.603597 0.480875 0.603597 0.480875 0.612481 0.477001 0.612056 0.481658 0.603597 0.480875 0.612056 0.481658 0.602436 0.484844 0.602436 0.484844 0.612056 0.481658 0.610895 0.485627 0.837043 0.22009 0.832432 0.220816 0.83244 0.216044 0.83244 0.216044 0.832432 0.220816 0.827925 0.215085 0.840284 0.205309 0.844638 0.132111 0.844495 0.211273 0.780054 0.205304 0.776752 0.202684 0.760316 0.132104 0.760316 0.132104 0.776752 0.202684 0.772236 0.2017239 0.837043 0.22009 0.83244 0.216044 0.840955 0.218021 0.840955 0.218021 0.83244 0.216044 0.836959 0.215086 0.840955 0.218021 0.836959 0.215086 0.843571 0.214926 0.843571 0.214926 0.836959 0.215086 0.840271 0.212466 0.843571 0.214926 0.840271 0.212466 0.844495 0.211273 0.844495 0.211273 0.840271 0.212466 0.841488 0.208887 0.844495 0.211273 0.841488 0.208887 0.840284 0.205309 0.772236 0.2017239 0.767717 0.202683 0.760316 0.132104 0.760316 0.132104 0.767717 0.202683 0.764406 0.205303 0.760316 0.132104 0.764406 0.205303 0.760173 0.2112669 0.760173 0.2112669 0.764406 0.205303 0.763189 0.208881 0.760173 0.2112669 0.763189 0.208881 0.761083 0.214919 0.761083 0.214919 0.763189 0.208881 0.764393 0.21246 0.761083 0.214919 0.764393 0.21246 0.763689 0.218015 0.763689 0.218015 0.764393 0.21246 0.767695 0.21508 0.763689 0.218015 0.767695 0.21508 0.767593 0.220084 0.767593 0.220084 0.767695 0.21508 0.77221 0.21604 0.767593 0.220084 0.77221 0.21604 0.772202 0.220811 0.772202 0.220811 0.77221 0.21604 0.776729 0.215081 0.832432 0.220816 0.772202 0.220811 0.827925 0.215085 0.827925 0.215085 0.772202 0.220811 0.776729 0.215081 0.827925 0.215085 0.776729 0.215081 0.824623 0.212465 0.824623 0.212465 0.776729 0.215081 0.780041 0.2124609 0.824623 0.212465 0.780041 0.2124609 0.823419 0.208886 0.823419 0.208886 0.780041 0.2124609 0.781258 0.208883 0.823419 0.208886 0.781258 0.208883 0.824636 0.205307 0.824636 0.205307 0.781258 0.208883 0.780054 0.205304 0.824636 0.205307 0.780054 0.205304 0.827947 0.202688 0.827947 0.202688 0.780054 0.205304 0.760316 0.132104 0.827947 0.202688 0.760316 0.132104 0.832466 0.2017289 0.832466 0.2017289 0.760316 0.132104 0.844638 0.132111 0.832466 0.2017289 0.844638 0.132111 0.836982 0.202688 0.836982 0.202688 0.844638 0.132111 0.840284 0.205309 0.903771 0.213734 0.903771 0.218857 0.899239 0.214687 0.899239 0.214687 0.903771 0.218857 0.899239 0.21981 0.630182 0.485155 0.621175 0.485259 0.629928 0.481395 0.629928 0.481395 0.621175 0.485259 0.62092 0.481499 0.629928 0.481395 0.62092 0.481499 0.629834 0.476749 0.629834 0.476749 0.62092 0.481499 0.620827 0.476852 0.629834 0.476749 0.620827 0.476852 0.629928 0.472461 0.629928 0.472461 0.620827 0.476852 0.62092 0.472564 0.629928 0.472461 0.62092 0.472564 0.630182 0.46968 0.630182 0.46968 0.62092 0.472564 0.621175 0.469784 0.495085 0.487484 0.487619 0.487736 0.496402 0.483534 0.496402 0.483534 0.487619 0.487736 0.488936 0.483786 0.891694 0.172 0.890881 0.17583 0.889853 0.1709049 0.889853 0.1709049 0.890881 0.17583 0.887633 0.173897 0.889853 0.1709049 0.887633 0.173897 0.88879 0.168761 0.88879 0.168761 0.887633 0.173897 0.885758 0.170114 0.88879 0.168761 0.885758 0.170114 0.88879 0.166143 0.88879 0.166143 0.885758 0.170114 0.885758 0.165494 0.88879 0.166143 0.885758 0.165494 0.889853 0.163753 0.889853 0.163753 0.885758 0.165494 0.887633 0.161276 0.889853 0.163753 0.887633 0.161276 0.891694 0.162231 0.891694 0.162231 0.887633 0.161276 0.890881 0.15859 0.891694 0.162231 0.890881 0.15859 0.893819 0.161984 0.893819 0.161984 0.890881 0.15859 0.894632 0.158154 0.893819 0.161984 0.894632 0.158154 0.89566 0.16308 0.89566 0.16308 0.894632 0.158154 0.89788 0.160087 0.89566 0.16308 0.89788 0.160087 0.896723 0.165223 0.896723 0.165223 0.89788 0.160087 0.899756 0.163871 0.896723 0.165223 0.899756 0.163871 0.896723 0.167841 0.896723 0.167841 0.899756 0.163871 0.899756 0.1684899 0.896723 0.167841 0.899756 0.1684899 0.89566 0.170231 0.89566 0.170231 0.899756 0.1684899 0.89788 0.172708 0.89566 0.170231 0.89788 0.172708 0.893819 0.171754 0.893819 0.171754 0.89788 0.172708 0.894632 0.175395 0.893819 0.171754 0.894632 0.175395 0.891694 0.172 0.891694 0.172 0.894632 0.175395 0.890881 0.17583 0.852668 0.210469 0.852668 0.220429 0.850022 0.21038 0.850022 0.21038 0.852668 0.220429 0.850022 0.220339 0.850022 0.21038 0.850022 0.220339 0.847652 0.2110469 0.847652 0.2110469 0.850022 0.220339 0.847652 0.221006 0.649754 0.482003 0.649754 0.493331 0.648438 0.482786 0.648438 0.482786 0.649754 0.493331 0.648438 0.494113 0.648438 0.482786 0.648438 0.494113 0.646148 0.483239 0.646148 0.483239 0.648438 0.494113 0.646148 0.494567 0.646148 0.483239 0.646148 0.494567 0.643498 0.483243 0.643498 0.483243 0.646148 0.494567 0.643498 0.49457 0.643498 0.483243 0.643498 0.49457 0.641198 0.482795 0.641198 0.482795 0.643498 0.49457 0.641198 0.494123 0.574715 0.382985 0.574794 0.389816 0.572153 0.383555 0.572153 0.383555 0.574794 0.389816 0.572233 0.390386 0.69457 0.483303 0.69457 0.495314 0.692438 0.483423 0.692438 0.483423 0.69457 0.495314 0.692438 0.495434 0.692438 0.483423 0.692438 0.495434 0.689804 0.483445 0.689804 0.483445 0.692438 0.495434 0.689804 0.495456 0.689804 0.483445 0.689804 0.495456 0.687375 0.483364 0.687375 0.483364 0.689804 0.495456 0.687375 0.495376 0.687375 0.483364 0.687375 0.495376 0.685802 0.483202 0.685802 0.483202 0.687375 0.495376 0.685802 0.495213 0.854879 0.21129 0.854879 0.2212499 0.852668 0.210469 0.852668 0.210469 0.854879 0.2212499 0.852668 0.220429 0.577273 0.383545 0.574715 0.382985 0.586944 0.311869 0.555954 0.327328 0.556317 0.326376 0.586944 0.311869 0.556317 0.326376 0.556707 0.324698 0.586944 0.311869 0.586944 0.311869 0.556707 0.324698 0.5568 0.323371 0.586944 0.311869 0.5568 0.323371 0.55683 0.311929 0.538702 0.334737 0.518903 0.389421 0.519594 0.387312 0.577273 0.383545 0.586944 0.311869 0.579143 0.385084 0.502624 0.312037 0.532738 0.311977 0.532709 0.323419 0.532709 0.323419 0.532854 0.325129 0.502624 0.312037 0.502624 0.312037 0.532854 0.325129 0.533176 0.326422 0.502624 0.312037 0.533176 0.326422 0.514486 0.383105 0.514486 0.383105 0.533176 0.326422 0.534013 0.328385 0.538702 0.334737 0.550748 0.334713 0.574715 0.382985 0.574715 0.382985 0.550748 0.334713 0.553714 0.331088 0.553714 0.331088 0.553903 0.33083 0.574715 0.382985 0.574715 0.382985 0.553903 0.33083 0.555321 0.328618 0.574715 0.382985 0.555321 0.328618 0.586944 0.311869 0.586944 0.311869 0.555321 0.328618 0.555947 0.327344 0.586944 0.311869 0.555947 0.327344 0.555954 0.327328 0.574672 0.399604 0.514443 0.399724 0.570265 0.389319 0.519594 0.387312 0.518914 0.385204 0.538702 0.334737 0.538702 0.334737 0.518914 0.385204 0.517044 0.383665 0.538702 0.334737 0.517044 0.383665 0.538479 0.334476 0.538479 0.334476 0.517044 0.383665 0.514486 0.383105 0.538479 0.334476 0.514486 0.383105 0.535404 0.330638 0.535404 0.330638 0.514486 0.383105 0.534013 0.328385 0.570265 0.389319 0.572134 0.390859 0.574672 0.399604 0.574672 0.399604 0.572134 0.390859 0.574693 0.391419 0.574672 0.399604 0.574693 0.391419 0.579283 0.39884 0.579283 0.39884 0.574693 0.391419 0.577254 0.390848 0.574715 0.382985 0.572153 0.383555 0.538702 0.334737 0.538702 0.334737 0.572153 0.383555 0.570276 0.385102 0.538702 0.334737 0.570276 0.385102 0.518903 0.389421 0.518903 0.389421 0.570276 0.385102 0.569584 0.387212 0.518903 0.389421 0.569584 0.387212 0.517025 0.390969 0.579143 0.385084 0.586944 0.311869 0.579823 0.387192 0.579823 0.387192 0.586944 0.311869 0.586743 0.389658 0.579823 0.387192 0.586743 0.389658 0.579132 0.389301 0.579132 0.389301 0.586743 0.389658 0.585816 0.393457 0.579132 0.389301 0.585816 0.393457 0.577254 0.390848 0.577254 0.390848 0.585816 0.393457 0.583197 0.396681 0.577254 0.390848 0.583197 0.396681 0.579283 0.39884 0.514486 0.383105 0.511925 0.383675 0.502624 0.312037 0.502624 0.312037 0.511925 0.383675 0.510047 0.385222 0.502624 0.312037 0.510047 0.385222 0.502423 0.389826 0.502423 0.389826 0.510047 0.385222 0.509355 0.387332 0.502423 0.389826 0.509355 0.387332 0.50333 0.393621 0.50333 0.393621 0.509355 0.387332 0.510036 0.389439 0.50333 0.393621 0.510036 0.389439 0.505933 0.396835 0.505933 0.396835 0.510036 0.389439 0.511906 0.390979 0.505933 0.396835 0.511906 0.390979 0.509835 0.398978 0.509835 0.398978 0.511906 0.390979 0.514464 0.391539 0.509835 0.398978 0.514464 0.391539 0.514443 0.399724 0.514443 0.399724 0.514464 0.391539 0.517025 0.390969 0.514443 0.399724 0.517025 0.390969 0.570265 0.389319 0.570265 0.389319 0.517025 0.390969 0.569584 0.387212 0.630685 0.139957 0.631214 0.140803 0.630454 0.141068 0.629168 0.139419 0.63002 0.1389369 0.63061 0.1398389 0.532854 0.325129 0.533073 0.324908 0.533176 0.326422 0.533176 0.326422 0.533073 0.324908 0.53409 0.324641 0.533176 0.326422 0.53409 0.324641 0.534 0.326166 0.53474 0.324332 0.534687 0.325831 0.53409 0.324641 0.53409 0.324641 0.534687 0.325831 0.534367 0.326003 0.53409 0.324641 0.534367 0.326003 0.534 0.326166 0.63061 0.1398389 0.630685 0.139957 0.62978 0.140204 0.62978 0.140204 0.630685 0.139957 0.630454 0.141068 0.535407 0.323798 0.535448 0.32526 0.53474 0.324332 0.53474 0.324332 0.535448 0.32526 0.535345 0.325357 0.53474 0.324332 0.535345 0.325357 0.534687 0.325831 0.63061 0.1398389 0.62978 0.140204 0.629168 0.139419 0.535507 0.322319 0.535407 0.323798 0.53474 0.324332 0.489663 0.266199 0.490872 0.265803 0.490549 0.266648 0.534965 0.322833 0.53474 0.324332 0.53409 0.324641 0.534965 0.322833 0.53409 0.324641 0.534382 0.323127 0.532854 0.325129 0.532709 0.323419 0.533073 0.324908 0.533073 0.324908 0.532709 0.323419 0.533411 0.323371 0.533073 0.324908 0.533411 0.323371 0.53409 0.324641 0.53409 0.324641 0.533411 0.323371 0.533859 0.323287 0.53409 0.324641 0.533859 0.323287 0.534382 0.323127 0.63002 0.1389369 0.63002 0.115109 0.63061 0.1398389 0.63061 0.1398389 0.63002 0.115109 0.631579 0.115124 0.63061 0.1398389 0.631579 0.115124 0.630685 0.139957 0.630685 0.139957 0.631579 0.115124 0.631214 0.140803 0.538699 0.324767 0.537603 0.324749 0.538601 0.287278 0.538601 0.287278 0.537603 0.324749 0.537098 0.287243 0.537603 0.324749 0.537196 0.324731 0.537098 0.287243 0.537098 0.287243 0.537196 0.324731 0.536535 0.324683 0.537098 0.287243 0.536535 0.324683 0.536003 0.28714 0.631579 0.115124 0.63225 0.141066 0.631578 0.140861 0.631579 0.115124 0.631578 0.140861 0.631214 0.140803 0.636826 0.106807 0.637307 0.107419 0.635444 0.1093659 0.637307 0.107419 0.637955 0.108628 0.63614 0.1105239 0.635149 0.105425 0.63628 0.106247 0.634284 0.108333 0.634284 0.108333 0.63628 0.106247 0.636826 0.106807 0.637307 0.107419 0.63614 0.1105239 0.635444 0.1093659 0.537059 0.27894 0.538563 0.279192 0.538579 0.281651 0.537059 0.27894 0.538579 0.281651 0.537075 0.281465 0.537075 0.281465 0.538579 0.281651 0.538591 0.284382 0.537075 0.281465 0.538591 0.284382 0.537088 0.284269 0.537088 0.284269 0.538591 0.284382 0.538601 0.287278 0.537088 0.284269 0.538601 0.287278 0.537098 0.287243 0.636826 0.106807 0.635444 0.1093659 0.634284 0.108333 0.634284 0.108333 0.635444 0.1093659 0.634059 0.11145 0.634284 0.108333 0.634059 0.11145 0.6328 0.110565 0.6328 0.110565 0.634059 0.11145 0.633206 0.11359 0.6328 0.110565 0.633206 0.11359 0.631887 0.1128579 0.535992 0.283954 0.537088 0.284269 0.537098 0.287243 0.535992 0.283954 0.537098 0.287243 0.536003 0.28714 0.635149 0.105425 0.634284 0.108333 0.632971 0.107701 0.632971 0.107701 0.634284 0.108333 0.6328 0.110565 0.632971 0.107701 0.6328 0.110565 0.631353 0.110136 0.631353 0.110136 0.6328 0.110565 0.631887 0.1128579 0.631353 0.110136 0.631887 0.1128579 0.630356 0.1126379 0.630356 0.1126379 0.631887 0.1128579 0.631579 0.115124 0.630356 0.1126379 0.631579 0.115124 0.63002 0.115109 0.635149 0.105425 0.67038 0.07403999 0.671226 0.07461297 0.635149 0.105425 0.671226 0.07461297 0.63628 0.106247 0.63628 0.106247 0.671226 0.07461297 0.672056 0.075423 0.63628 0.106247 0.672056 0.075423 0.636826 0.106807 0.636826 0.106807 0.672056 0.075423 0.672744 0.07634598 0.636826 0.106807 0.672744 0.07634598 0.637307 0.107419 0.637307 0.107419 0.672744 0.07634598 0.673186 0.07724297 0.637307 0.107419 0.673186 0.07724297 0.637955 0.108628 0.67792 0.07413399 0.676208 0.07504695 0.675813 0.07411599 0.683504 0.07231301 0.679727 0.07336497 0.68322 0.07134097 0.68322 0.07134097 0.679727 0.07336497 0.679386 0.07240897 0.68322 0.07134097 0.679386 0.07240897 0.683133 0.07097196 0.683133 0.07097196 0.679386 0.07240897 0.678981 0.07131695 0.678575 0.07025599 0.682862 0.06943899 0.678981 0.07131695 0.678981 0.07131695 0.682862 0.06943899 0.68298 0.07020395 0.678981 0.07131695 0.68298 0.07020395 0.683133 0.07097196 0.67823 0.06938695 0.682762 0.068125 0.678575 0.07025599 0.678575 0.07025599 0.682762 0.068125 0.682819 0.06907397 0.678575 0.07025599 0.682819 0.06907397 0.682862 0.06943899 0.679727 0.07336497 0.67792 0.07413399 0.679386 0.07240897 0.679386 0.07240897 0.67792 0.07413399 0.675813 0.07411599 0.679386 0.07240897 0.675813 0.07411599 0.678981 0.07131695 0.678981 0.07131695 0.675813 0.07411599 0.675256 0.07309699 0.678981 0.07131695 0.675256 0.07309699 0.678575 0.07025599 0.678575 0.07025599 0.675256 0.07309699 0.674621 0.07214498 0.678575 0.07025599 0.674621 0.07214498 0.67823 0.06938695 0.67823 0.06938695 0.674621 0.07214498 0.674006 0.07140499 0.676208 0.07504695 0.673186 0.07724297 0.675813 0.07411599 0.675813 0.07411599 0.673186 0.07724297 0.672744 0.07634598 0.675813 0.07411599 0.672744 0.07634598 0.675256 0.07309699 0.675256 0.07309699 0.672744 0.07634598 0.672056 0.075423 0.675256 0.07309699 0.672056 0.075423 0.674621 0.07214498 0.674621 0.07214498 0.672056 0.075423 0.671226 0.07461297 0.674621 0.07214498 0.671226 0.07461297 0.674006 0.07140499 0.674006 0.07140499 0.671226 0.07461297 0.67038 0.07403999 0.727841 0.06408196 0.683504 0.07231301 0.727555 0.06310296 0.727555 0.06310296 0.683504 0.07231301 0.68322 0.07134097 0.727555 0.06310296 0.68322 0.07134097 0.72747 0.06274098 0.72747 0.06274098 0.68322 0.07134097 0.683133 0.07097196 0.72747 0.06274098 0.683133 0.07097196 0.727313 0.06195795 0.727313 0.06195795 0.683133 0.07097196 0.68298 0.07020395 0.727313 0.06195795 0.68298 0.07020395 0.727198 0.06120795 0.727198 0.06120795 0.68298 0.07020395 0.682862 0.06943899 0.727198 0.06120795 0.682862 0.06943899 0.727153 0.06082296 0.727153 0.06082296 0.682862 0.06943899 0.682819 0.06907397 0.727153 0.06082296 0.682819 0.06907397 0.727099 0.05989295 0.727099 0.05989295 0.682819 0.06907397 0.682762 0.068125 0.733425 0.06226199 0.731618 0.06303 0.731274 0.06206798 0.727153 0.06082296 0.730458 0.05990195 0.727198 0.06120795 0.727198 0.06120795 0.730458 0.05990195 0.730866 0.06096899 0.731274 0.06206798 0.72747 0.06274098 0.730866 0.06096899 0.730866 0.06096899 0.72747 0.06274098 0.727313 0.06195795 0.730866 0.06096899 0.727313 0.06195795 0.727198 0.06120795 0.731618 0.06303 0.727841 0.06408196 0.731274 0.06206798 0.731274 0.06206798 0.727841 0.06408196 0.727555 0.06310296 0.731274 0.06206798 0.727555 0.06310296 0.72747 0.06274098 0.735137 0.06134897 0.733425 0.06226199 0.734739 0.06041198 0.734739 0.06041198 0.733425 0.06226199 0.731274 0.06206798 0.734739 0.06041198 0.731274 0.06206798 0.734177 0.05938696 0.734177 0.05938696 0.731274 0.06206798 0.730866 0.06096899 0.734177 0.05938696 0.730866 0.06096899 0.733539 0.05843096 0.733539 0.05843096 0.730866 0.06096899 0.730458 0.05990195 0.733539 0.05843096 0.730458 0.05990195 0.731566 0.05843698 0.731566 0.05843698 0.730458 0.05990195 0.727153 0.06082296 0.731566 0.05843698 0.727153 0.06082296 0.727099 0.05989295 0.731566 0.05843698 0.735354 0.05594998 0.733539 0.05843096 0.733539 0.05843096 0.735354 0.05594998 0.736184 0.05650895 0.733539 0.05843096 0.736184 0.05650895 0.734177 0.05938696 0.734177 0.05938696 0.736184 0.05650895 0.73702 0.05732095 0.734177 0.05938696 0.73702 0.05732095 0.734739 0.06041198 0.734739 0.06041198 0.73702 0.05732095 0.737715 0.05824899 0.734739 0.06041198 0.737715 0.05824899 0.735137 0.06134897 0.735137 0.06134897 0.737715 0.05824899 0.73816 0.05915194 0.749333 0.04919797 0.73816 0.05915194 0.737715 0.05824899 0.735354 0.05594998 0.746527 0.04599595 0.746895 0.04621297 0.735354 0.05594998 0.746895 0.04621297 0.736184 0.05650895 0.746895 0.04621297 0.747358 0.04655498 0.736184 0.05650895 0.736184 0.05650895 0.747358 0.04655498 0.747759 0.04691195 0.736184 0.05650895 0.747759 0.04691195 0.73702 0.05732095 0.747759 0.04691195 0.748195 0.04736697 0.73702 0.05732095 0.73702 0.05732095 0.748195 0.04736697 0.748584 0.04784899 0.73702 0.05732095 0.748584 0.04784899 0.737715 0.05824899 0.737715 0.05824899 0.748584 0.04784899 0.748889 0.04829597 0.737715 0.05824899 0.748889 0.04829597 0.749333 0.04919797 0.757305 0.03764098 0.757149 0.03877699 0.754782 0.04002398 0.751404 0.04517096 0.750216 0.04585796 0.749307 0.04528796 0.757149 0.03877699 0.757305 0.03764098 0.75729 0.03893095 0.746895 0.04621297 0.746527 0.04599595 0.747849 0.04546797 0.747849 0.04546797 0.746527 0.04599595 0.747059 0.04556494 0.746895 0.04621297 0.748433 0.04589396 0.747358 0.04655498 0.747358 0.04655498 0.748433 0.04589396 0.749035 0.04638195 0.747358 0.04655498 0.749035 0.04638195 0.747759 0.04691195 0.747759 0.04691195 0.749035 0.04638195 0.749619 0.04690694 0.747759 0.04691195 0.749619 0.04690694 0.748195 0.04736697 0.750146 0.04743599 0.750583 0.04793494 0.749691 0.04809999 0.750146 0.04743599 0.749691 0.04809999 0.748584 0.04784899 0.750063 0.04871696 0.749333 0.04919797 0.748889 0.04829597 0.752051 0.04761999 0.750884 0.04829698 0.750583 0.04793494 0.750583 0.04793494 0.750884 0.04829698 0.750063 0.04871696 0.750583 0.04793494 0.750063 0.04871696 0.749691 0.04809999 0.749691 0.04809999 0.750063 0.04871696 0.748889 0.04829597 0.749691 0.04809999 0.748889 0.04829597 0.748584 0.04784899 0.754454 0.04544395 0.753904 0.04606294 0.753663 0.04602998 0.753663 0.04602998 0.753904 0.04606294 0.752436 0.04735296 0.756237 0.04260098 0.755158 0.04450595 0.755471 0.04283899 0.755471 0.04283899 0.755158 0.04450595 0.754115 0.04445099 0.755471 0.04283899 0.754115 0.04445099 0.753581 0.04300999 0.749572 0.04220795 0.747566 0.04249596 0.747136 0.04197698 0.747627 0.04428797 0.747734 0.04338699 0.749219 0.04346299 0.749219 0.04346299 0.747734 0.04338699 0.747712 0.04301398 0.749219 0.04346299 0.747712 0.04301398 0.747566 0.04249596 0.748416 0.04474896 0.749307 0.04528796 0.747537 0.04462999 0.747537 0.04462999 0.749307 0.04528796 0.747849 0.04546797 0.747537 0.04462999 0.747849 0.04546797 0.747339 0.04513299 0.747339 0.04513299 0.747849 0.04546797 0.747059 0.04556494 0.747537 0.04462999 0.747627 0.04428797 0.748416 0.04474896 0.748416 0.04474896 0.747627 0.04428797 0.749219 0.04346299 0.748416 0.04474896 0.749219 0.04346299 0.749307 0.04528796 0.749307 0.04528796 0.749219 0.04346299 0.750889 0.04388695 0.749307 0.04528796 0.750889 0.04388695 0.751404 0.04517096 0.746895 0.04621297 0.747849 0.04546797 0.748433 0.04589396 0.748433 0.04589396 0.747849 0.04546797 0.749307 0.04528796 0.748433 0.04589396 0.749307 0.04528796 0.749035 0.04638195 0.749035 0.04638195 0.749307 0.04528796 0.750216 0.04585796 0.749035 0.04638195 0.750216 0.04585796 0.749619 0.04690694 0.755158 0.04450595 0.754494 0.04539597 0.754115 0.04445099 0.754115 0.04445099 0.754494 0.04539597 0.754454 0.04544395 0.754115 0.04445099 0.754454 0.04544395 0.752611 0.04564499 0.752611 0.04564499 0.754454 0.04544395 0.753663 0.04602998 0.752611 0.04564499 0.753663 0.04602998 0.751857 0.04695397 0.751857 0.04695397 0.753663 0.04602998 0.752436 0.04735296 0.751857 0.04695397 0.752436 0.04735296 0.752276 0.04746794 0.752051 0.04761999 0.750583 0.04793494 0.752276 0.04746794 0.752276 0.04746794 0.750583 0.04793494 0.750146 0.04743599 0.752276 0.04746794 0.750146 0.04743599 0.751857 0.04695397 0.751857 0.04695397 0.750146 0.04743599 0.751085 0.04642599 0.751857 0.04695397 0.751085 0.04642599 0.752611 0.04564499 0.757105 0.03669095 0.757305 0.03764098 0.754668 0.03852796 0.754668 0.03852796 0.757305 0.03764098 0.754782 0.04002398 0.754668 0.03852796 0.754782 0.04002398 0.752339 0.03981596 0.752339 0.03981596 0.754782 0.04002398 0.752172 0.04097294 0.752339 0.03981596 0.752172 0.04097294 0.749308 0.04099798 0.749308 0.04099798 0.752172 0.04097294 0.749499 0.04159599 0.756938 0.04070097 0.756237 0.04260098 0.756533 0.04089695 0.756533 0.04089695 0.756237 0.04260098 0.755471 0.04283899 0.756533 0.04089695 0.755471 0.04283899 0.75436 0.04157495 0.75436 0.04157495 0.755471 0.04283899 0.753581 0.04300999 0.75436 0.04157495 0.753581 0.04300999 0.751986 0.04201298 0.747566 0.04249596 0.749572 0.04220795 0.749219 0.04346299 0.749219 0.04346299 0.749572 0.04220795 0.751535 0.04300296 0.749219 0.04346299 0.751535 0.04300296 0.750889 0.04388695 0.750889 0.04388695 0.751535 0.04300296 0.752558 0.044227 0.750889 0.04388695 0.752558 0.044227 0.751404 0.04517096 0.75729 0.03893095 0.756938 0.04070097 0.757149 0.03877699 0.757149 0.03877699 0.756938 0.04070097 0.756533 0.04089695 0.757149 0.03877699 0.756533 0.04089695 0.754782 0.04002398 0.754782 0.04002398 0.756533 0.04089695 0.75436 0.04157495 0.754782 0.04002398 0.75436 0.04157495 0.752172 0.04097294 0.752172 0.04097294 0.75436 0.04157495 0.751986 0.04201298 0.752172 0.04097294 0.751986 0.04201298 0.749499 0.04159599 0.748584 0.04784899 0.748195 0.04736697 0.750146 0.04743599 0.750146 0.04743599 0.748195 0.04736697 0.749619 0.04690694 0.750146 0.04743599 0.749619 0.04690694 0.751085 0.04642599 0.751085 0.04642599 0.749619 0.04690694 0.750216 0.04585796 0.751085 0.04642599 0.750216 0.04585796 0.752611 0.04564499 0.752611 0.04564499 0.750216 0.04585796 0.751404 0.04517096 0.752611 0.04564499 0.751404 0.04517096 0.754115 0.04445099 0.754115 0.04445099 0.751404 0.04517096 0.752558 0.044227 0.754115 0.04445099 0.752558 0.044227 0.753581 0.04300999 0.753581 0.04300999 0.752558 0.044227 0.751535 0.04300296 0.753581 0.04300999 0.751535 0.04300296 0.751986 0.04201298 0.751986 0.04201298 0.751535 0.04300296 0.749572 0.04220795 0.751986 0.04201298 0.749572 0.04220795 0.749499 0.04159599 0.749499 0.04159599 0.749572 0.04220795 0.747136 0.04197698 0.749499 0.04159599 0.747136 0.04197698 0.749308 0.04099798 0.749308 0.04099798 0.747136 0.04197698 0.746802 0.04165697 0.749308 0.04099798 0.746802 0.04165697 0.746787 0.04162096 0.746787 0.04162096 0.739364 0.02031397 0.749308 0.04099798 0.749308 0.04099798 0.739364 0.02031397 0.744949 0.01849395 0.749308 0.04099798 0.744949 0.01849395 0.752339 0.03981596 0.752339 0.03981596 0.744949 0.01849395 0.754668 0.03852796 0.754668 0.03852796 0.744949 0.01849395 0.749683 0.01538497 0.754668 0.03852796 0.749683 0.01538497 0.757105 0.03669095 0.622827 0.04194998 0.622085 0.03776097 0.739364 0.02031397 0.739364 0.02031397 0.622085 0.03776097 0.738622 0.01612597 0.746877 0.01218199 0.749683 0.01538497 0.744949 0.01849395 0.746877 0.01218199 0.744949 0.01849395 0.74309 0.01466995 0.74309 0.01466995 0.744949 0.01849395 0.739364 0.02031397 0.74309 0.01466995 0.739364 0.02031397 0.738622 0.01612597 0.749683 0.01538497 0.746877 0.01218199 0.752809 0.0126 0.752809 0.0126 0.746877 0.01218199 0.750003 0.00939697 0.753422 0.002940952 0.757083 0.004529953 0.755972 0.008673965 0.753422 0.002940952 0.755972 0.008673965 0.752534 0.006255984 0.752534 0.006255984 0.755972 0.008673965 0.752809 0.0126 0.752534 0.006255984 0.752809 0.0126 0.750003 0.00939697 0.913577 0.222815 0.914573 0.221408 0.915632 0.224898 0.915632 0.224898 0.914573 0.221408 0.917479 0.224353 0.880127 0.120029 0.88441 0.120037 0.879833 0.12302 0.879833 0.12302 0.88441 0.120037 0.884117 0.123028 0.879833 0.12302 0.884117 0.123028 0.879633 0.20734 0.879633 0.20734 0.884117 0.123028 0.883917 0.207348 0.88556 0.206737 0.883917 0.207348 0.885758 0.123664 0.885758 0.123664 0.883917 0.207348 0.884117 0.123028 0.883917 0.207348 0.88556 0.206737 0.884196 0.21038 0.884196 0.21038 0.88556 0.206737 0.885758 0.208881 0.420577 0 0.58998 0.001523971 0.420007 0.001234948 0.420007 0.001234948 0.58998 0.001523971 0.588529 0.002750992 0.760325 0.120323 0.757307 0.120449 0.760323 0.004753947 0.760323 0.004753947 0.757307 0.120449 0.757305 0.001578986 0.760323 0.004753947 0.757305 0.001578986 0.760317 0.004447996 0.758814 1.1e-5 0.759091 0 0.757305 0.001578986 0.757305 0.001578986 0.759091 0 0.759986 0.002351999 0.757305 0.001578986 0.759986 0.002351999 0.760317 0.004447996 0.499431 0.403262 0.494456 0.391003 0.499431 0.326601 0.499431 0.326601 0.494456 0.391003 0.491424 0.378125 0.491424 0.378125 0.490404 0.364932 0.499431 0.326601 0.499431 0.326601 0.490404 0.364932 0.491423 0.35174 0.499431 0.326601 0.491423 0.35174 0.494456 0.338861 0.910482 0.267928 0.910482 0.389566 0.899956 0.268515 0.899956 0.268515 0.910482 0.389566 0.910165 0.389586 0.899956 0.268515 0.910165 0.389586 0.902441 0.390031 0.902441 0.390031 0.899956 0.390153 0.899956 0.268515 0.899956 0.268515 0.899956 0.390153 0.894075 0.390408 0.899956 0.268515 0.894075 0.390408 0.888323 0.268977 0.894075 0.390408 0.888323 0.390615 0.888323 0.268977 0.888323 0.268977 0.888323 0.390615 0.885175 0.390713 0.888323 0.268977 0.885175 0.390713 0.875859 0.269303 0.885175 0.390713 0.875859 0.390941 0.875859 0.269303 0.875859 0.269303 0.875859 0.390941 0.866248 0.391089 0.875859 0.269303 0.866248 0.391089 0.86286 0.269484 0.849636 0.391155 0.849636 0.269517 0.856468 0.391157 0.856468 0.391157 0.849636 0.269517 0.86286 0.269484 0.856468 0.391157 0.86286 0.269484 0.86286 0.391122 0.86286 0.391122 0.86286 0.269484 0.866248 0.391089 0.8365 0.391038 0.8365 0.2694 0.836916 0.391044 0.836916 0.391044 0.8365 0.2694 0.849636 0.269517 0.836916 0.391044 0.849636 0.269517 0.846648 0.391141 0.846648 0.391141 0.849636 0.269517 0.849636 0.391155 0.910574 0.39028 0.911286 0.391638 0.910411 0.391686 0.842176 0.003687977 0.844875 0.002791941 0.844646 0.00476098 0.84466 2.8e-5 0.845872 7e-6 0.845624 5.39e-4 0.845624 5.39e-4 0.844875 0.002791941 0.84466 2.8e-5 0.84466 2.8e-5 0.844875 0.002791941 0.841212 0.00179696 0.914197 0.393762 0.911332 0.393931 0.912823 0.392995 0.912823 0.392995 0.911332 0.393931 0.911286 0.391638 0.491009 0.251118 0.490865 0.252568 0.490865 0.250419 0.910482 0.389566 0.910411 0.391686 0.910165 0.389586 0.910165 0.389586 0.910411 0.391686 0.902654 0.392133 0.910165 0.389586 0.902654 0.392133 0.902441 0.390031 0.86286 0.391122 0.866248 0.391089 0.866304 0.393196 0.866304 0.393196 0.866248 0.391089 0.875859 0.390941 0.866304 0.393196 0.875859 0.390941 0.875956 0.393046 0.875956 0.393046 0.875859 0.390941 0.885175 0.390713 0.875956 0.393046 0.885175 0.390713 0.885313 0.392817 0.885313 0.392817 0.885175 0.390713 0.888323 0.390615 0.885313 0.392817 0.888323 0.390615 0.894251 0.392511 0.894251 0.392511 0.888323 0.390615 0.894075 0.390408 0.894251 0.392511 0.894075 0.390408 0.902654 0.392133 0.902654 0.392133 0.894075 0.390408 0.899956 0.390153 0.902654 0.392133 0.899956 0.390153 0.902441 0.390031 0.86286 0.391122 0.866304 0.393196 0.856468 0.391157 0.856468 0.391157 0.866304 0.393196 0.856481 0.393263 0.856468 0.391157 0.856481 0.393263 0.849636 0.391155 0.849636 0.391155 0.856481 0.393263 0.846619 0.393248 0.849636 0.391155 0.846619 0.393248 0.846648 0.391141 0.846648 0.391141 0.846619 0.393248 0.836844 0.39315 0.846648 0.391141 0.836844 0.39315 0.836916 0.391044 0.836916 0.391044 0.836844 0.39315 0.836186 0.392357 0.836916 0.391044 0.836186 0.392357 0.8365 0.391038 0.759091 0 0.761142 4e-5 0.759986 0.002351999 0.759986 0.002351999 0.761142 4e-5 0.762791 0.003681957 0.759986 0.002351999 0.762791 0.003681957 0.760317 0.004447996 0.844646 0.00476098 0.843099 0.005540966 0.842176 0.003687977 0.842176 0.003687977 0.843099 0.005540966 0.83342 0.009636998 0.842176 0.003687977 0.83342 0.009636998 0.832717 0.007690966 0.832717 0.007690966 0.83342 0.009636998 0.823336 0.01260197 0.832717 0.007690966 0.823336 0.01260197 0.822862 0.010589 0.822862 0.010589 0.823336 0.01260197 0.812979 0.01439595 0.822862 0.010589 0.812979 0.01439595 0.81274 0.01234298 0.81274 0.01234298 0.812979 0.01439595 0.802485 0.01499599 0.81274 0.01234298 0.802485 0.01499599 0.802484 0.01292896 0.802484 0.01292896 0.802485 0.01499599 0.79199 0.01439499 0.802484 0.01292896 0.79199 0.01439499 0.792227 0.01234096 0.792227 0.01234096 0.79199 0.01439499 0.781633 0.01259899 0.792227 0.01234096 0.781633 0.01259899 0.782105 0.01058596 0.782105 0.01058596 0.781633 0.01259899 0.771549 0.009631991 0.782105 0.01058596 0.771549 0.009631991 0.77225 0.007686972 0.77225 0.007686972 0.771549 0.009631991 0.76187 0.005533993 0.77225 0.007686972 0.76187 0.005533993 0.762791 0.003681957 0.762791 0.003681957 0.76187 0.005533993 0.760323 0.004753947 0.762791 0.003681957 0.760323 0.004753947 0.760317 0.004447996 0.911286 0.391638 0.911332 0.393931 0.910411 0.391686 0.910411 0.391686 0.911332 0.393931 0.90345 0.394385 0.910411 0.391686 0.90345 0.394385 0.902654 0.392133 0.902654 0.392133 0.90345 0.394385 0.894911 0.39477 0.902654 0.392133 0.894911 0.39477 0.894251 0.392511 0.894251 0.392511 0.894911 0.39477 0.885829 0.39508 0.894251 0.392511 0.885829 0.39508 0.885313 0.392817 0.885313 0.392817 0.885829 0.39508 0.876321 0.395313 0.885313 0.392817 0.876321 0.395313 0.875956 0.393046 0.875956 0.393046 0.876321 0.395313 0.866512 0.395465 0.875956 0.393046 0.866512 0.395465 0.866304 0.393196 0.866304 0.393196 0.866512 0.395465 0.856532 0.395533 0.866304 0.393196 0.856532 0.395533 0.856481 0.393263 0.856481 0.393263 0.856532 0.395533 0.84651 0.395518 0.856481 0.393263 0.84651 0.395518 0.846619 0.393248 0.846619 0.393248 0.84651 0.395518 0.836577 0.395418 0.846619 0.393248 0.836577 0.395418 0.836844 0.39315 0.836844 0.39315 0.836577 0.395418 0.835186 0.393712 0.836844 0.39315 0.835186 0.393712 0.836186 0.392357 0.844875 0.002791941 0.842176 0.003687977 0.841212 0.00179696 0.841212 0.00179696 0.842176 0.003687977 0.832717 0.007690966 0.841212 0.00179696 0.832717 0.007690966 0.831982 0.005703985 0.831982 0.005703985 0.832717 0.007690966 0.822862 0.010589 0.831982 0.005703985 0.822862 0.010589 0.822365 0.008531987 0.822365 0.008531987 0.822862 0.010589 0.81274 0.01234298 0.822365 0.008531987 0.81274 0.01234298 0.812488 0.01024299 0.812488 0.01024299 0.81274 0.01234298 0.802484 0.01292896 0.812488 0.01024299 0.802484 0.01292896 0.802481 0.01081496 0.802481 0.01081496 0.802484 0.01292896 0.792227 0.01234096 0.802481 0.01081496 0.792227 0.01234096 0.792473 0.01024097 0.792473 0.01024097 0.792227 0.01234096 0.782105 0.01058596 0.792473 0.01024097 0.782105 0.01058596 0.782596 0.008527994 0.782596 0.008527994 0.782105 0.01058596 0.77225 0.007686972 0.782596 0.008527994 0.77225 0.007686972 0.772979 0.005699992 0.772979 0.005699992 0.77225 0.007686972 0.762791 0.003681957 0.772979 0.005699992 0.762791 0.003681957 0.763749 0.001791 0.763749 0.001791 0.762791 0.003681957 0.761142 4e-5 0.836577 0.395418 0.833598 0.394927 0.835186 0.393712 0.847652 0.120456 0.844647 0.120329 0.84765 0.00158596 0.84765 0.00158596 0.844647 0.120329 0.844646 0.00476098 0.845872 7e-6 0.846148 1.8e-5 0.845624 5.39e-4 0.845624 5.39e-4 0.846148 1.8e-5 0.84765 0.00158596 0.845624 5.39e-4 0.84765 0.00158596 0.844875 0.002791941 0.844875 0.002791941 0.84765 0.00158596 0.844646 0.00476098 0.917479 0.224353 0.917479 0.392544 0.915632 0.224898 0.915632 0.224898 0.917479 0.392544 0.915632 0.393968 0.738622 0.01612597 0.622085 0.03776097 0.58998 0.03034394 0.58998 0.03034394 0.622085 0.03776097 0.615384 0.03994494 0.58998 0.03034394 0.615384 0.03994494 0.609702 0.04367697 0.753422 0.002940952 0.752534 0.006255984 0.750003 0.00939697 0.666821 0.1497 0.655642 0.15839 0.607987 0.111179 0.607987 0.111179 0.655642 0.15839 0.593394 0.1176339 0.607987 0.111179 0.593394 0.1176339 0.605453 0.108555 0.605453 0.108555 0.593394 0.1176339 0.59086 0.11501 0.605453 0.108555 0.59086 0.11501 0.604573 0.105199 0.604573 0.105199 0.59086 0.11501 0.58998 0.111653 0.604573 0.105199 0.58998 0.111653 0.604573 0.05336099 0.604573 0.05336099 0.58998 0.111653 0.58998 0.03034394 0.604573 0.05336099 0.58998 0.03034394 0.605906 0.048388 0.605906 0.048388 0.58998 0.03034394 0.609702 0.04367697 0.753422 0 0.753422 0.002940952 0.58998 0.03034394 0.58998 0.03034394 0.753422 0.002940952 0.750003 0.00939697 0.58998 0.03034394 0.750003 0.00939697 0.738622 0.01612597 0.738622 0.01612597 0.750003 0.00939697 0.746877 0.01218199 0.738622 0.01612597 0.746877 0.01218199 0.74309 0.01466995 0.608234 0.05494999 0.604573 0.05336099 0.609345 0.05080598 0.609345 0.05080598 0.604573 0.05336099 0.605906 0.048388 0.609345 0.05080598 0.605906 0.048388 0.612508 0.04687994 0.612508 0.04687994 0.605906 0.048388 0.609702 0.04367697 0.612508 0.04687994 0.609702 0.04367697 0.617243 0.04376995 0.617243 0.04376995 0.609702 0.04367697 0.615384 0.03994494 0.617243 0.04376995 0.615384 0.03994494 0.622827 0.04194998 0.622827 0.04194998 0.615384 0.03994494 0.622085 0.03776097 0.532538 0.228496 0.502423 0.228556 0.532528 0.22565 0.532528 0.22565 0.502423 0.228556 0.502401 0.222928 0.532528 0.22565 0.502401 0.222928 0.532516 0.222963 0.532516 0.222963 0.502401 0.222928 0.5325 0.2204779 0.5325 0.2204779 0.502401 0.222928 0.502367 0.218376 0.5325 0.2204779 0.502367 0.218376 0.532482 0.218361 0.619882 0.06822997 0.612508 0.04687994 0.622099 0.06652396 0.622099 0.06652396 0.612508 0.04687994 0.617243 0.04376995 0.622099 0.06652396 0.617243 0.04376995 0.624633 0.06509196 0.624633 0.06509196 0.617243 0.04376995 0.627386 0.06398797 0.627386 0.06398797 0.617243 0.04376995 0.622827 0.04194998 0.627386 0.06398797 0.622827 0.04194998 0.63025 0.06325596 0.630774 0.06536597 0.630892 0.06613099 0.628315 0.06678897 0.534041 0.228531 0.532538 0.228496 0.534032 0.2257609 0.534032 0.2257609 0.532538 0.228496 0.532528 0.22565 0.534032 0.2257609 0.532528 0.22565 0.534019 0.223146 0.534019 0.223146 0.532528 0.22565 0.532516 0.222963 0.534019 0.223146 0.532516 0.222963 0.534004 0.220728 0.534004 0.220728 0.532516 0.222963 0.5325 0.2204779 0.618766 0.07129895 0.618068 0.07014197 0.620531 0.06943696 0.620531 0.06943696 0.618068 0.07014197 0.619882 0.06822997 0.620531 0.06943696 0.619882 0.06822997 0.622689 0.06777799 0.622689 0.06777799 0.619882 0.06822997 0.622099 0.06652396 0.622689 0.06777799 0.622099 0.06652396 0.625155 0.06638395 0.625155 0.06638395 0.622099 0.06652396 0.624633 0.06509196 0.625155 0.06638395 0.624633 0.06509196 0.627834 0.06531 0.627834 0.06531 0.624633 0.06509196 0.627386 0.06398797 0.627834 0.06531 0.627386 0.06398797 0.630621 0.06459796 0.630621 0.06459796 0.627386 0.06398797 0.63025 0.06325596 0.630621 0.06459796 0.630774 0.06536597 0.627834 0.06531 0.627834 0.06531 0.630774 0.06536597 0.628315 0.06678897 0.627834 0.06531 0.628315 0.06678897 0.625155 0.06638395 0.625155 0.06638395 0.628315 0.06678897 0.625838 0.06778299 0.625155 0.06638395 0.625838 0.06778299 0.622689 0.06777799 0.622689 0.06777799 0.625838 0.06778299 0.623557 0.069072 0.622689 0.06777799 0.623557 0.069072 0.620531 0.06943696 0.620531 0.06943696 0.623557 0.069072 0.621562 0.070607 0.620531 0.06943696 0.621562 0.070607 0.618766 0.07129895 0.618766 0.07129895 0.621562 0.070607 0.619929 0.07232797 0.618766 0.07129895 0.619929 0.07232797 0.617462 0.07328796 0.617462 0.07328796 0.619929 0.07232797 0.618723 0.07416796 0.617462 0.07328796 0.618723 0.07416796 0.616682 0.07528096 0.616682 0.07528096 0.618723 0.07416796 0.618002 0.076011 0.534032 0.2257609 0.535128 0.226072 0.534041 0.228531 0.534041 0.228531 0.535128 0.226072 0.535136 0.2286339 0.619317 0.07784497 0.617759 0.07783097 0.619534 0.07622796 0.619534 0.07622796 0.617759 0.07783097 0.618002 0.076011 0.619534 0.07622796 0.618002 0.076011 0.620175 0.07458895 0.620175 0.07458895 0.618002 0.076011 0.618723 0.07416796 0.620175 0.07458895 0.618723 0.07416796 0.621247 0.07295399 0.621247 0.07295399 0.618723 0.07416796 0.619929 0.07232797 0.621247 0.07295399 0.619929 0.07232797 0.622698 0.071424 0.622698 0.071424 0.619929 0.07232797 0.621562 0.070607 0.622698 0.071424 0.621562 0.070607 0.624472 0.070059 0.624472 0.070059 0.621562 0.070607 0.623557 0.069072 0.624472 0.070059 0.623557 0.069072 0.626499 0.06891399 0.626499 0.06891399 0.623557 0.069072 0.625838 0.06778299 0.626499 0.06891399 0.625838 0.06778299 0.628701 0.06803095 0.628701 0.06803095 0.625838 0.06778299 0.628315 0.06678897 0.628701 0.06803095 0.628315 0.06678897 0.630992 0.06744498 0.630992 0.06744498 0.628315 0.06678897 0.630892 0.06613099 0.619317 0.07784497 0.619317 0.129683 0.617759 0.07783097 0.617759 0.07783097 0.619317 0.129683 0.617759 0.1296679 0.535136 0.2286339 0.535334 0.304139 0.534041 0.228531 0.534041 0.228531 0.535334 0.304139 0.534239 0.304037 0.534041 0.228531 0.534239 0.304037 0.532538 0.228496 0.532538 0.228496 0.534239 0.304037 0.532736 0.304001 0.534862 0.311473 0.534241 0.311746 0.534244 0.30998 0.617759 0.1296679 0.619317 0.129683 0.617914 0.13089 0.617914 0.13089 0.619317 0.129683 0.61945 0.13073 0.617914 0.13089 0.61945 0.13073 0.618375 0.132017 0.618375 0.132017 0.61945 0.13073 0.619845 0.131696 0.618375 0.132017 0.619845 0.131696 0.619127 0.133016 0.619127 0.133016 0.619845 0.131696 0.62049 0.132552 0.619127 0.133016 0.62049 0.132552 0.620149 0.133855 0.620149 0.133855 0.62049 0.132552 0.621366 0.133271 0.535336 0.311118 0.534862 0.311473 0.535339 0.30952 0.535339 0.30952 0.534862 0.311473 0.534244 0.30998 0.535339 0.30952 0.534244 0.30998 0.53534 0.307788 0.53534 0.307788 0.534244 0.30998 0.534245 0.308068 0.53534 0.307788 0.534245 0.308068 0.535338 0.305977 0.535338 0.305977 0.534245 0.308068 0.534243 0.306066 0.535338 0.305977 0.534243 0.306066 0.535334 0.304139 0.535334 0.304139 0.534243 0.306066 0.534239 0.304037 0.532736 0.304001 0.534239 0.304037 0.53274 0.306101 0.53274 0.306101 0.534239 0.304037 0.534243 0.306066 0.53274 0.306101 0.534243 0.306066 0.532742 0.308172 0.532742 0.308172 0.534243 0.306066 0.534245 0.308068 0.532742 0.308172 0.534245 0.308068 0.532741 0.310151 0.532741 0.310151 0.534245 0.308068 0.534244 0.30998 0.532741 0.310151 0.534244 0.30998 0.532738 0.311977 0.532738 0.311977 0.534244 0.30998 0.534241 0.311746 0.534241 0.311746 0.534862 0.311473 0.534965 0.322833 0.490549 0.266648 0.490872 0.275317 0.490171 0.275043 0.490549 0.266648 0.490171 0.275043 0.489663 0.266199 0.629168 0.139419 0.620149 0.133855 0.621366 0.133271 0.629168 0.139419 0.621366 0.133271 0.63002 0.1389369 0.534965 0.322833 0.534382 0.323127 0.534241 0.311746 0.534241 0.311746 0.534382 0.323127 0.533859 0.323287 0.534241 0.311746 0.533859 0.323287 0.532738 0.311977 0.532738 0.311977 0.533859 0.323287 0.533411 0.323371 0.532738 0.311977 0.533411 0.323371 0.532709 0.323419 0.635149 0.105425 0.632971 0.107701 0.619317 0.07784497 0.67823 0.06938695 0.630992 0.06744498 0.682762 0.068125 0.682762 0.068125 0.630992 0.06744498 0.746527 0.04599595 0.682762 0.068125 0.746527 0.04599595 0.727099 0.05989295 0.727099 0.05989295 0.746527 0.04599595 0.735354 0.05594998 0.727099 0.05989295 0.735354 0.05594998 0.731566 0.05843698 0.635149 0.105425 0.619317 0.07784497 0.67038 0.07403999 0.632971 0.107701 0.631353 0.110136 0.619317 0.07784497 0.619317 0.07784497 0.631353 0.110136 0.630356 0.1126379 0.619317 0.07784497 0.630356 0.1126379 0.619317 0.129683 0.619317 0.129683 0.630356 0.1126379 0.63002 0.115109 0.619317 0.129683 0.63002 0.115109 0.61945 0.13073 0.63002 0.115109 0.63002 0.1389369 0.621366 0.133271 0.67823 0.06938695 0.674006 0.07140499 0.630992 0.06744498 0.630992 0.06744498 0.674006 0.07140499 0.67038 0.07403999 0.630992 0.06744498 0.67038 0.07403999 0.628701 0.06803095 0.628701 0.06803095 0.67038 0.07403999 0.626499 0.06891399 0.621366 0.133271 0.62049 0.132552 0.63002 0.115109 0.63002 0.115109 0.62049 0.132552 0.619845 0.131696 0.63002 0.115109 0.619845 0.131696 0.61945 0.13073 0.619317 0.07784497 0.619534 0.07622796 0.67038 0.07403999 0.67038 0.07403999 0.619534 0.07622796 0.620175 0.07458895 0.67038 0.07403999 0.620175 0.07458895 0.621247 0.07295399 0.621247 0.07295399 0.622698 0.071424 0.67038 0.07403999 0.67038 0.07403999 0.622698 0.071424 0.624472 0.070059 0.67038 0.07403999 0.624472 0.070059 0.626499 0.06891399 0.746527 0.04599595 0.630992 0.06744498 0.747059 0.04556494 0.747059 0.04556494 0.630992 0.06744498 0.630892 0.06613099 0.747059 0.04556494 0.630892 0.06613099 0.747339 0.04513299 0.747339 0.04513299 0.630892 0.06613099 0.747537 0.04462999 0.747537 0.04462999 0.630892 0.06613099 0.630774 0.06536597 0.747537 0.04462999 0.630774 0.06536597 0.747627 0.04428797 0.630621 0.06459796 0.747712 0.04301398 0.630774 0.06536597 0.630774 0.06536597 0.747712 0.04301398 0.747734 0.04338699 0.630774 0.06536597 0.747734 0.04338699 0.747627 0.04428797 0.63025 0.06325596 0.746787 0.04162096 0.630621 0.06459796 0.630621 0.06459796 0.746787 0.04162096 0.746802 0.04165697 0.746802 0.04165697 0.747136 0.04197698 0.630621 0.06459796 0.630621 0.06459796 0.747136 0.04197698 0.747566 0.04249596 0.630621 0.06459796 0.747566 0.04249596 0.747712 0.04301398 0.733341 0.02914994 0.728665 0.02910596 0.739364 0.02031397 0.739364 0.02031397 0.728665 0.02910596 0.622827 0.04194998 0.728665 0.02910596 0.724585 0.03077495 0.622827 0.04194998 0.622827 0.04194998 0.724585 0.03077495 0.722195 0.03371 0.622827 0.04194998 0.722195 0.03371 0.63025 0.06325596 0.63025 0.06325596 0.722195 0.03371 0.722135 0.03712397 0.63025 0.06325596 0.722135 0.03712397 0.723969 0.03973597 0.738091 0.03948199 0.739746 0.036807 0.746787 0.04162096 0.746787 0.04162096 0.739746 0.036807 0.739647 0.03387296 0.746787 0.04162096 0.739647 0.03387296 0.739364 0.02031397 0.739364 0.02031397 0.739647 0.03387296 0.737361 0.03089398 0.739364 0.02031397 0.737361 0.03089398 0.733341 0.02914994 0.723969 0.03973597 0.727173 0.04150897 0.63025 0.06325596 0.63025 0.06325596 0.727173 0.04150897 0.731114 0.04209196 0.63025 0.06325596 0.731114 0.04209196 0.746787 0.04162096 0.746787 0.04162096 0.731114 0.04209196 0.735011 0.04136794 0.746787 0.04162096 0.735011 0.04136794 0.738091 0.03948199 0.590177 0.488932 0.596171 0.48882 0.590162 0.492847 0.590162 0.492847 0.596171 0.48882 0.596157 0.492735 0.590162 0.492847 0.596157 0.492735 0.58998 0.495977 0.58998 0.495977 0.596157 0.492735 0.595975 0.495866 0.727173 0.04150897 0.727173 0.03739297 0.731114 0.04209196 0.731114 0.04209196 0.727173 0.03739297 0.731114 0.03797495 0.731114 0.04209196 0.731114 0.03797495 0.735011 0.04136794 0.735011 0.04136794 0.731114 0.03797495 0.735011 0.03725194 0.735011 0.04136794 0.735011 0.03725194 0.738091 0.03948199 0.738091 0.03948199 0.735011 0.03725194 0.738091 0.03536599 0.912902 0.134938 0.906885 0.13492 0.913017 0.1317999 0.913017 0.1317999 0.906885 0.13492 0.906999 0.1317819 0.913017 0.1317999 0.906999 0.1317819 0.913067 0.127882 0.913067 0.127882 0.906999 0.1317819 0.907049 0.127864 0.913067 0.127882 0.907049 0.127864 0.91303 0.123362 0.91303 0.123362 0.907049 0.127864 0.907013 0.123344 0.91303 0.123362 0.907013 0.123344 0.912902 0.120048 0.912902 0.120048 0.907013 0.123344 0.906885 0.120029 0.69496 0.484208 0.700899 0.484428 0.69457 0.488665 0.69457 0.488665 0.700899 0.484428 0.700509 0.488885 0.69457 0.488665 0.700509 0.488885 0.69457 0.493228 0.69457 0.493228 0.700509 0.488885 0.700509 0.493448 0.69457 0.493228 0.700509 0.493448 0.69496 0.496673 0.69496 0.496673 0.700509 0.493448 0.700899 0.496894 0.58998 0.484409 0.595975 0.484298 0.590177 0.488932 0.590177 0.488932 0.595975 0.484298 0.596171 0.48882 0.732079 0.03479099 0.731114 0.03797495 0.729585 0.03476798 0.729585 0.03476798 0.731114 0.03797495 0.727173 0.03739297 0.729585 0.03476798 0.727173 0.03739297 0.727441 0.03383696 0.727441 0.03383696 0.727173 0.03739297 0.723969 0.03561997 0.727441 0.03383696 0.723969 0.03561997 0.726222 0.03224897 0.726222 0.03224897 0.723969 0.03561997 0.722135 0.03300696 0.726222 0.03224897 0.722135 0.03300696 0.726253 0.03042799 0.726253 0.03042799 0.722135 0.03300696 0.722195 0.029594 0.726253 0.03042799 0.722195 0.029594 0.727528 0.02886295 0.727528 0.02886295 0.722195 0.029594 0.724585 0.02665895 0.727528 0.02886295 0.724585 0.02665895 0.729704 0.02797299 0.729704 0.02797299 0.724585 0.02665895 0.728665 0.02498996 0.729704 0.02797299 0.728665 0.02498996 0.732198 0.027996 0.732198 0.027996 0.728665 0.02498996 0.733341 0.02503395 0.732198 0.027996 0.733341 0.02503395 0.734342 0.02892696 0.734342 0.02892696 0.733341 0.02503395 0.737361 0.02677798 0.734342 0.02892696 0.737361 0.02677798 0.735561 0.03051495 0.735561 0.03051495 0.737361 0.02677798 0.739647 0.02975594 0.735561 0.03051495 0.739647 0.02975594 0.735529 0.03233599 0.735529 0.03233599 0.739647 0.02975594 0.739746 0.032691 0.735529 0.03233599 0.739746 0.032691 0.734255 0.03390097 0.734255 0.03390097 0.739746 0.032691 0.738091 0.03536599 0.734255 0.03390097 0.738091 0.03536599 0.732079 0.03479099 0.732079 0.03479099 0.738091 0.03536599 0.735011 0.03725194 0.732079 0.03479099 0.735011 0.03725194 0.731114 0.03797495 0.899952 0.177711 0.899952 0.1955389 0.897569 0.177591 0.897569 0.177591 0.899952 0.1955389 0.897569 0.195419 0.620827 0.469681 0.620827 0.487734 0.619059 0.469755 0.619059 0.469755 0.620827 0.487734 0.619059 0.487808 0.619059 0.469755 0.619059 0.487808 0.616648 0.469781 0.616648 0.469781 0.619059 0.487808 0.616648 0.487835 0.616648 0.469781 0.616648 0.487835 0.614241 0.469754 0.614241 0.469754 0.616648 0.487835 0.614241 0.487808 0.614241 0.469754 0.614241 0.487808 0.612481 0.46968 0.612481 0.46968 0.614241 0.487808 0.612481 0.487734 0.734255 0.02155196 0.734255 0.03390097 0.732079 0.02244198 0.732079 0.02244198 0.734255 0.03390097 0.732079 0.03479099 0.732079 0.02244198 0.732079 0.03479099 0.729585 0.02241897 0.729585 0.02241897 0.732079 0.03479099 0.729585 0.03476798 0.906326 0.1578429 0.906326 0.17583 0.904574 0.157674 0.904574 0.157674 0.906326 0.17583 0.904574 0.175661 0.904574 0.157674 0.904574 0.175661 0.902169 0.157611 0.902169 0.157611 0.904574 0.175661 0.902169 0.175598 0.902169 0.157611 0.902169 0.175598 0.899756 0.157671 0.899756 0.157671 0.902169 0.175598 0.899756 0.175658 0.904212 0.177345 0.904212 0.195173 0.902384 0.177621 0.902384 0.177621 0.904212 0.195173 0.902384 0.1954489 0.902384 0.177621 0.902384 0.1954489 0.899952 0.177711 0.899952 0.177711 0.902384 0.1954489 0.899952 0.1955389 0.833598 0.394927 0.831617 0.395916 0.83135 0.395646 0.845591 0.254202 0.8365 0.2694 0.83135 0.226575 0.915632 0.393968 0.915365 0.394249 0.915632 0.224898 0.915632 0.224898 0.915365 0.394249 0.914197 0.393762 0.911286 0.391638 0.910574 0.39028 0.912823 0.392995 0.912823 0.392995 0.910574 0.39028 0.910482 0.389566 0.912823 0.392995 0.910482 0.389566 0.914197 0.393762 0.914197 0.393762 0.910482 0.389566 0.910482 0.267928 0.914197 0.393762 0.910482 0.267928 0.915632 0.224898 0.836186 0.392357 0.835186 0.393712 0.8365 0.391038 0.8365 0.391038 0.835186 0.393712 0.833598 0.394927 0.8365 0.391038 0.833598 0.394927 0.8365 0.2694 0.8365 0.2694 0.833598 0.394927 0.83135 0.395646 0.8365 0.2694 0.83135 0.395646 0.83135 0.226575 0.845591 0.254202 0.846214 0.256592 0.8365 0.2694 0.8365 0.2694 0.846214 0.256592 0.847916 0.258317 0.8365 0.2694 0.847916 0.258317 0.850241 0.258915 0.833405 0.2244099 0.847916 0.249994 0.83135 0.226575 0.83135 0.226575 0.847916 0.249994 0.846214 0.251787 0.83135 0.226575 0.846214 0.251787 0.845591 0.254202 0.896741 0.248378 0.894416 0.249069 0.854268 0.256432 0.854268 0.256432 0.894416 0.249069 0.892714 0.250861 0.854268 0.256432 0.892714 0.250861 0.852566 0.258225 0.852566 0.258225 0.892714 0.250861 0.892091 0.253276 0.852566 0.258225 0.892091 0.253276 0.850241 0.258915 0.850241 0.258915 0.892091 0.253276 0.892714 0.255667 0.850241 0.258915 0.892714 0.255667 0.8365 0.2694 0.8365 0.2694 0.892714 0.255667 0.894416 0.257392 0.8365 0.2694 0.894416 0.257392 0.910482 0.267928 0.910482 0.267928 0.894416 0.257392 0.896741 0.257989 0.910482 0.267928 0.896741 0.257989 0.899066 0.257299 0.854268 0.256432 0.854891 0.254017 0.896741 0.248378 0.896741 0.248378 0.854891 0.254017 0.854268 0.251626 0.896741 0.248378 0.854268 0.251626 0.913577 0.222815 0.913577 0.222815 0.854268 0.251626 0.852566 0.2499009 0.913577 0.222815 0.852566 0.2499009 0.833405 0.2244099 0.833405 0.2244099 0.852566 0.2499009 0.850241 0.2493039 0.833405 0.2244099 0.850241 0.2493039 0.847916 0.249994 0.899066 0.257299 0.900768 0.255506 0.910482 0.267928 0.910482 0.267928 0.900768 0.255506 0.901391 0.253091 0.910482 0.267928 0.901391 0.253091 0.915632 0.224898 0.915632 0.224898 0.901391 0.253091 0.900768 0.250701 0.915632 0.224898 0.900768 0.250701 0.913577 0.222815 0.913577 0.222815 0.900768 0.250701 0.899066 0.248976 0.913577 0.222815 0.899066 0.248976 0.896741 0.248378 0.901623 0.213734 0.901623 0.195906 0.904054 0.213643 0.904054 0.213643 0.901623 0.195906 0.904054 0.195815 0.904054 0.213643 0.904054 0.195815 0.905883 0.213367 0.905883 0.213367 0.904054 0.195815 0.905883 0.1955389 0.900315 0.138077 0.900315 0.120089 0.902728 0.1380169 0.902728 0.1380169 0.900315 0.120089 0.902728 0.120029 0.902728 0.1380169 0.902728 0.120029 0.905133 0.13808 0.905133 0.13808 0.902728 0.120029 0.905133 0.120092 0.905133 0.13808 0.905133 0.120092 0.906885 0.138248 0.906885 0.138248 0.905133 0.120092 0.906885 0.120261 0.81642 0.374662 0.80437 0.371963 0.816988 0.372234 0.816988 0.372234 0.80437 0.371963 0.804938 0.369534 0.816988 0.372234 0.804938 0.369534 0.816595 0.369916 0.816595 0.369916 0.804938 0.369534 0.804544 0.367216 0.663398 0.487734 0.663398 0.46968 0.665157 0.487808 0.665157 0.487808 0.663398 0.46968 0.665157 0.469754 0.665157 0.487808 0.665157 0.469754 0.667565 0.487835 0.667565 0.487835 0.665157 0.469754 0.667565 0.469781 0.667565 0.487835 0.667565 0.469781 0.669976 0.487808 0.669976 0.487808 0.667565 0.469781 0.669976 0.469755 0.669976 0.487808 0.669976 0.469755 0.671743 0.487734 0.671743 0.487734 0.669976 0.469755 0.671743 0.469681 0.899239 0.213614 0.899239 0.1957859 0.901623 0.213734 0.901623 0.213734 0.899239 0.1957859 0.901623 0.195906 0.912695 0.167986 0.9067 0.168033 0.912582 0.164061 0.912582 0.164061 0.9067 0.168033 0.906587 0.164108 0.912582 0.164061 0.906587 0.164108 0.912321 0.160903 0.912321 0.160903 0.906587 0.164108 0.906326 0.16095 0.602436 0.495556 0.596493 0.495592 0.602151 0.491872 0.602151 0.491872 0.596493 0.495592 0.596209 0.491908 0.602151 0.491872 0.596209 0.491908 0.602151 0.487854 0.602151 0.487854 0.596209 0.491908 0.596209 0.48789 0.602151 0.487854 0.596209 0.48789 0.602436 0.484298 0.602436 0.484298 0.596209 0.48789 0.596493 0.484334 0.589893 0.497109 0.583876 0.497129 0.589779 0.49396 0.589779 0.49396 0.583876 0.497129 0.583761 0.49398 0.589779 0.49396 0.583761 0.49398 0.589729 0.490039 0.589729 0.490039 0.583761 0.49398 0.583711 0.490058 0.80794 0.378802 0.806773 0.375384 0.809815 0.373061 0.809815 0.373061 0.806773 0.375384 0.806919 0.371423 0.809815 0.373061 0.806919 0.371423 0.810383 0.370632 0.810383 0.370632 0.806919 0.371423 0.808349 0.367705 0.810383 0.370632 0.808349 0.367705 0.81176 0.368744 0.81176 0.368744 0.808349 0.367705 0.810779 0.364966 0.81176 0.368744 0.810779 0.364966 0.813576 0.367901 0.813576 0.367901 0.810779 0.364966 0.813729 0.363748 0.813576 0.367901 0.813729 0.363748 0.815346 0.36833 0.815346 0.36833 0.813729 0.363748 0.817047 0.364552 0.815346 0.36833 0.817047 0.364552 0.816595 0.369916 0.816595 0.369916 0.817047 0.364552 0.819389 0.367526 0.816595 0.369916 0.819389 0.367526 0.816988 0.372234 0.816988 0.372234 0.819389 0.367526 0.820126 0.371872 0.816988 0.372234 0.820126 0.371872 0.81642 0.374662 0.81642 0.374662 0.820126 0.371872 0.819061 0.376425 0.81642 0.374662 0.819061 0.376425 0.815043 0.376551 0.815043 0.376551 0.819061 0.376425 0.81648 0.379967 0.815043 0.376551 0.81648 0.379967 0.813227 0.377394 0.813227 0.377394 0.81648 0.379967 0.813074 0.381547 0.813227 0.377394 0.813074 0.381547 0.811457 0.376965 0.811457 0.376965 0.813074 0.381547 0.810189 0.381002 0.811457 0.376965 0.810189 0.381002 0.810208 0.375379 0.810208 0.375379 0.810189 0.381002 0.80794 0.378802 0.810208 0.375379 0.80794 0.378802 0.809815 0.373061 0.589729 0.490039 0.583711 0.490058 0.589766 0.485524 0.589766 0.485524 0.583711 0.490058 0.583748 0.485543 0.589766 0.485524 0.583748 0.485543 0.589893 0.482224 0.589893 0.482224 0.583748 0.485543 0.583876 0.482244 0.819389 0.367526 0.823405 0.368426 0.820126 0.371872 0.820126 0.371872 0.823405 0.368426 0.824142 0.372771 0.820126 0.371872 0.824142 0.372771 0.819061 0.376425 0.819061 0.376425 0.824142 0.372771 0.823078 0.377325 0.912321 0.175783 0.906326 0.17583 0.912612 0.172496 0.912612 0.172496 0.906326 0.17583 0.906617 0.172543 0.912612 0.172496 0.906617 0.172543 0.912695 0.167986 0.912695 0.167986 0.906617 0.172543 0.9067 0.168033 0.814206 0.381902 0.817091 0.382446 0.804575 0.479891 0.823405 0.368426 0.821064 0.365452 0.83135 0.358857 0.83135 0.358857 0.821064 0.365452 0.817746 0.364648 0.83135 0.358857 0.817746 0.364648 0.808937 0.361443 0.808937 0.361443 0.817746 0.364648 0.814796 0.365865 0.808937 0.361443 0.814796 0.365865 0.812366 0.368605 0.804575 0.479891 0.817091 0.382446 0.826989 0.477305 0.817091 0.382446 0.820497 0.380866 0.826989 0.477305 0.826989 0.477305 0.820497 0.380866 0.823078 0.377325 0.826989 0.477305 0.823078 0.377325 0.83135 0.358857 0.83135 0.358857 0.823078 0.377325 0.824142 0.372771 0.83135 0.358857 0.824142 0.372771 0.823405 0.368426 0.812366 0.368605 0.810936 0.372323 0.808937 0.361443 0.808937 0.361443 0.810936 0.372323 0.81079 0.376284 0.808937 0.361443 0.81079 0.376284 0.804575 0.479891 0.804575 0.479891 0.81079 0.376284 0.811957 0.379702 0.804575 0.479891 0.811957 0.379702 0.814206 0.381902 0.83135 0.358857 0.808937 0.361443 0.80888 0.358846 0.83135 0.358857 0.80888 0.358846 0.830795 0.35301 0.806382 0.350296 0.828795 0.34771 0.807641 0.353077 0.807641 0.353077 0.828795 0.34771 0.830795 0.35301 0.807641 0.353077 0.830795 0.35301 0.808389 0.35563 0.808389 0.35563 0.830795 0.35301 0.80888 0.358846 0.858704 0.171988 0.859293 0.1713809 0.859349 0.172123 0.803724 0.353272 0.804425 0.354112 0.804945 0.355874 0.804425 0.354112 0.803724 0.353272 0.804408 0.35246 0.804889 0.350923 0.805729 0.350444 0.805605 0.350624 0.805605 0.350624 0.805729 0.350444 0.806382 0.350296 0.805605 0.350624 0.806382 0.350296 0.807641 0.353077 0.860739 0.170265 0.861753 0.170209 0.861897 0.170508 0.861897 0.170508 0.861753 0.170209 0.862674 0.170411 0.861897 0.170508 0.862674 0.170411 0.862726 0.171665 0.862726 0.171665 0.862674 0.170411 0.863324 0.170715 0.862726 0.171665 0.863324 0.170715 0.864642 0.1718209 0.85821 0.172441 0.858034 0.17128 0.858665 0.1710979 0.859268 0.170799 0.859293 0.1713809 0.858665 0.1710979 0.858665 0.1710979 0.859293 0.1713809 0.858704 0.171988 0.858665 0.1710979 0.858704 0.171988 0.85821 0.172441 0.85821 0.172441 0.858704 0.171988 0.859349 0.172123 0.85821 0.172441 0.859349 0.172123 0.858413 0.17294 0.858413 0.17294 0.859349 0.172123 0.859533 0.17282 0.713568 0.355133 0.713774 0.353561 0.71403 0.355123 0.71403 0.355123 0.713774 0.353561 0.714352 0.35368 0.71403 0.355123 0.714352 0.35368 0.714574 0.355126 0.714574 0.355126 0.714352 0.35368 0.715011 0.353788 0.714574 0.355126 0.715011 0.353788 0.715099 0.35514 0.715099 0.35514 0.715011 0.353788 0.715705 0.353881 0.715099 0.35514 0.715705 0.353881 0.71573 0.355169 0.716918 0.352771 0.716717 0.353132 0.714979 0.352641 0.714979 0.352641 0.716717 0.353132 0.716395 0.353846 0.716995 0.352646 0.714936 0.351544 0.716063 0.351469 0.716995 0.352646 0.716063 0.351469 0.717395 0.352162 0.717395 0.352162 0.716063 0.351469 0.716324 0.350481 0.717395 0.352162 0.716324 0.350481 0.717788 0.352058 0.808429 0.361145 0.808037 0.359093 0.808369 0.358921 0.808429 0.361145 0.808369 0.358921 0.808764 0.361403 0.808764 0.361403 0.808369 0.358921 0.80888 0.358846 0.808764 0.361403 0.80888 0.358846 0.808937 0.361443 0.714916 0.350455 0.714007 0.349282 0.714949 0.349414 0.714949 0.349414 0.714007 0.349282 0.714043 0.34771 0.807085 0.3576 0.805934 0.355791 0.807236 0.356826 0.807236 0.356826 0.805934 0.355791 0.806015 0.354565 0.807236 0.356826 0.806015 0.354565 0.807671 0.356255 0.807671 0.356255 0.806015 0.354565 0.806544 0.35359 0.807671 0.356255 0.806544 0.35359 0.808389 0.35563 0.805013 0.351103 0.806544 0.35359 0.804408 0.35246 0.804408 0.35246 0.806544 0.35359 0.806015 0.354565 0.804408 0.35246 0.806015 0.354565 0.804425 0.354112 0.804425 0.354112 0.806015 0.354565 0.805934 0.355791 0.490988 0.287111 0.490988 0.288588 0.489663 0.287468 0.489986 0.251391 0.49074 0.252036 0.489986 0.253182 0.716995 0.352646 0.716918 0.352771 0.714936 0.351544 0.714936 0.351544 0.716918 0.352771 0.714979 0.352641 0.714936 0.351544 0.714979 0.352641 0.714064 0.350841 0.714064 0.350841 0.714979 0.352641 0.714193 0.352303 0.86138 0.172833 0.860584 0.173047 0.861506 0.1717039 0.713429 0.350067 0.714193 0.352303 0.713559 0.351924 0.861506 0.1717039 0.860438 0.17215 0.860484 0.1711699 0.859268 0.170799 0.859343 0.170762 0.859293 0.1713809 0.859293 0.1713809 0.859343 0.170762 0.860724 0.1702679 0.859293 0.1713809 0.860724 0.1702679 0.859349 0.172123 0.490764 0.250419 0.490764 0.247352 0.491028 0.24823 0.859349 0.172123 0.860484 0.1711699 0.859533 0.17282 0.859533 0.17282 0.860484 0.1711699 0.860438 0.17215 0.713774 0.353561 0.713559 0.351924 0.714352 0.35368 0.714352 0.35368 0.713559 0.351924 0.714193 0.352303 0.714352 0.35368 0.714193 0.352303 0.715011 0.353788 0.715011 0.353788 0.714193 0.352303 0.714979 0.352641 0.715011 0.353788 0.714979 0.352641 0.715705 0.353881 0.715705 0.353881 0.714979 0.352641 0.716395 0.353846 0.715705 0.353881 0.716395 0.353846 0.71573 0.355169 0.71573 0.355169 0.716395 0.353846 0.716197 0.354809 0.71573 0.355169 0.716197 0.354809 0.71625 0.355202 0.803724 0.353272 0.804236 0.351707 0.804408 0.35246 0.804408 0.35246 0.804236 0.351707 0.804889 0.350923 0.804408 0.35246 0.804889 0.350923 0.805013 0.351103 0.805013 0.351103 0.804889 0.350923 0.805605 0.350624 0.805013 0.351103 0.805605 0.350624 0.806544 0.35359 0.806544 0.35359 0.805605 0.350624 0.807641 0.353077 0.806544 0.35359 0.807641 0.353077 0.808389 0.35563 0.860724 0.1702679 0.860739 0.170265 0.860484 0.1711699 0.860484 0.1711699 0.860739 0.170265 0.861897 0.170508 0.860484 0.1711699 0.861897 0.170508 0.861506 0.1717039 0.861506 0.1717039 0.861897 0.170508 0.862726 0.171665 0.861506 0.1717039 0.862726 0.171665 0.86138 0.172833 0.86138 0.172833 0.862726 0.171665 0.862243 0.172904 0.714064 0.350841 0.714007 0.349282 0.714936 0.351544 0.714936 0.351544 0.714007 0.349282 0.714916 0.350455 0.714936 0.351544 0.714916 0.350455 0.716063 0.351469 0.716063 0.351469 0.714916 0.350455 0.714949 0.349414 0.716063 0.351469 0.714949 0.349414 0.716324 0.350481 0.716324 0.350481 0.714949 0.349414 0.715052 0.348504 0.808037 0.359093 0.807236 0.356826 0.808369 0.358921 0.808369 0.358921 0.807236 0.356826 0.807671 0.356255 0.808369 0.358921 0.807671 0.356255 0.80888 0.358846 0.80888 0.358846 0.807671 0.356255 0.808389 0.35563 0.866286 0.174932 0.865761 0.173559 0.869653 0.123032 0.866286 0.174932 0.869653 0.123032 0.866568 0.176327 0.865558 0.157333 0.866249 0.155759 0.864642 0.1718209 0.864642 0.1718209 0.866249 0.155759 0.866581 0.15438 0.864642 0.1718209 0.866581 0.15438 0.865761 0.173559 0.865761 0.173559 0.866581 0.15438 0.866677 0.153163 0.865761 0.173559 0.866677 0.153163 0.869653 0.123032 0.869653 0.123032 0.866677 0.153163 0.866749 0.123048 0.866568 0.176327 0.869653 0.123032 0.86662 0.177254 0.86662 0.177254 0.869653 0.123032 0.869453 0.207352 0.86662 0.177254 0.869453 0.207352 0.866549 0.207369 0.865558 0.157333 0.864642 0.1718209 0.864588 0.158715 0.864588 0.158715 0.864642 0.1718209 0.863324 0.170715 0.864588 0.158715 0.863324 0.170715 0.86335 0.15974 0.86335 0.15974 0.863324 0.170715 0.862674 0.170411 0.86335 0.15974 0.862674 0.170411 0.862659 0.1600649 0.860716 0.16021 0.862075 0.1602219 0.861753 0.170209 0.861753 0.170209 0.862075 0.1602219 0.862674 0.170411 0.862674 0.170411 0.862075 0.1602219 0.862619 0.160079 0.862674 0.170411 0.862619 0.160079 0.862659 0.1600649 0.860377 0.16013 0.858665 0.1710979 0.859383 0.159745 0.859383 0.159745 0.858665 0.1710979 0.858034 0.17128 0.859383 0.159745 0.858034 0.17128 0.858698 0.159412 0.858698 0.159412 0.858034 0.17128 0.858063 0.159234 0.858063 0.159234 0.858034 0.17128 0.847652 0.171339 0.858063 0.159234 0.847652 0.171339 0.847681 0.1592929 0.861753 0.170209 0.860739 0.170265 0.860716 0.16021 0.860716 0.16021 0.860739 0.170265 0.860724 0.1702679 0.860716 0.16021 0.860724 0.1702679 0.860574 0.16018 0.860574 0.16018 0.860724 0.1702679 0.859343 0.170762 0.860574 0.16018 0.859343 0.170762 0.860377 0.16013 0.860377 0.16013 0.859343 0.170762 0.859268 0.170799 0.860377 0.16013 0.859268 0.170799 0.858665 0.1710979 0.73081 0.07260495 0.727841 0.06408196 0.734587 0.07155299 0.734587 0.07155299 0.727841 0.06408196 0.731618 0.06303 0.734587 0.07155299 0.731618 0.06303 0.736394 0.07078498 0.736394 0.07078498 0.731618 0.06303 0.733425 0.06226199 0.736394 0.07078498 0.733425 0.06226199 0.738106 0.069871 0.738106 0.069871 0.733425 0.06226199 0.735137 0.06134897 0.738106 0.069871 0.735137 0.06134897 0.741129 0.06767499 0.741129 0.06767499 0.735137 0.06134897 0.73816 0.05915194 0.683504 0.07231301 0.727841 0.06408196 0.686473 0.08083599 0.686473 0.08083599 0.727841 0.06408196 0.73081 0.07260495 0.871924 0.217447 0.870571 0.218566 0.872706 0.215689 0.872706 0.215689 0.870571 0.218566 0.869008 0.218747 0.866873 0.2163659 0.866873 0.214441 0.867654 0.2179419 0.867654 0.2179419 0.866873 0.214441 0.867654 0.212683 0.867654 0.2179419 0.867654 0.212683 0.869008 0.218747 0.872706 0.213764 0.872706 0.215689 0.871924 0.212188 0.871924 0.212188 0.872706 0.215689 0.869008 0.218747 0.871924 0.212188 0.869008 0.218747 0.870571 0.211383 0.870571 0.211383 0.869008 0.218747 0.867654 0.212683 0.870571 0.211383 0.867654 0.212683 0.869008 0.211564 0.586389 0.449015 0.586389 0.46553 0.584603 0.448956 0.584603 0.448956 0.586389 0.46553 0.584603 0.465471 0.584603 0.448956 0.584603 0.465471 0.583446 0.448836 0.583446 0.448836 0.584603 0.465471 0.583446 0.465351 0.913852 0.145268 0.913852 0.158962 0.912226 0.144664 0.912226 0.144664 0.913852 0.158962 0.912226 0.158358 0.912226 0.144664 0.912226 0.158358 0.910281 0.144598 0.910281 0.144598 0.912226 0.158358 0.910281 0.158293 0.910281 0.144598 0.910281 0.158293 0.908538 0.145089 0.908538 0.145089 0.910281 0.158293 0.908538 0.158783 0.486439 0.47373 0.486439 0.489305 0.485471 0.474305 0.485471 0.474305 0.486439 0.489305 0.485471 0.489881 0.485471 0.474305 0.485471 0.489881 0.483787 0.474639 0.483787 0.474639 0.485471 0.489881 0.483787 0.490214 0.483787 0.474639 0.483787 0.490214 0.481839 0.474642 0.481839 0.474642 0.483787 0.490214 0.481839 0.490217 0.481839 0.474642 0.481839 0.490217 0.480147 0.474312 0.480147 0.474312 0.481839 0.490217 0.480147 0.489888 0.489992 0.362732 0.489992 0.372125 0.488104 0.363129 0.488104 0.363129 0.489992 0.372125 0.488104 0.372523 0.589893 0.44891 0.589893 0.465425 0.588326 0.448998 0.588326 0.448998 0.589893 0.465425 0.588326 0.465513 0.588326 0.448998 0.588326 0.465513 0.586389 0.449015 0.586389 0.449015 0.588326 0.465513 0.586389 0.46553 0.877757 0.217447 0.876403 0.218566 0.878538 0.215689 0.878538 0.215689 0.876403 0.218566 0.87484 0.218747 0.872706 0.2163659 0.872706 0.214441 0.873487 0.2179419 0.873487 0.2179419 0.872706 0.214441 0.873487 0.212683 0.873487 0.2179419 0.873487 0.212683 0.87484 0.218747 0.878538 0.213764 0.878538 0.215689 0.877757 0.212188 0.877757 0.212188 0.878538 0.215689 0.87484 0.218747 0.877757 0.212188 0.87484 0.218747 0.876403 0.211383 0.876403 0.211383 0.87484 0.218747 0.873487 0.212683 0.876403 0.211383 0.873487 0.212683 0.87484 0.211564 0.586389 0.465709 0.586389 0.482224 0.584603 0.46565 0.584603 0.46565 0.586389 0.482224 0.584603 0.482165 0.584603 0.46565 0.584603 0.482165 0.583446 0.46553 0.583446 0.46553 0.584603 0.482165 0.583446 0.482045 0.706213 0.484877 0.706213 0.498572 0.704587 0.484273 0.704587 0.484273 0.706213 0.498572 0.704587 0.497968 0.704587 0.484273 0.704587 0.497968 0.702641 0.484208 0.702641 0.484208 0.704587 0.497968 0.702641 0.497902 0.702641 0.484208 0.702641 0.497902 0.700899 0.484698 0.700899 0.484698 0.702641 0.497902 0.700899 0.498392 0.912175 0.1955389 0.912175 0.211114 0.911207 0.196115 0.911207 0.196115 0.912175 0.211114 0.911207 0.21169 0.911207 0.196115 0.911207 0.21169 0.909523 0.196448 0.909523 0.196448 0.911207 0.21169 0.909523 0.212024 0.909523 0.196448 0.909523 0.212024 0.907574 0.196451 0.907574 0.196451 0.909523 0.212024 0.907574 0.212026 0.907574 0.196451 0.907574 0.212026 0.905883 0.196122 0.905883 0.196122 0.907574 0.212026 0.905883 0.211697 0.489992 0.352942 0.489992 0.362335 0.488104 0.353339 0.488104 0.353339 0.489992 0.362335 0.488104 0.362732 0.589893 0.465604 0.589893 0.482119 0.588326 0.465692 0.588326 0.465692 0.589893 0.482119 0.588326 0.482207 0.588326 0.465692 0.588326 0.482207 0.586389 0.465709 0.586389 0.465709 0.588326 0.482207 0.586389 0.482224 0.952959 0.450177 0.954853 0.447372 0.964761 0.451835 0.952959 0.450177 0.964761 0.451835 0.952155 0.453473 0.952155 0.453473 0.964761 0.451835 0.954203 0.458957 0.952155 0.453473 0.954203 0.458957 0.952598 0.456606 0.964317 0.448702 0.964761 0.451835 0.962713 0.446351 0.962713 0.446351 0.964761 0.451835 0.954853 0.447372 0.962713 0.446351 0.954853 0.447372 0.960266 0.445249 0.960266 0.445249 0.954853 0.447372 0.957461 0.445613 0.959455 0.459694 0.956649 0.460059 0.962062 0.457936 0.962062 0.457936 0.956649 0.460059 0.954203 0.458957 0.962062 0.457936 0.954203 0.458957 0.963956 0.455131 0.963956 0.455131 0.954203 0.458957 0.964761 0.451835 0.708096 0.45977 0.710577 0.459782 0.708528 0.463102 0.708528 0.463102 0.710577 0.459782 0.711008 0.463113 0.708528 0.463102 0.711008 0.463113 0.709738 0.465765 0.709738 0.465765 0.711008 0.463113 0.712218 0.465776 0.954853 0.447372 0.953137 0.446635 0.957461 0.445613 0.957461 0.445613 0.953137 0.446635 0.955745 0.444876 0.482064 0.428164 0.479822 0.428202 0.483055 0.425103 0.483055 0.425103 0.479822 0.428202 0.480813 0.425142 0.483055 0.425103 0.480813 0.425142 0.483055 0.421682 0.483055 0.421682 0.480813 0.425142 0.480813 0.421721 0.483055 0.421682 0.480813 0.421721 0.482064 0.418579 0.482064 0.418579 0.480813 0.421721 0.479822 0.418618 0.882674 0.213747 0.88506 0.213751 0.883139 0.217081 0.883139 0.217081 0.88506 0.213751 0.885525 0.217085 0.883139 0.217081 0.885525 0.217085 0.882674 0.220418 0.882674 0.220418 0.885525 0.217085 0.88506 0.220422 0.708531 0.465842 0.711508 0.465776 0.70821 0.468182 0.70821 0.468182 0.711508 0.465776 0.711188 0.468116 0.70821 0.468182 0.711188 0.468116 0.708096 0.471373 0.708096 0.471373 0.711188 0.468116 0.711074 0.471307 0.708096 0.471373 0.711074 0.471307 0.70821 0.474782 0.70821 0.474782 0.711074 0.471307 0.711188 0.474717 0.70821 0.474782 0.711188 0.474717 0.708531 0.477735 0.708531 0.477735 0.711188 0.474717 0.711508 0.477669 0.709738 0.453744 0.712218 0.453756 0.708528 0.456431 0.708528 0.456431 0.712218 0.453756 0.711008 0.456442 0.708528 0.456431 0.711008 0.456442 0.708096 0.45977 0.708096 0.45977 0.711008 0.456442 0.710577 0.459782 0.955745 0.444876 0.957259 0.442702 0.95855 0.444512 0.95855 0.444512 0.957259 0.442702 0.96022 0.443014 0.95855 0.444512 0.96022 0.443014 0.960997 0.445614 0.960997 0.445614 0.96022 0.443014 0.962651 0.444681 0.960997 0.445614 0.962651 0.444681 0.962601 0.447965 0.962601 0.447965 0.962651 0.444681 0.964182 0.44745 0.962601 0.447965 0.964182 0.44745 0.963044 0.451098 0.963044 0.451098 0.964182 0.44745 0.964581 0.450898 0.963044 0.451098 0.964581 0.450898 0.96224 0.454394 0.96224 0.454394 0.964581 0.450898 0.963786 0.454502 0.96224 0.454394 0.963786 0.454502 0.960346 0.457199 0.960346 0.457199 0.963786 0.454502 0.961919 0.457712 0.960346 0.457199 0.961919 0.457712 0.957738 0.458957 0.961919 0.457712 0.959263 0.46004 0.957738 0.458957 0.957738 0.458957 0.959263 0.46004 0.956224 0.461131 0.957738 0.458957 0.956224 0.461131 0.954933 0.459322 0.954933 0.459322 0.956224 0.461131 0.953263 0.46082 0.954933 0.459322 0.953263 0.46082 0.952486 0.458219 0.952486 0.458219 0.953263 0.46082 0.950832 0.459153 0.952486 0.458219 0.950832 0.459153 0.950882 0.455869 0.950882 0.455869 0.950832 0.459153 0.9493 0.456384 0.950882 0.455869 0.9493 0.456384 0.950438 0.452735 0.950438 0.452735 0.9493 0.456384 0.948902 0.452935 0.950438 0.452735 0.948902 0.452935 0.951243 0.44944 0.951243 0.44944 0.948902 0.452935 0.949697 0.449331 0.951243 0.44944 0.949697 0.449331 0.953137 0.446635 0.953137 0.446635 0.949697 0.449331 0.951564 0.446121 0.953137 0.446635 0.951564 0.446121 0.955745 0.444876 0.955745 0.444876 0.951564 0.446121 0.954219 0.443793 0.955745 0.444876 0.954219 0.443793 0.957259 0.442702 0.887466 0.130224 0.898203 0.130243 0.887022 0.133884 0.887022 0.133884 0.898203 0.130243 0.897759 0.133903 0.887022 0.133884 0.897759 0.133903 0.885758 0.13699 0.885758 0.13699 0.897759 0.133903 0.896494 0.137009 0.899239 0.195877 0.899239 0.209278 0.895987 0.195605 0.895987 0.195605 0.899239 0.209278 0.895987 0.209007 0.895987 0.195605 0.895987 0.209007 0.892283 0.1955389 0.892283 0.1955389 0.895987 0.209007 0.892283 0.208941 0.892283 0.1955389 0.892283 0.208941 0.888691 0.195689 0.888691 0.195689 0.892283 0.208941 0.888691 0.2090899 0.888691 0.195689 0.888691 0.2090899 0.885758 0.196031 0.885758 0.196031 0.888691 0.2090899 0.885758 0.209433 0.683346 0.46968 0.694508 0.46968 0.682185 0.472799 0.682185 0.472799 0.694508 0.46968 0.693347 0.472799 0.682185 0.472799 0.693347 0.472799 0.681789 0.476464 0.681789 0.476464 0.693347 0.472799 0.692951 0.476464 0.681789 0.476464 0.692951 0.476464 0.682218 0.480117 0.682218 0.480117 0.692951 0.476464 0.693381 0.480117 0.682218 0.480117 0.693381 0.480117 0.683408 0.483202 0.683408 0.483202 0.693381 0.480117 0.69457 0.483202 0.951564 0.446121 0.94384 0.442804 0.954219 0.443793 0.954219 0.443793 0.94384 0.442804 0.946496 0.440476 0.649754 0.471912 0.649754 0.482003 0.646832 0.470364 0.646832 0.470364 0.649754 0.482003 0.646832 0.480455 0.646832 0.470364 0.646832 0.480455 0.643245 0.46968 0.643245 0.46968 0.646832 0.480455 0.643245 0.479771 0.643245 0.46968 0.643245 0.479771 0.639538 0.469965 0.639538 0.469965 0.643245 0.479771 0.639538 0.480056 0.885758 0.123468 0.896494 0.123487 0.887022 0.1265659 0.887022 0.1265659 0.896494 0.123487 0.897759 0.126585 0.887022 0.1265659 0.897759 0.126585 0.887466 0.130224 0.887466 0.130224 0.897759 0.126585 0.898203 0.130243 0.941178 0.449618 0.939085 0.44941 0.941973 0.446015 0.941973 0.446015 0.939085 0.44941 0.940005 0.445239 0.941973 0.446015 0.940005 0.445239 0.94384 0.442804 0.94384 0.442804 0.940005 0.445239 0.942167 0.441523 0.94384 0.442804 0.942167 0.441523 0.946496 0.440476 0.946496 0.440476 0.942167 0.441523 0.94524 0.438829 0.946496 0.440476 0.94524 0.438829 0.949535 0.439385 0.949535 0.439385 0.94524 0.438829 0.948758 0.437566 0.949535 0.439385 0.948758 0.437566 0.952496 0.439697 0.952496 0.439697 0.948758 0.437566 0.952185 0.437927 0.894601 0.121419 0.896146 0.120029 0.896494 0.123487 0.896494 0.123487 0.896146 0.120029 0.898337 0.122422 0.896494 0.123487 0.898337 0.122422 0.897759 0.126585 0.897759 0.126585 0.898337 0.122422 0.8998 0.126008 0.897759 0.126585 0.8998 0.126008 0.898203 0.130243 0.898203 0.130243 0.8998 0.126008 0.900315 0.130242 0.898203 0.130243 0.900315 0.130242 0.897759 0.133903 0.897759 0.133903 0.900315 0.130242 0.8998 0.134479 0.897759 0.133903 0.8998 0.134479 0.896494 0.137009 0.896494 0.137009 0.8998 0.134479 0.898337 0.138074 0.896494 0.137009 0.898337 0.138074 0.894601 0.139087 0.894601 0.139087 0.898337 0.138074 0.896146 0.140479 0.895987 0.209007 0.896454 0.210283 0.892283 0.208941 0.892283 0.208941 0.896454 0.210283 0.892167 0.210207 0.892283 0.208941 0.892167 0.210207 0.888691 0.2090899 0.888691 0.2090899 0.892167 0.210207 0.888009 0.21038 0.945539 0.457503 0.944133 0.458536 0.943108 0.455836 0.943108 0.455836 0.944133 0.458536 0.941319 0.456607 0.943108 0.455836 0.941319 0.456607 0.941577 0.453067 0.941577 0.453067 0.941319 0.456607 0.939547 0.453402 0.941577 0.453067 0.939547 0.453402 0.941178 0.449618 0.941178 0.449618 0.939547 0.453402 0.939085 0.44941 0.491314 0.23031 0.491042 0.23031 0.491042 0.229591 0.491314 0.23031 0.491042 0.229591 0.491313 0.2295899 0.491313 0.2295899 0.491042 0.229591 0.49104 0.2288179 0.491313 0.2295899 0.49104 0.2288179 0.491311 0.228817 0.491311 0.228817 0.49104 0.2288179 0.491038 0.228199 0.491311 0.228817 0.491038 0.228199 0.491309 0.228198 0.491038 0.24374 0.49078 0.243699 0.490626 0.230301 0.490626 0.230301 0.49078 0.243699 0.490367 0.23026 0.490626 0.230301 0.490367 0.23026 0.490408 0.229529 0.490626 0.230301 0.490408 0.229529 0.490667 0.229569 0.490667 0.229569 0.490408 0.229529 0.490559 0.228774 0.490667 0.229569 0.490559 0.228774 0.490818 0.228814 0.490818 0.228814 0.490559 0.228774 0.49078 0.228198 0.490818 0.228814 0.49078 0.228198 0.491038 0.228238 0.489934 0.263708 0.489663 0.263709 0.489946 0.216579 0.489946 0.216579 0.489663 0.263709 0.489675 0.21658 0.489663 0.263709 0.489934 0.263708 0.489936 0.264443 0.489663 0.263709 0.489936 0.264443 0.489665 0.264444 0.489665 0.264444 0.489936 0.264443 0.48994 0.265209 0.489665 0.264444 0.48994 0.265209 0.489669 0.26521 0.489669 0.26521 0.48994 0.265209 0.489946 0.265802 0.489669 0.26521 0.489946 0.265802 0.489675 0.265803 0.451529 0.422646 0.436194 0.380501 0.466818 0.422361 0.466818 0.422361 0.436194 0.380501 0.451484 0.380216 0.43516 0.381051 0.435538 0.380656 0.435162 0.381581 0.435162 0.381581 0.435538 0.380656 0.436194 0.380501 0.435162 0.381581 0.436194 0.380501 0.44973 0.421619 0.44973 0.421619 0.436194 0.380501 0.451529 0.422646 0.44973 0.421619 0.451529 0.422646 0.450111 0.422142 0.450111 0.422142 0.451529 0.422646 0.45077 0.422518 0.467853 0.421811 0.467475 0.422206 0.467851 0.421281 0.467851 0.421281 0.467475 0.422206 0.466818 0.422361 0.467851 0.421281 0.466818 0.422361 0.453283 0.381243 0.453283 0.381243 0.466818 0.422361 0.451484 0.380216 0.453283 0.381243 0.451484 0.380216 0.452901 0.38072 0.452901 0.38072 0.451484 0.380216 0.452243 0.380344 0.451468 0.42284 0.451529 0.422646 0.466757 0.422554 0.466757 0.422554 0.451529 0.422646 0.466818 0.422361 0.451529 0.422646 0.451468 0.42284 0.450708 0.422712 0.451529 0.422646 0.450708 0.422712 0.45077 0.422518 0.45077 0.422518 0.450708 0.422712 0.45005 0.422336 0.45077 0.422518 0.45005 0.422336 0.450111 0.422142 0.491309 0.276115 0.491038 0.276115 0.491039 0.275642 0.491309 0.276115 0.491039 0.275642 0.49131 0.275641 0.49131 0.275641 0.491039 0.275642 0.491314 0.23031 0.491314 0.23031 0.491039 0.275642 0.491042 0.23031 0.585459 0.435407 0.585953 0.435892 0.583446 0.447953 0.583446 0.447953 0.585953 0.435892 0.586629 0.436064 0.584347 0.448836 0.583896 0.448721 0.583567 0.448398 0.588737 0.414276 0.588932 0.414563 0.589001 0.414904 0.585711 0.433675 0.585391 0.434126 0.583446 0.413258 0.583446 0.413258 0.585391 0.434126 0.585278 0.434664 0.583446 0.413258 0.585278 0.434664 0.583446 0.447953 0.583446 0.447953 0.585278 0.434664 0.585278 0.434739 0.583446 0.447953 0.585278 0.434739 0.585459 0.435407 0.583567 0.448398 0.583446 0.447953 0.584347 0.448836 0.584347 0.448836 0.583446 0.447953 0.586629 0.436064 0.584347 0.448836 0.586629 0.436064 0.5881 0.448793 0.5881 0.448793 0.586629 0.436064 0.5881 0.436047 0.588925 0.430584 0.588712 0.430885 0.589001 0.430226 0.589001 0.430226 0.588712 0.430885 0.585711 0.433675 0.589001 0.430226 0.585711 0.433675 0.589001 0.414904 0.589001 0.414904 0.585711 0.433675 0.587013 0.412585 0.589001 0.414904 0.587013 0.412585 0.588737 0.414276 0.583567 0.41281 0.583896 0.412479 0.583446 0.413258 0.583446 0.413258 0.583896 0.412479 0.584347 0.412354 0.583446 0.413258 0.584347 0.412354 0.585711 0.433675 0.585711 0.433675 0.584347 0.412354 0.586376 0.412331 0.585711 0.433675 0.586376 0.412331 0.587013 0.412585 0.587013 0.412585 0.586376 0.412331 0.58672 0.412395 0.58888 0.448337 0.58855 0.448668 0.589001 0.447889 0.589001 0.447889 0.58855 0.448668 0.5881 0.448793 0.589001 0.447889 0.5881 0.448793 0.589001 0.43693 0.589001 0.43693 0.5881 0.448793 0.5881 0.436047 0.589001 0.43693 0.5881 0.436047 0.58888 0.436484 0.58888 0.436484 0.5881 0.436047 0.58855 0.436161 0.897563 0.191832 0.885758 0.191847 0.897568 0.179557 0.897568 0.179557 0.885758 0.191847 0.885763 0.179572 0.897568 0.179557 0.885763 0.179572 0.897569 0.1793169 0.897569 0.1793169 0.885763 0.179572 0.885763 0.179332 0.866873 0.212405 0.866873 0.2212499 0.866545 0.212292 0.866545 0.212292 0.866873 0.2212499 0.866545 0.221136 0.866545 0.212292 0.866545 0.221136 0.862598 0.211553 0.862598 0.211553 0.866545 0.221136 0.862598 0.2203969 0.862598 0.211553 0.862598 0.2203969 0.862107 0.220227 0.862598 0.211553 0.862107 0.220227 0.862107 0.211383 0.479822 0.440007 0.479822 0.428202 0.480183 0.428203 0.479822 0.440007 0.480183 0.428203 0.480183 0.440008 0.480183 0.440008 0.480183 0.428203 0.480243 0.440008 0.480243 0.440008 0.480183 0.428203 0.480243 0.428203 0.480243 0.440008 0.480243 0.428203 0.48089 0.428204 0.480243 0.440008 0.48089 0.428204 0.48089 0.440009 0.48089 0.440009 0.48089 0.428204 0.481586 0.428204 0.48089 0.440009 0.481586 0.428204 0.481586 0.440009 0.481586 0.440009 0.481586 0.428204 0.482143 0.428203 0.481586 0.440009 0.482143 0.428203 0.482143 0.440008 0.490114 0.228198 0.490114 0.216803 0.491314 0.227973 0.491314 0.227973 0.490114 0.216803 0.491314 0.216579 0.649754 0.481486 0.649754 0.469681 0.650126 0.481486 0.650126 0.481486 0.649754 0.469681 0.650126 0.469681 0.650126 0.481486 0.650126 0.469681 0.650589 0.481486 0.650589 0.481486 0.650126 0.469681 0.650589 0.46968 0.650589 0.481486 0.650589 0.46968 0.651021 0.481486 0.651021 0.481486 0.650589 0.46968 0.651021 0.469681 0.651021 0.481486 0.651021 0.469681 0.659801 0.481501 0.659801 0.481501 0.651021 0.469681 0.659801 0.469696 0.659801 0.481501 0.659801 0.469696 0.660085 0.481502 0.660085 0.481502 0.659801 0.469696 0.660085 0.469697 0.890014 0.210476 0.890014 0.2193199 0.889569 0.21038 0.889569 0.21038 0.890014 0.2193199 0.889569 0.219224 0.889569 0.21038 0.889569 0.219224 0.889111 0.210444 0.889111 0.210444 0.889569 0.219224 0.889111 0.219289 0.889111 0.210444 0.889111 0.219289 0.885758 0.2115769 0.885758 0.2115769 0.889111 0.219289 0.885758 0.220421 0.487619 0.444569 0.499424 0.444517 0.487623 0.444924 0.487623 0.444924 0.499424 0.444517 0.499428 0.444873 0.487623 0.444924 0.499428 0.444873 0.487625 0.445384 0.487625 0.445384 0.499428 0.444873 0.49943 0.445333 0.487625 0.445384 0.49943 0.445333 0.487626 0.445825 0.487626 0.445825 0.49943 0.445333 0.499431 0.445774 0.487626 0.445825 0.499431 0.445774 0.487619 0.474723 0.487619 0.474723 0.499431 0.445774 0.499424 0.474672 0.712218 0.442545 0.710119 0.453744 0.711877 0.442402 0.711877 0.442402 0.710119 0.453744 0.709778 0.453602 0.711877 0.442402 0.709778 0.453602 0.711427 0.442297 0.711427 0.442297 0.709778 0.453602 0.709328 0.453497 0.711427 0.442297 0.709328 0.453497 0.710989 0.442259 0.710989 0.442259 0.709328 0.453497 0.70889 0.453459 0.710989 0.442259 0.70889 0.453459 0.709306 0.442259 0.709306 0.442259 0.70889 0.453459 0.707207 0.453459 0.897569 0.195524 0.885763 0.1955389 0.897568 0.195259 0.897568 0.195259 0.885763 0.1955389 0.885763 0.1952739 0.897568 0.195259 0.885763 0.1952739 0.897567 0.194925 0.897567 0.194925 0.885763 0.1952739 0.885762 0.19494 0.897567 0.194925 0.885762 0.19494 0.897563 0.192499 0.897563 0.192499 0.885762 0.19494 0.885758 0.192514 0.897563 0.192499 0.885758 0.192514 0.897563 0.192147 0.897563 0.192147 0.885758 0.192514 0.885758 0.192163 0.897563 0.192147 0.885758 0.192163 0.897563 0.191832 0.897563 0.191832 0.885758 0.192163 0.885758 0.191847 0.491205 0.406117 0.491084 0.406566 0.489095 0.405397 0.491205 0.406117 0.489095 0.405397 0.491534 0.405787 0.491534 0.405787 0.489095 0.405397 0.490634 0.403853 0.491534 0.405787 0.490634 0.403853 0.491985 0.405662 0.493349 0.426983 0.49635 0.424192 0.495738 0.429354 0.498868 0.442362 0.497329 0.443906 0.496188 0.441976 0.495738 0.429354 0.49635 0.424192 0.496188 0.429469 0.496188 0.429469 0.49635 0.424192 0.496563 0.423892 0.496188 0.429469 0.496563 0.423892 0.496639 0.423533 0.49544 0.404025 0.49864 0.407162 0.496375 0.407583 0.496188 0.441976 0.497329 0.443906 0.495738 0.4421 0.495738 0.4421 0.497329 0.443906 0.495228 0.444489 0.495738 0.4421 0.495228 0.444489 0.491985 0.442144 0.491985 0.442144 0.495228 0.444489 0.492735 0.444517 0.491985 0.442144 0.492735 0.444517 0.491534 0.442029 0.491534 0.442029 0.492735 0.444517 0.490634 0.443983 0.491534 0.442029 0.490634 0.443983 0.491205 0.441706 0.491205 0.441706 0.490634 0.443983 0.489095 0.442475 0.491205 0.441706 0.489095 0.442475 0.491084 0.44126 0.491084 0.44126 0.489095 0.442475 0.488532 0.440396 0.491084 0.44126 0.488532 0.440396 0.491084 0.406566 0.491084 0.406566 0.488532 0.440396 0.488532 0.407488 0.491084 0.406566 0.488532 0.407488 0.489095 0.405397 0.496188 0.441976 0.496518 0.441645 0.498868 0.442362 0.498868 0.442362 0.496518 0.441645 0.496639 0.441197 0.498868 0.442362 0.496639 0.441197 0.499431 0.440271 0.499431 0.440271 0.496639 0.441197 0.496639 0.430237 0.499431 0.440271 0.496639 0.430237 0.499431 0.409048 0.499431 0.409048 0.496639 0.430237 0.496518 0.429792 0.496518 0.429792 0.496188 0.429469 0.499431 0.409048 0.499431 0.409048 0.496188 0.429469 0.496639 0.423533 0.499431 0.409048 0.496639 0.423533 0.499225 0.408025 0.499225 0.408025 0.496639 0.423533 0.496639 0.408212 0.499225 0.408025 0.496639 0.408212 0.49864 0.407162 0.49864 0.407162 0.496639 0.408212 0.49657 0.407871 0.49864 0.407162 0.49657 0.407871 0.496375 0.407583 0.490634 0.403853 0.492735 0.403271 0.491985 0.405662 0.491985 0.405662 0.492735 0.403271 0.493529 0.403262 0.491985 0.405662 0.493529 0.403262 0.494014 0.405639 0.494014 0.405639 0.493529 0.403262 0.494563 0.403454 0.494014 0.405639 0.494563 0.403454 0.494358 0.405703 0.494358 0.405703 0.494563 0.403454 0.49544 0.404025 0.494358 0.405703 0.49544 0.404025 0.494651 0.405893 0.494651 0.405893 0.49544 0.404025 0.496375 0.407583 0.493591 0.429199 0.493097 0.428714 0.494267 0.429371 0.494267 0.429371 0.493097 0.428714 0.492916 0.428046 0.494267 0.429371 0.492916 0.428046 0.495738 0.429354 0.495738 0.429354 0.492916 0.428046 0.492916 0.427971 0.495738 0.429354 0.492916 0.427971 0.493349 0.426983 0.493349 0.426983 0.492916 0.427971 0.493029 0.427433 0.568456 0.492526 0.56781 0.492439 0.568654 0.461303 0.568654 0.461303 0.56781 0.492439 0.568008 0.461217 0.565463 0.496943 0.563622 0.497315 0.56358 0.49663 0.56358 0.49663 0.565191 0.496305 0.565463 0.496943 0.565463 0.496943 0.565191 0.496305 0.565685 0.496061 0.565463 0.496943 0.565685 0.496061 0.567028 0.495902 0.567028 0.495902 0.565685 0.496061 0.56656 0.495394 0.567028 0.495902 0.56656 0.495394 0.568079 0.494351 0.56781 0.492439 0.568456 0.492526 0.56748 0.494037 0.56748 0.494037 0.568456 0.492526 0.568079 0.494351 0.56748 0.494037 0.568079 0.494351 0.567234 0.494527 0.567234 0.494527 0.568079 0.494351 0.56656 0.495394 0.56113 0.497328 0.561088 0.496643 0.563622 0.497315 0.563622 0.497315 0.561088 0.496643 0.56358 0.49663 0.486438 0.444921 0.486439 0.446648 0.485832 0.446309 0.485832 0.446309 0.485831 0.444798 0.486438 0.444921 0.486438 0.444921 0.485831 0.444798 0.48583 0.444252 0.486438 0.444921 0.48583 0.444252 0.486431 0.443041 0.557741 0.49595 0.55746 0.494577 0.558123 0.495437 0.557741 0.49595 0.558123 0.495437 0.559293 0.496975 0.561088 0.496643 0.56113 0.497328 0.559481 0.496334 0.559481 0.496334 0.56113 0.497328 0.559293 0.496975 0.559481 0.496334 0.559293 0.496975 0.558989 0.496095 0.485819 0.442106 0.48642 0.441295 0.485825 0.443153 0.556564 0.459681 0.557119 0.459588 0.556355 0.492588 0.556355 0.492588 0.557119 0.459588 0.55691 0.492496 0.559558 0.455263 0.561399 0.454891 0.561349 0.455397 0.561349 0.455397 0.559738 0.455723 0.559558 0.455263 0.559558 0.455263 0.559738 0.455723 0.559243 0.455967 0.490319 0.253182 0.490764 0.253867 0.490319 0.255061 0.557993 0.456304 0.559243 0.455967 0.558369 0.456634 0.557993 0.456304 0.558369 0.456634 0.556941 0.457855 0.557119 0.459588 0.556564 0.459681 0.557449 0.457991 0.557449 0.457991 0.556564 0.459681 0.556941 0.457855 0.557449 0.457991 0.556941 0.457855 0.557695 0.457501 0.904693 0.1945649 0.904212 0.19539 0.904731 0.193509 0.561349 0.455397 0.561399 0.454891 0.562143 0.455393 0.562143 0.455393 0.561399 0.454891 0.562192 0.454887 0.562143 0.455393 0.562192 0.454887 0.563175 0.455592 0.563175 0.455592 0.562192 0.454887 0.563455 0.45513 0.708903 0.441463 0.7083 0.441764 0.708901 0.440461 0.708901 0.440461 0.7083 0.441764 0.708297 0.440539 0.708901 0.440461 0.708297 0.440539 0.708894 0.43596 0.708894 0.43596 0.708297 0.440539 0.70829 0.436038 0.708901 0.440461 0.708894 0.43596 0.712213 0.440456 0.712213 0.440456 0.708894 0.43596 0.712206 0.435955 0.708901 0.440461 0.712213 0.440456 0.708903 0.441463 0.708903 0.441463 0.712213 0.440456 0.712215 0.441458 0.708903 0.441463 0.712215 0.441458 0.708905 0.442259 0.708905 0.442259 0.712215 0.441458 0.712218 0.442255 0.904404 0.190378 0.904255 0.189737 0.907598 0.19024 0.907598 0.19024 0.904255 0.189737 0.90745 0.189599 0.489663 0.280169 0.491033 0.281218 0.489663 0.284108 0.489986 0.24374 0.491038 0.2441959 0.489986 0.247352 0.907887 0.194427 0.904646 0.1950539 0.904693 0.1945649 0.907887 0.194427 0.904693 0.1945649 0.907887 0.192272 0.907887 0.192272 0.904693 0.1945649 0.904731 0.193509 0.904404 0.190378 0.907598 0.19024 0.904646 0.1918669 0.904646 0.1918669 0.907598 0.19024 0.907887 0.192272 0.904646 0.1918669 0.907887 0.192272 0.904693 0.192409 0.904693 0.192409 0.907887 0.192272 0.904731 0.193509 0.485832 0.446309 0.485804 0.473718 0.482519 0.44632 0.482519 0.44632 0.485804 0.473718 0.482491 0.47373 0.482507 0.442118 0.482491 0.440457 0.485804 0.440445 0.485804 0.440445 0.485816 0.441624 0.482507 0.442118 0.482507 0.442118 0.485816 0.441624 0.485819 0.442106 0.482507 0.442118 0.485819 0.442106 0.482517 0.444264 0.482517 0.444264 0.485819 0.442106 0.485825 0.443153 0.485832 0.446309 0.482519 0.44632 0.485831 0.444798 0.485831 0.444798 0.482519 0.44632 0.482517 0.444264 0.485831 0.444798 0.482517 0.444264 0.48583 0.444252 0.48583 0.444252 0.482517 0.444264 0.485825 0.443153 0.803052 0.466575 0.803677 0.468841 0.800574 0.466435 0.800574 0.466435 0.803677 0.468841 0.801199 0.468701 0.712218 0.407613 0.712216 0.408939 0.708903 0.408943 0.708903 0.408943 0.708905 0.407861 0.712218 0.407613 0.800956 0.46224 0.803677 0.461951 0.803434 0.462379 0.800956 0.46224 0.803434 0.462379 0.800394 0.464287 0.800394 0.464287 0.803434 0.462379 0.803065 0.463354 0.803052 0.466575 0.800574 0.466435 0.802845 0.464978 0.802845 0.464978 0.800574 0.466435 0.800394 0.464287 0.802845 0.464978 0.800394 0.464287 0.802872 0.464427 0.802872 0.464427 0.800394 0.464287 0.803065 0.463354 0.708892 0.433957 0.708903 0.408943 0.712205 0.433953 0.712205 0.433953 0.708903 0.408943 0.712216 0.408939 0.708892 0.433957 0.712205 0.433953 0.708892 0.434905 0.708892 0.434905 0.712205 0.433953 0.712205 0.4349 0.708892 0.434905 0.712205 0.4349 0.708894 0.43596 0.708894 0.43596 0.712205 0.4349 0.712206 0.435955 0.708894 0.43596 0.70829 0.436038 0.708892 0.434905 0.708892 0.434905 0.70829 0.436038 0.708289 0.434748 0.567809 0.460192 0.568411 0.460051 0.568008 0.461217 0.568008 0.461217 0.568411 0.460051 0.568654 0.461303 0.623738 0.489917 0.622507 0.48991 0.621442 0.48928 0.622507 0.485258 0.623738 0.485266 0.624803 0.485895 0.620827 0.486951 0.621442 0.485875 0.622507 0.485258 0.621442 0.48928 0.620827 0.488198 0.620827 0.486951 0.624803 0.485895 0.625418 0.486978 0.625418 0.488224 0.620827 0.486951 0.622507 0.485258 0.621442 0.48928 0.621442 0.48928 0.622507 0.485258 0.624803 0.485895 0.621442 0.48928 0.624803 0.485895 0.623738 0.489917 0.623738 0.489917 0.624803 0.485895 0.625418 0.488224 0.623738 0.489917 0.625418 0.488224 0.624803 0.4893 0.893393 0.219417 0.893393 0.211045 0.89415 0.219419 0.89415 0.219419 0.893393 0.211045 0.89415 0.2110469 0.482143 0.446792 0.482143 0.453064 0.480957 0.446536 0.480957 0.446536 0.482143 0.453064 0.480957 0.452809 0.480957 0.446536 0.480957 0.452809 0.479737 0.446708 0.479737 0.446708 0.480957 0.452809 0.479737 0.452981 0.711508 0.477735 0.711508 0.486107 0.710559 0.47774 0.710559 0.47774 0.711508 0.486107 0.710559 0.486112 0.710559 0.47774 0.710559 0.486112 0.709333 0.477742 0.709333 0.477742 0.710559 0.486112 0.709333 0.486114 0.709333 0.477742 0.709333 0.486114 0.708157 0.477739 0.708157 0.477739 0.709333 0.486114 0.708157 0.486111 0.681789 0.491283 0.681789 0.483202 0.682753 0.49149 0.682753 0.49149 0.681789 0.483202 0.682753 0.483409 0.682753 0.49149 0.682753 0.483409 0.683984 0.491543 0.683984 0.491543 0.682753 0.483409 0.683984 0.483462 0.683984 0.491543 0.683984 0.483462 0.685151 0.491428 0.685151 0.491428 0.683984 0.483462 0.685151 0.483347 0.890014 0.219418 0.890014 0.211046 0.891004 0.219416 0.891004 0.219416 0.890014 0.211046 0.891004 0.211044 0.891004 0.219416 0.891004 0.211044 0.892241 0.219416 0.892241 0.219416 0.891004 0.211044 0.892241 0.211044 0.892241 0.219416 0.892241 0.211044 0.893393 0.219417 0.893393 0.219417 0.892241 0.211044 0.893393 0.211045 0.559888 0.50282 0.559278 0.502921 0.560217 0.501627 0.560217 0.501627 0.559278 0.502921 0.559698 0.501401 0.560217 0.501627 0.559698 0.501401 0.561102 0.50075 0.561102 0.50075 0.559698 0.501401 0.560826 0.500283 0.561102 0.50075 0.560826 0.500283 0.562305 0.500425 0.562305 0.500425 0.560826 0.500283 0.56236 0.499868 0.562305 0.500425 0.56236 0.499868 0.563504 0.500738 0.563504 0.500738 0.56236 0.499868 0.563888 0.500267 0.891004 0.211044 0.890752 0.21038 0.892241 0.211044 0.892241 0.211044 0.890752 0.21038 0.892329 0.21038 0.564378 0.501605 0.565002 0.501373 0.564692 0.502795 0.564692 0.502795 0.565002 0.501373 0.565403 0.50289 0.564692 0.502795 0.565403 0.50289 0.564363 0.503988 0.564363 0.503988 0.565403 0.50289 0.564983 0.504411 0.564363 0.503988 0.564983 0.504411 0.563478 0.504864 0.563478 0.504864 0.564983 0.504411 0.563855 0.505528 0.563478 0.504864 0.563855 0.505528 0.562275 0.50519 0.562275 0.50519 0.563855 0.505528 0.562321 0.505943 0.562275 0.50519 0.562321 0.505943 0.561076 0.504877 0.561076 0.504877 0.562321 0.505943 0.560792 0.505544 0.561076 0.504877 0.560792 0.505544 0.560202 0.504009 0.560202 0.504009 0.560792 0.505544 0.559678 0.504438 0.709333 0.486114 0.70928 0.486781 0.708157 0.486111 0.708157 0.486111 0.70928 0.486781 0.707782 0.486777 0.637857 0.489917 0.636627 0.48991 0.635562 0.489281 0.636627 0.485259 0.637857 0.485266 0.638923 0.485895 0.634946 0.486951 0.635562 0.485875 0.636627 0.485259 0.635562 0.489281 0.634946 0.488198 0.634946 0.486951 0.638923 0.485895 0.639538 0.486978 0.639538 0.488224 0.634946 0.486951 0.636627 0.485259 0.635562 0.489281 0.635562 0.489281 0.636627 0.485259 0.638923 0.485895 0.635562 0.489281 0.638923 0.485895 0.637857 0.489917 0.637857 0.489917 0.638923 0.485895 0.639538 0.488224 0.637857 0.489917 0.639538 0.488224 0.638923 0.4893 0.881917 0.22042 0.881917 0.2120479 0.882674 0.220422 0.882674 0.220422 0.881917 0.2120479 0.882674 0.21205 0.482143 0.440264 0.482143 0.446536 0.480957 0.440009 0.480957 0.440009 0.482143 0.446536 0.480957 0.446281 0.480957 0.440009 0.480957 0.446281 0.479737 0.440181 0.479737 0.440181 0.480957 0.446281 0.479737 0.446453 0.897876 0.21038 0.897876 0.218752 0.896927 0.210385 0.896927 0.210385 0.897876 0.218752 0.896927 0.218757 0.896927 0.210385 0.896927 0.218757 0.895701 0.210387 0.895701 0.210387 0.896927 0.218757 0.895701 0.218759 0.895701 0.210387 0.895701 0.218759 0.894526 0.210384 0.894526 0.210384 0.895701 0.218759 0.894526 0.218756 0.905883 0.220107 0.905883 0.212026 0.906848 0.220314 0.906848 0.220314 0.905883 0.212026 0.906848 0.212233 0.906848 0.220314 0.906848 0.212233 0.908078 0.220367 0.908078 0.220367 0.906848 0.212233 0.908078 0.2122859 0.908078 0.220367 0.908078 0.2122859 0.909245 0.220252 0.909245 0.220252 0.908078 0.2122859 0.909245 0.212171 0.878538 0.220421 0.878538 0.212049 0.879529 0.220419 0.879529 0.220419 0.878538 0.212049 0.879529 0.212047 0.879529 0.220419 0.879529 0.212047 0.880766 0.220419 0.880766 0.220419 0.879529 0.212047 0.880766 0.212047 0.880766 0.220419 0.880766 0.212047 0.881917 0.22042 0.881917 0.22042 0.880766 0.212047 0.881917 0.2120479 0.560227 0.449215 0.559617 0.449317 0.560557 0.448022 0.560557 0.448022 0.559617 0.449317 0.560037 0.447796 0.560557 0.448022 0.560037 0.447796 0.561442 0.447145 0.561442 0.447145 0.560037 0.447796 0.561165 0.446678 0.561442 0.447145 0.561165 0.446678 0.562645 0.44682 0.562645 0.44682 0.561165 0.446678 0.562699 0.446263 0.562645 0.44682 0.562699 0.446263 0.563844 0.447133 0.563844 0.447133 0.562699 0.446263 0.564228 0.446662 0.879529 0.212047 0.879277 0.211383 0.880766 0.212047 0.880766 0.212047 0.879277 0.211383 0.880853 0.211383 0.564718 0.448001 0.565342 0.447768 0.565032 0.44919 0.565032 0.44919 0.565342 0.447768 0.565743 0.449285 0.565032 0.44919 0.565743 0.449285 0.564702 0.450383 0.564702 0.450383 0.565743 0.449285 0.565323 0.450806 0.564702 0.450383 0.565323 0.450806 0.563818 0.45126 0.563818 0.45126 0.565323 0.450806 0.564195 0.451924 0.563818 0.45126 0.564195 0.451924 0.562615 0.451585 0.562615 0.451585 0.564195 0.451924 0.562661 0.452339 0.562615 0.451585 0.562661 0.452339 0.561415 0.451272 0.561415 0.451272 0.562661 0.452339 0.561132 0.451939 0.561415 0.451272 0.561132 0.451939 0.560542 0.450404 0.560542 0.450404 0.561132 0.451939 0.560018 0.450833 0.895701 0.218759 0.895648 0.219426 0.894526 0.218756 0.894526 0.218756 0.895648 0.219426 0.89415 0.219422 0.549888 0.437438 0.547801 0.437363 0.548433 0.434987 0.547801 0.437363 0.545922 0.437223 0.545935 0.434851 0.602421 0.350789 0.601776 0.35333 0.598851 0.353789 0.592415 0.364076 0.592182 0.365143 0.591208 0.364826 0.591959 0.371471 0.590923 0.367622 0.591924 0.367637 0.592415 0.364076 0.591208 0.364826 0.59281 0.362816 0.597139 0.357353 0.596102 0.358074 0.594767 0.357677 0.603393 0.356054 0.602413 0.356088 0.601646 0.35479 0.601776 0.35333 0.601646 0.35479 0.598909 0.355217 0.601776 0.35333 0.598909 0.355217 0.598851 0.353789 0.598851 0.353789 0.598909 0.355217 0.596739 0.356137 0.598851 0.353789 0.596739 0.356137 0.596446 0.35481 0.592422 0.358836 0.59425 0.356525 0.593122 0.359757 0.593122 0.359757 0.59425 0.356525 0.594767 0.357677 0.590923 0.367622 0.591959 0.371471 0.58998 0.367522 0.543135 0.417402 0.544117 0.416506 0.544245 0.417802 0.5513 0.437448 0.549888 0.437438 0.549901 0.435023 0.5513 0.437448 0.549901 0.435023 0.551317 0.432226 0.551317 0.432226 0.549901 0.435023 0.549894 0.43029 0.551317 0.432226 0.549894 0.43029 0.551307 0.430278 0.551307 0.430278 0.549894 0.43029 0.549867 0.428072 0.551307 0.430278 0.549867 0.428072 0.551269 0.427471 0.551269 0.427471 0.549867 0.428072 0.549819 0.4258 0.551269 0.427471 0.549819 0.4258 0.551232 0.425764 0.551232 0.425764 0.549819 0.4258 0.549752 0.423566 0.551232 0.425764 0.549752 0.423566 0.551143 0.422949 0.551143 0.422949 0.549752 0.423566 0.549666 0.42143 0.551143 0.422949 0.549666 0.42143 0.551077 0.421371 0.551077 0.421371 0.549666 0.42143 0.549562 0.419421 0.551077 0.421371 0.549562 0.419421 0.550941 0.418824 0.550941 0.418824 0.549562 0.419421 0.549443 0.417578 0.550941 0.418824 0.549443 0.417578 0.550853 0.417499 0.550853 0.417499 0.549443 0.417578 0.549311 0.415918 0.550853 0.417499 0.549311 0.415918 0.550658 0.415157 0.550658 0.415157 0.549311 0.415918 0.549165 0.41444 0.550658 0.415157 0.549165 0.41444 0.550573 0.414344 0.550573 0.414344 0.549165 0.41444 0.549018 0.413253 0.550573 0.414344 0.549018 0.413253 0.550327 0.412496 0.426821 0.525263 0.425061 0.525815 0.425701 0.524807 0.426821 0.525263 0.425701 0.524807 0.427046 0.524877 0.427046 0.524877 0.425701 0.524807 0.426805 0.522383 0.427046 0.524877 0.426805 0.522383 0.428132 0.522504 0.428132 0.522504 0.426805 0.522383 0.42787 0.519234 0.428132 0.522504 0.42787 0.519234 0.429223 0.519287 0.602421 0.350789 0.604272 0.35071 0.601776 0.35333 0.601776 0.35333 0.604272 0.35071 0.6037 0.352584 0.601776 0.35333 0.6037 0.352584 0.601646 0.35479 0.601646 0.35479 0.6037 0.352584 0.60341 0.354715 0.601646 0.35479 0.60341 0.354715 0.603393 0.356054 0.595022 0.35341 0.59636 0.352498 0.596446 0.35481 0.596446 0.35481 0.59636 0.352498 0.597759 0.351796 0.596446 0.35481 0.597759 0.351796 0.598851 0.353789 0.598851 0.353789 0.597759 0.351796 0.599171 0.351304 0.598851 0.353789 0.599171 0.351304 0.602421 0.350789 0.602413 0.356088 0.601659 0.356127 0.601646 0.35479 0.601646 0.35479 0.601659 0.356127 0.59885 0.356597 0.601646 0.35479 0.59885 0.356597 0.598909 0.355217 0.598909 0.355217 0.59885 0.356597 0.597139 0.357353 0.598909 0.355217 0.597139 0.357353 0.596739 0.356137 0.596739 0.356137 0.597139 0.357353 0.594767 0.357677 0.596739 0.356137 0.594767 0.357677 0.596446 0.35481 0.596446 0.35481 0.594767 0.357677 0.59425 0.356525 0.596446 0.35481 0.59425 0.356525 0.595022 0.35341 0.590766 0.358782 0.591631 0.357227 0.592422 0.358836 0.592422 0.358836 0.591631 0.357227 0.592637 0.355798 0.592422 0.358836 0.592637 0.355798 0.59425 0.356525 0.59425 0.356525 0.592637 0.355798 0.593775 0.354515 0.59425 0.356525 0.593775 0.354515 0.595022 0.35341 0.590044 0.360464 0.590766 0.358782 0.591072 0.36159 0.591072 0.36159 0.590766 0.358782 0.592422 0.358836 0.591072 0.36159 0.592422 0.358836 0.591909 0.362231 0.591909 0.362231 0.592422 0.358836 0.593122 0.359757 0.543135 0.417402 0.544245 0.417802 0.543255 0.418618 0.543255 0.418618 0.544245 0.417802 0.544362 0.419259 0.543255 0.418618 0.544362 0.419259 0.543364 0.419986 0.543364 0.419986 0.544362 0.419259 0.544466 0.420878 0.543364 0.419986 0.544466 0.420878 0.543462 0.421508 0.543462 0.421508 0.544466 0.420878 0.544557 0.422642 0.543462 0.421508 0.544557 0.422642 0.543548 0.423165 0.543548 0.423165 0.544557 0.422642 0.544633 0.424515 0.543548 0.423165 0.544633 0.424515 0.543619 0.424923 0.543619 0.424923 0.544633 0.424515 0.544692 0.426472 0.543619 0.424923 0.544692 0.426472 0.543674 0.426759 0.543674 0.426759 0.544692 0.426472 0.544733 0.428466 0.543674 0.426759 0.544733 0.428466 0.543713 0.428631 0.543713 0.428631 0.544733 0.428466 0.544757 0.430426 0.543713 0.428631 0.544757 0.430426 0.543736 0.430479 0.543736 0.430479 0.544757 0.430426 0.544764 0.434744 0.543736 0.430479 0.544764 0.434744 0.543742 0.434616 0.543742 0.434616 0.544764 0.434744 0.544729 0.437087 0.543742 0.434616 0.544729 0.437087 0.543729 0.436932 0.592182 0.365143 0.591924 0.367637 0.591208 0.364826 0.591208 0.364826 0.591924 0.367637 0.590923 0.367622 0.591208 0.364826 0.590923 0.367622 0.590292 0.364476 0.590292 0.364476 0.590923 0.367622 0.58998 0.367522 0.417799 0.519654 0.418618 0.51785 0.419476 0.521799 0.419476 0.521799 0.418618 0.51785 0.420413 0.51974 0.419476 0.521799 0.420413 0.51974 0.420567 0.522728 0.420567 0.522728 0.420413 0.51974 0.421554 0.520558 0.420567 0.522728 0.421554 0.520558 0.421779 0.523513 0.421779 0.523513 0.421554 0.520558 0.42281 0.521248 0.591959 0.371471 0.590018 0.37153 0.58998 0.367522 0.418618 0.51785 0.419555 0.515069 0.419955 0.51553 0.418618 0.51785 0.419955 0.51553 0.420413 0.51974 0.420413 0.51974 0.419955 0.51553 0.421402 0.516809 0.420413 0.51974 0.421402 0.516809 0.421554 0.520558 0.421554 0.520558 0.421402 0.516809 0.422543 0.517547 0.421554 0.520558 0.422543 0.517547 0.42281 0.521248 0.42281 0.521248 0.422543 0.517547 0.423842 0.518195 0.547801 0.437363 0.545935 0.434851 0.548433 0.434987 0.548433 0.434987 0.545935 0.434851 0.545929 0.430379 0.548433 0.434987 0.545929 0.430379 0.548426 0.430313 0.548426 0.430313 0.545929 0.430379 0.548399 0.428131 0.548399 0.428131 0.545929 0.430379 0.545904 0.428323 0.548399 0.428131 0.545904 0.428323 0.548352 0.425898 0.548352 0.425898 0.545904 0.428323 0.54586 0.426226 0.548352 0.425898 0.54586 0.426226 0.548286 0.423703 0.548286 0.423703 0.54586 0.426226 0.545798 0.424167 0.548286 0.423703 0.545798 0.424167 0.548201 0.421604 0.548201 0.421604 0.545798 0.424167 0.545718 0.422196 0.548201 0.421604 0.545718 0.422196 0.548099 0.419629 0.548099 0.419629 0.545718 0.422196 0.545622 0.420341 0.548099 0.419629 0.545622 0.420341 0.547983 0.417817 0.547983 0.417817 0.545622 0.420341 0.545513 0.418639 0.547983 0.417817 0.545513 0.418639 0.547853 0.416186 0.547853 0.416186 0.545513 0.418639 0.545391 0.417106 0.547853 0.416186 0.545391 0.417106 0.547709 0.414733 0.547709 0.414733 0.545391 0.417106 0.545256 0.415743 0.547709 0.414733 0.545256 0.415743 0.547564 0.413566 0.424276 0.524529 0.423647 0.52552 0.421188 0.524444 0.54512 0.414648 0.547564 0.413566 0.545256 0.415743 0.421188 0.524444 0.420558 0.525186 0.419405 0.524319 0.544117 0.416506 0.545256 0.415743 0.545391 0.417106 0.544117 0.416506 0.545391 0.417106 0.544245 0.417802 0.544245 0.417802 0.545391 0.417106 0.545513 0.418639 0.544245 0.417802 0.545513 0.418639 0.544362 0.419259 0.544362 0.419259 0.545513 0.418639 0.545622 0.420341 0.544362 0.419259 0.545622 0.420341 0.544466 0.420878 0.544466 0.420878 0.545622 0.420341 0.545718 0.422196 0.544466 0.420878 0.545718 0.422196 0.544557 0.422642 0.544557 0.422642 0.545718 0.422196 0.545798 0.424167 0.544557 0.422642 0.545798 0.424167 0.544633 0.424515 0.544633 0.424515 0.545798 0.424167 0.54586 0.426226 0.544633 0.424515 0.54586 0.426226 0.544692 0.426472 0.544692 0.426472 0.54586 0.426226 0.545904 0.428323 0.544692 0.426472 0.545904 0.428323 0.544733 0.428466 0.544733 0.428466 0.545904 0.428323 0.545929 0.430379 0.544733 0.428466 0.545929 0.430379 0.544757 0.430426 0.544757 0.430426 0.545929 0.430379 0.545935 0.434851 0.544757 0.430426 0.545935 0.434851 0.544764 0.434744 0.544764 0.434744 0.545935 0.434851 0.545922 0.437223 0.544764 0.434744 0.545922 0.437223 0.544729 0.437087 0.596102 0.358074 0.595373 0.358732 0.594767 0.357677 0.594767 0.357677 0.595373 0.358732 0.593887 0.360614 0.594767 0.357677 0.593887 0.360614 0.593122 0.359757 0.593122 0.359757 0.593887 0.360614 0.59281 0.362816 0.593122 0.359757 0.59281 0.362816 0.591909 0.362231 0.591909 0.362231 0.59281 0.362816 0.591208 0.364826 0.591909 0.362231 0.591208 0.364826 0.591072 0.36159 0.591072 0.36159 0.591208 0.364826 0.590292 0.364476 0.416871 0.520926 0.417799 0.519654 0.418386 0.523293 0.418386 0.523293 0.417799 0.519654 0.419476 0.521799 0.418386 0.523293 0.419476 0.521799 0.419405 0.524319 0.419405 0.524319 0.419476 0.521799 0.420567 0.522728 0.419405 0.524319 0.420567 0.522728 0.421188 0.524444 0.421188 0.524444 0.420567 0.522728 0.421779 0.523513 0.421188 0.524444 0.421779 0.523513 0.424276 0.524529 0.424276 0.524529 0.421779 0.523513 0.42281 0.521248 0.424276 0.524529 0.42281 0.521248 0.425364 0.522141 0.425364 0.522141 0.42281 0.521248 0.423842 0.518195 0.425364 0.522141 0.423842 0.518195 0.425797 0.518866 0.549888 0.437438 0.548433 0.434987 0.549901 0.435023 0.549901 0.435023 0.548433 0.434987 0.548426 0.430313 0.549901 0.435023 0.548426 0.430313 0.549894 0.43029 0.549894 0.43029 0.548426 0.430313 0.548399 0.428131 0.549894 0.43029 0.548399 0.428131 0.549867 0.428072 0.549867 0.428072 0.548399 0.428131 0.548352 0.425898 0.549867 0.428072 0.548352 0.425898 0.549819 0.4258 0.549819 0.4258 0.548352 0.425898 0.548286 0.423703 0.549819 0.4258 0.548286 0.423703 0.549752 0.423566 0.549752 0.423566 0.548286 0.423703 0.548201 0.421604 0.549752 0.423566 0.548201 0.421604 0.549666 0.42143 0.549666 0.42143 0.548201 0.421604 0.548099 0.419629 0.549666 0.42143 0.548099 0.419629 0.549562 0.419421 0.549562 0.419421 0.548099 0.419629 0.547983 0.417817 0.549562 0.419421 0.547983 0.417817 0.549443 0.417578 0.549443 0.417578 0.547983 0.417817 0.547853 0.416186 0.549443 0.417578 0.547853 0.416186 0.549311 0.415918 0.549311 0.415918 0.547853 0.416186 0.547709 0.414733 0.549311 0.415918 0.547709 0.414733 0.549165 0.41444 0.549165 0.41444 0.547709 0.414733 0.547564 0.413566 0.549165 0.41444 0.547564 0.413566 0.549018 0.413253 0.425061 0.525815 0.423647 0.52552 0.424276 0.524529 0.425061 0.525815 0.424276 0.524529 0.425701 0.524807 0.425701 0.524807 0.424276 0.524529 0.425364 0.522141 0.425701 0.524807 0.425364 0.522141 0.426805 0.522383 0.426805 0.522383 0.425364 0.522141 0.425797 0.518866 0.426805 0.522383 0.425797 0.518866 0.42787 0.519234 0.5513 0.437448 0.55081 0.514877 0.549888 0.437438 0.549888 0.437438 0.55081 0.514877 0.549397 0.514868 0.549888 0.437438 0.549397 0.514868 0.547801 0.437363 0.547801 0.437363 0.549397 0.514868 0.54731 0.514792 0.547801 0.437363 0.54731 0.514792 0.545922 0.437223 0.545922 0.437223 0.54731 0.514792 0.545432 0.514652 0.545922 0.437223 0.545432 0.514652 0.544729 0.437087 0.544729 0.437087 0.545432 0.514652 0.544238 0.514516 0.544729 0.437087 0.544238 0.514516 0.543729 0.436932 0.543729 0.436932 0.544238 0.514516 0.543238 0.514361 0.604272 0.35071 0.666275 0.348797 0.6037 0.352584 0.666275 0.348797 0.665702 0.350671 0.6037 0.352584 0.6037 0.352584 0.665702 0.350671 0.665574 0.351341 0.6037 0.352584 0.665574 0.351341 0.60341 0.354715 0.60341 0.354715 0.665574 0.351341 0.665395 0.354141 0.60341 0.354715 0.665395 0.354141 0.603393 0.356054 0.689527 0.36844 0.68782 0.368499 0.688269 0.366052 0.68782 0.368499 0.685923 0.368562 0.685827 0.366168 0.682973 0.366319 0.6802 0.366478 0.679787 0.362781 0.671266 0.354839 0.670417 0.354527 0.67071 0.353226 0.665395 0.354141 0.668488 0.352819 0.668435 0.35416 0.671266 0.354839 0.67071 0.353226 0.672272 0.355358 0.676676 0.360912 0.676087 0.359591 0.676437 0.357834 0.677809 0.368823 0.677767 0.367586 0.678841 0.366562 0.6802 0.366478 0.678841 0.366562 0.678456 0.363102 0.6802 0.366478 0.678456 0.363102 0.679787 0.362781 0.679787 0.362781 0.678456 0.363102 0.677691 0.360348 0.679787 0.362781 0.677691 0.360348 0.678938 0.359729 0.675679 0.354585 0.677542 0.35693 0.674761 0.355724 0.674761 0.355724 0.677542 0.35693 0.676437 0.357834 0.668488 0.352819 0.665395 0.354141 0.668752 0.35136 0.675095 0.350543 0.676035 0.349535 0.677469 0.350535 0.937069 0.412218 0.935977 0.412395 0.936122 0.41005 0.937069 0.412218 0.936122 0.41005 0.937473 0.407212 0.690135 0.363167 0.689429 0.366002 0.688895 0.361303 0.937473 0.407212 0.936651 0.405625 0.937746 0.405428 0.689839 0.361249 0.688895 0.361303 0.688398 0.359156 0.937746 0.405428 0.937075 0.403673 0.938303 0.402973 0.689181 0.358537 0.688398 0.359156 0.687694 0.356998 0.689181 0.358537 0.687694 0.356998 0.688631 0.356922 0.688631 0.356922 0.687694 0.356998 0.686787 0.354926 0.688631 0.356922 0.686787 0.354926 0.687452 0.354318 0.687452 0.354318 0.686787 0.354926 0.685697 0.352993 0.687452 0.354318 0.685697 0.352993 0.686624 0.352895 0.686624 0.352895 0.685697 0.352993 0.684442 0.351227 0.55004 0.533271 0.548779 0.531955 0.550226 0.531662 0.550226 0.531662 0.548779 0.531955 0.548912 0.530521 0.550226 0.531662 0.548912 0.530521 0.550322 0.530596 0.550322 0.530596 0.548912 0.530521 0.54903 0.528895 0.550322 0.530596 0.54903 0.528895 0.550488 0.528188 0.550488 0.528188 0.54903 0.528895 0.549133 0.527077 0.550488 0.528188 0.549133 0.527077 0.550545 0.527135 0.550545 0.527135 0.549133 0.527077 0.549214 0.525226 0.550545 0.527135 0.549214 0.525226 0.550669 0.524026 0.550669 0.524026 0.549214 0.525226 0.549279 0.523278 0.550669 0.524026 0.549279 0.523278 0.550691 0.523315 0.550691 0.523315 0.549279 0.523278 0.549358 0.519343 0.550691 0.523315 0.549358 0.519343 0.550769 0.519454 0.550769 0.519454 0.549358 0.519343 0.549397 0.514868 0.550769 0.519454 0.549397 0.514868 0.55081 0.514877 0.682973 0.366319 0.683066 0.368656 0.6802 0.366478 0.6802 0.366478 0.683066 0.368656 0.680967 0.368724 0.6802 0.366478 0.680967 0.368724 0.678841 0.366562 0.678841 0.366562 0.680967 0.368724 0.678929 0.368788 0.678841 0.366562 0.678929 0.368788 0.677809 0.368823 0.680771 0.356941 0.681517 0.358644 0.678938 0.359729 0.678938 0.359729 0.681517 0.358644 0.682097 0.360421 0.678938 0.359729 0.682097 0.360421 0.679787 0.362781 0.679787 0.362781 0.682097 0.360421 0.68251 0.36221 0.679787 0.362781 0.68251 0.36221 0.682973 0.366319 0.677767 0.367586 0.677723 0.366634 0.678841 0.366562 0.678841 0.366562 0.677723 0.366634 0.677303 0.363083 0.678841 0.366562 0.677303 0.363083 0.678456 0.363102 0.678456 0.363102 0.677303 0.363083 0.676676 0.360912 0.678456 0.363102 0.676676 0.360912 0.677691 0.360348 0.677691 0.360348 0.676676 0.360912 0.676437 0.357834 0.677691 0.360348 0.676437 0.357834 0.678938 0.359729 0.678938 0.359729 0.676437 0.357834 0.677542 0.35693 0.678938 0.359729 0.677542 0.35693 0.680771 0.356941 0.676441 0.351482 0.677689 0.352599 0.675679 0.354585 0.675679 0.354585 0.677689 0.352599 0.678838 0.353892 0.675679 0.354585 0.678838 0.353892 0.677542 0.35693 0.677542 0.35693 0.678838 0.353892 0.679874 0.355349 0.677542 0.35693 0.679874 0.355349 0.680771 0.356941 0.675095 0.350543 0.676441 0.351482 0.673473 0.352837 0.673473 0.352837 0.676441 0.351482 0.675679 0.354585 0.673473 0.352837 0.675679 0.354585 0.672779 0.354153 0.672779 0.354153 0.675679 0.354585 0.674761 0.355724 0.675095 0.350543 0.677469 0.350535 0.676441 0.351482 0.676441 0.351482 0.677469 0.350535 0.678798 0.351724 0.676441 0.351482 0.678798 0.351724 0.677689 0.352599 0.677689 0.352599 0.678798 0.351724 0.680021 0.353101 0.677689 0.352599 0.680021 0.353101 0.678838 0.353892 0.678838 0.353892 0.680021 0.353101 0.681124 0.354652 0.678838 0.353892 0.681124 0.354652 0.679874 0.355349 0.679874 0.355349 0.681124 0.354652 0.682079 0.356347 0.679874 0.355349 0.682079 0.356347 0.680771 0.356941 0.680771 0.356941 0.682079 0.356347 0.682874 0.358162 0.680771 0.356941 0.682874 0.358162 0.681517 0.358644 0.681517 0.358644 0.682874 0.358162 0.683492 0.360055 0.681517 0.358644 0.683492 0.360055 0.682097 0.360421 0.682097 0.360421 0.683492 0.360055 0.683931 0.361953 0.682097 0.360421 0.683931 0.361953 0.68251 0.36221 0.68251 0.36221 0.683931 0.361953 0.684415 0.366241 0.68251 0.36221 0.684415 0.366241 0.682973 0.366319 0.682973 0.366319 0.684415 0.366241 0.684482 0.36861 0.682973 0.366319 0.684482 0.36861 0.683066 0.368656 0.670417 0.354527 0.668435 0.35416 0.67071 0.353226 0.67071 0.353226 0.668435 0.35416 0.668488 0.352819 0.67071 0.353226 0.668488 0.352819 0.671172 0.351805 0.671172 0.351805 0.668488 0.352819 0.668752 0.35136 0.671172 0.351805 0.668752 0.35136 0.672392 0.349331 0.672392 0.349331 0.668752 0.35136 0.669627 0.34882 0.543135 0.521863 0.543202 0.518524 0.544152 0.522297 0.544152 0.522297 0.543202 0.518524 0.544223 0.518777 0.544152 0.522297 0.544223 0.518777 0.54532 0.522665 0.54532 0.522665 0.544223 0.518777 0.545394 0.518991 0.665395 0.354141 0.665574 0.351341 0.668752 0.35136 0.668752 0.35136 0.665574 0.351341 0.665702 0.350671 0.668752 0.35136 0.665702 0.350671 0.669627 0.34882 0.669627 0.34882 0.665702 0.350671 0.666275 0.348797 0.543202 0.518524 0.543238 0.514361 0.544223 0.518777 0.544223 0.518777 0.543238 0.514361 0.544238 0.514516 0.544223 0.518777 0.544238 0.514516 0.545394 0.518991 0.545394 0.518991 0.544238 0.514516 0.545432 0.514652 0.68782 0.368499 0.685827 0.366168 0.688269 0.366052 0.688269 0.366052 0.685827 0.366168 0.685324 0.361728 0.688269 0.366052 0.685324 0.361728 0.687742 0.361411 0.687742 0.361411 0.685324 0.361728 0.687253 0.359298 0.687253 0.359298 0.685324 0.361728 0.684864 0.359737 0.687253 0.359298 0.684864 0.359737 0.686561 0.357178 0.686561 0.357178 0.684864 0.359737 0.684214 0.357746 0.686561 0.357178 0.684214 0.357746 0.68567 0.355141 0.68567 0.355141 0.684214 0.357746 0.683377 0.355835 0.68567 0.355141 0.683377 0.355835 0.684599 0.353242 0.684599 0.353242 0.683377 0.355835 0.682372 0.354052 0.684599 0.353242 0.682372 0.354052 0.683365 0.351505 0.683365 0.351505 0.682372 0.354052 0.681213 0.352421 0.683365 0.351505 0.681213 0.352421 0.681996 0.349965 0.681996 0.349965 0.681213 0.352421 0.679926 0.350974 0.681996 0.349965 0.679926 0.350974 0.680508 0.348633 0.680508 0.348633 0.679926 0.350974 0.678529 0.349723 0.547567 0.528665 0.54509 0.527849 0.547669 0.526879 0.547669 0.526879 0.54509 0.527849 0.545186 0.526172 0.547669 0.526879 0.545186 0.526172 0.547749 0.52506 0.547812 0.523144 0.547749 0.52506 0.54526 0.524465 0.54526 0.524465 0.547749 0.52506 0.545186 0.526172 0.675527 0.347887 0.67702 0.348671 0.676035 0.349535 0.676035 0.349535 0.67702 0.348671 0.678529 0.349723 0.676035 0.349535 0.678529 0.349723 0.677469 0.350535 0.677469 0.350535 0.678529 0.349723 0.679926 0.350974 0.677469 0.350535 0.679926 0.350974 0.678798 0.351724 0.678798 0.351724 0.679926 0.350974 0.681213 0.352421 0.678798 0.351724 0.681213 0.352421 0.680021 0.353101 0.680021 0.353101 0.681213 0.352421 0.682372 0.354052 0.680021 0.353101 0.682372 0.354052 0.681124 0.354652 0.681124 0.354652 0.682372 0.354052 0.683377 0.355835 0.681124 0.354652 0.683377 0.355835 0.682079 0.356347 0.682079 0.356347 0.683377 0.355835 0.684214 0.357746 0.682079 0.356347 0.684214 0.357746 0.682874 0.358162 0.682874 0.358162 0.684214 0.357746 0.684864 0.359737 0.682874 0.358162 0.684864 0.359737 0.683492 0.360055 0.683492 0.360055 0.684864 0.359737 0.685324 0.361728 0.683492 0.360055 0.685324 0.361728 0.683931 0.361953 0.683931 0.361953 0.685324 0.361728 0.685827 0.366168 0.683931 0.361953 0.685827 0.366168 0.684415 0.366241 0.684415 0.366241 0.685827 0.366168 0.685923 0.368562 0.684415 0.366241 0.685923 0.368562 0.684482 0.36861 0.676087 0.359591 0.675553 0.358661 0.676437 0.357834 0.676437 0.357834 0.675553 0.358661 0.674036 0.356754 0.676437 0.357834 0.674036 0.356754 0.674761 0.355724 0.674761 0.355724 0.674036 0.356754 0.672272 0.355358 0.674761 0.355724 0.672272 0.355358 0.672779 0.354153 0.672779 0.354153 0.672272 0.355358 0.67071 0.353226 0.672779 0.354153 0.67071 0.353226 0.673473 0.352837 0.673473 0.352837 0.67071 0.353226 0.671172 0.351805 0.673473 0.352837 0.671172 0.351805 0.675095 0.350543 0.675095 0.350543 0.671172 0.351805 0.672392 0.349331 0.675095 0.350543 0.672392 0.349331 0.676035 0.349535 0.676035 0.349535 0.672392 0.349331 0.673156 0.348243 0.676035 0.349535 0.673156 0.348243 0.675527 0.347887 0.54526 0.524465 0.544152 0.522297 0.54532 0.522665 0.54526 0.524465 0.54532 0.522665 0.547812 0.523144 0.547812 0.523144 0.54532 0.522665 0.545394 0.518991 0.547812 0.523144 0.545394 0.518991 0.54789 0.519267 0.54789 0.519267 0.545394 0.518991 0.545432 0.514652 0.54789 0.519267 0.545432 0.514652 0.54731 0.514792 0.689527 0.36844 0.688269 0.366052 0.689429 0.366002 0.689429 0.366002 0.688269 0.366052 0.687742 0.361411 0.689429 0.366002 0.687742 0.361411 0.688895 0.361303 0.688895 0.361303 0.687742 0.361411 0.687253 0.359298 0.688895 0.361303 0.687253 0.359298 0.688398 0.359156 0.688398 0.359156 0.687253 0.359298 0.686561 0.357178 0.688398 0.359156 0.686561 0.357178 0.687694 0.356998 0.687694 0.356998 0.686561 0.357178 0.68567 0.355141 0.687694 0.356998 0.68567 0.355141 0.686787 0.354926 0.686787 0.354926 0.68567 0.355141 0.684599 0.353242 0.686787 0.354926 0.684599 0.353242 0.685697 0.352993 0.685697 0.352993 0.684599 0.353242 0.683365 0.351505 0.685697 0.352993 0.683365 0.351505 0.684442 0.351227 0.548779 0.531955 0.54732 0.531673 0.547451 0.530263 0.548779 0.531955 0.547451 0.530263 0.548912 0.530521 0.548912 0.530521 0.547451 0.530263 0.547567 0.528665 0.548912 0.530521 0.547567 0.528665 0.54903 0.528895 0.54903 0.528895 0.547567 0.528665 0.547669 0.526879 0.54903 0.528895 0.547669 0.526879 0.549133 0.527077 0.549133 0.527077 0.547669 0.526879 0.547749 0.52506 0.549133 0.527077 0.547749 0.52506 0.549214 0.525226 0.549214 0.525226 0.547749 0.52506 0.547812 0.523144 0.549214 0.525226 0.547812 0.523144 0.549279 0.523278 0.549279 0.523278 0.547812 0.523144 0.54789 0.519267 0.549279 0.523278 0.54789 0.519267 0.549358 0.519343 0.549358 0.519343 0.54789 0.519267 0.54731 0.514792 0.549358 0.519343 0.54731 0.514792 0.549397 0.514868 0.489917 0.347545 0.488416 0.347537 0.489917 0.344204 0.489917 0.344204 0.488416 0.347537 0.488416 0.344195 0.489917 0.344204 0.488416 0.344195 0.489806 0.341302 0.489806 0.341302 0.488416 0.344195 0.488305 0.341293 0.489806 0.341302 0.488305 0.341293 0.489606 0.339413 0.489606 0.339413 0.488305 0.341293 0.488104 0.339405 0.481661 0.394974 0.480246 0.394918 0.482557 0.392629 0.482557 0.392629 0.480246 0.394918 0.481143 0.392573 0.482557 0.392629 0.481143 0.392573 0.483055 0.38948 0.483055 0.38948 0.481143 0.392573 0.48164 0.389424 0.483055 0.38948 0.48164 0.389424 0.483055 0.386149 0.483055 0.386149 0.48164 0.389424 0.48164 0.386093 0.483055 0.386149 0.48164 0.386093 0.482557 0.383297 0.482557 0.383297 0.48164 0.386093 0.481143 0.383241 0.482557 0.383297 0.481143 0.383241 0.481661 0.381488 0.481661 0.381488 0.481143 0.383241 0.480246 0.381432 0.480212 0.395042 0.481455 0.394974 0.481391 0.397792 0.481391 0.397792 0.481455 0.394974 0.482634 0.397723 0.481391 0.397792 0.482634 0.397723 0.481812 0.401097 0.481812 0.401097 0.482634 0.397723 0.483055 0.401029 0.481812 0.401097 0.483055 0.401029 0.481391 0.404304 0.481391 0.404304 0.483055 0.401029 0.482634 0.404236 0.481391 0.404304 0.482634 0.404236 0.480212 0.406777 0.480212 0.406777 0.482634 0.404236 0.481455 0.406708 0.489606 0.352942 0.488104 0.352933 0.489806 0.350664 0.489806 0.350664 0.488104 0.352933 0.488305 0.350655 0.489806 0.350664 0.488305 0.350655 0.489917 0.347545 0.489917 0.347545 0.488305 0.350655 0.488416 0.347537 0.702816 0.46968 0.705212 0.471119 0.698857 0.484208 0.698857 0.484208 0.705212 0.471119 0.706742 0.473711 0.700027 0.46968 0.702816 0.46968 0.697399 0.471119 0.697399 0.471119 0.702816 0.46968 0.698857 0.484208 0.697399 0.471119 0.698857 0.484208 0.695451 0.473711 0.695451 0.473711 0.698857 0.484208 0.69646 0.482769 0.695451 0.473711 0.69646 0.482769 0.69457 0.476944 0.69457 0.476944 0.69646 0.482769 0.69493 0.480177 0.704274 0.482769 0.701645 0.484208 0.706221 0.480177 0.706221 0.480177 0.701645 0.484208 0.698857 0.484208 0.706221 0.480177 0.698857 0.484208 0.707102 0.476944 0.707102 0.476944 0.698857 0.484208 0.706742 0.473711 0.593436 0.470819 0.596208 0.46968 0.598979 0.469989 0.58998 0.479548 0.58998 0.476295 0.591214 0.482294 0.591214 0.482294 0.58998 0.476295 0.591214 0.47318 0.591214 0.47318 0.593436 0.470819 0.591214 0.482294 0.591214 0.482294 0.593436 0.470819 0.598979 0.469989 0.591214 0.482294 0.598979 0.469989 0.593436 0.483989 0.593436 0.483989 0.598979 0.469989 0.601202 0.471684 0.593436 0.483989 0.601202 0.471684 0.602436 0.47443 0.598979 0.483159 0.596208 0.484298 0.601202 0.480798 0.601202 0.480798 0.596208 0.484298 0.593436 0.483989 0.601202 0.480798 0.593436 0.483989 0.602436 0.477683 0.602436 0.477683 0.593436 0.483989 0.602436 0.47443 0.489917 0.334008 0.488416 0.334 0.489917 0.330667 0.489917 0.330667 0.488416 0.334 0.488416 0.330658 0.489917 0.330667 0.488416 0.330658 0.489806 0.327765 0.489806 0.327765 0.488416 0.330658 0.488305 0.327756 0.489806 0.327765 0.488305 0.327756 0.489606 0.325876 0.489606 0.325876 0.488305 0.327756 0.488104 0.325868 0.481661 0.381432 0.480246 0.381376 0.482557 0.379087 0.482557 0.379087 0.480246 0.381376 0.481143 0.379031 0.482557 0.379087 0.481143 0.379031 0.483055 0.375938 0.483055 0.375938 0.481143 0.379031 0.48164 0.375882 0.483055 0.375938 0.48164 0.375882 0.483055 0.372607 0.483055 0.372607 0.48164 0.375882 0.48164 0.372551 0.483055 0.372607 0.48164 0.372551 0.482557 0.369755 0.482557 0.369755 0.48164 0.372551 0.481143 0.369699 0.482557 0.369755 0.481143 0.369699 0.481661 0.367946 0.481661 0.367946 0.481143 0.369699 0.480246 0.36789 0.480212 0.406845 0.481455 0.406777 0.481391 0.409594 0.481391 0.409594 0.481455 0.406777 0.482634 0.409526 0.481391 0.409594 0.482634 0.409526 0.481812 0.4129 0.481812 0.4129 0.482634 0.409526 0.483055 0.412832 0.481812 0.4129 0.483055 0.412832 0.481391 0.416107 0.481391 0.416107 0.483055 0.412832 0.482634 0.416038 0.481391 0.416107 0.482634 0.416038 0.480212 0.418579 0.480212 0.418579 0.482634 0.416038 0.481455 0.418511 0.489606 0.339405 0.488104 0.339396 0.489806 0.337127 0.489806 0.337127 0.488104 0.339396 0.488305 0.337118 0.489806 0.337127 0.488305 0.337118 0.489917 0.334008 0.489917 0.334008 0.488305 0.337118 0.488416 0.334 0.946446 0.02124094 0.946446 0.09953898 0.902107 0.03777796 0.929505 0.120029 0.902107 0.09198397 0.933344 0.119879 0.933344 0.119879 0.902107 0.09198397 0.903304 0.08897095 0.943297 0.113438 0.942222 0.114903 0.899949 0.03985697 0.899949 0.03985697 0.942222 0.114903 0.942094 0.115056 0.899949 0.03985697 0.903304 0.08561998 0.897259 0.04058998 0.897259 0.04058998 0.903304 0.08561998 0.902107 0.082596 0.902107 0.02838999 0.899949 0.02629095 0.929505 5.95e-4 0.929505 5.95e-4 0.899949 0.02629095 0.897259 0.02553296 0.929505 5.95e-4 0.897259 0.02553296 0.865013 3e-4 0.945644 0.108113 0.945032 0.110018 0.899949 0.03985697 0.899949 0.03985697 0.945032 0.110018 0.944234 0.11182 0.899949 0.03985697 0.944234 0.11182 0.943297 0.113438 0.942094 0.115056 0.940852 0.116366 0.899949 0.03985697 0.899949 0.03985697 0.940852 0.116366 0.939488 0.117493 0.899949 0.03985697 0.939488 0.117493 0.938045 0.118405 0.940965 0.004471957 0.942176 0.005781948 0.903304 0.03141397 0.903304 0.03141397 0.942176 0.005781948 0.942303 0.005937993 0.903304 0.03141397 0.942303 0.005937993 0.943386 0.007450997 0.89241 0.08255195 0.89241 0.03773397 0.894568 0.03983294 0.848071 0.09908896 0.848071 0.02079099 0.89241 0.08255195 0.89241 0.09193998 0.894568 0.09403896 0.865013 0.119734 0.865013 0.119734 0.894568 0.09403896 0.897259 0.094796 0.865013 0.119734 0.897259 0.094796 0.929505 0.120029 0.929505 0.120029 0.897259 0.094796 0.899949 0.09406298 0.929505 0.120029 0.899949 0.09406298 0.902107 0.09198397 0.903304 0.08897095 0.903304 0.08561998 0.933344 0.119879 0.933344 0.119879 0.903304 0.08561998 0.899949 0.03985697 0.933344 0.119879 0.899949 0.03985697 0.936514 0.119109 0.936514 0.119109 0.899949 0.03985697 0.938045 0.118405 0.936571 0.001601994 0.938141 0.002351999 0.903304 0.03141397 0.903304 0.03141397 0.938141 0.002351999 0.939629 0.003327965 0.903304 0.03141397 0.939629 0.003327965 0.940965 0.004471957 0.902107 0.03777796 0.946446 0.09953898 0.899949 0.03985697 0.899949 0.03985697 0.946446 0.09953898 0.946294 0.10436 0.899949 0.03985697 0.946294 0.10436 0.945644 0.108113 0.943386 0.007450997 0.94432 0.009110987 0.903304 0.03141397 0.903304 0.03141397 0.94432 0.009110987 0.945076 0.01086699 0.903304 0.03141397 0.945076 0.01086699 0.945662 0.01272797 0.851221 0.006891965 0.852295 0.005426943 0.891213 0.03135895 0.891213 0.03135895 0.852295 0.005426943 0.852423 0.005272984 0.902107 0.02838999 0.929505 5.95e-4 0.903304 0.03141397 0.903304 0.03141397 0.929505 5.95e-4 0.933477 7.99e-4 0.903304 0.03141397 0.933477 7.99e-4 0.936571 0.001601994 0.902107 0.03777796 0.903304 0.034765 0.946446 0.02124094 0.946446 0.02124094 0.903304 0.034765 0.903304 0.03141397 0.946446 0.02124094 0.903304 0.03141397 0.946308 0.01657897 0.946308 0.01657897 0.903304 0.03141397 0.945662 0.01272797 0.902107 0.082596 0.899949 0.08049696 0.897259 0.04058998 0.897259 0.04058998 0.899949 0.08049696 0.897259 0.07973897 0.897259 0.04058998 0.897259 0.07973897 0.894568 0.03983294 0.894568 0.03983294 0.897259 0.07973897 0.894568 0.08047199 0.894568 0.03983294 0.894568 0.08047199 0.89241 0.08255195 0.853552 0.115858 0.852342 0.114548 0.891213 0.08891499 0.891213 0.08891499 0.852342 0.114548 0.852215 0.114392 0.891213 0.08891499 0.852215 0.114392 0.851131 0.112878 0.848873 0.01221597 0.849485 0.01031196 0.891213 0.03135895 0.891213 0.03135895 0.849485 0.01031196 0.850284 0.008509993 0.891213 0.03135895 0.850284 0.008509993 0.851221 0.006891965 0.857947 0.118728 0.856376 0.117978 0.891213 0.08891499 0.891213 0.08891499 0.856376 0.117978 0.854888 0.117002 0.891213 0.08891499 0.854888 0.117002 0.853552 0.115858 0.852423 0.005272984 0.853666 0.003963947 0.891213 0.03135895 0.891213 0.03135895 0.853666 0.003963947 0.85503 0.002836942 0.891213 0.03135895 0.85503 0.002836942 0.856473 0.001924991 0.89241 0.03773397 0.89241 0.08255195 0.891213 0.03470897 0.891213 0.03470897 0.89241 0.08255195 0.848071 0.02079099 0.891213 0.03470897 0.848071 0.02079099 0.891213 0.03135895 0.891213 0.03135895 0.848071 0.02079099 0.848224 0.01596999 0.891213 0.03135895 0.848224 0.01596999 0.848873 0.01221597 0.851131 0.112878 0.850198 0.111218 0.891213 0.08891499 0.891213 0.08891499 0.850198 0.111218 0.849441 0.109463 0.891213 0.08891499 0.849441 0.109463 0.848855 0.107602 0.89241 0.09193998 0.865013 0.119734 0.891213 0.08891499 0.891213 0.08891499 0.865013 0.119734 0.861041 0.119531 0.891213 0.08891499 0.861041 0.119531 0.857947 0.118728 0.89241 0.08255195 0.891213 0.08556497 0.848071 0.09908896 0.848071 0.09908896 0.891213 0.08556497 0.891213 0.08891499 0.848071 0.09908896 0.891213 0.08891499 0.848209 0.103751 0.848209 0.103751 0.891213 0.08891499 0.848855 0.107602 0.897259 0.02553296 0.894568 0.02626597 0.865013 3e-4 0.865013 3e-4 0.894568 0.02626597 0.89241 0.028346 0.865013 3e-4 0.89241 0.028346 0.861173 4.5e-4 0.861173 4.5e-4 0.89241 0.028346 0.891213 0.03135895 0.861173 4.5e-4 0.891213 0.03135895 0.858003 0.001219987 0.858003 0.001219987 0.891213 0.03135895 0.856473 0.001924991 0.803541 0.368261 0.80338 0.445692 0.803264 0.368309 0.803264 0.368309 0.80338 0.445692 0.803103 0.445739 0.803537 0.363465 0.803541 0.368261 0.803264 0.368309 0.847652 0.09908896 0.848071 0.09908896 0.847652 0.099334 0.847652 0.099334 0.848071 0.09908896 0.848209 0.103751 0.847652 0.099334 0.848209 0.103751 0.847791 0.103783 0.803264 0.368309 0.80326 0.36346 0.803537 0.363465 0.861041 0.119531 0.860827 0.1198289 0.8577 0.119016 0.861041 0.119531 0.8577 0.119016 0.857947 0.118728 0.857947 0.118728 0.8577 0.119016 0.857252 0.118829 0.857947 0.118728 0.857252 0.118829 0.856376 0.117978 0.803431 0.357638 0.803193 0.359023 0.80308 0.355592 0.853786 0.1166059 0.853552 0.115858 0.854587 0.117259 0.854587 0.117259 0.853552 0.115858 0.854888 0.117002 0.854587 0.117259 0.854888 0.117002 0.856376 0.117978 0.853786 0.1166059 0.853228 0.116094 0.853552 0.115858 0.853552 0.115858 0.853228 0.116094 0.851996 0.114762 0.853552 0.115858 0.851996 0.114762 0.852342 0.114548 0.852342 0.114548 0.851996 0.114762 0.851866 0.114603 0.850986 0.113404 0.851131 0.112878 0.851866 0.114603 0.851866 0.114603 0.851131 0.112878 0.852215 0.114392 0.851866 0.114603 0.852215 0.114392 0.852342 0.114548 0.850986 0.113404 0.850765 0.113063 0.851131 0.112878 0.851131 0.112878 0.850765 0.113063 0.849814 0.111374 0.851131 0.112878 0.849814 0.111374 0.850198 0.111218 0.850198 0.111218 0.849814 0.111374 0.849044 0.109588 0.850198 0.111218 0.849044 0.109588 0.849441 0.109463 0.849441 0.109463 0.849044 0.109588 0.848986 0.109431 0.849441 0.109463 0.848986 0.109431 0.848855 0.107602 0.848855 0.107602 0.848986 0.109431 0.848448 0.107693 0.848855 0.107602 0.848448 0.107693 0.848209 0.103751 0.848209 0.103751 0.848448 0.107693 0.847922 0.104984 0.848209 0.103751 0.847922 0.104984 0.847791 0.103783 0.847652 0.09908896 0.847652 0.02079099 0.848071 0.09908896 0.848071 0.09908896 0.847652 0.02079099 0.848071 0.02079099 0.499783 0.412432 0.499431 0.412654 0.49967 0.412331 0.86464 0 0.865013 3e-4 0.861173 4.5e-4 0.86464 0 0.861173 4.5e-4 0.860976 1.52e-4 0.848224 0.01596999 0.848071 0.02079099 0.847652 0.02079099 0.847652 0.02079099 0.847808 0.015917 0.848224 0.01596999 0.848224 0.01596999 0.847808 0.015917 0.848466 0.01212495 0.848224 0.01596999 0.848466 0.01212495 0.848873 0.01221597 0.848873 0.01221597 0.848466 0.01212495 0.848619 0.01158195 0.848873 0.01221597 0.848619 0.01158195 0.849485 0.01031196 0.849485 0.01031196 0.848619 0.01158195 0.849902 0.008351981 0.850436 0.007380962 0.851221 0.006891965 0.849902 0.008351981 0.849902 0.008351981 0.851221 0.006891965 0.850284 0.008509993 0.849902 0.008351981 0.850284 0.008509993 0.849485 0.01031196 0.850436 0.007380962 0.850856 0.006705999 0.851221 0.006891965 0.851221 0.006891965 0.850856 0.006705999 0.851949 0.005214989 0.851221 0.006891965 0.851949 0.005214989 0.852295 0.005426943 0.852295 0.005426943 0.851949 0.005214989 0.852079 0.005058944 0.853063 0.003994941 0.853666 0.003963947 0.852079 0.005058944 0.852079 0.005058944 0.853666 0.003963947 0.852423 0.005272984 0.852079 0.005058944 0.852423 0.005272984 0.852295 0.005426943 0.853063 0.003994941 0.853343 0.003726959 0.853666 0.003963947 0.853666 0.003963947 0.853343 0.003726959 0.854731 0.002579987 0.853666 0.003963947 0.854731 0.002579987 0.85503 0.002836942 0.85503 0.002836942 0.854731 0.002579987 0.856199 0.001650989 0.85503 0.002836942 0.856199 0.001650989 0.856473 0.001924991 0.856473 0.001924991 0.856199 0.001650989 0.856328 0.001580953 0.856473 0.001924991 0.856328 0.001580953 0.858003 0.001219987 0.858003 0.001219987 0.856328 0.001580953 0.857758 9.34e-4 0.858003 0.001219987 0.857758 9.34e-4 0.861173 4.5e-4 0.861173 4.5e-4 0.857758 9.34e-4 0.859987 3.07e-4 0.861173 4.5e-4 0.859987 3.07e-4 0.860976 1.52e-4 0.499783 0.412432 0.535996 0.444795 0.499431 0.412654 0.499431 0.412654 0.535996 0.444795 0.535644 0.445017 0.537808 0.447176 0.535644 0.445017 0.535996 0.444795 0.538179 0.47213 0.537796 0.471957 0.538267 0.47191 0.538267 0.47191 0.537796 0.471957 0.539387 0.467709 0.538267 0.47191 0.539387 0.467709 0.539781 0.467853 0.535996 0.444795 0.538183 0.44698 0.537808 0.447176 0.537808 0.447176 0.538183 0.44698 0.539652 0.449265 0.537808 0.447176 0.539652 0.449265 0.539263 0.449436 0.539263 0.449436 0.539652 0.449265 0.539837 0.449656 0.539263 0.449436 0.539837 0.449656 0.539879 0.45089 0.539879 0.45089 0.539837 0.449656 0.540776 0.45239 0.540994 0.453373 0.54071 0.454196 0.540776 0.45239 0.540776 0.45239 0.54071 0.454196 0.540367 0.452506 0.540776 0.45239 0.540367 0.452506 0.539879 0.45089 0.540994 0.453373 0.541125 0.45411 0.54071 0.454196 0.54071 0.454196 0.541125 0.45411 0.541342 0.455918 0.54071 0.454196 0.541342 0.455918 0.540923 0.455973 0.540923 0.455973 0.541342 0.455918 0.541358 0.456124 0.541425 0.457637 0.541007 0.458072 0.541358 0.456124 0.541358 0.456124 0.541007 0.458072 0.540939 0.456176 0.541358 0.456124 0.540939 0.456176 0.540923 0.455973 0.541425 0.457637 0.541428 0.458053 0.541007 0.458072 0.541007 0.458072 0.541428 0.458053 0.541358 0.46004 0.541007 0.458072 0.541358 0.46004 0.540939 0.460025 0.540939 0.460025 0.541358 0.46004 0.541153 0.462025 0.540939 0.460025 0.541153 0.462025 0.540737 0.461975 0.540737 0.461975 0.541153 0.462025 0.541129 0.462195 0.540737 0.461975 0.541129 0.462195 0.540401 0.463935 0.540401 0.463935 0.541129 0.462195 0.540811 0.46402 0.540401 0.463935 0.540811 0.46402 0.539387 0.467709 0.539387 0.467709 0.540811 0.46402 0.540137 0.466711 0.539387 0.467709 0.540137 0.466711 0.539781 0.467853 0.509775 0.542148 0.537796 0.471957 0.510159 0.542321 0.510159 0.542321 0.537796 0.471957 0.538179 0.47213 0.507964 0.546394 0.509775 0.542148 0.510159 0.542321 0.803103 0.445739 0.80338 0.445692 0.803102 0.445982 0.803102 0.445982 0.80338 0.445692 0.803358 0.450277 0.803102 0.445982 0.803358 0.450277 0.80308 0.450355 0.510159 0.542321 0.508327 0.546613 0.507964 0.546394 0.507964 0.546394 0.508327 0.546613 0.506599 0.549685 0.507964 0.546394 0.506599 0.549685 0.506255 0.549436 0.506255 0.549436 0.506599 0.549685 0.506318 0.550096 0.506255 0.549436 0.506318 0.550096 0.505229 0.550838 0.505229 0.550838 0.506318 0.550096 0.50444 0.552353 0.503792 0.552957 0.503027 0.553041 0.50444 0.552353 0.50444 0.552353 0.503027 0.553041 0.504134 0.552057 0.50444 0.552353 0.504134 0.552057 0.505229 0.550838 0.503792 0.552957 0.503314 0.553353 0.503027 0.553041 0.503027 0.553041 0.503314 0.553353 0.502165 0.554146 0.503027 0.553041 0.502165 0.554146 0.501898 0.553819 0.501898 0.553819 0.502165 0.554146 0.502035 0.554222 0.5011 0.554685 0.500603 0.554449 0.502035 0.554222 0.502035 0.554222 0.500603 0.554449 0.501771 0.553893 0.502035 0.554222 0.501771 0.553893 0.501898 0.553819 0.5011 0.554685 0.500847 0.554786 0.500603 0.554449 0.500603 0.554449 0.500847 0.554786 0.499655 0.555124 0.500603 0.554449 0.499655 0.555124 0.499431 0.554781 0.803157 0.457295 0.802876 0.457489 0.802952 0.455865 0.803157 0.457295 0.802952 0.455865 0.803231 0.455698 0.803231 0.455698 0.802952 0.455865 0.802957 0.455721 0.803231 0.455698 0.802957 0.455721 0.80329 0.453966 0.80329 0.453966 0.802957 0.455721 0.803011 0.454102 0.80329 0.453966 0.803011 0.454102 0.803358 0.450277 0.489947 0.241644 0.489947 0.238533 0.490223 0.240833 0.803358 0.450277 0.803066 0.451519 0.80308 0.450355 0.510159 0.542321 0.511869 0.542658 0.510037 0.54695 0.801001 0.445759 0.803103 0.445739 0.803102 0.445982 0.801001 0.445759 0.803102 0.445982 0.801001 0.446001 0.801001 0.446001 0.803102 0.445982 0.80308 0.450355 0.801001 0.446001 0.80308 0.450355 0.800964 0.451539 0.800964 0.451539 0.80308 0.450355 0.803066 0.451519 0.800964 0.451539 0.803066 0.451519 0.800856 0.45574 0.800856 0.45574 0.803066 0.451519 0.803011 0.454102 0.800856 0.45574 0.803011 0.454102 0.802957 0.455721 0.802957 0.455721 0.802952 0.455865 0.800856 0.45574 0.800856 0.45574 0.802952 0.455865 0.802876 0.457489 0.800856 0.45574 0.802876 0.457489 0.800661 0.4593 0.800661 0.4593 0.802876 0.457489 0.802784 0.458985 0.800661 0.4593 0.802784 0.458985 0.802763 0.45928 0.802763 0.45928 0.802678 0.460304 0.800661 0.4593 0.800661 0.4593 0.802678 0.460304 0.802666 0.460437 0.800661 0.4593 0.802666 0.460437 0.800394 0.461951 0.800394 0.461951 0.802666 0.460437 0.802548 0.461527 0.489878 0.280169 0.489764 0.279388 0.490954 0.279878 0.490954 0.279878 0.489764 0.279388 0.489663 0.278291 0.490954 0.279878 0.489663 0.278291 0.490954 0.275318 0.50444 0.552353 0.506318 0.550096 0.508029 0.550433 0.508029 0.550433 0.506318 0.550096 0.506599 0.549685 0.508029 0.550433 0.506599 0.549685 0.510037 0.54695 0.510037 0.54695 0.506599 0.549685 0.508327 0.546613 0.510037 0.54695 0.508327 0.546613 0.510159 0.542321 0.53989 0.472467 0.511869 0.542658 0.538179 0.47213 0.538179 0.47213 0.511869 0.542658 0.510159 0.542321 0.986965 0.540099 0.988947 0.540115 0.990143 0.543424 0.53989 0.472467 0.538179 0.47213 0.538267 0.47191 0.53989 0.472467 0.538267 0.47191 0.539977 0.472247 0.539977 0.472247 0.538267 0.47191 0.539781 0.467853 0.539977 0.472247 0.539781 0.467853 0.541847 0.467048 0.541847 0.467048 0.539781 0.467853 0.540137 0.466711 0.541847 0.467048 0.540137 0.466711 0.542839 0.462532 0.542839 0.462532 0.540137 0.466711 0.540811 0.46402 0.542839 0.462532 0.540811 0.46402 0.541129 0.462195 0.541129 0.462195 0.541153 0.462025 0.542839 0.462532 0.542839 0.462532 0.541153 0.462025 0.541358 0.46004 0.542839 0.462532 0.541358 0.46004 0.543135 0.457974 0.543135 0.457974 0.541358 0.46004 0.541428 0.458053 0.543135 0.457974 0.541428 0.458053 0.541425 0.457637 0.541125 0.45411 0.542704 0.45371 0.541342 0.455918 0.541342 0.455918 0.542704 0.45371 0.543135 0.457974 0.541342 0.455918 0.543135 0.457974 0.541358 0.456124 0.541358 0.456124 0.543135 0.457974 0.541425 0.457637 0.541125 0.45411 0.540994 0.453373 0.542704 0.45371 0.542704 0.45371 0.540994 0.453373 0.540776 0.45239 0.542704 0.45371 0.540776 0.45239 0.541548 0.449993 0.540776 0.45239 0.539837 0.449656 0.541548 0.449993 0.541548 0.449993 0.539837 0.449656 0.539652 0.449265 0.991408 0.545792 0.989252 0.545523 0.990143 0.543424 0.990143 0.543424 0.989252 0.545523 0.988161 0.543408 0.990143 0.543424 0.988161 0.543408 0.986965 0.540099 0.97048 0.484814 0.988947 0.540115 0.968498 0.484798 0.968498 0.484798 0.988947 0.540115 0.986965 0.540099 0.968695 0.455285 0.970677 0.455301 0.969526 0.458885 0.97048 0.484814 0.968498 0.484798 0.96844 0.484625 0.97048 0.484814 0.96844 0.484625 0.970422 0.484641 0.970422 0.484641 0.96844 0.484625 0.967432 0.481364 0.970422 0.484641 0.967432 0.481364 0.96917 0.480419 0.96917 0.480419 0.967432 0.481364 0.967188 0.480404 0.96917 0.480419 0.967188 0.480404 0.968439 0.476368 0.968439 0.476368 0.967188 0.480404 0.966706 0.47804 0.968439 0.476368 0.966706 0.47804 0.966457 0.476352 0.966457 0.476352 0.966437 0.476192 0.968439 0.476368 0.968439 0.476368 0.966437 0.476192 0.966246 0.47427 0.968439 0.476368 0.966246 0.47427 0.9681 0.471849 0.9681 0.471849 0.966246 0.47427 0.966132 0.472264 0.9681 0.471849 0.966132 0.472264 0.966118 0.471833 0.966118 0.471833 0.966098 0.470233 0.9681 0.471849 0.9681 0.471849 0.966098 0.470233 0.966099 0.47001 0.9681 0.471849 0.966099 0.47001 0.968182 0.467191 0.968182 0.467191 0.966099 0.47001 0.966154 0.468014 0.966154 0.468014 0.966199 0.467175 0.968182 0.467191 0.968182 0.467191 0.966199 0.467175 0.966285 0.466027 0.968182 0.467191 0.966285 0.466027 0.968694 0.462653 0.966285 0.466027 0.966711 0.462637 0.968694 0.462653 0.968694 0.462653 0.966711 0.462637 0.966801 0.462121 0.968694 0.462653 0.966801 0.462121 0.969526 0.458885 0.969526 0.458885 0.966801 0.462121 0.967544 0.45887 0.969526 0.458885 0.967544 0.45887 0.968695 0.455285 0.989885 0.399872 0.970677 0.455301 0.987903 0.399857 0.987903 0.399857 0.970677 0.455301 0.968695 0.455285 0.803264 0.368309 0.801162 0.368329 0.801158 0.36348 0.989885 0.399872 0.987903 0.399857 0.987963 0.399683 0.989885 0.399872 0.987963 0.399683 0.989945 0.399699 0.989945 0.399699 0.987963 0.399683 0.989094 0.396654 0.989945 0.399699 0.989094 0.396654 0.991408 0.395932 0.991408 0.395932 0.989094 0.396654 0.989426 0.395916 0.728808 0.329621 0.730003 0.329605 0.729892 0.334063 0.489986 0.251391 0.489986 0.247352 0.490764 0.248838 0.847791 0.109442 0.848448 0.107693 0.848986 0.109431 0.802495 0.347711 0.802507 0.347803 0.800394 0.34773 0.800394 0.34773 0.802507 0.347803 0.802642 0.348992 0.800394 0.34773 0.802642 0.348992 0.800693 0.350719 0.800693 0.350719 0.802642 0.348992 0.802769 0.350383 0.800693 0.350719 0.802769 0.350383 0.802795 0.3507 0.802795 0.3507 0.802884 0.351934 0.800693 0.350719 0.800693 0.350719 0.802884 0.351934 0.802896 0.352112 0.800693 0.350719 0.802896 0.352112 0.800931 0.354553 0.800931 0.354553 0.802896 0.352112 0.802995 0.353788 0.802995 0.353788 0.803032 0.354533 0.800931 0.354553 0.800931 0.354553 0.803032 0.354533 0.80308 0.355592 0.800931 0.354553 0.80308 0.355592 0.801091 0.359042 0.80308 0.355592 0.803193 0.359023 0.801091 0.359042 0.801091 0.359042 0.803193 0.359023 0.803206 0.359588 0.801091 0.359042 0.803206 0.359588 0.801158 0.36348 0.801158 0.36348 0.803206 0.359588 0.80326 0.36346 0.801158 0.36348 0.80326 0.36346 0.803264 0.368309 0.801001 0.445759 0.801162 0.368329 0.803103 0.445739 0.803103 0.445739 0.801162 0.368329 0.803264 0.368309 0.827025 0.245431 0.827199 0.245431 0.827383 0.323728 0.827383 0.323728 0.827199 0.245431 0.827557 0.323728 0.827383 0.323728 0.827557 0.323728 0.82725 0.328603 0.82725 0.328603 0.827557 0.323728 0.827423 0.328613 0.82725 0.328603 0.827423 0.328613 0.826459 0.332942 0.826459 0.332942 0.827423 0.328613 0.826633 0.332977 0.826459 0.332942 0.826633 0.332977 0.82466 0.337151 0.82466 0.337151 0.826633 0.332977 0.824834 0.337218 0.82466 0.337151 0.824834 0.337218 0.822049 0.340549 0.822049 0.340549 0.824834 0.337218 0.822217 0.340655 0.822049 0.340549 0.822217 0.340655 0.818795 0.342977 0.818795 0.342977 0.822217 0.340655 0.818955 0.343122 0.818795 0.342977 0.818955 0.343122 0.815142 0.344269 0.815142 0.344269 0.818955 0.343122 0.815287 0.344454 0.815142 0.344269 0.815287 0.344454 0.810491 0.344597 0.810491 0.344597 0.815287 0.344454 0.810679 0.344807 0.810491 0.344597 0.810679 0.344807 0.810289 0.344597 0.810289 0.344597 0.810679 0.344807 0.81029 0.344808 0.810289 0.344597 0.81029 0.344808 0.745796 0.344597 0.745796 0.344597 0.81029 0.344808 0.745797 0.344808 0.745796 0.344597 0.745797 0.344808 0.74178 0.344408 0.74178 0.344408 0.745797 0.344808 0.741772 0.344618 0.74178 0.344408 0.741772 0.344618 0.738201 0.343423 0.738201 0.343423 0.741772 0.344618 0.738173 0.343634 0.738201 0.343423 0.738173 0.343634 0.734724 0.341217 0.734724 0.341217 0.738173 0.343634 0.73467 0.341428 0.734724 0.341217 0.73467 0.341428 0.73191 0.338027 0.73191 0.338027 0.73467 0.341428 0.731824 0.338231 0.73191 0.338027 0.731824 0.338231 0.729892 0.334063 0.729892 0.334063 0.731824 0.338231 0.729774 0.334258 0.729892 0.334063 0.729774 0.334258 0.728808 0.329621 0.728808 0.329621 0.729774 0.334258 0.728656 0.329796 0.728808 0.329621 0.728656 0.329796 0.728512 0.323973 0.728512 0.323973 0.728656 0.329796 0.728339 0.3242 0.728512 0.323973 0.728339 0.3242 0.728511 0.323728 0.728511 0.323728 0.728339 0.3242 0.728337 0.323728 0.728511 0.323728 0.728337 0.323728 0.728152 0.245431 0.728152 0.245431 0.728337 0.323728 0.727979 0.245431 0.728152 0.245431 0.727979 0.245431 0.728286 0.240556 0.728286 0.240556 0.727979 0.245431 0.728112 0.240546 0.728286 0.240556 0.728112 0.240546 0.729077 0.236217 0.729077 0.236217 0.728112 0.240546 0.728903 0.236182 0.729077 0.236217 0.728903 0.236182 0.730875 0.232008 0.730875 0.232008 0.728903 0.236182 0.730701 0.231941 0.730875 0.232008 0.730701 0.231941 0.733487 0.22861 0.733487 0.22861 0.730701 0.231941 0.733319 0.228504 0.733487 0.22861 0.733319 0.228504 0.736741 0.226181 0.736741 0.226181 0.733319 0.228504 0.73658 0.226037 0.736741 0.226181 0.73658 0.226037 0.740394 0.2248899 0.740394 0.2248899 0.73658 0.226037 0.740249 0.224705 0.740394 0.2248899 0.740249 0.224705 0.745045 0.224562 0.745045 0.224562 0.740249 0.224705 0.744856 0.224351 0.745045 0.224562 0.744856 0.224351 0.745247 0.224562 0.745247 0.224562 0.744856 0.224351 0.745246 0.224351 0.745247 0.224562 0.745246 0.224351 0.80974 0.224562 0.80974 0.224562 0.745246 0.224351 0.809739 0.224351 0.80974 0.224562 0.809739 0.224351 0.813756 0.2247509 0.813756 0.2247509 0.809739 0.224351 0.813764 0.2245399 0.813756 0.2247509 0.813764 0.2245399 0.817335 0.225736 0.817335 0.225736 0.813764 0.2245399 0.817363 0.225525 0.817335 0.225736 0.817363 0.225525 0.820812 0.227942 0.820812 0.227942 0.817363 0.225525 0.820866 0.227731 0.820812 0.227942 0.820866 0.227731 0.823625 0.231132 0.823625 0.231132 0.820866 0.227731 0.823712 0.230928 0.823625 0.231132 0.823712 0.230928 0.825644 0.235095 0.825644 0.235095 0.823712 0.230928 0.825762 0.234901 0.825644 0.235095 0.825762 0.234901 0.826728 0.239537 0.826728 0.239537 0.825762 0.234901 0.826879 0.239363 0.826728 0.239537 0.826879 0.239363 0.827024 0.245186 0.827024 0.245186 0.826879 0.239363 0.827196 0.2449589 0.827024 0.245186 0.827196 0.2449589 0.827025 0.245431 0.827025 0.245431 0.827196 0.2449589 0.827199 0.245431 0.485821 0.342246 0.485667 0.419677 0.483209 0.342271 0.483209 0.342271 0.485667 0.419677 0.483055 0.419702 0.493834 0.314399 0.495979 0.314096 0.495658 0.318762 0.493834 0.314399 0.495658 0.318762 0.493514 0.319065 0.493514 0.319065 0.495658 0.318762 0.494906 0.322735 0.493514 0.319065 0.494906 0.322735 0.492761 0.323038 0.492761 0.323038 0.494906 0.322735 0.493458 0.326298 0.492761 0.323038 0.493458 0.326298 0.491314 0.326601 0.483827 0.325892 0.486439 0.325868 0.486169 0.328519 0.483827 0.325892 0.486169 0.328519 0.483556 0.328544 0.483556 0.328544 0.486169 0.328519 0.485972 0.332083 0.483556 0.328544 0.485972 0.332083 0.483359 0.332108 0.483359 0.332108 0.485972 0.332083 0.48586 0.336297 0.483359 0.332108 0.48586 0.336297 0.483248 0.336322 0.483248 0.336322 0.48586 0.336297 0.485822 0.341779 0.483248 0.336322 0.485822 0.341779 0.48321 0.341804 0.48321 0.341804 0.485822 0.341779 0.485821 0.342246 0.48321 0.341804 0.485821 0.342246 0.483209 0.342271 0.499371 0.2385939 0.495979 0.314096 0.497226 0.238897 0.497226 0.238897 0.495979 0.314096 0.493834 0.314399 0.951381 0.005719959 0.948918 0.005700945 0.947718 0.00238496 0.951381 0.005719959 0.947718 0.00238496 0.950182 0.002403974 0.950182 0.002403974 0.947718 0.00238496 0.946447 0 0.950182 0.002403974 0.946447 0 0.94891 1.9e-5 0.491314 0.216882 0.493458 0.216579 0.495791 0.219717 0.491314 0.216882 0.495791 0.219717 0.493646 0.2200199 0.493646 0.2200199 0.495791 0.219717 0.497621 0.223619 0.493646 0.2200199 0.497621 0.223619 0.495476 0.223922 0.495476 0.223922 0.497621 0.223619 0.498862 0.228039 0.495476 0.223922 0.498862 0.228039 0.496717 0.2283419 0.496717 0.2283419 0.498862 0.228039 0.499431 0.232658 0.496717 0.2283419 0.499431 0.232658 0.497286 0.2329609 0.497286 0.2329609 0.499431 0.232658 0.499391 0.238139 0.497286 0.2329609 0.499391 0.238139 0.497246 0.238442 0.497246 0.238442 0.499391 0.238139 0.499371 0.2385939 0.497246 0.238442 0.499371 0.2385939 0.497226 0.238897 0.9674 0.06099694 0.948918 0.005700945 0.969864 0.06101596 0.969864 0.06101596 0.948918 0.005700945 0.951381 0.005719959 0.969673 0.09082698 0.967209 0.09080797 0.968362 0.08721596 0.969673 0.09082698 0.968362 0.08721596 0.970826 0.08723497 0.970826 0.08723497 0.968362 0.08721596 0.9692 0.083431 0.970826 0.08723497 0.9692 0.083431 0.971663 0.08344995 0.971663 0.08344995 0.9692 0.083431 0.969718 0.07886999 0.971663 0.08344995 0.969718 0.07886999 0.972182 0.07888895 0.972182 0.07888895 0.969718 0.07886999 0.969806 0.07417899 0.972182 0.07888895 0.969806 0.07417899 0.97227 0.074198 0.97227 0.074198 0.969806 0.07417899 0.969473 0.06962597 0.97227 0.074198 0.969473 0.06962597 0.971936 0.069646 0.971936 0.069646 0.969473 0.06962597 0.968746 0.06553298 0.971936 0.069646 0.968746 0.06553298 0.97121 0.06555199 0.97121 0.06555199 0.968746 0.06553298 0.967512 0.06132996 0.97121 0.06555199 0.967512 0.06132996 0.969975 0.06134897 0.969975 0.06134897 0.967512 0.06132996 0.9674 0.06099694 0.969975 0.06134897 0.9674 0.06099694 0.969864 0.06101596 0.948018 0.146242 0.967209 0.09080797 0.950481 0.146261 0.950481 0.146261 0.967209 0.09080797 0.969673 0.09082698 0.483055 0.419702 0.485667 0.419677 0.485672 0.424536 0.483055 0.419702 0.485672 0.424536 0.48306 0.424561 0.48306 0.424561 0.485672 0.424536 0.485739 0.428998 0.48306 0.424561 0.485739 0.428998 0.483127 0.429023 0.483127 0.429023 0.485739 0.428998 0.4859 0.433518 0.483127 0.429023 0.4859 0.433518 0.483288 0.433543 0.483288 0.433543 0.4859 0.433518 0.486139 0.437392 0.483288 0.433543 0.486139 0.437392 0.483526 0.437416 0.483526 0.437416 0.486139 0.437392 0.486439 0.44042 0.483526 0.437416 0.486439 0.44042 0.483827 0.440445 0.825762 0.234901 0.827247 0.23488 0.828365 0.239341 0.825762 0.234901 0.828365 0.239341 0.826879 0.239363 0.94891 0.150308 0.946447 0.1502889 0.947902 0.146576 0.94891 0.150308 0.947902 0.146576 0.950365 0.146595 0.950365 0.146595 0.947902 0.146576 0.948018 0.146242 0.950365 0.146595 0.948018 0.146242 0.950481 0.146261 0.825199 0.342658 0.823703 0.340634 0.826818 0.340776 0.826818 0.340776 0.823703 0.340634 0.82632 0.337196 0.826856 0.229101 0.825197 0.230907 0.825297 0.227126 0.825297 0.227126 0.825197 0.230907 0.822351 0.22771 0.733307 0.226459 0.734804 0.228483 0.731689 0.22834 0.731689 0.22834 0.734804 0.228483 0.732187 0.23192 0.821724 0.345371 0.818524 0.346761 0.820441 0.343101 0.820441 0.343101 0.818524 0.346761 0.816773 0.344433 0.731651 0.340016 0.73331 0.33821 0.73321 0.341991 0.73321 0.341991 0.73331 0.33821 0.736156 0.341407 0.739427 0.346374 0.738328 0.345895 0.739658 0.343613 0.739658 0.343613 0.738328 0.345895 0.736073 0.344557 0.739658 0.343613 0.736073 0.344557 0.736156 0.341407 0.736156 0.341407 0.736073 0.344557 0.734673 0.343444 0.736156 0.341407 0.734673 0.343444 0.73321 0.341991 0.830394 0.333253 0.830005 0.334584 0.828118 0.332956 0.828118 0.332956 0.830005 0.334584 0.828915 0.337314 0.828118 0.332956 0.828915 0.337314 0.82632 0.337196 0.82632 0.337196 0.828915 0.337314 0.828007 0.339007 0.82632 0.337196 0.828007 0.339007 0.826818 0.340776 0.829111 0.233335 0.830273 0.237228 0.827247 0.23488 0.827247 0.23488 0.830273 0.237228 0.828365 0.239341 0.81908 0.222743 0.820179 0.223222 0.818848 0.225503 0.818848 0.225503 0.820179 0.223222 0.822434 0.22456 0.818848 0.225503 0.822434 0.22456 0.822351 0.22771 0.822351 0.22771 0.822434 0.22456 0.823833 0.225673 0.822351 0.22771 0.823833 0.225673 0.825297 0.227126 0.736783 0.223745 0.739983 0.222356 0.738066 0.226016 0.738066 0.226016 0.739983 0.222356 0.741734 0.224684 0.739427 0.346374 0.739658 0.343613 0.742124 0.347145 0.742124 0.347145 0.739658 0.343613 0.743258 0.344597 0.742124 0.347145 0.743258 0.344597 0.74275 0.347252 0.74275 0.347252 0.743258 0.344597 0.747295 0.347497 0.747295 0.347497 0.743258 0.344597 0.747283 0.344787 0.747295 0.347497 0.747283 0.344787 0.811788 0.347497 0.811788 0.347497 0.747283 0.344787 0.811776 0.344787 0.811788 0.347497 0.811776 0.344787 0.812165 0.344786 0.825199 0.342658 0.824864 0.342989 0.823703 0.340634 0.823703 0.340634 0.824864 0.342989 0.823408 0.344242 0.823703 0.340634 0.823408 0.344242 0.820441 0.343101 0.820441 0.343101 0.823408 0.344242 0.821848 0.345299 0.820441 0.343101 0.821848 0.345299 0.821724 0.345371 0.826856 0.229101 0.827131 0.22951 0.825197 0.230907 0.825197 0.230907 0.827131 0.22951 0.828171 0.231285 0.825197 0.230907 0.828171 0.231285 0.827247 0.23488 0.827247 0.23488 0.828171 0.231285 0.82905 0.2331849 0.827247 0.23488 0.82905 0.2331849 0.829111 0.233335 0.733307 0.226459 0.733643 0.226128 0.734804 0.228483 0.734804 0.228483 0.733643 0.226128 0.735099 0.224875 0.734804 0.228483 0.735099 0.224875 0.738066 0.226016 0.738066 0.226016 0.735099 0.224875 0.736659 0.223818 0.738066 0.226016 0.736659 0.223818 0.736783 0.223745 0.728113 0.235864 0.728502 0.234533 0.730389 0.23616 0.730389 0.23616 0.728502 0.234533 0.729591 0.231802 0.730389 0.23616 0.729591 0.231802 0.732187 0.23192 0.732187 0.23192 0.729591 0.231802 0.7305 0.230109 0.732187 0.23192 0.7305 0.230109 0.731689 0.22834 0.729396 0.335781 0.728234 0.331889 0.731259 0.334236 0.731259 0.334236 0.728234 0.331889 0.730142 0.329775 0.818524 0.346761 0.817826 0.346953 0.816773 0.344433 0.816773 0.344433 0.817826 0.346953 0.815009 0.347404 0.816773 0.344433 0.815009 0.347404 0.812165 0.344786 0.812165 0.344786 0.815009 0.347404 0.813712 0.347474 0.812165 0.344786 0.813712 0.347474 0.811788 0.347497 0.830394 0.333253 0.828118 0.332956 0.831014 0.329982 0.831014 0.329982 0.828118 0.332956 0.828909 0.328592 0.831014 0.329982 0.828909 0.328592 0.831099 0.329223 0.81908 0.222743 0.818848 0.225503 0.816383 0.221972 0.816383 0.221972 0.818848 0.225503 0.815249 0.224519 0.816383 0.221972 0.815249 0.224519 0.815757 0.2218649 0.731651 0.340016 0.731376 0.339607 0.73331 0.33821 0.73331 0.33821 0.731376 0.339607 0.730336 0.337832 0.73331 0.33821 0.730336 0.337832 0.731259 0.334236 0.731259 0.334236 0.730336 0.337832 0.729457 0.335932 0.731259 0.334236 0.729457 0.335932 0.729396 0.335781 0.728113 0.235864 0.730389 0.23616 0.727493 0.239134 0.727493 0.239134 0.730389 0.23616 0.729598 0.2405239 0.727493 0.239134 0.729598 0.2405239 0.727408 0.239894 0.831099 0.329223 0.828909 0.328592 0.831275 0.323707 0.831275 0.323707 0.828909 0.328592 0.829042 0.323707 0.831275 0.323707 0.829042 0.323707 0.830917 0.24541 0.830917 0.24541 0.829042 0.323707 0.828684 0.24541 0.830917 0.24541 0.828684 0.24541 0.828682 0.244937 0.830273 0.237228 0.830435 0.238076 0.828365 0.239341 0.828365 0.239341 0.830435 0.238076 0.830822 0.241499 0.828365 0.239341 0.830822 0.241499 0.828682 0.244937 0.828682 0.244937 0.830822 0.241499 0.830887 0.243073 0.828682 0.244937 0.830887 0.243073 0.830917 0.24541 0.815757 0.2218649 0.815249 0.224519 0.811212 0.22162 0.811212 0.22162 0.815249 0.224519 0.811224 0.22433 0.811212 0.22162 0.811224 0.22433 0.746719 0.22162 0.746719 0.22162 0.811224 0.22433 0.746731 0.22433 0.746719 0.22162 0.746731 0.22433 0.746342 0.22433 0.739983 0.222356 0.740681 0.222164 0.741734 0.224684 0.741734 0.224684 0.740681 0.222164 0.743498 0.221713 0.741734 0.224684 0.743498 0.221713 0.746342 0.22433 0.746342 0.22433 0.743498 0.221713 0.744795 0.221643 0.746342 0.22433 0.744795 0.221643 0.746719 0.22162 0.727408 0.239894 0.729598 0.2405239 0.727232 0.24541 0.727232 0.24541 0.729598 0.2405239 0.729464 0.24541 0.727232 0.24541 0.729464 0.24541 0.72759 0.323707 0.72759 0.323707 0.729464 0.24541 0.729823 0.323707 0.72759 0.323707 0.729823 0.323707 0.729825 0.324179 0.728234 0.331889 0.728072 0.33104 0.730142 0.329775 0.730142 0.329775 0.728072 0.33104 0.727685 0.327617 0.730142 0.329775 0.727685 0.327617 0.729825 0.324179 0.729825 0.324179 0.727685 0.327617 0.72762 0.326043 0.729825 0.324179 0.72762 0.326043 0.72759 0.323707 0.727135 0.24541 0.727232 0.24541 0.72759 0.323707 0.72759 0.323707 0.727494 0.323707 0.727135 0.24541 0.727135 0.24541 0.727494 0.323707 0.727365 0.323707 0.727135 0.24541 0.727365 0.323707 0.727006 0.245411 0.727006 0.245411 0.727365 0.323707 0.727246 0.323708 0.727006 0.245411 0.727246 0.323708 0.726887 0.245411 0.726887 0.245411 0.727246 0.323708 0.727171 0.323709 0.726887 0.245411 0.727171 0.323709 0.726813 0.245412 0.738165 0.222772 0.739881 0.22214 0.739938 0.222227 0.728502 0.234533 0.728113 0.235864 0.728089 0.235855 0.727493 0.239134 0.727408 0.239894 0.727383 0.23989 0.727383 0.23989 0.727408 0.239894 0.727232 0.24541 0.728089 0.235855 0.728113 0.235864 0.727657 0.237859 0.743472 0.22158 0.745106 0.221619 0.743495 0.221683 0.743495 0.221683 0.745106 0.221619 0.744795 0.221643 0.735085 0.224849 0.733627 0.226104 0.733556 0.226023 0.733556 0.226023 0.733627 0.226104 0.732613 0.227163 0.733556 0.226023 0.732613 0.227163 0.73159 0.22825 0.729591 0.231802 0.728502 0.234533 0.728739 0.233762 0.728739 0.233762 0.728502 0.234533 0.728089 0.235855 0.728739 0.233762 0.728089 0.235855 0.727991 0.235823 0.727991 0.235823 0.728089 0.235855 0.727657 0.237859 0.727991 0.235823 0.727657 0.237859 0.727281 0.2398779 0.728113 0.235864 0.727493 0.239134 0.727657 0.237859 0.727657 0.237859 0.727493 0.239134 0.727383 0.23989 0.727657 0.237859 0.727383 0.23989 0.727281 0.2398779 0.727281 0.2398779 0.727383 0.23989 0.727232 0.24541 0.727281 0.2398779 0.727232 0.24541 0.727135 0.24541 0.736521 0.223618 0.738165 0.222772 0.738229 0.222856 0.738229 0.222856 0.738165 0.222772 0.739938 0.222227 0.738229 0.222856 0.739938 0.222227 0.739976 0.2223269 0.739976 0.2223269 0.739938 0.222227 0.741726 0.221909 0.739976 0.2223269 0.741726 0.221909 0.740681 0.222164 0.740681 0.222164 0.741726 0.221909 0.743498 0.221713 0.728443 0.233662 0.729284 0.231662 0.729376 0.23169 0.729376 0.23169 0.729284 0.231662 0.730356 0.2298769 0.729376 0.23169 0.730356 0.2298769 0.730454 0.22993 0.730454 0.22993 0.730356 0.2298769 0.73159 0.22825 0.730454 0.22993 0.73159 0.22825 0.73167 0.22832 0.73167 0.22832 0.73159 0.22825 0.732613 0.227163 0.7305 0.230109 0.729591 0.231802 0.729569 0.231787 0.729569 0.231787 0.729591 0.231802 0.728739 0.233762 0.729569 0.231787 0.728739 0.233762 0.728644 0.23372 0.728644 0.23372 0.728739 0.233762 0.727991 0.235823 0.728644 0.23372 0.727991 0.235823 0.727881 0.235796 0.727881 0.235796 0.727991 0.235823 0.727281 0.2398779 0.727881 0.235796 0.727281 0.2398779 0.727169 0.239867 0.727169 0.239867 0.727281 0.2398779 0.727135 0.24541 0.727169 0.239867 0.727135 0.24541 0.727006 0.245411 0.739818 0.222086 0.739881 0.22214 0.738097 0.22272 0.738097 0.22272 0.739881 0.22214 0.738165 0.222772 0.738097 0.22272 0.738165 0.222772 0.736449 0.223568 0.736449 0.223568 0.738165 0.222772 0.736521 0.223618 0.736449 0.223568 0.736521 0.223618 0.734867 0.2246389 0.733391 0.2259089 0.734867 0.2246389 0.734944 0.224686 0.734944 0.224686 0.734867 0.2246389 0.736521 0.223618 0.734944 0.224686 0.736521 0.223618 0.736593 0.223698 0.736593 0.223698 0.736521 0.223618 0.738229 0.222856 0.736593 0.223698 0.738229 0.222856 0.738275 0.222953 0.738275 0.222953 0.738229 0.222856 0.739976 0.2223269 0.738275 0.222953 0.739976 0.2223269 0.739983 0.222356 0.739983 0.222356 0.739976 0.2223269 0.740681 0.222164 0.730267 0.229844 0.73141 0.228152 0.731496 0.22819 0.731496 0.22819 0.73141 0.228152 0.733391 0.2259089 0.731496 0.22819 0.733391 0.2259089 0.733472 0.225953 0.733472 0.225953 0.733391 0.2259089 0.734944 0.224686 0.733472 0.225953 0.734944 0.224686 0.735022 0.224762 0.735022 0.224762 0.734944 0.224686 0.736593 0.223698 0.735022 0.224762 0.736593 0.223698 0.736648 0.223791 0.736648 0.223791 0.736593 0.223698 0.738275 0.222953 0.736648 0.223791 0.738275 0.222953 0.736783 0.223745 0.736783 0.223745 0.738275 0.222953 0.739983 0.222356 0.729284 0.231662 0.730267 0.229844 0.730356 0.2298769 0.730356 0.2298769 0.730267 0.229844 0.731496 0.22819 0.730356 0.2298769 0.731496 0.22819 0.73159 0.22825 0.73159 0.22825 0.731496 0.22819 0.733472 0.225953 0.73159 0.22825 0.733472 0.225953 0.733556 0.226023 0.733556 0.226023 0.733472 0.225953 0.735022 0.224762 0.733556 0.226023 0.735022 0.224762 0.735085 0.224849 0.735085 0.224849 0.735022 0.224762 0.736648 0.223791 0.727785 0.23578 0.728443 0.233662 0.728538 0.233684 0.728538 0.233684 0.728443 0.233662 0.729376 0.23169 0.728538 0.233684 0.729376 0.23169 0.729479 0.231735 0.729479 0.231735 0.729376 0.23169 0.730454 0.22993 0.729479 0.231735 0.730454 0.22993 0.73054 0.229991 0.73054 0.229991 0.730454 0.22993 0.73167 0.22832 0.73054 0.229991 0.73167 0.22832 0.731689 0.22834 0.731689 0.22834 0.73167 0.22832 0.732613 0.227163 0.731689 0.22834 0.732613 0.227163 0.733307 0.226459 0.733307 0.226459 0.732613 0.227163 0.733627 0.226104 0.733307 0.226459 0.733627 0.226104 0.733643 0.226128 0.733643 0.226128 0.733627 0.226104 0.735085 0.224849 0.733643 0.226128 0.735085 0.224849 0.735099 0.224875 0.735099 0.224875 0.735085 0.224849 0.736648 0.223791 0.735099 0.224875 0.736648 0.223791 0.736659 0.223818 0.736659 0.223818 0.736648 0.223791 0.736783 0.223745 0.731689 0.22834 0.7305 0.230109 0.73054 0.229991 0.73054 0.229991 0.7305 0.230109 0.729569 0.231787 0.73054 0.229991 0.729569 0.231787 0.729479 0.231735 0.729479 0.231735 0.729569 0.231787 0.728644 0.23372 0.729479 0.231735 0.728644 0.23372 0.728538 0.233684 0.728538 0.233684 0.728644 0.23372 0.727881 0.235796 0.728538 0.233684 0.727881 0.235796 0.727785 0.23578 0.727785 0.23578 0.727881 0.235796 0.727169 0.239867 0.727785 0.23578 0.727169 0.239867 0.727071 0.239861 0.727071 0.239861 0.727169 0.239867 0.727006 0.245411 0.727071 0.239861 0.727006 0.245411 0.726887 0.245411 0.966167 0.286506 0.96506 0.283128 0.966102 0.285971 0.966102 0.285971 0.96506 0.283128 0.965154 0.283141 0.416963 0.216579 0.418827 0.218109 0.416871 0.216617 0.416871 0.216617 0.418827 0.218109 0.418714 0.218155 0.743428 0.221491 0.746668 0.221408 0.743472 0.22158 0.743472 0.22158 0.746668 0.221408 0.746708 0.221516 0.743472 0.22158 0.746708 0.221516 0.745106 0.221619 0.745106 0.221619 0.746708 0.221516 0.746719 0.22162 0.745106 0.221619 0.746719 0.22162 0.744795 0.221643 0.744795 0.221643 0.743498 0.221713 0.743495 0.221683 0.743495 0.221683 0.743498 0.221713 0.741726 0.221909 0.743495 0.221683 0.741726 0.221909 0.743472 0.22158 0.489972 0.25239 0.489947 0.250586 0.489972 0.248796 0.743472 0.22158 0.739938 0.222227 0.743428 0.221491 0.743428 0.221491 0.739938 0.222227 0.739881 0.22214 0.743428 0.221491 0.739881 0.22214 0.743373 0.221435 0.743373 0.221435 0.739881 0.22214 0.739818 0.222086 0.743373 0.221435 0.739818 0.222086 0.742715 0.221471 0.966167 0.286506 0.96701 0.289471 0.966911 0.289461 0.966911 0.289461 0.96701 0.289471 0.96712 0.290504 0.96712 0.290504 0.96701 0.289471 0.967374 0.291393 0.96712 0.290504 0.967374 0.291393 0.967276 0.291385 0.967276 0.291385 0.967374 0.291393 0.967667 0.293406 0.967276 0.291385 0.967667 0.293406 0.967754 0.295106 0.967754 0.295106 0.967667 0.293406 0.967887 0.295522 0.967754 0.295106 0.967887 0.295522 0.967932 0.297689 0.967932 0.297689 0.967887 0.295522 0.96803 0.297691 0.967932 0.297689 0.96803 0.297691 0.967998 0.300115 0.731829 0.22751 0.733391 0.2259089 0.73141 0.228152 0.967998 0.300115 0.968095 0.300985 0.967998 0.300986 0.967998 0.300986 0.968095 0.300985 0.96804 0.303171 0.967998 0.300986 0.96804 0.303171 0.967869 0.304508 0.72956 0.230946 0.730267 0.229844 0.729284 0.231662 0.967869 0.304508 0.967907 0.30531 0.96781 0.305315 0.96781 0.305315 0.967907 0.30531 0.967689 0.307457 0.96781 0.305315 0.967689 0.307457 0.967381 0.308986 0.727867 0.235186 0.728443 0.233662 0.727785 0.23578 0.967381 0.308986 0.967389 0.309534 0.967291 0.309544 0.967291 0.309544 0.967389 0.309534 0.966646 0.313061 0.727706 0.235774 0.727071 0.239861 0.726996 0.239816 0.726996 0.239816 0.727071 0.239861 0.726887 0.245411 0.726996 0.239816 0.726887 0.245411 0.726813 0.245412 0.811212 0.22162 0.746719 0.22162 0.746708 0.221516 0.811212 0.22162 0.746708 0.221516 0.811201 0.221516 0.811201 0.221516 0.746708 0.221516 0.746668 0.221408 0.811201 0.221516 0.746668 0.221408 0.811161 0.221408 0.455077 0.250349 0.418714 0.218155 0.418827 0.218109 0.455077 0.250349 0.418827 0.218109 0.45519 0.250303 0.945929 0.228099 0.965154 0.283141 0.96506 0.283128 0.945929 0.228099 0.96506 0.283128 0.945835 0.2280859 0.460761 0.271946 0.460316 0.27408 0.460213 0.274053 0.820179 0.223222 0.81908 0.222743 0.819087 0.222714 0.816383 0.221972 0.815757 0.2218649 0.815759 0.221835 0.815759 0.221835 0.815757 0.2218649 0.811212 0.22162 0.819087 0.222714 0.81908 0.222743 0.817433 0.2221789 0.458994 0.278176 0.458257 0.279917 0.45892 0.278135 0.830846 0.241497 0.830908 0.243452 0.830887 0.243073 0.461067 0.267647 0.461113 0.265535 0.461198 0.265515 0.461198 0.265515 0.461113 0.265535 0.461058 0.263989 0.461198 0.265515 0.461058 0.263989 0.461012 0.262444 0.822434 0.22456 0.820179 0.223222 0.820814 0.223515 0.489948 0.218302 0.489946 0.217667 0.489948 0.216579 0.820814 0.223515 0.819087 0.222714 0.819095 0.222616 0.819095 0.222616 0.819087 0.222714 0.817433 0.2221789 0.459055 0.255368 0.45824 0.254134 0.457485 0.252907 0.81908 0.222743 0.816383 0.221972 0.817433 0.2221789 0.817433 0.2221789 0.816383 0.221972 0.815759 0.221835 0.817433 0.2221789 0.815759 0.221835 0.815752 0.221732 0.815752 0.221732 0.815759 0.221835 0.811212 0.22162 0.815752 0.221732 0.811212 0.22162 0.811201 0.221516 0.461076 0.269802 0.460761 0.271946 0.460656 0.271928 0.460656 0.271928 0.460761 0.271946 0.460213 0.274053 0.460656 0.271928 0.460213 0.274053 0.460133 0.274029 0.460133 0.274029 0.460213 0.274053 0.459575 0.276112 0.460133 0.274029 0.459575 0.276112 0.459905 0.274865 0.830435 0.238076 0.83065 0.2393479 0.830822 0.241499 0.459952 0.256885 0.460516 0.258634 0.460411 0.258651 0.460411 0.258651 0.460516 0.258634 0.460829 0.260475 0.460411 0.258651 0.460829 0.260475 0.460723 0.260507 0.460723 0.260507 0.460829 0.260475 0.461012 0.262444 0.460723 0.260507 0.461012 0.262444 0.460928 0.262479 0.460928 0.262479 0.461012 0.262444 0.461058 0.263989 0.823833 0.225673 0.822434 0.22456 0.822446 0.224534 0.822446 0.224534 0.822434 0.22456 0.820814 0.223515 0.822446 0.224534 0.820814 0.223515 0.820831 0.223421 0.820831 0.223421 0.820814 0.223515 0.819095 0.222616 0.459747 0.256956 0.459055 0.255368 0.459154 0.255313 0.459154 0.255313 0.459055 0.255368 0.457485 0.252907 0.459154 0.255313 0.457485 0.252907 0.457577 0.252842 0.815722 0.221644 0.815752 0.221732 0.811201 0.221516 0.815722 0.221644 0.811201 0.221516 0.811161 0.221408 0.460421 0.274105 0.460316 0.27408 0.460867 0.271965 0.460867 0.271965 0.460316 0.27408 0.460761 0.271946 0.460867 0.271965 0.460761 0.271946 0.461182 0.269815 0.461182 0.269815 0.460761 0.271946 0.461076 0.269802 0.461182 0.269815 0.461076 0.269802 0.461366 0.267644 0.461412 0.265506 0.461366 0.267644 0.461259 0.267637 0.461259 0.267637 0.461366 0.267644 0.461076 0.269802 0.461259 0.267637 0.461076 0.269802 0.460969 0.269793 0.460969 0.269793 0.461076 0.269802 0.460656 0.271928 0.460969 0.269793 0.460656 0.271928 0.460574 0.271915 0.460574 0.271915 0.460656 0.271928 0.460133 0.274029 0.82977 0.235153 0.830296 0.237221 0.830273 0.237228 0.830273 0.237228 0.830296 0.237221 0.830435 0.238076 0.460934 0.260462 0.461226 0.262413 0.461119 0.26242 0.461119 0.26242 0.461226 0.262413 0.461412 0.265506 0.461119 0.26242 0.461412 0.265506 0.461305 0.265505 0.461305 0.265505 0.461412 0.265506 0.461259 0.267637 0.461305 0.265505 0.461259 0.267637 0.461151 0.267638 0.461151 0.267638 0.461259 0.267637 0.460969 0.269793 0.461151 0.267638 0.460969 0.269793 0.460885 0.269791 0.460885 0.269791 0.460969 0.269793 0.460574 0.271915 0.829071 0.2331719 0.82977 0.235153 0.829111 0.233335 0.829111 0.233335 0.82977 0.235153 0.830273 0.237228 0.460516 0.258634 0.460934 0.260462 0.460829 0.260475 0.460829 0.260475 0.460934 0.260462 0.461119 0.26242 0.460829 0.260475 0.461119 0.26242 0.461012 0.262444 0.461012 0.262444 0.461119 0.26242 0.461305 0.265505 0.461012 0.262444 0.461305 0.265505 0.461198 0.265515 0.461198 0.265515 0.461305 0.265505 0.461151 0.267638 0.461198 0.265515 0.461151 0.267638 0.461067 0.267647 0.461067 0.267647 0.461151 0.267638 0.460885 0.269791 0.459255 0.255286 0.459952 0.256885 0.459849 0.256908 0.459849 0.256908 0.459952 0.256885 0.460411 0.258651 0.459849 0.256908 0.460411 0.258651 0.460307 0.258692 0.460307 0.258692 0.460411 0.258651 0.460723 0.260507 0.460307 0.258692 0.460723 0.260507 0.460641 0.260552 0.460641 0.260552 0.460723 0.260507 0.460928 0.262479 0.82393 0.225723 0.825313 0.227104 0.825297 0.227126 0.825297 0.227126 0.825313 0.227104 0.826271 0.228255 0.825297 0.227126 0.826271 0.228255 0.826856 0.229101 0.826856 0.229101 0.826271 0.228255 0.827149 0.2294909 0.826856 0.229101 0.827149 0.2294909 0.827131 0.22951 0.827131 0.22951 0.827149 0.2294909 0.828191 0.231269 0.827131 0.22951 0.828191 0.231269 0.828171 0.231285 0.828171 0.231285 0.828191 0.231269 0.829071 0.2331719 0.828171 0.231285 0.829071 0.2331719 0.82905 0.2331849 0.82905 0.2331849 0.829071 0.2331719 0.829111 0.233335 0.825297 0.227126 0.823833 0.225673 0.82393 0.225723 0.82393 0.225723 0.823833 0.225673 0.822446 0.224534 0.460641 0.260552 0.460227 0.258746 0.460307 0.258692 0.822472 0.224445 0.822446 0.224534 0.820831 0.223421 0.460307 0.258692 0.459747 0.256956 0.459849 0.256908 0.459849 0.256908 0.459747 0.256956 0.459154 0.255313 0.459849 0.256908 0.459154 0.255313 0.459255 0.255286 0.459255 0.255286 0.459154 0.255313 0.457577 0.252842 0.459255 0.255286 0.457577 0.252842 0.457674 0.252809 0.457674 0.252809 0.457577 0.252842 0.455077 0.250349 0.457674 0.252809 0.455077 0.250349 0.45519 0.250303 0.459525 0.277605 0.457948 0.281846 0.459195 0.278252 0.459195 0.278252 0.457948 0.281846 0.457855 0.281822 0.459195 0.278252 0.457855 0.281822 0.459093 0.278218 0.459093 0.278218 0.457855 0.281822 0.457734 0.281777 0.459093 0.278218 0.457734 0.281777 0.458994 0.278176 0.458994 0.278176 0.457734 0.281777 0.457627 0.281721 0.458994 0.278176 0.457627 0.281721 0.458257 0.279917 0.830908 0.243452 0.830992 0.24541 0.830917 0.24541 0.830908 0.243452 0.830917 0.24541 0.830887 0.243073 0.830887 0.243073 0.830822 0.241499 0.830846 0.241497 0.830846 0.241497 0.830822 0.241499 0.83065 0.2393479 0.45892 0.278135 0.459575 0.276112 0.458994 0.278176 0.458994 0.278176 0.459575 0.276112 0.460213 0.274053 0.458994 0.278176 0.460213 0.274053 0.459093 0.278218 0.459093 0.278218 0.460213 0.274053 0.460316 0.27408 0.459093 0.278218 0.460316 0.27408 0.459195 0.278252 0.459195 0.278252 0.460316 0.27408 0.460421 0.274105 0.459195 0.278252 0.460421 0.274105 0.459525 0.277605 0.459525 0.277605 0.460421 0.274105 0.460522 0.274126 0.460522 0.274126 0.460421 0.274105 0.460783 0.272953 0.460783 0.272953 0.460421 0.274105 0.460867 0.271965 0.460783 0.272953 0.460867 0.271965 0.460968 0.271984 0.460968 0.271984 0.460867 0.271965 0.461182 0.269815 0.48999 0.216579 0.490114 0.218666 0.48999 0.2203969 0.461443 0.268074 0.461182 0.269815 0.461366 0.267644 0.461443 0.268074 0.461366 0.267644 0.461514 0.265518 0.461514 0.265518 0.461366 0.267644 0.461412 0.265506 0.461514 0.265518 0.461412 0.265506 0.461406 0.263222 0.461406 0.263222 0.461412 0.265506 0.461226 0.262413 0.461406 0.263222 0.461226 0.262413 0.461328 0.262422 0.461328 0.262422 0.461226 0.262413 0.460934 0.260462 0.490916 0.252568 0.491009 0.25445 0.490916 0.255672 0.460791 0.259319 0.460934 0.260462 0.460516 0.258634 0.460791 0.259319 0.460516 0.258634 0.460617 0.258639 0.460617 0.258639 0.460516 0.258634 0.459952 0.256885 0.490764 0.250419 0.490865 0.252246 0.490764 0.253665 0.459558 0.255708 0.459952 0.256885 0.459255 0.255286 0.459558 0.255708 0.459255 0.255286 0.459355 0.255287 0.459355 0.255287 0.459255 0.255286 0.457674 0.252809 0.459355 0.255287 0.457674 0.252809 0.457791 0.252832 0.944402 0.224332 0.944514 0.2243739 0.945929 0.228099 0.944402 0.224332 0.945929 0.228099 0.945835 0.2280859 0.831275 0.323707 0.830917 0.24541 0.830992 0.24541 0.831275 0.323707 0.830992 0.24541 0.83135 0.323707 0.429933 0.352042 0.457627 0.281721 0.457734 0.281777 0.429933 0.352042 0.457734 0.281777 0.43004 0.352097 0.43004 0.352097 0.457734 0.281777 0.457855 0.281822 0.43004 0.352097 0.457855 0.281822 0.43016 0.352143 0.43016 0.352143 0.457855 0.281822 0.457948 0.281846 0.43016 0.352143 0.457948 0.281846 0.430254 0.352167 0.82023 0.346346 0.818513 0.346978 0.818534 0.34689 0.830005 0.334584 0.830394 0.333253 0.830416 0.333262 0.831014 0.329982 0.831099 0.329223 0.831122 0.329226 0.831122 0.329226 0.831099 0.329223 0.831275 0.323707 0.830416 0.333262 0.830394 0.333253 0.830848 0.331257 0.814999 0.347537 0.813401 0.347497 0.81501 0.347433 0.81501 0.347433 0.813401 0.347497 0.813712 0.347474 0.82342 0.344267 0.824879 0.343012 0.824915 0.343094 0.824915 0.343094 0.824879 0.343012 0.825892 0.341953 0.419411 0.366203 0.420335 0.365656 0.421313 0.365189 0.828915 0.337314 0.830005 0.334584 0.829766 0.335354 0.42487 0.361678 0.425278 0.361106 0.425982 0.360128 0.42487 0.361678 0.425982 0.360128 0.426041 0.360202 0.426041 0.360202 0.425982 0.360128 0.42694 0.358548 0.426041 0.360202 0.42694 0.358548 0.427885 0.356924 0.830394 0.333253 0.831014 0.329982 0.830848 0.331257 0.830848 0.331257 0.831014 0.329982 0.831122 0.329226 0.42694 0.358548 0.427818 0.356865 0.427885 0.356924 0.427885 0.356924 0.427818 0.356865 0.429869 0.351996 0.83119 0.32924 0.831275 0.323707 0.83135 0.323707 0.821873 0.3455 0.82023 0.346346 0.820243 0.346261 0.820243 0.346261 0.82023 0.346346 0.818534 0.34689 0.820243 0.346261 0.818534 0.34689 0.818529 0.346789 0.818529 0.346789 0.818534 0.34689 0.816779 0.347208 0.818529 0.346789 0.816779 0.347208 0.817826 0.346953 0.817826 0.346953 0.816779 0.347208 0.815009 0.347404 0.425093 0.361893 0.423907 0.363265 0.423821 0.363205 0.423821 0.363205 0.423907 0.363265 0.422622 0.36434 0.423821 0.363205 0.422622 0.36434 0.422552 0.364251 0.422552 0.364251 0.422622 0.36434 0.421313 0.365189 0.828017 0.339187 0.826882 0.340867 0.826835 0.340796 0.826835 0.340796 0.826882 0.340867 0.825892 0.341953 0.828007 0.339007 0.828915 0.337314 0.828936 0.33733 0.828936 0.33733 0.828915 0.337314 0.829766 0.335354 0.423698 0.363033 0.42487 0.361678 0.424923 0.361759 0.424923 0.361759 0.42487 0.361678 0.426041 0.360202 0.424923 0.361759 0.426041 0.360202 0.426126 0.360272 0.426126 0.360272 0.426041 0.360202 0.427885 0.356924 0.426126 0.360272 0.427885 0.356924 0.427978 0.356981 0.427978 0.356981 0.427885 0.356924 0.429933 0.352042 0.427978 0.356981 0.429933 0.352042 0.43004 0.352097 0.999527 0.109973 0.999614 0.109951 0.999471 0.111949 0.999471 0.111949 0.999614 0.109951 0.999558 0.111921 0.999471 0.111949 0.999558 0.111921 0.999399 0.113806 0.999399 0.113806 0.999558 0.111921 0.999486 0.113773 0.999399 0.113806 0.999486 0.113773 0.99931 0.115552 0.999206 0.117143 0.99931 0.115552 0.999397 0.115515 0.999397 0.115515 0.99931 0.115552 0.999486 0.113773 0.418186 0.3667 0.416916 0.366869 0.416871 0.36677 0.821879 0.345419 0.821873 0.3455 0.820243 0.346261 0.821879 0.345419 0.820243 0.346261 0.82023 0.346163 0.82023 0.346163 0.820243 0.346261 0.818529 0.346789 0.82023 0.346163 0.818529 0.346789 0.818524 0.346761 0.818524 0.346761 0.818529 0.346789 0.817826 0.346953 0.422705 0.364403 0.421458 0.365347 0.421378 0.365282 0.421378 0.365282 0.421458 0.365347 0.419542 0.366368 0.421378 0.365282 0.419542 0.366368 0.419467 0.3663 0.999293 0.117101 0.999206 0.117143 0.999397 0.115515 0.419467 0.3663 0.418186 0.3667 0.418135 0.366601 0.418135 0.366601 0.418186 0.3667 0.416871 0.36677 0.823449 0.344355 0.821879 0.345419 0.821858 0.345325 0.821858 0.345325 0.821879 0.345419 0.82023 0.346163 0.821858 0.345325 0.82023 0.346163 0.821724 0.345371 0.821724 0.345371 0.82023 0.346163 0.818524 0.346761 0.423907 0.363265 0.422705 0.364403 0.422622 0.36434 0.422622 0.36434 0.422705 0.364403 0.421378 0.365282 0.422622 0.36434 0.421378 0.365282 0.421313 0.365189 0.421313 0.365189 0.421378 0.365282 0.419467 0.3663 0.421313 0.365189 0.419467 0.3663 0.419411 0.366203 0.419411 0.366203 0.419467 0.3663 0.418135 0.366601 0.824915 0.343094 0.823449 0.344355 0.82342 0.344267 0.82342 0.344267 0.823449 0.344355 0.821858 0.345325 0.426219 0.360324 0.425093 0.361893 0.425004 0.361837 0.425004 0.361837 0.425093 0.361893 0.423821 0.363205 0.425004 0.361837 0.423821 0.363205 0.423745 0.363121 0.423745 0.363121 0.423821 0.363205 0.422552 0.364251 0.423745 0.363121 0.422552 0.364251 0.422511 0.364157 0.827965 0.339125 0.828017 0.339187 0.826835 0.340796 0.827965 0.339125 0.826835 0.340796 0.826818 0.340776 0.826818 0.340776 0.826835 0.340796 0.825892 0.341953 0.826818 0.340776 0.825892 0.341953 0.825199 0.342658 0.825199 0.342658 0.825892 0.341953 0.824879 0.343012 0.825199 0.342658 0.824879 0.343012 0.824864 0.342989 0.824864 0.342989 0.824879 0.343012 0.82342 0.344267 0.824864 0.342989 0.82342 0.344267 0.823408 0.344242 0.823408 0.344242 0.82342 0.344267 0.821858 0.345325 0.823408 0.344242 0.821858 0.345325 0.821848 0.345299 0.821848 0.345299 0.821858 0.345325 0.821724 0.345371 0.826818 0.340776 0.828007 0.339007 0.827965 0.339125 0.827965 0.339125 0.828007 0.339007 0.828936 0.33733 0.422511 0.364157 0.423698 0.363033 0.423745 0.363121 0.423745 0.363121 0.423698 0.363033 0.424923 0.361759 0.423745 0.363121 0.424923 0.361759 0.425004 0.361837 0.425004 0.361837 0.424923 0.361759 0.426126 0.360272 0.425004 0.361837 0.426126 0.360272 0.426219 0.360324 0.426219 0.360324 0.426126 0.360272 0.427978 0.356981 0.426219 0.360324 0.427978 0.356981 0.428076 0.357025 0.428076 0.357025 0.427978 0.356981 0.43004 0.352097 0.428076 0.357025 0.43004 0.352097 0.43016 0.352143 0.999477 0.106509 0.999506 0.101929 0.999593 0.105797 0.999593 0.105797 0.999506 0.101929 0.999608 0.101926 0.999593 0.105797 0.999608 0.101926 0.999679 0.105785 0.999679 0.105785 0.999608 0.101926 0.999711 0.101914 0.814966 0.347628 0.811739 0.347711 0.814999 0.347537 0.814999 0.347537 0.811739 0.347711 0.811778 0.347601 0.814999 0.347537 0.811778 0.347601 0.813401 0.347497 0.813401 0.347497 0.811778 0.347601 0.811788 0.347497 0.813401 0.347497 0.811788 0.347497 0.813712 0.347474 0.813712 0.347474 0.815009 0.347404 0.81501 0.347433 0.81501 0.347433 0.815009 0.347404 0.816779 0.347208 0.81501 0.347433 0.816779 0.347208 0.814999 0.347537 0.489947 0.241644 0.489976 0.243713 0.489947 0.245796 0.814999 0.347537 0.818534 0.34689 0.814966 0.347628 0.814966 0.347628 0.818534 0.34689 0.818513 0.346978 0.999679 0.105785 0.999614 0.109951 0.999593 0.105797 0.999593 0.105797 0.999614 0.109951 0.999527 0.109973 0.999593 0.105797 0.999527 0.109973 0.999477 0.106509 0.999477 0.106509 0.999527 0.109973 0.999418 0.109982 0.999418 0.109982 0.999527 0.109973 0.999389 0.11108 0.999389 0.11108 0.999527 0.109973 0.999471 0.111949 0.999389 0.11108 0.999471 0.111949 0.999362 0.111959 0.999362 0.111959 0.999471 0.111949 0.999399 0.113806 0.999362 0.111959 0.999399 0.113806 0.999219 0.115243 0.999219 0.115243 0.999399 0.113806 0.99931 0.115552 0.999219 0.115243 0.99931 0.115552 0.999097 0.117159 0.999097 0.117159 0.99931 0.115552 0.999206 0.117143 0.999097 0.117159 0.999206 0.117143 0.998966 0.118716 0.421047 0.365701 0.419542 0.366368 0.421458 0.365347 0.998966 0.118716 0.999025 0.1192 0.998916 0.119219 0.42155 0.365384 0.421458 0.365347 0.422705 0.364403 0.490335 0.2422749 0.490233 0.240212 0.490335 0.238981 0.42355 0.363754 0.422705 0.364403 0.423907 0.363265 0.42355 0.363754 0.423907 0.363265 0.424002 0.363299 0.424002 0.363299 0.423907 0.363265 0.425093 0.361893 0.490111 0.228011 0.48999 0.225822 0.490111 0.224242 0.426016 0.360802 0.425093 0.361893 0.426219 0.360324 0.426016 0.360802 0.426219 0.360324 0.426316 0.360355 0.426316 0.360355 0.426219 0.360324 0.428076 0.357025 0.426316 0.360355 0.428076 0.357025 0.428156 0.357089 0.428156 0.357089 0.428076 0.357025 0.43016 0.352143 0.428156 0.357089 0.43016 0.352143 0.430254 0.352167 0.747295 0.347497 0.811788 0.347497 0.811778 0.347601 0.747295 0.347497 0.811778 0.347601 0.747285 0.347601 0.747285 0.347601 0.811778 0.347601 0.811739 0.347711 0.747285 0.347601 0.811739 0.347711 0.747246 0.347711 1 0.02448397 0.999711 0.101914 0.999608 0.101926 1 0.02448397 0.999608 0.101926 0.999897 0.02449595 0.999897 0.02449595 0.999608 0.101926 0.999506 0.101929 0.999897 0.02449595 0.999506 0.101929 0.999795 0.02449899 0.728529 0.334031 0.727999 0.331943 0.72811 0.331921 0.738328 0.345895 0.739427 0.346374 0.739419 0.346402 0.742124 0.347145 0.74275 0.347252 0.742747 0.347282 0.742747 0.347282 0.74275 0.347252 0.747295 0.347497 0.739419 0.346402 0.739427 0.346374 0.741072 0.346938 0.727557 0.327627 0.727599 0.325665 0.72766 0.327619 0.72766 0.327619 0.727599 0.325665 0.72762 0.326043 0.730314 0.337848 0.731356 0.339625 0.731273 0.33969 0.731273 0.33969 0.731356 0.339625 0.732234 0.340862 0.731273 0.33969 0.732234 0.340862 0.733118 0.34209 0.736073 0.344557 0.738328 0.345895 0.737691 0.345601 0.489947 0.220491 0.489946 0.219685 0.489947 0.218302 0.737691 0.345601 0.739419 0.346402 0.739376 0.346501 0.739376 0.346501 0.739419 0.346402 0.741072 0.346938 0.490367 0.24374 0.490338 0.241661 0.490367 0.239599 0.739427 0.346374 0.742124 0.347145 0.741072 0.346938 0.741072 0.346938 0.742124 0.347145 0.742747 0.347282 0.741072 0.346938 0.742747 0.347282 0.74272 0.347385 0.74272 0.347385 0.742747 0.347282 0.747295 0.347497 0.74272 0.347385 0.747295 0.347497 0.747285 0.347601 0.729235 0.33603 0.728529 0.334031 0.728638 0.334 0.728638 0.334 0.728529 0.334031 0.72811 0.331921 0.728638 0.334 0.72811 0.331921 0.72821 0.331896 0.72821 0.331896 0.72811 0.331921 0.727855 0.329769 0.72821 0.331896 0.727855 0.329769 0.728072 0.33104 0.728072 0.33104 0.727855 0.329769 0.727685 0.327617 0.999798 0.01258599 0.999726 0.01045596 0.999813 0.01047599 0.999813 0.01047599 0.999726 0.01045596 0.999728 0.008504986 0.735924 0.34475 0.734425 0.34355 0.734508 0.343477 0.734508 0.343477 0.734425 0.34355 0.733118 0.34209 0.734508 0.343477 0.733118 0.34209 0.733192 0.342013 0.733192 0.342013 0.733118 0.34209 0.732234 0.340862 0.734673 0.343444 0.736073 0.344557 0.73606 0.344582 0.73606 0.344582 0.736073 0.344557 0.737691 0.345601 0.73606 0.344582 0.737691 0.345601 0.73764 0.345696 0.73764 0.345696 0.737691 0.345601 0.739376 0.346501 0.73764 0.345696 0.739376 0.346501 0.739315 0.346588 0.739315 0.346588 0.739376 0.346501 0.74272 0.347385 0.739315 0.346588 0.74272 0.347385 0.742672 0.347475 0.742672 0.347475 0.74272 0.347385 0.747285 0.347601 0.742672 0.347475 0.747285 0.347601 0.747246 0.347711 0.727903 0.331958 0.727999 0.331943 0.728434 0.334051 0.728434 0.334051 0.727999 0.331943 0.728529 0.334031 0.728434 0.334051 0.728529 0.334031 0.729142 0.336056 0.729142 0.336056 0.728529 0.334031 0.729235 0.33603 0.729142 0.336056 0.729235 0.33603 0.730033 0.337983 0.731088 0.339782 0.730033 0.337983 0.730124 0.337952 0.730124 0.337952 0.730033 0.337983 0.729235 0.33603 0.730124 0.337952 0.729235 0.33603 0.729341 0.33599 0.729341 0.33599 0.729235 0.33603 0.728638 0.334 0.729341 0.33599 0.728638 0.334 0.728735 0.333964 0.728735 0.333964 0.728638 0.334 0.72821 0.331896 0.728735 0.333964 0.72821 0.331896 0.728234 0.331889 0.728234 0.331889 0.72821 0.331896 0.728072 0.33104 0.734346 0.343597 0.732946 0.342199 0.733029 0.342156 0.733029 0.342156 0.732946 0.342199 0.731088 0.339782 0.733029 0.342156 0.731088 0.339782 0.731176 0.339746 0.731176 0.339746 0.731088 0.339782 0.730124 0.337952 0.731176 0.339746 0.730124 0.337952 0.730225 0.337903 0.730225 0.337903 0.730124 0.337952 0.729341 0.33599 0.730225 0.337903 0.729341 0.33599 0.729434 0.335945 0.729434 0.335945 0.729341 0.33599 0.728735 0.333964 0.729434 0.335945 0.728735 0.333964 0.729396 0.335781 0.729396 0.335781 0.728735 0.333964 0.728234 0.331889 0.999726 0.01045596 0.999641 0.008478999 0.999728 0.008504986 0.734425 0.34355 0.734346 0.343597 0.733029 0.342156 0.734425 0.34355 0.733029 0.342156 0.733118 0.34209 0.733118 0.34209 0.733029 0.342156 0.731176 0.339746 0.733118 0.34209 0.731176 0.339746 0.731273 0.33969 0.731273 0.33969 0.731176 0.339746 0.730225 0.337903 0.731273 0.33969 0.730225 0.337903 0.730314 0.337848 0.730314 0.337848 0.730225 0.337903 0.729434 0.335945 0.999852 0.01480096 0.999798 0.01258599 0.999885 0.01260095 0.999885 0.01260095 0.999798 0.01258599 0.999813 0.01047599 0.737571 0.345779 0.735924 0.34475 0.736 0.344672 0.736 0.344672 0.735924 0.34475 0.734508 0.343477 0.736 0.344672 0.734508 0.343477 0.734575 0.343394 0.734575 0.343394 0.734508 0.343477 0.733192 0.342013 0.734575 0.343394 0.733192 0.342013 0.73321 0.341991 0.73321 0.341991 0.733192 0.342013 0.732234 0.340862 0.73321 0.341991 0.732234 0.340862 0.731651 0.340016 0.731651 0.340016 0.732234 0.340862 0.731356 0.339625 0.731651 0.340016 0.731356 0.339625 0.731376 0.339607 0.731376 0.339607 0.731356 0.339625 0.730314 0.337848 0.731376 0.339607 0.730314 0.337848 0.730336 0.337832 0.730336 0.337832 0.730314 0.337848 0.729434 0.335945 0.730336 0.337832 0.729434 0.335945 0.729457 0.335932 0.729457 0.335932 0.729434 0.335945 0.729396 0.335781 0.73321 0.341991 0.734673 0.343444 0.734575 0.343394 0.734575 0.343394 0.734673 0.343444 0.73606 0.344582 0.734575 0.343394 0.73606 0.344582 0.736 0.344672 0.736 0.344672 0.73606 0.344582 0.73764 0.345696 0.736 0.344672 0.73764 0.345696 0.737571 0.345779 0.737571 0.345779 0.73764 0.345696 0.739315 0.346588 0.999885 0.01260095 0.999939 0.01480996 0.999852 0.01480096 0.999852 0.01480096 0.999939 0.01480996 0.999991 0.01896697 0.999852 0.01480096 0.999991 0.01896697 0.999905 0.01896899 0.999905 0.01896899 0.999991 0.01896697 1 0.02448397 0.999905 0.01896899 1 0.02448397 0.999897 0.02449595 0.945723 0.376089 0.946855 0.372885 0.946006 0.375599 0.727347 0.327638 0.727171 0.323709 0.727246 0.323708 0.727347 0.327638 0.727246 0.323708 0.727445 0.327633 0.727445 0.327633 0.727246 0.323708 0.727365 0.323707 0.727445 0.327633 0.727365 0.323707 0.727557 0.327627 0.727557 0.327627 0.727365 0.323707 0.727494 0.323707 0.727557 0.327627 0.727494 0.323707 0.727599 0.325665 0.727599 0.325665 0.727494 0.323707 0.72759 0.323707 0.727599 0.325665 0.72759 0.323707 0.72762 0.326043 0.72762 0.326043 0.727685 0.327617 0.72766 0.327619 0.72766 0.327619 0.727685 0.327617 0.727855 0.329769 0.72766 0.327619 0.727855 0.329769 0.727557 0.327627 0.727557 0.327627 0.727855 0.329769 0.72811 0.331921 0.727557 0.327627 0.72811 0.331921 0.727445 0.327633 0.727445 0.327633 0.72811 0.331921 0.727999 0.331943 0.727445 0.327633 0.727999 0.331943 0.727347 0.327638 0.727347 0.327638 0.727999 0.331943 0.727903 0.331958 0.727347 0.327638 0.727903 0.331958 0.727316 0.328362 0.727316 0.328362 0.727903 0.331958 0.727823 0.331964 0.727823 0.331964 0.727903 0.331958 0.728093 0.333122 0.728093 0.333122 0.727903 0.331958 0.728434 0.334051 0.728093 0.333122 0.728434 0.334051 0.728355 0.334058 0.728355 0.334058 0.728434 0.334051 0.729142 0.336056 0.998827 0 0.999087 0.001153945 0.999094 0.002210974 0.729771 0.337633 0.729142 0.336056 0.730033 0.337983 0.999094 0.002210974 0.999231 0.002498984 0.999254 0.004008948 0.999254 0.004008948 0.999231 0.002498984 0.999364 0.004021942 0.999254 0.004008948 0.999364 0.004021942 0.999387 0.005875945 0.732351 0.341612 0.731088 0.339782 0.732946 0.342199 0.999387 0.005875945 0.99954 0.006598949 0.999431 0.006587982 0.999431 0.006587982 0.99954 0.006598949 0.999641 0.008478999 0.999431 0.006587982 0.999641 0.008478999 0.999587 0.009685993 0.999587 0.009685993 0.999641 0.008478999 0.999726 0.01045596 0.999587 0.009685993 0.999726 0.01045596 0.999617 0.01044899 0.999617 0.01044899 0.999726 0.01045596 0.999798 0.01258599 0.999617 0.01044899 0.999798 0.01258599 0.99973 0.01418799 0.99973 0.01418799 0.999798 0.01258599 0.999852 0.01480096 0.99973 0.01418799 0.999852 0.01480096 0.999743 0.01479899 0.999743 0.01479899 0.999852 0.01480096 0.999905 0.01896899 0.999743 0.01479899 0.999905 0.01896899 0.999796 0.01892697 0.999796 0.01892697 0.999905 0.01896899 0.999897 0.02449595 0.999796 0.01892697 0.999897 0.02449595 0.999795 0.02449899 0.999795 0.02449899 0.973371 0.02470397 0.973372 0.01913195 0.920802 0.376232 0.921935 0.373028 0.945723 0.376089 0.945723 0.376089 0.921935 0.373028 0.946855 0.372885 0.712289 0.328576 0.727316 0.328362 0.712795 0.332178 0.712795 0.332178 0.727316 0.328362 0.727823 0.331964 0.712795 0.332178 0.727823 0.331964 0.713065 0.333336 0.713065 0.333336 0.727823 0.331964 0.728093 0.333122 0.713065 0.333336 0.728093 0.333122 0.713328 0.334272 0.713328 0.334272 0.728093 0.333122 0.728355 0.334058 0.972404 2.05e-4 0.998827 0 0.972671 0.002414941 0.972671 0.002414941 0.998827 0 0.999094 0.002210974 0.972671 0.002414941 0.999094 0.002210974 0.972831 0.004213988 0.972831 0.004213988 0.999094 0.002210974 0.999254 0.004008948 0.972831 0.004213988 0.999254 0.004008948 0.972964 0.006080985 0.972964 0.006080985 0.999254 0.004008948 0.999387 0.005875945 0.972964 0.006080985 0.999387 0.005875945 0.973008 0.006792962 0.973008 0.006792962 0.999387 0.005875945 0.999431 0.006587982 0.973008 0.006792962 0.999431 0.006587982 0.973163 0.009890973 0.973163 0.009890973 0.999431 0.006587982 0.999587 0.009685993 0.973163 0.009890973 0.999587 0.009685993 0.973194 0.01065295 0.973194 0.01065295 0.999587 0.009685993 0.999617 0.01044899 0.973194 0.01065295 0.999617 0.01044899 0.973307 0.01439195 0.973307 0.01439195 0.999617 0.01044899 0.99973 0.01418799 0.973307 0.01439195 0.99973 0.01418799 0.97332 0.01500397 0.97332 0.01500397 0.99973 0.01418799 0.999743 0.01479899 0.97332 0.01500397 0.999743 0.01479899 0.973372 0.01913195 0.973372 0.01913195 0.999743 0.01479899 0.999796 0.01892697 0.973372 0.01913195 0.999796 0.01892697 0.999795 0.02449899 0.973082 0.102134 0.973371 0.02470397 0.999506 0.101929 0.999506 0.101929 0.973371 0.02470397 0.999795 0.02449899 0.430254 0.352167 0.451771 0.356303 0.449673 0.361225 0.973054 0.106714 0.973082 0.102134 0.999477 0.106509 0.999477 0.106509 0.973082 0.102134 0.999506 0.101929 0.973054 0.106714 0.999477 0.106509 0.972995 0.110187 0.972995 0.110187 0.999477 0.106509 0.999418 0.109982 0.972995 0.110187 0.999418 0.109982 0.972966 0.111285 0.972966 0.111285 0.999418 0.109982 0.999389 0.11108 0.972966 0.111285 0.999389 0.11108 0.972938 0.112164 0.972938 0.112164 0.999389 0.11108 0.999362 0.111959 0.972938 0.112164 0.999362 0.111959 0.972795 0.115447 0.972795 0.115447 0.999362 0.111959 0.999219 0.115243 0.972795 0.115447 0.999219 0.115243 0.972673 0.117363 0.972673 0.117363 0.999219 0.115243 0.999097 0.117159 0.972673 0.117363 0.999097 0.117159 0.972543 0.11892 0.972543 0.11892 0.999097 0.117159 0.998966 0.118716 0.972543 0.11892 0.998966 0.118716 0.972492 0.119423 0.972492 0.119423 0.998966 0.118716 0.998916 0.119219 0.972492 0.119423 0.998916 0.119219 0.97227 0.121152 0.97227 0.121152 0.998916 0.119219 0.998693 0.120947 0.445067 0.36789 0.42355 0.363754 0.445519 0.367435 0.445519 0.367435 0.42355 0.363754 0.424002 0.363299 0.445519 0.367435 0.424002 0.363299 0.447533 0.364938 0.447533 0.364938 0.424002 0.363299 0.426016 0.360802 0.447533 0.364938 0.426016 0.360802 0.447833 0.364491 0.447833 0.364491 0.426016 0.360802 0.426316 0.360355 0.447833 0.364491 0.426316 0.360355 0.449673 0.361225 0.449673 0.361225 0.426316 0.360355 0.428156 0.357089 0.449673 0.361225 0.428156 0.357089 0.430254 0.352167 0.479465 0.285982 0.451771 0.356303 0.457948 0.281846 0.457948 0.281846 0.451771 0.356303 0.430254 0.352167 0.945835 0.2280859 0.920915 0.228229 0.919482 0.224475 0.481042 0.281741 0.479465 0.285982 0.459525 0.277605 0.459525 0.277605 0.479465 0.285982 0.457948 0.281846 0.481042 0.281741 0.459525 0.277605 0.482039 0.278262 0.482039 0.278262 0.459525 0.277605 0.460522 0.274126 0.482039 0.278262 0.460522 0.274126 0.4823 0.277089 0.4823 0.277089 0.460522 0.274126 0.460783 0.272953 0.4823 0.277089 0.460783 0.272953 0.482485 0.276119 0.482485 0.276119 0.460783 0.272953 0.460968 0.271984 0.482485 0.276119 0.460968 0.271984 0.482961 0.27221 0.482961 0.27221 0.460968 0.271984 0.461443 0.268074 0.482961 0.27221 0.461443 0.268074 0.483031 0.269654 0.483031 0.269654 0.461443 0.268074 0.461514 0.265518 0.483031 0.269654 0.461514 0.265518 0.482924 0.267358 0.482924 0.267358 0.461514 0.265518 0.461406 0.263222 0.482924 0.267358 0.461406 0.263222 0.482845 0.266558 0.482845 0.266558 0.461406 0.263222 0.461328 0.262422 0.482845 0.266558 0.461328 0.262422 0.482308 0.263455 0.482308 0.263455 0.461328 0.262422 0.460791 0.259319 0.482308 0.263455 0.460791 0.259319 0.482134 0.262775 0.482134 0.262775 0.460791 0.259319 0.460617 0.258639 0.482134 0.262775 0.460617 0.258639 0.481075 0.259844 0.481075 0.259844 0.460617 0.258639 0.459558 0.255708 0.481075 0.259844 0.459558 0.255708 0.480872 0.259423 0.480872 0.259423 0.459558 0.255708 0.459355 0.255287 0.918281 0.222262 0.943201 0.22212 0.919482 0.224475 0.919482 0.224475 0.943201 0.22212 0.944402 0.224332 0.919482 0.224475 0.944402 0.224332 0.945835 0.2280859 0.94014 0.283271 0.920915 0.228229 0.96506 0.283128 0.96506 0.283128 0.920915 0.228229 0.945835 0.2280859 0.9653 0.317198 0.94038 0.317341 0.941636 0.313182 0.941247 0.286648 0.94014 0.283271 0.966167 0.286506 0.966167 0.286506 0.94014 0.283271 0.96506 0.283128 0.941247 0.286648 0.966167 0.286506 0.941991 0.289603 0.941991 0.289603 0.966167 0.286506 0.966911 0.289461 0.941991 0.289603 0.966911 0.289461 0.9422 0.290646 0.9422 0.290646 0.966911 0.289461 0.96712 0.290504 0.9422 0.290646 0.96712 0.290504 0.942356 0.291527 0.942356 0.291527 0.96712 0.290504 0.967276 0.291385 0.942356 0.291527 0.967276 0.291385 0.942834 0.295249 0.942834 0.295249 0.967276 0.291385 0.967754 0.295106 0.942834 0.295249 0.967754 0.295106 0.943012 0.297832 0.943012 0.297832 0.967754 0.295106 0.967932 0.297689 0.943012 0.297832 0.967932 0.297689 0.943078 0.300258 0.943078 0.300258 0.967932 0.297689 0.967998 0.300115 0.943078 0.300258 0.967998 0.300115 0.943078 0.301129 0.943078 0.301129 0.967998 0.300115 0.967998 0.300986 0.943078 0.301129 0.967998 0.300986 0.942949 0.304651 0.942949 0.304651 0.967998 0.300986 0.967869 0.304508 0.942949 0.304651 0.967869 0.304508 0.94289 0.305458 0.94289 0.305458 0.967869 0.304508 0.96781 0.305315 0.94289 0.305458 0.96781 0.305315 0.942461 0.309128 0.942461 0.309128 0.96781 0.305315 0.967381 0.308986 0.942461 0.309128 0.967381 0.308986 0.942371 0.309687 0.942371 0.309687 0.967381 0.308986 0.967291 0.309544 0.942371 0.309687 0.967291 0.309544 0.941636 0.313182 0.941636 0.313182 0.967291 0.309544 0.966556 0.31304 0.941636 0.313182 0.966556 0.31304 0.9653 0.317198 0.921935 0.373028 0.94038 0.317341 0.946855 0.372885 0.946855 0.372885 0.94038 0.317341 0.9653 0.317198 0.83135 0.419887 0.831421 0.419887 0.831421 0.498186 0.831421 0.498186 0.83135 0.498186 0.83135 0.419887 0.921621 0.372891 0.940066 0.317204 0.940158 0.31728 0.921621 0.372891 0.940158 0.31728 0.921714 0.372967 0.921714 0.372967 0.940158 0.31728 0.940278 0.317328 0.921714 0.372967 0.940278 0.317328 0.921833 0.373015 0.921833 0.373015 0.940278 0.317328 0.94038 0.317341 0.921833 0.373015 0.94038 0.317341 0.921935 0.373028 0.942895 0.303405 0.94305 0.301129 0.943078 0.301129 0.845189 0.521627 0.847171 0.521911 0.847178 0.522019 0.847178 0.522019 0.847171 0.521911 0.85027 0.52201 0.845189 0.521627 0.843779 0.521367 0.842151 0.520634 0.842151 0.520634 0.843779 0.521367 0.842134 0.520736 0.842151 0.520634 0.842134 0.520736 0.84155 0.520342 0.84155 0.520342 0.842134 0.520736 0.840559 0.519892 0.84155 0.520342 0.840559 0.519892 0.839079 0.518736 0.839079 0.518736 0.840559 0.519892 0.839045 0.518827 0.839079 0.518736 0.839045 0.518827 0.838051 0.517846 0.838051 0.517846 0.839045 0.518827 0.837632 0.517565 0.838051 0.517846 0.837632 0.517565 0.835784 0.515264 0.835784 0.515264 0.835733 0.515337 0.835179 0.514384 0.835179 0.514384 0.835733 0.515337 0.834634 0.513658 0.835179 0.514384 0.834634 0.513658 0.833751 0.511799 0.833751 0.511799 0.834634 0.513658 0.833689 0.511853 0.833751 0.511799 0.833689 0.511853 0.83306 0.510142 0.83306 0.510142 0.833689 0.511853 0.832879 0.509869 0.83306 0.510142 0.832879 0.509869 0.832242 0.507767 0.831438 0.500447 0.831615 0.503703 0.831543 0.503716 0.831543 0.503716 0.831615 0.503703 0.831833 0.505401 0.941311 0.313101 0.941595 0.311635 0.942048 0.309601 0.832242 0.507767 0.831833 0.505401 0.832311 0.507734 0.832242 0.507767 0.832311 0.507734 0.83306 0.510142 0.940038 0.283284 0.94014 0.283271 0.941055 0.286102 0.489947 0.22449 0.489979 0.221234 0.489979 0.225069 0.939919 0.283334 0.940038 0.283284 0.94095 0.286122 0.94095 0.286122 0.940038 0.283284 0.941055 0.286102 0.94095 0.286122 0.941055 0.286102 0.941963 0.289604 0.941963 0.289604 0.941055 0.286102 0.941247 0.286648 0.941247 0.286648 0.941991 0.289603 0.941963 0.289604 0.941963 0.289604 0.941991 0.289603 0.9422 0.290646 0.941963 0.289604 0.9422 0.290646 0.942328 0.291528 0.942328 0.291528 0.9422 0.290646 0.942356 0.291527 0.942328 0.291528 0.942356 0.291527 0.942535 0.29364 0.942535 0.29364 0.942356 0.291527 0.942834 0.295249 0.942535 0.29364 0.942834 0.295249 0.942842 0.295661 0.490177 0.253565 0.490207 0.253182 0.490207 0.255501 0.942842 0.295661 0.943012 0.297832 0.942984 0.297832 0.942984 0.297832 0.943012 0.297832 0.943078 0.300258 0.490352 0.235202 0.490352 0.238981 0.490233 0.237491 0.942536 0.307686 0.942461 0.309128 0.942343 0.309686 0.942536 0.307686 0.942343 0.309686 0.942236 0.309673 0.942236 0.309673 0.942343 0.309686 0.941599 0.313217 0.942236 0.309673 0.941599 0.313217 0.941494 0.313199 0.850281 0.522114 0.850324 0.522223 0.847208 0.522113 0.940848 0.286168 0.939919 0.283334 0.94095 0.286122 0.940848 0.286168 0.94095 0.286122 0.941857 0.28962 0.941857 0.28962 0.94095 0.286122 0.941963 0.289604 0.941857 0.28962 0.941963 0.289604 0.942221 0.291541 0.942221 0.291541 0.941963 0.289604 0.942328 0.291528 0.942221 0.291541 0.942328 0.291528 0.942514 0.293553 0.942514 0.293553 0.942328 0.291528 0.942535 0.29364 0.942514 0.293553 0.942535 0.29364 0.942734 0.295669 0.942734 0.295669 0.942535 0.29364 0.942842 0.295661 0.942734 0.295669 0.942842 0.295661 0.942877 0.297836 0.942877 0.297836 0.942842 0.295661 0.942984 0.297832 0.942877 0.297836 0.942984 0.297832 0.94305 0.301129 0.94305 0.301129 0.942984 0.297832 0.943078 0.300258 0.94305 0.301129 0.943078 0.300258 0.943078 0.301129 0.942949 0.304651 0.94289 0.305458 0.94286 0.305458 0.94286 0.305458 0.94289 0.305458 0.942536 0.307686 0.94286 0.305458 0.942536 0.307686 0.942536 0.307597 0.942536 0.307597 0.942536 0.307686 0.942236 0.309673 0.942536 0.307597 0.942236 0.309673 0.942131 0.309643 0.942131 0.309643 0.942236 0.309673 0.941494 0.313199 0.942131 0.309643 0.941494 0.313199 0.94139 0.313158 0.85027 0.52201 0.850281 0.522114 0.847178 0.522019 0.847178 0.522019 0.850281 0.522114 0.847208 0.522113 0.94077 0.28623 0.940848 0.286168 0.941753 0.289656 0.941753 0.289656 0.940848 0.286168 0.941857 0.28962 0.941753 0.289656 0.941857 0.28962 0.942116 0.291571 0.942116 0.291571 0.941857 0.28962 0.942221 0.291541 0.942116 0.291571 0.942221 0.291541 0.942407 0.293577 0.942407 0.293577 0.942221 0.291541 0.942514 0.293553 0.942407 0.293577 0.942514 0.293553 0.942627 0.295685 0.942627 0.295685 0.942514 0.293553 0.942734 0.295669 0.942627 0.295685 0.942734 0.295669 0.942769 0.297845 0.942769 0.297845 0.942734 0.295669 0.942877 0.297836 0.942769 0.297845 0.942877 0.297836 0.942942 0.301129 0.942942 0.301129 0.942877 0.297836 0.94305 0.301129 0.942942 0.301129 0.94305 0.301129 0.942887 0.303313 0.942887 0.303313 0.94305 0.301129 0.942895 0.303405 0.942887 0.303313 0.942895 0.303405 0.942754 0.305451 0.941272 0.28826 0.94077 0.28623 0.941672 0.289706 0.941672 0.289706 0.94077 0.28623 0.941753 0.289656 0.941672 0.289706 0.941753 0.289656 0.942033 0.291612 0.942033 0.291612 0.941753 0.289656 0.942116 0.291571 0.942033 0.291612 0.942116 0.291571 0.942323 0.293608 0.942323 0.293608 0.942116 0.291571 0.942407 0.293577 0.942323 0.293608 0.942407 0.293577 0.942542 0.295706 0.942542 0.295706 0.942407 0.293577 0.942627 0.295685 0.942542 0.295706 0.942627 0.295685 0.942683 0.297857 0.942683 0.297857 0.942627 0.295685 0.942769 0.297845 0.942683 0.297857 0.942769 0.297845 0.942834 0.301127 0.942834 0.301127 0.942769 0.297845 0.942942 0.301129 0.942834 0.301127 0.942942 0.301129 0.942779 0.303304 0.942779 0.303304 0.942942 0.301129 0.942887 0.303313 0.942779 0.303304 0.942887 0.303313 0.942646 0.305435 0.942646 0.305435 0.942887 0.303313 0.942754 0.305451 0.942646 0.305435 0.942754 0.305451 0.942429 0.307574 0.835784 0.515264 0.837632 0.517565 0.835733 0.515337 0.942748 0.301124 0.942683 0.297857 0.942834 0.301127 0.942748 0.301124 0.942834 0.301127 0.942693 0.303291 0.942693 0.303291 0.942834 0.301127 0.942779 0.303304 0.942693 0.303291 0.942779 0.303304 0.942561 0.305412 0.942561 0.305412 0.942779 0.303304 0.942646 0.305435 0.942561 0.305412 0.942646 0.305435 0.942345 0.307541 0.942345 0.307541 0.942646 0.305435 0.942429 0.307574 0.942345 0.307541 0.942429 0.307574 0.942048 0.309601 0.943078 0.301129 0.942949 0.304651 0.942895 0.303405 0.942895 0.303405 0.942949 0.304651 0.94286 0.305458 0.942895 0.303405 0.94286 0.305458 0.942754 0.305451 0.942754 0.305451 0.94286 0.305458 0.942536 0.307597 0.942754 0.305451 0.942536 0.307597 0.942429 0.307574 0.942429 0.307574 0.942536 0.307597 0.942131 0.309643 0.942429 0.307574 0.942131 0.309643 0.942048 0.309601 0.942048 0.309601 0.942131 0.309643 0.94139 0.313158 0.942048 0.309601 0.94139 0.313158 0.941311 0.313101 0.942461 0.309128 0.942371 0.309687 0.942343 0.309686 0.942343 0.309686 0.942371 0.309687 0.941636 0.313182 0.942343 0.309686 0.941636 0.313182 0.941599 0.313217 0.941599 0.313217 0.941636 0.313182 0.94038 0.317341 0.941599 0.313217 0.94038 0.317341 0.941494 0.313199 0.941494 0.313199 0.94038 0.317341 0.940278 0.317328 0.941494 0.313199 0.940278 0.317328 0.94139 0.313158 0.94139 0.313158 0.940278 0.317328 0.940158 0.31728 0.94139 0.313158 0.940158 0.31728 0.941311 0.313101 0.941311 0.313101 0.940158 0.31728 0.940066 0.317204 0.941311 0.313101 0.940066 0.317204 0.94055 0.315509 0.831438 0.500447 0.83135 0.498186 0.831421 0.498186 0.920915 0.228229 0.94014 0.283271 0.940038 0.283284 0.920915 0.228229 0.940038 0.283284 0.920813 0.2282429 0.920813 0.2282429 0.940038 0.283284 0.939919 0.283334 0.920813 0.2282429 0.939919 0.283334 0.920694 0.228293 0.912356 0.52233 0.850324 0.522223 0.850281 0.522114 0.912356 0.52233 0.850281 0.522114 0.912313 0.522221 0.912313 0.522221 0.850281 0.522114 0.85027 0.52201 0.912313 0.522221 0.85027 0.52201 0.912302 0.522117 0.482623 0.264557 0.482868 0.266563 0.482845 0.266558 0.930854 0.504771 0.931076 0.50227 0.931174 0.502277 0.931174 0.502277 0.931076 0.50227 0.93115 0.498359 0.930854 0.504771 0.930662 0.506567 0.930071 0.508605 0.930071 0.508605 0.930662 0.506567 0.930164 0.508642 0.930071 0.508605 0.930164 0.508642 0.92984 0.509363 0.92984 0.509363 0.930164 0.508642 0.929498 0.510629 0.92984 0.509363 0.929498 0.510629 0.928571 0.51248 0.928571 0.51248 0.929498 0.510629 0.928656 0.512538 0.928571 0.51248 0.928656 0.512538 0.927868 0.513777 0.927868 0.513777 0.928656 0.512538 0.927658 0.51432 0.927868 0.513777 0.927658 0.51432 0.925826 0.516635 0.925826 0.516635 0.925896 0.516714 0.925129 0.517397 0.925129 0.517397 0.925896 0.516714 0.924567 0.518098 0.925129 0.517397 0.924567 0.518098 0.923083 0.519196 0.923083 0.519196 0.924567 0.518098 0.923139 0.519289 0.923083 0.519196 0.923139 0.519289 0.921771 0.520066 0.921771 0.520066 0.923139 0.519289 0.921568 0.520309 0.921771 0.520066 0.921568 0.520309 0.919903 0.52111 0.914092 0.522099 0.916672 0.52188 0.916695 0.521987 0.916695 0.521987 0.916672 0.52188 0.918017 0.521608 0.490152 0.253182 0.490177 0.254233 0.490152 0.255706 0.919903 0.52111 0.918017 0.521608 0.919865 0.521007 0.919903 0.52111 0.919865 0.521007 0.921771 0.520066 0.931494 0.498359 0.931572 0.498359 0.931479 0.50229 0.480836 0.282417 0.479465 0.285982 0.481042 0.281741 0.931373 0.498359 0.931494 0.498359 0.931392 0.502288 0.931392 0.502288 0.931494 0.498359 0.931479 0.50229 0.931392 0.502288 0.931479 0.50229 0.930963 0.506612 0.930963 0.506612 0.931479 0.50229 0.931454 0.503012 0.481042 0.281741 0.482039 0.278262 0.482062 0.278266 0.482062 0.278266 0.482039 0.278262 0.4823 0.277089 0.930963 0.506612 0.930728 0.507771 0.93046 0.508706 0.482509 0.276124 0.4823 0.277089 0.482485 0.276119 0.482509 0.276124 0.482485 0.276119 0.482897 0.273895 0.482897 0.273895 0.482485 0.276119 0.482961 0.27221 0.92968 0.510785 0.929133 0.512279 0.928938 0.51264 0.483008 0.271799 0.482961 0.27221 0.483031 0.269654 0.483008 0.271799 0.483031 0.269654 0.483055 0.269659 0.483055 0.269659 0.483031 0.269654 0.482924 0.267358 0.482134 0.262775 0.481075 0.259844 0.48163 0.260992 0.489976 0.241644 0.490023 0.242862 0.489976 0.243383 0.917479 0.2214069 0.918253 0.222264 0.918151 0.2222909 0.918151 0.2222909 0.918253 0.222264 0.919465 0.224502 0.918151 0.2222909 0.919465 0.224502 0.919362 0.224526 0.931244 0.498359 0.931373 0.498359 0.931283 0.502284 0.931283 0.502284 0.931373 0.498359 0.931392 0.502288 0.931283 0.502284 0.931392 0.502288 0.930877 0.506606 0.930877 0.506606 0.931392 0.502288 0.930963 0.506612 0.930877 0.506606 0.930963 0.506612 0.930375 0.508696 0.930375 0.508696 0.930963 0.506612 0.93046 0.508706 0.930375 0.508696 0.93046 0.508706 0.929703 0.5107 0.482891 0.273989 0.482509 0.276124 0.482897 0.273895 0.929703 0.5107 0.92968 0.510785 0.928855 0.512624 0.928855 0.512624 0.92968 0.510785 0.928938 0.51264 0.928855 0.512624 0.928938 0.51264 0.927849 0.514421 0.927849 0.514421 0.928938 0.51264 0.927931 0.514439 0.927849 0.514421 0.927931 0.514439 0.926152 0.516855 0.926152 0.516855 0.927931 0.514439 0.926669 0.516254 0.482868 0.266563 0.482924 0.267358 0.482845 0.266558 0.482308 0.263455 0.482134 0.262775 0.482158 0.26278 0.482158 0.26278 0.482134 0.262775 0.48163 0.260992 0.482158 0.26278 0.48163 0.260992 0.481662 0.261065 0.92171 0.520457 0.92165 0.520498 0.920033 0.521264 0.92171 0.520457 0.920033 0.521264 0.919961 0.5212 0.918056 0.222352 0.918151 0.2222909 0.919362 0.224526 0.918056 0.222352 0.919362 0.224526 0.919263 0.224581 0.93115 0.498359 0.931244 0.498359 0.931174 0.502277 0.931174 0.502277 0.931244 0.498359 0.931283 0.502284 0.931174 0.502277 0.931283 0.502284 0.930769 0.506589 0.930769 0.506589 0.931283 0.502284 0.930877 0.506606 0.930769 0.506589 0.930877 0.506606 0.930269 0.508673 0.930269 0.508673 0.930877 0.506606 0.930375 0.508696 0.930269 0.508673 0.930375 0.508696 0.9296 0.51067 0.9296 0.51067 0.930375 0.508696 0.929703 0.5107 0.9296 0.51067 0.929703 0.5107 0.928754 0.512588 0.928754 0.512588 0.929703 0.5107 0.928855 0.512624 0.928754 0.512588 0.928855 0.512624 0.927751 0.514378 0.927751 0.514378 0.928855 0.512624 0.927849 0.514421 0.927751 0.514378 0.927849 0.514421 0.926073 0.516833 0.926073 0.516833 0.927849 0.514421 0.926152 0.516855 0.926073 0.516833 0.926152 0.516855 0.924733 0.518228 0.482644 0.264641 0.482868 0.266563 0.482623 0.264557 0.924733 0.518228 0.924685 0.518287 0.923294 0.519428 0.930854 0.504771 0.931174 0.502277 0.930662 0.506567 0.930662 0.506567 0.931174 0.502277 0.930769 0.506589 0.930662 0.506567 0.930769 0.506589 0.930164 0.508642 0.930164 0.508642 0.930769 0.506589 0.930269 0.508673 0.930164 0.508642 0.930269 0.508673 0.929498 0.510629 0.929498 0.510629 0.930269 0.508673 0.9296 0.51067 0.929498 0.510629 0.9296 0.51067 0.928656 0.512538 0.928656 0.512538 0.9296 0.51067 0.928754 0.512588 0.928656 0.512538 0.928754 0.512588 0.927658 0.51432 0.927658 0.51432 0.928754 0.512588 0.927751 0.514378 0.927658 0.51432 0.927751 0.514378 0.925981 0.516783 0.925981 0.516783 0.927751 0.514378 0.926073 0.516833 0.925981 0.516783 0.926073 0.516833 0.924646 0.518174 0.924646 0.518174 0.926073 0.516833 0.924733 0.518228 0.924646 0.518174 0.924733 0.518228 0.923211 0.51937 0.923211 0.51937 0.924733 0.518228 0.923294 0.519428 0.923211 0.51937 0.923294 0.519428 0.921633 0.520395 0.925826 0.516635 0.927658 0.51432 0.925896 0.516714 0.925896 0.516714 0.927658 0.51432 0.925981 0.516783 0.925896 0.516714 0.925981 0.516783 0.924567 0.518098 0.924567 0.518098 0.925981 0.516783 0.924646 0.518174 0.924567 0.518098 0.924646 0.518174 0.923139 0.519289 0.923139 0.519289 0.924646 0.518174 0.923211 0.51937 0.923139 0.519289 0.923211 0.51937 0.921568 0.520309 0.921568 0.520309 0.923211 0.51937 0.921633 0.520395 0.921568 0.520309 0.921633 0.520395 0.919903 0.52111 0.482845 0.266558 0.482308 0.263455 0.482623 0.264557 0.924685 0.518287 0.923947 0.519022 0.923368 0.519454 0.924685 0.518287 0.923368 0.519454 0.923294 0.519428 0.923294 0.519428 0.923368 0.519454 0.92171 0.520457 0.923294 0.519428 0.92171 0.520457 0.921633 0.520395 0.921633 0.520395 0.92171 0.520457 0.919961 0.5212 0.921633 0.520395 0.919961 0.5212 0.919903 0.52111 0.919903 0.52111 0.919961 0.5212 0.916739 0.52208 0.919903 0.52111 0.916739 0.52208 0.916695 0.521987 0.481075 0.259844 0.480872 0.259423 0.480895 0.259429 0.918253 0.222264 0.918281 0.222262 0.919482 0.224475 0.918253 0.222264 0.919482 0.224475 0.919465 0.224502 0.919465 0.224502 0.919482 0.224475 0.920915 0.228229 0.919465 0.224502 0.920915 0.228229 0.919362 0.224526 0.919362 0.224526 0.920915 0.228229 0.920813 0.2282429 0.919362 0.224526 0.920813 0.2282429 0.919263 0.224581 0.919263 0.224581 0.920813 0.2282429 0.920694 0.228293 0.916739 0.52208 0.912356 0.52233 0.916695 0.521987 0.916695 0.521987 0.912356 0.52233 0.912313 0.522221 0.916695 0.521987 0.912313 0.522221 0.914092 0.522099 0.914092 0.522099 0.912313 0.522221 0.912302 0.522117 0.931244 0.498359 0.93115 0.498359 0.93115 0.42006 0.93115 0.42006 0.931244 0.42006 0.931244 0.498359 0.931244 0.498359 0.931244 0.42006 0.931373 0.42006 0.931244 0.498359 0.931373 0.42006 0.931373 0.498359 0.931373 0.498359 0.931373 0.42006 0.931494 0.42006 0.931373 0.498359 0.931494 0.42006 0.931494 0.498359 0.931494 0.498359 0.931494 0.42006 0.931572 0.42006 0.931494 0.498359 0.931572 0.42006 0.931572 0.498359 0.928208 0.404563 0.927129 0.402779 0.927147 0.402778 0.917382 0.396619 0.9154 0.396335 0.915418 0.396227 0.915418 0.396227 0.9154 0.396335 0.912302 0.396236 0.917382 0.396619 0.918817 0.396879 0.92042 0.397612 0.92042 0.397612 0.918817 0.396879 0.920462 0.39751 0.92042 0.397612 0.920462 0.39751 0.921021 0.397905 0.921021 0.397905 0.920462 0.39751 0.922037 0.398354 0.921021 0.397905 0.922037 0.398354 0.923493 0.399511 0.923493 0.399511 0.922037 0.398354 0.923551 0.399419 0.923493 0.399511 0.923551 0.399419 0.924521 0.4004 0.924521 0.4004 0.923551 0.399419 0.924964 0.400681 0.924521 0.4004 0.924964 0.400681 0.926788 0.402982 0.926788 0.402982 0.926863 0.402909 0.927393 0.403862 0.927393 0.403862 0.926863 0.402909 0.927962 0.404588 0.927393 0.403862 0.927962 0.404588 0.928821 0.406448 0.928821 0.406448 0.927962 0.404588 0.928907 0.406393 0.928821 0.406448 0.928907 0.406393 0.929512 0.408105 0.929512 0.408105 0.928907 0.406393 0.929717 0.408377 0.929512 0.408105 0.929717 0.408377 0.930354 0.410479 0.931134 0.4178 0.930956 0.414543 0.931053 0.41453 0.931053 0.41453 0.930956 0.414543 0.930739 0.412846 0.931053 0.41453 0.930739 0.412846 0.930354 0.410479 0.930354 0.410479 0.930739 0.412846 0.930261 0.410512 0.930354 0.410479 0.930261 0.410512 0.929512 0.408105 0.972543 0.11892 0.972643 0.117363 0.972673 0.117363 0.972673 0.117363 0.972643 0.117363 0.972747 0.115771 0.972673 0.117363 0.972747 0.115771 0.972795 0.115447 0.972795 0.115447 0.972747 0.115771 0.972737 0.114086 0.972795 0.115447 0.972737 0.114086 0.972938 0.112164 0.972938 0.112164 0.972737 0.114086 0.972909 0.112164 0.972938 0.112164 0.972909 0.112164 0.972966 0.111285 0.972966 0.111285 0.972909 0.112164 0.972965 0.110186 0.972966 0.111285 0.972965 0.110186 0.972995 0.110187 0.973054 0.106714 0.972941 0.106091 0.973082 0.102134 0.973082 0.102134 0.972941 0.106091 0.972925 0.106002 0.973082 0.102134 0.972925 0.106002 0.972977 0.102132 0.972977 0.102132 0.972925 0.106002 0.972863 0.102123 0.97286 0.110176 0.972965 0.110186 0.972803 0.11215 0.972803 0.11215 0.972965 0.110186 0.972909 0.112164 0.972803 0.11215 0.972909 0.112164 0.972731 0.114007 0.972731 0.114007 0.972909 0.112164 0.972737 0.114086 0.922183 0.398209 0.922257 0.398246 0.923709 0.399282 0.972642 0.115752 0.972737 0.114086 0.972747 0.115771 0.972642 0.115752 0.972747 0.115771 0.972538 0.117342 0.972538 0.117342 0.972747 0.115771 0.972643 0.117363 0.972538 0.117342 0.972643 0.117363 0.972463 0.119423 0.490033 0.228198 0.490033 0.231153 0.489973 0.228976 0.972463 0.119423 0.972543 0.11892 0.972492 0.119423 0.445519 0.367435 0.447533 0.364938 0.446847 0.366001 0.929963 0.408394 0.930514 0.409831 0.930652 0.41042 0.929963 0.408394 0.930652 0.41042 0.930566 0.41043 0.930566 0.41043 0.930652 0.41042 0.931358 0.414506 0.930566 0.41043 0.931358 0.414506 0.931271 0.41451 0.912313 0.396132 0.912356 0.396023 0.915458 0.396133 0.97283 0.105988 0.972863 0.102123 0.972925 0.106002 0.97283 0.105988 0.972925 0.106002 0.97286 0.110176 0.97286 0.110176 0.972925 0.106002 0.972941 0.106091 0.97286 0.110176 0.972941 0.106091 0.972965 0.110186 0.972965 0.110186 0.972941 0.106091 0.973054 0.106714 0.972965 0.110186 0.973054 0.106714 0.972995 0.110187 0.928866 0.405589 0.92921 0.406295 0.929191 0.406296 0.929191 0.406296 0.92921 0.406295 0.929963 0.408394 0.929191 0.406296 0.929963 0.408394 0.929924 0.408311 0.929924 0.408311 0.929963 0.408394 0.930566 0.41043 0.929924 0.408311 0.930566 0.41043 0.93046 0.410451 0.93046 0.410451 0.930566 0.41043 0.931271 0.41451 0.93046 0.410451 0.931271 0.41451 0.931162 0.414518 0.912302 0.396236 0.912313 0.396132 0.915418 0.396227 0.915418 0.396227 0.912313 0.396132 0.915458 0.396133 0.915418 0.396227 0.915458 0.396133 0.91887 0.396788 0.972765 0.110151 0.97283 0.105988 0.97286 0.110176 0.972765 0.110151 0.97286 0.110176 0.972709 0.112119 0.972709 0.112119 0.97286 0.110176 0.972803 0.11215 0.972709 0.112119 0.972803 0.11215 0.972637 0.113969 0.972637 0.113969 0.972803 0.11215 0.972731 0.114007 0.922105 0.39827 0.922183 0.398209 0.923625 0.39934 0.923625 0.39934 0.922183 0.398209 0.923709 0.399282 0.923625 0.39934 0.923709 0.399282 0.925045 0.400608 0.925045 0.400608 0.923709 0.399282 0.925134 0.400554 0.925045 0.400608 0.925134 0.400554 0.927048 0.4028 0.972358 0.119399 0.972538 0.117342 0.972463 0.119423 0.927048 0.4028 0.927129 0.402779 0.928155 0.404492 0.928155 0.404492 0.927129 0.402779 0.928208 0.404563 0.928155 0.404492 0.928208 0.404563 0.929107 0.406311 0.489954 0.2548 0.489975 0.25239 0.489975 0.256537 0.918817 0.396879 0.915418 0.396227 0.91887 0.396788 0.918817 0.396879 0.91887 0.396788 0.920462 0.39751 0.920462 0.39751 0.91887 0.396788 0.920522 0.397422 0.920462 0.39751 0.920522 0.397422 0.922037 0.398354 0.922037 0.398354 0.920522 0.397422 0.922105 0.39827 0.922037 0.398354 0.922105 0.39827 0.923551 0.399419 0.923551 0.399419 0.922105 0.39827 0.923625 0.39934 0.923551 0.399419 0.923625 0.39934 0.924964 0.400681 0.924964 0.400681 0.923625 0.39934 0.925045 0.400608 0.924964 0.400681 0.925045 0.400608 0.926953 0.402846 0.926953 0.402846 0.925045 0.400608 0.927048 0.4028 0.926953 0.402846 0.927048 0.4028 0.928056 0.404533 0.928056 0.404533 0.927048 0.4028 0.928155 0.404492 0.928056 0.404533 0.928155 0.404492 0.929006 0.406346 0.929006 0.406346 0.928155 0.404492 0.929107 0.406311 0.929006 0.406346 0.929107 0.406311 0.92982 0.408339 0.926788 0.402982 0.924964 0.400681 0.926863 0.402909 0.926863 0.402909 0.924964 0.400681 0.926953 0.402846 0.926863 0.402909 0.926953 0.402846 0.927962 0.404588 0.927962 0.404588 0.926953 0.402846 0.928056 0.404533 0.927962 0.404588 0.928056 0.404533 0.928907 0.406393 0.928907 0.406393 0.928056 0.404533 0.929006 0.406346 0.928907 0.406393 0.929006 0.406346 0.929717 0.408377 0.929717 0.408377 0.929006 0.406346 0.92982 0.408339 0.929717 0.408377 0.92982 0.408339 0.930354 0.410479 0.490319 0.253182 0.490319 0.255762 0.490207 0.25489 0.928208 0.404563 0.928866 0.405589 0.929191 0.406296 0.928208 0.404563 0.929191 0.406296 0.929107 0.406311 0.929107 0.406311 0.929191 0.406296 0.929924 0.408311 0.929107 0.406311 0.929924 0.408311 0.92982 0.408339 0.92982 0.408339 0.929924 0.408311 0.93046 0.410451 0.92982 0.408339 0.93046 0.410451 0.930354 0.410479 0.930354 0.410479 0.93046 0.410451 0.931162 0.414518 0.930354 0.410479 0.931162 0.414518 0.931053 0.41453 0.447533 0.364938 0.447833 0.364491 0.447857 0.364495 0.447857 0.364495 0.447833 0.364491 0.449673 0.361225 0.930652 0.41042 0.931372 0.414463 0.931358 0.414506 0.449715 0.361193 0.449673 0.361225 0.451771 0.356303 0.931358 0.414506 0.931572 0.42006 0.931271 0.41451 0.931271 0.41451 0.931572 0.42006 0.931494 0.42006 0.931271 0.41451 0.931494 0.42006 0.931162 0.414518 0.931162 0.414518 0.931494 0.42006 0.931373 0.42006 0.931162 0.414518 0.931373 0.42006 0.931053 0.41453 0.931053 0.41453 0.931373 0.42006 0.931244 0.42006 0.931053 0.41453 0.931244 0.42006 0.931134 0.4178 0.931134 0.4178 0.931244 0.42006 0.93115 0.42006 0.973371 0.02470397 0.973082 0.102134 0.972977 0.102132 0.973371 0.02470397 0.972977 0.102132 0.973266 0.02470195 0.973266 0.02470195 0.972977 0.102132 0.972863 0.102123 0.973266 0.02470195 0.972863 0.102123 0.973152 0.02469199 0.850324 0.395916 0.912356 0.396023 0.912313 0.396132 0.850324 0.395916 0.912313 0.396132 0.850281 0.396025 0.850281 0.396025 0.912313 0.396132 0.912302 0.396236 0.850281 0.396025 0.912302 0.396236 0.85027 0.396129 0.972989 0.008768975 0.972978 0.006793975 0.973008 0.006792962 0.831718 0.413475 0.831495 0.415977 0.831422 0.415969 0.831422 0.415969 0.831495 0.415977 0.831421 0.419887 0.831718 0.413475 0.831934 0.41168 0.8325 0.409642 0.8325 0.409642 0.831934 0.41168 0.832432 0.409605 0.8325 0.409642 0.832432 0.409605 0.832731 0.408883 0.832731 0.408883 0.832432 0.409605 0.833098 0.407617 0.832731 0.408883 0.833098 0.407617 0.834 0.405766 0.834 0.405766 0.833098 0.407617 0.83394 0.405708 0.834 0.405766 0.83394 0.405708 0.834704 0.40447 0.834704 0.40447 0.83394 0.405708 0.834938 0.403926 0.834704 0.40447 0.834938 0.403926 0.836746 0.401612 0.836746 0.401612 0.8367 0.401532 0.837442 0.400849 0.837442 0.400849 0.8367 0.401532 0.838029 0.400148 0.837442 0.400849 0.838029 0.400148 0.839489 0.399051 0.839489 0.399051 0.838029 0.400148 0.839458 0.398957 0.839489 0.399051 0.839458 0.398957 0.840801 0.39818 0.840801 0.39818 0.839458 0.398957 0.841029 0.397937 0.840801 0.39818 0.841029 0.397937 0.842693 0.397136 0.848479 0.396147 0.8459 0.396366 0.845901 0.396259 0.845901 0.396259 0.8459 0.396366 0.844555 0.396639 0.491009 0.250419 0.49103 0.252142 0.491009 0.254555 0.842693 0.397136 0.844555 0.396639 0.842707 0.397239 0.842693 0.397136 0.842707 0.397239 0.840801 0.39818 0.921833 0.373015 0.921935 0.373028 0.920958 0.375757 0.48999 0.217302 0.489947 0.221234 0.489947 0.216579 0.921714 0.372967 0.921833 0.373015 0.920854 0.375735 0.920854 0.375735 0.921833 0.373015 0.920958 0.375757 0.920854 0.375735 0.920958 0.375757 0.91978 0.378374 0.91978 0.378374 0.920958 0.375757 0.920802 0.376232 0.920802 0.376232 0.919808 0.378375 0.91978 0.378374 0.71278 0.332178 0.712795 0.332178 0.713065 0.333336 0.91978 0.378374 0.919456 0.378973 0.919131 0.379418 0.713312 0.334272 0.713065 0.333336 0.713328 0.334272 0.972374 2.06e-4 0.972404 2.05e-4 0.972436 0.001417994 0.490113 0.222053 0.48999 0.224242 0.48999 0.2203969 0.972436 0.001417994 0.972671 0.002414941 0.972668 0.002689957 0.490898 0.254664 0.490865 0.255061 0.490865 0.252568 0.972668 0.002689957 0.972831 0.004213988 0.972801 0.004214942 0.972801 0.004214942 0.972831 0.004213988 0.972964 0.006080985 0.973194 0.01065295 0.973307 0.01439195 0.973143 0.01288396 0.973143 0.01288396 0.973307 0.01439195 0.97329 0.01500397 0.973143 0.01288396 0.97329 0.01500397 0.973184 0.01500999 0.973184 0.01500999 0.97329 0.01500397 0.973343 0.01917499 0.973184 0.01500999 0.973343 0.01917499 0.973237 0.01917499 0.921621 0.372891 0.921714 0.372967 0.920753 0.375684 0.920753 0.375684 0.921714 0.372967 0.920854 0.375735 0.920753 0.375684 0.920854 0.375735 0.919677 0.378349 0.919677 0.378349 0.920854 0.375735 0.91978 0.378374 0.919677 0.378349 0.91978 0.378374 0.919029 0.379391 0.919029 0.379391 0.91978 0.378374 0.919131 0.379418 0.97227 2.33e-4 0.972374 2.06e-4 0.97242 0.001368999 0.97242 0.001368999 0.972374 2.06e-4 0.972436 0.001417994 0.97242 0.001368999 0.972436 0.001417994 0.972563 0.002712965 0.972563 0.002712965 0.972436 0.001417994 0.972668 0.002689957 0.972563 0.002712965 0.972668 0.002689957 0.972696 0.004235982 0.972696 0.004235982 0.972668 0.002689957 0.972801 0.004214942 0.972696 0.004235982 0.972801 0.004214942 0.972978 0.006793975 0.489978 0.245796 0.489978 0.248796 0.489947 0.246565 0.972978 0.006793975 0.972964 0.006080985 0.973008 0.006792962 0.973163 0.009890973 0.973194 0.01065295 0.973163 0.01065397 0.973163 0.01065397 0.973194 0.01065295 0.973143 0.01288396 0.973163 0.01065397 0.973143 0.01288396 0.97313 0.01279598 0.97313 0.01279598 0.973143 0.01288396 0.973184 0.01500999 0.97313 0.01279598 0.973184 0.01500999 0.973089 0.01502096 0.973089 0.01502096 0.973184 0.01500999 0.973237 0.01917499 0.973089 0.01502096 0.973237 0.01917499 0.973142 0.01917499 0.831421 0.419887 0.83135 0.419887 0.831422 0.415969 0.920678 0.375615 0.921621 0.372891 0.920753 0.375684 0.920678 0.375615 0.920753 0.375684 0.91958 0.378291 0.91958 0.378291 0.920753 0.375684 0.919677 0.378349 0.91958 0.378291 0.919677 0.378349 0.918933 0.37933 0.918933 0.37933 0.919677 0.378349 0.919029 0.379391 0.918933 0.37933 0.919029 0.379391 0.918255 0.380157 0.918255 0.380157 0.919029 0.379391 0.918348 0.380221 0.972327 0.001425981 0.97242 0.001368999 0.97247 0.002765953 0.97247 0.002765953 0.97242 0.001368999 0.972563 0.002712965 0.97247 0.002765953 0.972563 0.002712965 0.972603 0.004282951 0.972603 0.004282951 0.972563 0.002712965 0.972696 0.004235982 0.972603 0.004282951 0.972696 0.004235982 0.972873 0.006810963 0.972873 0.006810963 0.972696 0.004235982 0.972978 0.006793975 0.972873 0.006810963 0.972978 0.006793975 0.972973 0.008689999 0.972973 0.008689999 0.972978 0.006793975 0.972989 0.008768975 0.972973 0.008689999 0.972989 0.008768975 0.973059 0.01066595 0.919976 0.377115 0.920678 0.375615 0.919509 0.378212 0.919509 0.378212 0.920678 0.375615 0.91958 0.378291 0.919509 0.378212 0.91958 0.378291 0.918865 0.379246 0.918865 0.379246 0.91958 0.378291 0.918933 0.37933 0.918865 0.379246 0.918933 0.37933 0.91819 0.380069 0.91819 0.380069 0.918933 0.37933 0.918255 0.380157 0.91819 0.380069 0.918255 0.380157 0.917479 0.380681 0.917479 0.380681 0.918255 0.380157 0.917541 0.380772 0.972409 0.002836942 0.97247 0.002765953 0.972541 0.00434798 0.972541 0.00434798 0.97247 0.002765953 0.972603 0.004282951 0.972541 0.00434798 0.972603 0.004282951 0.972779 0.006849944 0.972779 0.006849944 0.972603 0.004282951 0.972873 0.006810963 0.972779 0.006849944 0.972873 0.006810963 0.972879 0.00872296 0.972879 0.00872296 0.972873 0.006810963 0.972973 0.008689999 0.972879 0.00872296 0.972973 0.008689999 0.972964 0.010692 0.972964 0.010692 0.972973 0.008689999 0.973059 0.01066595 0.972964 0.010692 0.973059 0.01066595 0.973035 0.01281499 0.836746 0.401612 0.834938 0.403926 0.8367 0.401532 0.972716 0.006902992 0.972541 0.00434798 0.972779 0.006849944 0.972716 0.006902992 0.972779 0.006849944 0.972816 0.008767962 0.972816 0.008767962 0.972779 0.006849944 0.972879 0.00872296 0.972816 0.008767962 0.972879 0.00872296 0.9729 0.010728 0.9729 0.010728 0.972879 0.00872296 0.972964 0.010692 0.9729 0.010728 0.972964 0.010692 0.972971 0.01283997 0.972971 0.01283997 0.972964 0.010692 0.973035 0.01281499 0.972971 0.01283997 0.973035 0.01281499 0.973025 0.015037 0.973008 0.006792962 0.973163 0.009890973 0.972989 0.008768975 0.972989 0.008768975 0.973163 0.009890973 0.973163 0.01065397 0.972989 0.008768975 0.973163 0.01065397 0.973059 0.01066595 0.973059 0.01066595 0.973163 0.01065397 0.97313 0.01279598 0.973059 0.01066595 0.97313 0.01279598 0.973035 0.01281499 0.973035 0.01281499 0.97313 0.01279598 0.973089 0.01502096 0.973035 0.01281499 0.973089 0.01502096 0.973025 0.015037 0.842693 0.397136 0.842705 0.397046 0.845927 0.396166 0.842693 0.397136 0.845927 0.396166 0.845901 0.396259 0.973307 0.01439195 0.97332 0.01500397 0.97329 0.01500397 0.97329 0.01500397 0.97332 0.01500397 0.973372 0.01913195 0.97329 0.01500397 0.973372 0.01913195 0.973343 0.01917499 0.973343 0.01917499 0.973372 0.01913195 0.973371 0.02470397 0.973343 0.01917499 0.973371 0.02470397 0.973237 0.01917499 0.973237 0.01917499 0.973371 0.02470397 0.973266 0.02470195 0.973237 0.01917499 0.973266 0.02470195 0.973142 0.01917499 0.973142 0.01917499 0.973266 0.02470195 0.973152 0.02469199 0.845927 0.396166 0.850324 0.395916 0.845901 0.396259 0.845901 0.396259 0.850324 0.395916 0.850281 0.396025 0.489973 0.2256489 0.489973 0.231153 0.489952 0.228899 0.848479 0.396147 0.850281 0.396025 0.85027 0.396129 0.912302 0.519046 0.91612 0.518868 0.916672 0.52188 0.916672 0.52188 0.91612 0.518868 0.918017 0.521608 0.918017 0.521608 0.91612 0.518868 0.919544 0.517901 0.918017 0.521608 0.919544 0.517901 0.919865 0.521007 0.927868 0.513777 0.925826 0.516635 0.925548 0.512536 0.925548 0.512536 0.925826 0.516635 0.922866 0.515712 0.925826 0.516635 0.925129 0.517397 0.922866 0.515712 0.922866 0.515712 0.925129 0.517397 0.923083 0.519196 0.922866 0.515712 0.923083 0.519196 0.919544 0.517901 0.919544 0.517901 0.923083 0.519196 0.921771 0.520066 0.919544 0.517901 0.921771 0.520066 0.919865 0.521007 0.927868 0.513777 0.925548 0.512536 0.928571 0.51248 0.928571 0.51248 0.925548 0.512536 0.927457 0.50859 0.928571 0.51248 0.927457 0.50859 0.92984 0.509363 0.838051 0.517846 0.835784 0.515264 0.83903 0.514919 0.83903 0.514919 0.835784 0.515264 0.83651 0.51153 0.924521 0.4004 0.926788 0.402982 0.923541 0.403327 0.923541 0.403327 0.926788 0.402982 0.926061 0.406717 0.834704 0.40447 0.836746 0.401612 0.837024 0.40571 0.837024 0.40571 0.836746 0.401612 0.839706 0.402534 0.838051 0.517846 0.83903 0.514919 0.839079 0.518736 0.839079 0.518736 0.83903 0.514919 0.842159 0.517334 0.839079 0.518736 0.842159 0.517334 0.84155 0.520342 0.92984 0.509363 0.927457 0.50859 0.930071 0.508605 0.930071 0.508605 0.927457 0.50859 0.928466 0.504165 0.930071 0.508605 0.928466 0.504165 0.930854 0.504771 0.924521 0.4004 0.923541 0.403327 0.923493 0.399511 0.923493 0.399511 0.923541 0.403327 0.920412 0.400912 0.923493 0.399511 0.920412 0.400912 0.921021 0.397905 0.834704 0.40447 0.837024 0.40571 0.834 0.405766 0.834 0.405766 0.837024 0.40571 0.835115 0.409657 0.834 0.405766 0.835115 0.409657 0.832731 0.408883 0.84155 0.520342 0.842159 0.517334 0.842151 0.520634 0.842151 0.520634 0.842159 0.517334 0.845666 0.518614 0.842151 0.520634 0.845666 0.518614 0.845189 0.521627 0.929512 0.408105 0.9278 0.410913 0.928821 0.406448 0.928821 0.406448 0.9278 0.410913 0.926061 0.406717 0.928821 0.406448 0.926061 0.406717 0.927393 0.403862 0.927393 0.403862 0.926061 0.406717 0.926788 0.402982 0.921021 0.397905 0.920412 0.400912 0.92042 0.397612 0.92042 0.397612 0.920412 0.400912 0.916905 0.399633 0.92042 0.397612 0.916905 0.399633 0.917382 0.396619 0.832731 0.408883 0.835115 0.409657 0.8325 0.409642 0.8325 0.409642 0.835115 0.409657 0.834106 0.414081 0.8325 0.409642 0.834106 0.414081 0.831718 0.413475 0.916672 0.52188 0.914092 0.522099 0.912302 0.519046 0.912302 0.519046 0.914092 0.522099 0.912302 0.522117 0.912302 0.519046 0.912302 0.522117 0.85027 0.518938 0.85027 0.518938 0.912302 0.522117 0.85027 0.52201 0.85027 0.518938 0.85027 0.52201 0.845666 0.518614 0.845666 0.518614 0.85027 0.52201 0.847171 0.521911 0.845666 0.518614 0.847171 0.521911 0.845189 0.521627 0.928717 0.420056 0.93115 0.42006 0.928717 0.498355 0.928717 0.498355 0.93115 0.42006 0.93115 0.498359 0.928717 0.498355 0.93115 0.498359 0.928466 0.504165 0.928466 0.504165 0.93115 0.498359 0.931076 0.50227 0.928466 0.504165 0.931076 0.50227 0.930854 0.504771 0.840801 0.39818 0.843028 0.400345 0.839489 0.399051 0.839489 0.399051 0.843028 0.400345 0.839706 0.402534 0.839489 0.399051 0.839706 0.402534 0.837442 0.400849 0.837442 0.400849 0.839706 0.402534 0.836746 0.401612 0.83306 0.510142 0.834772 0.507333 0.833751 0.511799 0.833751 0.511799 0.834772 0.507333 0.83651 0.51153 0.833751 0.511799 0.83651 0.51153 0.835179 0.514384 0.835179 0.514384 0.83651 0.51153 0.835784 0.515264 0.929512 0.408105 0.930261 0.410512 0.9278 0.410913 0.9278 0.410913 0.930261 0.410512 0.930739 0.412846 0.9278 0.410913 0.930739 0.412846 0.928571 0.415236 0.928571 0.415236 0.930739 0.412846 0.930956 0.414543 0.928571 0.415236 0.930956 0.414543 0.928717 0.420056 0.928717 0.420056 0.930956 0.414543 0.931134 0.4178 0.928717 0.420056 0.931134 0.4178 0.93115 0.42006 0.85027 0.399201 0.85027 0.396129 0.912302 0.399308 0.912302 0.399308 0.85027 0.396129 0.912302 0.396236 0.912302 0.399308 0.912302 0.396236 0.916905 0.399633 0.916905 0.399633 0.912302 0.396236 0.9154 0.396335 0.916905 0.399633 0.9154 0.396335 0.917382 0.396619 0.833855 0.498191 0.831421 0.498186 0.833855 0.419891 0.833855 0.419891 0.831421 0.498186 0.831421 0.419887 0.833855 0.419891 0.831421 0.419887 0.834106 0.414081 0.834106 0.414081 0.831421 0.419887 0.831495 0.415977 0.834106 0.414081 0.831495 0.415977 0.831718 0.413475 0.840801 0.39818 0.842707 0.397239 0.843028 0.400345 0.843028 0.400345 0.842707 0.397239 0.844555 0.396639 0.843028 0.400345 0.844555 0.396639 0.846452 0.399378 0.846452 0.399378 0.844555 0.396639 0.8459 0.396366 0.846452 0.399378 0.8459 0.396366 0.85027 0.399201 0.85027 0.399201 0.8459 0.396366 0.848479 0.396147 0.85027 0.399201 0.848479 0.396147 0.85027 0.396129 0.83306 0.510142 0.832311 0.507734 0.834772 0.507333 0.834772 0.507333 0.832311 0.507734 0.831833 0.505401 0.834772 0.507333 0.831833 0.505401 0.834001 0.50301 0.834001 0.50301 0.831833 0.505401 0.831615 0.503703 0.834001 0.50301 0.831615 0.503703 0.833855 0.498191 0.833855 0.498191 0.831615 0.503703 0.831438 0.500447 0.833855 0.498191 0.831438 0.500447 0.831421 0.498186 0.989489 0.282176 0.990338 0.282176 0.991666 0.286493 0.989489 0.282176 0.991666 0.286493 0.990816 0.286493 0.990816 0.286493 0.991666 0.286493 0.99243 0.290515 0.990816 0.286493 0.99243 0.290515 0.99158 0.290515 0.99158 0.290515 0.99243 0.290515 0.992806 0.295007 0.99158 0.290515 0.992806 0.295007 0.991957 0.295007 0.991957 0.295007 0.992806 0.295007 0.992763 0.29965 0.991957 0.295007 0.992763 0.29965 0.991914 0.29965 0.991914 0.29965 0.992763 0.29965 0.992288 0.304173 0.991914 0.29965 0.992288 0.304173 0.991439 0.304173 0.991439 0.304173 0.992288 0.304173 0.991488 0.307926 0.991439 0.304173 0.991488 0.307926 0.990638 0.307926 0.990638 0.307926 0.991488 0.307926 0.990377 0.311477 0.990638 0.307926 0.990377 0.311477 0.989528 0.311477 0.990338 0.282176 0.989489 0.282176 0.971429 0.227025 0.971429 0.227025 0.989489 0.282176 0.97058 0.227025 0.48312 0.30425 0.483859 0.304145 0.483794 0.309824 0.48312 0.30425 0.483794 0.309824 0.483055 0.309929 0.483055 0.309929 0.483794 0.309824 0.484336 0.314395 0.483055 0.309929 0.484336 0.314395 0.483597 0.3145 0.483597 0.3145 0.484336 0.314395 0.485549 0.318776 0.483597 0.3145 0.485549 0.318776 0.48481 0.318882 0.48481 0.318882 0.485549 0.318776 0.487354 0.322649 0.48481 0.318882 0.487354 0.322649 0.486614 0.322754 0.486614 0.322754 0.487354 0.322649 0.489663 0.325762 0.486614 0.322754 0.489663 0.325762 0.488924 0.325868 0.968095 0.221408 0.968944 0.221408 0.970221 0.223761 0.968095 0.221408 0.970221 0.223761 0.969372 0.223761 0.969372 0.223761 0.970221 0.223761 0.971429 0.227025 0.969372 0.223761 0.971429 0.227025 0.97058 0.227025 0.483859 0.304145 0.48312 0.30425 0.487178 0.22864 0.487178 0.22864 0.48312 0.30425 0.486438 0.2287459 0.487042 0.423777 0.487942 0.423769 0.487906 0.429468 0.487042 0.423777 0.487906 0.429468 0.487005 0.429477 0.487005 0.429477 0.487906 0.429468 0.487799 0.433657 0.487005 0.429477 0.487799 0.433657 0.486898 0.433665 0.486898 0.433665 0.487799 0.433657 0.487606 0.437205 0.486898 0.433665 0.487606 0.437205 0.486705 0.437214 0.486705 0.437214 0.487606 0.437205 0.48734 0.439849 0.486705 0.437214 0.48734 0.439849 0.486439 0.439857 0.488924 0.216684 0.489663 0.216579 0.488228 0.2201009 0.488924 0.216684 0.488228 0.2201009 0.487489 0.220206 0.487489 0.220206 0.488228 0.2201009 0.487488 0.224037 0.487489 0.220206 0.487488 0.224037 0.486748 0.224142 0.486748 0.224142 0.487488 0.224037 0.487178 0.22864 0.486748 0.224142 0.487178 0.22864 0.486438 0.2287459 0.487942 0.423769 0.487042 0.423777 0.488104 0.346338 0.488104 0.346338 0.487042 0.423777 0.487204 0.346347 0.970765 0.367057 0.971614 0.367057 0.970145 0.370959 0.970765 0.367057 0.970145 0.370959 0.969296 0.370959 0.611173 0.329606 0.611686 0.329599 0.612755 0.334025 0.611173 0.329606 0.612755 0.334025 0.612242 0.334032 0.486439 0.325876 0.48734 0.325868 0.487638 0.328836 0.486439 0.325876 0.487638 0.328836 0.486737 0.328844 0.486737 0.328844 0.487638 0.328836 0.487875 0.332655 0.486737 0.328844 0.487875 0.332655 0.486974 0.332663 0.486974 0.332663 0.487875 0.332655 0.488035 0.337127 0.486974 0.332663 0.488035 0.337127 0.487134 0.337136 0.487134 0.337136 0.488035 0.337127 0.4881 0.341546 0.487134 0.337136 0.4881 0.341546 0.487199 0.341554 0.487199 0.341554 0.4881 0.341546 0.488104 0.346338 0.487199 0.341554 0.488104 0.346338 0.487204 0.346347 0.971614 0.367057 0.970765 0.367057 0.990377 0.311477 0.990377 0.311477 0.970765 0.367057 0.989528 0.311477 0.700964 0.342924 0.700303 0.346821 0.697324 0.344198 0.697324 0.344198 0.700303 0.346821 0.696386 0.347737 0.697324 0.344198 0.696386 0.347737 0.692539 0.344514 0.692539 0.344514 0.696386 0.347737 0.692555 0.347887 0.692539 0.344514 0.692555 0.347887 0.628047 0.344514 0.628047 0.344514 0.692555 0.347887 0.628062 0.347887 0.628047 0.344514 0.628062 0.347887 0.624076 0.34433 0.624076 0.34433 0.628062 0.347887 0.623738 0.347676 0.624076 0.34433 0.623738 0.347676 0.620512 0.343357 0.620512 0.343357 0.623738 0.347676 0.619898 0.346662 0.620512 0.343357 0.619898 0.346662 0.617048 0.341163 0.617048 0.341163 0.619898 0.346662 0.616371 0.344655 0.617048 0.341163 0.616371 0.344655 0.614245 0.337982 0.614245 0.337982 0.616371 0.344655 0.613287 0.341698 0.614245 0.337982 0.613287 0.341698 0.612242 0.334032 0.707796 0.235262 0.711009 0.236087 0.708865 0.239688 0.708865 0.239688 0.711009 0.236087 0.711786 0.240847 0.708865 0.239688 0.711786 0.240847 0.709152 0.245499 0.709152 0.245499 0.711786 0.240847 0.71193 0.245499 0.709152 0.245499 0.71193 0.245499 0.70951 0.323796 0.70951 0.323796 0.71193 0.245499 0.712289 0.323796 0.70951 0.323796 0.712289 0.323796 0.709381 0.328614 0.709381 0.328614 0.712289 0.323796 0.712139 0.329044 0.709381 0.328614 0.712139 0.329044 0.708599 0.332936 0.708599 0.332936 0.712139 0.329044 0.711325 0.3337 0.708599 0.332936 0.711325 0.3337 0.706811 0.33713 0.706811 0.33713 0.711325 0.3337 0.709691 0.337971 0.706811 0.33713 0.709691 0.337971 0.704206 0.340515 0.704206 0.340515 0.709691 0.337971 0.707273 0.341698 0.704206 0.340515 0.707273 0.341698 0.700964 0.342924 0.700964 0.342924 0.707273 0.341698 0.704009 0.344809 0.700964 0.342924 0.704009 0.344809 0.700303 0.346821 0.619074 0.22637 0.619735 0.222474 0.622714 0.225097 0.622714 0.225097 0.619735 0.222474 0.623652 0.221557 0.622714 0.225097 0.623652 0.221557 0.627499 0.22478 0.627499 0.22478 0.623652 0.221557 0.627483 0.221408 0.627499 0.22478 0.627483 0.221408 0.691992 0.22478 0.691992 0.22478 0.627483 0.221408 0.691976 0.221408 0.691992 0.22478 0.691976 0.221408 0.695962 0.224964 0.695962 0.224964 0.691976 0.221408 0.6963 0.2216179 0.695962 0.224964 0.6963 0.2216179 0.699526 0.225937 0.699526 0.225937 0.6963 0.2216179 0.70014 0.222632 0.699526 0.225937 0.70014 0.222632 0.70299 0.228132 0.70299 0.228132 0.70014 0.222632 0.703667 0.22464 0.70299 0.228132 0.703667 0.22464 0.705793 0.231313 0.705793 0.231313 0.703667 0.22464 0.706751 0.227596 0.705793 0.231313 0.706751 0.227596 0.707796 0.235262 0.707796 0.235262 0.706751 0.227596 0.709331 0.231576 0.707796 0.235262 0.709331 0.231576 0.711009 0.236087 0.613287 0.341698 0.610707 0.337719 0.612242 0.334032 0.612242 0.334032 0.610707 0.337719 0.609029 0.333207 0.612242 0.334032 0.609029 0.333207 0.611173 0.329606 0.611173 0.329606 0.609029 0.333207 0.608252 0.328447 0.611173 0.329606 0.608252 0.328447 0.610886 0.323796 0.610886 0.323796 0.608252 0.328447 0.608108 0.323796 0.610886 0.323796 0.608108 0.323796 0.610528 0.245499 0.610528 0.245499 0.608108 0.323796 0.607749 0.245499 0.610528 0.245499 0.607749 0.245499 0.610657 0.24068 0.610657 0.24068 0.607749 0.245499 0.607899 0.240251 0.610657 0.24068 0.607899 0.240251 0.611439 0.236358 0.611439 0.236358 0.607899 0.240251 0.608713 0.235595 0.611439 0.236358 0.608713 0.235595 0.613227 0.232165 0.613227 0.232165 0.608713 0.235595 0.610347 0.231324 0.613227 0.232165 0.610347 0.231324 0.615832 0.22878 0.615832 0.22878 0.610347 0.231324 0.612765 0.227596 0.615832 0.22878 0.612765 0.227596 0.619074 0.22637 0.619074 0.22637 0.612765 0.227596 0.616029 0.2244859 0.619074 0.22637 0.616029 0.2244859 0.619735 0.222474 0.55081 0.514877 0.582939 0.514711 0.582898 0.519289 0.963489 0.408786 0.937069 0.412218 0.937473 0.407212 0.963489 0.408786 0.937473 0.407212 0.963893 0.40378 0.963893 0.40378 0.937473 0.407212 0.937746 0.405428 0.963893 0.40378 0.937746 0.405428 0.964723 0.399541 0.937746 0.405428 0.938303 0.402973 0.964723 0.399541 0.964723 0.399541 0.938303 0.402973 0.938749 0.401554 0.964723 0.399541 0.938749 0.401554 0.966098 0.395916 0.938749 0.401554 0.939678 0.399348 0.966098 0.395916 0.707102 0.35362 0.687452 0.354318 0.686624 0.352895 0.582053 0.533866 0.55004 0.533271 0.582355 0.531496 0.55004 0.533271 0.550226 0.531662 0.582355 0.531496 0.582355 0.531496 0.550226 0.531662 0.550322 0.530596 0.582355 0.531496 0.550322 0.530596 0.582617 0.528023 0.550322 0.530596 0.550488 0.528188 0.582617 0.528023 0.582617 0.528023 0.550488 0.528188 0.550545 0.527135 0.582617 0.528023 0.550545 0.527135 0.582799 0.523861 0.550545 0.527135 0.550669 0.524026 0.582799 0.523861 0.582799 0.523861 0.550669 0.524026 0.550691 0.523315 0.582799 0.523861 0.550691 0.523315 0.582898 0.519289 0.582898 0.519289 0.550691 0.523315 0.550769 0.519454 0.582898 0.519289 0.550769 0.519454 0.55081 0.514877 0.564195 0.451924 0.568411 0.460051 0.567702 0.458992 0.563855 0.505528 0.582939 0.514711 0.562321 0.505943 0.562321 0.505943 0.582939 0.514711 0.55081 0.514877 0.562321 0.505943 0.55081 0.514877 0.560792 0.505544 0.560792 0.505544 0.55081 0.514877 0.559678 0.504438 0.583429 0.437282 0.564228 0.446662 0.5513 0.437448 0.5513 0.437448 0.564228 0.446662 0.562699 0.446263 0.556355 0.492588 0.55671 0.49441 0.55081 0.514877 0.567702 0.458992 0.564522 0.455835 0.564195 0.451924 0.564195 0.451924 0.564522 0.455835 0.563455 0.45513 0.564195 0.451924 0.563455 0.45513 0.562661 0.452339 0.562661 0.452339 0.563455 0.45513 0.562192 0.454887 0.562661 0.452339 0.562192 0.454887 0.561132 0.451939 0.561132 0.451939 0.562192 0.454887 0.561399 0.454891 0.561132 0.451939 0.561399 0.454891 0.559558 0.455263 0.559678 0.504438 0.55081 0.514877 0.559278 0.502921 0.559278 0.502921 0.55081 0.514877 0.55671 0.49441 0.559278 0.502921 0.55671 0.49441 0.559698 0.501401 0.559698 0.501401 0.55671 0.49441 0.557741 0.49595 0.559698 0.501401 0.557741 0.49595 0.560826 0.500283 0.557741 0.49595 0.559293 0.496975 0.560826 0.500283 0.560826 0.500283 0.559293 0.496975 0.56113 0.497328 0.560826 0.500283 0.56113 0.497328 0.56236 0.499868 0.56236 0.499868 0.56113 0.497328 0.563622 0.497315 0.56236 0.499868 0.563622 0.497315 0.563888 0.500267 0.563888 0.500267 0.563622 0.497315 0.565463 0.496943 0.563888 0.500267 0.565463 0.496943 0.565002 0.501373 0.556355 0.492588 0.55081 0.514877 0.556564 0.459681 0.556564 0.459681 0.55081 0.514877 0.5513 0.437448 0.556564 0.459681 0.5513 0.437448 0.556941 0.457855 0.562699 0.446263 0.561165 0.446678 0.5513 0.437448 0.5513 0.437448 0.561165 0.446678 0.560037 0.447796 0.5513 0.437448 0.560037 0.447796 0.559617 0.449317 0.563855 0.505528 0.564983 0.504411 0.582939 0.514711 0.582939 0.514711 0.564983 0.504411 0.565403 0.50289 0.582939 0.514711 0.565403 0.50289 0.565002 0.501373 0.556941 0.457855 0.5513 0.437448 0.557993 0.456304 0.557993 0.456304 0.5513 0.437448 0.559617 0.449317 0.557993 0.456304 0.559617 0.449317 0.559558 0.455263 0.559558 0.455263 0.559617 0.449317 0.560018 0.450833 0.559558 0.455263 0.560018 0.450833 0.561132 0.451939 0.565463 0.496943 0.567028 0.495902 0.565002 0.501373 0.565002 0.501373 0.567028 0.495902 0.568079 0.494351 0.565002 0.501373 0.568079 0.494351 0.582939 0.514711 0.582939 0.514711 0.568079 0.494351 0.568456 0.492526 0.582939 0.514711 0.568456 0.492526 0.583429 0.437282 0.583429 0.437282 0.568456 0.492526 0.568654 0.461303 0.583429 0.437282 0.568654 0.461303 0.568411 0.460051 0.564195 0.451924 0.565323 0.450806 0.568411 0.460051 0.568411 0.460051 0.565323 0.450806 0.565743 0.449285 0.568411 0.460051 0.565743 0.449285 0.583429 0.437282 0.583429 0.437282 0.565743 0.449285 0.565342 0.447768 0.583429 0.437282 0.565342 0.447768 0.564228 0.446662 0.429223 0.519287 0.459518 0.518721 0.458427 0.521939 0.583429 0.437282 0.5513 0.437448 0.551317 0.432226 0.583429 0.437282 0.551317 0.432226 0.583446 0.432061 0.583446 0.432061 0.551317 0.432226 0.551307 0.430278 0.583446 0.432061 0.551307 0.430278 0.583398 0.427306 0.551307 0.430278 0.551269 0.427471 0.583398 0.427306 0.583398 0.427306 0.551269 0.427471 0.551232 0.425764 0.583398 0.427306 0.551232 0.425764 0.583272 0.422784 0.551232 0.425764 0.551143 0.422949 0.583272 0.422784 0.583272 0.422784 0.551143 0.422949 0.551077 0.421371 0.583272 0.422784 0.551077 0.421371 0.58307 0.418659 0.551077 0.421371 0.550941 0.418824 0.58307 0.418659 0.58307 0.418659 0.550941 0.418824 0.550853 0.417499 0.58307 0.418659 0.550853 0.417499 0.582787 0.414991 0.550853 0.417499 0.550658 0.415157 0.582787 0.414991 0.582787 0.414991 0.550658 0.415157 0.550573 0.414344 0.582787 0.414991 0.550573 0.414344 0.582456 0.412331 0.591897 0.336816 0.590757 0.333467 0.609029 0.333207 0.609029 0.333207 0.590757 0.333467 0.590575 0.332716 0.609029 0.333207 0.590575 0.332716 0.608252 0.328447 0.608252 0.328447 0.590575 0.332716 0.58998 0.328707 0.458427 0.521939 0.428132 0.522504 0.429223 0.519287 0.477241 0.4628 0.459518 0.518721 0.446945 0.463366 0.446945 0.463366 0.459518 0.518721 0.429223 0.519287 0.446265 0.429301 0.47656 0.428736 0.477711 0.432098 0.477241 0.4628 0.446945 0.463366 0.44808 0.45947 0.477241 0.4628 0.44808 0.45947 0.478375 0.458905 0.478375 0.458905 0.44808 0.45947 0.44844 0.457888 0.478375 0.458905 0.44844 0.457888 0.479171 0.45487 0.44844 0.457888 0.448875 0.455435 0.479171 0.45487 0.479171 0.45487 0.448875 0.455435 0.449085 0.453831 0.479171 0.45487 0.449085 0.453831 0.479627 0.450414 0.449085 0.453831 0.449331 0.45098 0.479627 0.450414 0.479627 0.450414 0.449331 0.45098 0.449408 0.449256 0.479627 0.450414 0.449408 0.449256 0.479718 0.445684 0.449408 0.449256 0.449422 0.446249 0.479718 0.445684 0.479718 0.445684 0.449422 0.446249 0.449364 0.444551 0.479718 0.445684 0.449364 0.444551 0.479408 0.440677 0.449364 0.444551 0.449113 0.441243 0.479408 0.440677 0.479408 0.440677 0.449113 0.441243 0.448963 0.439967 0.479408 0.440677 0.448963 0.439967 0.478715 0.436083 0.448963 0.439967 0.44842 0.436649 0.478715 0.436083 0.478715 0.436083 0.44842 0.436649 0.448277 0.435968 0.478715 0.436083 0.448277 0.435968 0.477711 0.432098 0.477711 0.432098 0.448277 0.435968 0.447415 0.432663 0.477711 0.432098 0.447415 0.432663 0.446265 0.429301 0.435476 0.380849 0.435099 0.381245 0.42633 0.374513 0.42633 0.374513 0.435099 0.381245 0.435101 0.381775 0.42633 0.374513 0.435101 0.381775 0.446265 0.429301 0.446265 0.429301 0.435101 0.381775 0.449668 0.421812 0.446265 0.429301 0.449668 0.421812 0.45005 0.422336 0.467413 0.4224 0.467791 0.422005 0.47656 0.428736 0.47656 0.428736 0.467791 0.422005 0.467789 0.421474 0.47656 0.428736 0.467789 0.421474 0.456625 0.373948 0.456625 0.373948 0.467789 0.421474 0.453221 0.381437 0.456625 0.373948 0.453221 0.381437 0.45284 0.380913 0.45284 0.380913 0.452182 0.380537 0.456625 0.373948 0.456625 0.373948 0.452182 0.380537 0.451422 0.38041 0.456625 0.373948 0.451422 0.38041 0.42633 0.374513 0.42633 0.374513 0.451422 0.38041 0.436133 0.380695 0.42633 0.374513 0.436133 0.380695 0.435476 0.380849 0.45005 0.422336 0.450708 0.422712 0.446265 0.429301 0.446265 0.429301 0.450708 0.422712 0.451468 0.42284 0.446265 0.429301 0.451468 0.42284 0.47656 0.428736 0.47656 0.428736 0.451468 0.42284 0.466757 0.422554 0.47656 0.428736 0.466757 0.422554 0.467413 0.4224 0.93283 0.487677 0.95925 0.484245 0.959083 0.488764 0.456625 0.373948 0.42633 0.374513 0.424946 0.370991 0.456625 0.373948 0.424946 0.370991 0.455241 0.370426 0.455241 0.370426 0.424946 0.370991 0.424389 0.369855 0.455241 0.370426 0.424389 0.369855 0.453826 0.367892 0.424389 0.369855 0.423531 0.368457 0.453826 0.367892 0.966098 0.509755 0.939678 0.513187 0.938782 0.512183 0.966098 0.509755 0.938782 0.512183 0.963773 0.506775 0.938782 0.512183 0.937353 0.510207 0.963773 0.506775 0.963773 0.506775 0.937353 0.510207 0.936581 0.508902 0.963773 0.506775 0.936581 0.508902 0.961808 0.503013 0.936581 0.508902 0.935388 0.506445 0.961808 0.503013 0.961808 0.503013 0.935388 0.506445 0.934799 0.504958 0.961808 0.503013 0.934799 0.504958 0.960251 0.498417 0.934799 0.504958 0.933831 0.501849 0.960251 0.498417 0.960251 0.498417 0.933831 0.501849 0.933525 0.50057 0.960251 0.498417 0.933525 0.50057 0.959348 0.493577 0.933525 0.50057 0.932928 0.497008 0.959348 0.493577 0.959348 0.493577 0.932928 0.497008 0.932846 0.496231 0.959348 0.493577 0.932846 0.496231 0.959083 0.488764 0.959083 0.488764 0.932846 0.496231 0.932664 0.492196 0.959083 0.488764 0.932664 0.492196 0.93283 0.487677 0.941319 0.456607 0.944133 0.458536 0.93283 0.487677 0.95925 0.484245 0.951078 0.457634 0.954152 0.45494 0.93283 0.487677 0.944133 0.458536 0.95925 0.484245 0.95925 0.484245 0.944133 0.458536 0.94756 0.458897 0.95925 0.484245 0.94756 0.458897 0.951078 0.457634 0.954999 0.439856 0.952185 0.437927 0.963489 0.408786 0.963489 0.408786 0.952185 0.437927 0.948758 0.437566 0.963489 0.408786 0.948758 0.437566 0.937069 0.412218 0.937069 0.412218 0.948758 0.437566 0.94524 0.438829 0.937069 0.412218 0.94524 0.438829 0.942167 0.441523 0.942167 0.441523 0.940005 0.445239 0.937069 0.412218 0.937069 0.412218 0.940005 0.445239 0.939085 0.44941 0.937069 0.412218 0.939085 0.44941 0.93283 0.487677 0.93283 0.487677 0.939085 0.44941 0.939547 0.453402 0.93283 0.487677 0.939547 0.453402 0.941319 0.456607 0.954152 0.45494 0.956313 0.451224 0.95925 0.484245 0.95925 0.484245 0.956313 0.451224 0.957233 0.447053 0.95925 0.484245 0.957233 0.447053 0.963489 0.408786 0.963489 0.408786 0.957233 0.447053 0.956772 0.443061 0.963489 0.408786 0.956772 0.443061 0.954999 0.439856 0.937069 0.412218 0.93283 0.487677 0.935977 0.412395 0.935977 0.412395 0.93283 0.487677 0.931738 0.487854 0.689527 0.36844 0.692076 0.446698 0.68782 0.368499 0.68782 0.368499 0.692076 0.446698 0.69037 0.446756 0.68782 0.368499 0.69037 0.446756 0.685923 0.368562 0.685923 0.368562 0.69037 0.446756 0.688472 0.44682 0.685923 0.368562 0.688472 0.44682 0.684482 0.36861 0.684482 0.36861 0.688472 0.44682 0.687032 0.446867 0.684482 0.36861 0.687032 0.446867 0.683066 0.368656 0.683066 0.368656 0.687032 0.446867 0.685616 0.446914 0.683066 0.368656 0.685616 0.446914 0.680967 0.368724 0.685616 0.446914 0.683516 0.446981 0.680967 0.368724 0.680967 0.368724 0.683516 0.446981 0.68284 0.447003 0.680967 0.368724 0.68284 0.447003 0.678929 0.368788 0.678929 0.368788 0.68284 0.447003 0.680359 0.447081 0.678929 0.368788 0.680359 0.447081 0.677809 0.368823 0.424981 0.374617 0.422923 0.375065 0.422918 0.37321 0.422923 0.375065 0.420997 0.375814 0.420382 0.374154 0.672002 0.467689 0.671082 0.465203 0.674007 0.464744 0.679904 0.454476 0.680137 0.453409 0.681232 0.453722 0.680359 0.447081 0.681517 0.450926 0.680395 0.450915 0.679904 0.454476 0.681232 0.453722 0.679509 0.455736 0.675179 0.461199 0.676216 0.460478 0.677673 0.460871 0.668926 0.462498 0.669906 0.462464 0.670794 0.463758 0.671082 0.465203 0.670794 0.463758 0.673531 0.463331 0.671082 0.465203 0.673531 0.463331 0.674007 0.464744 0.674007 0.464744 0.673531 0.463331 0.675701 0.462411 0.674007 0.464744 0.675701 0.462411 0.676412 0.463723 0.680436 0.459697 0.678608 0.462008 0.679318 0.458791 0.679318 0.458791 0.678608 0.462008 0.677673 0.460871 0.681517 0.450926 0.680359 0.447081 0.682878 0.451011 0.684378 0.458013 0.685742 0.458471 0.684972 0.460264 0.42633 0.374513 0.424981 0.374617 0.424354 0.372926 0.42633 0.374513 0.424354 0.372926 0.424946 0.370991 0.424946 0.370991 0.424354 0.372926 0.423045 0.369971 0.424946 0.370991 0.423045 0.369971 0.424389 0.369855 0.424389 0.369855 0.423045 0.369971 0.422373 0.368843 0.424389 0.369855 0.422373 0.368843 0.423531 0.368457 0.939678 0.513187 0.938856 0.513551 0.937658 0.512247 0.939678 0.513187 0.937658 0.512247 0.938782 0.512183 0.938782 0.512183 0.937658 0.512247 0.936519 0.510712 0.938782 0.512183 0.936519 0.510712 0.937353 0.510207 0.937353 0.510207 0.936519 0.510712 0.935469 0.508983 0.937353 0.510207 0.935469 0.508983 0.936581 0.508902 0.936581 0.508902 0.935469 0.508983 0.934522 0.507085 0.936581 0.508902 0.934522 0.507085 0.935388 0.506445 0.935388 0.506445 0.934522 0.507085 0.933696 0.50506 0.935388 0.506445 0.933696 0.50506 0.934799 0.504958 0.934799 0.504958 0.933696 0.50506 0.932999 0.50293 0.934799 0.504958 0.932999 0.50293 0.933831 0.501849 0.933831 0.501849 0.932999 0.50293 0.932429 0.500695 0.933831 0.501849 0.932429 0.500695 0.933525 0.50057 0.933525 0.50057 0.932429 0.500695 0.932025 0.498541 0.933525 0.50057 0.932025 0.498541 0.932928 0.497008 0.932928 0.497008 0.932025 0.498541 0.931753 0.496379 0.932928 0.497008 0.931753 0.496379 0.932846 0.496231 0.932846 0.496231 0.931753 0.496379 0.931572 0.49227 0.932846 0.496231 0.931572 0.49227 0.932664 0.492196 0.932664 0.492196 0.931572 0.49227 0.931738 0.487854 0.932664 0.492196 0.931738 0.487854 0.93283 0.487677 0.672002 0.467689 0.670151 0.467768 0.671082 0.465203 0.671082 0.465203 0.670151 0.467768 0.669458 0.465939 0.671082 0.465203 0.669458 0.465939 0.670794 0.463758 0.670794 0.463758 0.669458 0.465939 0.66903 0.463833 0.670794 0.463758 0.66903 0.463833 0.668926 0.462498 0.679401 0.465067 0.678063 0.46598 0.676412 0.463723 0.676412 0.463723 0.678063 0.46598 0.676663 0.466682 0.676412 0.463723 0.676663 0.466682 0.674007 0.464744 0.674007 0.464744 0.676663 0.466682 0.675252 0.467174 0.674007 0.464744 0.675252 0.467174 0.672002 0.467689 0.669906 0.462464 0.67066 0.462425 0.670794 0.463758 0.670794 0.463758 0.67066 0.462425 0.673468 0.461955 0.670794 0.463758 0.673468 0.461955 0.673531 0.463331 0.673531 0.463331 0.673468 0.461955 0.675179 0.461199 0.673531 0.463331 0.675179 0.461199 0.675701 0.462411 0.675701 0.462411 0.675179 0.461199 0.677673 0.460871 0.675701 0.462411 0.677673 0.460871 0.676412 0.463723 0.676412 0.463723 0.677673 0.460871 0.678608 0.462008 0.676412 0.463723 0.678608 0.462008 0.679401 0.465067 0.683656 0.459695 0.682792 0.461251 0.680436 0.459697 0.680436 0.459697 0.682792 0.461251 0.681785 0.462679 0.680436 0.459697 0.681785 0.462679 0.678608 0.462008 0.678608 0.462008 0.681785 0.462679 0.680647 0.463962 0.678608 0.462008 0.680647 0.463962 0.679401 0.465067 0.684378 0.458013 0.683656 0.459695 0.681786 0.456943 0.681786 0.456943 0.683656 0.459695 0.680436 0.459697 0.681786 0.456943 0.680436 0.459697 0.680531 0.456317 0.680531 0.456317 0.680436 0.459697 0.679318 0.458791 0.684378 0.458013 0.684972 0.460264 0.683656 0.459695 0.683656 0.459695 0.684972 0.460264 0.684052 0.46192 0.683656 0.459695 0.684052 0.46192 0.682792 0.461251 0.682792 0.461251 0.684052 0.46192 0.682981 0.463441 0.682792 0.461251 0.682981 0.463441 0.681785 0.462679 0.681785 0.462679 0.682981 0.463441 0.681769 0.464806 0.681785 0.462679 0.681769 0.464806 0.680647 0.463962 0.680647 0.463962 0.681769 0.464806 0.680442 0.465983 0.680647 0.463962 0.680442 0.465983 0.679401 0.465067 0.679401 0.465067 0.680442 0.465983 0.679015 0.466956 0.679401 0.465067 0.679015 0.466956 0.678063 0.46598 0.678063 0.46598 0.679015 0.466956 0.677525 0.467704 0.678063 0.46598 0.677525 0.467704 0.676663 0.466682 0.676663 0.466682 0.677525 0.467704 0.676028 0.468226 0.676663 0.466682 0.676028 0.468226 0.675252 0.467174 0.416871 0.373093 0.417946 0.372159 0.419139 0.374858 0.416871 0.373093 0.419139 0.374858 0.418014 0.37568 0.418014 0.37568 0.419139 0.374858 0.419724 0.376515 0.418014 0.37568 0.419724 0.376515 0.418614 0.377301 0.680137 0.453409 0.680395 0.450915 0.681232 0.453722 0.681232 0.453722 0.680395 0.450915 0.681517 0.450926 0.681232 0.453722 0.681517 0.450926 0.682566 0.454057 0.682566 0.454057 0.681517 0.450926 0.682878 0.451011 0.682566 0.454057 0.682878 0.451011 0.685295 0.454622 0.685295 0.454622 0.682878 0.451011 0.685653 0.451143 0.685295 0.454622 0.685653 0.451143 0.686718 0.45486 0.686718 0.45486 0.685653 0.451143 0.687097 0.451193 0.686718 0.45486 0.687097 0.451193 0.688113 0.455057 0.688113 0.455057 0.687097 0.451193 0.688509 0.451228 0.680359 0.447081 0.68284 0.447003 0.682878 0.451011 0.682878 0.451011 0.68284 0.447003 0.683516 0.446981 0.682878 0.451011 0.683516 0.446981 0.685653 0.451143 0.685653 0.451143 0.683516 0.446981 0.685616 0.446914 0.685653 0.451143 0.685616 0.446914 0.687097 0.451193 0.687097 0.451193 0.685616 0.446914 0.687032 0.446867 0.687097 0.451193 0.687032 0.446867 0.688509 0.451228 0.688509 0.451228 0.687032 0.446867 0.688472 0.44682 0.422923 0.375065 0.420382 0.374154 0.422918 0.37321 0.422918 0.37321 0.420382 0.374154 0.419146 0.37136 0.422918 0.37321 0.419146 0.37136 0.421625 0.370291 0.421625 0.370291 0.419146 0.37136 0.420964 0.369181 0.420964 0.369181 0.419146 0.37136 0.418522 0.370314 0.680235 0.46968 0.678443 0.468566 0.681905 0.468843 0.681905 0.468843 0.678443 0.468566 0.680011 0.467779 0.681905 0.468843 0.680011 0.467779 0.683505 0.467752 0.683505 0.467752 0.680011 0.467779 0.681512 0.466756 0.683505 0.467752 0.681512 0.466756 0.684993 0.466433 0.684993 0.466433 0.681512 0.466756 0.682909 0.465517 0.684993 0.466433 0.682909 0.465517 0.686349 0.464904 0.686349 0.464904 0.682909 0.465517 0.684183 0.464081 0.686349 0.464904 0.684183 0.464081 0.687547 0.463203 0.687547 0.463203 0.684183 0.464081 0.685309 0.462483 0.687547 0.463203 0.685309 0.462483 0.688578 0.461348 0.688578 0.461348 0.685309 0.462483 0.686277 0.460741 0.688578 0.461348 0.686277 0.460741 0.68944 0.459338 0.68944 0.459338 0.686277 0.460741 0.687086 0.458854 0.68944 0.459338 0.687086 0.458854 0.690076 0.457345 0.690534 0.455294 0.690076 0.457345 0.687683 0.456984 0.687683 0.456984 0.690076 0.457345 0.687086 0.458854 0.687683 0.456984 0.687086 0.458854 0.685742 0.458471 0.685742 0.458471 0.687086 0.458854 0.686277 0.460741 0.685742 0.458471 0.686277 0.460741 0.684972 0.460264 0.684972 0.460264 0.686277 0.460741 0.685309 0.462483 0.684972 0.460264 0.685309 0.462483 0.684052 0.46192 0.684052 0.46192 0.685309 0.462483 0.684183 0.464081 0.684052 0.46192 0.684183 0.464081 0.682981 0.463441 0.682981 0.463441 0.684183 0.464081 0.682909 0.465517 0.682981 0.463441 0.682909 0.465517 0.681769 0.464806 0.681769 0.464806 0.682909 0.465517 0.681512 0.466756 0.681769 0.464806 0.681512 0.466756 0.680442 0.465983 0.680442 0.465983 0.681512 0.466756 0.680011 0.467779 0.680442 0.465983 0.680011 0.467779 0.679015 0.466956 0.679015 0.466956 0.680011 0.467779 0.678443 0.468566 0.679015 0.466956 0.678443 0.468566 0.677525 0.467704 0.677525 0.467704 0.678443 0.468566 0.676872 0.469113 0.677525 0.467704 0.676872 0.469113 0.676028 0.468226 0.417946 0.372159 0.419146 0.37136 0.420382 0.374154 0.417946 0.372159 0.420382 0.374154 0.419139 0.374858 0.419139 0.374858 0.420382 0.374154 0.420997 0.375814 0.419139 0.374858 0.420997 0.375814 0.419724 0.376515 0.676216 0.460478 0.676945 0.459821 0.677673 0.460871 0.677673 0.460871 0.676945 0.459821 0.678432 0.457938 0.677673 0.460871 0.678432 0.457938 0.679318 0.458791 0.679318 0.458791 0.678432 0.457938 0.679509 0.455736 0.679318 0.458791 0.679509 0.455736 0.680531 0.456317 0.680531 0.456317 0.679509 0.455736 0.681232 0.453722 0.680531 0.456317 0.681232 0.453722 0.681786 0.456943 0.681786 0.456943 0.681232 0.453722 0.682566 0.454057 0.681786 0.456943 0.682566 0.454057 0.684378 0.458013 0.684378 0.458013 0.682566 0.454057 0.685295 0.454622 0.684378 0.458013 0.685295 0.454622 0.685742 0.458471 0.685742 0.458471 0.685295 0.454622 0.686718 0.45486 0.685742 0.458471 0.686718 0.45486 0.687683 0.456984 0.687683 0.456984 0.686718 0.45486 0.688113 0.455057 0.687683 0.456984 0.688113 0.455057 0.690534 0.455294 0.690534 0.455294 0.688113 0.455057 0.688509 0.451228 0.690534 0.455294 0.688509 0.451228 0.690953 0.451254 0.690953 0.451254 0.688509 0.451228 0.688472 0.44682 0.690953 0.451254 0.688472 0.44682 0.69037 0.446756 0.424981 0.374617 0.422918 0.37321 0.424354 0.372926 0.424354 0.372926 0.422918 0.37321 0.421625 0.370291 0.424354 0.372926 0.421625 0.370291 0.423045 0.369971 0.423045 0.369971 0.421625 0.370291 0.420964 0.369181 0.423045 0.369971 0.420964 0.369181 0.422373 0.368843 0.422373 0.368843 0.420964 0.369181 0.420241 0.368244 0.422373 0.368843 0.420241 0.368244 0.421638 0.36789 0.682908 0.469131 0.681905 0.468843 0.683505 0.467752 0.682908 0.469131 0.683505 0.467752 0.684536 0.468021 0.684536 0.468021 0.683505 0.467752 0.684993 0.466433 0.684536 0.468021 0.684993 0.466433 0.68605 0.466678 0.68605 0.466678 0.684993 0.466433 0.686349 0.464904 0.68605 0.466678 0.686349 0.464904 0.68743 0.465124 0.68743 0.465124 0.686349 0.464904 0.687547 0.463203 0.68743 0.465124 0.687547 0.463203 0.688649 0.463393 0.688649 0.463393 0.687547 0.463203 0.688578 0.461348 0.688649 0.463393 0.688578 0.461348 0.689698 0.461506 0.689698 0.461506 0.688578 0.461348 0.68944 0.459338 0.689698 0.461506 0.68944 0.459338 0.690575 0.45946 0.690575 0.45946 0.68944 0.459338 0.690076 0.457345 0.690575 0.45946 0.690076 0.457345 0.691222 0.457432 0.691222 0.457432 0.690076 0.457345 0.690534 0.455294 0.691222 0.457432 0.690534 0.455294 0.691688 0.455346 0.691688 0.455346 0.690534 0.455294 0.690953 0.451254 0.691688 0.455346 0.690953 0.451254 0.692113 0.451245 0.692113 0.451245 0.690953 0.451254 0.69037 0.446756 0.692113 0.451245 0.69037 0.446756 0.692076 0.446698 0.42633 0.374513 0.446265 0.429301 0.424981 0.374617 0.424981 0.374617 0.446265 0.429301 0.444916 0.429405 0.424981 0.374617 0.444916 0.429405 0.422923 0.375065 0.422923 0.375065 0.444916 0.429405 0.442858 0.429853 0.422923 0.375065 0.442858 0.429853 0.420997 0.375814 0.420997 0.375814 0.442858 0.429853 0.440932 0.430602 0.420997 0.375814 0.440932 0.430602 0.419724 0.376515 0.419724 0.376515 0.440932 0.430602 0.439659 0.431303 0.419724 0.376515 0.439659 0.431303 0.418614 0.377301 0.418614 0.377301 0.439659 0.431303 0.438549 0.43209 0.670151 0.467768 0.608148 0.46968 0.669458 0.465939 0.608148 0.46968 0.607455 0.467851 0.669458 0.465939 0.669458 0.465939 0.607455 0.467851 0.607284 0.467192 0.669458 0.465939 0.607284 0.467192 0.66903 0.463833 0.66903 0.463833 0.607284 0.467192 0.606923 0.464411 0.66903 0.463833 0.606923 0.464411 0.668926 0.462498 0.445593 0.463313 0.44352 0.462945 0.444688 0.461341 0.44352 0.462945 0.441565 0.462274 0.442101 0.460547 0.439649 0.459202 0.437786 0.457514 0.438531 0.454607 0.601052 0.463713 0.601902 0.464025 0.60173 0.465322 0.606923 0.464411 0.603952 0.465729 0.603884 0.464392 0.601052 0.463713 0.60173 0.465322 0.600047 0.463194 0.595643 0.45764 0.596232 0.458961 0.596003 0.460714 0.594509 0.449729 0.594552 0.450966 0.593599 0.451986 0.592658 0.452055 0.593599 0.451986 0.593984 0.455446 0.592658 0.452055 0.593984 0.455446 0.593071 0.455752 0.593071 0.455752 0.593984 0.455446 0.594749 0.4582 0.593071 0.455752 0.594749 0.4582 0.59392 0.458804 0.597179 0.463948 0.595316 0.461603 0.597679 0.462824 0.597679 0.462824 0.595316 0.461603 0.596003 0.460714 0.603952 0.465729 0.606923 0.464411 0.604107 0.467173 0.440907 0.441267 0.442141 0.440905 0.442355 0.442887 0.446945 0.463366 0.445593 0.463313 0.446139 0.461555 0.446945 0.463366 0.446139 0.461555 0.44808 0.45947 0.44808 0.45947 0.446139 0.461555 0.447084 0.457852 0.44808 0.45947 0.447084 0.457852 0.44844 0.457888 0.44844 0.457888 0.447084 0.457852 0.447436 0.455931 0.44844 0.457888 0.447436 0.455931 0.448875 0.455435 0.448875 0.455435 0.447436 0.455931 0.447726 0.453817 0.448875 0.455435 0.447726 0.453817 0.449085 0.453831 0.449085 0.453831 0.447726 0.453817 0.447931 0.451576 0.449085 0.453831 0.447931 0.451576 0.449331 0.45098 0.449331 0.45098 0.447931 0.451576 0.448046 0.449266 0.449331 0.45098 0.448046 0.449266 0.449408 0.449256 0.449408 0.449256 0.448046 0.449266 0.44807 0.44692 0.449408 0.449256 0.44807 0.44692 0.449422 0.446249 0.449422 0.446249 0.44807 0.44692 0.448003 0.444586 0.449422 0.446249 0.448003 0.444586 0.449364 0.444551 0.449364 0.444551 0.448003 0.444586 0.447848 0.442288 0.449364 0.444551 0.447848 0.442288 0.449113 0.441243 0.449113 0.441243 0.447848 0.442288 0.447604 0.440026 0.449113 0.441243 0.447604 0.440026 0.448963 0.439967 0.448963 0.439967 0.447604 0.440026 0.447297 0.437979 0.448963 0.439967 0.447297 0.437979 0.44842 0.436649 0.44842 0.436649 0.447297 0.437979 0.446922 0.436049 0.44842 0.436649 0.446922 0.436049 0.448277 0.435968 0.448277 0.435968 0.446922 0.436049 0.446041 0.432687 0.448277 0.435968 0.446041 0.432687 0.447415 0.432663 0.447415 0.432663 0.446041 0.432687 0.444916 0.429405 0.447415 0.432663 0.444916 0.429405 0.446265 0.429301 0.439649 0.459202 0.439125 0.460888 0.437786 0.457514 0.437786 0.457514 0.439125 0.460888 0.437678 0.45961 0.592658 0.452055 0.592191 0.449799 0.593599 0.451986 0.593599 0.451986 0.592191 0.449799 0.593511 0.449759 0.593599 0.451986 0.593511 0.449759 0.594509 0.449729 0.441177 0.450785 0.441008 0.452627 0.438987 0.451748 0.438987 0.451748 0.441008 0.452627 0.440769 0.454369 0.438987 0.451748 0.440769 0.454369 0.438531 0.454607 0.438531 0.454607 0.440769 0.454369 0.440476 0.455969 0.438531 0.454607 0.440476 0.455969 0.439649 0.459202 0.594552 0.450966 0.594596 0.451918 0.593599 0.451986 0.593599 0.451986 0.594596 0.451918 0.595015 0.455469 0.593599 0.451986 0.595015 0.455469 0.593984 0.455446 0.593984 0.455446 0.595015 0.455469 0.595643 0.45764 0.593984 0.455446 0.595643 0.45764 0.594749 0.4582 0.594749 0.4582 0.595643 0.45764 0.596003 0.460714 0.594749 0.4582 0.596003 0.460714 0.59392 0.458804 0.59392 0.458804 0.596003 0.460714 0.595316 0.461603 0.438987 0.451748 0.439211 0.448567 0.441177 0.450785 0.441108 0.443128 0.441236 0.445021 0.439181 0.445275 0.439181 0.445275 0.441236 0.445021 0.441291 0.446948 0.439181 0.445275 0.441291 0.446948 0.439211 0.448567 0.439211 0.448567 0.441291 0.446948 0.441271 0.448883 0.439211 0.448567 0.441271 0.448883 0.441177 0.450785 0.440907 0.441267 0.441108 0.443128 0.438901 0.442081 0.438901 0.442081 0.441108 0.443128 0.439181 0.445275 0.599385 0.465696 0.597179 0.463948 0.599661 0.464395 0.599661 0.464395 0.597179 0.463948 0.597679 0.462824 0.440907 0.441267 0.442355 0.442887 0.441108 0.443128 0.441108 0.443128 0.442355 0.442887 0.442491 0.444904 0.441108 0.443128 0.442491 0.444904 0.441236 0.445021 0.441236 0.445021 0.442491 0.444904 0.44255 0.446954 0.441236 0.445021 0.44255 0.446954 0.441291 0.446948 0.441291 0.446948 0.44255 0.446954 0.442529 0.449014 0.441291 0.446948 0.442529 0.449014 0.441271 0.448883 0.441271 0.448883 0.442529 0.449014 0.442428 0.45104 0.441271 0.448883 0.442428 0.45104 0.441177 0.450785 0.441177 0.450785 0.442428 0.45104 0.442248 0.453003 0.441177 0.450785 0.442248 0.453003 0.441008 0.452627 0.441008 0.452627 0.442248 0.453003 0.441994 0.454859 0.441008 0.452627 0.441994 0.454859 0.440769 0.454369 0.440769 0.454369 0.441994 0.454859 0.441683 0.456556 0.440769 0.454369 0.441683 0.456556 0.440476 0.455969 0.440476 0.455969 0.441683 0.456556 0.44082 0.459932 0.440476 0.455969 0.44082 0.459932 0.439649 0.459202 0.439649 0.459202 0.44082 0.459932 0.440265 0.461626 0.439649 0.459202 0.440265 0.461626 0.439125 0.460888 0.601902 0.464025 0.603884 0.464392 0.60173 0.465322 0.60173 0.465322 0.603884 0.464392 0.603952 0.465729 0.60173 0.465322 0.603952 0.465729 0.601686 0.466728 0.601686 0.466728 0.603952 0.465729 0.604107 0.467173 0.601686 0.466728 0.604107 0.467173 0.602031 0.469147 0.602031 0.469147 0.604107 0.467173 0.604795 0.469657 0.440345 0.43799 0.439597 0.435139 0.441542 0.437415 0.441542 0.437415 0.439597 0.435139 0.440754 0.434409 0.441542 0.437415 0.440754 0.434409 0.442846 0.436921 0.442846 0.436921 0.440754 0.434409 0.442024 0.433783 0.606923 0.464411 0.607284 0.467192 0.604107 0.467173 0.604107 0.467173 0.607284 0.467192 0.607455 0.467851 0.604107 0.467173 0.607455 0.467851 0.604795 0.469657 0.604795 0.469657 0.607455 0.467851 0.608148 0.46968 0.439597 0.435139 0.438549 0.43209 0.440754 0.434409 0.440754 0.434409 0.438549 0.43209 0.439659 0.431303 0.440754 0.434409 0.439659 0.431303 0.442024 0.433783 0.442024 0.433783 0.439659 0.431303 0.440932 0.430602 0.44352 0.462945 0.442101 0.460547 0.444688 0.461341 0.444688 0.461341 0.442101 0.460547 0.442994 0.45705 0.444688 0.461341 0.442994 0.45705 0.445621 0.457684 0.445621 0.457684 0.442994 0.45705 0.445968 0.455794 0.445968 0.455794 0.442994 0.45705 0.443321 0.45527 0.445968 0.455794 0.443321 0.45527 0.446252 0.453716 0.446252 0.453716 0.443321 0.45527 0.443588 0.453318 0.446252 0.453716 0.443588 0.453318 0.446454 0.451514 0.446454 0.451514 0.443588 0.453318 0.443778 0.451252 0.446454 0.451514 0.443778 0.451252 0.446567 0.449244 0.446567 0.449244 0.443778 0.451252 0.443884 0.449121 0.446567 0.449244 0.443884 0.449121 0.446591 0.446938 0.446591 0.446938 0.443884 0.449121 0.443905 0.446954 0.446591 0.446938 0.443905 0.446954 0.446525 0.444644 0.446525 0.444644 0.443905 0.446954 0.443844 0.444799 0.446525 0.444644 0.443844 0.444799 0.446373 0.442385 0.446373 0.442385 0.443844 0.444799 0.443701 0.442678 0.446373 0.442385 0.443701 0.442678 0.446133 0.440162 0.446133 0.440162 0.443701 0.442678 0.443476 0.440592 0.446133 0.440162 0.443476 0.440592 0.445831 0.438151 0.445462 0.436253 0.445831 0.438151 0.443192 0.438704 0.443192 0.438704 0.445831 0.438151 0.443476 0.440592 0.443192 0.438704 0.443476 0.440592 0.442141 0.440905 0.442141 0.440905 0.443476 0.440592 0.443701 0.442678 0.442141 0.440905 0.443701 0.442678 0.442355 0.442887 0.442355 0.442887 0.443701 0.442678 0.443844 0.444799 0.442355 0.442887 0.443844 0.444799 0.442491 0.444904 0.442491 0.444904 0.443844 0.444799 0.443905 0.446954 0.442491 0.444904 0.443905 0.446954 0.44255 0.446954 0.44255 0.446954 0.443905 0.446954 0.443884 0.449121 0.44255 0.446954 0.443884 0.449121 0.442529 0.449014 0.442529 0.449014 0.443884 0.449121 0.443778 0.451252 0.442529 0.449014 0.443778 0.451252 0.442428 0.45104 0.442428 0.45104 0.443778 0.451252 0.443588 0.453318 0.442428 0.45104 0.443588 0.453318 0.442248 0.453003 0.442248 0.453003 0.443588 0.453318 0.443321 0.45527 0.442248 0.453003 0.443321 0.45527 0.441994 0.454859 0.441994 0.454859 0.443321 0.45527 0.442994 0.45705 0.441994 0.454859 0.442994 0.45705 0.441683 0.456556 0.441683 0.456556 0.442994 0.45705 0.442101 0.460547 0.441683 0.456556 0.442101 0.460547 0.44082 0.459932 0.44082 0.459932 0.442101 0.460547 0.441565 0.462274 0.44082 0.459932 0.441565 0.462274 0.440265 0.461626 0.596232 0.458961 0.596766 0.459891 0.596003 0.460714 0.596003 0.460714 0.596766 0.459891 0.598283 0.461798 0.596003 0.460714 0.598283 0.461798 0.597679 0.462824 0.597679 0.462824 0.598283 0.461798 0.600047 0.463194 0.597679 0.462824 0.600047 0.463194 0.599661 0.464395 0.599661 0.464395 0.600047 0.463194 0.60173 0.465322 0.599661 0.464395 0.60173 0.465322 0.599385 0.465696 0.599385 0.465696 0.60173 0.465322 0.601686 0.466728 0.438901 0.442081 0.438422 0.439292 0.440907 0.441267 0.440907 0.441267 0.438422 0.439292 0.440345 0.43799 0.440907 0.441267 0.440345 0.43799 0.442141 0.440905 0.442141 0.440905 0.440345 0.43799 0.441542 0.437415 0.442141 0.440905 0.441542 0.437415 0.443192 0.438704 0.443192 0.438704 0.441542 0.437415 0.442846 0.436921 0.443192 0.438704 0.442846 0.436921 0.445462 0.436253 0.445462 0.436253 0.442846 0.436921 0.442024 0.433783 0.445462 0.436253 0.442024 0.433783 0.444595 0.432941 0.444595 0.432941 0.442024 0.433783 0.440932 0.430602 0.444595 0.432941 0.440932 0.430602 0.442858 0.429853 0.445593 0.463313 0.444688 0.461341 0.446139 0.461555 0.446139 0.461555 0.444688 0.461341 0.445621 0.457684 0.446139 0.461555 0.445621 0.457684 0.447084 0.457852 0.447084 0.457852 0.445621 0.457684 0.445968 0.455794 0.447084 0.457852 0.445968 0.455794 0.447436 0.455931 0.447436 0.455931 0.445968 0.455794 0.446252 0.453716 0.447436 0.455931 0.446252 0.453716 0.447726 0.453817 0.447726 0.453817 0.446252 0.453716 0.446454 0.451514 0.447726 0.453817 0.446454 0.451514 0.447931 0.451576 0.447931 0.451576 0.446454 0.451514 0.446567 0.449244 0.447931 0.451576 0.446567 0.449244 0.448046 0.449266 0.448046 0.449266 0.446567 0.449244 0.446591 0.446938 0.448046 0.449266 0.446591 0.446938 0.44807 0.44692 0.44807 0.44692 0.446591 0.446938 0.446525 0.444644 0.44807 0.44692 0.446525 0.444644 0.448003 0.444586 0.448003 0.444586 0.446525 0.444644 0.446373 0.442385 0.448003 0.444586 0.446373 0.442385 0.447848 0.442288 0.447848 0.442288 0.446373 0.442385 0.446133 0.440162 0.447848 0.442288 0.446133 0.440162 0.447604 0.440026 0.447604 0.440026 0.446133 0.440162 0.445831 0.438151 0.447604 0.440026 0.445831 0.438151 0.447297 0.437979 0.447297 0.437979 0.445831 0.438151 0.445462 0.436253 0.447297 0.437979 0.445462 0.436253 0.446922 0.436049 0.446922 0.436049 0.445462 0.436253 0.444595 0.432941 0.446922 0.436049 0.444595 0.432941 0.446041 0.432687 0.446041 0.432687 0.444595 0.432941 0.442858 0.429853 0.446041 0.432687 0.442858 0.429853 0.444916 0.429405 0.446945 0.463366 0.429223 0.519287 0.445593 0.463313 0.445593 0.463313 0.429223 0.519287 0.42787 0.519234 0.445593 0.463313 0.42787 0.519234 0.44352 0.462945 0.44352 0.462945 0.42787 0.519234 0.425797 0.518866 0.44352 0.462945 0.425797 0.518866 0.441565 0.462274 0.441565 0.462274 0.425797 0.518866 0.423842 0.518195 0.441565 0.462274 0.423842 0.518195 0.440265 0.461626 0.440265 0.461626 0.423842 0.518195 0.422543 0.517547 0.440265 0.461626 0.422543 0.517547 0.439125 0.460888 0.439125 0.460888 0.422543 0.517547 0.421402 0.516809 0.439125 0.460888 0.421402 0.516809 0.437678 0.45961 0.421402 0.516809 0.419955 0.51553 0.437678 0.45961 0.437678 0.45961 0.419955 0.51553 0.419555 0.515069 0.592191 0.449799 0.590018 0.37153 0.593511 0.449759 0.593511 0.449759 0.590018 0.37153 0.591959 0.371471 0.593511 0.449759 0.591959 0.371471 0.594509 0.449729 0.606923 0.464411 0.603884 0.464392 0.63462 0.441336 0.632658 0.381138 0.633794 0.382481 0.594509 0.449729 0.594509 0.449729 0.634159 0.439467 0.594552 0.450966 0.594552 0.450966 0.634159 0.439467 0.63462 0.441336 0.63462 0.441336 0.635756 0.442679 0.606923 0.464411 0.606923 0.464411 0.635756 0.442679 0.637263 0.443137 0.606923 0.464411 0.637263 0.443137 0.668926 0.462498 0.668926 0.462498 0.637263 0.443137 0.638736 0.442587 0.668926 0.462498 0.638736 0.442587 0.669906 0.462464 0.669906 0.462464 0.638736 0.442587 0.639783 0.441177 0.665395 0.354141 0.668435 0.35416 0.637699 0.377216 0.63966 0.437414 0.635301 0.382939 0.640121 0.439283 0.640121 0.439283 0.635301 0.382939 0.636775 0.382389 0.640121 0.439283 0.636775 0.382389 0.676216 0.460478 0.63462 0.441336 0.596232 0.458961 0.595643 0.45764 0.637699 0.377216 0.636563 0.375873 0.665395 0.354141 0.665395 0.354141 0.636563 0.375873 0.635056 0.375415 0.665395 0.354141 0.635056 0.375415 0.603393 0.356054 0.603393 0.356054 0.635056 0.375415 0.633582 0.375965 0.603393 0.356054 0.633582 0.375965 0.602413 0.356088 0.602413 0.356088 0.633582 0.375965 0.632536 0.377375 0.63966 0.437414 0.638524 0.436071 0.635301 0.382939 0.635301 0.382939 0.638524 0.436071 0.637017 0.435613 0.635301 0.382939 0.637017 0.435613 0.633794 0.382481 0.633794 0.382481 0.637017 0.435613 0.635543 0.436163 0.633794 0.382481 0.635543 0.436163 0.594509 0.449729 0.594509 0.449729 0.635543 0.436163 0.634497 0.437574 0.594509 0.449729 0.634497 0.437574 0.634159 0.439467 0.603884 0.464392 0.601902 0.464025 0.63462 0.441336 0.63462 0.441336 0.601902 0.464025 0.601052 0.463713 0.63462 0.441336 0.601052 0.463713 0.600047 0.463194 0.595643 0.45764 0.595015 0.455469 0.63462 0.441336 0.63462 0.441336 0.595015 0.455469 0.594596 0.451918 0.63462 0.441336 0.594596 0.451918 0.594552 0.450966 0.676216 0.460478 0.675179 0.461199 0.640121 0.439283 0.640121 0.439283 0.675179 0.461199 0.673468 0.461955 0.640121 0.439283 0.673468 0.461955 0.639783 0.441177 0.639783 0.441177 0.673468 0.461955 0.67066 0.462425 0.639783 0.441177 0.67066 0.462425 0.669906 0.462464 0.680137 0.453409 0.679904 0.454476 0.636775 0.382389 0.636775 0.382389 0.679904 0.454476 0.679509 0.455736 0.632658 0.381138 0.594509 0.449729 0.632198 0.379269 0.632198 0.379269 0.594509 0.449729 0.591959 0.371471 0.632198 0.379269 0.591959 0.371471 0.591924 0.367637 0.600047 0.463194 0.598283 0.461798 0.63462 0.441336 0.63462 0.441336 0.598283 0.461798 0.596766 0.459891 0.63462 0.441336 0.596766 0.459891 0.596232 0.458961 0.637699 0.377216 0.677767 0.367586 0.63816 0.379085 0.63816 0.379085 0.677767 0.367586 0.677809 0.368823 0.63816 0.379085 0.677809 0.368823 0.637821 0.380979 0.637821 0.380979 0.677809 0.368823 0.680359 0.447081 0.637821 0.380979 0.680359 0.447081 0.636775 0.382389 0.636775 0.382389 0.680359 0.447081 0.680395 0.450915 0.636775 0.382389 0.680395 0.450915 0.680137 0.453409 0.679509 0.455736 0.678432 0.457938 0.636775 0.382389 0.636775 0.382389 0.678432 0.457938 0.676945 0.459821 0.636775 0.382389 0.676945 0.459821 0.676216 0.460478 0.637699 0.377216 0.676087 0.359591 0.676676 0.360912 0.591924 0.367637 0.592182 0.365143 0.632198 0.379269 0.632198 0.379269 0.592182 0.365143 0.592415 0.364076 0.632198 0.379269 0.592415 0.364076 0.59281 0.362816 0.668435 0.35416 0.670417 0.354527 0.637699 0.377216 0.637699 0.377216 0.670417 0.354527 0.671266 0.354839 0.637699 0.377216 0.671266 0.354839 0.672272 0.355358 0.676676 0.360912 0.677303 0.363083 0.637699 0.377216 0.637699 0.377216 0.677303 0.363083 0.677723 0.366634 0.637699 0.377216 0.677723 0.366634 0.677767 0.367586 0.59281 0.362816 0.593887 0.360614 0.632198 0.379269 0.632198 0.379269 0.593887 0.360614 0.595373 0.358732 0.632198 0.379269 0.595373 0.358732 0.596102 0.358074 0.596102 0.358074 0.597139 0.357353 0.632198 0.379269 0.632198 0.379269 0.597139 0.357353 0.59885 0.356597 0.632198 0.379269 0.59885 0.356597 0.632536 0.377375 0.632536 0.377375 0.59885 0.356597 0.601659 0.356127 0.632536 0.377375 0.601659 0.356127 0.602413 0.356088 0.672272 0.355358 0.674036 0.356754 0.637699 0.377216 0.637699 0.377216 0.674036 0.356754 0.675553 0.358661 0.637699 0.377216 0.675553 0.358661 0.676087 0.359591</float_array>
          <technique_common>
            <accessor source="#right_D405_link-mesh-map-0-array" count="16842" stride="2">
              <param name="S" type="float"/>
              <param name="T" type="float"/>
            </accessor>
          </technique_common>
        </source>
        <vertices id="right_D405_link-mesh-vertices">
          <input semantic="POSITION" source="#right_D405_link-mesh-positions"/>
        </vertices>
        <triangles material="材质_028-material" count="5614">
          <input semantic="VERTEX" source="#right_D405_link-mesh-vertices" offset="0"/>
          <input semantic="NORMAL" source="#right_D405_link-mesh-normals" offset="1"/>
          <input semantic="TEXCOORD" source="#right_D405_link-mesh-map-0" offset="2" set="0"/>
          <p>0 0 0 1 1 1 2 2 2 2 3 3 1 4 4 3 5 5 2 3 6 3 5 7 4 6 8 4 7 9 3 8 10 5 9 11 4 10 12 5 11 13 6 12 14 6 13 15 5 14 16 7 15 17 6 16 18 7 17 19 8 18 20 0 19 21 2 20 22 9 21 23 9 21 24 2 20 25 10 22 26 9 23 27 10 24 28 11 25 29 12 26 30 13 26 31 10 26 32 10 27 33 13 28 34 14 29 35 10 30 36 14 31 37 11 32 38 15 33 39 16 34 40 17 34 41 17 34 42 16 34 43 18 33 44 19 35 45 20 36 46 21 36 47 21 36 48 20 36 49 22 35 50 21 37 51 23 38 52 19 38 53 19 38 54 23 38 55 24 39 56 24 40 57 25 41 58 19 42 59 19 43 60 25 43 61 26 43 62 27 44 63 28 45 64 29 46 65 29 47 66 28 47 67 26 47 68 29 48 69 26 49 70 30 50 71 30 51 72 26 52 73 25 53 74 28 54 75 31 55 76 26 56 77 26 56 78 31 55 79 32 57 80 26 58 81 32 59 82 19 60 83 19 60 84 32 59 85 20 61 86 33 62 87 34 63 88 28 64 89 28 64 90 34 63 91 31 65 92 35 66 93 36 67 94 37 68 95 35 66 96 37 68 97 38 69 98 38 70 99 37 71 100 39 72 101 38 70 102 39 72 103 40 73 104 40 74 105 39 75 106 41 76 107 40 74 108 41 76 109 42 77 110 42 78 111 41 79 112 43 80 113 42 78 114 43 80 115 44 81 116 45 82 117 46 83 118 43 84 119 43 84 120 41 85 121 45 82 122 45 86 123 41 87 124 39 88 125 45 86 126 39 88 127 47 89 128 36 90 129 34 91 130 37 92 131 37 92 132 34 91 133 48 93 134 37 94 135 48 95 136 39 96 137 39 97 138 48 98 139 49 99 140 39 100 141 49 101 142 47 102 143 34 103 144 33 104 145 48 105 146 48 105 147 33 104 148 50 106 149 48 107 150 50 108 151 49 109 152 49 110 153 50 111 154 51 112 155 49 110 156 51 112 157 47 113 158 47 114 159 51 115 160 52 116 161 47 114 162 52 116 163 45 117 164 45 118 165 52 119 166 53 120 167 45 118 168 53 120 169 46 121 170 54 122 171 55 123 172 53 124 173 53 124 174 55 123 175 46 125 176 55 126 177 56 126 178 46 126 179 46 126 180 56 126 181 43 126 182 44 127 183 43 128 184 57 129 185 57 129 186 43 128 187 56 130 188 57 131 189 56 132 190 58 133 191 57 131 192 58 133 193 59 134 194 59 135 195 58 136 196 60 137 197 59 135 198 60 137 199 61 138 200 61 139 201 60 140 202 62 141 203 61 139 204 62 141 205 63 142 206 63 143 207 62 144 208 16 145 209 63 143 210 16 145 211 15 146 212 64 147 213 65 148 214 16 149 215 16 149 216 62 150 217 64 147 218 64 151 219 62 152 220 60 153 221 64 151 222 60 153 223 66 154 224 56 155 225 55 156 226 58 157 227 58 157 228 55 156 229 67 158 230 58 159 231 67 160 232 60 161 233 60 162 234 67 163 235 68 164 236 60 165 237 68 166 238 66 167 239 55 168 240 54 169 241 67 170 242 67 170 243 54 169 244 69 171 245 67 172 246 69 173 247 68 174 248 68 175 249 69 176 250 70 177 251 68 175 252 70 177 253 66 178 254 66 179 255 70 180 256 71 181 257 66 179 258 71 181 259 64 182 260 64 183 261 71 184 262 72 185 263 64 183 264 72 185 265 65 186 266 73 187 267 74 188 268 72 189 269 72 189 270 74 188 271 65 190 272 75 191 273 76 192 274 77 193 275 77 193 276 76 192 277 78 194 278 77 195 279 78 196 280 79 197 281 79 197 282 78 196 283 80 198 284 79 199 285 80 200 286 81 201 287 81 201 288 80 200 289 82 202 290 83 203 291 81 203 292 84 38 293 84 38 294 81 203 295 82 37 296 84 204 297 85 205 298 83 206 299 83 206 300 85 205 301 86 207 302 83 208 303 86 209 304 87 210 305 87 210 306 86 209 307 88 211 308 87 212 309 88 213 310 73 214 311 73 214 312 88 213 313 74 215 314 81 216 315 83 217 316 89 218 317 89 219 318 83 219 319 87 219 320 89 220 321 87 221 322 90 222 323 90 223 324 87 224 325 91 225 326 91 226 327 87 226 328 73 226 329 91 227 330 73 228 331 92 229 332 93 230 333 94 231 334 95 232 335 79 233 336 81 234 337 96 235 338 96 235 339 81 234 340 89 236 341 96 237 342 89 238 343 97 239 344 97 239 345 89 238 346 90 240 347 97 241 348 90 242 349 98 243 350 98 243 351 90 242 352 91 244 353 98 245 354 91 246 355 99 247 356 99 247 357 91 246 358 92 248 359 99 249 360 93 250 361 98 251 362 98 252 363 93 253 364 95 254 365 98 255 366 95 256 367 97 257 368 97 257 369 95 256 370 100 258 371 97 259 372 100 260 373 96 261 374 96 261 375 100 260 376 101 262 377 96 263 378 101 264 379 79 265 380 79 265 381 101 264 382 77 266 383 75 267 384 77 268 385 102 269 386 102 269 387 77 268 388 101 270 389 102 271 390 101 272 391 103 273 392 103 273 393 101 272 394 100 274 395 103 275 396 100 276 397 104 277 398 104 277 399 100 276 400 95 278 401 104 279 402 95 280 403 105 281 404 105 281 405 95 280 406 94 282 407 106 283 408 107 284 409 108 285 410 109 286 411 110 287 412 111 288 413 111 289 414 110 290 415 112 289 416 113 291 417 111 292 418 114 293 419 114 294 420 111 295 421 112 296 422 114 297 423 112 298 424 115 299 425 115 300 426 112 301 427 116 302 428 115 303 429 116 304 430 117 305 431 113 306 432 106 307 433 111 308 434 111 309 435 106 283 436 108 285 437 111 310 438 108 310 439 109 310 440 109 311 441 108 311 442 118 311 443 109 312 444 118 313 445 119 314 446 120 315 447 121 316 448 107 317 449 107 317 450 121 316 451 122 318 452 107 319 453 122 320 454 108 321 455 108 321 456 122 320 457 123 322 458 108 321 459 123 322 460 118 323 461 118 323 462 123 322 463 124 324 464 118 325 465 124 326 466 119 327 467 125 328 468 126 329 469 127 330 470 117 331 471 128 332 472 115 333 473 115 334 474 128 335 475 129 336 476 115 337 477 129 338 478 114 339 479 114 340 480 129 341 481 130 342 482 114 343 483 130 344 484 113 345 485 113 346 486 130 347 487 131 348 488 113 349 489 131 350 490 106 350 491 130 351 492 125 351 493 131 352 494 131 353 495 125 328 496 127 330 497 131 354 498 127 355 499 106 356 500 106 357 501 127 358 502 132 359 503 106 283 504 132 360 505 107 284 506 107 361 507 132 362 508 133 363 509 107 364 510 133 365 511 120 366 512 134 367 513 135 368 514 136 369 515 137 370 516 138 370 517 139 370 518 139 371 519 138 372 520 140 373 521 139 374 522 140 375 523 141 376 524 141 376 525 140 375 526 142 377 527 141 376 528 142 377 529 143 378 530 143 379 531 142 380 532 144 381 533 143 379 534 144 381 535 145 382 536 135 368 537 146 383 538 136 369 539 136 384 540 146 385 541 147 386 542 136 387 543 147 387 544 148 387 545 149 388 546 150 389 547 151 390 548 151 391 549 150 392 550 152 393 551 151 394 552 152 395 553 153 396 554 153 397 555 152 398 556 154 398 557 155 399 558 156 400 559 157 401 560 157 401 561 156 400 562 145 402 563 157 403 564 145 404 565 158 405 566 158 406 567 145 407 568 144 406 569 158 408 570 144 408 571 159 408 572 159 409 573 144 410 574 160 411 575 148 412 576 161 413 577 136 414 578 136 414 579 161 413 580 153 415 581 136 416 582 153 417 583 134 418 584 134 418 585 153 417 586 154 419 587 147 420 588 162 421 589 148 422 590 148 423 591 162 424 592 160 425 593 148 423 594 160 425 595 161 426 596 161 427 597 160 428 598 144 429 599 161 427 600 144 429 601 153 430 602 153 430 603 144 429 604 142 431 605 153 432 606 142 433 607 151 434 608 151 434 609 142 433 610 140 435 611 151 436 612 140 437 613 149 438 614 149 439 615 140 440 616 138 441 617 163 442 618 147 443 619 146 444 620 164 445 621 165 446 622 166 447 623 166 448 624 165 449 625 149 450 626 166 451 627 149 452 628 167 453 629 167 454 630 149 455 631 138 456 632 167 457 633 138 458 634 137 459 635 154 460 636 152 461 637 165 462 638 165 463 639 152 464 640 150 463 641 165 465 642 150 466 643 149 467 644 163 468 645 146 469 646 168 470 647 146 471 648 135 472 649 168 473 650 168 473 651 135 472 652 134 474 653 168 475 654 134 476 655 169 477 656 169 478 657 134 479 658 154 480 659 169 481 660 154 482 661 170 481 662 170 483 663 154 484 664 165 485 665 170 486 666 165 487 667 171 488 668 171 488 669 165 487 670 164 489 671 137 490 672 120 491 673 167 492 674 167 492 675 120 491 676 133 493 677 167 494 678 133 363 679 166 495 680 166 495 681 133 363 682 132 362 683 166 496 684 132 497 685 164 498 686 164 498 687 132 497 688 127 499 689 164 500 690 127 501 691 171 502 692 171 502 693 127 501 694 126 503 695 126 504 696 172 505 697 171 506 698 171 506 699 172 505 700 173 507 701 173 508 702 172 508 703 174 508 704 174 509 705 172 510 706 175 511 707 174 512 708 175 513 709 176 514 710 176 515 711 175 515 712 177 515 713 176 516 714 177 517 715 178 518 716 178 519 717 177 520 718 179 521 719 178 522 720 179 523 721 180 524 722 180 525 723 179 526 724 181 527 725 181 528 726 182 529 727 180 530 728 180 530 729 182 529 730 183 531 731 183 532 732 182 533 733 184 534 734 184 534 735 182 533 736 185 535 737 184 536 738 185 537 739 186 538 740 186 538 741 185 537 742 187 539 743 186 540 744 187 541 745 188 542 746 188 542 747 187 541 748 189 543 749 188 544 750 189 544 751 190 544 752 190 544 753 189 544 754 191 544 755 13 545 756 192 545 757 193 545 758 193 546 759 192 547 760 194 548 761 193 549 762 194 550 763 195 551 764 195 552 765 194 553 766 196 554 767 196 555 768 194 556 769 197 557 770 196 558 771 197 559 772 198 560 773 198 561 774 197 562 775 199 563 776 199 564 777 197 565 778 200 566 779 199 567 780 200 568 781 201 569 782 201 570 783 200 571 784 202 572 785 201 570 786 202 572 787 203 573 788 204 574 789 205 575 790 206 576 791 207 577 792 208 578 793 209 579 794 210 580 795 211 581 796 212 582 797 204 583 798 206 584 799 209 584 800 207 585 801 213 586 802 214 587 803 214 588 804 213 588 805 215 589 806 212 590 807 216 591 808 210 592 809 210 593 810 216 594 811 217 595 812 210 596 813 217 597 814 215 598 815 215 599 816 217 599 817 218 599 818 215 600 819 218 601 820 214 602 821 207 577 822 209 579 823 213 603 824 213 604 825 209 604 826 206 604 827 213 605 828 206 606 829 215 607 830 215 607 831 206 606 832 219 608 833 215 609 834 219 610 835 210 611 836 210 611 837 219 610 838 220 612 839 210 613 840 220 614 841 211 615 842 205 616 843 202 617 844 206 618 845 206 618 846 202 617 847 200 619 848 206 620 849 200 621 850 219 622 851 219 622 852 200 621 853 197 623 854 219 624 855 197 625 856 220 626 857 220 626 858 197 625 859 194 627 860 220 628 861 194 629 862 211 630 863 211 631 864 194 632 865 192 633 866 212 634 867 221 635 868 216 636 869 216 636 870 221 635 871 222 637 872 216 638 873 222 639 874 217 640 875 217 640 876 222 639 877 223 641 878 217 642 879 223 643 880 218 644 881 218 644 882 223 643 883 224 645 884 218 646 885 224 647 886 214 648 887 214 648 888 224 647 889 225 649 890 214 650 891 225 651 892 207 652 893 207 652 894 225 651 895 226 653 896 207 654 897 226 655 898 208 656 899 208 656 900 226 655 901 190 657 902 190 658 903 226 659 904 227 660 905 228 661 906 222 662 907 229 663 908 229 664 909 222 637 910 221 635 911 227 665 912 226 665 913 230 665 914 226 666 915 225 667 916 230 668 917 230 669 918 225 670 919 224 671 920 230 672 921 224 673 922 228 674 923 228 675 924 224 676 925 223 677 926 228 678 927 223 679 928 222 680 929 231 681 930 232 682 931 233 683 932 233 684 933 232 685 934 234 686 935 233 687 936 234 688 937 235 689 938 235 689 939 234 688 940 236 690 941 235 691 942 236 692 943 237 693 944 237 693 945 236 692 946 238 694 947 184 695 948 186 696 949 227 697 950 227 698 951 186 698 952 188 699 953 227 660 954 188 700 955 190 658 956 229 701 957 231 702 958 228 703 959 228 704 960 231 705 961 233 706 962 228 707 963 233 708 964 230 709 965 230 709 966 233 708 967 235 710 968 230 711 969 235 712 970 227 713 971 227 713 972 235 712 973 237 714 974 227 715 975 237 716 976 184 716 977 184 717 978 237 718 979 238 719 980 184 717 981 238 719 982 183 720 983 180 721 984 183 722 985 238 723 986 232 724 987 239 724 988 240 724 989 232 725 990 240 726 991 234 727 992 234 728 993 240 729 994 241 730 995 234 731 996 241 732 997 236 733 998 236 734 999 241 735 1000 242 736 1001 236 737 1002 242 738 1003 238 739 1004 238 740 1005 242 741 1006 243 742 1007 238 723 1008 243 743 1009 180 721 1010 239 744 1011 244 745 1012 240 746 1013 240 746 1014 244 745 1015 245 747 1016 246 748 1017 247 749 1018 248 750 1019 248 750 1020 247 749 1021 249 751 1022 248 752 1023 249 753 1024 250 754 1025 250 754 1026 249 753 1027 251 755 1028 180 756 1029 243 757 1030 252 758 1031 252 759 1032 243 760 1033 242 761 1034 252 762 1035 242 762 1036 245 762 1037 245 763 1038 242 764 1039 241 765 1040 245 766 1041 241 767 1042 240 768 1043 174 769 1044 176 770 1045 252 771 1046 252 772 1047 176 773 1048 178 774 1049 252 775 1050 178 776 1051 180 775 1052 244 777 1053 246 778 1054 245 779 1055 245 779 1056 246 778 1057 248 780 1058 245 781 1059 248 782 1060 252 783 1061 252 783 1062 248 782 1063 250 784 1064 252 785 1065 250 785 1066 174 786 1067 174 787 1068 250 788 1069 251 789 1070 174 787 1071 251 789 1072 173 790 1073 247 791 1074 253 792 1075 249 793 1076 249 794 1077 253 795 1078 254 796 1079 249 797 1080 254 798 1081 255 799 1082 171 800 1083 173 801 1084 170 800 1085 170 802 1086 173 803 1087 251 804 1088 170 805 1089 251 806 1090 169 807 1091 169 808 1092 251 809 1093 168 810 1094 168 811 1095 251 812 1096 249 813 1097 168 814 1098 249 815 1099 163 816 1100 163 817 1101 249 818 1102 255 817 1103 163 819 1104 255 820 1105 147 821 1106 254 822 1107 253 823 1108 256 824 1109 257 825 1110 255 826 1111 254 827 1112 162 828 1113 147 829 1114 255 830 1115 255 831 1116 257 832 1117 162 833 1118 162 834 1119 257 835 1120 258 836 1121 162 837 1122 258 838 1123 160 839 1124 160 840 1125 258 841 1126 259 842 1127 160 843 1128 259 844 1129 159 845 1130 159 846 1131 259 847 1132 260 848 1133 159 849 1134 260 849 1135 158 850 1136 261 851 1137 155 399 1138 157 401 1139 157 852 1140 262 853 1141 261 854 1142 261 855 1143 262 855 1144 263 856 1145 261 857 1146 263 858 1147 264 859 1148 254 860 1149 256 861 1150 257 862 1151 257 863 1152 256 864 1153 265 865 1154 257 866 1155 265 867 1156 258 868 1157 265 869 1158 266 870 1159 258 871 1160 258 872 1161 266 873 1162 267 874 1163 258 875 1164 267 876 1165 259 877 1166 259 878 1167 267 879 1168 263 880 1169 259 881 1170 263 882 1171 260 883 1172 260 884 1173 263 885 1174 262 886 1175 260 887 1176 262 888 1177 158 889 1178 158 405 1179 262 890 1180 157 403 1181 268 891 1182 266 892 1183 94 893 1184 94 894 1185 266 870 1186 265 869 1187 94 895 1188 265 895 1189 105 895 1190 105 896 1191 265 897 1192 256 898 1193 105 899 1194 256 900 1195 253 901 1196 94 902 1197 93 903 1198 268 904 1199 268 905 1200 93 906 1201 99 907 1202 268 908 1203 99 909 1204 263 910 1205 263 911 1206 99 911 1207 92 911 1208 263 858 1209 92 912 1210 264 859 1211 232 913 1212 231 914 1213 12 915 1214 247 916 1215 246 917 1216 76 918 1217 76 918 1218 246 917 1219 244 919 1220 76 918 1221 244 919 1222 239 920 1223 231 914 1224 229 921 1225 12 915 1226 12 915 1227 229 921 1228 221 922 1229 12 915 1230 221 922 1231 13 923 1232 13 923 1233 221 922 1234 212 914 1235 13 923 1236 212 914 1237 192 914 1238 192 914 1239 212 914 1240 211 914 1241 232 913 1242 12 915 1243 239 920 1244 239 920 1245 12 915 1246 269 924 1247 239 920 1248 269 924 1249 270 925 1250 76 918 1251 75 926 1252 247 916 1253 247 916 1254 75 926 1255 102 927 1256 247 916 1257 102 927 1258 103 928 1259 103 928 1260 104 929 1261 247 916 1262 247 916 1263 104 929 1264 105 930 1265 247 916 1266 105 930 1267 253 914 1268 270 925 1269 271 931 1270 239 920 1271 239 920 1272 271 931 1273 272 932 1274 239 920 1275 272 932 1276 273 933 1277 273 933 1278 274 934 1279 239 920 1280 239 920 1281 274 934 1282 275 935 1283 239 920 1284 275 935 1285 76 918 1286 2 936 1287 4 937 1288 276 938 1289 78 939 1290 76 940 1291 277 941 1292 277 941 1293 76 940 1294 275 942 1295 277 943 1296 275 944 1297 278 945 1298 278 945 1299 275 944 1300 274 946 1301 278 947 1302 274 948 1303 279 949 1304 279 949 1305 274 948 1306 273 950 1307 279 951 1308 273 952 1309 280 953 1310 280 953 1311 273 952 1312 272 954 1313 280 955 1314 272 956 1315 281 957 1316 281 957 1317 272 956 1318 271 958 1319 281 959 1320 271 960 1321 282 961 1322 282 961 1323 271 960 1324 270 962 1325 282 963 1326 270 964 1327 283 965 1328 283 965 1329 270 964 1330 269 966 1331 283 967 1332 269 968 1333 10 969 1334 10 969 1335 269 968 1336 12 970 1337 10 971 1338 2 972 1339 283 973 1340 283 974 1341 2 974 1342 276 974 1343 283 975 1344 276 976 1345 282 977 1346 282 977 1347 276 976 1348 284 978 1349 282 979 1350 284 980 1351 281 981 1352 281 981 1353 284 980 1354 285 982 1355 281 983 1356 285 984 1357 280 985 1358 280 985 1359 285 984 1360 286 986 1361 280 987 1362 286 988 1363 279 989 1364 279 989 1365 286 988 1366 287 990 1367 279 991 1368 287 992 1369 278 993 1370 278 993 1371 287 992 1372 288 994 1373 278 995 1374 288 996 1375 277 997 1376 277 997 1377 288 996 1378 289 998 1379 277 999 1380 289 1000 1381 78 1001 1382 78 1001 1383 289 1000 1384 80 1002 1385 82 1003 1386 80 1004 1387 290 1005 1388 290 1005 1389 80 1004 1390 289 1006 1391 290 1007 1392 289 1008 1393 291 1009 1394 291 1009 1395 289 1008 1396 288 1010 1397 291 1011 1398 288 1012 1399 292 1013 1400 292 1013 1401 288 1012 1402 287 1014 1403 292 1015 1404 287 1016 1405 293 1017 1406 293 1017 1407 287 1016 1408 286 1018 1409 293 1019 1410 286 1020 1411 294 1021 1412 294 1021 1413 286 1020 1414 285 1022 1415 294 1023 1416 285 1024 1417 295 1025 1418 295 1025 1419 285 1024 1420 284 1026 1421 295 1027 1422 284 1028 1423 296 1029 1424 296 1029 1425 284 1028 1426 276 1030 1427 296 1031 1428 276 1032 1429 6 1033 1430 6 1033 1431 276 1032 1432 4 1034 1433 6 1035 1434 297 1035 1435 296 1035 1436 296 1036 1437 297 1037 1438 298 1038 1439 82 1039 1440 290 1039 1441 84 1039 1442 84 1040 1443 290 1040 1444 299 1040 1445 290 1041 1446 291 1041 1447 299 1041 1448 299 1042 1449 291 1043 1450 292 1044 1451 299 1045 1452 292 1045 1453 300 1045 1454 292 1046 1455 293 1047 1456 300 1048 1457 300 1049 1458 293 1049 1459 294 1049 1460 300 1050 1461 294 1051 1462 298 1052 1463 298 1053 1464 294 1053 1465 295 1053 1466 298 1054 1467 295 1055 1468 296 1056 1469 297 1057 1470 301 1058 1471 298 1059 1472 298 1059 1473 301 1058 1474 302 1060 1475 298 1061 1476 302 1062 1477 300 1063 1478 300 1063 1479 302 1062 1480 303 1064 1481 300 1065 1482 303 1066 1483 299 1067 1484 299 1067 1485 303 1066 1486 304 1068 1487 299 1069 1488 304 1070 1489 84 1071 1490 84 1071 1491 304 1070 1492 85 1072 1493 305 1073 1494 306 1074 1495 297 1075 1496 297 1075 1497 306 1074 1498 301 1076 1499 306 1077 1500 305 1078 1501 307 1079 1502 306 1077 1503 307 1079 1504 308 1080 1505 308 1081 1506 307 1082 1507 309 1083 1508 308 1081 1509 309 1083 1510 310 1084 1511 311 1085 1512 312 1086 1513 309 1087 1514 309 1087 1515 312 1086 1516 310 1088 1517 313 1089 1518 314 1090 1519 315 1091 1520 313 1089 1521 315 1091 1522 316 1092 1523 316 1093 1524 315 1094 1525 311 1095 1526 316 1093 1527 311 1095 1528 317 1096 1529 312 1097 1530 311 1098 1531 315 1099 1532 312 1097 1533 315 1099 1534 318 1100 1535 318 1101 1536 315 1102 1537 314 1103 1538 318 1101 1539 314 1103 1540 319 1104 1541 314 1105 1542 320 1106 1543 319 1107 1544 319 1107 1545 320 1106 1546 321 1108 1547 304 1109 1548 303 1110 1549 322 1111 1550 322 1111 1551 310 1112 1552 312 914 1553 303 1110 1554 302 914 1555 322 1111 1556 322 1111 1557 302 914 1558 301 1113 1559 322 1111 1560 301 1113 1561 310 1112 1562 310 1112 1563 301 1113 1564 306 1114 1565 310 1112 1566 306 1114 1567 308 1115 1568 312 914 1569 318 1116 1570 322 1111 1571 322 1111 1572 318 1116 1573 319 1117 1574 322 1111 1575 319 1117 1576 321 1118 1577 16 914 1578 65 914 1579 18 914 1580 18 914 1581 65 914 1582 74 1119 1583 18 914 1584 74 1119 1585 323 1120 1586 323 1120 1587 74 1119 1588 88 1121 1589 323 1120 1590 88 1121 1591 324 1122 1592 324 1122 1593 88 1121 1594 86 1123 1595 324 1122 1596 86 1123 1597 322 1111 1598 322 1111 1599 86 1123 1600 85 1124 1601 322 1111 1602 85 1124 1603 304 1109 1604 324 1125 1605 325 1126 1606 326 1127 1607 324 1125 1608 326 1127 1609 323 1128 1610 323 1129 1611 326 1130 1612 17 1131 1613 323 1129 1614 17 1131 1615 18 1132 1616 327 1133 1617 328 1134 1618 329 1135 1619 329 1135 1620 330 1136 1621 327 1133 1622 327 1133 1623 330 1136 1624 331 1137 1625 327 1133 1626 331 1137 1627 332 1138 1628 333 1139 1629 325 1140 1630 334 1141 1631 334 1141 1632 325 1140 1633 335 1142 1634 333 1139 1635 336 1143 1636 325 1140 1637 325 1140 1638 336 1143 1639 337 1144 1640 325 1140 1641 337 1144 1642 327 1133 1643 327 1133 1644 337 1144 1645 338 1145 1646 327 1133 1647 338 1145 1648 328 1134 1649 339 1146 1650 17 1147 1651 326 1148 1652 339 1146 1653 326 1148 1654 340 1149 1655 340 1150 1656 326 1151 1657 325 1151 1658 340 1150 1659 325 1151 1660 327 1152 1661 341 1153 1662 339 1154 1663 340 1155 1664 341 1153 1665 340 1155 1666 342 1156 1667 342 1157 1668 340 1158 1669 327 1159 1670 342 1157 1671 327 1159 1672 343 1160 1673 339 1161 1674 341 1162 1675 35 1162 1676 35 1162 1677 341 1162 1678 36 1161 1679 344 1163 1680 345 1164 1681 346 1165 1682 346 1165 1683 345 1164 1684 347 1164 1685 346 1166 1686 347 1167 1687 348 1168 1688 348 1168 1689 347 1167 1690 349 1169 1691 348 1170 1692 349 1171 1693 350 1171 1694 350 1171 1695 349 1171 1696 351 1172 1697 350 1173 1698 351 1174 1699 352 1174 1700 352 1174 1701 351 1174 1702 353 1175 1703 352 1176 1704 353 1177 1705 354 1178 1706 354 1178 1707 353 1177 1708 355 1179 1709 354 1180 1710 355 1181 1711 356 1182 1712 356 1182 1713 355 1181 1714 357 1181 1715 356 1183 1716 357 1184 1717 358 1185 1718 358 1185 1719 357 1184 1720 359 1186 1721 358 1187 1722 359 1188 1723 360 1189 1724 360 1189 1725 359 1188 1726 361 1190 1727 360 1191 1728 361 1192 1729 362 1193 1730 362 1193 1731 361 1192 1732 363 1194 1733 362 1195 1734 363 1196 1735 364 1197 1736 364 1197 1737 363 1196 1738 365 1198 1739 364 1199 1740 365 1200 1741 366 1201 1742 366 1201 1743 365 1200 1744 367 1202 1745 366 1203 1746 367 1204 1747 344 1205 1748 344 1205 1749 367 1204 1750 345 1206 1751 354 1207 1752 368 1207 1753 352 1208 1754 352 1208 1755 368 1207 1756 369 1209 1757 352 1208 1758 369 1209 1759 350 1210 1760 350 1210 1761 369 1209 1762 370 1211 1763 350 1210 1764 370 1211 1765 348 1212 1766 348 1212 1767 370 1211 1768 371 1213 1769 348 1212 1770 371 1213 1771 346 1214 1772 346 1214 1773 371 1213 1774 372 1215 1775 346 1214 1776 372 1215 1777 344 1207 1778 344 1207 1779 372 1215 1780 373 1207 1781 344 1207 1782 373 1207 1783 366 1207 1784 366 1207 1785 373 1207 1786 374 1207 1787 366 1207 1788 374 1207 1789 364 1216 1790 364 1216 1791 374 1207 1792 375 1217 1793 364 1216 1794 375 1217 1795 362 1218 1796 362 1218 1797 375 1217 1798 376 1219 1799 362 1218 1800 376 1219 1801 360 1220 1802 360 1220 1803 376 1219 1804 377 1221 1805 360 1220 1806 377 1221 1807 358 1222 1808 358 1222 1809 377 1221 1810 378 1223 1811 358 1222 1812 378 1223 1813 356 1207 1814 356 1207 1815 378 1223 1816 379 1207 1817 356 1207 1818 379 1207 1819 354 1207 1820 354 1207 1821 379 1207 1822 368 1207 1823 380 1224 1824 379 1225 1825 381 1225 1826 381 1225 1827 379 1225 1828 378 1225 1829 381 1226 1830 378 1227 1831 382 1228 1832 382 1228 1833 378 1227 1834 377 1229 1835 382 1230 1836 377 1231 1837 383 1232 1838 383 1232 1839 377 1231 1840 376 1233 1841 383 1234 1842 376 1235 1843 384 1236 1844 384 1236 1845 376 1235 1846 375 1237 1847 384 1238 1848 375 1239 1849 385 1240 1850 385 1240 1851 375 1239 1852 374 1241 1853 385 1242 1854 374 1243 1855 386 1244 1856 386 1244 1857 374 1243 1858 373 1245 1859 386 1246 1860 373 1247 1861 387 1248 1862 387 1248 1863 373 1247 1864 372 1249 1865 387 1250 1866 372 1169 1867 388 1251 1868 388 1251 1869 372 1169 1870 371 1252 1871 388 1253 1872 371 1254 1873 389 1255 1874 389 1255 1875 371 1254 1876 370 1256 1877 389 1257 1878 370 1258 1879 390 1259 1880 390 1259 1881 370 1258 1882 369 1260 1883 390 1261 1884 369 1262 1885 391 1263 1886 391 1263 1887 369 1262 1888 368 1264 1889 391 1265 1890 368 1266 1891 380 1267 1892 380 1267 1893 368 1266 1894 379 1268 1895 392 1268 1896 393 1269 1897 394 1270 1898 394 1270 1899 393 1269 1900 395 1271 1901 394 1272 1902 395 1273 1903 396 1176 1904 396 1176 1905 395 1273 1906 397 1274 1907 396 1275 1908 397 1276 1909 398 1277 1910 398 1277 1911 397 1276 1912 399 1278 1913 398 1279 1914 399 1280 1915 400 1281 1916 400 1281 1917 399 1280 1918 401 1282 1919 400 1283 1920 401 1284 1921 402 1167 1922 402 1167 1923 401 1284 1924 403 1285 1925 402 1286 1926 403 1287 1927 404 1248 1928 404 1248 1929 403 1287 1930 405 1246 1931 42 1288 1932 44 1207 1933 380 1289 1934 380 1289 1935 44 1207 1936 391 1207 1937 384 1290 1938 339 1291 1939 35 1292 1940 406 1293 1941 407 1294 1942 17 1295 1943 17 1295 1944 407 1294 1945 405 1296 1946 42 1288 1947 380 1289 1948 40 1297 1949 40 1297 1950 380 1289 1951 381 1298 1952 40 1297 1953 381 1298 1954 38 1299 1955 38 1299 1956 381 1298 1957 382 1300 1958 38 1299 1959 382 1300 1960 35 1292 1961 35 1292 1962 382 1300 1963 383 1301 1964 35 1292 1965 383 1301 1966 384 1290 1967 405 1296 1968 403 1302 1969 17 1295 1970 17 1295 1971 403 1302 1972 401 1303 1973 17 1295 1974 401 1303 1975 15 1304 1976 15 1304 1977 401 1303 1978 399 1305 1979 15 1304 1980 399 1305 1981 63 1306 1982 63 1306 1983 399 1305 1984 397 1307 1985 63 1306 1986 397 1307 1987 61 1308 1988 61 1308 1989 397 1307 1990 395 1309 1991 61 1308 1992 395 1309 1993 59 1310 1994 59 1310 1995 395 1309 1996 393 1311 1997 59 1310 1998 393 1311 1999 57 1312 2000 57 1312 2001 393 1311 2002 408 1313 2003 44 1207 2004 57 1312 2005 391 1207 2006 391 1207 2007 57 1312 2008 408 1313 2009 391 1207 2010 408 1313 2011 390 1207 2012 390 1207 2013 408 1313 2014 409 1207 2015 390 1207 2016 409 1207 2017 389 1207 2018 389 1207 2019 409 1207 2020 410 1207 2021 389 1207 2022 410 1207 2023 388 1207 2024 388 1207 2025 410 1207 2026 406 1293 2027 388 1207 2028 406 1293 2029 387 1314 2030 387 1314 2031 406 1293 2032 17 1295 2033 387 1314 2034 17 1295 2035 386 1207 2036 386 1207 2037 17 1295 2038 339 1291 2039 386 1207 2040 339 1291 2041 385 1315 2042 385 1315 2043 339 1291 2044 384 1290 2045 404 1245 2046 405 1316 2047 411 1317 2048 411 1317 2049 405 1316 2050 407 1318 2051 411 1319 2052 407 1320 2053 412 1238 2054 412 1238 2055 407 1320 2056 406 1321 2057 412 1322 2058 406 1323 2059 413 1323 2060 413 1323 2061 406 1323 2062 410 1322 2063 413 1324 2064 410 1325 2065 414 1325 2066 414 1325 2067 410 1325 2068 409 1324 2069 414 1228 2070 409 1326 2071 415 1327 2072 415 1327 2073 409 1326 2074 408 1328 2075 415 1329 2076 408 1330 2077 392 1331 2078 392 1331 2079 408 1330 2080 393 1224 2081 416 1332 2082 398 1333 2083 417 1334 2084 417 1334 2085 398 1333 2086 400 1335 2087 417 1334 2088 400 1335 2089 418 1336 2090 418 1336 2091 400 1335 2092 402 1337 2093 418 1336 2094 402 1337 2095 419 1207 2096 419 1207 2097 402 1337 2098 404 1207 2099 419 1207 2100 404 1207 2101 420 1207 2102 420 1207 2103 404 1207 2104 411 1207 2105 420 1207 2106 411 1207 2107 421 1338 2108 421 1338 2109 411 1207 2110 412 1339 2111 421 1338 2112 412 1339 2113 422 1340 2114 422 1340 2115 412 1339 2116 413 1341 2117 422 1340 2118 413 1341 2119 423 1342 2120 423 1342 2121 413 1341 2122 414 1343 2123 423 1342 2124 414 1343 2125 424 1344 2126 424 1344 2127 414 1343 2128 415 1345 2129 424 1344 2130 415 1345 2131 425 1207 2132 425 1207 2133 415 1345 2134 392 1207 2135 425 1207 2136 392 1207 2137 426 1207 2138 426 1207 2139 392 1207 2140 394 1207 2141 426 1207 2142 394 1207 2143 427 1346 2144 427 1346 2145 394 1207 2146 396 1347 2147 427 1346 2148 396 1347 2149 416 1332 2150 416 1332 2151 396 1347 2152 398 1333 2153 428 1348 2154 425 1349 2155 429 1350 2156 429 1350 2157 425 1349 2158 426 1351 2159 429 1273 2160 426 1352 2161 430 1353 2162 430 1353 2163 426 1352 2164 427 1178 2165 430 1354 2166 427 1355 2167 431 1356 2168 431 1356 2169 427 1355 2170 416 1357 2171 431 1358 2172 416 1359 2173 432 1360 2174 432 1360 2175 416 1359 2176 417 1361 2177 432 1250 2178 417 1362 2179 433 1250 2180 433 1250 2181 417 1362 2182 418 1362 2183 433 1363 2184 418 1364 2185 434 1365 2186 434 1365 2187 418 1364 2188 419 1366 2189 434 1367 2190 419 1368 2191 435 1369 2192 435 1369 2193 419 1368 2194 420 1370 2195 435 1371 2196 420 1319 2197 436 1372 2198 436 1372 2199 420 1319 2200 421 1373 2201 436 1374 2202 421 1375 2203 437 1376 2204 437 1376 2205 421 1375 2206 422 1377 2207 437 1378 2208 422 1379 2209 438 1380 2210 438 1380 2211 422 1379 2212 423 1381 2213 438 1382 2214 423 1383 2215 439 1384 2216 439 1384 2217 423 1383 2218 424 1385 2219 439 1386 2220 424 1387 2221 428 1388 2222 428 1388 2223 424 1387 2224 425 1389 2225 433 1390 2226 434 1391 2227 73 1392 2228 156 1393 2229 155 1390 2230 73 1392 2231 155 1390 2232 261 1394 2233 73 1392 2234 73 1392 2235 261 1394 2236 264 1395 2237 73 1392 2238 264 1395 2239 92 1390 2240 120 1396 2241 353 1397 2242 351 1398 2243 433 1390 2244 73 1392 2245 432 1390 2246 28 1399 2247 27 1390 2248 440 1390 2249 440 1390 2250 441 1400 2251 28 1399 2252 28 1399 2253 441 1400 2254 124 1401 2255 28 1399 2256 124 1401 2257 345 1402 2258 345 1402 2259 124 1401 2260 123 1403 2261 120 1396 2262 137 1404 2263 434 1391 2264 434 1391 2265 137 1404 2266 139 1405 2267 139 1405 2268 141 1406 2269 434 1391 2270 434 1391 2271 141 1406 2272 143 1407 2273 434 1391 2274 143 1407 2275 73 1392 2276 73 1392 2277 143 1407 2278 145 1408 2279 73 1392 2280 145 1408 2281 156 1393 2282 54 1409 2283 53 1410 2284 438 1411 2285 351 1398 2286 349 1412 2287 120 1396 2288 120 1396 2289 349 1412 2290 347 1413 2291 120 1396 2292 347 1413 2293 121 1414 2294 121 1414 2295 347 1413 2296 345 1402 2297 121 1414 2298 345 1402 2299 122 1390 2300 122 1390 2301 345 1402 2302 123 1403 2303 438 1411 2304 439 1415 2305 54 1409 2306 54 1409 2307 439 1415 2308 428 1416 2309 54 1409 2310 428 1416 2311 69 1417 2312 69 1417 2313 428 1416 2314 429 1418 2315 434 1391 2316 435 1419 2317 120 1396 2318 120 1396 2319 435 1419 2320 436 1420 2321 120 1396 2322 436 1420 2323 353 1397 2324 353 1397 2325 436 1420 2326 437 1390 2327 353 1397 2328 437 1390 2329 355 1421 2330 432 1390 2331 73 1392 2332 431 1422 2333 431 1422 2334 73 1392 2335 72 1423 2336 431 1422 2337 72 1423 2338 430 1424 2339 430 1424 2340 72 1423 2341 71 1425 2342 430 1424 2343 71 1425 2344 429 1418 2345 429 1418 2346 71 1425 2347 70 1426 2348 429 1418 2349 70 1426 2350 69 1417 2351 345 1402 2352 367 1427 2353 28 1399 2354 28 1399 2355 367 1427 2356 365 1428 2357 28 1399 2358 365 1428 2359 33 1429 2360 33 1429 2361 365 1428 2362 363 1430 2363 33 1429 2364 363 1430 2365 50 1431 2366 50 1431 2367 363 1430 2368 361 1432 2369 50 1431 2370 361 1432 2371 51 1433 2372 51 1433 2373 361 1432 2374 359 1434 2375 51 1433 2376 359 1434 2377 52 1435 2378 52 1435 2379 359 1434 2380 357 1436 2381 52 1435 2382 357 1436 2383 53 1410 2384 53 1410 2385 357 1436 2386 355 1421 2387 53 1410 2388 355 1421 2389 438 1411 2390 438 1411 2391 355 1421 2392 437 1390 2393 442 1437 2394 117 1437 2395 116 1438 2396 443 1439 2397 444 1440 2398 445 1441 2399 441 1442 2400 446 1443 2401 124 1444 2402 124 1445 2403 446 1446 2404 447 1447 2405 124 1448 2406 447 1449 2407 119 1450 2408 448 1451 2409 110 1452 2410 447 1453 2411 447 1454 2412 110 1455 2413 109 1456 2414 447 1457 2415 109 1458 2416 119 1459 2417 445 1460 2418 442 1461 2419 449 1462 2420 449 1463 2421 442 1464 2422 116 1464 2423 449 1465 2424 116 1466 2425 448 1467 2426 448 1467 2427 116 1466 2428 112 1468 2429 448 1469 2430 112 1470 2431 110 1471 2432 445 1472 2433 449 1473 2434 443 1474 2435 443 1475 2436 449 1476 2437 448 1477 2438 443 1478 2439 448 1479 2440 450 1480 2441 450 1481 2442 448 1482 2443 447 1483 2444 450 1484 2445 447 1484 2446 451 1485 2447 441 1442 2448 440 1486 2449 446 1443 2450 446 1487 2451 440 1488 2452 452 1489 2453 446 1490 2454 452 1491 2455 447 1492 2456 447 1493 2457 452 1494 2458 453 1495 2459 447 1496 2460 453 1497 2461 451 1498 2462 444 1499 2463 454 1500 2464 445 1501 2465 445 1502 2466 454 1502 2467 455 1502 2468 445 1503 2469 455 1504 2470 442 1505 2471 442 1506 2472 455 1507 2473 117 1506 2474 126 1508 2475 125 1509 2476 172 1509 2477 172 1510 2478 125 1511 2479 456 1512 2480 125 1513 2481 130 1514 2482 456 1513 2483 456 1515 2484 130 1516 2485 129 1517 2486 456 1518 2487 129 1519 2488 455 1520 2489 455 1521 2490 129 1522 2491 128 1523 2492 455 1524 2493 128 332 2494 117 331 2495 457 1525 2496 458 1526 2497 459 1527 2498 458 1528 2499 181 1529 2500 179 1530 2501 460 1531 2502 461 1532 2503 462 1533 2504 462 1534 2505 461 1535 2506 457 1536 2507 458 1528 2508 179 1530 2509 459 1537 2510 459 1538 2511 179 1539 2512 177 1540 2513 459 1538 2514 177 1540 2515 463 1541 2516 463 1542 2517 177 1543 2518 175 1544 2519 463 1542 2520 175 1544 2521 464 1545 2522 464 1546 2523 175 1547 2524 172 1548 2525 464 1546 2526 172 1548 2527 456 1549 2528 457 1550 2529 459 1551 2530 462 1552 2531 462 1553 2532 459 1554 2533 463 1555 2534 462 1553 2535 463 1555 2536 465 1556 2537 465 1557 2538 463 1558 2539 464 1559 2540 465 1557 2541 464 1559 2542 466 1560 2543 466 1561 2544 464 1562 2545 456 1563 2546 466 1561 2547 456 1563 2548 455 1564 2549 460 1531 2550 462 1533 2551 467 1565 2552 467 1566 2553 462 1567 2554 465 1568 2555 467 1566 2556 465 1568 2557 468 1569 2558 468 1570 2559 465 1571 2560 466 1572 2561 468 1570 2562 466 1572 2563 469 1573 2564 469 1574 2565 466 1575 2566 455 1576 2567 469 1574 2568 455 1576 2569 454 1577 2570 460 1578 2571 470 1579 2572 471 1580 2573 460 1581 2574 471 1581 2575 461 1581 2576 461 1582 2577 471 1583 2578 472 1584 2579 461 1585 2580 472 1586 2581 457 1587 2582 457 1588 2583 472 1589 2584 473 1590 2585 457 1591 2586 473 1592 2587 458 1593 2588 458 1594 2589 473 1594 2590 182 1594 2591 458 1595 2592 182 1596 2593 181 1597 2594 187 1598 2595 185 1599 2596 474 1600 2597 191 1601 2598 189 1602 2599 475 1603 2600 475 1603 2601 189 1602 2602 476 1604 2603 475 1605 2604 476 1606 2605 477 1607 2606 477 1608 2607 476 1608 2608 478 1608 2609 479 1609 2610 480 1609 2611 478 1610 2612 478 1611 2613 480 1612 2614 481 1613 2615 478 1614 2616 481 1615 2617 477 1616 2618 482 1617 2619 483 1618 2620 479 1619 2621 479 1619 2622 483 1618 2623 484 1620 2624 479 1621 2625 484 1622 2626 480 1623 2627 189 1624 2628 187 1624 2629 476 1625 2630 476 1626 2631 187 1627 2632 474 1628 2633 476 1629 2634 474 1630 2635 478 1631 2636 478 1631 2637 474 1630 2638 485 1632 2639 478 1633 2640 485 1634 2641 479 1635 2642 479 1635 2643 485 1634 2644 486 1636 2645 479 1637 2646 486 1638 2647 482 1639 2648 482 1639 2649 486 1638 2650 487 1640 2651 185 1641 2652 182 1642 2653 474 1643 2654 474 1643 2655 182 1642 2656 473 1644 2657 474 1645 2658 473 1646 2659 485 1647 2660 485 1647 2661 473 1646 2662 472 1648 2663 485 1649 2664 472 1650 2665 486 1651 2666 486 1651 2667 472 1650 2668 471 1652 2669 486 1653 2670 471 1654 2671 487 1655 2672 487 1655 2673 471 1654 2674 470 1656 2675 488 1657 2676 191 1658 2677 489 1659 2678 489 1659 2679 191 1658 2680 475 1660 2681 489 1661 2682 475 1662 2683 490 1663 2684 490 1663 2685 475 1662 2686 477 1664 2687 490 1665 2688 477 1666 2689 491 1667 2690 491 1667 2691 477 1666 2692 481 1668 2693 491 1669 2694 481 1670 2695 492 1671 2696 492 1671 2697 481 1670 2698 480 1672 2699 492 1673 2700 480 1674 2701 493 1675 2702 493 1675 2703 480 1674 2704 484 1676 2705 493 1677 2706 484 1678 2707 494 1679 2708 494 1679 2709 484 1678 2710 483 1680 2711 495 1681 2712 496 1681 2713 497 1681 2714 493 1682 2715 498 1682 2716 492 1683 2717 492 1684 2718 498 1685 2719 499 1686 2720 497 1687 2721 490 1688 2722 499 1689 2723 499 1690 2724 490 1691 2725 491 1692 2726 499 1693 2727 491 1693 2728 492 1693 2729 496 1694 2730 488 1695 2731 497 1696 2732 497 1696 2733 488 1695 2734 489 1697 2735 497 1698 2736 489 1699 2737 490 1700 2738 500 1701 2739 495 1702 2740 501 1703 2741 501 1704 2742 495 1704 2743 497 1704 2744 501 1705 2745 497 1706 2746 502 1707 2747 502 1707 2748 497 1706 2749 499 1708 2750 502 1709 2751 499 1710 2752 503 1711 2753 503 1711 2754 499 1710 2755 498 1712 2756 503 1713 2757 498 1714 2758 504 1715 2759 504 1716 2760 498 1717 2761 493 1718 2762 504 1719 2763 493 1720 2764 494 1721 2765 504 1722 2766 505 1723 2767 503 1724 2768 503 1725 2769 505 1726 2770 506 1727 2771 503 1728 2772 506 1729 2773 502 1730 2774 502 1730 2775 506 1729 2776 507 1731 2777 502 1732 2778 507 1733 2779 501 1734 2780 501 1734 2781 507 1733 2782 508 1735 2783 501 1736 2784 508 1737 2785 500 1738 2786 500 1738 2787 508 1737 2788 509 1739 2789 510 1740 2790 509 1740 2791 508 1740 2792 505 1741 2793 511 1742 2794 512 1743 2795 505 1744 2796 512 1745 2797 506 1746 2798 512 1747 2799 513 1748 2800 506 1749 2801 506 1750 2802 513 1751 2803 514 1752 2804 506 1753 2805 514 1754 2806 507 1755 2807 514 1756 2808 515 1757 2809 507 1758 2810 507 1759 2811 515 1760 2812 516 1761 2813 507 1762 2814 516 1763 2815 508 1764 2816 508 1765 2817 516 1766 2818 517 1767 2819 508 1768 2820 517 1768 2821 510 1768 2822 518 1769 2823 519 1770 2824 520 1771 2825 521 1772 2826 522 1773 2827 523 1774 2828 519 1775 2829 518 1776 2830 524 1777 2831 512 1743 2832 511 1742 2833 525 1778 2834 525 1779 2835 511 1780 2836 526 1781 2837 512 1782 2838 527 1783 2839 513 1784 2840 513 1785 2841 527 1786 2842 528 1787 2843 513 1788 2844 528 1789 2845 514 1790 2846 514 1791 2847 528 1792 2848 529 1793 2849 514 1794 2850 529 1795 2851 515 1796 2852 530 1797 2853 531 1798 2854 532 1799 2855 530 1800 2856 532 1801 2857 516 1802 2858 533 1803 2859 510 1803 2860 534 1803 2861 535 1804 2862 536 1805 2863 531 1806 2864 531 1806 2865 536 1805 2866 533 1807 2867 531 1808 2868 533 1809 2869 532 1810 2870 532 1811 2871 533 1812 2872 534 1813 2873 532 1814 2874 534 1815 2875 516 1816 2876 537 1817 2877 538 1818 2878 539 1819 2879 539 1819 2880 538 1818 2881 540 1820 2882 541 1821 2883 542 1822 2884 543 1823 2885 543 1824 2886 542 1825 2887 544 1826 2888 543 1827 2889 544 1828 2890 545 1829 2891 546 1830 2892 547 1830 2893 548 1831 2894 549 1832 2895 550 1833 2896 551 1834 2897 551 1835 2898 550 1836 2899 552 1837 2900 551 1838 2901 552 1839 2902 547 1840 2903 553 1841 2904 523 1842 2905 554 1843 2906 554 1844 2907 523 1845 2908 525 1846 2909 554 1847 2910 525 1848 2911 555 1849 2912 555 1850 2913 525 1851 2914 526 1852 2915 554 1853 2916 549 1854 2917 553 1855 2918 553 1856 2919 549 1857 2920 551 1858 2921 553 1859 2922 551 1860 2923 523 1860 2924 523 1861 2925 551 1862 2926 556 1863 2927 523 1864 2928 556 1865 2929 521 1866 2930 512 1867 2931 525 1868 2932 527 1869 2933 527 1870 2934 525 1846 2935 523 1845 2936 527 1786 2937 523 1871 2938 528 1787 2939 528 1872 2940 523 1873 2941 522 1874 2942 528 1875 2943 522 1875 2944 529 1876 2945 542 1877 2946 557 1878 2947 544 1879 2948 544 1879 2949 557 1878 2950 537 1880 2951 544 1881 2952 537 1882 2953 558 1883 2954 558 1884 2955 537 1885 2956 539 1886 2957 558 1884 2958 539 1886 2959 559 1887 2960 559 1888 2961 539 1889 2962 540 1890 2963 559 1891 2964 540 1892 2965 560 1893 2966 535 1894 2967 531 1895 2968 560 1896 2969 560 1897 2970 531 1898 2971 530 1899 2972 560 1900 2973 530 1901 2974 559 1902 2975 559 1903 2976 530 1904 2977 561 1905 2978 559 1906 2979 561 1907 2980 558 1908 2981 562 1909 2982 518 1910 2983 563 1911 2984 563 1911 2985 518 1910 2986 520 1912 2987 563 1913 2988 520 1914 2989 564 1915 2990 564 1916 2991 520 1917 2992 565 1918 2993 564 1919 2994 565 1920 2995 566 1921 2996 566 1922 2997 565 1923 2998 567 1924 2999 568 1925 3000 541 1926 3001 569 1927 3002 569 1928 3003 541 1929 3004 543 1930 3005 569 1931 3006 543 1932 3007 570 1933 3008 570 1934 3009 543 1935 3010 545 1936 3011 570 1937 3012 545 1938 3013 571 1937 3014 547 1939 3015 546 1940 3016 551 1941 3017 551 1942 3018 546 1943 3019 572 1944 3020 551 1945 3021 572 1946 3022 556 1947 3023 556 1948 3024 572 1949 3025 573 1950 3026 556 1951 3027 573 1952 3028 521 1953 3029 524 1777 3030 568 1954 3031 519 1775 3032 519 1955 3033 568 1925 3034 569 1927 3035 519 1956 3036 569 1957 3037 520 1958 3038 520 1959 3039 569 1959 3040 570 1959 3041 520 1960 3042 570 1961 3043 565 1962 3044 565 1963 3045 570 1964 3046 571 1965 3047 565 1966 3048 571 1967 3049 567 1968 3050 516 1969 3051 515 1970 3052 530 1971 3053 530 1972 3054 515 1973 3055 529 1974 3056 530 1975 3057 529 1976 3058 561 1977 3059 561 1978 3060 529 1979 3061 522 1980 3062 561 1981 3063 522 1982 3064 558 1983 3065 558 1984 3066 522 1985 3067 521 1986 3068 558 1987 3069 521 1988 3070 544 1989 3071 544 1990 3072 521 1991 3073 573 1992 3074 544 1993 3075 573 1994 3076 545 1995 3077 545 1996 3078 573 1997 3079 572 1998 3080 545 1999 3081 572 2000 3082 571 2001 3083 571 2002 3084 572 1944 3085 546 1943 3086 571 1967 3087 546 2003 3088 567 1968 3089 567 2004 3090 546 2005 3091 548 2006 3092 567 2007 3093 548 2008 3094 566 2009 3095 566 2010 3096 548 2011 3097 574 2012 3098 566 2013 3099 574 2014 3100 575 2015 3101 575 2015 3102 576 2016 3103 566 2013 3104 566 2017 3105 576 2017 3106 577 2017 3107 566 2018 3108 577 2018 3109 564 2018 3110 564 2019 3111 577 2019 3112 563 2019 3113 563 2020 3114 577 2020 3115 578 2020 3116 563 2021 3117 578 2021 3118 562 2021 3119 579 2022 3120 580 2023 3121 576 2024 3122 576 2024 3123 580 2023 3124 581 2025 3125 582 2026 3126 578 2027 3127 577 2028 3128 582 2026 3129 577 2028 3130 583 2029 3131 583 2030 3132 577 2031 3133 576 2032 3134 583 2030 3135 576 2032 3136 581 2033 3137 578 2034 3138 582 2035 3139 317 2036 3140 317 2036 3141 582 2035 3142 584 2037 3143 585 2038 3144 313 2039 3145 316 2040 3146 585 2038 3147 316 2040 3148 586 2041 3149 586 2042 3150 316 2043 3151 317 2044 3152 586 2042 3153 317 2044 3154 584 2045 3155 587 2046 3156 588 2047 3157 589 2048 3158 589 2048 3159 588 2047 3160 590 2049 3161 585 2050 3162 590 2051 3163 313 2052 3164 313 2052 3165 590 2051 3166 588 2053 3167 313 2054 3168 588 2055 3169 314 2056 3170 314 2056 3171 588 2055 3172 320 2057 3173 591 2058 3174 320 2059 3175 587 2060 3176 587 2060 3177 320 2059 3178 588 2061 3179 320 2062 3180 591 2063 3181 321 2064 3182 321 2064 3183 591 2063 3184 592 2065 3185 592 2066 3186 593 2067 3187 321 2068 3188 321 2068 3189 593 2067 3190 322 2069 3191 325 2070 3192 324 2071 3193 335 2072 3194 335 2072 3195 324 2071 3196 322 2073 3197 335 2072 3198 322 2073 3199 594 2074 3200 593 2075 3201 595 2076 3202 322 2073 3203 322 2073 3204 595 2076 3205 596 2077 3206 322 2073 3207 596 2077 3208 594 2074 3209 597 2078 3210 598 2079 3211 599 2080 3212 599 2080 3213 598 2079 3214 600 2081 3215 600 2081 3216 601 2082 3217 599 2080 3218 599 2080 3219 601 2082 3220 602 2083 3221 599 2080 3222 602 2083 3223 603 2084 3224 597 2085 3225 604 2085 3226 598 2085 3227 598 2086 3228 604 2086 3229 605 2086 3230 598 2087 3231 605 2087 3232 606 2087 3233 606 2088 3234 607 2088 3235 598 2088 3236 598 2089 3237 607 2089 3238 608 2089 3239 598 2090 3240 608 2090 3241 600 2090 3242 608 2091 3243 609 2091 3244 600 2091 3245 600 2092 3246 609 2092 3247 610 2092 3248 600 2093 3249 610 2093 3250 601 2093 3251 610 2094 3252 611 2094 3253 601 2094 3254 601 2095 3255 611 2095 3256 612 2095 3257 601 2096 3258 612 2096 3259 602 2096 3260 613 2097 3261 603 2097 3262 614 2097 3263 614 2098 3264 603 2098 3265 602 2098 3266 614 2099 3267 602 2099 3268 615 2099 3269 615 2100 3270 602 2100 3271 612 2100 3272 616 2101 3273 599 2101 3274 617 2101 3275 617 2102 3276 599 2102 3277 603 2102 3278 617 2103 3279 603 2103 3280 618 2103 3281 618 2104 3282 603 2105 3283 613 2105 3284 619 2106 3285 620 2107 3286 621 2106 3287 622 2108 3288 623 2109 3289 332 2110 3290 624 2111 3291 625 2112 3292 626 2113 3293 626 2114 3294 623 2115 3295 624 2116 3296 624 2117 3297 623 2117 3298 627 2117 3299 624 2118 3300 627 2119 3301 628 2120 3302 628 2121 3303 627 2121 3304 620 2121 3305 619 2122 3306 621 2123 3307 604 2123 3308 604 2124 3309 621 2124 3310 605 2124 3311 605 2125 3312 621 2126 3313 629 2127 3314 605 2125 3315 629 2127 3316 606 2128 3317 615 2129 3318 612 2130 3319 630 2131 3320 630 2132 3321 612 2133 3322 611 2134 3323 630 2132 3324 611 2134 3325 631 2135 3326 631 2136 3327 611 2137 3328 610 2138 3329 631 2136 3330 610 2138 3331 632 2139 3332 632 2140 3333 610 2141 3334 609 2142 3335 632 2143 3336 609 2144 3337 633 2145 3338 633 2146 3339 609 2147 3340 608 2148 3341 633 2149 3342 608 2150 3343 629 2149 3344 629 2151 3345 608 2151 3346 607 2151 3347 629 2152 3348 607 2153 3349 606 2154 3350 615 2155 3351 630 2156 3352 614 2157 3353 614 2158 3354 630 2159 3355 634 2160 3356 614 2161 3357 634 2162 3358 613 2163 3359 613 2164 3360 634 2164 3361 635 2164 3362 613 2165 3363 635 2166 3364 618 2166 3365 618 2167 3366 635 2168 3367 636 2169 3368 618 2167 3369 636 2169 3370 617 2170 3371 617 2171 3372 636 2172 3373 637 2173 3374 617 2174 3375 637 2175 3376 616 2176 3377 595 2177 3378 638 2178 3379 596 2177 3380 596 2179 3381 638 2180 3382 639 2181 3383 596 2182 3384 639 2183 3385 594 2184 3386 332 2185 3387 331 2186 3388 622 2187 3389 622 2187 3390 331 2186 3391 330 2188 3392 622 2187 3393 330 2188 3394 640 2189 3395 640 2190 3396 330 2191 3397 329 2192 3398 640 2190 3399 329 2192 3400 641 2193 3401 641 2194 3402 329 2195 3403 328 2196 3404 641 2194 3405 328 2196 3406 642 2197 3407 642 2198 3408 328 2199 3409 338 2200 3410 642 2198 3411 338 2200 3412 643 2201 3413 643 2202 3414 338 2203 3415 337 2204 3416 643 2202 3417 337 2204 3418 644 2205 3419 644 2206 3420 337 2207 3421 336 2208 3422 644 2206 3423 336 2208 3424 645 2209 3425 645 2210 3426 336 2211 3427 333 2212 3428 645 2210 3429 333 2212 3430 646 2213 3431 646 2214 3432 333 2215 3433 334 2216 3434 646 2214 3435 334 2216 3436 639 2217 3437 639 2217 3438 334 2216 3439 335 2218 3440 639 2219 3441 335 2220 3442 594 2221 3443 620 2222 3444 627 2223 3445 621 2224 3446 621 2225 3447 627 2226 3448 647 2227 3449 621 2225 3450 647 2227 3451 629 2228 3452 629 2229 3453 647 2230 3454 648 2231 3455 629 2229 3456 648 2231 3457 633 2232 3458 633 2233 3459 648 2234 3460 649 2235 3461 633 2233 3462 649 2235 3463 632 2236 3464 632 2237 3465 649 2238 3466 650 2239 3467 632 2237 3468 650 2239 3469 631 2240 3470 631 2241 3471 650 2242 3472 651 2243 3473 631 2241 3474 651 2243 3475 630 2244 3476 630 2245 3477 651 2246 3478 652 2247 3479 630 2245 3480 652 2247 3481 634 2248 3482 634 2249 3483 652 2250 3484 653 2251 3485 634 2249 3486 653 2251 3487 635 2252 3488 635 2253 3489 653 2254 3490 654 2255 3491 635 2253 3492 654 2255 3493 636 2256 3494 636 2257 3495 654 2258 3496 655 2259 3497 636 2260 3498 655 2261 3499 637 2262 3500 623 2263 3501 622 2264 3502 627 2265 3503 627 2265 3504 622 2264 3505 640 2266 3506 627 2265 3507 640 2266 3508 647 2267 3509 647 2268 3510 640 2269 3511 641 2270 3512 647 2268 3513 641 2270 3514 648 2271 3515 648 2272 3516 641 2273 3517 642 2274 3518 648 2272 3519 642 2274 3520 649 2275 3521 649 2276 3522 642 2277 3523 643 2278 3524 649 2276 3525 643 2278 3526 650 2279 3527 650 2280 3528 643 2281 3529 644 2282 3530 650 2280 3531 644 2282 3532 651 2283 3533 651 2284 3534 644 2285 3535 645 2286 3536 651 2284 3537 645 2286 3538 652 2287 3539 652 2288 3540 645 2289 3541 646 2290 3542 652 2288 3543 646 2290 3544 653 2291 3545 653 2292 3546 646 2293 3547 639 2294 3548 653 2292 3549 639 2294 3550 654 2295 3551 654 2295 3552 639 2294 3553 638 2296 3554 654 2297 3555 638 2297 3556 655 2297 3557 343 2298 3558 327 2299 3559 656 2300 3560 656 2300 3561 327 2299 3562 332 2301 3563 625 2302 3564 657 2303 3565 626 2304 3566 626 2304 3567 657 2303 3568 656 2300 3569 626 2304 3570 656 2300 3571 623 2305 3572 623 2305 3573 656 2300 3574 332 2301 3575 590 2306 3576 656 2307 3577 589 2308 3578 589 2308 3579 656 2307 3580 657 2309 3581 581 2310 3582 580 2311 3583 656 2312 3584 656 2312 3585 580 2311 3586 658 2313 3587 656 2312 3588 658 2313 3589 659 2314 3590 585 2315 3591 586 2316 3592 584 2317 3593 34 2313 3594 36 2313 3595 31 2313 3596 31 2313 3597 36 2313 3598 341 2318 3599 31 2313 3600 341 2318 3601 32 2319 3602 32 2319 3603 341 2318 3604 342 2320 3605 32 2319 3606 342 2320 3607 20 2321 3608 20 2321 3609 342 2320 3610 343 2322 3611 20 2321 3612 343 2322 3613 22 2323 3614 22 2323 3615 343 2322 3616 656 2312 3617 22 2323 3618 656 2312 3619 660 2324 3620 660 2324 3621 656 2312 3622 659 2314 3623 590 2325 3624 585 2315 3625 656 2312 3626 656 2312 3627 585 2315 3628 584 2317 3629 656 2312 3630 584 2317 3631 581 2310 3632 581 2310 3633 584 2317 3634 582 2326 3635 581 2310 3636 582 2326 3637 583 2327 3638 21 2328 3639 22 2329 3640 661 2330 3641 661 2330 3642 22 2329 3643 660 2331 3644 661 2332 3645 660 2333 3646 662 2334 3647 662 2334 3648 660 2333 3649 659 2335 3650 662 2336 3651 659 2337 3652 663 2338 3653 663 2338 3654 659 2337 3655 658 2339 3656 663 2340 3657 658 2341 3658 579 2342 3659 579 2342 3660 658 2341 3661 580 2343 3662 23 2344 3663 21 2344 3664 664 2344 3665 664 2345 3666 21 2345 3667 661 2345 3668 664 2346 3669 661 2347 3670 665 2348 3671 665 2349 3672 661 2349 3673 666 2349 3674 666 2350 3675 661 2351 3676 662 2352 3677 666 2353 3678 662 2353 3679 667 2353 3680 667 2354 3681 662 2355 3682 668 2356 3683 668 2357 3684 662 2357 3685 663 2357 3686 668 2358 3687 663 2358 3688 669 2358 3689 669 2359 3690 663 2360 3691 670 2361 3692 670 2362 3693 663 2363 3694 579 2364 3695 670 2365 3696 579 2366 3697 671 2367 3698 672 2368 3699 673 2369 3700 674 2370 3701 675 2371 3702 23 2372 3703 676 2373 3704 676 2373 3705 23 2372 3706 664 2374 3707 676 2375 3708 664 2376 3709 677 2377 3710 677 2377 3711 664 2376 3712 665 2378 3713 677 2379 3714 665 2380 3715 678 2381 3716 678 2381 3717 665 2380 3718 666 2382 3719 678 2383 3720 666 2384 3721 679 2385 3722 679 2385 3723 666 2384 3724 667 2386 3725 679 2387 3726 667 2388 3727 680 2389 3728 680 2389 3729 667 2388 3730 668 2390 3731 680 2391 3732 668 2392 3733 681 2393 3734 681 2393 3735 668 2392 3736 669 2394 3737 681 2395 3738 669 2396 3739 682 2397 3740 682 2397 3741 669 2396 3742 670 2398 3743 682 2399 3744 670 2400 3745 683 2401 3746 683 2401 3747 670 2400 3748 671 2402 3749 683 2403 3750 672 2404 3751 682 2403 3752 682 2405 3753 672 2406 3754 674 2407 3755 682 2408 3756 674 2409 3757 681 2410 3758 681 2410 3759 674 2409 3760 684 2411 3761 681 2412 3762 684 2413 3763 680 2414 3764 680 2414 3765 684 2413 3766 685 2415 3767 680 2416 3768 685 2417 3769 679 2418 3770 679 2418 3771 685 2417 3772 686 2419 3773 679 2420 3774 686 2421 3775 678 2422 3776 678 2422 3777 686 2421 3778 687 2423 3779 678 2424 3780 687 2425 3781 677 2426 3782 677 2426 3783 687 2425 3784 688 2427 3785 677 2428 3786 688 2429 3787 676 2430 3788 676 2430 3789 688 2429 3790 689 2431 3791 676 2432 3792 689 2433 3793 675 2434 3794 675 2434 3795 689 2433 3796 690 2435 3797 691 2436 3798 690 2437 3799 692 2438 3800 692 2438 3801 690 2437 3802 689 2439 3803 692 2440 3804 689 2441 3805 693 2442 3806 693 2442 3807 689 2441 3808 688 2443 3809 693 2444 3810 688 2445 3811 694 2446 3812 694 2446 3813 688 2445 3814 687 2447 3815 694 2448 3816 687 2449 3817 695 2450 3818 695 2450 3819 687 2449 3820 686 2451 3821 695 2452 3822 686 2453 3823 696 2454 3824 696 2454 3825 686 2453 3826 685 2455 3827 696 2456 3828 685 2457 3829 697 2458 3830 697 2458 3831 685 2457 3832 684 2459 3833 697 2460 3834 684 2461 3835 698 2462 3836 698 2462 3837 684 2461 3838 674 2463 3839 698 2464 3840 674 2465 3841 699 2466 3842 699 2466 3843 674 2465 3844 673 2467 3845 691 2468 3846 700 2469 3847 690 2470 3848 690 2470 3849 700 2469 3850 701 2471 3851 690 2472 3852 701 2473 3853 675 2474 3854 675 2474 3855 701 2473 3856 702 2475 3857 675 2476 3858 702 2477 3859 23 2478 3860 23 2478 3861 702 2477 3862 24 2479 3863 703 2480 3864 704 2481 3865 705 2482 3866 701 2483 3867 700 2484 3868 706 2485 3869 706 2485 3870 700 2484 3871 707 2486 3872 706 2487 3873 707 2488 3874 708 2489 3875 708 2489 3876 707 2488 3877 709 2490 3878 708 2491 3879 709 2492 3880 710 2493 3881 710 2493 3882 709 2492 3883 711 2494 3884 710 2495 3885 711 2496 3886 712 2497 3887 712 2497 3888 711 2496 3889 713 2498 3890 712 2499 3891 703 2500 3892 710 2501 3893 710 2502 3894 703 2503 3895 705 2504 3896 710 2505 3897 705 2506 3898 708 2507 3899 708 2507 3900 705 2506 3901 714 2508 3902 708 2509 3903 714 2510 3904 706 2511 3905 706 2511 3906 714 2510 3907 715 2512 3908 706 2513 3909 715 2514 3910 701 2515 3911 701 2515 3912 715 2514 3913 702 2516 3914 24 2517 3915 702 2518 3916 25 2519 3917 25 2519 3918 702 2518 3919 715 2520 3920 25 2521 3921 715 2522 3922 30 2523 3923 30 2523 3924 715 2522 3925 714 2524 3926 30 2525 3927 714 2526 3928 29 2527 3929 29 2527 3930 714 2526 3931 705 2528 3932 29 2529 3933 705 2530 3934 27 2531 3935 27 2531 3936 705 2530 3937 704 2532 3938 704 2533 3939 703 2534 3940 450 2535 3941 450 2536 3942 703 2537 3943 712 2538 3944 450 1480 3945 712 2539 3946 443 1478 3947 443 2540 3948 712 2540 3949 713 2540 3950 443 2541 3951 713 2542 3952 444 2543 3953 450 2544 3954 451 2545 3955 704 2546 3956 704 2547 3957 451 2548 3958 453 2549 3959 704 2550 3960 453 2550 3961 27 2550 3962 27 2551 3963 453 1495 3964 452 1494 3965 27 2552 3966 452 2553 3967 440 2554 3968 460 2313 3969 467 2313 3970 691 2555 3971 482 2313 3972 699 2556 3973 483 2313 3974 483 2313 3975 699 2556 3976 511 2313 3977 483 2313 3978 511 2313 3979 494 2313 3980 494 2313 3981 511 2313 3982 505 2313 3983 494 2313 3984 505 2313 3985 504 2313 3986 460 2313 3987 691 2555 3988 470 2557 3989 467 2313 3990 468 2558 3991 691 2555 3992 691 2555 3993 468 2558 3994 469 2559 3995 691 2555 3996 469 2559 3997 700 2560 3998 700 2560 3999 469 2559 4000 454 2561 4001 700 2560 4002 454 2561 4003 707 2562 4004 454 2561 4005 444 2313 4006 713 2313 4007 482 2313 4008 487 2563 4009 699 2556 4010 699 2556 4011 487 2563 4012 470 2557 4013 699 2556 4014 470 2557 4015 698 2564 4016 698 2564 4017 470 2557 4018 697 2565 4019 713 2313 4020 711 2566 4021 454 2561 4022 454 2561 4023 711 2566 4024 709 2567 4025 454 2561 4026 709 2567 4027 707 2562 4028 691 2555 4029 692 2568 4030 470 2557 4031 470 2557 4032 692 2568 4033 693 2569 4034 470 2557 4035 693 2569 4036 694 2570 4037 694 2570 4038 695 2571 4039 470 2557 4040 470 2557 4041 695 2571 4042 696 2572 4043 470 2557 4044 696 2572 4045 697 2565 4046 511 2573 4047 699 2574 4048 526 2575 4049 526 2576 4050 699 2576 4051 673 2576 4052 526 2577 4053 673 2578 4054 555 2579 4055 555 2580 4056 673 2581 4057 554 2582 4058 554 2583 4059 673 2584 4060 672 2585 4061 554 2586 4062 672 2587 4063 549 2588 4064 683 2589 4065 552 2590 4066 672 2589 4067 672 2591 4068 552 2592 4069 550 2593 4070 672 2594 4071 550 2595 4072 549 2596 4073 671 2597 4074 575 2598 4075 683 2599 4076 683 2600 4077 575 2601 4078 574 2602 4079 574 2603 4080 548 2604 4081 683 2605 4082 683 2606 4083 548 2607 4084 547 2608 4085 683 2609 4086 547 2610 4087 552 2611 4088 716 2612 4089 717 2613 4090 576 2614 4091 576 2614 4092 717 2613 4093 579 2615 4094 717 2613 4095 718 2616 4096 579 2615 4097 579 2615 4098 718 2616 4099 719 2617 4100 579 2615 4101 719 2617 4102 671 2618 4103 671 2618 4104 719 2617 4105 720 2619 4106 671 2618 4107 720 2619 4108 721 2620 4109 722 2621 4110 723 2622 4111 575 2623 4112 575 2623 4113 723 2622 4114 724 2624 4115 575 2623 4116 724 2624 4117 576 2614 4118 576 2614 4119 724 2624 4120 725 2625 4121 576 2614 4122 725 2625 4123 716 2612 4124 721 2620 4125 726 2626 4126 671 2618 4127 671 2618 4128 726 2626 4129 727 2627 4130 671 2618 4131 727 2627 4132 575 2623 4133 575 2623 4134 727 2627 4135 728 2628 4136 575 2623 4137 728 2628 4138 722 2621 4139 720 2629 4140 729 2630 4141 721 2631 4142 721 2631 4143 729 2630 4144 730 2632 4145 721 2633 4146 730 2634 4147 726 2635 4148 726 2635 4149 730 2634 4150 731 2636 4151 726 2637 4152 731 2638 4153 727 2639 4154 727 2639 4155 731 2638 4156 732 2640 4157 727 2641 4158 732 2642 4159 728 2643 4160 728 2643 4161 732 2642 4162 733 2644 4163 728 2645 4164 733 2646 4165 722 2647 4166 722 2647 4167 733 2646 4168 734 2648 4169 722 2649 4170 734 2650 4171 723 2651 4172 723 2651 4173 734 2650 4174 735 2652 4175 723 2653 4176 735 2654 4177 724 2655 4178 724 2655 4179 735 2654 4180 736 2656 4181 724 2657 4182 736 2658 4183 725 2659 4184 725 2659 4185 736 2658 4186 737 2660 4187 725 2661 4188 737 2662 4189 716 2663 4190 716 2663 4191 737 2662 4192 738 2664 4193 716 2665 4194 738 2666 4195 717 2667 4196 717 2667 4197 738 2666 4198 739 2668 4199 717 2669 4200 739 2670 4201 718 2671 4202 718 2671 4203 739 2670 4204 740 2672 4205 718 2673 4206 740 2674 4207 719 2675 4208 719 2675 4209 740 2674 4210 741 2676 4211 719 2677 4212 741 2678 4213 720 2679 4214 720 2679 4215 741 2678 4216 729 2680 4217 742 2681 4218 732 2682 4219 743 2683 4220 743 2683 4221 732 2682 4222 731 2684 4223 743 2683 4224 731 2684 4225 744 2685 4226 744 2685 4227 731 2684 4228 730 2686 4229 744 2685 4230 730 2686 4231 745 2687 4232 745 2687 4233 730 2686 4234 729 2688 4235 745 2687 4236 729 2688 4237 746 2689 4238 746 2689 4239 729 2688 4240 741 2690 4241 746 2689 4242 741 2690 4243 747 2691 4244 747 2691 4245 741 2690 4246 740 2692 4247 747 2691 4248 740 2692 4249 748 2693 4250 748 2693 4251 740 2692 4252 739 2694 4253 748 2693 4254 739 2694 4255 749 2695 4256 749 2695 4257 739 2694 4258 738 2696 4259 749 2695 4260 738 2696 4261 750 2697 4262 750 2697 4263 738 2696 4264 737 2698 4265 750 2697 4266 737 2698 4267 751 2699 4268 751 2699 4269 737 2698 4270 736 2700 4271 751 2699 4272 736 2700 4273 752 2701 4274 752 2701 4275 736 2700 4276 735 2702 4277 752 2701 4278 735 2702 4279 753 2703 4280 753 2703 4281 735 2702 4282 734 2704 4283 753 2703 4284 734 2704 4285 742 2681 4286 742 2681 4287 734 2704 4288 733 2705 4289 742 2681 4290 733 2705 4291 732 2682 4292 754 2706 4293 748 2707 4294 755 2708 4295 755 2708 4296 748 2707 4297 749 2709 4298 755 2710 4299 749 2711 4300 756 2712 4301 756 2712 4302 749 2711 4303 750 2713 4304 756 2714 4305 750 2715 4306 757 2716 4307 757 2716 4308 750 2715 4309 751 2717 4310 757 2718 4311 751 2719 4312 758 2720 4313 758 2720 4314 751 2719 4315 752 2721 4316 758 2722 4317 752 2723 4318 759 2724 4319 759 2724 4320 752 2723 4321 753 2725 4322 759 2726 4323 753 2727 4324 760 2728 4325 760 2728 4326 753 2727 4327 742 2729 4328 760 2730 4329 742 2731 4330 761 2732 4331 761 2732 4332 742 2731 4333 743 2733 4334 761 2734 4335 743 2735 4336 762 2736 4337 762 2736 4338 743 2735 4339 744 2737 4340 762 2738 4341 744 2739 4342 763 2740 4343 763 2740 4344 744 2739 4345 745 2741 4346 763 2742 4347 745 2743 4348 764 2744 4349 764 2744 4350 745 2743 4351 746 2745 4352 764 2746 4353 746 2747 4354 765 2748 4355 765 2748 4356 746 2747 4357 747 2749 4358 765 2750 4359 747 2751 4360 754 2752 4361 754 2752 4362 747 2751 4363 748 2753 4364 638 2754 4365 595 2755 4366 593 2756 4367 766 2757 4368 599 2758 4369 592 2759 4370 657 2760 4371 625 2761 4372 589 2762 4373 589 2762 4374 625 2761 4375 624 2763 4376 620 2764 4377 619 2765 4378 628 2766 4379 628 2766 4380 619 2765 4381 604 2767 4382 628 2766 4383 604 2767 4384 624 2763 4385 624 2763 4386 604 2767 4387 597 2768 4388 624 2763 4389 597 2768 4390 589 2762 4391 637 2769 4392 655 2770 4393 616 2771 4394 616 2771 4395 655 2770 4396 638 2754 4397 616 2771 4398 638 2754 4399 599 2758 4400 599 2758 4401 638 2754 4402 593 2756 4403 599 2758 4404 593 2756 4405 592 2759 4406 766 2757 4407 767 2772 4408 599 2758 4409 599 2758 4410 767 2772 4411 768 2773 4412 599 2758 4413 768 2773 4414 769 2774 4415 591 2775 4416 770 2776 4417 592 2759 4418 592 2759 4419 770 2776 4420 771 2777 4421 592 2759 4422 771 2777 4423 766 2757 4424 757 2778 4425 758 2779 4426 772 2780 4427 772 2780 4428 758 2779 4429 759 2781 4430 772 2780 4431 759 2781 4432 773 2782 4433 773 2782 4434 759 2781 4435 760 2783 4436 773 2782 4437 760 2783 4438 769 2774 4439 769 2774 4440 760 2783 4441 761 2784 4442 769 2774 4443 761 2784 4444 599 2758 4445 599 2758 4446 761 2784 4447 762 2785 4448 599 2758 4449 762 2785 4450 597 2768 4451 597 2768 4452 762 2785 4453 763 2786 4454 597 2768 4455 763 2786 4456 764 2787 4457 772 2780 4458 774 2788 4459 757 2778 4460 757 2778 4461 774 2788 4462 775 2789 4463 757 2778 4464 775 2789 4465 587 2790 4466 587 2790 4467 775 2789 4468 776 2791 4469 587 2790 4470 776 2791 4471 591 2775 4472 591 2775 4473 776 2791 4474 777 2792 4475 591 2775 4476 777 2792 4477 770 2776 4478 764 2787 4479 765 2793 4480 597 2768 4481 597 2768 4482 765 2793 4483 754 2794 4484 597 2768 4485 754 2794 4486 589 2762 4487 589 2762 4488 754 2794 4489 755 2795 4490 589 2762 4491 755 2795 4492 587 2790 4493 587 2790 4494 755 2795 4495 756 2796 4496 587 2790 4497 756 2796 4498 757 2778 4499 778 2797 4500 774 2798 4501 779 2799 4502 779 2799 4503 774 2798 4504 772 2800 4505 779 2801 4506 772 2802 4507 780 2803 4508 780 2803 4509 772 2802 4510 773 2804 4511 780 2805 4512 773 2806 4513 781 2807 4514 781 2807 4515 773 2806 4516 769 2808 4517 781 2809 4518 769 2810 4519 782 2811 4520 782 2811 4521 769 2810 4522 768 2812 4523 782 2813 4524 768 2814 4525 783 2815 4526 783 2815 4527 768 2814 4528 767 2816 4529 783 2817 4530 767 2818 4531 784 2819 4532 784 2819 4533 767 2818 4534 766 2820 4535 784 2821 4536 766 2822 4537 785 2823 4538 785 2823 4539 766 2822 4540 771 2824 4541 785 2825 4542 771 2826 4543 786 2827 4544 786 2827 4545 771 2826 4546 770 2828 4547 786 2829 4548 770 2830 4549 787 2831 4550 787 2831 4551 770 2830 4552 777 2832 4553 787 2833 4554 777 2834 4555 788 2835 4556 788 2835 4557 777 2834 4558 776 2836 4559 788 2837 4560 776 2838 4561 789 2839 4562 789 2839 4563 776 2838 4564 775 2840 4565 789 2841 4566 775 2842 4567 778 2843 4568 778 2843 4569 775 2842 4570 774 2844 4571 790 2845 4572 791 2846 4573 792 2847 4574 792 2847 4575 791 2846 4576 793 2848 4577 792 2849 4578 793 2850 4579 794 2851 4580 794 2851 4581 793 2850 4582 795 2852 4583 794 2853 4584 795 2854 4585 796 2855 4586 796 2855 4587 795 2854 4588 797 2856 4589 796 914 4590 797 2857 4591 798 2858 4592 798 2858 4593 797 2857 4594 799 2859 4595 798 2860 4596 799 2861 4597 800 2862 4598 800 2862 4599 799 2861 4600 801 2863 4601 800 2864 4602 801 2865 4603 802 2866 4604 802 2866 4605 801 2865 4606 803 2867 4607 802 2868 4608 803 2869 4609 804 2870 4610 804 2870 4611 803 2869 4612 805 2871 4613 794 2872 4614 796 2873 4615 778 2874 4616 778 2874 4617 796 2873 4618 798 2875 4619 778 2874 4620 798 2875 4621 789 2876 4622 789 2876 4623 798 2875 4624 800 2877 4625 789 2876 4626 800 2877 4627 788 2878 4628 788 2878 4629 800 2877 4630 802 2879 4631 788 2878 4632 802 2879 4633 787 2880 4634 787 2880 4635 802 2879 4636 804 2881 4637 787 2880 4638 804 2881 4639 786 2882 4640 786 2882 4641 804 2881 4642 806 2883 4643 786 2882 4644 806 2883 4645 785 2884 4646 785 2884 4647 806 2883 4648 807 2885 4649 785 2884 4650 807 2885 4651 784 2886 4652 784 2886 4653 807 2885 4654 808 2887 4655 784 2886 4656 808 2887 4657 783 2888 4658 783 2888 4659 808 2887 4660 809 2889 4661 783 2888 4662 809 2889 4663 782 2890 4664 782 2890 4665 809 2889 4666 810 2891 4667 782 2890 4668 810 2891 4669 781 2892 4670 781 2892 4671 810 2891 4672 790 2893 4673 781 2892 4674 790 2893 4675 780 2894 4676 780 2894 4677 790 2893 4678 792 2895 4679 780 2894 4680 792 2895 4681 779 2896 4682 779 2896 4683 792 2895 4684 794 2872 4685 779 2896 4686 794 2872 4687 778 2874 4688 804 2897 4689 805 2898 4690 806 2899 4691 806 2899 4692 805 2898 4693 811 2900 4694 806 2901 4695 811 2902 4696 807 2903 4697 807 2903 4698 811 2902 4699 812 2904 4700 807 2905 4701 812 2906 4702 808 2907 4703 808 2907 4704 812 2906 4705 813 2908 4706 808 2909 4707 813 2910 4708 809 2911 4709 809 2911 4710 813 2910 4711 814 2912 4712 809 2913 4713 814 2914 4714 810 2915 4715 810 2915 4716 814 2914 4717 815 2916 4718 810 2917 4719 815 2918 4720 790 2919 4721 790 2919 4722 815 2918 4723 791 2920 4724 793 2921 4725 791 2922 4726 6 2923 4727 812 2924 4728 811 2925 4729 305 2926 4730 305 2926 4731 811 2925 4732 805 2927 4733 305 2926 4734 805 2927 4735 8 2928 4736 8 2928 4737 805 2927 4738 803 2929 4739 8 2928 4740 803 2929 4741 801 2930 4742 6 2923 4743 791 2922 4744 297 2931 4745 791 2922 4746 815 2932 4747 297 2931 4748 297 2931 4749 815 2932 4750 814 2933 4751 297 2931 4752 814 2933 4753 305 2926 4754 305 2926 4755 814 2933 4756 813 2934 4757 305 2926 4758 813 2934 4759 812 2924 4760 801 2930 4761 799 2935 4762 8 2928 4763 8 2928 4764 799 2935 4765 797 2936 4766 8 2928 4767 797 2936 4768 6 2923 4769 6 2923 4770 797 2936 4771 795 2937 4772 6 2923 4773 795 2937 4774 793 2921 4775 305 2938 4776 8 2938 4777 816 2938 4778 305 2939 4779 816 2939 4780 307 2939 4781 817 2940 4782 309 2940 4783 818 2940 4784 818 2941 4785 309 2941 4786 307 2941 4787 818 2942 4788 307 2942 4789 819 2942 4790 819 2943 4791 307 2943 4792 816 2943 4793 820 2944 4794 821 2945 4795 822 2946 4796 823 2947 4797 824 2948 4798 825 2949 4799 824 2950 4800 823 2951 4801 826 2952 4802 827 2953 4803 828 2954 4804 829 2955 4805 829 2955 4806 828 2954 4807 817 2956 4808 829 2957 4809 817 2958 4810 818 2959 4811 830 2960 4812 831 2961 4813 832 2962 4814 832 2962 4815 831 2961 4816 833 2963 4817 832 2964 4818 833 2965 4819 825 2966 4820 825 2967 4821 833 2968 4822 834 2969 4823 825 2970 4824 834 2971 4825 823 2972 4826 201 2973 4827 203 2974 4828 835 2975 4829 836 2976 4830 821 2977 4831 835 2978 4832 835 2979 4833 821 2980 4834 820 2981 4835 835 2982 4836 820 2983 4837 201 2984 4838 201 2985 4839 820 2986 4840 822 2987 4841 201 2988 4842 822 2989 4843 199 2990 4844 199 2991 4845 822 2992 4846 837 2993 4847 199 2994 4848 837 2995 4849 198 2996 4850 198 2997 4851 837 2998 4852 838 2999 4853 198 3000 4854 838 3001 4855 196 3002 4856 196 3003 4857 838 3004 4858 839 3005 4859 196 3006 4860 839 3007 4861 195 3008 4862 195 3008 4863 839 3007 4864 840 3009 4865 195 551 4866 840 3010 4867 193 549 4868 0 3011 4869 9 3012 4870 841 3013 4871 841 3014 4872 9 3015 4873 11 3016 4874 1 3017 4875 842 3018 4876 843 3019 4877 1 3017 4878 843 3019 4879 3 3020 4880 3 3021 4881 843 3022 4882 844 3023 4883 3 3024 4884 844 3025 4885 5 3026 4886 5 3027 4887 844 3028 4888 845 3029 4889 5 3030 4890 845 3031 4891 7 3032 4892 7 3033 4893 845 3034 4894 816 3035 4895 7 3036 4896 816 3037 4897 8 3038 4898 846 3039 4899 847 3040 4900 848 3041 4901 848 3042 4902 847 3043 4903 849 3044 4904 848 3045 4905 849 3046 4906 850 3047 4907 850 3048 4908 849 3049 4909 851 3050 4910 850 3051 4911 851 3052 4912 852 3053 4913 852 3054 4914 851 3055 4915 853 3056 4916 852 3057 4917 853 3058 4918 819 3059 4919 854 3060 4920 853 3061 4921 826 3062 4922 826 3063 4923 853 3063 4924 851 3063 4925 826 3064 4926 851 3064 4927 824 3064 4928 824 3065 4929 851 3066 4930 849 3067 4931 824 3068 4932 849 3069 4933 825 3070 4934 825 3071 4935 849 3072 4936 847 3073 4937 1 3074 4938 0 3075 4939 842 3076 4940 842 3077 4941 0 3078 4942 841 3079 4943 842 3080 4944 841 3081 4945 855 3082 4946 855 3083 4947 841 3084 4948 856 3085 4949 855 3086 4950 856 3087 4951 857 3088 4952 857 3089 4953 856 3090 4954 858 3091 4955 857 3092 4956 858 3093 4957 859 3094 4958 836 2976 4959 860 3095 4960 821 2977 4961 821 2977 4962 860 3095 4963 861 3096 4964 821 2945 4965 861 3097 4966 822 2946 4967 822 3098 4968 861 3099 4969 859 3100 4970 822 3101 4971 859 3102 4972 837 3103 4973 837 3104 4974 859 3105 4975 858 3106 4976 837 3107 4977 858 3107 4978 838 3107 4979 838 3108 4980 858 3109 4981 856 3110 4982 838 3111 4983 856 3112 4984 839 3113 4985 839 3114 4986 856 3085 4987 841 3084 4988 839 3115 4989 841 3116 4990 840 3117 4991 840 3118 4992 841 3119 4993 11 3120 4994 840 3121 4995 11 3122 4996 193 3123 4997 193 3124 4998 11 3125 4999 14 3126 5000 193 3127 5001 14 3128 5002 13 3129 5003 823 3130 5004 862 3131 5005 826 3132 5006 826 3133 5007 862 3134 5008 827 2953 5009 826 3133 5010 827 2953 5011 854 3135 5012 854 3135 5013 827 2953 5014 829 2955 5015 854 3136 5016 829 3137 5017 853 3138 5018 853 3139 5019 829 2957 5020 818 2959 5021 853 3140 5022 818 3141 5023 819 3142 5024 861 3143 5025 830 3144 5026 859 3145 5027 859 3146 5028 830 3147 5029 832 3148 5030 859 3149 5031 832 3150 5032 857 3151 5033 857 3152 5034 832 3153 5035 825 3154 5036 857 3155 5037 825 3156 5038 855 3157 5039 855 3158 5040 825 3159 5041 847 3160 5042 855 3161 5043 847 3162 5044 842 3163 5045 842 3164 5046 847 3165 5047 846 3166 5048 842 3167 5049 846 3168 5050 843 3169 5051 843 3170 5052 846 3171 5053 848 3172 5054 843 3173 5055 848 3174 5056 844 3175 5057 844 3175 5058 848 3174 5059 850 3176 5060 844 3177 5061 850 3178 5062 845 3179 5063 845 3179 5064 850 3178 5065 852 3180 5066 845 3181 5067 852 3182 5068 816 3183 5069 816 3184 5070 852 3185 5071 819 3184 5072 827 3186 5073 862 3187 5074 317 3188 5075 827 3186 5076 317 3188 5077 828 2954 5078 568 1954 5079 524 1777 5080 823 3189 5081 823 3189 5082 524 1777 5083 518 1776 5084 823 3189 5085 518 1776 5086 862 3187 5087 862 3187 5088 518 1776 5089 562 3190 5090 862 3187 5091 562 3190 5092 317 3188 5093 317 3188 5094 562 3190 5095 578 3191 5096 828 2954 5097 317 3188 5098 817 2956 5099 817 2956 5100 317 3188 5101 311 3192 5102 817 2956 5103 311 3192 5104 309 3193 5105 568 1954 5106 823 3189 5107 541 3194 5108 541 3194 5109 823 3189 5110 834 3195 5111 541 3194 5112 834 3195 5113 542 3196 5114 542 3196 5115 834 3195 5116 833 3197 5117 542 3196 5118 833 3197 5119 557 3198 5120 540 3199 5121 538 3200 5122 831 3201 5123 831 3201 5124 538 3200 5125 833 3197 5126 833 3197 5127 538 3200 5128 537 3202 5129 833 3197 5130 537 3202 5131 557 3198 5132 535 3203 5133 835 3204 5134 536 3205 5135 536 3205 5136 835 3204 5137 203 3206 5138 536 3205 5139 203 3206 5140 533 3207 5141 533 3207 5142 203 3206 5143 510 3208 5144 510 3208 5145 203 3206 5146 202 3209 5147 510 3208 5148 202 3209 5149 509 3210 5150 831 3201 5151 830 3211 5152 540 3199 5153 540 3199 5154 830 3211 5155 861 3212 5156 540 3199 5157 861 3212 5158 560 3213 5159 560 3213 5160 861 3212 5161 860 3214 5162 560 3213 5163 860 3214 5164 535 3203 5165 535 3203 5166 860 3214 5167 836 3215 5168 535 3203 5169 836 3215 5170 835 3204 5171 208 3216 5172 488 3217 5173 209 3218 5174 209 3218 5175 488 3217 5176 496 3219 5177 209 3220 5178 496 3221 5179 204 3222 5180 204 3222 5181 496 3221 5182 495 3223 5183 204 3224 5184 495 3225 5185 205 3226 5186 205 3226 5187 495 3225 5188 500 3227 5189 205 3228 5190 500 3229 5191 202 3230 5192 202 3230 5193 500 3229 5194 509 3231 5195 191 3232 5196 488 3233 5197 190 3234 5198 190 3234 5199 488 3233 5200 208 3235 5201 863 3236 5202 864 3237 5203 865 1207 5204 865 1207 5205 864 3237 5206 866 1207 5207 867 3236 5208 868 3238 5209 869 3239 5210 869 3239 5211 868 3238 5212 870 3240 5213 869 3239 5214 870 3240 5215 866 1207 5216 871 3241 5217 865 1207 5218 872 3242 5219 872 3242 5220 865 1207 5221 866 1207 5222 872 3242 5223 866 1207 5224 873 1207 5225 873 1207 5226 866 1207 5227 870 3240 5228 873 1207 5229 870 3240 5230 874 1207 5231 873 3243 5232 875 3244 5233 872 3245 5234 872 3245 5235 875 3244 5236 876 3246 5237 872 3247 5238 876 1384 5239 871 1226 5240 871 1226 5241 876 1384 5242 877 1384 5243 871 3248 5244 877 3249 5245 865 3250 5246 865 3250 5247 877 3249 5248 878 3251 5249 865 3252 5250 878 3253 5251 863 3254 5252 863 3254 5253 878 3253 5254 879 3255 5255 863 3256 5256 879 1176 5257 864 1176 5258 864 1176 5259 879 1176 5260 880 3256 5261 864 3257 5262 880 3258 5263 866 3259 5264 866 3259 5265 880 3258 5266 881 3260 5267 866 3261 5268 881 3262 5269 869 3263 5270 869 3263 5271 881 3262 5272 882 3264 5273 869 3265 5274 882 1250 5275 867 1250 5276 867 1250 5277 882 1250 5278 883 3265 5279 867 3266 5280 883 3267 5281 868 3268 5282 868 3268 5283 883 3267 5284 884 3269 5285 868 3270 5286 884 3271 5287 870 3272 5288 870 3272 5289 884 3271 5290 885 3273 5291 870 1372 5292 885 1238 5293 874 1372 5294 874 1372 5295 885 1238 5296 886 3274 5297 874 3275 5298 886 3276 5299 873 3277 5300 873 3277 5301 886 3276 5302 875 3278 5303 887 3279 5304 888 3280 5305 889 3281 5306 889 3281 5307 888 3280 5308 890 1207 5309 891 3279 5310 892 3282 5311 893 3283 5312 893 3283 5313 892 3282 5314 894 3284 5315 893 3283 5316 894 3284 5317 890 1207 5318 895 3285 5319 889 3281 5320 896 3286 5321 896 3286 5322 889 3281 5323 890 1207 5324 896 3286 5325 890 1207 5326 897 1207 5327 897 1207 5328 890 1207 5329 894 3284 5330 897 1207 5331 894 3284 5332 898 1207 5333 897 3287 5334 899 3288 5335 896 3289 5336 896 3289 5337 899 3288 5338 900 3290 5339 896 3291 5340 900 3292 5341 895 3293 5342 895 3293 5343 900 3292 5344 901 3294 5345 895 3295 5346 901 3296 5347 889 3297 5348 889 3297 5349 901 3296 5350 902 3298 5351 889 3299 5352 902 3300 5353 887 3301 5354 887 3301 5355 902 3300 5356 903 3302 5357 887 1261 5358 903 3303 5359 888 3304 5360 888 3304 5361 903 3303 5362 904 3305 5363 888 3306 5364 904 3307 5365 890 3308 5366 890 3308 5367 904 3307 5368 905 3309 5369 890 3310 5370 905 3311 5371 893 3312 5372 893 3312 5373 905 3311 5374 906 3313 5375 893 3314 5376 906 3315 5377 891 3316 5378 891 3316 5379 906 3315 5380 907 3317 5381 891 3318 5382 907 3319 5383 892 3320 5384 892 3320 5385 907 3319 5386 908 3321 5387 892 3322 5388 908 3323 5389 894 3324 5390 894 3324 5391 908 3323 5392 909 3325 5393 894 3326 5394 909 3327 5395 898 3328 5396 898 3328 5397 909 3327 5398 910 3329 5399 898 3330 5400 910 3331 5401 897 3332 5402 897 3332 5403 910 3331 5404 899 3333 5405 911 3334 5406 912 3335 5407 913 3336 5408 911 3334 5409 913 3336 5410 914 3337 5411 914 3337 5412 913 3336 5413 915 3338 5414 914 3337 5415 915 3338 5416 916 3339 5417 917 3340 5418 913 3336 5419 918 3341 5420 918 3341 5421 913 3336 5422 912 3335 5423 918 3341 5424 912 3335 5425 919 3342 5426 919 3342 5427 912 3335 5428 920 3342 5429 921 3342 5430 922 3342 5431 923 3342 5432 923 3342 5433 922 3342 5434 915 3338 5435 923 3342 5436 915 3338 5437 924 3343 5438 924 3343 5439 915 3338 5440 913 3336 5441 914 3344 5442 925 3345 5443 911 3346 5444 911 3346 5445 925 3345 5446 926 3347 5447 911 3348 5448 926 3349 5449 912 3350 5450 912 3350 5451 926 3349 5452 927 3351 5453 912 3352 5454 927 3353 5455 920 3354 5456 920 3354 5457 927 3353 5458 928 3355 5459 920 2313 5460 928 2313 5461 919 2313 5462 919 2313 5463 928 2313 5464 929 2313 5465 919 3356 5466 929 3357 5467 918 3358 5468 918 3358 5469 929 3357 5470 930 3359 5471 918 3360 5472 930 3361 5473 917 3362 5474 917 3362 5475 930 3361 5476 931 3363 5477 917 3364 5478 931 3365 5479 913 3366 5480 913 3366 5481 931 3365 5482 932 3367 5483 913 3368 5484 932 3369 5485 924 3370 5486 924 3370 5487 932 3369 5488 933 3371 5489 924 3372 5490 933 3373 5491 923 3373 5492 923 3373 5493 933 3373 5494 934 3374 5495 923 3375 5496 934 3376 5497 921 3377 5498 921 3377 5499 934 3376 5500 935 3378 5501 921 914 5502 935 914 5503 922 914 5504 922 914 5505 935 914 5506 936 914 5507 922 3379 5508 936 3380 5509 915 3381 5510 915 3381 5511 936 3380 5512 937 3382 5513 915 3383 5514 937 3384 5515 916 3385 5516 916 3385 5517 937 3384 5518 938 3386 5519 916 3387 5520 938 3388 5521 914 3389 5522 914 3389 5523 938 3388 5524 925 3390 5525 928 3391 5526 939 3342 5527 929 3342 5528 929 3342 5529 939 3342 5530 940 3342 5531 929 3342 5532 940 3342 5533 930 3392 5534 930 3392 5535 940 3342 5536 941 3393 5537 930 3392 5538 941 3393 5539 931 3394 5540 931 3394 5541 941 3393 5542 942 3342 5543 931 3394 5544 942 3342 5545 932 3342 5546 932 3342 5547 942 3342 5548 943 3342 5549 932 3342 5550 943 3342 5551 933 3342 5552 933 3342 5553 943 3342 5554 944 3342 5555 933 3342 5556 944 3342 5557 934 3395 5558 934 3395 5559 944 3342 5560 945 3396 5561 934 3395 5562 945 3396 5563 935 3397 5564 945 3396 5565 946 3398 5566 935 3397 5567 935 3397 5568 946 3398 5569 947 3342 5570 935 3397 5571 947 3342 5572 936 3342 5573 936 3342 5574 947 3342 5575 948 3399 5576 936 3342 5577 948 3399 5578 937 3400 5579 937 3400 5580 948 3399 5581 949 3401 5582 937 3400 5583 949 3401 5584 938 3402 5585 938 3402 5586 949 3401 5587 950 3342 5588 938 3402 5589 950 3342 5590 925 3342 5591 925 3342 5592 950 3342 5593 951 3342 5594 925 3342 5595 951 3342 5596 926 3342 5597 926 3342 5598 951 3342 5599 952 3342 5600 926 3342 5601 952 3342 5602 927 3403 5603 927 3403 5604 952 3342 5605 953 3404 5606 927 3403 5607 953 3404 5608 928 3391 5609 928 3391 5610 953 3404 5611 954 3405 5612 928 3391 5613 954 3405 5614 939 3342 5615 943 3406 5616 955 3407 5617 944 3408 5618 944 3408 5619 955 3407 5620 956 3409 5621 944 3410 5622 956 3411 5623 945 3412 5624 945 3412 5625 956 3411 5626 957 3413 5627 945 3414 5628 957 3415 5629 946 3416 5630 946 3416 5631 957 3415 5632 958 3417 5633 946 3418 5634 958 3419 5635 947 3420 5636 947 3420 5637 958 3419 5638 959 3421 5639 947 3422 5640 959 3423 5641 948 3424 5642 948 3424 5643 959 3423 5644 960 3425 5645 948 3426 5646 960 3427 5647 949 3428 5648 949 3428 5649 960 3427 5650 961 3429 5651 949 3430 5652 961 3431 5653 950 3432 5654 950 3432 5655 961 3431 5656 962 3433 5657 950 3434 5658 962 3435 5659 951 3436 5660 951 3436 5661 962 3435 5662 963 3437 5663 951 3438 5664 963 3439 5665 952 3440 5666 952 3440 5667 963 3439 5668 964 3441 5669 952 3442 5670 964 3443 5671 953 3444 5672 953 3444 5673 964 3443 5674 965 3445 5675 953 3446 5676 965 3447 5677 954 3448 5678 954 3448 5679 965 3447 5680 966 3449 5681 954 3450 5682 966 3451 5683 939 3452 5684 939 3452 5685 966 3451 5686 967 3453 5687 939 3454 5688 967 3455 5689 940 3456 5690 940 3456 5691 967 3455 5692 968 3457 5693 940 3458 5694 968 3459 5695 941 3460 5696 941 3460 5697 968 3459 5698 969 3461 5699 941 3462 5700 969 3463 5701 942 3464 5702 942 3464 5703 969 3463 5704 970 3465 5705 942 3466 5706 970 3467 5707 943 3468 5708 943 3468 5709 970 3467 5710 955 3469 5711 963 3470 5712 971 3471 5713 964 3472 5714 964 3472 5715 971 3471 5716 972 3473 5717 964 3474 5718 972 3475 5719 965 3476 5720 965 3476 5721 972 3475 5722 973 3477 5723 965 3478 5724 973 3479 5725 966 3480 5726 966 3480 5727 973 3479 5728 974 3481 5729 966 3482 5730 974 3483 5731 967 3484 5732 967 3484 5733 974 3483 5734 975 3485 5735 967 3486 5736 975 3487 5737 968 3488 5738 968 3488 5739 975 3487 5740 976 3489 5741 968 3490 5742 976 3491 5743 969 3492 5744 969 3492 5745 976 3491 5746 977 3493 5747 969 3494 5748 977 3495 5749 970 3496 5750 970 3496 5751 977 3495 5752 978 3497 5753 970 3498 5754 978 3499 5755 955 3500 5756 955 3500 5757 978 3499 5758 979 3501 5759 955 3502 5760 979 3503 5761 956 3504 5762 956 3504 5763 979 3503 5764 980 3505 5765 956 3506 5766 980 3507 5767 957 3508 5768 957 3508 5769 980 3507 5770 981 3509 5771 957 3510 5772 981 3511 5773 958 3512 5774 958 3512 5775 981 3511 5776 982 3513 5777 958 3514 5778 982 3515 5779 959 3516 5780 959 3516 5781 982 3515 5782 983 3517 5783 959 3518 5784 983 3519 5785 960 3520 5786 960 3520 5787 983 3519 5788 984 3521 5789 960 3522 5790 984 3523 5791 961 3524 5792 961 3524 5793 984 3523 5794 985 3525 5795 961 3526 5796 985 3527 5797 962 3528 5798 962 3528 5799 985 3527 5800 986 3529 5801 962 3530 5802 986 3531 5803 963 3532 5804 963 3532 5805 986 3531 5806 971 3533 5807 987 3534 5808 988 3535 5809 989 3536 5810 987 3534 5811 989 3536 5812 990 3537 5813 990 3538 5814 989 3539 5815 991 3540 5816 990 3538 5817 991 3540 5818 992 3541 5819 992 3542 5820 991 3543 5821 993 3544 5822 992 3542 5823 993 3544 5824 994 3545 5825 994 3342 5826 993 3342 5827 995 3342 5828 995 3342 5829 993 3342 5830 996 3342 5831 995 3546 5832 996 3547 5833 997 3548 5834 995 3546 5835 997 3548 5836 998 3549 5837 998 3550 5838 997 3551 5839 999 3552 5840 998 3550 5841 999 3552 5842 1000 3553 5843 1000 3554 5844 999 3555 5845 1001 3556 5846 1000 3554 5847 1001 3556 5848 1002 3557 5849 1003 1390 5850 1004 1390 5851 1001 1390 5852 1001 1390 5853 1004 1390 5854 1002 1390 5855 1004 3558 5856 1003 3559 5857 1005 3560 5858 1004 3558 5859 1005 3560 5860 1006 3561 5861 1006 3562 5862 1005 3563 5863 1007 3564 5864 1006 3562 5865 1007 3564 5866 1008 3565 5867 1008 3566 5868 1007 3567 5869 1009 3568 5870 1008 3566 5871 1009 3568 5872 1010 3569 5873 1011 3570 5874 994 2313 5875 1010 3571 5876 1010 3571 5877 994 2313 5878 995 3572 5879 990 2313 5880 992 2313 5881 987 2313 5882 987 2313 5883 992 2313 5884 994 2313 5885 987 2313 5886 994 2313 5887 1012 2313 5888 1012 2313 5889 994 2313 5890 1011 3570 5891 1012 2313 5892 1011 3570 5893 1013 3573 5894 1013 3573 5895 1011 3570 5896 1014 3574 5897 1006 3575 5898 1008 3576 5899 1004 3577 5900 1004 3577 5901 1008 3576 5902 1010 3571 5903 1004 3577 5904 1010 3571 5905 1002 3578 5906 1002 3578 5907 1010 3571 5908 995 3572 5909 1002 3578 5910 995 3572 5911 1000 3579 5912 1000 3579 5913 995 3572 5914 998 3580 5915 1015 126 5916 1011 126 5917 1009 126 5918 1009 126 5919 1011 126 5920 1010 126 5921 1011 3581 5922 1015 3582 5923 1016 3583 5924 1011 3581 5925 1016 3583 5926 1014 3584 5927 1014 3585 5928 1016 3586 5929 1017 3587 5930 1014 3585 5931 1017 3587 5932 1013 3588 5933 1013 3589 5934 1017 3590 5935 1018 3591 5936 1013 3589 5937 1018 3591 5938 1012 3592 5939 1012 1207 5940 1018 1207 5941 987 1207 5942 987 1207 5943 1018 1207 5944 988 1207 5945 1019 3593 5946 1020 3594 5947 1021 3595 5948 1021 3595 5949 1020 3594 5950 1022 3596 5951 1023 914 5952 1024 914 5953 1025 914 5954 1026 3597 5955 1027 3598 5956 1028 3599 5957 1029 3600 5958 1030 3601 5959 1031 3602 5960 1031 3602 5961 1030 3601 5962 1032 3603 5963 1031 3602 5964 1032 3603 5965 1021 3595 5966 1021 3595 5967 1032 3603 5968 1033 3604 5969 1021 3595 5970 1033 3604 5971 1019 3593 5972 1025 914 5973 1021 3595 5974 1023 914 5975 1023 914 5976 1021 3595 5977 1022 3596 5978 1023 914 5979 1022 3596 5980 1034 914 5981 1034 914 5982 1022 3596 5983 1035 914 5984 1036 914 5985 1037 914 5986 1038 914 5987 1038 914 5988 1037 914 5989 1029 3600 5990 1038 914 5991 1029 3600 5992 1028 3599 5993 1028 3599 5994 1029 3600 5995 1039 3605 5996 1028 3599 5997 1039 3605 5998 1026 3597 5999 1040 914 6000 1041 3606 6001 1031 3602 6002 1031 3602 6003 1041 3606 6004 1042 3607 6005 1031 3602 6006 1042 3607 6007 1029 3600 6008 1029 3600 6009 1042 3607 6010 1043 3608 6011 1029 3600 6012 1043 3608 6013 1039 3605 6014 1039 3605 6015 1043 3608 6016 1044 914 6017 1045 3609 6018 1046 3610 6019 1047 3611 6020 1047 3611 6021 1046 3610 6022 1034 914 6023 1047 3611 6024 1034 914 6025 1048 914 6026 1048 914 6027 1034 914 6028 1035 914 6029 1048 914 6030 1035 914 6031 1049 914 6032 1049 914 6033 1035 914 6034 1050 914 6035 1028 1207 6036 1051 1207 6037 1038 1207 6038 1038 1207 6039 1051 1207 6040 1052 1207 6041 1038 3612 6042 1052 3613 6043 1036 3614 6044 1036 3614 6045 1052 3613 6046 1053 3615 6047 1036 3616 6048 1053 3617 6049 1037 3618 6050 1037 3618 6051 1053 3617 6052 1054 3619 6053 1037 3620 6054 1054 3621 6055 1029 3622 6056 1029 3622 6057 1054 3621 6058 1055 3621 6059 1029 3623 6060 1055 3624 6061 1056 3625 6062 1029 3623 6063 1056 3625 6064 1030 3626 6065 1030 3627 6066 1056 3628 6067 1057 3629 6068 1030 3627 6069 1057 3629 6070 1032 3630 6071 1032 1207 6072 1057 1207 6073 1033 1207 6074 1033 1207 6075 1057 1207 6076 1058 1207 6077 1033 3631 6078 1058 3632 6079 1059 3633 6080 1033 3631 6081 1059 3633 6082 1019 3634 6083 1019 3635 6084 1059 3636 6085 1060 3636 6086 1019 3635 6087 1060 3636 6088 1020 3637 6089 1020 3638 6090 1060 3639 6091 1061 3640 6092 1020 3638 6093 1061 3640 6094 1022 3641 6095 1022 3342 6096 1061 3342 6097 1035 3342 6098 1035 3342 6099 1061 3342 6100 1062 3342 6101 1035 3642 6102 1062 3643 6103 1050 3644 6104 1050 3644 6105 1062 3643 6106 1063 3645 6107 1050 3646 6108 1063 3647 6109 1049 3648 6110 1049 3648 6111 1063 3647 6112 1064 3649 6113 1049 3650 6114 1064 3651 6115 1048 3652 6116 1048 3652 6117 1064 3651 6118 1065 3653 6119 1048 1207 6120 1065 1207 6121 1047 1207 6122 1047 1207 6123 1065 1207 6124 1066 1207 6125 1047 3654 6126 1066 3655 6127 1045 3656 6128 1045 3656 6129 1066 3655 6130 1067 3657 6131 1045 3658 6132 1067 3659 6133 1046 3660 6134 1046 3660 6135 1067 3659 6136 1068 3661 6137 1046 3662 6138 1068 3663 6139 1034 3664 6140 1034 3664 6141 1068 3663 6142 1069 3665 6143 1034 126 6144 1069 126 6145 1023 126 6146 1023 126 6147 1069 126 6148 1070 126 6149 1023 3666 6150 1070 3667 6151 1024 3668 6152 1024 3668 6153 1070 3667 6154 1071 3669 6155 1024 3670 6156 1071 3671 6157 1025 3672 6158 1025 3672 6159 1071 3671 6160 1072 3673 6161 1025 3674 6162 1072 3675 6163 1021 3676 6164 1021 3676 6165 1072 3675 6166 1073 3677 6167 1021 1390 6168 1073 1390 6169 1031 1390 6170 1031 1390 6171 1073 1390 6172 1074 1390 6173 1031 3678 6174 1074 3679 6175 1040 3680 6176 1040 3680 6177 1074 3679 6178 1075 3681 6179 1040 3682 6180 1075 3683 6181 1041 3684 6182 1041 3684 6183 1075 3683 6184 1076 3685 6185 1041 3686 6186 1076 3687 6187 1042 3688 6188 1042 3688 6189 1076 3687 6190 1077 3689 6191 1042 3342 6192 1077 3342 6193 1043 3342 6194 1043 3342 6195 1077 3342 6196 1078 3342 6197 1043 3690 6198 1078 3691 6199 1044 3692 6200 1044 3692 6201 1078 3691 6202 1079 3693 6203 1044 3694 6204 1079 3695 6205 1039 3696 6206 1039 3696 6207 1079 3695 6208 1080 3697 6209 1039 3698 6210 1080 3699 6211 1026 3700 6212 1026 3700 6213 1080 3699 6214 1081 3701 6215 1026 3702 6216 1081 3703 6217 1027 3704 6218 1027 3704 6219 1081 3703 6220 1082 3705 6221 1027 3706 6222 1082 3707 6223 1028 3708 6224 1028 3708 6225 1082 3707 6226 1051 3709 6227 1075 914 6228 1074 3710 6229 1083 3711 6230 1075 914 6231 1083 3711 6232 1076 3712 6233 1076 3712 6234 1083 3711 6235 1084 3713 6236 1076 3712 6237 1084 3713 6238 1077 3714 6239 1055 3715 6240 1054 3716 6241 1062 3717 6242 1085 3718 6243 1086 3719 6244 1068 3720 6245 1062 3717 6246 1054 3716 6247 1063 3721 6248 1063 3721 6249 1054 3716 6250 1053 3722 6251 1063 3721 6252 1053 3722 6253 1052 3723 6254 1087 3724 6255 1088 3725 6256 1081 3726 6257 1068 3720 6258 1086 3719 6259 1069 914 6260 1069 914 6261 1086 3719 6262 1089 914 6263 1069 914 6264 1089 914 6265 1070 914 6266 1070 914 6267 1089 914 6268 1090 914 6269 1070 914 6270 1090 914 6271 1071 914 6272 1071 914 6273 1090 914 6274 1091 914 6275 1071 914 6276 1091 914 6277 1072 914 6278 1072 914 6279 1091 914 6280 1092 3727 6281 1072 914 6282 1092 3727 6283 1073 3728 6284 1073 3728 6285 1092 3727 6286 1093 3729 6287 1073 3728 6288 1093 3729 6289 1074 3710 6290 1074 3710 6291 1093 3729 6292 1094 3730 6293 1074 3710 6294 1094 3730 6295 1083 3711 6296 1068 3720 6297 1067 3731 6298 1085 3718 6299 1085 3718 6300 1067 3731 6301 1066 3732 6302 1085 3718 6303 1066 3732 6304 1095 914 6305 1095 914 6306 1066 3732 6307 1065 3733 6308 1095 914 6309 1065 3733 6310 1096 3734 6311 1096 3734 6312 1065 3733 6313 1064 3735 6314 1064 3735 6315 1063 3721 6316 1096 3734 6317 1096 3734 6318 1063 3721 6319 1052 3723 6320 1096 3734 6321 1052 3723 6322 1097 3736 6323 1097 3736 6324 1052 3723 6325 1051 3737 6326 1097 3736 6327 1051 3737 6328 1088 3725 6329 1088 3725 6330 1051 3737 6331 1082 3738 6332 1088 3725 6333 1082 3738 6334 1081 3726 6335 1084 3713 6336 1098 3739 6337 1077 3714 6338 1077 3714 6339 1098 3739 6340 1099 3740 6341 1077 3714 6342 1099 3740 6343 1078 3741 6344 1078 3741 6345 1099 3740 6346 1100 3742 6347 1078 3741 6348 1100 3742 6349 1079 3743 6350 1079 3743 6351 1100 3742 6352 1087 3724 6353 1079 3743 6354 1087 3724 6355 1080 3744 6356 1080 3744 6357 1087 3724 6358 1081 3726 6359 1060 3745 6360 1059 3746 6361 1061 3747 6362 1061 3747 6363 1059 3746 6364 1058 3748 6365 1061 3747 6366 1058 3748 6367 1062 3717 6368 1062 3717 6369 1058 3748 6370 1057 3749 6371 1062 3717 6372 1057 3749 6373 1055 3715 6374 1055 3715 6375 1057 3749 6376 1056 914 6377 1101 3750 6378 1102 3751 6379 1103 3752 6380 1103 3752 6381 1102 3751 6382 1104 3753 6383 1105 3754 6384 1106 3755 6385 1107 3756 6386 1107 3756 6387 1108 3757 6388 1105 3754 6389 1105 3758 6390 1108 3759 6391 1109 3760 6392 1105 3761 6393 1109 3761 6394 1110 3761 6395 1110 3762 6396 1109 3763 6397 1111 3764 6398 1110 3765 6399 1111 3766 6400 1112 3767 6401 1102 3768 6402 1101 3769 6403 1113 3770 6404 1113 3770 6405 1101 3769 6406 1112 3771 6407 1113 3772 6408 1112 3772 6409 1114 3772 6410 1114 3773 6411 1112 3774 6412 1111 3775 6413 1115 3776 6414 1116 3777 6415 1106 3778 6416 1106 3778 6417 1116 3777 6418 1107 3779 6419 1117 3780 6420 1118 3781 6421 1119 3782 6422 1119 3782 6423 1120 3783 6424 1117 3780 6425 1117 3784 6426 1120 3785 6427 1121 3784 6428 1117 3786 6429 1121 3786 6430 1122 3787 6431 1122 3788 6432 1121 3789 6433 1123 3790 6434 1122 3791 6435 1123 3791 6436 1124 3792 6437 1116 3793 6438 1115 3794 6439 1125 3795 6440 1125 3795 6441 1115 3794 6442 1124 3796 6443 1125 3797 6444 1124 3798 6445 1126 3799 6446 1126 3800 6447 1124 3801 6448 1123 3802 6449 1127 3803 6450 1128 3804 6451 1118 3805 6452 1118 3805 6453 1128 3804 6454 1119 3806 6455 1129 3807 6456 1130 3808 6457 1131 3809 6458 1131 3809 6459 1132 3810 6460 1129 3807 6461 1129 3811 6462 1132 3811 6463 1133 3811 6464 1129 3812 6465 1133 3812 6466 1134 3812 6467 1134 3813 6468 1133 3814 6469 1135 3815 6470 1134 3816 6471 1135 3817 6472 1136 3818 6473 1128 3819 6474 1127 3820 6475 1137 3821 6476 1137 3821 6477 1127 3820 6478 1136 3822 6479 1137 3823 6480 1136 3823 6481 1138 3824 6482 1138 3825 6483 1136 3826 6484 1135 3827 6485 1131 3828 6486 1130 3829 6487 1139 3830 6488 1139 3830 6489 1130 3829 6490 1140 1226 6491 1139 3831 6492 1140 3832 6493 1141 3833 6494 1141 3833 6495 1140 3832 6496 1142 3834 6497 1141 3835 6498 1142 3836 6499 1143 3837 6500 1143 3837 6501 1142 3836 6502 1144 3838 6503 1143 3839 6504 1144 3840 6505 1145 3841 6506 1145 3841 6507 1144 3840 6508 1146 3842 6509 1143 3843 6510 1145 3844 6511 1087 3845 6512 1087 3845 6513 1145 3844 6514 1088 3846 6515 1143 3847 6516 1087 3848 6517 1141 3849 6518 1141 3849 6519 1087 3848 6520 1100 3850 6521 1141 3851 6522 1100 3852 6523 1139 3853 6524 1139 3853 6525 1100 3852 6526 1099 3854 6527 1131 3342 6528 1139 3342 6529 1098 3342 6530 1098 3342 6531 1139 3342 6532 1099 3342 6533 1083 3855 6534 1094 3856 6535 1128 3857 6536 1128 3858 6537 1137 3859 6538 1083 3860 6539 1083 3861 6540 1137 3862 6541 1138 3863 6542 1083 3864 6543 1138 3864 6544 1084 3864 6545 1084 3865 6546 1138 3866 6547 1135 3865 6548 1131 3867 6549 1098 3868 6550 1132 3869 6551 1132 3870 6552 1098 3871 6553 1084 3872 6554 1132 3873 6555 1084 3874 6556 1133 3875 6557 1133 3876 6558 1084 3877 6559 1135 3878 6560 1119 1390 6561 1128 1390 6562 1093 1390 6563 1093 1390 6564 1128 1390 6565 1094 1390 6566 1091 3879 6567 1090 3880 6568 1116 3881 6569 1116 3882 6570 1125 3883 6571 1091 3884 6572 1091 3885 6573 1125 3886 6574 1126 3887 6575 1091 3888 6576 1126 3888 6577 1092 3888 6578 1092 3889 6579 1126 3890 6580 1123 3891 6581 1119 3892 6582 1093 3893 6583 1120 3894 6584 1120 3895 6585 1093 3896 6586 1092 3897 6587 1120 3898 6588 1092 3899 6589 1121 3900 6590 1121 3901 6591 1092 3902 6592 1123 3903 6593 1107 126 6594 1116 126 6595 1089 126 6596 1089 126 6597 1116 126 6598 1090 126 6599 1085 3904 6600 1095 3905 6601 1102 3906 6602 1102 3907 6603 1113 3908 6604 1085 3909 6605 1085 3910 6606 1113 3911 6607 1114 3912 6608 1085 3913 6609 1114 3913 6610 1086 3913 6611 1086 3914 6612 1114 3915 6613 1111 3916 6614 1107 3917 6615 1089 3918 6616 1108 3919 6617 1108 3920 6618 1089 3921 6619 1086 3922 6620 1108 3923 6621 1086 3924 6622 1109 3925 6623 1109 3926 6624 1086 3927 6625 1111 3928 6626 1104 1207 6627 1102 1207 6628 1096 1207 6629 1096 1207 6630 1102 1207 6631 1095 1207 6632 1104 3929 6633 1096 3930 6634 1147 3931 6635 1147 3931 6636 1096 3930 6637 1097 3932 6638 1147 3933 6639 1097 3934 6640 1145 3934 6641 1145 3934 6642 1097 3934 6643 1088 3933 6644 1145 3935 6645 1146 3936 6646 1147 3937 6647 1147 3937 6648 1146 3936 6649 1148 3938 6650 1147 3939 6651 1148 3940 6652 1104 3941 6653 1104 3941 6654 1148 3940 6655 1103 3942 6656 1149 3943 6657 1150 914 6658 1151 3944 6659 1152 3945 6660 1153 914 6661 1154 3946 6662 1155 3947 6663 1156 3948 6664 1152 3945 6665 1151 3944 6666 1157 3949 6667 1155 3947 6668 1154 3946 6669 1158 3950 6670 1159 3951 6671 1155 3947 6672 1152 3945 6673 1151 3944 6674 1151 3944 6675 1152 3945 6676 1154 3946 6677 1151 3944 6678 1154 3946 6679 1149 3943 6680 1149 3943 6681 1154 3946 6682 1159 3951 6683 1149 3943 6684 1159 3951 6685 1160 3952 6686 1153 3953 6687 1161 3954 6688 1154 3955 6689 1154 3955 6690 1161 3954 6691 1162 3956 6692 1154 129 6693 1162 3957 6694 1158 3958 6695 1158 3958 6696 1162 3957 6697 1163 3959 6698 1158 3960 6699 1163 3961 6700 1159 3962 6701 1159 3962 6702 1163 3961 6703 1164 3963 6704 1159 3964 6705 1164 3964 6706 1160 3964 6707 1160 3964 6708 1164 3964 6709 1165 3964 6710 1160 3965 6711 1165 3966 6712 1149 3967 6713 1149 3967 6714 1165 3966 6715 1166 3968 6716 1149 3969 6717 1166 3970 6718 1150 3971 6719 1150 3971 6720 1166 3970 6721 1167 3972 6722 1150 3973 6723 1167 3974 6724 1151 3975 6725 1151 3975 6726 1167 3974 6727 1168 3976 6728 1151 3977 6729 1168 3978 6730 1157 3979 6731 1157 3979 6732 1168 3978 6733 1169 3980 6734 1157 3981 6735 1169 3981 6736 1155 3981 6737 1155 3981 6738 1169 3981 6739 1170 3981 6740 1155 3982 6741 1170 3983 6742 1156 3984 6743 1156 3984 6744 1170 3983 6745 1171 3985 6746 1156 3986 6747 1171 3987 6748 1152 3988 6749 1152 3988 6750 1171 3987 6751 1172 3989 6752 1152 3990 6753 1172 3991 6754 1153 3992 6755 1153 3992 6756 1172 3991 6757 1161 3993 6758 1167 3994 6759 1173 3995 6760 1168 3996 6761 1168 3996 6762 1173 3995 6763 1174 3997 6764 1168 3998 6765 1174 3999 6766 1169 4000 6767 1169 4000 6768 1174 3999 6769 1175 4001 6770 1169 4002 6771 1175 4003 6772 1170 4004 6773 1170 4004 6774 1175 4003 6775 1176 4005 6776 1170 4006 6777 1176 4007 6778 1171 4008 6779 1171 4008 6780 1176 4007 6781 1177 4009 6782 1171 4010 6783 1177 4011 6784 1172 4012 6785 1172 4012 6786 1177 4011 6787 1178 4013 6788 1172 4014 6789 1178 4015 6790 1161 4016 6791 1161 4016 6792 1178 4015 6793 1179 4017 6794 1161 4018 6795 1179 4019 6796 1162 4020 6797 1162 4020 6798 1179 4019 6799 1180 4021 6800 1162 4022 6801 1180 4023 6802 1163 4024 6803 1163 4024 6804 1180 4023 6805 1181 4025 6806 1163 4026 6807 1181 4027 6808 1164 4028 6809 1164 4028 6810 1181 4027 6811 1182 4029 6812 1164 4030 6813 1182 4031 6814 1165 4032 6815 1165 4032 6816 1182 4031 6817 1183 4033 6818 1165 4034 6819 1183 4035 6820 1166 4036 6821 1166 4036 6822 1183 4035 6823 1184 4037 6824 1166 4038 6825 1184 4039 6826 1167 4040 6827 1167 4040 6828 1184 4039 6829 1173 4041 6830 1185 4042 6831 1186 914 6832 1187 4043 6833 1188 4044 6834 1189 914 6835 1190 4045 6836 1191 3947 6837 1192 3948 6838 1188 4044 6839 1187 4043 6840 1193 3949 6841 1191 3947 6842 1190 4045 6843 1194 3950 6844 1195 3951 6845 1191 3947 6846 1188 4044 6847 1187 4043 6848 1187 4043 6849 1188 4044 6850 1190 4045 6851 1187 4043 6852 1190 4045 6853 1185 4042 6854 1185 4042 6855 1190 4045 6856 1195 3951 6857 1185 4042 6858 1195 3951 6859 1196 3952 6860 1189 3953 6861 1197 4046 6862 1190 4047 6863 1190 4047 6864 1197 4046 6865 1198 4048 6866 1190 4049 6867 1198 4050 6868 1194 4051 6869 1194 4051 6870 1198 4050 6871 1199 4052 6872 1194 3960 6873 1199 3961 6874 1195 3962 6875 1195 3962 6876 1199 3961 6877 1200 3963 6878 1195 3964 6879 1200 3964 6880 1196 3964 6881 1196 3964 6882 1200 3964 6883 1201 3964 6884 1196 4053 6885 1201 4054 6886 1185 4055 6887 1185 4055 6888 1201 4054 6889 1202 4056 6890 1185 4057 6891 1202 4058 6892 1186 4059 6893 1186 4059 6894 1202 4058 6895 1203 4060 6896 1186 3973 6897 1203 4061 6898 1187 4062 6899 1187 4062 6900 1203 4061 6901 1204 4063 6902 1187 3864 6903 1204 4064 6904 1193 4065 6905 1193 4065 6906 1204 4064 6907 1205 4066 6908 1193 3981 6909 1205 3981 6910 1191 3981 6911 1191 3981 6912 1205 3981 6913 1206 3981 6914 1191 3982 6915 1206 3983 6916 1192 3984 6917 1192 3984 6918 1206 3983 6919 1207 3985 6920 1192 4067 6921 1207 3844 6922 1188 3647 6923 1188 3647 6924 1207 3844 6925 1208 4068 6926 1188 4069 6927 1208 4070 6928 1189 4071 6929 1189 4071 6930 1208 4070 6931 1197 4072 6932 1203 4073 6933 1209 4074 6934 1204 4075 6935 1204 4075 6936 1209 4074 6937 1210 4076 6938 1204 4077 6939 1210 4078 6940 1205 4079 6941 1205 4079 6942 1210 4078 6943 1211 4080 6944 1205 4081 6945 1211 4082 6946 1206 4083 6947 1206 4083 6948 1211 4082 6949 1212 4084 6950 1206 4085 6951 1212 4086 6952 1207 4087 6953 1207 4087 6954 1212 4086 6955 1213 4088 6956 1207 4089 6957 1213 4090 6958 1208 4091 6959 1208 4091 6960 1213 4090 6961 1214 4092 6962 1208 4093 6963 1214 4094 6964 1197 4095 6965 1197 4095 6966 1214 4094 6967 1215 4096 6968 1197 4097 6969 1215 4098 6970 1198 4099 6971 1198 4099 6972 1215 4098 6973 1216 4100 6974 1198 4101 6975 1216 4102 6976 1199 4103 6977 1199 4103 6978 1216 4102 6979 1217 4025 6980 1199 4104 6981 1217 4105 6982 1200 4106 6983 1200 4106 6984 1217 4105 6985 1218 4107 6986 1200 4108 6987 1218 4109 6988 1201 4110 6989 1201 4110 6990 1218 4109 6991 1219 4111 6992 1201 4112 6993 1219 4113 6994 1202 4114 6995 1202 4114 6996 1219 4113 6997 1220 4115 6998 1202 4116 6999 1220 4117 7000 1203 4118 7001 1203 4118 7002 1220 4117 7003 1209 4041 7004 1221 4119 7005 1222 4120 7006 1223 4121 7007 1222 4122 7008 1224 4123 7009 1225 4124 7010 1226 4125 7011 1227 4126 7012 1228 4127 7013 1229 4128 7014 1230 4129 7015 1231 4130 7016 1232 4131 7017 1233 4132 7018 1234 4133 7019 1229 4134 7020 1231 4135 7021 1235 4136 7022 1236 4137 7023 1237 4138 7024 1238 4139 7025 1239 4140 7026 1240 4141 7027 1241 4142 7028 1227 4143 7029 1241 4144 7030 1242 4145 7031 1227 4143 7032 1242 4145 7033 1228 4146 7034 1228 4147 7035 1242 4148 7036 1243 4149 7037 1228 4147 7038 1243 4149 7039 1244 4150 7040 1245 4151 7041 1246 4152 7042 1247 4153 7043 1247 4153 7044 1246 4152 7045 1238 4154 7046 1233 4155 7047 1232 4156 7048 1248 4157 7049 1249 4158 7050 1250 4159 7051 1251 4160 7052 1252 4161 7053 1221 4162 7054 1253 4163 7055 1252 4164 7056 1253 4165 7057 1254 4166 7058 1254 4167 7059 1253 4167 7060 1255 4167 7061 1254 4168 7062 1255 4169 7063 1256 4170 7064 1256 4171 7065 1255 4172 7066 1257 4173 7067 1256 4174 7068 1257 4174 7069 1258 4174 7070 1258 4175 7071 1257 4176 7072 1259 4177 7073 1258 4178 7074 1259 4179 7075 1260 4180 7076 1260 4181 7077 1259 4182 7078 1261 4183 7079 1260 4184 7080 1261 4185 7081 1262 4186 7082 1262 4187 7083 1261 4188 7084 1263 4189 7085 1262 4190 7086 1263 4191 7087 1264 4192 7088 1264 4193 7089 1263 4194 7090 1265 4195 7091 1264 4196 7092 1265 4197 7093 1266 4198 7094 1266 4199 7095 1265 4200 7096 1267 4201 7097 1266 4202 7098 1267 4203 7099 1268 4204 7100 1268 4205 7101 1267 4206 7102 1269 4207 7103 1268 4208 7104 1269 4208 7105 1270 4208 7106 1270 4209 7107 1269 4209 7108 1271 4210 7109 1270 4211 7110 1271 4211 7111 1272 4211 7112 1272 4212 7113 1271 4212 7114 1273 4212 7115 1272 4213 7116 1273 4213 7117 1274 4213 7118 1274 4214 7119 1273 4215 7120 1275 4216 7121 1274 4217 7122 1275 4218 7123 1276 4219 7124 1276 4220 7125 1275 4221 7126 1277 4222 7127 1276 4220 7128 1277 4222 7129 1278 4223 7130 1278 4224 7131 1277 4225 7132 1279 4226 7133 1278 4224 7134 1279 4226 7135 1280 4227 7136 1226 4228 7137 1281 4228 7138 1227 4228 7139 1227 4229 7140 1281 4230 7141 1282 4231 7142 1227 4232 7143 1282 4233 7144 1241 4234 7145 1241 4235 7146 1282 4236 7147 1283 4237 7148 1241 4142 7149 1283 4238 7150 1239 4140 7151 1284 4239 7152 1285 4239 7153 1244 4239 7154 1244 4240 7155 1285 4240 7156 1286 4241 7157 1244 4242 7158 1286 4242 7159 1228 4242 7160 1228 4243 7161 1286 4243 7162 1287 4243 7163 1228 4127 7164 1287 4244 7165 1226 4125 7166 1240 4141 7167 1288 4245 7168 1241 4142 7169 1241 4142 7170 1288 4245 7171 1289 4246 7172 1241 4142 7173 1289 4246 7174 1242 4247 7175 1242 4248 7176 1289 4249 7177 1236 4250 7178 1242 4248 7179 1236 4250 7180 1243 4251 7181 1243 4252 7182 1236 4137 7183 1238 4139 7184 1243 4253 7185 1238 4254 7186 1244 4255 7187 1244 4255 7188 1238 4254 7189 1246 4256 7190 1244 4257 7191 1246 4257 7192 1284 4257 7193 1290 4258 7194 1291 4259 7195 1245 4260 7196 1245 4261 7197 1291 4262 7198 1292 4263 7199 1245 4264 7200 1292 4264 7201 1246 4264 7202 1246 4265 7203 1292 4265 7204 1293 4265 7205 1246 4266 7206 1293 4267 7207 1284 4268 7208 1249 4269 7209 1290 4269 7210 1294 4269 7211 1294 4270 7212 1290 4270 7213 1245 4270 7214 1294 4271 7215 1245 4272 7216 1295 4273 7217 1295 4273 7218 1245 4272 7219 1247 4274 7220 1249 4158 7221 1251 4160 7222 1290 4275 7223 1290 4276 7224 1251 4277 7225 1296 4278 7226 1290 4276 7227 1296 4278 7228 1291 4279 7229 1291 4280 7230 1296 4281 7231 1297 4282 7232 1291 4280 7233 1297 4282 7234 1292 4283 7235 1292 4284 7236 1297 4285 7237 1298 4286 7238 1292 4284 7239 1298 4286 7240 1293 4287 7241 1293 4288 7242 1298 4289 7243 1299 4290 7244 1293 4288 7245 1299 4290 7246 1284 4291 7247 1284 4292 7248 1299 4293 7249 1300 4294 7250 1284 4292 7251 1300 4294 7252 1285 4295 7253 1285 4296 7254 1300 4297 7255 1301 4298 7256 1285 4296 7257 1301 4298 7258 1286 4299 7259 1286 4300 7260 1301 4301 7261 1302 4302 7262 1286 4300 7263 1302 4302 7264 1287 4303 7265 1287 4304 7266 1302 4305 7267 1303 4306 7268 1287 4304 7269 1303 4306 7270 1226 4307 7271 1226 4308 7272 1303 4309 7273 1304 4310 7274 1226 4308 7275 1304 4310 7276 1281 4311 7277 1230 4129 7278 1234 4133 7279 1231 4130 7280 1231 4130 7281 1234 4133 7282 1233 4132 7283 1231 4312 7284 1233 4313 7285 1305 4314 7286 1305 4314 7287 1233 4313 7288 1248 4315 7289 1305 4316 7290 1248 4317 7291 1306 4318 7292 1306 4318 7293 1248 4317 7294 1307 4319 7295 1306 4320 7296 1307 4321 7297 1308 4322 7298 1308 4322 7299 1307 4321 7300 1309 4323 7301 1308 4324 7302 1309 4325 7303 1310 4326 7304 1310 4326 7305 1309 4325 7306 1311 4327 7307 1232 4328 7308 1312 4329 7309 1248 4330 7310 1248 4331 7311 1312 4332 7312 1313 4333 7313 1248 4334 7314 1313 4335 7315 1307 4334 7316 1307 4336 7317 1313 4337 7318 1314 4338 7319 1307 4339 7320 1314 4340 7321 1309 4341 7322 1309 4341 7323 1314 4340 7324 1315 4342 7325 1309 4343 7326 1315 4344 7327 1311 4345 7328 1311 4345 7329 1315 4344 7330 1316 4346 7331 1222 4347 7332 1225 4347 7333 1223 4347 7334 1223 4348 7335 1225 4349 7336 1317 4350 7337 1223 4348 7338 1317 4350 7339 1318 4351 7340 1318 4352 7341 1317 4353 7342 1319 4354 7343 1319 4354 7344 1317 4353 7345 1320 4355 7346 1319 4356 7347 1320 4357 7348 1321 4358 7349 1321 4358 7350 1320 4357 7351 1322 4359 7352 1321 4360 7353 1322 4361 7354 1323 4362 7355 1323 4362 7356 1322 4361 7357 1324 4363 7358 1323 4364 7359 1324 4365 7360 1325 4366 7361 1325 4366 7362 1324 4365 7363 1326 4367 7364 1325 4368 7365 1326 4369 7366 1327 4370 7367 1327 4370 7368 1326 4369 7369 1328 4371 7370 1327 4372 7371 1328 4373 7372 1329 4374 7373 1329 4374 7374 1328 4373 7375 1330 4375 7376 1329 4376 7377 1330 4377 7378 1331 4378 7379 1331 4378 7380 1330 4377 7381 1332 4379 7382 1331 4380 7383 1332 4381 7384 1333 4382 7385 1333 4382 7386 1332 4381 7387 1334 4383 7388 1333 4384 7389 1334 4385 7390 1335 4386 7391 1336 4387 7392 1335 4388 7393 1337 4389 7394 1337 4390 7395 1335 4386 7396 1334 4385 7397 1337 4391 7398 1334 4391 7399 1250 4392 7400 1250 4393 7401 1334 4394 7402 1332 4395 7403 1250 4393 7404 1332 4395 7405 1251 4396 7406 1251 4397 7407 1332 4398 7408 1330 4399 7409 1251 4397 7410 1330 4399 7411 1296 4400 7412 1296 4401 7413 1330 4402 7414 1328 4403 7415 1296 4401 7416 1328 4403 7417 1297 4404 7418 1297 4405 7419 1328 4406 7420 1326 4407 7421 1297 4405 7422 1326 4407 7423 1298 4408 7424 1298 4409 7425 1326 4410 7426 1324 4411 7427 1298 4409 7428 1324 4411 7429 1299 4412 7430 1299 4413 7431 1324 4414 7432 1322 4415 7433 1299 4413 7434 1322 4415 7435 1300 4416 7436 1300 4417 7437 1322 4418 7438 1320 4419 7439 1300 4417 7440 1320 4419 7441 1301 4420 7442 1301 4421 7443 1320 4422 7444 1317 4423 7445 1301 4421 7446 1317 4423 7447 1302 4424 7448 1302 4425 7449 1317 4426 7450 1225 4427 7451 1302 4425 7452 1225 4427 7453 1303 4428 7454 1303 4429 7455 1225 4430 7456 1224 4431 7457 1303 4429 7458 1224 4431 7459 1304 4432 7460 1237 4433 7461 1338 4434 7462 1238 4435 7463 1238 4435 7464 1338 4434 7465 1339 4436 7466 1238 4435 7467 1339 4436 7468 1247 4437 7469 1247 4438 7470 1339 4439 7471 1235 4440 7472 1247 4438 7473 1235 4440 7474 1295 4441 7475 1295 4442 7476 1235 4136 7477 1231 4135 7478 1295 4443 7479 1231 4444 7480 1294 4445 7481 1294 4445 7482 1231 4444 7483 1305 4446 7484 1294 4447 7485 1305 4448 7486 1249 4449 7487 1249 4449 7488 1305 4448 7489 1306 4450 7490 1249 4451 7491 1306 4452 7492 1250 4453 7493 1250 4453 7494 1306 4452 7495 1308 4454 7496 1250 4455 7497 1308 4456 7498 1337 4455 7499 1337 4457 7500 1308 4458 7501 1310 4459 7502 1337 4389 7503 1310 4460 7504 1336 4387 7505 1336 4461 7506 1310 4462 7507 1311 4463 7508 1336 4461 7509 1311 4463 7510 1340 4464 7511 1340 4465 7512 1311 4466 7513 1316 4467 7514 1340 4468 7515 1316 4469 7516 1341 4470 7517 1221 4471 7518 1223 4472 7519 1253 4473 7520 1253 4474 7521 1223 4475 7522 1318 4476 7523 1253 4474 7524 1318 4476 7525 1255 4477 7526 1255 4478 7527 1318 4479 7528 1319 4480 7529 1255 4478 7530 1319 4480 7531 1257 4481 7532 1257 4482 7533 1319 4483 7534 1321 4484 7535 1257 4482 7536 1321 4484 7537 1259 4485 7538 1259 4486 7539 1321 4487 7540 1323 4488 7541 1259 4486 7542 1323 4488 7543 1261 4489 7544 1261 4490 7545 1323 4491 7546 1325 4492 7547 1261 4490 7548 1325 4492 7549 1263 4493 7550 1263 4494 7551 1325 4495 7552 1327 4496 7553 1263 4494 7554 1327 4496 7555 1265 4497 7556 1265 4498 7557 1327 4499 7558 1329 4500 7559 1265 4498 7560 1329 4500 7561 1267 4501 7562 1267 4502 7563 1329 4503 7564 1331 4504 7565 1267 4502 7566 1331 4504 7567 1269 4505 7568 1269 4506 7569 1331 4507 7570 1333 4508 7571 1269 4506 7572 1333 4508 7573 1271 4509 7574 1271 4510 7575 1333 4511 7576 1335 4512 7577 1271 4510 7578 1335 4512 7579 1273 4513 7580 1273 4514 7581 1335 4515 7582 1336 4516 7583 1273 4514 7584 1336 4516 7585 1275 4517 7586 1275 4518 7587 1336 4519 7588 1340 4520 7589 1275 4518 7590 1340 4520 7591 1277 4521 7592 1277 4522 7593 1340 4523 7594 1341 4524 7595 1277 4525 7596 1341 4526 7597 1279 4527 7598 1252 4161 7599 1342 4528 7600 1221 4162 7601 1221 4162 7602 1342 4528 7603 1343 4529 7604 1221 4119 7605 1343 4530 7606 1222 4120 7607 1222 4120 7608 1343 4530 7609 1344 4531 7610 1222 4122 7611 1344 4532 7612 1224 4123 7613 1224 4123 7614 1344 4532 7615 1345 4533 7616 1224 4431 7617 1345 4534 7618 1304 4432 7619 1304 4432 7620 1345 4534 7621 1346 4535 7622 1304 4310 7623 1346 4536 7624 1281 4311 7625 1281 4311 7626 1346 4536 7627 1347 4537 7628 1281 4538 7629 1347 4539 7630 1282 4540 7631 1347 4539 7632 1348 4541 7633 1282 4540 7634 1282 4542 7635 1348 4543 7636 1349 4544 7637 1282 4236 7638 1349 4545 7639 1283 4237 7640 1283 4546 7641 1349 4547 7642 1350 4548 7643 1283 4238 7644 1350 4549 7645 1239 4140 7646 1351 4550 7647 1352 4551 7648 1353 4552 7649 1352 4553 7650 1354 4554 7651 1355 4555 7652 1356 4556 7653 1357 4557 7654 1358 4558 7655 1359 4559 7656 1360 4560 7657 1361 4561 7658 1350 4562 7659 1362 4563 7660 1363 4564 7661 1359 4565 7662 1361 4566 7663 1364 4567 7664 1365 4568 7665 1366 4569 7666 1367 4570 7667 1368 4571 7668 1369 4572 7669 1370 4573 7670 1357 4574 7671 1370 4575 7672 1371 4576 7673 1357 4574 7674 1371 4576 7675 1358 4577 7676 1358 4578 7677 1371 4579 7678 1372 4580 7679 1358 4578 7680 1372 4580 7681 1373 4581 7682 1374 4582 7683 1375 4583 7684 1376 4584 7685 1376 4584 7686 1375 4583 7687 1367 4585 7688 1362 4586 7689 1350 4587 7690 1377 4588 7691 1378 4589 7692 1379 4590 7693 1380 4591 7694 1381 4592 7695 1351 4593 7696 1382 4594 7697 1381 4595 7698 1382 4596 7699 1383 4597 7700 1383 4598 7701 1382 4599 7702 1384 4600 7703 1383 4601 7704 1384 4602 7705 1385 4603 7706 1385 4604 7707 1384 4605 7708 1386 4606 7709 1385 4607 7710 1386 4608 7711 1387 4609 7712 1387 4610 7713 1386 4611 7714 1388 4612 7715 1387 4613 7716 1388 4614 7717 1389 4615 7718 1389 4616 7719 1388 4617 7720 1390 4618 7721 1389 4619 7722 1390 4620 7723 1391 4621 7724 1391 4622 7725 1390 4623 7726 1392 4624 7727 1391 4625 7728 1392 4626 7729 1393 4625 7730 1393 4627 7731 1392 4628 7732 1394 4629 7733 1393 4630 7734 1394 4631 7735 1395 4632 7736 1395 4633 7737 1394 4634 7738 1396 4635 7739 1395 4636 7740 1396 4637 7741 1397 4637 7742 1397 4638 7743 1396 4639 7744 1398 4640 7745 1397 4641 7746 1398 4642 7747 1399 4643 7748 1399 4644 7749 1398 4645 7750 1400 4646 7751 1399 4647 7752 1400 4648 7753 1401 4649 7754 1401 4650 7755 1400 4651 7756 1402 4652 7757 1401 4653 7758 1402 4653 7759 1403 4653 7760 1403 4654 7761 1402 4655 7762 1404 4656 7763 1403 4657 7764 1404 4658 7765 1405 4659 7766 1405 4660 7767 1404 4661 7768 1406 4662 7769 1405 4660 7770 1406 4662 7771 1407 4663 7772 1407 4664 7773 1406 4665 7774 1343 4666 7775 1407 4664 7776 1343 4666 7777 1342 4667 7778 1356 4668 7779 1408 4668 7780 1357 4668 7781 1357 4669 7782 1408 4670 7783 1409 4671 7784 1357 4672 7785 1409 4673 7786 1370 4674 7787 1370 4675 7788 1409 4676 7789 1410 4677 7790 1370 4573 7791 1410 4678 7792 1368 4571 7793 1411 4679 7794 1412 4679 7795 1373 4679 7796 1373 4680 7797 1412 4680 7798 1413 4680 7799 1373 4681 7800 1413 4681 7801 1358 4681 7802 1358 4682 7803 1413 4682 7804 1414 4682 7805 1358 4558 7806 1414 4683 7807 1356 4556 7808 1369 4572 7809 1415 4684 7810 1370 4573 7811 1370 4573 7812 1415 4684 7813 1416 4685 7814 1370 4573 7815 1416 4685 7816 1371 4686 7817 1371 4687 7818 1416 4688 7819 1365 4689 7820 1371 4687 7821 1365 4689 7822 1372 4690 7823 1372 4691 7824 1365 4568 7825 1367 4570 7826 1372 4692 7827 1367 4693 7828 1373 4694 7829 1373 4694 7830 1367 4693 7831 1375 4695 7832 1373 4696 7833 1375 4696 7834 1411 4696 7835 1417 4697 7836 1418 4698 7837 1374 4697 7838 1374 4699 7839 1418 4700 7840 1419 4701 7841 1374 4702 7842 1419 4703 7843 1375 4703 7844 1375 4704 7845 1419 4705 7846 1420 4706 7847 1375 4707 7848 1420 4708 7849 1411 4707 7850 1378 4709 7851 1417 4709 7852 1421 4709 7853 1421 4710 7854 1417 4710 7855 1374 4710 7856 1421 4711 7857 1374 4712 7858 1422 4713 7859 1422 4713 7860 1374 4712 7861 1376 4714 7862 1378 4589 7863 1380 4591 7864 1417 4715 7865 1417 4716 7866 1380 4717 7867 1423 4718 7868 1417 4716 7869 1423 4718 7870 1418 4719 7871 1418 4720 7872 1423 4721 7873 1424 4722 7874 1418 4720 7875 1424 4722 7876 1419 4723 7877 1419 4724 7878 1424 4725 7879 1425 4726 7880 1419 4724 7881 1425 4726 7882 1420 4727 7883 1420 4728 7884 1425 4729 7885 1426 4730 7886 1420 4728 7887 1426 4730 7888 1411 4731 7889 1411 4732 7890 1426 4733 7891 1427 4734 7892 1411 4732 7893 1427 4734 7894 1412 4735 7895 1412 4736 7896 1427 4737 7897 1428 4738 7898 1412 4736 7899 1428 4738 7900 1413 4739 7901 1413 4740 7902 1428 4741 7903 1429 4742 7904 1413 4740 7905 1429 4742 7906 1414 4743 7907 1414 4744 7908 1429 4745 7909 1430 4746 7910 1414 4744 7911 1430 4746 7912 1356 4747 7913 1356 4748 7914 1430 4749 7915 1431 4750 7916 1356 4748 7917 1431 4750 7918 1408 4751 7919 1360 4560 7920 1363 4564 7921 1361 4561 7922 1361 4561 7923 1363 4564 7924 1362 4563 7925 1361 4752 7926 1362 4753 7927 1432 4754 7928 1432 4754 7929 1362 4753 7930 1377 4755 7931 1432 4756 7932 1377 4757 7933 1433 4758 7934 1433 4758 7935 1377 4757 7936 1434 4759 7937 1433 4760 7938 1434 4761 7939 1435 4762 7940 1435 4762 7941 1434 4761 7942 1436 4763 7943 1435 4764 7944 1436 4765 7945 1437 4766 7946 1437 4766 7947 1436 4765 7948 1438 4767 7949 1350 4548 7950 1349 4547 7951 1377 4768 7952 1377 4769 7953 1349 4544 7954 1348 4543 7955 1377 4770 7956 1348 4770 7957 1434 4771 7958 1434 4772 7959 1348 4773 7960 1347 4774 7961 1434 4775 7962 1347 4776 7963 1436 4777 7964 1436 4777 7965 1347 4776 7966 1346 4778 7967 1436 4779 7968 1346 4780 7969 1438 4781 7970 1438 4781 7971 1346 4780 7972 1345 4782 7973 1352 4783 7974 1355 4783 7975 1353 4783 7976 1353 4784 7977 1355 4785 7978 1439 4786 7979 1353 4784 7980 1439 4786 7981 1440 4787 7982 1440 4788 7983 1439 4789 7984 1441 4790 7985 1441 4790 7986 1439 4789 7987 1442 4791 7988 1441 4792 7989 1442 4793 7990 1443 4794 7991 1443 4794 7992 1442 4793 7993 1444 4795 7994 1443 4796 7995 1444 4797 7996 1445 4798 7997 1445 4798 7998 1444 4797 7999 1446 4799 8000 1445 4800 8001 1446 4801 8002 1447 4802 8003 1447 4802 8004 1446 4801 8005 1448 4803 8006 1447 4804 8007 1448 4805 8008 1449 4806 8009 1449 4806 8010 1448 4805 8011 1450 4807 8012 1449 4808 8013 1450 4809 8014 1451 4810 8015 1451 4810 8016 1450 4809 8017 1452 4811 8018 1451 4812 8019 1452 4813 8020 1453 4814 8021 1453 4814 8022 1452 4813 8023 1454 4815 8024 1453 4816 8025 1454 4817 8026 1455 4818 8027 1455 4818 8028 1454 4817 8029 1456 4819 8030 1455 4820 8031 1456 4821 8032 1457 4822 8033 1458 4823 8034 1457 4824 8035 1459 4825 8036 1459 4826 8037 1457 4822 8038 1456 4821 8039 1459 4827 8040 1456 4827 8041 1379 4828 8042 1379 4829 8043 1456 4830 8044 1454 4831 8045 1379 4829 8046 1454 4831 8047 1380 4832 8048 1380 4833 8049 1454 4834 8050 1452 4835 8051 1380 4833 8052 1452 4835 8053 1423 4836 8054 1423 4837 8055 1452 4838 8056 1450 4839 8057 1423 4837 8058 1450 4839 8059 1424 4840 8060 1424 4841 8061 1450 4842 8062 1448 4843 8063 1424 4841 8064 1448 4843 8065 1425 4844 8066 1425 4845 8067 1448 4846 8068 1446 4847 8069 1425 4845 8070 1446 4847 8071 1426 4848 8072 1426 4849 8073 1446 4850 8074 1444 4851 8075 1426 4849 8076 1444 4851 8077 1427 4852 8078 1427 4853 8079 1444 4854 8080 1442 4855 8081 1427 4853 8082 1442 4855 8083 1428 4856 8084 1428 4857 8085 1442 4858 8086 1439 4859 8087 1428 4857 8088 1439 4859 8089 1429 4860 8090 1429 4861 8091 1439 4862 8092 1355 4863 8093 1429 4861 8094 1355 4863 8095 1430 4864 8096 1430 4865 8097 1355 4866 8098 1354 4867 8099 1430 4865 8100 1354 4867 8101 1431 4868 8102 1366 4869 8103 1460 4870 8104 1367 4871 8105 1367 4871 8106 1460 4870 8107 1461 4872 8108 1367 4871 8109 1461 4872 8110 1376 4873 8111 1376 4874 8112 1461 4875 8113 1364 4876 8114 1376 4874 8115 1364 4876 8116 1422 4877 8117 1422 4878 8118 1364 4567 8119 1361 4566 8120 1422 4879 8121 1361 4880 8122 1421 4881 8123 1421 4881 8124 1361 4880 8125 1432 4882 8126 1421 4883 8127 1432 4884 8128 1378 4885 8129 1378 4885 8130 1432 4884 8131 1433 4886 8132 1378 4887 8133 1433 4888 8134 1379 4889 8135 1379 4889 8136 1433 4888 8137 1435 4890 8138 1379 4891 8139 1435 4892 8140 1459 4893 8141 1459 4894 8142 1435 4895 8143 1437 4896 8144 1459 4825 8145 1437 4897 8146 1458 4823 8147 1458 4898 8148 1437 4899 8149 1438 4900 8150 1458 4898 8151 1438 4900 8152 1462 4901 8153 1462 4902 8154 1438 4903 8155 1345 4904 8156 1462 4905 8157 1345 4906 8158 1344 4907 8159 1351 4908 8160 1353 4909 8161 1382 4910 8162 1382 4911 8163 1353 4912 8164 1440 4913 8165 1382 4911 8166 1440 4913 8167 1384 4914 8168 1384 4915 8169 1440 4916 8170 1441 4917 8171 1384 4915 8172 1441 4917 8173 1386 4918 8174 1386 4919 8175 1441 4920 8176 1443 4921 8177 1386 4919 8178 1443 4921 8179 1388 4922 8180 1388 4923 8181 1443 4924 8182 1445 4925 8183 1388 4923 8184 1445 4925 8185 1390 4926 8186 1390 4927 8187 1445 4928 8188 1447 4929 8189 1390 4927 8190 1447 4929 8191 1392 4930 8192 1392 4931 8193 1447 4932 8194 1449 4933 8195 1392 4931 8196 1449 4933 8197 1394 4934 8198 1394 4935 8199 1449 4936 8200 1451 4937 8201 1394 4935 8202 1451 4937 8203 1396 4938 8204 1396 4939 8205 1451 4940 8206 1453 4941 8207 1396 4939 8208 1453 4941 8209 1398 4942 8210 1398 4943 8211 1453 4944 8212 1455 4945 8213 1398 4943 8214 1455 4945 8215 1400 4946 8216 1400 4947 8217 1455 4948 8218 1457 4949 8219 1400 4947 8220 1457 4949 8221 1402 4950 8222 1402 4951 8223 1457 4952 8224 1458 4953 8225 1402 4951 8226 1458 4953 8227 1404 4954 8228 1404 4955 8229 1458 4956 8230 1462 4957 8231 1404 4955 8232 1462 4957 8233 1406 4958 8234 1406 4959 8235 1462 4960 8236 1344 4961 8237 1406 4962 8238 1344 4963 8239 1343 4964 8240 1463 4965 8241 1464 4966 8242 1465 4967 8243 1465 4967 8244 1464 4966 8245 1466 4968 8246 1465 4969 8247 1466 4970 8248 1467 4971 8249 1467 4971 8250 1466 4970 8251 1468 4972 8252 1467 4973 8253 1468 4974 8254 1469 4975 8255 1469 4975 8256 1468 4974 8257 1470 4976 8258 1469 126 8259 1470 126 8260 1471 126 8261 1471 126 8262 1470 126 8263 1472 126 8264 1471 4977 8265 1472 4978 8266 1473 4979 8267 1473 4979 8268 1472 4978 8269 1474 4980 8270 1473 4981 8271 1474 4982 8272 1475 4983 8273 1475 4983 8274 1474 4982 8275 1476 4984 8276 1475 4985 8277 1476 4986 8278 1477 4987 8279 1477 4987 8280 1476 4986 8281 1478 4988 8282 1477 4989 8283 1478 4990 8284 1479 4991 8285 1479 4991 8286 1478 4990 8287 1480 4992 8288 1479 4993 8289 1480 4994 8290 1481 4995 8291 1481 4995 8292 1480 4994 8293 1482 4996 8294 1481 4997 8295 1482 4998 8296 1483 4999 8297 1483 4999 8298 1482 4998 8299 1484 5000 8300 1483 3342 8301 1484 3342 8302 1485 3342 8303 1485 3342 8304 1484 3342 8305 1486 3342 8306 1485 5001 8307 1486 5002 8308 1487 5003 8309 1487 5003 8310 1486 5002 8311 1488 5004 8312 1487 5005 8313 1488 5006 8314 1489 5007 8315 1489 5007 8316 1488 5006 8317 1490 5008 8318 1489 5009 8319 1490 5010 8320 1463 5011 8321 1463 5011 8322 1490 5010 8323 1464 5012 8324 1477 1390 8325 1479 1390 8326 1463 5013 8327 1463 5013 8328 1479 1390 8329 1481 5014 8330 1475 1390 8331 1477 1390 8332 1473 5015 8333 1473 5015 8334 1477 1390 8335 1463 5013 8336 1473 5015 8337 1463 5013 8338 1471 5016 8339 1471 5016 8340 1463 5013 8341 1465 5017 8342 1471 5016 8343 1465 5017 8344 1469 5018 8345 1469 5018 8346 1465 5017 8347 1467 5019 8348 1487 1390 8349 1489 5020 8350 1485 5021 8351 1485 5021 8352 1489 5020 8353 1463 5013 8354 1485 5021 8355 1463 5013 8356 1483 5022 8357 1483 5022 8358 1463 5013 8359 1481 5014 8360 1491 5023 8361 1492 1390 8362 1493 1390 8363 1494 1390 8364 1495 1390 8365 1496 5024 8366 1496 5024 8367 1495 1390 8368 1497 5025 8369 1497 5025 8370 1491 5023 8371 1496 5024 8372 1496 5024 8373 1491 5023 8374 1493 1390 8375 1496 5024 8376 1493 1390 8377 1498 5026 8378 1498 5026 8379 1493 1390 8380 1499 1390 8381 1498 5026 8382 1499 1390 8383 1500 5027 8384 1501 1390 8385 1502 5028 8386 1503 5021 8387 1503 5021 8388 1502 5028 8389 1498 5026 8390 1503 5021 8391 1498 5026 8392 1504 5029 8393 1504 5029 8394 1498 5026 8395 1500 5027 8396 1498 5030 8397 1505 5031 8398 1496 5032 8399 1496 5032 8400 1505 5031 8401 1506 5033 8402 1496 5034 8403 1506 5035 8404 1494 5036 8405 1494 5036 8406 1506 5035 8407 1507 5037 8408 1494 5038 8409 1507 5039 8410 1495 5040 8411 1495 5040 8412 1507 5039 8413 1508 5041 8414 1495 126 8415 1508 126 8416 1497 126 8417 1497 126 8418 1508 126 8419 1509 126 8420 1497 5042 8421 1509 5043 8422 1491 5044 8423 1491 5044 8424 1509 5043 8425 1510 5045 8426 1491 5046 8427 1510 5047 8428 1492 5048 8429 1492 5048 8430 1510 5047 8431 1511 5049 8432 1492 5050 8433 1511 5051 8434 1493 5052 8435 1493 5052 8436 1511 5051 8437 1512 5053 8438 1493 5054 8439 1512 5055 8440 1499 5056 8441 1499 5056 8442 1512 5055 8443 1513 5057 8444 1499 5058 8445 1513 5059 8446 1500 5060 8447 1500 5060 8448 1513 5059 8449 1514 5061 8450 1500 5062 8451 1514 5063 8452 1504 5064 8453 1504 5064 8454 1514 5063 8455 1515 5065 8456 1504 3342 8457 1515 3342 8458 1503 3342 8459 1503 3342 8460 1515 3342 8461 1516 3342 8462 1503 5066 8463 1516 5067 8464 1501 5068 8465 1501 5068 8466 1516 5067 8467 1517 5069 8468 1501 5070 8469 1517 5071 8470 1502 5072 8471 1502 5072 8472 1517 5071 8473 1518 5073 8474 1502 5074 8475 1518 5075 8476 1498 5076 8477 1498 5076 8478 1518 5075 8479 1505 5077 8480 1519 1390 8481 1520 1390 8482 1510 1390 8483 1521 1390 8484 1474 1390 8485 1522 1390 8486 1522 1390 8487 1474 1390 8488 1472 1390 8489 1523 1390 8490 1524 1390 8491 1511 1390 8492 1511 1390 8493 1524 1390 8494 1525 1390 8495 1511 1390 8496 1470 1390 8497 1512 1390 8498 1512 1390 8499 1470 1390 8500 1468 1390 8501 1507 1390 8502 1506 1390 8503 1526 1390 8504 1526 1390 8505 1506 1390 8506 1505 1390 8507 1526 1390 8508 1505 1390 8509 1527 1390 8510 1528 1390 8511 1529 1390 8512 1511 1390 8513 1511 1390 8514 1529 1390 8515 1530 1390 8516 1511 1390 8517 1530 1390 8518 1523 1390 8519 1525 1390 8520 1531 1390 8521 1511 1390 8522 1511 1390 8523 1531 1390 8524 1532 1390 8525 1511 1390 8526 1532 1390 8527 1533 1390 8528 1534 1390 8529 1535 1390 8530 1508 1390 8531 1508 1390 8532 1535 1390 8533 1536 1390 8534 1508 1390 8535 1536 1390 8536 1537 1390 8537 1488 1390 8538 1514 1390 8539 1513 1390 8540 1538 1390 8541 1539 1390 8542 1488 1390 8543 1482 1390 8544 1480 1390 8545 1540 1390 8546 1540 1390 8547 1480 1390 8548 1478 1390 8549 1540 1390 8550 1478 1390 8551 1521 1390 8552 1521 1390 8553 1478 1390 8554 1476 1390 8555 1521 1390 8556 1476 1390 8557 1474 1390 8558 1472 1390 8559 1470 1390 8560 1522 1390 8561 1522 1390 8562 1470 1390 8563 1511 1390 8564 1522 1390 8565 1511 1390 8566 1541 1390 8567 1541 1390 8568 1511 1390 8569 1533 1390 8570 1542 1390 8571 1543 1390 8572 1508 1390 8573 1508 1390 8574 1543 1390 8575 1544 1390 8576 1508 1390 8577 1544 1390 8578 1534 1390 8579 1510 1390 8580 1520 1390 8581 1511 1390 8582 1511 1390 8583 1520 1390 8584 1545 1390 8585 1511 1390 8586 1545 1390 8587 1528 1390 8588 1537 1390 8589 1546 1390 8590 1508 1390 8591 1508 1390 8592 1546 1390 8593 1547 1390 8594 1508 1390 8595 1547 1390 8596 1548 1390 8597 1549 1390 8598 1550 1390 8599 1516 1390 8600 1516 1390 8601 1550 1390 8602 1551 1390 8603 1507 1390 8604 1526 1390 8605 1508 1390 8606 1508 1390 8607 1526 1390 8608 1552 1390 8609 1508 1390 8610 1552 1390 8611 1542 1390 8612 1510 1390 8613 1509 1390 8614 1519 1390 8615 1519 1390 8616 1509 1390 8617 1508 1390 8618 1519 1390 8619 1508 1390 8620 1553 1390 8621 1553 1390 8622 1508 1390 8623 1548 1390 8624 1468 1390 8625 1466 1390 8626 1512 1390 8627 1512 1390 8628 1466 1390 8629 1464 1390 8630 1512 1390 8631 1464 1390 8632 1513 1390 8633 1513 1390 8634 1464 1390 8635 1490 1390 8636 1513 1390 8637 1490 1390 8638 1488 1390 8639 1554 1390 8640 1555 1390 8641 1484 1390 8642 1484 1390 8643 1555 1390 8644 1556 1390 8645 1484 1390 8646 1556 1390 8647 1557 1390 8648 1558 1390 8649 1559 1390 8650 1516 1390 8651 1516 1390 8652 1559 1390 8653 1560 1390 8654 1516 1390 8655 1560 1390 8656 1549 1390 8657 1561 1390 8658 1562 1390 8659 1484 1390 8660 1484 1390 8661 1562 1390 8662 1563 1390 8663 1484 1390 8664 1563 1390 8665 1554 1390 8666 1551 1390 8667 1564 1390 8668 1516 1390 8669 1516 1390 8670 1564 1390 8671 1565 1390 8672 1516 1390 8673 1565 1390 8674 1566 1390 8675 1514 1390 8676 1488 1390 8677 1515 1390 8678 1515 1390 8679 1488 1390 8680 1539 1390 8681 1515 1390 8682 1539 1390 8683 1516 1390 8684 1516 1390 8685 1539 1390 8686 1567 1390 8687 1516 1390 8688 1567 1390 8689 1558 1390 8690 1557 1390 8691 1568 1390 8692 1484 1390 8693 1484 1390 8694 1568 1390 8695 1569 1390 8696 1484 1390 8697 1569 1390 8698 1570 1390 8699 1482 1390 8700 1540 1390 8701 1484 1390 8702 1484 1390 8703 1540 1390 8704 1571 1390 8705 1484 1390 8706 1571 1390 8707 1561 1390 8708 1488 1390 8709 1486 1390 8710 1538 1390 8711 1538 1390 8712 1486 1390 8713 1484 1390 8714 1538 1390 8715 1484 1390 8716 1572 1390 8717 1572 1390 8718 1484 1390 8719 1570 1390 8720 1505 1390 8721 1518 1390 8722 1527 1390 8723 1527 1390 8724 1518 1390 8725 1517 1390 8726 1527 1390 8727 1517 1390 8728 1573 1390 8729 1573 1390 8730 1517 1390 8731 1516 1390 8732 1573 1390 8733 1516 1390 8734 1574 1390 8735 1574 1390 8736 1516 1390 8737 1566 1390 8738 1540 5078 8739 1521 5079 8740 1575 5078 8741 1575 5078 8742 1521 5079 8743 1576 5080 8744 1571 5081 8745 1540 5082 8746 1575 5083 8747 1577 5084 8748 1538 5085 8749 1578 5086 8750 1578 5087 8751 1538 5087 8752 1572 5087 8753 1578 5088 8754 1572 5089 8755 1579 5090 8756 1575 5083 8757 1580 5091 8758 1571 5081 8759 1571 5092 8760 1580 5093 8761 1581 5094 8762 1571 5092 8763 1581 5094 8764 1561 5095 8765 1561 5096 8766 1581 5097 8767 1582 5098 8768 1561 5099 8769 1582 5100 8770 1562 5101 8771 1562 5102 8772 1582 5103 8773 1583 5104 8774 1584 5105 8775 1554 5106 8776 1583 5107 8777 1583 5108 8778 1554 5109 8779 1563 5110 8780 1583 5111 8781 1563 5112 8782 1562 5111 8783 1584 5113 8784 1585 5114 8785 1554 5113 8786 1554 5115 8787 1585 5116 8788 1586 5117 8789 1554 5115 8790 1586 5117 8791 1555 5118 8792 1555 5119 8793 1586 5120 8794 1587 5121 8795 1588 5122 8796 1557 5122 8797 1587 5123 8798 1587 5124 8799 1557 5125 8800 1556 5126 8801 1587 5121 8802 1556 5127 8803 1555 5119 8804 1588 5128 8805 1589 5129 8806 1557 5129 8807 1557 5130 8808 1589 5131 8809 1590 5132 8810 1557 5130 8811 1590 5132 8812 1568 5133 8813 1568 5134 8814 1590 5135 8815 1591 5136 8816 1568 5134 8817 1591 5136 8818 1569 5137 8819 1569 5138 8820 1591 5139 8821 1592 5140 8822 1569 5141 8823 1592 5142 8824 1570 5143 8825 1570 5144 8826 1592 5145 8827 1593 5146 8828 1570 5147 8829 1593 5148 8830 1572 5149 8831 1572 5150 8832 1593 5150 8833 1594 5151 8834 1572 5152 8835 1594 5153 8836 1579 5154 8837 1577 5084 8838 1595 5155 8839 1538 5085 8840 1538 5085 8841 1595 5155 8842 1539 5156 8843 1596 5157 8844 1527 5158 8845 1597 5159 8846 1597 5160 8847 1527 5160 8848 1573 5160 8849 1597 5161 8850 1573 5162 8851 1598 5163 8852 1567 5164 8853 1539 5165 8854 1595 5166 8855 1595 5166 8856 1599 5167 8857 1567 5164 8858 1567 5168 8859 1599 5169 8860 1600 5170 8861 1567 5168 8862 1600 5170 8863 1558 5171 8864 1558 5172 8865 1600 5173 8866 1601 5174 8867 1558 5175 8868 1601 5176 8869 1559 5177 8870 1559 5178 8871 1601 5179 8872 1602 5180 8873 1603 5181 8874 1549 5182 8875 1602 5183 8876 1602 5184 8877 1549 5185 8878 1560 5185 8879 1602 5186 8880 1560 5187 8881 1559 5188 8882 1603 5189 8883 1604 5190 8884 1549 5191 8885 1549 5192 8886 1604 5193 8887 1605 5194 8888 1549 5192 8889 1605 5194 8890 1550 5195 8891 1550 5196 8892 1605 5197 8893 1606 5198 8894 1607 5199 8895 1564 5200 8896 1606 5201 8897 1606 5202 8898 1564 5203 8899 1551 5203 8900 1606 5198 8901 1551 5204 8902 1550 5196 8903 1607 5205 8904 1608 5206 8905 1564 5207 8906 1564 5208 8907 1608 5209 8908 1609 5210 8909 1564 5208 8910 1609 5210 8911 1565 5211 8912 1565 5212 8913 1609 5213 8914 1610 5214 8915 1565 5212 8916 1610 5214 8917 1566 5215 8918 1566 5216 8919 1610 5217 8920 1611 5218 8921 1566 5219 8922 1611 5220 8923 1574 5221 8924 1574 5222 8925 1611 5223 8926 1612 5224 8927 1574 5225 8928 1612 5226 8929 1573 5227 8930 1573 5228 8931 1612 5229 8932 1613 5230 8933 1573 5231 8934 1613 5232 8935 1598 5233 8936 1596 5157 8937 1614 5234 8938 1527 5158 8939 1527 5158 8940 1614 5234 8941 1526 5234 8942 1552 5235 8943 1526 5236 8944 1614 5237 8945 1615 5238 8946 1519 5239 8947 1616 5240 8948 1616 5241 8949 1519 5241 8950 1553 5241 8951 1616 5242 8952 1553 5243 8953 1617 5244 8954 1614 5237 8955 1618 5245 8956 1552 5235 8957 1552 5246 8958 1618 5247 8959 1619 5248 8960 1552 5246 8961 1619 5248 8962 1542 5249 8963 1542 5250 8964 1619 5251 8965 1620 5252 8966 1542 5253 8967 1620 5254 8968 1543 5255 8969 1543 5256 8970 1620 5257 8971 1621 5258 8972 1622 5259 8973 1534 5260 8974 1621 5261 8975 1621 5262 8976 1534 5263 8977 1544 5264 8978 1621 5265 8979 1544 5266 8980 1543 5267 8981 1622 5268 8982 1623 5269 8983 1534 5268 8984 1534 5270 8985 1623 5271 8986 1624 5272 8987 1534 5270 8988 1624 5272 8989 1535 5273 8990 1535 5274 8991 1624 5275 8992 1625 5276 8993 1626 5277 8994 1537 5278 8995 1625 5279 8996 1625 5280 8997 1537 5281 8998 1536 5282 8999 1625 5276 9000 1536 5283 9001 1535 5274 9002 1626 5284 9003 1627 5285 9004 1537 5286 9005 1537 5287 9006 1627 5288 9007 1628 5289 9008 1537 5287 9009 1628 5289 9010 1546 5290 9011 1546 5291 9012 1628 5292 9013 1629 5293 9014 1546 5291 9015 1629 5293 9016 1547 5294 9017 1547 5295 9018 1629 5296 9019 1630 5297 9020 1547 5298 9021 1630 5299 9022 1548 5300 9023 1548 5301 9024 1630 5302 9025 1631 5303 9026 1548 5304 9027 1631 5305 9028 1553 5306 9029 1553 5307 9030 1631 5308 9031 1632 5309 9032 1553 5310 9033 1632 5311 9034 1617 5312 9035 1520 5313 9036 1519 5239 9037 1633 5313 9038 1633 5313 9039 1519 5239 9040 1615 5238 9041 1545 5314 9042 1520 5315 9043 1633 5316 9044 1576 5080 9045 1521 5079 9046 1634 5317 9047 1634 5318 9048 1521 5319 9049 1522 5320 9050 1634 5321 9051 1522 5322 9052 1635 5323 9053 1633 5316 9054 1636 5324 9055 1545 5314 9056 1545 5325 9057 1636 5326 9058 1637 5327 9059 1545 5325 9060 1637 5327 9061 1528 5328 9062 1528 5329 9063 1637 5330 9064 1638 5331 9065 1528 5332 9066 1638 5333 9067 1529 5334 9068 1529 5335 9069 1638 5336 9070 1639 5337 9071 1640 5338 9072 1523 5339 9073 1639 5340 9074 1639 5341 9075 1523 5341 9076 1530 5342 9077 1639 5343 9078 1530 5344 9079 1529 5345 9080 1640 5346 9081 1641 5347 9082 1523 5348 9083 1523 5349 9084 1641 5350 9085 1642 5351 9086 1523 5349 9087 1642 5351 9088 1524 5352 9089 1524 5353 9090 1642 5354 9091 1643 5355 9092 1644 5356 9093 1531 5357 9094 1643 5358 9095 1643 5359 9096 1531 5360 9097 1525 5361 9098 1643 5355 9099 1525 5362 9100 1524 5353 9101 1644 5363 9102 1645 5364 9103 1531 5365 9104 1531 5366 9105 1645 5367 9106 1646 5368 9107 1531 5366 9108 1646 5368 9109 1532 5369 9110 1532 5370 9111 1646 5371 9112 1647 5372 9113 1532 5370 9114 1647 5372 9115 1533 5373 9116 1533 5374 9117 1647 5375 9118 1648 5376 9119 1533 5377 9120 1648 5378 9121 1541 5379 9122 1541 5380 9123 1648 5381 9124 1649 5382 9125 1541 5383 9126 1649 5384 9127 1522 5385 9128 1522 5386 9129 1649 5387 9130 1650 5388 9131 1522 5389 9132 1650 5390 9133 1635 5391 9134 1633 5392 9135 1651 5393 9136 1652 5392 9137 1653 914 9138 1576 914 9139 1634 914 9140 1653 914 9141 1634 914 9142 1654 914 9143 1654 5394 9144 1634 5394 9145 1635 5394 9146 1654 5395 9147 1635 5396 9148 1655 5397 9149 1655 5398 9150 1635 5399 9151 1650 5400 9152 1655 5401 9153 1650 5401 9154 1656 5401 9155 1656 5402 9156 1650 5402 9157 1649 5402 9158 1656 5403 9159 1649 5403 9160 1648 5403 9161 1648 5404 9162 1647 5405 9163 1656 5406 9164 1656 5407 9165 1647 5408 9166 1646 5409 9167 1656 5410 9168 1646 5410 9169 1657 5410 9170 1657 5411 9171 1646 5412 9172 1645 5413 9173 1657 5414 9174 1645 5415 9175 1644 5416 9176 1644 5417 9177 1643 5417 9178 1657 5417 9179 1657 5418 9180 1643 5419 9181 1642 5420 9182 1657 5421 9183 1642 5422 9184 1658 5423 9185 1658 5424 9186 1642 5425 9187 1641 5426 9188 1641 5427 9189 1640 5428 9190 1658 5429 9191 1658 5430 9192 1640 5431 9193 1639 5432 9194 1658 5433 9195 1639 5433 9196 1659 5433 9197 1639 5434 9198 1638 5434 9199 1659 5434 9200 1659 5435 9201 1638 5436 9202 1637 5437 9203 1659 5438 9204 1637 5439 9205 1652 5440 9206 1652 5441 9207 1637 5442 9208 1636 5443 9209 1652 5392 9210 1636 5393 9211 1633 5392 9212 1660 3342 9213 1651 3342 9214 1615 3342 9215 1615 3342 9216 1651 3342 9217 1633 3342 9218 1614 5444 9219 1661 5445 9220 1662 5446 9221 1660 3342 9222 1615 3342 9223 1616 3342 9224 1660 3342 9225 1616 3342 9226 1663 3342 9227 1663 5447 9228 1616 5447 9229 1617 5447 9230 1663 5448 9231 1617 5448 9232 1664 5448 9233 1664 5449 9234 1617 5450 9235 1632 5451 9236 1664 5452 9237 1632 5452 9238 1665 5452 9239 1665 5453 9240 1632 5453 9241 1631 5453 9242 1665 5454 9243 1631 5454 9244 1630 5454 9245 1630 5455 9246 1629 5456 9247 1665 5457 9248 1665 5458 9249 1629 5458 9250 1628 5458 9251 1665 5459 9252 1628 5459 9253 1666 5459 9254 1666 5460 9255 1628 5461 9256 1627 5462 9257 1666 5463 9258 1627 5464 9259 1626 5465 9260 1623 5466 9261 1667 5467 9262 1624 5468 9263 1624 5469 9264 1667 5470 9265 1666 5471 9266 1624 5472 9267 1666 5473 9268 1625 5474 9269 1625 5475 9270 1666 5475 9271 1626 5475 9272 1623 5476 9273 1622 5477 9274 1667 5478 9275 1667 5479 9276 1622 5480 9277 1621 5481 9278 1667 5482 9279 1621 5483 9280 1668 5484 9281 1621 5485 9282 1620 5485 9283 1668 5485 9284 1668 5486 9285 1620 5487 9286 1619 5488 9287 1668 5489 9288 1619 5490 9289 1662 5491 9290 1662 5492 9291 1619 5492 9292 1618 5492 9293 1662 5446 9294 1618 5493 9295 1614 5444 9296 1669 2313 9297 1661 2313 9298 1596 2313 9299 1596 2313 9300 1661 2313 9301 1614 2313 9302 1595 5494 9303 1670 5494 9304 1671 5494 9305 1669 2313 9306 1596 2313 9307 1597 2313 9308 1669 2313 9309 1597 2313 9310 1672 2313 9311 1672 5495 9312 1597 5495 9313 1598 5495 9314 1672 5496 9315 1598 5497 9316 1673 5498 9317 1673 5499 9318 1598 5500 9319 1613 5501 9320 1673 5502 9321 1613 5502 9322 1674 5502 9323 1674 5503 9324 1613 5503 9325 1612 5503 9326 1674 5504 9327 1612 5504 9328 1611 5504 9329 1611 5505 9330 1610 5506 9331 1674 5507 9332 1674 5508 9333 1610 5509 9334 1609 5510 9335 1674 5511 9336 1609 5511 9337 1675 5511 9338 1675 5512 9339 1609 5513 9340 1608 5514 9341 1675 5515 9342 1608 5516 9343 1607 5517 9344 1607 5518 9345 1606 5518 9346 1675 5518 9347 1675 5519 9348 1606 5520 9349 1605 5521 9350 1675 5522 9351 1605 5522 9352 1676 5522 9353 1676 5523 9354 1605 5524 9355 1604 5525 9356 1604 5526 9357 1603 5527 9358 1676 5528 9359 1676 5529 9360 1603 5530 9361 1602 5531 9362 1676 5532 9363 1602 5532 9364 1677 5532 9365 1602 5533 9366 1601 5533 9367 1677 5533 9368 1677 5534 9369 1601 5535 9370 1600 5536 9371 1677 5537 9372 1600 5538 9373 1671 5539 9374 1671 5540 9375 1600 5540 9376 1599 5540 9377 1671 5494 9378 1599 5541 9379 1595 5494 9380 1678 126 9381 1670 126 9382 1577 126 9383 1577 126 9384 1670 126 9385 1595 126 9386 1575 5542 9387 1679 5543 9388 1680 5544 9389 1678 126 9390 1577 126 9391 1578 126 9392 1678 126 9393 1578 126 9394 1681 126 9395 1681 5545 9396 1578 5545 9397 1579 5545 9398 1681 5546 9399 1579 5546 9400 1682 5546 9401 1682 5547 9402 1579 5548 9403 1594 5549 9404 1682 5550 9405 1594 5550 9406 1683 5550 9407 1683 5551 9408 1594 5551 9409 1593 5551 9410 1683 5552 9411 1593 5552 9412 1592 5552 9413 1592 5553 9414 1591 5554 9415 1683 5555 9416 1683 5556 9417 1591 5557 9418 1590 5558 9419 1683 5559 9420 1590 5559 9421 1684 5559 9422 1684 5560 9423 1590 5561 9424 1589 5562 9425 1684 5563 9426 1589 5564 9427 1588 5565 9428 1588 5566 9429 1587 5566 9430 1684 5566 9431 1684 5567 9432 1587 5568 9433 1586 5569 9434 1684 5570 9435 1586 5570 9436 1685 5571 9437 1685 5572 9438 1586 5573 9439 1585 5574 9440 1585 5575 9441 1584 5576 9442 1685 5577 9443 1685 5578 9444 1584 5579 9445 1583 5580 9446 1685 5581 9447 1583 5582 9448 1686 5583 9449 1583 5584 9450 1582 5584 9451 1686 5584 9452 1686 5585 9453 1582 5586 9454 1581 5587 9455 1686 5588 9456 1581 5589 9457 1680 5590 9458 1680 5591 9459 1581 5591 9460 1580 5591 9461 1680 5544 9462 1580 5592 9463 1575 5542 9464 1653 914 9465 1679 914 9466 1576 914 9467 1576 914 9468 1679 914 9469 1575 914 9470 1660 1390 9471 1687 1390 9472 1651 1390 9473 1651 1390 9474 1687 1390 9475 1688 5593 9476 1651 1390 9477 1688 5593 9478 1652 5594 9479 1652 5594 9480 1688 5593 9481 1689 5595 9482 1652 5594 9483 1689 5595 9484 1659 1390 9485 1659 1390 9486 1689 5595 9487 1690 1390 9488 1659 1390 9489 1690 1390 9490 1658 1390 9491 1658 1390 9492 1690 1390 9493 1691 1390 9494 1658 1390 9495 1691 1390 9496 1657 5596 9497 1657 5596 9498 1691 1390 9499 1692 5597 9500 1657 5596 9501 1692 5597 9502 1656 5598 9503 1656 5598 9504 1692 5597 9505 1693 5599 9506 1656 5598 9507 1693 5599 9508 1655 5600 9509 1655 5600 9510 1693 5599 9511 1694 5601 9512 1655 5600 9513 1694 5601 9514 1654 5602 9515 1654 5602 9516 1694 5601 9517 1695 1390 9518 1654 5602 9519 1695 1390 9520 1653 1390 9521 1653 1390 9522 1695 1390 9523 1696 1390 9524 1653 1390 9525 1696 1390 9526 1679 1390 9527 1679 1390 9528 1696 1390 9529 1697 1390 9530 1679 1390 9531 1697 1390 9532 1680 1390 9533 1680 1390 9534 1697 1390 9535 1698 1390 9536 1680 1390 9537 1698 1390 9538 1686 1390 9539 1686 1390 9540 1698 1390 9541 1699 5603 9542 1686 1390 9543 1699 5603 9544 1685 5604 9545 1685 5604 9546 1699 5603 9547 1700 5605 9548 1685 5604 9549 1700 5605 9550 1684 5606 9551 1684 5606 9552 1700 5605 9553 1701 5607 9554 1684 5606 9555 1701 5607 9556 1683 5608 9557 1683 5608 9558 1701 5607 9559 1702 5609 9560 1683 5608 9561 1702 5609 9562 1682 5610 9563 1682 5610 9564 1702 5609 9565 1703 5611 9566 1682 5610 9567 1703 5611 9568 1681 5612 9569 1681 5612 9570 1703 5611 9571 1704 1390 9572 1681 5612 9573 1704 1390 9574 1678 1390 9575 1678 1390 9576 1704 1390 9577 1705 1390 9578 1678 1390 9579 1705 1390 9580 1670 1390 9581 1670 1390 9582 1705 1390 9583 1706 5613 9584 1670 1390 9585 1706 5613 9586 1671 5614 9587 1671 5614 9588 1706 5613 9589 1707 5615 9590 1671 5614 9591 1707 5615 9592 1677 1390 9593 1677 1390 9594 1707 5615 9595 1708 1390 9596 1677 1390 9597 1708 1390 9598 1676 1390 9599 1676 1390 9600 1708 1390 9601 1709 1390 9602 1676 1390 9603 1709 1390 9604 1675 5616 9605 1675 5616 9606 1709 1390 9607 1710 5617 9608 1675 5616 9609 1710 5617 9610 1674 5618 9611 1674 5618 9612 1710 5617 9613 1711 5619 9614 1674 5618 9615 1711 5619 9616 1673 5620 9617 1673 5620 9618 1711 5619 9619 1712 5621 9620 1673 5620 9621 1712 5621 9622 1672 5622 9623 1672 5622 9624 1712 5621 9625 1713 1390 9626 1672 5622 9627 1713 1390 9628 1669 1390 9629 1669 1390 9630 1713 1390 9631 1714 1390 9632 1669 1390 9633 1714 1390 9634 1661 1390 9635 1661 1390 9636 1714 1390 9637 1715 1390 9638 1661 1390 9639 1715 1390 9640 1662 1390 9641 1662 1390 9642 1715 1390 9643 1716 1390 9644 1662 1390 9645 1716 1390 9646 1668 1390 9647 1668 1390 9648 1716 1390 9649 1717 5623 9650 1668 1390 9651 1717 5623 9652 1667 5624 9653 1667 5624 9654 1717 5623 9655 1718 5625 9656 1667 5624 9657 1718 5625 9658 1666 5626 9659 1666 5626 9660 1718 5625 9661 1719 5627 9662 1666 5626 9663 1719 5627 9664 1665 5628 9665 1665 5628 9666 1719 5627 9667 1720 5629 9668 1665 5628 9669 1720 5629 9670 1664 5630 9671 1664 5630 9672 1720 5629 9673 1721 5631 9674 1664 5630 9675 1721 5631 9676 1663 5632 9677 1663 5632 9678 1721 5631 9679 1722 1390 9680 1663 5632 9681 1722 1390 9682 1660 1390 9683 1660 1390 9684 1722 1390 9685 1687 1390 9686 1723 5633 9687 1724 914 9688 1714 5634 9689 1714 5634 9690 1724 914 9691 1715 914 9692 1706 5635 9693 1725 5636 9694 1726 5637 9695 1706 5635 9696 1726 5637 9697 1707 5638 9698 1707 5639 9699 1726 5640 9700 1727 5641 9701 1707 5639 9702 1727 5641 9703 1708 5642 9704 1708 5643 9705 1727 5644 9706 1728 5645 9707 1708 5643 9708 1728 5645 9709 1709 5646 9710 1709 5647 9711 1728 5648 9712 1729 5649 9713 1709 5647 9714 1729 5649 9715 1710 5650 9716 1710 5651 9717 1729 5652 9718 1730 5651 9719 1710 5651 9720 1730 5651 9721 1711 5653 9722 1711 5654 9723 1730 5655 9724 1731 5656 9725 1711 5654 9726 1731 5656 9727 1712 5657 9728 1712 5658 9729 1731 5659 9730 1732 5660 9731 1712 5658 9732 1732 5660 9733 1713 5659 9734 1713 5661 9735 1732 5662 9736 1723 5633 9737 1713 5661 9738 1723 5633 9739 1714 5634 9740 1733 5663 9741 1725 3342 9742 1705 5664 9743 1705 5664 9744 1725 3342 9745 1706 3342 9746 1697 5665 9747 1734 5666 9748 1735 5667 9749 1697 5665 9750 1735 5667 9751 1698 5668 9752 1698 5669 9753 1735 5670 9754 1736 5671 9755 1698 5669 9756 1736 5671 9757 1699 5670 9758 1699 5672 9759 1736 5673 9760 1737 5674 9761 1699 5672 9762 1737 5674 9763 1700 5675 9764 1700 5676 9765 1737 5677 9766 1738 5678 9767 1700 5676 9768 1738 5678 9769 1701 5679 9770 1701 5680 9771 1738 5681 9772 1739 5682 9773 1701 5680 9774 1739 5682 9775 1702 5683 9776 1702 5684 9777 1739 5685 9778 1740 5686 9779 1702 5684 9780 1740 5686 9781 1703 5687 9782 1703 5688 9783 1740 5689 9784 1741 5690 9785 1703 5688 9786 1741 5690 9787 1704 5691 9788 1704 5692 9789 1741 5693 9790 1733 5663 9791 1704 5692 9792 1733 5663 9793 1705 5664 9794 1742 5694 9795 1734 2313 9796 1696 5695 9797 1696 5695 9798 1734 2313 9799 1697 2313 9800 1688 5696 9801 1743 5697 9802 1744 5698 9803 1688 5696 9804 1744 5698 9805 1689 5699 9806 1689 5700 9807 1744 5701 9808 1745 5702 9809 1689 5700 9810 1745 5702 9811 1690 5703 9812 1690 5704 9813 1745 5705 9814 1746 5706 9815 1690 5704 9816 1746 5706 9817 1691 5707 9818 1691 5708 9819 1746 5709 9820 1747 5710 9821 1691 5708 9822 1747 5710 9823 1692 5711 9824 1692 5712 9825 1747 5713 9826 1748 5714 9827 1692 5712 9828 1748 5714 9829 1693 5715 9830 1693 5716 9831 1748 5717 9832 1749 5718 9833 1693 5716 9834 1749 5718 9835 1694 5719 9836 1694 5720 9837 1749 5721 9838 1750 5722 9839 1694 5720 9840 1750 5722 9841 1695 5723 9842 1695 5724 9843 1750 5725 9844 1742 5694 9845 1695 5724 9846 1742 5694 9847 1696 5695 9848 1751 5726 9849 1743 126 9850 1687 5727 9851 1687 5727 9852 1743 126 9853 1688 126 9854 1715 5728 9855 1724 5729 9856 1752 5730 9857 1715 5728 9858 1752 5730 9859 1716 5731 9860 1716 5732 9861 1752 5733 9862 1753 5734 9863 1716 5732 9864 1753 5734 9865 1717 5735 9866 1717 5736 9867 1753 5737 9868 1754 5738 9869 1717 5736 9870 1754 5738 9871 1718 5739 9872 1718 5740 9873 1754 5741 9874 1755 5742 9875 1718 5740 9876 1755 5742 9877 1719 5743 9878 1719 5744 9879 1755 5745 9880 1756 5746 9881 1719 5744 9882 1756 5746 9883 1720 5747 9884 1720 5748 9885 1756 5749 9886 1757 5750 9887 1720 5748 9888 1757 5750 9889 1721 5751 9890 1721 5752 9891 1757 5753 9892 1758 5754 9893 1721 5752 9894 1758 5754 9895 1722 5755 9896 1722 5756 9897 1758 5757 9898 1751 5726 9899 1722 5756 9900 1751 5726 9901 1687 5727 9902 1759 1390 9903 1747 1390 9904 1760 1390 9905 1760 1390 9906 1747 1390 9907 1746 5758 9908 1761 5759 9909 1755 5760 9910 1762 5761 9911 1762 5761 9912 1755 5760 9913 1754 1390 9914 1763 1390 9915 1729 1390 9916 1764 1390 9917 1764 1390 9918 1729 1390 9919 1728 5762 9920 1765 5763 9921 1766 1390 9922 1748 5764 9923 1748 5764 9924 1766 1390 9925 1749 1390 9926 1767 5765 9927 1738 5766 9928 1768 5767 9929 1768 5767 9930 1738 5766 9931 1737 1390 9932 1769 1390 9933 1770 1390 9934 1736 1390 9935 1736 1390 9936 1770 1390 9937 1771 1390 9938 1736 1390 9939 1771 1390 9940 1737 1390 9941 1737 1390 9942 1771 1390 9943 1772 1390 9944 1737 1390 9945 1772 1390 9946 1768 5767 9947 1773 1390 9948 1774 1390 9949 1745 5768 9950 1745 5768 9951 1774 1390 9952 1775 5769 9953 1745 5768 9954 1775 5769 9955 1746 5758 9956 1746 5758 9957 1775 5769 9958 1776 5770 9959 1746 5758 9960 1776 5770 9961 1760 1390 9962 1777 5771 9963 1778 5772 9964 1756 5773 9965 1756 5773 9966 1778 5772 9967 1757 5774 9968 1779 1390 9969 1780 1390 9970 1753 1390 9971 1753 1390 9972 1780 1390 9973 1781 1390 9974 1753 1390 9975 1781 1390 9976 1754 1390 9977 1754 1390 9978 1781 1390 9979 1782 1390 9980 1754 1390 9981 1782 1390 9982 1762 5761 9983 1783 5775 9984 1784 1390 9985 1730 5776 9986 1730 5776 9987 1784 1390 9988 1731 1390 9989 1769 1390 9990 1736 1390 9991 1785 5777 9992 1785 5777 9993 1736 1390 9994 1735 5778 9995 1785 5777 9996 1735 5778 9997 1786 5779 9998 1786 5779 9999 1735 5778 10000 1787 1390 10001 1787 1390 10002 1735 5778 10003 1734 1390 10004 1787 1390 10005 1734 1390 10006 1788 5780 10007 1788 5780 10008 1734 1390 10009 1742 1390 10010 1788 5780 10011 1742 1390 10012 1750 5781 10013 1759 1390 10014 1789 1390 10015 1747 1390 10016 1747 1390 10017 1789 1390 10018 1790 1390 10019 1747 1390 10020 1790 1390 10021 1748 5764 10022 1748 5764 10023 1790 1390 10024 1791 5782 10025 1748 5764 10026 1791 5782 10027 1765 5763 10028 1761 5759 10029 1792 1390 10030 1755 5760 10031 1755 5783 10032 1792 5784 10033 1793 5785 10034 1755 5783 10035 1793 5785 10036 1756 5773 10037 1756 5773 10038 1793 5785 10039 1794 5786 10040 1756 5773 10041 1794 5786 10042 1777 5771 10043 1763 1390 10044 1795 1390 10045 1729 1390 10046 1729 1390 10047 1795 1390 10048 1796 1390 10049 1729 1390 10050 1796 1390 10051 1730 5776 10052 1730 5776 10053 1796 1390 10054 1797 5787 10055 1730 5776 10056 1797 5787 10057 1783 5775 10058 1798 1390 10059 1799 1390 10060 1727 5788 10061 1727 5788 10062 1799 1390 10063 1800 5789 10064 1727 5788 10065 1800 5789 10066 1728 5762 10067 1728 5762 10068 1800 5789 10069 1801 5790 10070 1728 5762 10071 1801 5790 10072 1764 1390 10073 1802 5791 10074 1803 5792 10075 1739 5793 10076 1739 5793 10077 1803 5792 10078 1740 5794 10079 1766 1390 10080 1804 1390 10081 1749 1390 10082 1749 1390 10083 1804 1390 10084 1805 1390 10085 1749 1390 10086 1805 1390 10087 1750 5781 10088 1750 5781 10089 1805 1390 10090 1806 5795 10091 1750 5781 10092 1806 5795 10093 1788 5780 10094 1773 1390 10095 1745 5768 10096 1807 5796 10097 1807 5796 10098 1745 5768 10099 1744 5797 10100 1807 5796 10101 1744 5797 10102 1808 1390 10103 1779 1390 10104 1753 1390 10105 1809 5798 10106 1809 5798 10107 1753 1390 10108 1752 5799 10109 1809 5798 10110 1752 5799 10111 1810 5800 10112 1767 5765 10113 1811 1390 10114 1738 5766 10115 1738 5801 10116 1811 5802 10117 1812 5803 10118 1738 5801 10119 1812 5803 10120 1739 5793 10121 1739 5793 10122 1812 5803 10123 1813 5804 10124 1739 5793 10125 1813 5804 10126 1802 5791 10127 1798 1390 10128 1727 5788 10129 1814 5805 10130 1814 5805 10131 1727 5788 10132 1726 5806 10133 1814 5805 10134 1726 5806 10135 1815 1390 10136 1808 1390 10137 1744 5797 10138 1816 5807 10139 1816 5807 10140 1744 5797 10141 1743 5808 10142 1816 5807 10143 1743 5808 10144 1817 5809 10145 1817 5809 10146 1743 5808 10147 1751 1390 10148 1817 5809 10149 1751 1390 10150 1758 5810 10151 1778 5772 10152 1818 5811 10153 1757 5774 10154 1757 5774 10155 1818 5811 10156 1819 5812 10157 1757 1390 10158 1819 5813 10159 1758 5810 10160 1758 5810 10161 1819 5813 10162 1820 5814 10163 1758 5810 10164 1820 5814 10165 1817 5809 10166 1810 5800 10167 1752 5799 10168 1821 1390 10169 1821 1390 10170 1752 5799 10171 1724 1390 10172 1821 1390 10173 1724 1390 10174 1822 5815 10175 1822 5815 10176 1724 1390 10177 1723 1390 10178 1822 5815 10179 1723 1390 10180 1732 5816 10181 1784 1390 10182 1823 1390 10183 1731 1390 10184 1731 1390 10185 1823 1390 10186 1824 1390 10187 1731 1390 10188 1824 1390 10189 1732 5816 10190 1732 5816 10191 1824 1390 10192 1825 5817 10193 1732 5816 10194 1825 5817 10195 1822 5815 10196 1815 1390 10197 1726 5806 10198 1826 5818 10199 1826 5818 10200 1726 5806 10201 1725 5819 10202 1826 5818 10203 1725 5819 10204 1827 5820 10205 1827 5820 10206 1725 5819 10207 1733 1390 10208 1827 5820 10209 1733 1390 10210 1741 5821 10211 1803 5792 10212 1828 5822 10213 1740 5794 10214 1740 5794 10215 1828 5822 10216 1829 5823 10217 1740 1390 10218 1829 5824 10219 1741 5821 10220 1741 5821 10221 1829 5824 10222 1830 5825 10223 1741 5821 10224 1830 5825 10225 1827 5820 10226 1831 5826 10227 1826 5827 10228 1827 5828 10229 1827 5828 10230 1832 5829 10231 1831 5826 10232 1831 5830 10233 1832 5831 10234 1833 5832 10235 1831 5830 10236 1833 5832 10237 1834 5833 10238 1834 5834 10239 1833 5835 10240 1835 5836 10241 1834 5834 10242 1835 5836 10243 1836 5837 10244 1836 5838 10245 1835 5839 10246 1837 5840 10247 1836 5838 10248 1837 5840 10249 1838 5841 10250 1839 5842 10251 1840 5843 10252 1841 5844 10253 1842 5845 10254 1798 5846 10255 1843 5847 10256 1844 5848 10257 1815 5849 10258 1845 5850 10259 1845 5851 10260 1815 5852 10261 1826 5853 10262 1843 5854 10263 1798 5855 10264 1846 5856 10265 1847 5857 10266 1848 5858 10267 1849 5859 10268 1849 5860 10269 1848 5861 10270 1825 5862 10271 1850 5863 10272 1851 5864 10273 1852 5865 10274 1852 5866 10275 1851 5867 10276 1853 5868 10277 1852 5869 10278 1853 5870 10279 1854 5871 10280 1800 5872 10281 1842 5873 10282 1855 5874 10283 1855 5875 10284 1842 5876 10285 1843 5877 10286 1855 5878 10287 1843 5879 10288 1856 5880 10289 1856 5881 10290 1843 5882 10291 1846 5883 10292 1856 5884 10293 1846 5885 10294 1857 5886 10295 1798 5887 10296 1844 5888 10297 1846 5889 10298 1846 5890 10299 1844 5891 10300 1845 5892 10301 1846 5893 10302 1845 5894 10303 1857 5895 10304 1857 5896 10305 1845 5897 10306 1826 5898 10307 1857 5899 10308 1826 5827 10309 1831 5826 10310 1858 5900 10311 1839 5901 10312 1859 5902 10313 1859 5903 10314 1839 5842 10315 1841 5844 10316 1859 5904 10317 1841 5905 10318 1860 5906 10319 1860 5907 10320 1841 5908 10321 1861 5908 10322 1860 5909 10323 1861 5910 10324 1862 5911 10325 1862 5912 10326 1861 5913 10327 1824 5914 10328 1863 5915 10329 1864 5916 10330 1865 5917 10331 1865 5918 10332 1864 5919 10333 1866 5920 10334 1865 5921 10335 1866 5922 10336 1867 5923 10337 1867 5924 10338 1866 5925 10339 1854 5926 10340 1867 5927 10341 1854 5928 10342 1868 5929 10343 1868 5930 10344 1854 5931 10345 1853 5932 10346 1869 5933 10347 1800 5934 10348 1870 5935 10349 1870 5936 10350 1800 5937 10351 1855 5938 10352 1870 5939 10353 1855 5940 10354 1871 5941 10355 1871 5942 10356 1855 5878 10357 1856 5880 10358 1871 5943 10359 1856 5944 10360 1872 5945 10361 1872 5946 10362 1856 5947 10363 1857 5948 10364 1872 5946 10365 1857 5948 10366 1873 5949 10367 1873 5950 10368 1857 5951 10369 1831 5952 10370 1873 5953 10371 1831 5954 10372 1834 5955 10373 1874 5956 10374 1840 5957 10375 1875 5958 10376 1875 5958 10377 1840 5957 10378 1839 5959 10379 1875 5960 10380 1839 5961 10381 1876 5962 10382 1876 5962 10383 1839 5961 10384 1858 5963 10385 1876 5964 10386 1858 5965 10387 1877 5966 10388 1878 5967 10389 1877 5968 10390 1879 5969 10391 1879 5970 10392 1877 5966 10393 1858 5965 10394 1879 5971 10395 1858 5972 10396 1880 5973 10397 1880 5974 10398 1858 5900 10399 1859 5902 10400 1880 5975 10401 1859 5976 10402 1881 5977 10403 1881 5978 10404 1859 5904 10405 1860 5906 10406 1881 5979 10407 1860 5980 10408 1784 5981 10409 1784 5982 10410 1860 5983 10411 1862 5984 10412 1882 5985 10413 1883 5986 10414 1884 5987 10415 1884 5988 10416 1883 5989 10417 1878 5990 10418 1884 5988 10419 1878 5990 10420 1885 5991 10421 1885 5992 10422 1878 5967 10423 1879 5969 10424 1885 5993 10425 1879 5994 10426 1886 5995 10427 1886 5996 10428 1879 5971 10429 1880 5973 10430 1886 5997 10431 1880 5998 10432 1887 5999 10433 1887 6000 10434 1880 5975 10435 1881 5977 10436 1887 6001 10437 1881 6002 10438 1888 6003 10439 1888 6004 10440 1881 6005 10441 1784 6006 10442 1864 5919 10443 1882 6007 10444 1866 5920 10445 1866 6008 10446 1882 5985 10447 1884 5987 10448 1866 5925 10449 1884 6009 10450 1854 5926 10451 1854 5871 10452 1884 6010 10453 1885 6011 10454 1854 5871 10455 1885 6011 10456 1852 5869 10457 1852 6012 10458 1885 5993 10459 1886 5995 10460 1852 5865 10461 1886 6013 10462 1850 5863 10463 1850 6014 10464 1886 5997 10465 1887 5999 10466 1889 6015 10467 1863 6016 10468 1890 6017 10469 1890 6018 10470 1863 5915 10471 1865 5917 10472 1890 6019 10473 1865 6020 10474 1891 6021 10475 1891 6022 10476 1865 5921 10477 1867 5923 10478 1891 6023 10479 1867 6024 10480 1892 6025 10481 1892 6026 10482 1867 5927 10483 1868 5929 10484 1892 6027 10485 1868 6028 10486 1764 6029 10487 1764 6029 10488 1868 6028 10489 1853 6030 10490 1764 6031 10491 1853 6032 10492 1893 6033 10493 1893 6034 10494 1853 6035 10495 1851 6036 10496 1893 6037 10497 1851 6038 10498 1795 6039 10499 1795 6039 10500 1851 6038 10501 1850 6040 10502 1795 6039 10503 1850 6040 10504 1796 6041 10505 1796 6041 10506 1850 6040 10507 1887 6042 10508 1796 6041 10509 1887 6042 10510 1797 6043 10511 1797 6044 10512 1887 6045 10513 1888 6046 10514 1764 6029 10515 1869 6047 10516 1892 6027 10517 1892 6048 10518 1869 6049 10519 1870 6050 10520 1892 6025 10521 1870 6051 10522 1891 6023 10523 1891 6052 10524 1870 5939 10525 1871 5941 10526 1891 6021 10527 1871 6053 10528 1890 6019 10529 1890 6054 10530 1871 5943 10531 1872 5945 10532 1890 6017 10533 1872 6055 10534 1889 6015 10535 1889 6056 10536 1872 6057 10537 1873 6058 10538 1889 6056 10539 1873 6058 10540 1894 6059 10541 1894 6060 10542 1873 6061 10543 1834 6062 10544 1894 6063 10545 1834 6064 10546 1836 6065 10547 1895 6066 10548 1896 6067 10549 1897 6068 10550 1897 6069 10551 1896 6070 10552 1898 6071 10553 1897 6072 10554 1898 6073 10555 1899 6074 10556 1899 6074 10557 1898 6073 10558 1900 6075 10559 1899 6076 10560 1900 6077 10561 1847 6078 10562 1847 6079 10563 1900 6080 10564 1901 6081 10565 1847 6082 10566 1901 6083 10567 1848 6084 10568 1848 6085 10569 1901 6086 10570 1822 6087 10571 1848 6088 10572 1822 6089 10573 1825 6090 10574 1825 5862 10575 1824 6091 10576 1849 5860 10577 1849 5860 10578 1824 6091 10579 1861 6092 10580 1849 6093 10581 1861 6094 10582 1847 6095 10583 1847 6096 10584 1861 6097 10585 1841 6098 10586 1847 6099 10587 1841 6100 10588 1899 6101 10589 1899 6101 10590 1841 6100 10591 1840 6102 10592 1899 6103 10593 1840 6104 10594 1897 6105 10595 1897 6105 10596 1840 6104 10597 1874 6106 10598 1897 6107 10599 1874 6108 10600 1895 6109 10601 1895 6110 10602 1874 6111 10603 1902 6112 10604 1902 6113 10605 1874 6114 10606 1903 6115 10607 1903 6116 10608 1874 6117 10609 1875 6118 10610 1903 6119 10611 1875 6120 10612 1904 6121 10613 1904 6122 10614 1875 6123 10615 1876 6124 10616 1904 6125 10617 1876 6126 10618 1905 6127 10619 1905 6128 10620 1876 6129 10621 1877 6130 10622 1905 6131 10623 1877 6132 10624 1906 6133 10625 1906 6134 10626 1877 6135 10627 1878 6136 10628 1906 6137 10629 1878 6138 10630 1907 6139 10631 1907 6140 10632 1878 6141 10633 1883 6142 10634 1907 6143 10635 1883 6144 10636 1908 6145 10637 1908 6146 10638 1883 6147 10639 1882 6147 10640 1908 6148 10641 1882 6149 10642 1909 6150 10643 1909 6151 10644 1882 6152 10645 1864 6153 10646 1909 6154 10647 1864 6155 10648 1910 6156 10649 1910 6157 10650 1864 6158 10651 1863 6159 10652 1910 6160 10653 1863 6161 10654 1911 6162 10655 1911 6163 10656 1863 6164 10657 1889 6165 10658 1911 6166 10659 1889 6167 10660 1912 6168 10661 1912 6169 10662 1889 6170 10663 1894 6171 10664 1912 6172 10665 1894 6173 10666 1913 6174 10667 1913 6175 10668 1894 6175 10669 1836 6175 10670 1913 6176 10671 1836 6177 10672 1838 6178 10673 1821 6179 10674 1822 6087 10675 1901 6086 10676 1821 6179 10677 1901 6086 10678 1914 6180 10679 1914 6181 10680 1901 6081 10681 1900 6080 10682 1914 6181 10683 1900 6080 10684 1915 6182 10685 1915 6183 10686 1900 6184 10687 1898 6185 10688 1915 6183 10689 1898 6185 10690 1916 6186 10691 1916 6187 10692 1898 6188 10693 1896 6189 10694 1916 6187 10695 1896 6189 10696 1917 6190 10697 1918 6191 10698 1919 6192 10699 1920 6193 10700 1921 6194 10701 1779 6195 10702 1922 6196 10703 1923 6197 10704 1810 6198 10705 1924 6199 10706 1924 6200 10707 1810 6201 10708 1821 6202 10709 1922 6203 10710 1779 6204 10711 1925 6205 10712 1926 6206 10713 1927 6207 10714 1928 6208 10715 1928 6209 10716 1927 6210 10717 1820 6211 10718 1929 6212 10719 1930 6213 10720 1931 6214 10721 1931 6215 10722 1930 6216 10723 1932 6217 10724 1931 6218 10725 1932 6219 10726 1933 6220 10727 1781 6221 10728 1921 6222 10729 1934 6223 10730 1934 6224 10731 1921 6225 10732 1922 6226 10733 1934 6227 10734 1922 6228 10735 1935 6229 10736 1935 6230 10737 1922 6231 10738 1925 6232 10739 1935 6233 10740 1925 6234 10741 1936 6235 10742 1779 6236 10743 1923 6237 10744 1925 6238 10745 1925 6239 10746 1923 6240 10747 1924 6241 10748 1925 6242 10749 1924 6243 10750 1936 6244 10751 1936 6245 10752 1924 6246 10753 1821 6247 10754 1936 6248 10755 1821 6179 10756 1914 6180 10757 1937 6249 10758 1918 6250 10759 1938 6251 10760 1938 6252 10761 1918 6191 10762 1920 6193 10763 1938 6253 10764 1920 6254 10765 1939 6255 10766 1939 6256 10767 1920 6257 10768 1940 6258 10769 1939 6259 10770 1940 6260 10771 1941 6261 10772 1941 6262 10773 1940 6263 10774 1819 6264 10775 1942 6265 10776 1943 6266 10777 1944 6267 10778 1944 6268 10779 1943 6269 10780 1945 6270 10781 1944 6271 10782 1945 6272 10783 1946 6273 10784 1946 6274 10785 1945 6275 10786 1933 6276 10787 1946 6277 10788 1933 6278 10789 1947 6279 10790 1947 6280 10791 1933 6281 10792 1932 6282 10793 1948 6283 10794 1781 6284 10795 1949 6285 10796 1949 6286 10797 1781 6287 10798 1934 6288 10799 1949 6289 10800 1934 6290 10801 1950 6291 10802 1950 6292 10803 1934 6227 10804 1935 6229 10805 1950 6293 10806 1935 6294 10807 1951 6295 10808 1951 6296 10809 1935 6297 10810 1936 6298 10811 1951 6296 10812 1936 6298 10813 1952 6299 10814 1952 6300 10815 1936 6301 10816 1914 6302 10817 1952 6303 10818 1914 6304 10819 1915 6305 10820 1953 6306 10821 1919 6307 10822 1954 6308 10823 1954 6308 10824 1919 6307 10825 1918 6309 10826 1954 6310 10827 1918 6311 10828 1955 6312 10829 1955 6312 10830 1918 6311 10831 1937 6313 10832 1955 6314 10833 1937 6315 10834 1956 6316 10835 1957 6317 10836 1956 6318 10837 1958 6319 10838 1958 6320 10839 1956 6316 10840 1937 6315 10841 1958 6321 10842 1937 6322 10843 1959 6323 10844 1959 6324 10845 1937 6249 10846 1938 6251 10847 1959 6325 10848 1938 6326 10849 1960 6327 10850 1960 6328 10851 1938 6253 10852 1939 6255 10853 1960 6329 10854 1939 6330 10855 1778 6331 10856 1778 6332 10857 1939 6333 10858 1941 6334 10859 1961 6335 10860 1962 6336 10861 1963 6337 10862 1963 6338 10863 1962 6339 10864 1957 6340 10865 1963 6338 10866 1957 6340 10867 1964 6341 10868 1964 6342 10869 1957 6317 10870 1958 6319 10871 1964 6343 10872 1958 6344 10873 1965 6345 10874 1965 6346 10875 1958 6321 10876 1959 6323 10877 1965 6347 10878 1959 6348 10879 1966 6349 10880 1966 6350 10881 1959 6325 10882 1960 6327 10883 1966 6351 10884 1960 6352 10885 1967 6353 10886 1967 6354 10887 1960 6355 10888 1778 6356 10889 1943 6269 10890 1961 6357 10891 1945 6270 10892 1945 6358 10893 1961 6335 10894 1963 6337 10895 1945 6275 10896 1963 6359 10897 1933 6276 10898 1933 6220 10899 1963 6360 10900 1964 6361 10901 1933 6220 10902 1964 6361 10903 1931 6218 10904 1931 6362 10905 1964 6343 10906 1965 6345 10907 1931 6214 10908 1965 6363 10909 1929 6212 10910 1929 6364 10911 1965 6347 10912 1966 6349 10913 1968 6365 10914 1942 6366 10915 1969 6367 10916 1969 6368 10917 1942 6265 10918 1944 6267 10919 1969 6369 10920 1944 6370 10921 1970 6371 10922 1970 6372 10923 1944 6271 10924 1946 6273 10925 1970 6373 10926 1946 6374 10927 1971 6375 10928 1971 6376 10929 1946 6277 10930 1947 6279 10931 1971 6377 10932 1947 6378 10933 1762 6379 10934 1762 6379 10935 1947 6378 10936 1932 6380 10937 1762 6381 10938 1932 6382 10939 1972 6383 10940 1972 6384 10941 1932 6385 10942 1930 6386 10943 1972 6387 10944 1930 6388 10945 1792 6389 10946 1792 6389 10947 1930 6388 10948 1929 6390 10949 1792 6389 10950 1929 6390 10951 1793 6391 10952 1793 6391 10953 1929 6390 10954 1966 6392 10955 1793 6391 10956 1966 6392 10957 1794 6393 10958 1794 6394 10959 1966 6395 10960 1967 6396 10961 1762 6379 10962 1948 6397 10963 1971 6377 10964 1971 6398 10965 1948 6399 10966 1949 6400 10967 1971 6375 10968 1949 6401 10969 1970 6373 10970 1970 6402 10971 1949 6289 10972 1950 6291 10973 1970 6371 10974 1950 6403 10975 1969 6369 10976 1969 6404 10977 1950 6293 10978 1951 6295 10979 1969 6367 10980 1951 6405 10981 1968 6365 10982 1968 6406 10983 1951 6407 10984 1952 6408 10985 1968 6406 10986 1952 6408 10987 1973 6409 10988 1973 6410 10989 1952 6411 10990 1915 6412 10991 1973 6413 10992 1915 6414 10993 1916 6415 10994 1974 6416 10995 1975 6417 10996 1976 6418 10997 1976 6419 10998 1975 6420 10999 1977 6421 11000 1976 6422 11001 1977 6423 11002 1978 6424 11003 1978 6424 11004 1977 6423 11005 1979 6425 11006 1978 6426 11007 1979 6427 11008 1926 6428 11009 1926 6429 11010 1979 6430 11011 1980 6431 11012 1926 6432 11013 1980 6433 11014 1927 6434 11015 1927 6435 11016 1980 6436 11017 1817 6437 11018 1927 6438 11019 1817 6439 11020 1820 6440 11021 1820 6211 11022 1819 6441 11023 1928 6209 11024 1928 6209 11025 1819 6441 11026 1940 6442 11027 1928 6443 11028 1940 6444 11029 1926 6445 11030 1926 6446 11031 1940 6447 11032 1920 6448 11033 1926 6449 11034 1920 6450 11035 1978 6451 11036 1978 6451 11037 1920 6450 11038 1919 6452 11039 1978 6453 11040 1919 6454 11041 1976 6455 11042 1976 6455 11043 1919 6454 11044 1953 6456 11045 1976 6457 11046 1953 6458 11047 1974 6459 11048 1974 6460 11049 1953 6461 11050 1981 6462 11051 1981 6463 11052 1953 6464 11053 1982 6465 11054 1982 6466 11055 1953 6467 11056 1954 6468 11057 1982 6469 11058 1954 6470 11059 1983 6471 11060 1983 6472 11061 1954 6473 11062 1955 6474 11063 1983 6475 11064 1955 6476 11065 1984 6477 11066 1984 6478 11067 1955 6479 11068 1956 6480 11069 1984 6481 11070 1956 6482 11071 1985 6483 11072 1985 6484 11073 1956 6485 11074 1957 6486 11075 1985 6487 11076 1957 6488 11077 1986 6489 11078 1986 6490 11079 1957 6491 11080 1962 6492 11081 1986 6493 11082 1962 6494 11083 1987 6495 11084 1987 6496 11085 1962 6496 11086 1961 6497 11087 1987 6498 11088 1961 6499 11089 1988 6500 11090 1988 6501 11091 1961 6502 11092 1943 6503 11093 1988 6504 11094 1943 6505 11095 1989 6506 11096 1989 6507 11097 1943 6508 11098 1942 6509 11099 1989 6510 11100 1942 6511 11101 1990 6512 11102 1990 6513 11103 1942 6514 11104 1968 6515 11105 1990 6516 11106 1968 6517 11107 1991 6518 11108 1991 6519 11109 1968 6520 11110 1973 6521 11111 1991 6522 11112 1973 6523 11113 1992 6524 11114 1992 6525 11115 1973 6525 11116 1916 6525 11117 1992 6526 11118 1916 6527 11119 1917 6528 11120 1816 6529 11121 1817 6437 11122 1980 6436 11123 1816 6529 11124 1980 6436 11125 1993 6530 11126 1993 6531 11127 1980 6431 11128 1979 6430 11129 1993 6531 11130 1979 6430 11131 1994 6532 11132 1994 6533 11133 1979 6534 11134 1977 6535 11135 1994 6533 11136 1977 6535 11137 1995 6536 11138 1995 6537 11139 1977 6538 11140 1975 6539 11141 1995 6537 11142 1975 6539 11143 1996 6540 11144 1997 6541 11145 1998 6542 11146 1999 6543 11147 2000 6544 11148 1773 6545 11149 2001 6546 11150 2002 6547 11151 1808 6548 11152 2003 6549 11153 2003 6550 11154 1808 6551 11155 1816 6552 11156 2001 6553 11157 1773 6554 11158 2004 6555 11159 2005 6556 11160 2006 6557 11161 2007 6558 11162 2007 6559 11163 2006 6560 11164 1806 6561 11165 2008 6562 11166 2009 6563 11167 2010 6564 11168 2010 6565 11169 2009 6566 11170 2011 6567 11171 2010 6568 11172 2011 6569 11173 2012 6570 11174 1775 6571 11175 2000 6572 11176 2013 6573 11177 2013 6574 11178 2000 6575 11179 2001 6576 11180 2013 6577 11181 2001 6578 11182 2014 6579 11183 2014 6580 11184 2001 6581 11185 2004 6582 11186 2014 6583 11187 2004 6584 11188 2015 6585 11189 1773 6586 11190 2002 6587 11191 2004 6588 11192 2004 6589 11193 2002 6590 11194 2003 6591 11195 2004 6592 11196 2003 6593 11197 2015 6594 11198 2015 6595 11199 2003 6596 11200 1816 6597 11201 2015 6598 11202 1816 6529 11203 1993 6530 11204 2016 6599 11205 1997 6600 11206 2017 6601 11207 2017 6602 11208 1997 6541 11209 1999 6543 11210 2017 6603 11211 1999 6604 11212 2018 6605 11213 2018 6606 11214 1999 6607 11215 2019 6608 11216 2018 6609 11217 2019 6610 11218 2020 6611 11219 2020 6612 11220 2019 6613 11221 1805 6614 11222 2021 6615 11223 2022 6616 11224 2023 6617 11225 2023 6618 11226 2022 6619 11227 2024 6620 11228 2023 6621 11229 2024 6622 11230 2025 6623 11231 2025 6624 11232 2024 6625 11233 2012 6626 11234 2025 6627 11235 2012 6628 11236 2026 6629 11237 2026 6630 11238 2012 6631 11239 2011 6632 11240 2027 6633 11241 1775 6634 11242 2028 6635 11243 2028 6636 11244 1775 6637 11245 2013 6638 11246 2028 6639 11247 2013 6640 11248 2029 6641 11249 2029 6642 11250 2013 6577 11251 2014 6579 11252 2029 6643 11253 2014 6644 11254 2030 6645 11255 2030 6646 11256 2014 6647 11257 2015 6648 11258 2030 6646 11259 2015 6648 11260 2031 6649 11261 2031 6650 11262 2015 6651 11263 1993 6652 11264 2031 6653 11265 1993 6654 11266 1994 6655 11267 2032 6656 11268 1998 6657 11269 2033 6658 11270 2033 6658 11271 1998 6657 11272 1997 6659 11273 2033 6660 11274 1997 6661 11275 2034 6662 11276 2034 6662 11277 1997 6661 11278 2016 6663 11279 2034 6664 11280 2016 6665 11281 2035 6666 11282 2036 6667 11283 2035 6668 11284 2037 6669 11285 2037 6670 11286 2035 6666 11287 2016 6665 11288 2037 6671 11289 2016 6672 11290 2038 6673 11291 2038 6674 11292 2016 6599 11293 2017 6601 11294 2038 6675 11295 2017 6676 11296 2039 6677 11297 2039 6678 11298 2017 6603 11299 2018 6605 11300 2039 6679 11301 2018 6680 11302 1766 6681 11303 1766 6682 11304 2018 6683 11305 2020 6684 11306 2040 6685 11307 2041 6686 11308 2042 6687 11309 2042 6688 11310 2041 6689 11311 2036 6690 11312 2042 6688 11313 2036 6690 11314 2043 6691 11315 2043 6692 11316 2036 6667 11317 2037 6669 11318 2043 6693 11319 2037 6694 11320 2044 6695 11321 2044 6696 11322 2037 6671 11323 2038 6673 11324 2044 6697 11325 2038 6698 11326 2045 6699 11327 2045 6700 11328 2038 6675 11329 2039 6677 11330 2045 6701 11331 2039 6702 11332 2046 6703 11333 2046 6704 11334 2039 6705 11335 1766 6706 11336 2022 6619 11337 2040 6707 11338 2024 6620 11339 2024 6708 11340 2040 6685 11341 2042 6687 11342 2024 6625 11343 2042 6709 11344 2012 6626 11345 2012 6570 11346 2042 6710 11347 2043 6711 11348 2012 6570 11349 2043 6711 11350 2010 6568 11351 2010 6712 11352 2043 6693 11353 2044 6695 11354 2010 6564 11355 2044 6713 11356 2008 6562 11357 2008 6714 11358 2044 6697 11359 2045 6699 11360 2047 6715 11361 2021 6716 11362 2048 6717 11363 2048 6718 11364 2021 6615 11365 2023 6617 11366 2048 6719 11367 2023 6720 11368 2049 6721 11369 2049 6722 11370 2023 6621 11371 2025 6623 11372 2049 6723 11373 2025 6724 11374 2050 6725 11375 2050 6726 11376 2025 6627 11377 2026 6629 11378 2050 6727 11379 2026 6728 11380 1760 6729 11381 1760 6729 11382 2026 6728 11383 2011 6730 11384 1760 6731 11385 2011 6732 11386 2051 6733 11387 2051 6734 11388 2011 6735 11389 2009 6736 11390 2051 6737 11391 2009 6738 11392 1789 6739 11393 1789 6739 11394 2009 6738 11395 2008 6740 11396 1789 6739 11397 2008 6740 11398 1790 6741 11399 1790 6741 11400 2008 6740 11401 2045 6742 11402 1790 6741 11403 2045 6742 11404 1791 6743 11405 1791 6744 11406 2045 6745 11407 2046 6746 11408 1760 6729 11409 2027 6747 11410 2050 6727 11411 2050 6748 11412 2027 6749 11413 2028 6750 11414 2050 6725 11415 2028 6751 11416 2049 6723 11417 2049 6752 11418 2028 6639 11419 2029 6641 11420 2049 6721 11421 2029 6753 11422 2048 6719 11423 2048 6754 11424 2029 6643 11425 2030 6645 11426 2048 6717 11427 2030 6755 11428 2047 6715 11429 2047 6756 11430 2030 6757 11431 2031 6758 11432 2047 6756 11433 2031 6758 11434 2052 6759 11435 2052 6760 11436 2031 6761 11437 1994 6762 11438 2052 6763 11439 1994 6764 11440 1995 6765 11441 2053 6766 11442 2054 6767 11443 2055 6768 11444 2055 6769 11445 2054 6770 11446 2056 6771 11447 2055 6772 11448 2056 6773 11449 2057 6774 11450 2057 6774 11451 2056 6773 11452 2058 6775 11453 2057 6776 11454 2058 6777 11455 2005 6778 11456 2005 6779 11457 2058 6780 11458 2059 6781 11459 2005 6782 11460 2059 6783 11461 2006 6784 11462 2006 6785 11463 2059 6786 11464 1788 6787 11465 2006 6788 11466 1788 6789 11467 1806 6790 11468 1806 6561 11469 1805 6791 11470 2007 6559 11471 2007 6559 11472 1805 6791 11473 2019 6792 11474 2007 6793 11475 2019 6794 11476 2005 6795 11477 2005 6796 11478 2019 6797 11479 1999 6798 11480 2005 6799 11481 1999 6800 11482 2057 6801 11483 2057 6801 11484 1999 6800 11485 1998 6802 11486 2057 6803 11487 1998 6804 11488 2055 6805 11489 2055 6805 11490 1998 6804 11491 2032 6806 11492 2055 6807 11493 2032 6808 11494 2053 6809 11495 2053 6810 11496 2032 6811 11497 2060 6812 11498 2060 6813 11499 2032 6814 11500 2061 6815 11501 2061 6816 11502 2032 6817 11503 2033 6818 11504 2061 6819 11505 2033 6820 11506 2062 6821 11507 2062 6822 11508 2033 6823 11509 2034 6824 11510 2062 6825 11511 2034 6826 11512 2063 6827 11513 2063 6828 11514 2034 6829 11515 2035 6830 11516 2063 6831 11517 2035 6832 11518 2064 6833 11519 2064 6834 11520 2035 6835 11521 2036 6836 11522 2064 6837 11523 2036 6838 11524 2065 6839 11525 2065 6840 11526 2036 6841 11527 2041 6842 11528 2065 6843 11529 2041 6844 11530 2066 6845 11531 2066 6846 11532 2041 6847 11533 2040 6847 11534 2066 6848 11535 2040 6849 11536 2067 6850 11537 2067 6851 11538 2040 6852 11539 2022 6853 11540 2067 6854 11541 2022 6855 11542 2068 6856 11543 2068 6857 11544 2022 6858 11545 2021 6859 11546 2068 6860 11547 2021 6861 11548 2069 6862 11549 2069 6863 11550 2021 6864 11551 2047 6865 11552 2069 6866 11553 2047 6867 11554 2070 6868 11555 2070 6869 11556 2047 6870 11557 2052 6871 11558 2070 6872 11559 2052 6873 11560 2071 6874 11561 2071 6875 11562 2052 6875 11563 1995 6875 11564 2071 6876 11565 1995 6877 11566 1996 6878 11567 1787 6879 11568 1788 6787 11569 2059 6786 11570 1787 6879 11571 2059 6786 11572 2072 6880 11573 2072 6881 11574 2059 6781 11575 2058 6780 11576 2072 6881 11577 2058 6780 11578 2073 6882 11579 2073 6883 11580 2058 6884 11581 2056 6885 11582 2073 6883 11583 2056 6885 11584 2074 6886 11585 2074 6887 11586 2056 6888 11587 2054 6889 11588 2074 6887 11589 2054 6889 11590 2075 6890 11591 2076 6891 11592 2077 6892 11593 2078 6893 11594 2079 6894 11595 1769 6895 11596 2080 6896 11597 2081 6897 11598 1786 6898 11599 2082 6899 11600 2082 6900 11601 1786 6901 11602 1787 6902 11603 2080 6903 11604 1769 6904 11605 2083 6905 11606 2084 6906 11607 2085 6907 11608 2086 6908 11609 2086 6909 11610 2085 6910 11611 1830 6911 11612 2087 6912 11613 2088 6913 11614 2089 6914 11615 2089 6915 11616 2088 6916 11617 2090 6917 11618 2089 6918 11619 2090 6919 11620 2091 6920 11621 1771 6921 11622 2079 6922 11623 2092 6923 11624 2092 6924 11625 2079 6925 11626 2080 6926 11627 2092 6927 11628 2080 6928 11629 2093 6929 11630 2093 6930 11631 2080 6931 11632 2083 6932 11633 2093 6933 11634 2083 6934 11635 2094 6935 11636 1769 6936 11637 2081 6937 11638 2083 6938 11639 2083 6939 11640 2081 6940 11641 2082 6941 11642 2083 6942 11643 2082 6943 11644 2094 6944 11645 2094 6945 11646 2082 6946 11647 1787 6947 11648 2094 6948 11649 1787 6879 11650 2072 6880 11651 2095 6949 11652 2076 6950 11653 2096 6951 11654 2096 6952 11655 2076 6891 11656 2078 6893 11657 2096 6953 11658 2078 6954 11659 2097 6955 11660 2097 6956 11661 2078 6957 11662 2098 6958 11663 2097 6959 11664 2098 6960 11665 2099 6961 11666 2099 6962 11667 2098 6963 11668 1829 6964 11669 2100 6965 11670 2101 6966 11671 2102 6967 11672 2102 6968 11673 2101 6969 11674 2103 6970 11675 2102 6971 11676 2103 6972 11677 2104 6973 11678 2104 6974 11679 2103 6975 11680 2091 6976 11681 2104 6977 11682 2091 6978 11683 2105 6979 11684 2105 6980 11685 2091 6981 11686 2090 6982 11687 2106 6983 11688 1771 6984 11689 2107 6985 11690 2107 6986 11691 1771 6987 11692 2092 6988 11693 2107 6989 11694 2092 6990 11695 2108 6991 11696 2108 6992 11697 2092 6927 11698 2093 6929 11699 2108 6993 11700 2093 6994 11701 2109 6995 11702 2109 6996 11703 2093 6997 11704 2094 6998 11705 2109 6996 11706 2094 6998 11707 2110 6999 11708 2110 7000 11709 2094 7001 11710 2072 7002 11711 2110 7003 11712 2072 7004 11713 2073 7005 11714 2111 7006 11715 2077 7007 11716 2112 7008 11717 2112 7008 11718 2077 7007 11719 2076 7009 11720 2112 7010 11721 2076 7011 11722 2113 7012 11723 2113 7012 11724 2076 7011 11725 2095 7013 11726 2113 7014 11727 2095 7015 11728 2114 7016 11729 2115 7017 11730 2114 7018 11731 2116 7019 11732 2116 7020 11733 2114 7016 11734 2095 7015 11735 2116 7021 11736 2095 7022 11737 2117 7023 11738 2117 7024 11739 2095 6949 11740 2096 6951 11741 2117 7025 11742 2096 7026 11743 2118 7027 11744 2118 7028 11745 2096 6953 11746 2097 6955 11747 2118 7029 11748 2097 7030 11749 1803 7031 11750 1803 7032 11751 2097 7033 11752 2099 7034 11753 2119 7035 11754 2120 7036 11755 2121 7037 11756 2121 7038 11757 2120 7039 11758 2115 7040 11759 2121 7038 11760 2115 7040 11761 2122 7041 11762 2122 7042 11763 2115 7017 11764 2116 7019 11765 2122 7043 11766 2116 7044 11767 2123 7045 11768 2123 7046 11769 2116 7021 11770 2117 7023 11771 2123 7047 11772 2117 7048 11773 2124 7049 11774 2124 7050 11775 2117 7025 11776 2118 7027 11777 2124 7051 11778 2118 7052 11779 2125 7053 11780 2125 7054 11781 2118 7055 11782 1803 7056 11783 2101 6969 11784 2119 7057 11785 2103 6970 11786 2103 7058 11787 2119 7035 11788 2121 7037 11789 2103 6975 11790 2121 7059 11791 2091 6976 11792 2091 6920 11793 2121 7060 11794 2122 7061 11795 2091 6920 11796 2122 7061 11797 2089 6918 11798 2089 7062 11799 2122 7043 11800 2123 7045 11801 2089 6914 11802 2123 7063 11803 2087 6912 11804 2087 7064 11805 2123 7047 11806 2124 7049 11807 2126 7065 11808 2100 7066 11809 2127 7067 11810 2127 7068 11811 2100 6965 11812 2102 6967 11813 2127 7069 11814 2102 7070 11815 2128 7071 11816 2128 7072 11817 2102 6971 11818 2104 6973 11819 2128 7073 11820 2104 7074 11821 2129 7075 11822 2129 7076 11823 2104 6977 11824 2105 6979 11825 2129 7077 11826 2105 7078 11827 1768 7079 11828 1768 7079 11829 2105 7078 11830 2090 7080 11831 1768 7081 11832 2090 7082 11833 2130 7083 11834 2130 7084 11835 2090 7085 11836 2088 7086 11837 2130 7087 11838 2088 7088 11839 1811 7089 11840 1811 7089 11841 2088 7088 11842 2087 7090 11843 1811 7089 11844 2087 7090 11845 1812 7091 11846 1812 7091 11847 2087 7090 11848 2124 7092 11849 1812 7091 11850 2124 7092 11851 1813 7093 11852 1813 7094 11853 2124 7095 11854 2125 7096 11855 1768 7079 11856 2106 7097 11857 2129 7077 11858 2129 7098 11859 2106 7099 11860 2107 7100 11861 2129 7075 11862 2107 7101 11863 2128 7073 11864 2128 7102 11865 2107 6989 11866 2108 6991 11867 2128 7071 11868 2108 7103 11869 2127 7069 11870 2127 7104 11871 2108 6993 11872 2109 6995 11873 2127 7067 11874 2109 7105 11875 2126 7065 11876 2126 7106 11877 2109 7107 11878 2110 7108 11879 2126 7106 11880 2110 7108 11881 2131 7109 11882 2131 7110 11883 2110 7111 11884 2073 7112 11885 2131 7113 11886 2073 7114 11887 2074 7115 11888 2132 7116 11889 1837 7117 11890 2133 7118 11891 2133 7119 11892 1837 7120 11893 1835 7121 11894 2133 7122 11895 1835 7123 11896 2134 7124 11897 2134 7124 11898 1835 7123 11899 1833 7125 11900 2134 7126 11901 1833 7127 11902 2084 7128 11903 2084 7129 11904 1833 5832 11905 1832 5831 11906 2084 7130 11907 1832 7131 11908 2085 7132 11909 2085 7133 11910 1832 5829 11911 1827 5828 11912 2085 7134 11913 1827 7135 11914 1830 7136 11915 1830 6911 11916 1829 7137 11917 2086 6909 11918 2086 6909 11919 1829 7137 11920 2098 7138 11921 2086 7139 11922 2098 7140 11923 2084 7141 11924 2084 7142 11925 2098 7143 11926 2078 7144 11927 2084 7145 11928 2078 7146 11929 2134 7147 11930 2134 7147 11931 2078 7146 11932 2077 7148 11933 2134 7149 11934 2077 7150 11935 2133 7151 11936 2133 7151 11937 2077 7150 11938 2111 7152 11939 2133 7153 11940 2111 7154 11941 2132 7155 11942 2132 7156 11943 2111 7157 11944 2135 7158 11945 2135 7159 11946 2111 7160 11947 2136 7161 11948 2136 7162 11949 2111 7163 11950 2112 7164 11951 2136 7165 11952 2112 7166 11953 2137 7167 11954 2137 7168 11955 2112 7169 11956 2113 7170 11957 2137 7171 11958 2113 7172 11959 2138 7173 11960 2138 7174 11961 2113 7175 11962 2114 7176 11963 2138 7177 11964 2114 7178 11965 2139 7179 11966 2139 7180 11967 2114 7181 11968 2115 7182 11969 2139 7183 11970 2115 7184 11971 2140 7185 11972 2140 7186 11973 2115 7187 11974 2120 7188 11975 2140 7189 11976 2120 7190 11977 2141 7191 11978 2141 7192 11979 2120 7192 11980 2119 7193 11981 2141 7194 11982 2119 7195 11983 2142 7196 11984 2142 7197 11985 2119 7198 11986 2101 7199 11987 2142 7200 11988 2101 7201 11989 2143 7202 11990 2143 7203 11991 2101 7204 11992 2100 7205 11993 2143 7206 11994 2100 7207 11995 2144 7208 11996 2144 7209 11997 2100 7210 11998 2126 7211 11999 2144 7212 12000 2126 7213 12001 2145 7214 12002 2145 7215 12003 2126 7216 12004 2131 7217 12005 2145 7218 12006 2131 7219 12007 2146 7220 12008 2146 7221 12009 2131 7222 12010 2074 7223 12011 2146 7224 12012 2074 7225 12013 2075 7226 12014 2075 7227 12015 2147 7228 12016 2148 7229 12017 2149 7230 12018 2150 7231 12019 2132 7232 12020 2132 7232 12021 2150 7231 12022 1837 7233 12023 2149 7234 12024 2132 7235 12025 2151 7236 12026 2151 7236 12027 2132 7235 12028 2135 7237 12029 2151 7238 12030 2135 7239 12031 2152 7240 12032 2152 7240 12033 2135 7239 12034 2136 7241 12035 2152 7242 12036 2136 7243 12037 2153 7244 12038 2153 7244 12039 2136 7243 12040 2137 7245 12041 2153 7246 12042 2137 7247 12043 2154 7248 12044 2154 7248 12045 2137 7247 12046 2138 7249 12047 2154 7250 12048 2138 7251 12049 2155 7252 12050 2155 7252 12051 2138 7251 12052 2139 7253 12053 2155 7254 12054 2139 7255 12055 2156 7256 12056 2156 7256 12057 2139 7255 12058 2140 7256 12059 2156 7257 12060 2140 7258 12061 2157 7259 12062 2157 7259 12063 2140 7258 12064 2141 7260 12065 2157 7261 12066 2141 7262 12067 2158 7263 12068 2158 7263 12069 2141 7262 12070 2142 7264 12071 2158 7265 12072 2142 7266 12073 2159 7267 12074 2159 7267 12075 2142 7266 12076 2143 7268 12077 2159 7269 12078 2143 7270 12079 2160 7271 12080 2160 7271 12081 2143 7270 12082 2144 7272 12083 2160 7273 12084 2144 7274 12085 2161 7275 12086 2161 7275 12087 2144 7274 12088 2145 7276 12089 2161 7277 12090 2145 7278 12091 2148 7279 12092 2148 7279 12093 2145 7278 12094 2146 7280 12095 2148 7229 12096 2146 7281 12097 2075 7227 12098 2162 914 12099 2147 914 12100 2054 914 12101 2054 914 12102 2147 914 12103 2075 914 12104 1996 7282 12105 2163 7283 12106 2164 7284 12107 2165 7285 12108 2162 7286 12109 2053 7287 12110 2053 7287 12111 2162 7286 12112 2054 7288 12113 2165 7289 12114 2053 7290 12115 2166 7291 12116 2166 7291 12117 2053 7290 12118 2060 7292 12119 2166 7293 12120 2060 7294 12121 2167 7295 12122 2167 7295 12123 2060 7294 12124 2061 7296 12125 2167 7297 12126 2061 7298 12127 2168 7299 12128 2168 7299 12129 2061 7298 12130 2062 7300 12131 2168 7301 12132 2062 7302 12133 2169 7303 12134 2169 7303 12135 2062 7302 12136 2063 7304 12137 2169 7305 12138 2063 7306 12139 2170 7307 12140 2170 7307 12141 2063 7306 12142 2064 7308 12143 2170 7309 12144 2064 7310 12145 2171 7311 12146 2171 7311 12147 2064 7310 12148 2065 7310 12149 2171 7312 12150 2065 7313 12151 2172 7314 12152 2172 7314 12153 2065 7313 12154 2066 7315 12155 2172 7316 12156 2066 7317 12157 2173 7318 12158 2173 7318 12159 2066 7317 12160 2067 7319 12161 2173 7320 12162 2067 7321 12163 2174 7322 12164 2174 7322 12165 2067 7321 12166 2068 7323 12167 2174 7324 12168 2068 7324 12169 2175 7324 12170 2175 7324 12171 2068 7324 12172 2069 7324 12173 2175 7325 12174 2069 7326 12175 2176 7327 12176 2176 7327 12177 2069 7326 12178 2070 7328 12179 2176 7329 12180 2070 7330 12181 2164 7331 12182 2164 7331 12183 2070 7330 12184 2071 7332 12185 2164 7284 12186 2071 7333 12187 1996 7282 12188 2177 3342 12189 2163 3342 12190 1975 3342 12191 1975 3342 12192 2163 3342 12193 1996 3342 12194 1917 7334 12195 2178 7335 12196 2179 7336 12197 2180 7337 12198 2177 7338 12199 1974 7339 12200 1974 7339 12201 2177 7338 12202 1975 7340 12203 2180 7341 12204 1974 7342 12205 2181 7343 12206 2181 7343 12207 1974 7342 12208 1981 7344 12209 2181 7345 12210 1981 7346 12211 2182 7347 12212 2182 7347 12213 1981 7346 12214 1982 7348 12215 2182 7349 12216 1982 7350 12217 2183 7351 12218 2183 7351 12219 1982 7350 12220 1983 7352 12221 2183 7353 12222 1983 7354 12223 2184 7355 12224 2184 7355 12225 1983 7354 12226 1984 7356 12227 2184 7357 12228 1984 7358 12229 2185 7359 12230 2185 7359 12231 1984 7358 12232 1985 7360 12233 2185 7361 12234 1985 7362 12235 2186 7363 12236 2186 7363 12237 1985 7362 12238 1986 7364 12239 2186 7365 12240 1986 7366 12241 2187 7367 12242 2187 7367 12243 1986 7366 12244 1987 7368 12245 2187 7369 12246 1987 7370 12247 2188 7371 12248 2188 7371 12249 1987 7370 12250 1988 7372 12251 2188 7373 12252 1988 7374 12253 2189 7375 12254 2189 7375 12255 1988 7374 12256 1989 7376 12257 2189 7377 12258 1989 7378 12259 2190 7379 12260 2190 7379 12261 1989 7378 12262 1990 7378 12263 2190 7380 12264 1990 7381 12265 2191 7382 12266 2191 7382 12267 1990 7381 12268 1991 7383 12269 2191 7384 12270 1991 7385 12271 2179 7386 12272 2179 7386 12273 1991 7385 12274 1992 7387 12275 2179 7336 12276 1992 7388 12277 1917 7334 12278 2192 2313 12279 2178 2313 12280 1896 2313 12281 1896 2313 12282 2178 2313 12283 1917 2313 12284 1838 7389 12285 2193 7390 12286 2194 7389 12287 2195 7391 12288 2192 7391 12289 1895 7391 12290 1895 7391 12291 2192 7391 12292 1896 7392 12293 2195 7393 12294 1895 7394 12295 2196 7395 12296 2196 7395 12297 1895 7394 12298 1902 7396 12299 2196 7397 12300 1902 7398 12301 2197 7399 12302 2197 7399 12303 1902 7398 12304 1903 7400 12305 2197 7401 12306 1903 7402 12307 2198 7403 12308 2198 7403 12309 1903 7402 12310 1904 7404 12311 2198 7405 12312 1904 7406 12313 2199 7407 12314 2199 7407 12315 1904 7406 12316 1905 7408 12317 2199 7409 12318 1905 7410 12319 2200 7411 12320 2200 7411 12321 1905 7410 12322 1906 7412 12323 2200 7413 12324 1906 7414 12325 2201 7415 12326 2201 7415 12327 1906 7414 12328 1907 7416 12329 2201 7417 12330 1907 7418 12331 2202 7419 12332 2202 7419 12333 1907 7418 12334 1908 7420 12335 2202 7421 12336 1908 7422 12337 2203 7423 12338 2203 7423 12339 1908 7422 12340 1909 7424 12341 2203 7425 12342 1909 7426 12343 2204 7427 12344 2204 7427 12345 1909 7426 12346 1910 7428 12347 2204 7429 12348 1910 7430 12349 2205 7431 12350 2205 7431 12351 1910 7430 12352 1911 7432 12353 2205 7433 12354 1911 7434 12355 2206 7435 12356 2206 7435 12357 1911 7434 12358 1912 7436 12359 2206 7437 12360 1912 7438 12361 2194 7439 12362 2194 7439 12363 1912 7438 12364 1913 7440 12365 2194 7389 12366 1913 7390 12367 1838 7389 12368 2150 126 12369 2193 126 12370 1837 126 12371 1837 126 12372 2193 126 12373 1838 126 12374 2207 7441 12375 2208 7442 12376 2209 7443 12377 2209 7443 12378 2210 7444 12379 2207 7441 12380 2207 7445 12381 2210 7446 12382 2211 7447 12383 2207 7445 12384 2211 7447 12385 2212 7448 12386 2212 7449 12387 2211 7450 12388 2213 7451 12389 2212 7449 12390 2213 7451 12391 2214 7452 12392 2214 7453 12393 2213 7454 12394 2193 7455 12395 2214 7453 12396 2193 7455 12397 2150 7456 12398 2215 7457 12399 2216 7458 12400 2202 7459 12401 2217 7460 12402 2218 7461 12403 2219 7462 12404 2219 7463 12405 2218 7464 12406 2220 7465 12407 2217 7466 12408 2221 7467 12409 2222 7468 12410 2222 7469 12411 2221 7470 12412 2223 7471 12413 2222 7469 12414 2223 7471 12415 2224 7472 12416 2224 7473 12417 2223 7474 12418 2225 7475 12419 2224 7476 12420 2225 7477 12421 2226 7478 12422 2226 7479 12423 2225 7480 12424 2227 7481 12425 2226 7482 12426 2227 7483 12427 2228 7484 12428 2228 7485 12429 2227 7486 12430 2229 7487 12431 2228 7488 12432 2229 7489 12433 2230 7490 12434 2230 7491 12435 2231 7492 12436 2232 7493 12437 2232 7494 12438 2231 7495 12439 2233 7496 12440 2232 7497 12441 2233 7498 12442 2234 7499 12443 2234 7500 12444 2233 7501 12445 2235 7502 12446 2234 7503 12447 2235 7504 12448 2236 7505 12449 2236 7506 12450 2235 7507 12451 2237 7508 12452 2236 7509 12453 2237 7510 12454 2238 7511 12455 2239 7512 12456 2240 7513 12457 2241 7514 12458 2241 7515 12459 2240 7516 12460 2242 7517 12461 2241 7518 12462 2242 7519 12463 2238 7520 12464 2238 7521 12465 2242 7522 12466 2243 7523 12467 2238 7524 12468 2243 7525 12469 2236 7526 12470 2244 7527 12471 2192 7528 12472 2245 7529 12473 2245 7530 12474 2192 7531 12475 2195 7532 12476 2246 7533 12477 2244 7534 12478 2247 7535 12479 2247 7536 12480 2244 7537 12481 2245 7538 12482 2247 7539 12483 2245 7540 12484 2248 7541 12485 2248 7542 12486 2245 7543 12487 2195 7544 12488 2195 7545 12489 2196 7546 12490 2248 7547 12491 2248 7548 12492 2196 7549 12493 2197 7550 12494 2248 7551 12495 2197 7552 12496 2249 7553 12497 2249 7554 12498 2197 7555 12499 2198 7556 12500 2249 7557 12501 2198 7558 12502 2250 7559 12503 2250 7560 12504 2198 7561 12505 2199 7562 12506 2250 7563 12507 2199 7564 12508 2251 7565 12509 2251 7566 12510 2199 7567 12511 2200 7568 12512 2251 7569 12513 2200 7570 12514 2252 7571 12515 2252 7572 12516 2200 7573 12517 2201 7574 12518 2204 7575 12519 2205 7575 12520 2253 7576 12521 2253 7577 12522 2205 7578 12523 2254 7579 12524 2253 7580 12525 2254 7581 12526 2255 7582 12527 2255 7583 12528 2254 7584 12529 2256 7585 12530 2255 7583 12531 2256 7585 12532 2257 7586 12533 2258 7587 12534 2246 7588 12535 2259 7589 12536 2259 7590 12537 2246 7591 12538 2247 7592 12539 2259 7593 12540 2247 7594 12541 2260 7595 12542 2260 7596 12543 2247 7539 12544 2248 7541 12545 2260 7597 12546 2248 7598 12547 2261 7599 12548 2261 7599 12549 2248 7598 12550 2249 7600 12551 2261 7601 12552 2249 7602 12553 2262 7603 12554 2262 7604 12555 2249 7557 12556 2250 7559 12557 2262 7605 12558 2250 7606 12559 2263 7607 12560 2263 7608 12561 2250 7609 12562 2251 7610 12563 2263 7611 12564 2251 7612 12565 2264 7613 12566 2264 7613 12567 2251 7612 12568 2252 7614 12569 2264 7615 12570 2252 7616 12571 2216 7617 12572 2216 7618 12573 2252 7619 12574 2201 7620 12575 2216 7621 12576 2201 7622 12577 2202 7623 12578 2203 7624 12579 2204 7625 12580 2265 7626 12581 2265 7627 12582 2204 7628 12583 2253 7629 12584 2265 7630 12585 2253 7631 12586 2266 7632 12587 2266 7633 12588 2253 7634 12589 2255 7635 12590 2266 7636 12591 2255 7637 12592 2267 7638 12593 2267 7639 12594 2255 7640 12595 2257 7641 12596 2267 7639 12597 2257 7641 12598 2268 7642 12599 2220 7465 12600 2258 7643 12601 2219 7463 12602 2219 7644 12603 2258 7645 12604 2259 7646 12605 2219 7647 12606 2259 7648 12607 2269 7649 12608 2269 7650 12609 2259 7593 12610 2260 7595 12611 2269 7651 12612 2260 7652 12613 2270 7653 12614 2270 7653 12615 2260 7652 12616 2261 7654 12617 2270 7655 12618 2261 7656 12619 2271 7657 12620 2271 7657 12621 2261 7656 12622 2262 7658 12623 2271 7659 12624 2262 7660 12625 2272 7661 12626 2272 7661 12627 2262 7660 12628 2263 7662 12629 2272 7663 12630 2263 7664 12631 2273 7665 12632 2273 7665 12633 2263 7664 12634 2264 7666 12635 2273 7667 12636 2264 7668 12637 2274 7669 12638 2274 7670 12639 2264 7615 12640 2216 7617 12641 2274 7671 12642 2216 7672 12643 2275 7673 12644 2275 7674 12645 2216 7675 12646 2215 7676 12647 2275 7677 12648 2215 7678 12649 2276 7679 12650 2217 7680 12651 2219 7681 12652 2221 7682 12653 2221 7683 12654 2219 7647 12655 2269 7649 12656 2221 7684 12657 2269 7685 12658 2223 7686 12659 2223 7686 12660 2269 7685 12661 2270 7687 12662 2223 7688 12663 2270 7689 12664 2225 7690 12665 2225 7690 12666 2270 7689 12667 2271 7691 12668 2225 7692 12669 2271 7693 12670 2227 7694 12671 2227 7694 12672 2271 7693 12673 2272 7695 12674 2227 7696 12675 2272 7697 12676 2229 7698 12677 2229 7698 12678 2272 7697 12679 2273 7699 12680 2229 7700 12681 2273 7701 12682 2277 7702 12683 2277 7703 12684 2273 7667 12685 2274 7669 12686 2277 7704 12687 2274 7705 12688 2278 7706 12689 2278 7706 12690 2274 7705 12691 2275 7707 12692 2278 7708 12693 2275 7709 12694 2279 7710 12695 2279 7710 12696 2275 7709 12697 2276 7711 12698 2279 7712 12699 2276 7713 12700 2280 7714 12701 2230 7715 12702 2229 7716 12703 2231 7717 12704 2231 7718 12705 2229 7700 12706 2277 7702 12707 2231 7719 12708 2277 7720 12709 2233 7721 12710 2233 7721 12711 2277 7720 12712 2278 7722 12713 2233 7723 12714 2278 7724 12715 2235 7725 12716 2235 7725 12717 2278 7724 12718 2279 7726 12719 2235 7727 12720 2279 7728 12721 2237 7729 12722 2237 7729 12723 2279 7728 12724 2280 7730 12725 2237 7731 12726 2280 7732 12727 2238 7733 12728 2202 7734 12729 2203 7734 12730 2215 7735 12731 2215 7736 12732 2203 7737 12733 2265 7738 12734 2215 7739 12735 2265 7740 12736 2276 7741 12737 2276 7742 12738 2265 7743 12739 2266 7744 12740 2276 7713 12741 2266 7745 12742 2280 7714 12743 2280 7746 12744 2266 7636 12745 2267 7638 12746 2280 7732 12747 2267 7747 12748 2238 7733 12749 2238 7748 12750 2267 7749 12751 2268 7750 12752 2238 7748 12753 2268 7750 12754 2241 7751 12755 2205 7752 12756 2206 7753 12757 2254 7754 12758 2254 7755 12759 2206 7756 12760 2194 7757 12761 2254 7758 12762 2194 7759 12763 2256 7760 12764 2256 7761 12765 2194 7762 12766 2193 7763 12767 2256 7764 12768 2193 7765 12769 2257 7766 12770 2257 7767 12771 2193 7768 12772 2213 7769 12773 2257 7770 12774 2213 7771 12775 2268 7772 12776 2268 7773 12777 2213 7774 12778 2211 7775 12779 2268 7776 12780 2211 7777 12781 2241 7778 12782 2241 7779 12783 2211 7780 12784 2210 7781 12785 2241 7782 12786 2210 7783 12787 2239 7784 12788 2239 7785 12789 2210 7444 12790 2209 7443 12791 2178 7786 12792 2192 7787 12793 2244 7788 12794 2178 7786 12795 2244 7788 12796 2281 7789 12797 2281 7790 12798 2244 7791 12799 2246 7792 12800 2281 7790 12801 2246 7792 12802 2282 7793 12803 2282 7794 12804 2246 7588 12805 2258 7587 12806 2282 7794 12807 2258 7587 12808 2283 7795 12809 2283 7796 12810 2258 7643 12811 2220 7465 12812 2283 7796 12813 2220 7465 12814 2284 7797 12815 2285 7798 12816 2286 7799 12817 2187 7800 12818 2287 7801 12819 2288 7802 12820 2289 7803 12821 2289 7804 12822 2288 7805 12823 2290 7806 12824 2287 7807 12825 2291 7808 12826 2292 7809 12827 2292 7810 12828 2291 7811 12829 2293 7812 12830 2292 7810 12831 2293 7812 12832 2294 7813 12833 2294 7814 12834 2293 7815 12835 2295 7816 12836 2294 7817 12837 2295 7818 12838 2296 7819 12839 2296 7820 12840 2295 7821 12841 2297 7822 12842 2296 7823 12843 2297 7824 12844 2298 7825 12845 2298 7826 12846 2297 7827 12847 2299 7828 12848 2298 7829 12849 2299 7830 12850 2300 7831 12851 2300 7832 12852 2301 7833 12853 2302 7834 12854 2302 7835 12855 2301 7836 12856 2303 7837 12857 2302 7838 12858 2303 7839 12859 2304 7840 12860 2304 7841 12861 2303 7842 12862 2305 7843 12863 2304 7844 12864 2305 7845 12865 2306 7846 12866 2306 7847 12867 2305 7848 12868 2307 7849 12869 2306 7850 12870 2307 7851 12871 2308 7852 12872 2309 7853 12873 2310 7854 12874 2311 7855 12875 2311 7856 12876 2310 7857 12877 2312 7858 12878 2311 7859 12879 2312 7860 12880 2308 7861 12881 2308 7862 12882 2312 7863 12883 2313 7864 12884 2308 7865 12885 2313 7866 12886 2306 7867 12887 2314 7868 12888 2177 7869 12889 2315 7870 12890 2315 7871 12891 2177 7872 12892 2180 7873 12893 2316 7874 12894 2314 7875 12895 2317 7876 12896 2317 7877 12897 2314 7878 12898 2315 7879 12899 2317 7880 12900 2315 7881 12901 2318 7882 12902 2318 7883 12903 2315 7884 12904 2180 7885 12905 2180 7886 12906 2181 7887 12907 2318 7888 12908 2318 7889 12909 2181 7890 12910 2182 7891 12911 2318 7892 12912 2182 7893 12913 2319 7894 12914 2319 7895 12915 2182 7896 12916 2183 7897 12917 2319 7898 12918 2183 7899 12919 2320 7900 12920 2320 7901 12921 2183 7902 12922 2184 7903 12923 2320 7904 12924 2184 7905 12925 2321 7906 12926 2321 7907 12927 2184 7908 12928 2185 7909 12929 2321 7910 12930 2185 7911 12931 2322 7912 12932 2322 7913 12933 2185 7914 12934 2186 7915 12935 2189 7916 12936 2190 7916 12937 2323 7917 12938 2323 7918 12939 2190 7919 12940 2324 7920 12941 2323 7921 12942 2324 7922 12943 2325 7923 12944 2325 7924 12945 2324 7925 12946 2326 7926 12947 2325 7924 12948 2326 7926 12949 2327 7927 12950 2328 7928 12951 2316 7929 12952 2329 7930 12953 2329 7931 12954 2316 7932 12955 2317 7933 12956 2329 7934 12957 2317 7935 12958 2330 7936 12959 2330 7937 12960 2317 7880 12961 2318 7882 12962 2330 7938 12963 2318 7939 12964 2331 7940 12965 2331 7940 12966 2318 7939 12967 2319 7941 12968 2331 7942 12969 2319 7943 12970 2332 7944 12971 2332 7945 12972 2319 7898 12973 2320 7900 12974 2332 7946 12975 2320 7947 12976 2333 7948 12977 2333 7949 12978 2320 7950 12979 2321 7951 12980 2333 7952 12981 2321 7953 12982 2334 7954 12983 2334 7954 12984 2321 7953 12985 2322 7955 12986 2334 7956 12987 2322 7957 12988 2286 7958 12989 2286 7959 12990 2322 7960 12991 2186 7959 12992 2286 7961 12993 2186 7962 12994 2187 7963 12995 2188 7964 12996 2189 7965 12997 2335 7966 12998 2335 7967 12999 2189 7968 13000 2323 7969 13001 2335 7970 13002 2323 7971 13003 2336 7972 13004 2336 7973 13005 2323 7974 13006 2325 7975 13007 2336 7976 13008 2325 7977 13009 2337 7978 13010 2337 7979 13011 2325 7980 13012 2327 7981 13013 2337 7979 13014 2327 7981 13015 2338 7982 13016 2290 7806 13017 2328 7983 13018 2289 7804 13019 2289 7984 13020 2328 7985 13021 2329 7986 13022 2289 7987 13023 2329 7988 13024 2339 7989 13025 2339 7990 13026 2329 7934 13027 2330 7936 13028 2339 7991 13029 2330 7992 13030 2340 7993 13031 2340 7993 13032 2330 7992 13033 2331 7994 13034 2340 7995 13035 2331 7996 13036 2341 7997 13037 2341 7997 13038 2331 7996 13039 2332 7998 13040 2341 7999 13041 2332 8000 13042 2342 8001 13043 2342 8001 13044 2332 8000 13045 2333 8002 13046 2342 8003 13047 2333 8004 13048 2343 8005 13049 2343 8005 13050 2333 8004 13051 2334 8006 13052 2343 8007 13053 2334 8008 13054 2344 8009 13055 2344 8010 13056 2334 7956 13057 2286 7958 13058 2344 8011 13059 2286 8012 13060 2345 8012 13061 2345 8013 13062 2286 8014 13063 2285 8015 13064 2345 8016 13065 2285 8017 13066 2346 8018 13067 2287 8019 13068 2289 8020 13069 2291 8021 13070 2291 8022 13071 2289 7987 13072 2339 7989 13073 2291 8023 13074 2339 8024 13075 2293 8025 13076 2293 8025 13077 2339 8024 13078 2340 8026 13079 2293 8027 13080 2340 8028 13081 2295 8029 13082 2295 8029 13083 2340 8028 13084 2341 8030 13085 2295 8031 13086 2341 8032 13087 2297 8033 13088 2297 8033 13089 2341 8032 13090 2342 8034 13091 2297 8035 13092 2342 8036 13093 2299 8037 13094 2299 8037 13095 2342 8036 13096 2343 8038 13097 2299 8039 13098 2343 8040 13099 2347 8041 13100 2347 8042 13101 2343 8007 13102 2344 8009 13103 2347 8043 13104 2344 8044 13105 2348 8045 13106 2348 8045 13107 2344 8044 13108 2345 8046 13109 2348 8047 13110 2345 8048 13111 2349 8049 13112 2349 8049 13113 2345 8048 13114 2346 8050 13115 2349 8051 13116 2346 8052 13117 2350 8053 13118 2300 8054 13119 2299 8055 13120 2301 8056 13121 2301 8057 13122 2299 8039 13123 2347 8041 13124 2301 8058 13125 2347 8059 13126 2303 8060 13127 2303 8060 13128 2347 8059 13129 2348 8061 13130 2303 8062 13131 2348 8063 13132 2305 8064 13133 2305 8064 13134 2348 8063 13135 2349 8065 13136 2305 8066 13137 2349 8067 13138 2307 8068 13139 2307 8068 13140 2349 8067 13141 2350 8069 13142 2307 8070 13143 2350 8071 13144 2308 8072 13145 2187 8073 13146 2188 8073 13147 2285 8074 13148 2285 8075 13149 2188 8076 13150 2335 8077 13151 2285 8078 13152 2335 8079 13153 2346 8080 13154 2346 8081 13155 2335 8082 13156 2336 8083 13157 2346 8052 13158 2336 8084 13159 2350 8053 13160 2350 8085 13161 2336 7976 13162 2337 7978 13163 2350 8071 13164 2337 8086 13165 2308 8072 13166 2308 8087 13167 2337 8088 13168 2338 8089 13169 2308 8087 13170 2338 8089 13171 2311 8090 13172 2190 8091 13173 2191 8092 13174 2324 8093 13175 2324 8094 13176 2191 8095 13177 2179 8096 13178 2324 8097 13179 2179 8098 13180 2326 8099 13181 2326 8100 13182 2179 8101 13183 2178 8102 13184 2326 8103 13185 2178 8104 13186 2327 8105 13187 2327 8106 13188 2178 8107 13189 2281 8108 13190 2327 8109 13191 2281 8110 13192 2338 8111 13193 2338 8112 13194 2281 8113 13195 2282 8114 13196 2338 8115 13197 2282 8116 13198 2311 8117 13199 2311 8118 13200 2282 8119 13201 2283 8120 13202 2311 8121 13203 2283 8122 13204 2309 8123 13205 2309 8124 13206 2283 7796 13207 2284 7797 13208 2328 7983 13209 2290 7806 13210 2351 8125 13211 2351 8125 13212 2352 8126 13213 2328 7983 13214 2328 7928 13215 2352 8127 13216 2353 8128 13217 2328 7928 13218 2353 8128 13219 2316 7929 13220 2316 8129 13221 2353 8130 13222 2354 8131 13223 2316 8129 13224 2354 8131 13225 2314 8132 13226 2314 8133 13227 2354 8134 13228 2163 8135 13229 2314 8133 13230 2163 8135 13231 2177 8136 13232 2355 8137 13233 2356 8138 13234 2172 8139 13235 2357 8140 13236 2358 8141 13237 2359 8142 13238 2359 8143 13239 2358 8144 13240 2360 8145 13241 2357 8146 13242 2361 8147 13243 2362 8148 13244 2362 8149 13245 2361 8150 13246 2363 8151 13247 2362 8149 13248 2363 8151 13249 2364 8152 13250 2364 8153 13251 2363 8154 13252 2365 8155 13253 2364 8156 13254 2365 8157 13255 2366 8158 13256 2366 8159 13257 2365 8160 13258 2367 8161 13259 2366 8162 13260 2367 8163 13261 2368 8164 13262 2368 8165 13263 2367 8166 13264 2369 8167 13265 2368 8168 13266 2369 8169 13267 2370 8170 13268 2370 8171 13269 2371 8172 13270 2372 8173 13271 2372 8174 13272 2371 8175 13273 2373 8176 13274 2372 8177 13275 2373 8178 13276 2374 8179 13277 2374 8180 13278 2373 8181 13279 2375 8182 13280 2374 8183 13281 2375 8184 13282 2376 8185 13283 2376 8186 13284 2375 8187 13285 2377 8188 13286 2376 8189 13287 2377 8190 13288 2378 8191 13289 2379 8192 13290 2380 8193 13291 2381 8194 13292 2381 8195 13293 2380 8196 13294 2382 8197 13295 2381 8198 13296 2382 8199 13297 2378 8200 13298 2378 8201 13299 2382 8202 13300 2383 8203 13301 2378 8204 13302 2383 8205 13303 2376 8206 13304 2171 8207 13305 2384 8208 13306 2170 8209 13307 2170 8210 13308 2384 8211 13309 2385 8212 13310 2170 8213 13311 2385 8214 13312 2169 8215 13313 2169 8216 13314 2385 8217 13315 2386 8218 13316 2169 8219 13317 2386 8220 13318 2168 8221 13319 2168 8222 13320 2386 8223 13321 2387 8224 13322 2168 8225 13323 2387 8226 13324 2167 8227 13325 2167 8228 13326 2387 8229 13327 2388 8230 13328 2167 8231 13329 2388 8232 13330 2166 8233 13331 2165 8234 13332 2389 8235 13333 2162 8236 13334 2162 8237 13335 2389 8238 13336 2390 8239 13337 2162 8240 13338 2390 8241 13339 2391 8242 13340 2391 8243 13341 2390 8244 13342 2392 8245 13343 2393 8246 13344 2388 8247 13345 2394 8248 13346 2394 8248 13347 2388 8247 13348 2387 8249 13349 2394 8250 13350 2387 8251 13351 2395 8252 13352 2395 8253 13353 2387 8224 13354 2386 8223 13355 2395 8254 13356 2386 8255 13357 2396 8256 13358 2396 8257 13359 2386 8258 13360 2385 8259 13361 2396 8260 13362 2385 8261 13363 2397 8262 13364 2397 8262 13365 2385 8261 13366 2384 8263 13367 2397 8264 13368 2384 8265 13369 2356 8266 13370 2356 8267 13371 2384 8268 13372 2171 8269 13373 2356 8270 13374 2171 8271 13375 2172 8272 13376 2174 8273 13377 2175 8274 13378 2398 8275 13379 2398 8276 13380 2175 8277 13381 2399 8278 13382 2398 8279 13383 2399 8280 13384 2400 8281 13385 2400 8282 13386 2399 8283 13387 2401 8284 13388 2400 8282 13389 2401 8284 13390 2402 8285 13391 2403 8286 13392 2392 8287 13393 2404 8288 13394 2404 8289 13395 2392 8290 13396 2390 8291 13397 2404 8292 13398 2390 8293 13399 2393 8294 13400 2393 8295 13401 2390 8296 13402 2389 8297 13403 2393 8298 13404 2389 8299 13405 2388 8300 13406 2388 8301 13407 2389 8302 13408 2165 8303 13409 2388 8304 13410 2165 8305 13411 2166 8306 13412 2173 8307 13413 2174 8308 13414 2405 8309 13415 2405 8310 13416 2174 8311 13417 2398 8312 13418 2405 8313 13419 2398 8314 13420 2406 8315 13421 2406 8316 13422 2398 8317 13423 2400 8318 13424 2406 8319 13425 2400 8320 13426 2407 8321 13427 2407 8322 13428 2400 8323 13429 2402 8324 13430 2407 8322 13431 2402 8324 13432 2408 8325 13433 2360 8145 13434 2403 8326 13435 2359 8143 13436 2359 8327 13437 2403 8328 13438 2404 8329 13439 2359 8330 13440 2404 8331 13441 2409 8332 13442 2409 8333 13443 2404 8292 13444 2393 8294 13445 2409 8334 13446 2393 8335 13447 2410 8336 13448 2410 8336 13449 2393 8335 13450 2394 8337 13451 2410 8338 13452 2394 8339 13453 2411 8340 13454 2411 8340 13455 2394 8339 13456 2395 8341 13457 2411 8342 13458 2395 8343 13459 2412 8344 13460 2412 8344 13461 2395 8343 13462 2396 8345 13463 2412 8346 13464 2396 8347 13465 2413 8348 13466 2413 8348 13467 2396 8347 13468 2397 8349 13469 2413 8350 13470 2397 8351 13471 2414 8352 13472 2414 8353 13473 2397 8264 13474 2356 8266 13475 2414 8354 13476 2356 8355 13477 2415 8356 13478 2415 8357 13479 2356 8358 13480 2355 8359 13481 2415 8360 13482 2355 8361 13483 2416 8362 13484 2357 8363 13485 2359 8364 13486 2361 8365 13487 2361 8366 13488 2359 8330 13489 2409 8332 13490 2361 8367 13491 2409 8368 13492 2363 8369 13493 2363 8369 13494 2409 8368 13495 2410 8370 13496 2363 8371 13497 2410 8372 13498 2365 8373 13499 2365 8373 13500 2410 8372 13501 2411 8374 13502 2365 8375 13503 2411 8376 13504 2367 8377 13505 2367 8377 13506 2411 8376 13507 2412 8378 13508 2367 8379 13509 2412 8380 13510 2369 8381 13511 2369 8381 13512 2412 8380 13513 2413 8382 13514 2369 8383 13515 2413 8384 13516 2417 8385 13517 2417 8386 13518 2413 8350 13519 2414 8352 13520 2417 8387 13521 2414 8388 13522 2418 8389 13523 2418 8389 13524 2414 8388 13525 2415 8390 13526 2418 8391 13527 2415 8392 13528 2419 8393 13529 2419 8393 13530 2415 8392 13531 2416 8394 13532 2419 8395 13533 2416 8396 13534 2420 8397 13535 2370 8398 13536 2369 8399 13537 2371 8400 13538 2371 8401 13539 2369 8383 13540 2417 8385 13541 2371 8402 13542 2417 8403 13543 2373 8404 13544 2373 8404 13545 2417 8403 13546 2418 8405 13547 2373 8406 13548 2418 8407 13549 2375 8408 13550 2375 8408 13551 2418 8407 13552 2419 8409 13553 2375 8410 13554 2419 8411 13555 2377 8412 13556 2377 8412 13557 2419 8411 13558 2420 8413 13559 2377 8414 13560 2420 8415 13561 2378 8416 13562 2172 8417 13563 2173 8417 13564 2355 8418 13565 2355 8419 13566 2173 8420 13567 2405 8421 13568 2355 8422 13569 2405 8423 13570 2416 8424 13571 2416 8425 13572 2405 8426 13573 2406 8427 13574 2416 8396 13575 2406 8428 13576 2420 8397 13577 2420 8429 13578 2406 8319 13579 2407 8321 13580 2420 8415 13581 2407 8430 13582 2378 8416 13583 2378 8431 13584 2407 8432 13585 2408 8433 13586 2378 8431 13587 2408 8433 13588 2381 8434 13589 2175 8435 13590 2176 8436 13591 2399 8437 13592 2399 8438 13593 2176 8439 13594 2164 8440 13595 2399 8441 13596 2164 8442 13597 2401 8443 13598 2401 8444 13599 2164 8445 13600 2163 8446 13601 2401 8447 13602 2163 8448 13603 2402 8449 13604 2402 8450 13605 2163 8451 13606 2354 8452 13607 2402 8453 13608 2354 8454 13609 2408 8455 13610 2408 8456 13611 2354 8457 13612 2353 8458 13613 2408 8459 13614 2353 8460 13615 2381 8461 13616 2381 8462 13617 2353 8463 13618 2352 8464 13619 2381 8465 13620 2352 8466 13621 2379 8467 13622 2379 8468 13623 2352 8126 13624 2351 8125 13625 2147 8469 13626 2162 8470 13627 2391 8471 13628 2147 8469 13629 2391 8471 13630 2421 8472 13631 2421 8473 13632 2391 8474 13633 2392 8475 13634 2421 8473 13635 2392 8475 13636 2422 8476 13637 2422 8477 13638 2392 8287 13639 2403 8286 13640 2422 8477 13641 2403 8286 13642 2423 8478 13643 2423 8479 13644 2403 8326 13645 2360 8145 13646 2423 8479 13647 2360 8145 13648 2424 8480 13649 2425 8481 13650 2426 8482 13651 2157 8483 13652 2427 8484 13653 2428 8485 13654 2429 8486 13655 2429 8487 13656 2428 8488 13657 2208 7442 13658 2427 8489 13659 2430 8490 13660 2431 8491 13661 2431 8492 13662 2430 8493 13663 2432 8494 13664 2431 8492 13665 2432 8494 13666 2433 8495 13667 2433 8496 13668 2432 8497 13669 2434 8498 13670 2433 8499 13671 2434 8500 13672 2435 8501 13673 2435 8502 13674 2434 8503 13675 2436 8504 13676 2435 8505 13677 2436 8506 13678 2437 8507 13679 2437 8508 13680 2436 8509 13681 2438 8510 13682 2437 8511 13683 2438 8512 13684 2439 8513 13685 2439 8514 13686 2440 8515 13687 2441 8516 13688 2441 8517 13689 2440 8518 13690 2442 8519 13691 2441 8520 13692 2442 8521 13693 2443 8522 13694 2443 8523 13695 2442 8524 13696 2444 8525 13697 2443 8526 13698 2444 8527 13699 2445 8528 13700 2445 8529 13701 2444 8530 13702 2446 8531 13703 2445 8532 13704 2446 8533 13705 2447 8534 13706 2448 8535 13707 2449 8536 13708 2450 8537 13709 2450 8538 13710 2449 8539 13711 2451 8540 13712 2450 8541 13713 2451 8542 13714 2447 8543 13715 2447 8544 13716 2451 8545 13717 2452 8546 13718 2447 8547 13719 2452 8548 13720 2445 8549 13721 2214 8550 13722 2150 8551 13723 2453 8552 13724 2453 8553 13725 2150 8554 13726 2149 8555 13727 2212 8556 13728 2214 8557 13729 2454 8558 13730 2454 8559 13731 2214 8560 13732 2453 8561 13733 2454 8562 13734 2453 8563 13735 2455 8564 13736 2455 8565 13737 2453 8566 13738 2149 8567 13739 2149 8568 13740 2151 8569 13741 2455 8570 13742 2455 8571 13743 2151 8572 13744 2152 8573 13745 2455 8574 13746 2152 8575 13747 2456 8576 13748 2456 8577 13749 2152 8578 13750 2153 8579 13751 2456 8580 13752 2153 8581 13753 2457 8582 13754 2457 8583 13755 2153 8584 13756 2154 8585 13757 2457 8586 13758 2154 8587 13759 2458 8588 13760 2458 8589 13761 2154 8590 13762 2155 8591 13763 2458 8592 13764 2155 8593 13765 2459 8594 13766 2459 8595 13767 2155 8596 13768 2156 8597 13769 2159 8598 13770 2160 8599 13771 2460 8600 13772 2460 8601 13773 2160 8602 13774 2461 8603 13775 2460 8604 13776 2461 8605 13777 2462 8606 13778 2462 8607 13779 2461 8608 13780 2463 8609 13781 2462 8607 13782 2463 8609 13783 2464 8610 13784 2207 7445 13785 2212 7448 13786 2465 8611 13787 2465 8612 13788 2212 8613 13789 2454 8614 13790 2465 8615 13791 2454 8616 13792 2466 8617 13793 2466 8618 13794 2454 8562 13795 2455 8564 13796 2466 8619 13797 2455 8620 13798 2467 8621 13799 2467 8621 13800 2455 8620 13801 2456 8622 13802 2467 8623 13803 2456 8624 13804 2468 8625 13805 2468 8626 13806 2456 8580 13807 2457 8582 13808 2468 8627 13809 2457 8628 13810 2469 8629 13811 2469 8630 13812 2457 8631 13813 2458 8632 13814 2469 8633 13815 2458 8634 13816 2470 8635 13817 2470 8635 13818 2458 8634 13819 2459 8636 13820 2470 8637 13821 2459 8638 13822 2426 8639 13823 2426 8640 13824 2459 8641 13825 2156 8642 13826 2426 8643 13827 2156 8644 13828 2157 8645 13829 2158 8646 13830 2159 8647 13831 2471 8648 13832 2471 8649 13833 2159 8650 13834 2460 8651 13835 2471 8652 13836 2460 8653 13837 2472 8654 13838 2472 8655 13839 2460 8656 13840 2462 8657 13841 2472 8658 13842 2462 8659 13843 2473 8660 13844 2473 8661 13845 2462 8662 13846 2464 8663 13847 2473 8661 13848 2464 8663 13849 2474 8664 13850 2208 7442 13851 2207 7441 13852 2429 8487 13853 2429 8665 13854 2207 8666 13855 2465 8667 13856 2429 8668 13857 2465 8669 13858 2475 8670 13859 2475 8671 13860 2465 8615 13861 2466 8617 13862 2475 8672 13863 2466 8673 13864 2476 8674 13865 2476 8674 13866 2466 8673 13867 2467 8675 13868 2476 8676 13869 2467 8677 13870 2477 8678 13871 2477 8678 13872 2467 8677 13873 2468 8679 13874 2477 8680 13875 2468 8681 13876 2478 8682 13877 2478 8682 13878 2468 8681 13879 2469 8683 13880 2478 8684 13881 2469 8685 13882 2479 8686 13883 2479 8686 13884 2469 8685 13885 2470 8687 13886 2479 8688 13887 2470 8689 13888 2480 8690 13889 2480 8691 13890 2470 8637 13891 2426 8639 13892 2480 8692 13893 2426 8693 13894 2481 8694 13895 2481 8695 13896 2426 8696 13897 2425 8697 13898 2481 8698 13899 2425 8699 13900 2482 8700 13901 2427 8701 13902 2429 8702 13903 2430 8703 13904 2430 8704 13905 2429 8668 13906 2475 8670 13907 2430 8705 13908 2475 8706 13909 2432 8707 13910 2432 8707 13911 2475 8706 13912 2476 8708 13913 2432 8709 13914 2476 8710 13915 2434 8711 13916 2434 8711 13917 2476 8710 13918 2477 8712 13919 2434 8713 13920 2477 8714 13921 2436 8715 13922 2436 8715 13923 2477 8714 13924 2478 8716 13925 2436 8717 13926 2478 8718 13927 2438 8719 13928 2438 8719 13929 2478 8718 13930 2479 8720 13931 2438 8721 13932 2479 8722 13933 2483 8723 13934 2483 8724 13935 2479 8688 13936 2480 8690 13937 2483 8725 13938 2480 8726 13939 2484 8727 13940 2484 8727 13941 2480 8726 13942 2481 8728 13943 2484 8729 13944 2481 8730 13945 2485 8731 13946 2485 8731 13947 2481 8730 13948 2482 8732 13949 2485 8733 13950 2482 8734 13951 2486 8735 13952 2439 8736 13953 2438 8737 13954 2440 8738 13955 2440 8739 13956 2438 8721 13957 2483 8723 13958 2440 8740 13959 2483 8741 13960 2442 8742 13961 2442 8742 13962 2483 8741 13963 2484 8743 13964 2442 8744 13965 2484 8745 13966 2444 8746 13967 2444 8746 13968 2484 8745 13969 2485 8747 13970 2444 8748 13971 2485 8749 13972 2446 8750 13973 2446 8750 13974 2485 8749 13975 2486 8751 13976 2446 8752 13977 2486 8753 13978 2447 8754 13979 2157 8755 13980 2158 8755 13981 2425 8756 13982 2425 8757 13983 2158 8758 13984 2471 8759 13985 2425 8760 13986 2471 8761 13987 2482 8762 13988 2482 8763 13989 2471 8764 13990 2472 8765 13991 2482 8734 13992 2472 8766 13993 2486 8735 13994 2486 8767 13995 2472 8658 13996 2473 8660 13997 2486 8753 13998 2473 8768 13999 2447 8754 14000 2447 8769 14001 2473 8770 14002 2474 8771 14003 2447 8769 14004 2474 8771 14005 2450 8772 14006 2160 8773 14007 2161 8774 14008 2461 8775 14009 2461 8776 14010 2161 8777 14011 2148 8778 14012 2461 8779 14013 2148 8780 14014 2463 8781 14015 2463 8782 14016 2148 8783 14017 2147 8784 14018 2463 8785 14019 2147 8786 14020 2464 8787 14021 2464 8788 14022 2147 8789 14023 2421 8790 14024 2464 8791 14025 2421 8792 14026 2474 8793 14027 2474 8794 14028 2421 8795 14029 2422 8796 14030 2474 8797 14031 2422 8798 14032 2450 8799 14033 2450 8800 14034 2422 8801 14035 2423 8802 14036 2450 8803 14037 2423 8804 14038 2448 8805 14039 2448 8806 14040 2423 8479 14041 2424 8480 14042 2487 8807 14043 2488 8808 14044 2310 8809 14045 2310 8809 14046 2488 8808 14047 2312 8810 14048 2312 8810 14049 2488 8808 14050 2489 8811 14051 2312 8810 14052 2489 8811 14053 2313 8812 14054 2298 8813 14055 2300 8814 14056 2490 8815 14057 2490 8815 14058 2300 8814 14059 2491 1207 14060 2300 8814 14061 2302 1207 14062 2491 1207 14063 2491 1207 14064 2302 1207 14065 2304 1207 14066 2491 1207 14067 2304 1207 14068 2489 8811 14069 2489 8811 14070 2304 1207 14071 2306 8816 14072 2489 8811 14073 2306 8816 14074 2313 8812 14075 2298 8813 14076 2490 8815 14077 2296 1207 14078 2296 1207 14079 2490 8815 14080 2492 8817 14081 2296 1207 14082 2492 8817 14083 2294 1207 14084 2228 8818 14085 2230 8819 14086 2493 8820 14087 2493 8820 14088 2230 8819 14089 2494 8821 14090 2368 8822 14091 2370 8823 14092 2495 8824 14093 2495 8824 14094 2370 8823 14095 2496 8825 14096 2437 8826 14097 2439 8827 14098 2497 8828 14099 2497 8828 14100 2439 8827 14101 2498 1207 14102 2228 8818 14103 2493 8820 14104 2226 8829 14105 2226 8829 14106 2493 8820 14107 2499 8830 14108 2226 8829 14109 2499 8830 14110 2224 8831 14111 2294 1207 14112 2492 8817 14113 2292 8832 14114 2292 8832 14115 2492 8817 14116 2500 8833 14117 2292 8832 14118 2500 8833 14119 2287 8834 14120 2368 8822 14121 2495 8824 14122 2366 8835 14123 2366 8835 14124 2495 8824 14125 2501 8836 14126 2366 8835 14127 2501 8836 14128 2364 8837 14129 2437 8826 14130 2497 8828 14131 2435 1207 14132 2435 1207 14133 2497 8828 14134 2502 8838 14135 2435 1207 14136 2502 8838 14137 2433 1207 14138 2224 8831 14139 2499 8830 14140 2222 8839 14141 2222 8839 14142 2499 8830 14143 2503 8840 14144 2222 8839 14145 2503 8840 14146 2217 8841 14147 2376 1207 14148 2504 8842 14149 2374 8843 14150 2374 8843 14151 2504 8842 14152 2496 8825 14153 2374 8843 14154 2496 8825 14155 2372 8844 14156 2372 8844 14157 2496 8825 14158 2370 8823 14159 2364 8837 14160 2501 8836 14161 2362 8845 14162 2362 8845 14163 2501 8836 14164 2505 8846 14165 2362 8845 14166 2505 8846 14167 2357 8847 14168 2433 1207 14169 2502 8838 14170 2431 8848 14171 2431 8848 14172 2502 8838 14173 2506 8849 14174 2431 8848 14175 2506 8849 14176 2427 8850 14177 2310 8809 14178 2309 8851 14179 2487 8807 14180 2487 8807 14181 2309 8851 14182 2284 1207 14183 2487 8807 14184 2284 1207 14185 2507 1207 14186 2507 1207 14187 2284 1207 14188 2220 8852 14189 2507 1207 14190 2220 8852 14191 2503 8840 14192 2503 8840 14193 2220 8852 14194 2218 8853 14195 2503 8840 14196 2218 8853 14197 2217 8841 14198 2508 8854 14199 2351 8855 14200 2509 1207 14201 2509 1207 14202 2351 8855 14203 2290 8856 14204 2509 1207 14205 2290 8856 14206 2500 8833 14207 2500 8833 14208 2290 8856 14209 2288 8857 14210 2500 8833 14211 2288 8857 14212 2287 8834 14213 2445 8858 14214 2510 8859 14215 2443 1207 14216 2443 1207 14217 2510 8859 14218 2498 1207 14219 2443 1207 14220 2498 1207 14221 2441 1207 14222 2441 1207 14223 2498 1207 14224 2439 8827 14225 2236 1207 14226 2511 8860 14227 2234 8861 14228 2234 8861 14229 2511 8860 14230 2494 8821 14231 2234 8861 14232 2494 8821 14233 2232 8862 14234 2232 8862 14235 2494 8821 14236 2230 8819 14237 2376 1207 14238 2383 8863 14239 2504 8842 14240 2504 8842 14241 2383 8863 14242 2382 8864 14243 2504 8842 14244 2382 8864 14245 2512 8865 14246 2512 8865 14247 2382 8864 14248 2380 8866 14249 2512 8865 14250 2380 8866 14251 2508 8854 14252 2508 8854 14253 2380 8866 14254 2379 8867 14255 2508 8854 14256 2379 8867 14257 2351 8855 14258 2513 8868 14259 2424 1207 14260 2514 1207 14261 2514 1207 14262 2424 1207 14263 2360 8869 14264 2514 1207 14265 2360 8869 14266 2505 8846 14267 2505 8846 14268 2360 8869 14269 2358 8870 14270 2505 8846 14271 2358 8870 14272 2357 8847 14273 2515 8871 14274 2209 8872 14275 2516 1207 14276 2516 1207 14277 2209 8872 14278 2208 8873 14279 2516 1207 14280 2208 8873 14281 2506 8849 14282 2506 8849 14283 2208 8873 14284 2428 8874 14285 2506 8849 14286 2428 8874 14287 2427 8850 14288 2445 8858 14289 2452 8875 14290 2510 8859 14291 2510 8859 14292 2452 8875 14293 2451 8876 14294 2510 8859 14295 2451 8876 14296 2517 8877 14297 2517 8877 14298 2451 8876 14299 2449 8878 14300 2517 8877 14301 2449 8878 14302 2513 8868 14303 2513 8868 14304 2449 8878 14305 2448 8879 14306 2513 8868 14307 2448 8879 14308 2424 1207 14309 2236 1207 14310 2243 8880 14311 2511 8860 14312 2511 8860 14313 2243 8880 14314 2242 8881 14315 2511 8860 14316 2242 8881 14317 2518 8882 14318 2518 8882 14319 2242 8881 14320 2240 8883 14321 2518 8882 14322 2240 8883 14323 2515 8871 14324 2515 8871 14325 2240 8883 14326 2239 8884 14327 2515 8871 14328 2239 8884 14329 2209 8872 14330 2519 8885 14331 2507 8886 14332 2503 8887 14333 2519 8885 14334 2503 8887 14335 2520 8888 14336 2520 8889 14337 2503 8890 14338 2499 8891 14339 2520 8889 14340 2499 8891 14341 2521 8892 14342 2521 8893 14343 2499 8894 14344 2493 8895 14345 2521 8893 14346 2493 8895 14347 2522 8896 14348 2522 8897 14349 2493 8898 14350 2494 8899 14351 2522 8897 14352 2494 8899 14353 2523 8900 14354 2523 8901 14355 2494 8902 14356 2511 8903 14357 2523 8901 14358 2511 8903 14359 2524 8904 14360 2524 8905 14361 2511 8906 14362 2518 8907 14363 2524 8905 14364 2518 8907 14365 2525 8908 14366 2525 8909 14367 2518 8910 14368 2515 8911 14369 2525 8909 14370 2515 8911 14371 2526 8912 14372 2507 2313 14373 2519 2313 14374 2487 2313 14375 2487 2313 14376 2519 2313 14377 2527 2313 14378 2528 8913 14379 2509 8914 14380 2500 8915 14381 2528 8913 14382 2500 8915 14383 2529 8916 14384 2529 8917 14385 2500 8918 14386 2492 8919 14387 2529 8917 14388 2492 8919 14389 2530 8920 14390 2530 8921 14391 2492 8922 14392 2490 8923 14393 2530 8921 14394 2490 8923 14395 2531 8924 14396 2531 8925 14397 2490 8926 14398 2491 8927 14399 2531 8925 14400 2491 8927 14401 2532 8928 14402 2532 8929 14403 2491 8930 14404 2489 8931 14405 2532 8929 14406 2489 8931 14407 2533 8932 14408 2533 8933 14409 2489 8934 14410 2488 8935 14411 2533 8933 14412 2488 8935 14413 2534 8936 14414 2534 8937 14415 2488 8938 14416 2487 8939 14417 2534 8937 14418 2487 8939 14419 2527 8940 14420 2509 3342 14421 2528 3342 14422 2508 3342 14423 2508 3342 14424 2528 3342 14425 2535 3342 14426 2536 8941 14427 2514 8942 14428 2505 8943 14429 2536 8941 14430 2505 8943 14431 2537 8944 14432 2537 8945 14433 2505 8946 14434 2501 8947 14435 2537 8945 14436 2501 8947 14437 2538 8948 14438 2538 8949 14439 2501 8950 14440 2495 8951 14441 2538 8949 14442 2495 8951 14443 2539 8952 14444 2539 8953 14445 2495 8954 14446 2496 8955 14447 2539 8953 14448 2496 8955 14449 2540 8956 14450 2540 8957 14451 2496 8958 14452 2504 8959 14453 2540 8957 14454 2504 8959 14455 2541 8960 14456 2541 8961 14457 2504 8962 14458 2512 8963 14459 2541 8961 14460 2512 8963 14461 2542 8964 14462 2542 8965 14463 2512 8966 14464 2508 8967 14465 2542 8965 14466 2508 8967 14467 2535 8968 14468 2514 914 14469 2536 914 14470 2513 914 14471 2513 914 14472 2536 914 14473 2543 914 14474 2544 8969 14475 2516 8970 14476 2506 8971 14477 2544 8969 14478 2506 8971 14479 2545 8972 14480 2545 8973 14481 2506 8974 14482 2502 8975 14483 2545 8973 14484 2502 8975 14485 2546 8976 14486 2546 8977 14487 2502 8978 14488 2497 8979 14489 2546 8977 14490 2497 8979 14491 2547 8980 14492 2547 8981 14493 2497 8982 14494 2498 8983 14495 2547 8981 14496 2498 8983 14497 2548 8984 14498 2548 8985 14499 2498 8986 14500 2510 8987 14501 2548 8985 14502 2510 8987 14503 2549 8988 14504 2549 8989 14505 2510 8990 14506 2517 8991 14507 2549 8989 14508 2517 8991 14509 2550 8992 14510 2550 8993 14511 2517 8994 14512 2513 8995 14513 2550 8993 14514 2513 8995 14515 2543 8996 14516 2516 126 14517 2544 126 14518 2515 126 14519 2515 126 14520 2544 126 14521 2526 126 14522 2538 8997 14523 2551 8998 14524 2537 8999 14525 2537 8999 14526 2551 8998 14527 2552 9000 14528 2537 8999 14529 2552 9000 14530 2536 9001 14531 2536 9001 14532 2552 9000 14533 2553 1390 14534 2536 9001 14535 2553 1390 14536 2543 1390 14537 2543 1390 14538 2553 1390 14539 2554 1390 14540 2543 1390 14541 2554 1390 14542 2550 1390 14543 2550 1390 14544 2554 1390 14545 2555 1390 14546 2550 1390 14547 2555 1390 14548 2549 1390 14549 2549 1390 14550 2555 1390 14551 2556 1390 14552 2549 1390 14553 2556 1390 14554 2548 1390 14555 2548 1390 14556 2556 1390 14557 2557 1390 14558 2548 1390 14559 2557 1390 14560 2547 1390 14561 2547 1390 14562 2557 1390 14563 2558 1390 14564 2547 1390 14565 2558 1390 14566 2546 9002 14567 2530 9003 14568 2559 9004 14569 2529 9005 14570 2529 9005 14571 2559 9004 14572 2560 9006 14573 2529 9005 14574 2560 9006 14575 2528 9007 14576 2528 9007 14577 2560 9006 14578 2561 9008 14579 2528 9007 14580 2561 9008 14581 2535 1390 14582 2535 1390 14583 2561 9008 14584 2562 9009 14585 2535 1390 14586 2562 9009 14587 2542 9010 14588 2542 9010 14589 2562 9009 14590 2563 9011 14591 2542 9010 14592 2563 9011 14593 2541 9012 14594 2541 9012 14595 2563 9011 14596 2564 9013 14597 2541 9012 14598 2564 9013 14599 2540 9014 14600 2540 9014 14601 2564 9013 14602 2565 9015 14603 2540 9014 14604 2565 9015 14605 2539 9016 14606 2539 9016 14607 2565 9015 14608 2566 9017 14609 2539 9016 14610 2566 9017 14611 2538 8997 14612 2538 8997 14613 2566 9017 14614 2567 9018 14615 2538 8997 14616 2567 9018 14617 2551 8998 14618 2521 9019 14619 2568 9020 14620 2520 9021 14621 2520 9021 14622 2568 9020 14623 2569 9022 14624 2520 9021 14625 2569 9022 14626 2519 9023 14627 2519 9023 14628 2569 9022 14629 2570 1390 14630 2519 9023 14631 2570 1390 14632 2527 1390 14633 2527 1390 14634 2570 1390 14635 2571 1390 14636 2527 1390 14637 2571 1390 14638 2534 1390 14639 2534 1390 14640 2571 1390 14641 2572 1390 14642 2534 1390 14643 2572 1390 14644 2533 1390 14645 2533 1390 14646 2572 1390 14647 2573 1390 14648 2533 1390 14649 2573 1390 14650 2532 1390 14651 2532 1390 14652 2573 1390 14653 2574 1390 14654 2532 1390 14655 2574 1390 14656 2531 1390 14657 2531 1390 14658 2574 1390 14659 2575 1390 14660 2531 1390 14661 2575 1390 14662 2530 9003 14663 2530 9003 14664 2575 1390 14665 2576 9024 14666 2530 9003 14667 2576 9024 14668 2559 9004 14669 2558 1390 14670 2577 9025 14671 2546 9002 14672 2546 9002 14673 2577 9025 14674 2578 9026 14675 2546 9002 14676 2578 9026 14677 2545 9027 14678 2545 9027 14679 2578 9026 14680 2579 9028 14681 2545 9027 14682 2579 9028 14683 2544 9029 14684 2544 9029 14685 2579 9028 14686 2580 9030 14687 2544 9029 14688 2580 9030 14689 2526 1390 14690 2526 1390 14691 2580 9030 14692 2581 9031 14693 2526 1390 14694 2581 9031 14695 2525 9032 14696 2525 9032 14697 2581 9031 14698 2582 9033 14699 2525 9032 14700 2582 9033 14701 2524 9034 14702 2524 9034 14703 2582 9033 14704 2583 9035 14705 2524 9034 14706 2583 9035 14707 2523 9036 14708 2523 9036 14709 2583 9035 14710 2584 9037 14711 2523 9036 14712 2584 9037 14713 2522 9038 14714 2522 9038 14715 2584 9037 14716 2585 9039 14717 2522 9038 14718 2585 9039 14719 2521 9019 14720 2521 9019 14721 2585 9039 14722 2586 9040 14723 2521 9019 14724 2586 9040 14725 2568 9020 14726 1342 9041 14727 2553 9042 14728 2552 9042 14729 2562 9043 14730 1381 9044 14731 1383 9045 14732 2562 9043 14733 1383 9045 14734 2563 9046 14735 2563 9047 14736 1383 9047 14737 1385 9047 14738 2563 9048 14739 1385 9048 14740 2564 9048 14741 1385 9049 14742 1387 9050 14743 2564 9051 14744 2564 9052 14745 1387 9053 14746 1389 9054 14747 2564 9055 14748 1389 9056 14749 2565 9057 14750 1389 9058 14751 1391 9058 14752 2565 9058 14753 2565 9059 14754 1391 9060 14755 1393 9061 14756 2565 9062 14757 1393 9062 14758 2566 9062 14759 1393 9063 14760 1395 9063 14761 2566 9063 14762 2566 9064 14763 1395 9065 14764 1397 9066 14765 2566 9067 14766 1397 9067 14767 2567 9067 14768 1397 9068 14769 1399 9068 14770 2567 9068 14771 2567 9069 14772 1399 9069 14773 1401 9069 14774 2567 9070 14775 1401 9070 14776 2551 9070 14777 1401 9071 14778 1403 9071 14779 2551 9071 14780 2551 9072 14781 1403 9073 14782 1405 9074 14783 2551 9075 14784 1405 9075 14785 2552 9075 14786 2552 9076 14787 1405 9077 14788 1407 9078 14789 2552 9042 14790 1407 9041 14791 1342 9041 14792 1217 9079 14793 1148 9080 14794 1146 9081 14795 1181 914 14796 2553 9082 14797 1182 9083 14798 1182 9083 14799 2553 9082 14800 1342 9084 14801 1182 9083 14802 1342 9084 14803 1183 9085 14804 1183 9085 14805 1342 9084 14806 1184 9086 14807 2554 9087 14808 1213 9088 14809 1252 9089 14810 1252 9089 14811 1213 9088 14812 1212 9090 14813 1118 914 14814 1117 9091 14815 1342 9084 14816 1146 9081 14817 1144 9092 14818 1217 9079 14819 1217 9079 14820 1144 9092 14821 1142 9093 14822 1217 9079 14823 1142 9093 14824 1218 9094 14825 1218 9094 14826 1142 9093 14827 1140 914 14828 1218 9094 14829 1140 914 14830 1219 9095 14831 1219 9095 14832 1140 914 14833 1130 9096 14834 1219 9095 14835 1130 9096 14836 1129 9097 14837 1184 9086 14838 1342 9084 14839 1173 9098 14840 1173 9098 14841 1342 9084 14842 1117 9091 14843 1173 9098 14844 1117 9091 14845 1174 9099 14846 1174 9099 14847 1117 9091 14848 1122 9100 14849 1174 9099 14850 1122 9100 14851 1175 9101 14852 1122 9100 14853 1124 9102 14854 1175 9101 14855 1175 9101 14856 1124 9102 14857 1115 9103 14858 1175 9101 14859 1115 9103 14860 1176 9104 14861 1176 9104 14862 1115 9103 14863 1106 9105 14864 1176 9104 14865 1106 9105 14866 1177 9106 14867 1177 9106 14868 1106 9105 14869 1105 9107 14870 1177 9106 14871 1105 9107 14872 1178 9108 14873 1118 914 14874 1342 9084 14875 1127 914 14876 1127 914 14877 1342 9084 14878 1252 9089 14879 1127 914 14880 1252 9089 14881 1136 9109 14882 1212 9090 14883 1211 9110 14884 1252 9089 14885 1252 9089 14886 1211 9110 14887 1210 9111 14888 1252 9089 14889 1210 9111 14890 1209 9112 14891 1181 914 14892 1180 9113 14893 2553 9082 14894 2553 9082 14895 1180 9113 14896 1179 9114 14897 2553 9082 14898 1179 9114 14899 1178 9108 14900 1136 9109 14901 1252 9089 14902 1134 9115 14903 1134 9115 14904 1252 9089 14905 1209 9112 14906 1134 9115 14907 1209 9112 14908 1129 9097 14909 1129 9097 14910 1209 9112 14911 1220 914 14912 1129 9097 14913 1220 914 14914 1219 9095 14915 1105 9107 14916 1110 9116 14917 1178 9108 14918 1178 9108 14919 1110 9116 14920 1112 9117 14921 1178 9108 14922 1112 9117 14923 2553 9082 14924 2553 9082 14925 1112 9117 14926 1101 9118 14927 2553 9082 14928 1101 9118 14929 2554 9087 14930 2554 9087 14931 1101 9118 14932 1103 9119 14933 2554 9087 14934 1103 9119 14935 1148 9080 14936 1217 9079 14937 1216 9120 14938 1148 9080 14939 1148 9080 14940 1216 9120 14941 1215 9121 14942 1148 9080 14943 1215 9121 14944 2554 9087 14945 2554 9087 14946 1215 9121 14947 1214 9122 14948 2554 9087 14949 1214 9122 14950 1213 9088 14951 1280 9123 14952 2580 9124 14953 2579 9125 14954 2554 9126 14955 1252 9127 14956 1254 9128 14957 2554 9126 14958 1254 9128 14959 2555 9129 14960 2555 9130 14961 1254 9130 14962 1256 9130 14963 2555 9131 14964 1256 9131 14965 2556 9131 14966 1256 9132 14967 1258 9133 14968 2556 9134 14969 2556 9135 14970 1258 9136 14971 1260 9137 14972 2556 9138 14973 1260 9138 14974 2557 9138 14975 1260 9139 14976 1262 9140 14977 2557 9141 14978 2557 9142 14979 1262 9143 14980 1264 9144 14981 2557 9145 14982 1264 9145 14983 2558 9145 14984 1264 9146 14985 1266 9146 14986 2558 9146 14987 2558 9147 14988 1266 9147 14989 1268 9147 14990 2558 9148 14991 1268 9148 14992 2577 9148 14993 1268 9149 14994 1270 9149 14995 2577 9149 14996 2577 9150 14997 1270 9151 14998 1272 9152 14999 2577 9153 15000 1272 9153 15001 2578 9153 15002 1272 9154 15003 1274 9154 15004 2578 9154 15005 2578 9155 15006 1274 9156 15007 1276 9157 15008 2578 9158 15009 1276 9158 15010 2579 9158 15011 2579 9159 15012 1276 9160 15013 1278 9161 15014 2579 9125 15015 1278 9162 15016 1280 9123 15017 2581 126 15018 2580 126 15019 2587 126 15020 2587 126 15021 2580 126 15022 1280 126 15023 2588 9163 15024 2570 9164 15025 2569 9165 15026 2581 9166 15027 2587 9167 15028 2589 9168 15029 2581 9166 15030 2589 9168 15031 2582 9169 15032 2582 9170 15033 2589 9170 15034 2590 9170 15035 2582 9171 15036 2590 9172 15037 2583 9173 15038 2590 9174 15039 2591 9175 15040 2583 9176 15041 2583 9177 15042 2591 9178 15043 2592 9179 15044 2583 9180 15045 2592 9180 15046 2584 9180 15047 2592 9181 15048 2593 9181 15049 2584 9181 15050 2584 9182 15051 2593 9183 15052 2594 9184 15053 2584 9185 15054 2594 9185 15055 2585 9185 15056 2594 9186 15057 2595 9186 15058 2585 9186 15059 2585 9187 15060 2595 9188 15061 2596 9189 15062 2585 9190 15063 2596 9190 15064 2586 9190 15065 2596 9191 15066 2597 9191 15067 2586 9191 15068 2586 9192 15069 2597 9193 15070 2598 9194 15071 2586 9195 15072 2598 9196 15073 2568 9197 15074 2598 9198 15075 2599 9198 15076 2568 9198 15077 2568 9199 15078 2599 9200 15079 2600 9201 15080 2568 9202 15081 2600 9202 15082 2569 9202 15083 2569 9203 15084 2600 9203 15085 2601 9203 15086 2569 9165 15087 2601 9204 15088 2588 9163 15089 991 9205 15090 989 9206 15091 2602 9207 15092 2602 9207 15093 989 9206 15094 988 9208 15095 2602 9207 15096 988 9208 15097 2588 9209 15098 2588 9209 15099 988 9208 15100 1018 9210 15101 2588 9209 15102 1018 9210 15103 1017 9211 15104 1007 9212 15105 1005 9213 15106 2570 9214 15107 2570 9214 15108 1005 9213 15109 1003 9215 15110 2570 9214 15111 1003 9215 15112 2571 9216 15113 2571 9216 15114 1003 9215 15115 1001 9217 15116 2571 9216 15117 1001 9217 15118 999 9218 15119 999 9218 15120 997 9219 15121 2571 9216 15122 2571 9216 15123 997 9219 15124 996 9220 15125 2571 9216 15126 996 9220 15127 2602 9207 15128 2602 9207 15129 996 9220 15130 993 9221 15131 2602 9207 15132 993 9221 15133 991 9205 15134 1017 9211 15135 1016 9222 15136 2588 9209 15137 2588 9209 15138 1016 9222 15139 1015 9223 15140 2588 9209 15141 1015 9223 15142 2570 9214 15143 2570 9214 15144 1015 9223 15145 1009 9224 15146 2570 9214 15147 1009 9224 15148 1007 9212 15149 2603 7339 15150 2561 7337 15151 2560 7338 15152 2571 9225 15153 2602 9226 15154 2604 9227 15155 2571 9225 15156 2604 9227 15157 2572 9228 15158 2572 9229 15159 2604 9229 15160 2605 9229 15161 2572 9230 15162 2605 9231 15163 2573 9232 15164 2605 9233 15165 2606 9234 15166 2573 9235 15167 2573 9236 15168 2606 9237 15169 2607 9238 15170 2573 9239 15171 2607 9239 15172 2574 9239 15173 2607 9240 15174 2608 9240 15175 2574 9240 15176 2574 9241 15177 2608 9242 15178 2609 9243 15179 2574 9244 15180 2609 9244 15181 2575 9244 15182 2609 9245 15183 2610 9246 15184 2575 9247 15185 2575 9248 15186 2610 9248 15187 2611 9248 15188 2575 9249 15189 2611 9249 15190 2576 9249 15191 2611 9250 15192 2612 9250 15193 2576 9250 15194 2576 9251 15195 2612 9252 15196 2613 9253 15197 2576 9254 15198 2613 9255 15199 2559 9256 15200 2613 9257 15201 2614 9257 15202 2559 9257 15203 2559 9258 15204 2614 9259 15205 2615 9260 15206 2559 9261 15207 2615 9261 15208 2560 9261 15209 2560 9262 15210 2615 9263 15211 2616 9264 15212 2560 7338 15213 2616 9265 15214 2603 7339 15215 985 3342 15216 984 9266 15217 2603 9267 15218 2561 9268 15219 982 9269 15220 981 9270 15221 2603 9267 15222 984 9266 15223 2561 9268 15224 2561 9268 15225 984 9266 15226 983 9271 15227 2561 9268 15228 983 9271 15229 982 9269 15230 977 3342 15231 976 9272 15232 2562 9273 15233 2562 9273 15234 976 9272 15235 975 9274 15236 2562 9273 15237 975 9274 15238 1381 9275 15239 1381 9275 15240 975 9274 15241 974 9276 15242 1381 9275 15243 974 9276 15244 973 9277 15245 973 9277 15246 972 9278 15247 1381 9275 15248 1381 9275 15249 972 9278 15250 971 9279 15251 1381 9275 15252 971 9279 15253 2603 9267 15254 2603 9267 15255 971 9279 15256 986 9280 15257 2603 9267 15258 986 9280 15259 985 3342 15260 981 9270 15261 980 9281 15262 2561 9268 15263 2561 9268 15264 980 9281 15265 979 9282 15266 2561 9268 15267 979 9282 15268 2562 9273 15269 2562 9273 15270 979 9282 15271 978 9283 15272 2562 9273 15273 978 9283 15274 977 3342 15275 1381 4592 15276 2603 9284 15277 1351 4593 15278 1351 4593 15279 2603 9284 15280 2617 9285 15281 1351 4550 15282 2617 9286 15283 1352 4551 15284 1352 4551 15285 2617 9286 15286 2618 9287 15287 1352 4553 15288 2618 9288 15289 1354 4554 15290 1354 4554 15291 2618 9288 15292 2619 9289 15293 1354 4867 15294 2619 9290 15295 1431 4868 15296 1431 4868 15297 2619 9290 15298 2620 9291 15299 1431 4750 15300 2620 9292 15301 1408 4751 15302 1408 4751 15303 2620 9292 15304 2621 9293 15305 1408 9294 15306 2621 9295 15307 1409 9296 15308 2621 9295 15309 2622 9297 15310 1409 9296 15311 1409 9298 15312 2622 9299 15313 2623 9300 15314 1409 4676 15315 2623 9301 15316 1410 4677 15317 1410 9302 15318 2623 9303 15319 2624 9304 15320 1410 4678 15321 2624 9305 15322 1368 4571 15323 2625 9306 15324 2626 9307 15325 2627 9308 15326 2626 9309 15327 2628 9310 15328 2629 9311 15329 2630 9312 15330 2631 9313 15331 2632 9314 15332 2633 9315 15333 2634 9316 15334 2635 9317 15335 2624 9318 15336 2636 9319 15337 2637 9320 15338 2633 9321 15339 2635 9322 15340 2638 9323 15341 2639 9324 15342 2640 9325 15343 2641 9326 15344 2642 9327 15345 2643 9328 15346 2644 9329 15347 2631 9330 15348 2644 9331 15349 2645 9332 15350 2631 9330 15351 2645 9332 15352 2632 9333 15353 2632 9334 15354 2645 9335 15355 2646 9336 15356 2632 9334 15357 2646 9336 15358 2647 9337 15359 2648 9338 15360 2649 9339 15361 2650 9340 15362 2650 9340 15363 2649 9339 15364 2641 9341 15365 2636 9342 15366 2624 9343 15367 2651 9344 15368 2652 9345 15369 2653 9346 15370 2654 9347 15371 2602 9348 15372 2625 9349 15373 2655 9350 15374 2602 9351 15375 2655 9352 15376 2604 9353 15377 2604 9354 15378 2655 9354 15379 2656 9354 15380 2604 9355 15381 2656 9356 15382 2605 9357 15383 2605 9358 15384 2656 9359 15385 2657 9360 15386 2605 9361 15387 2657 9362 15388 2606 9363 15389 2606 9364 15390 2657 9365 15391 2658 9366 15392 2606 9367 15393 2658 9367 15394 2607 9368 15395 2607 9369 15396 2658 9370 15397 2659 9371 15398 2607 9372 15399 2659 9373 15400 2608 9374 15401 2608 9375 15402 2659 9376 15403 2660 9377 15404 2608 9378 15405 2660 9379 15406 2609 9378 15407 2609 9380 15408 2660 9381 15409 2661 9382 15410 2609 9383 15411 2661 9384 15412 2610 9385 15413 2610 9386 15414 2661 9387 15415 2662 9388 15416 2610 9389 15417 2662 9390 15418 2611 9390 15419 2611 9391 15420 2662 9392 15421 2663 9393 15422 2611 9394 15423 2663 9395 15424 2612 9396 15425 2612 9397 15426 2663 9398 15427 2664 9399 15428 2612 9400 15429 2664 9401 15430 2613 9402 15431 2613 9403 15432 2664 9403 15433 2665 9403 15434 2613 9404 15435 2665 9404 15436 2614 9404 15437 2614 9405 15438 2665 9406 15439 2666 9407 15440 2614 9408 15441 2666 9409 15442 2615 9410 15443 2615 9411 15444 2666 9412 15445 2667 9413 15446 2615 9411 15447 2667 9413 15448 2616 9414 15449 2616 9415 15450 2667 9416 15451 2617 9417 15452 2616 9415 15453 2617 9417 15454 2603 9418 15455 2630 9419 15456 2668 9419 15457 2631 9419 15458 2631 9420 15459 2668 9421 15460 2669 9422 15461 2631 9423 15462 2669 9424 15463 2644 9425 15464 2644 9426 15465 2669 9427 15466 2670 9428 15467 2644 9329 15468 2670 9429 15469 2642 9327 15470 2671 9430 15471 2672 9430 15472 2647 9430 15473 2647 9431 15474 2672 9431 15475 2673 9432 15476 2647 9433 15477 2673 9434 15478 2632 9435 15479 2632 9436 15480 2673 9436 15481 2674 9436 15482 2632 9314 15483 2674 9437 15484 2630 9312 15485 2643 9328 15486 2675 9438 15487 2644 9329 15488 2644 9329 15489 2675 9438 15490 2676 9439 15491 2644 9329 15492 2676 9439 15493 2645 9440 15494 2645 9441 15495 2676 9442 15496 2639 9443 15497 2645 9441 15498 2639 9443 15499 2646 9444 15500 2646 9445 15501 2639 9324 15502 2641 9326 15503 2646 9446 15504 2641 9447 15505 2647 9448 15506 2647 9448 15507 2641 9447 15508 2649 9449 15509 2647 9450 15510 2649 9450 15511 2671 9450 15512 2677 9451 15513 2678 9452 15514 2648 9451 15515 2648 9453 15516 2678 9454 15517 2679 9455 15518 2648 9456 15519 2679 9457 15520 2649 9458 15521 2649 9459 15522 2679 9459 15523 2680 9459 15524 2649 9460 15525 2680 9461 15526 2671 9462 15527 2652 9463 15528 2677 9463 15529 2681 9463 15530 2681 9464 15531 2677 9464 15532 2648 9464 15533 2681 9465 15534 2648 9466 15535 2682 9467 15536 2682 9467 15537 2648 9466 15538 2650 9468 15539 2652 9345 15540 2654 9347 15541 2677 9469 15542 2677 9470 15543 2654 9471 15544 2683 9472 15545 2677 9470 15546 2683 9472 15547 2678 9473 15548 2678 9474 15549 2683 9475 15550 2684 9476 15551 2678 9474 15552 2684 9476 15553 2679 9477 15554 2679 9478 15555 2684 9479 15556 2685 9480 15557 2679 9478 15558 2685 9480 15559 2680 9481 15560 2680 9482 15561 2685 9483 15562 2686 9484 15563 2680 9482 15564 2686 9484 15565 2671 9485 15566 2671 9486 15567 2686 9487 15568 2687 9488 15569 2671 9486 15570 2687 9488 15571 2672 9489 15572 2672 9490 15573 2687 9491 15574 2688 9492 15575 2672 9490 15576 2688 9492 15577 2673 9493 15578 2673 9494 15579 2688 9495 15580 2689 9496 15581 2673 9494 15582 2689 9496 15583 2674 9497 15584 2674 9498 15585 2689 9499 15586 2690 9500 15587 2674 9498 15588 2690 9500 15589 2630 9501 15590 2630 9502 15591 2690 9503 15592 2691 9504 15593 2630 9502 15594 2691 9504 15595 2668 9505 15596 2634 9316 15597 2637 9320 15598 2635 9317 15599 2635 9317 15600 2637 9320 15601 2636 9319 15602 2635 9506 15603 2636 9507 15604 2692 9508 15605 2692 9508 15606 2636 9507 15607 2651 9509 15608 2692 9510 15609 2651 9511 15610 2693 9512 15611 2693 9512 15612 2651 9511 15613 2694 9513 15614 2693 9514 15615 2694 9515 15616 2695 9516 15617 2695 9516 15618 2694 9515 15619 2696 9517 15620 2695 9518 15621 2696 9519 15622 2697 9520 15623 2697 9520 15624 2696 9519 15625 2698 9521 15626 2624 9304 15627 2623 9303 15628 2651 9522 15629 2651 9523 15630 2623 9300 15631 2622 9299 15632 2651 9524 15633 2622 9525 15634 2694 9526 15635 2694 9527 15636 2622 9528 15637 2621 9529 15638 2694 9530 15639 2621 9531 15640 2696 9532 15641 2696 9532 15642 2621 9531 15643 2620 9533 15644 2696 9534 15645 2620 9535 15646 2698 9536 15647 2698 9536 15648 2620 9535 15649 2619 9537 15650 2626 9538 15651 2629 9538 15652 2627 9538 15653 2627 9539 15654 2629 9540 15655 2699 9541 15656 2627 9539 15657 2699 9541 15658 2700 9542 15659 2700 9543 15660 2699 9544 15661 2701 9545 15662 2701 9545 15663 2699 9544 15664 2702 9546 15665 2701 9547 15666 2702 9548 15667 2703 9549 15668 2703 9549 15669 2702 9548 15670 2704 9550 15671 2703 9551 15672 2704 9552 15673 2705 9553 15674 2705 9553 15675 2704 9552 15676 2706 9554 15677 2705 9555 15678 2706 9556 15679 2707 9557 15680 2707 9557 15681 2706 9556 15682 2708 9558 15683 2707 9559 15684 2708 9560 15685 2709 9561 15686 2709 9561 15687 2708 9560 15688 2710 9562 15689 2709 9563 15690 2710 9564 15691 2711 9565 15692 2711 9565 15693 2710 9564 15694 2712 9566 15695 2711 9567 15696 2712 9568 15697 2713 9569 15698 2713 9569 15699 2712 9568 15700 2714 9570 15701 2713 9571 15702 2714 9572 15703 2715 9573 15704 2715 9573 15705 2714 9572 15706 2716 9574 15707 2715 9575 15708 2716 9576 15709 2717 9577 15710 2718 9578 15711 2717 9579 15712 2719 9580 15713 2719 9581 15714 2717 9577 15715 2716 9576 15716 2719 9582 15717 2716 9583 15718 2653 9584 15719 2653 9585 15720 2716 9586 15721 2714 9587 15722 2653 9585 15723 2714 9587 15724 2654 9588 15725 2654 9589 15726 2714 9590 15727 2712 9591 15728 2654 9589 15729 2712 9591 15730 2683 9592 15731 2683 9593 15732 2712 9594 15733 2710 9595 15734 2683 9593 15735 2710 9595 15736 2684 9596 15737 2684 9597 15738 2710 9598 15739 2708 9599 15740 2684 9597 15741 2708 9599 15742 2685 9600 15743 2685 9601 15744 2708 9602 15745 2706 9603 15746 2685 9601 15747 2706 9603 15748 2686 9604 15749 2686 9605 15750 2706 9606 15751 2704 9607 15752 2686 9605 15753 2704 9607 15754 2687 9608 15755 2687 9609 15756 2704 9610 15757 2702 9611 15758 2687 9609 15759 2702 9611 15760 2688 9612 15761 2688 9613 15762 2702 9614 15763 2699 9615 15764 2688 9613 15765 2699 9615 15766 2689 9616 15767 2689 9617 15768 2699 9618 15769 2629 9619 15770 2689 9617 15771 2629 9619 15772 2690 9620 15773 2690 9621 15774 2629 9622 15775 2628 9623 15776 2690 9621 15777 2628 9623 15778 2691 9624 15779 2640 9625 15780 2720 9626 15781 2641 9627 15782 2641 9627 15783 2720 9626 15784 2721 9628 15785 2641 9627 15786 2721 9628 15787 2650 9629 15788 2650 9630 15789 2721 9631 15790 2638 9632 15791 2650 9630 15792 2638 9632 15793 2682 9633 15794 2682 9634 15795 2638 9323 15796 2635 9322 15797 2682 9635 15798 2635 9636 15799 2681 9637 15800 2681 9637 15801 2635 9636 15802 2692 9638 15803 2681 9639 15804 2692 9640 15805 2652 9641 15806 2652 9641 15807 2692 9640 15808 2693 9642 15809 2652 9643 15810 2693 9644 15811 2653 9645 15812 2653 9645 15813 2693 9644 15814 2695 9646 15815 2653 9647 15816 2695 9648 15817 2719 9649 15818 2719 9650 15819 2695 9651 15820 2697 9652 15821 2719 9580 15822 2697 9653 15823 2718 9578 15824 2718 9654 15825 2697 9655 15826 2698 9656 15827 2718 9654 15828 2698 9656 15829 2722 9657 15830 2722 9658 15831 2698 9659 15832 2619 9660 15833 2722 9661 15834 2619 9662 15835 2618 9663 15836 2625 9664 15837 2627 9665 15838 2655 9666 15839 2655 9667 15840 2627 9668 15841 2700 9669 15842 2655 9667 15843 2700 9669 15844 2656 9670 15845 2656 9671 15846 2700 9672 15847 2701 9673 15848 2656 9671 15849 2701 9673 15850 2657 9674 15851 2657 9675 15852 2701 9676 15853 2703 9677 15854 2657 9675 15855 2703 9677 15856 2658 9678 15857 2658 9679 15858 2703 9680 15859 2705 9681 15860 2658 9679 15861 2705 9681 15862 2659 9682 15863 2659 9683 15864 2705 9684 15865 2707 9685 15866 2659 9683 15867 2707 9685 15868 2660 9686 15869 2660 9687 15870 2707 9688 15871 2709 9689 15872 2660 9687 15873 2709 9689 15874 2661 9690 15875 2661 9691 15876 2709 9692 15877 2711 9693 15878 2661 9691 15879 2711 9693 15880 2662 9694 15881 2662 9695 15882 2711 9696 15883 2713 9697 15884 2662 9695 15885 2713 9697 15886 2663 9698 15887 2663 9699 15888 2713 9700 15889 2715 9701 15890 2663 9699 15891 2715 9701 15892 2664 9702 15893 2664 9703 15894 2715 9704 15895 2717 9705 15896 2664 9703 15897 2717 9705 15898 2665 9706 15899 2665 9707 15900 2717 9708 15901 2718 9709 15902 2665 9707 15903 2718 9709 15904 2666 9710 15905 2666 9711 15906 2718 9712 15907 2722 9713 15908 2666 9711 15909 2722 9713 15910 2667 9714 15911 2667 9715 15912 2722 9716 15913 2618 9717 15914 2667 9718 15915 2618 9719 15916 2617 9720 15917 2602 9348 15918 2588 9721 15919 2625 9349 15920 2625 9349 15921 2588 9721 15922 2723 9722 15923 2625 9306 15924 2723 9723 15925 2626 9307 15926 2626 9307 15927 2723 9723 15928 2724 9724 15929 2626 9309 15930 2724 9725 15931 2628 9310 15932 2628 9310 15933 2724 9725 15934 2725 9726 15935 2628 9623 15936 2725 9727 15937 2691 9624 15938 2691 9624 15939 2725 9727 15940 2726 9728 15941 2691 9504 15942 2726 9729 15943 2668 9505 15944 2668 9505 15945 2726 9729 15946 2727 9730 15947 2668 9731 15948 2727 9732 15949 2669 9733 15950 2727 9732 15951 2728 9734 15952 2669 9733 15953 2669 9735 15954 2728 9736 15955 2729 9737 15956 2669 9427 15957 2729 9738 15958 2670 9428 15959 2670 9739 15960 2729 9740 15961 2730 9741 15962 2670 9429 15963 2730 9742 15964 2642 9327 15965 2731 9743 15966 2732 9744 15967 2733 9745 15968 2732 9746 15969 2734 9747 15970 2735 9748 15971 2736 9749 15972 2737 9750 15973 2738 9751 15974 2739 9752 15975 2740 9753 15976 2741 9754 15977 2730 9755 15978 2742 9756 15979 2743 9757 15980 2739 9758 15981 2741 9759 15982 2744 9760 15983 2745 9761 15984 2746 9762 15985 2747 9763 15986 2748 9764 15987 2749 9765 15988 2750 9766 15989 2737 9767 15990 2750 9768 15991 2751 9769 15992 2737 9767 15993 2751 9769 15994 2738 9770 15995 2738 9771 15996 2751 9772 15997 2752 9773 15998 2738 9771 15999 2752 9773 16000 2753 9774 16001 2754 9775 16002 2755 9776 16003 2756 9777 16004 2756 9777 16005 2755 9776 16006 2747 9778 16007 2742 9779 16008 2730 9780 16009 2757 9781 16010 2758 9782 16011 2759 9783 16012 2760 9784 16013 2587 9785 16014 2731 9786 16015 2761 9787 16016 2587 9788 16017 2761 9789 16018 2589 9790 16019 2589 9791 16020 2761 9792 16021 2762 9793 16022 2589 9794 16023 2762 9795 16024 2590 9796 16025 2590 9797 16026 2762 9798 16027 2763 9799 16028 2590 9800 16029 2763 9800 16030 2591 9800 16031 2591 9801 16032 2763 9802 16033 2764 9803 16034 2591 9804 16035 2764 9805 16036 2592 9806 16037 2592 9807 16038 2764 9808 16039 2765 9809 16040 2592 9810 16041 2765 9811 16042 2593 9812 16043 2593 9813 16044 2765 9814 16045 2766 9815 16046 2593 9816 16047 2766 9817 16048 2594 9817 16049 2594 9818 16050 2766 9819 16051 2767 9820 16052 2594 9821 16053 2767 9822 16054 2595 9823 16055 2595 9824 16056 2767 9825 16057 2768 9826 16058 2595 9827 16059 2768 9828 16060 2596 9829 16061 2596 9830 16062 2768 9831 16063 2769 9832 16064 2596 9833 16065 2769 9834 16066 2597 9835 16067 2597 9836 16068 2769 9837 16069 2770 9838 16070 2597 9839 16071 2770 9840 16072 2598 9841 16073 2598 9842 16074 2770 9843 16075 2771 9844 16076 2598 9845 16077 2771 9845 16078 2599 9845 16079 2599 9846 16080 2771 9847 16081 2772 9848 16082 2599 9849 16083 2772 9850 16084 2600 9851 16085 2600 9852 16086 2772 9853 16087 2773 9854 16088 2600 9852 16089 2773 9854 16090 2601 9855 16091 2601 9856 16092 2773 9857 16093 2723 9858 16094 2601 9856 16095 2723 9858 16096 2588 9859 16097 2736 9860 16098 2774 9861 16099 2737 9862 16100 2737 9863 16101 2774 9864 16102 2775 9865 16103 2737 9866 16104 2775 9867 16105 2750 9868 16106 2750 9869 16107 2775 9870 16108 2776 9871 16109 2750 9766 16110 2776 9872 16111 2748 9764 16112 2777 9873 16113 2778 9873 16114 2753 9873 16115 2753 9874 16116 2778 9875 16117 2779 9876 16118 2753 9877 16119 2779 9877 16120 2738 9877 16121 2738 9878 16122 2779 9878 16123 2780 9878 16124 2738 9751 16125 2780 9879 16126 2736 9749 16127 2749 9765 16128 2781 9880 16129 2750 9766 16130 2750 9766 16131 2781 9880 16132 2782 9881 16133 2750 9766 16134 2782 9881 16135 2751 9882 16136 2751 9883 16137 2782 9884 16138 2745 9885 16139 2751 9883 16140 2745 9885 16141 2752 9886 16142 2752 9887 16143 2745 9761 16144 2747 9763 16145 2752 9888 16146 2747 9889 16147 2753 9890 16148 2753 9890 16149 2747 9889 16150 2755 9891 16151 2753 9892 16152 2755 9892 16153 2777 9892 16154 2783 9893 16155 2784 9894 16156 2754 9895 16157 2754 9896 16158 2784 9897 16159 2785 9898 16160 2754 9899 16161 2785 9899 16162 2755 9899 16163 2755 9900 16164 2785 9900 16165 2786 9900 16166 2755 9901 16167 2786 9902 16168 2777 9901 16169 2758 9903 16170 2783 9903 16171 2787 9904 16172 2787 9905 16173 2783 9905 16174 2754 9905 16175 2787 9906 16176 2754 9907 16177 2788 9908 16178 2788 9908 16179 2754 9907 16180 2756 9909 16181 2758 9782 16182 2760 9784 16183 2783 9910 16184 2783 9911 16185 2760 9912 16186 2789 9913 16187 2783 9911 16188 2789 9913 16189 2784 9914 16190 2784 9915 16191 2789 9916 16192 2790 9917 16193 2784 9915 16194 2790 9917 16195 2785 9918 16196 2785 9919 16197 2790 9920 16198 2791 9921 16199 2785 9919 16200 2791 9921 16201 2786 9922 16202 2786 9923 16203 2791 9924 16204 2792 9925 16205 2786 9923 16206 2792 9925 16207 2777 9926 16208 2777 9927 16209 2792 9928 16210 2793 9929 16211 2777 9927 16212 2793 9929 16213 2778 9930 16214 2778 9931 16215 2793 9932 16216 2794 9933 16217 2778 9931 16218 2794 9933 16219 2779 9934 16220 2779 9935 16221 2794 9936 16222 2795 9937 16223 2779 9935 16224 2795 9937 16225 2780 9938 16226 2780 9939 16227 2795 9940 16228 2796 9941 16229 2780 9939 16230 2796 9941 16231 2736 9942 16232 2736 9943 16233 2796 9944 16234 2797 9945 16235 2736 9943 16236 2797 9945 16237 2774 9946 16238 2740 9753 16239 2743 9757 16240 2741 9754 16241 2741 9754 16242 2743 9757 16243 2742 9756 16244 2741 9947 16245 2742 9948 16246 2798 9949 16247 2798 9949 16248 2742 9948 16249 2757 9950 16250 2798 9951 16251 2757 9952 16252 2799 9953 16253 2799 9953 16254 2757 9952 16255 2800 9954 16256 2799 9955 16257 2800 9956 16258 2801 9957 16259 2801 9957 16260 2800 9956 16261 2802 9958 16262 2801 9959 16263 2802 9960 16264 2803 9961 16265 2803 9961 16266 2802 9960 16267 2804 9962 16268 2730 9741 16269 2729 9740 16270 2757 9963 16271 2757 9964 16272 2729 9737 16273 2728 9736 16274 2757 9965 16275 2728 9966 16276 2800 9967 16277 2800 9968 16278 2728 9969 16279 2727 9970 16280 2800 9971 16281 2727 9972 16282 2802 9973 16283 2802 9973 16284 2727 9972 16285 2726 9974 16286 2802 9975 16287 2726 9976 16288 2804 9977 16289 2804 9977 16290 2726 9976 16291 2725 9978 16292 2732 9979 16293 2735 9979 16294 2733 9979 16295 2733 9980 16296 2735 9981 16297 2805 9982 16298 2733 9980 16299 2805 9982 16300 2806 9983 16301 2806 9984 16302 2805 9985 16303 2807 9986 16304 2807 9986 16305 2805 9985 16306 2808 9987 16307 2807 9988 16308 2808 9989 16309 2809 9990 16310 2809 9990 16311 2808 9989 16312 2810 9991 16313 2809 9992 16314 2810 9993 16315 2811 9994 16316 2811 9994 16317 2810 9993 16318 2812 9995 16319 2811 9996 16320 2812 9997 16321 2813 9998 16322 2813 9998 16323 2812 9997 16324 2814 9999 16325 2813 10000 16326 2814 10001 16327 2815 10002 16328 2815 10002 16329 2814 10001 16330 2816 10003 16331 2815 10004 16332 2816 10005 16333 2817 10006 16334 2817 10006 16335 2816 10005 16336 2818 10007 16337 2817 10008 16338 2818 10009 16339 2819 10010 16340 2819 10010 16341 2818 10009 16342 2820 10011 16343 2819 10012 16344 2820 10013 16345 2821 10014 16346 2821 10014 16347 2820 10013 16348 2822 10015 16349 2821 10016 16350 2822 10017 16351 2823 10018 16352 2824 10019 16353 2823 10020 16354 2825 10021 16355 2825 10022 16356 2823 10018 16357 2822 10017 16358 2825 10023 16359 2822 10023 16360 2759 10024 16361 2759 10025 16362 2822 10026 16363 2820 10027 16364 2759 10025 16365 2820 10027 16366 2760 10028 16367 2760 10029 16368 2820 10030 16369 2818 10031 16370 2760 10029 16371 2818 10031 16372 2789 10032 16373 2789 10033 16374 2818 10034 16375 2816 10035 16376 2789 10033 16377 2816 10035 16378 2790 10036 16379 2790 10037 16380 2816 10038 16381 2814 10039 16382 2790 10037 16383 2814 10039 16384 2791 10040 16385 2791 10041 16386 2814 10042 16387 2812 10043 16388 2791 10041 16389 2812 10043 16390 2792 10044 16391 2792 10045 16392 2812 10046 16393 2810 10047 16394 2792 10045 16395 2810 10047 16396 2793 10048 16397 2793 10049 16398 2810 10050 16399 2808 10051 16400 2793 10049 16401 2808 10051 16402 2794 10052 16403 2794 10053 16404 2808 10054 16405 2805 10055 16406 2794 10053 16407 2805 10055 16408 2795 10056 16409 2795 10057 16410 2805 10058 16411 2735 10059 16412 2795 10057 16413 2735 10059 16414 2796 10060 16415 2796 10061 16416 2735 10062 16417 2734 10063 16418 2796 10061 16419 2734 10063 16420 2797 10064 16421 2746 10065 16422 2826 10066 16423 2747 10067 16424 2747 10067 16425 2826 10066 16426 2827 10068 16427 2747 10067 16428 2827 10068 16429 2756 10069 16430 2756 10070 16431 2827 10071 16432 2744 10072 16433 2756 10070 16434 2744 10072 16435 2788 10073 16436 2788 10074 16437 2744 9760 16438 2741 9759 16439 2788 10075 16440 2741 10076 16441 2787 10077 16442 2787 10077 16443 2741 10076 16444 2798 10078 16445 2787 10079 16446 2798 10080 16447 2758 10081 16448 2758 10081 16449 2798 10080 16450 2799 10082 16451 2758 10083 16452 2799 10084 16453 2759 10085 16454 2759 10085 16455 2799 10084 16456 2801 10086 16457 2759 10087 16458 2801 10088 16459 2825 10089 16460 2825 10090 16461 2801 10091 16462 2803 10092 16463 2825 10021 16464 2803 10093 16465 2824 10019 16466 2824 10094 16467 2803 10095 16468 2804 10096 16469 2824 10094 16470 2804 10096 16471 2828 10097 16472 2828 10098 16473 2804 10099 16474 2725 10100 16475 2828 10101 16476 2725 10102 16477 2724 10103 16478 2731 10104 16479 2733 10105 16480 2761 10106 16481 2761 10107 16482 2733 10108 16483 2806 10109 16484 2761 10107 16485 2806 10109 16486 2762 10110 16487 2762 10111 16488 2806 10112 16489 2807 10113 16490 2762 10111 16491 2807 10113 16492 2763 10114 16493 2763 10115 16494 2807 10116 16495 2809 10117 16496 2763 10115 16497 2809 10117 16498 2764 10118 16499 2764 10119 16500 2809 10120 16501 2811 10121 16502 2764 10119 16503 2811 10121 16504 2765 10122 16505 2765 10123 16506 2811 10124 16507 2813 10125 16508 2765 10123 16509 2813 10125 16510 2766 10126 16511 2766 10127 16512 2813 10128 16513 2815 10129 16514 2766 10127 16515 2815 10129 16516 2767 10130 16517 2767 10131 16518 2815 10132 16519 2817 10133 16520 2767 10131 16521 2817 10133 16522 2768 10134 16523 2768 10135 16524 2817 10136 16525 2819 10137 16526 2768 10135 16527 2819 10137 16528 2769 10138 16529 2769 10139 16530 2819 10140 16531 2821 10141 16532 2769 10139 16533 2821 10141 16534 2770 10142 16535 2770 10143 16536 2821 10144 16537 2823 10145 16538 2770 10143 16539 2823 10145 16540 2771 10146 16541 2771 10147 16542 2823 10148 16543 2824 10149 16544 2771 10147 16545 2824 10149 16546 2772 10150 16547 2772 10151 16548 2824 10152 16549 2828 10153 16550 2772 10151 16551 2828 10153 16552 2773 10154 16553 2773 10155 16554 2828 10156 16555 2724 10157 16556 2773 10158 16557 2724 10159 16558 2723 10160 16559 2587 9785 16560 1280 10161 16561 2731 9786 16562 2731 9786 16563 1280 10161 16564 1279 10162 16565 2731 9743 16566 1279 10163 16567 2732 9744 16568 2732 9744 16569 1279 10163 16570 1341 10164 16571 2732 9746 16572 1341 10165 16573 2734 9747 16574 2734 9747 16575 1341 10165 16576 1316 10166 16577 2734 10063 16578 1316 10167 16579 2797 10064 16580 2797 10064 16581 1316 10167 16582 1315 10168 16583 2797 9945 16584 1315 10169 16585 2774 9946 16586 2774 9946 16587 1315 10169 16588 1314 10170 16589 2774 10171 16590 1314 10172 16591 2775 10173 16592 1314 10172 16593 1313 10174 16594 2775 10173 16595 2775 10175 16596 1313 4333 16597 1312 4332 16598 2775 9870 16599 1312 10176 16600 2776 9871 16601 2776 10177 16602 1312 4329 16603 1232 4328 16604 2776 9872 16605 1232 10178 16606 2748 9764 16607 2730 10179 16608 2743 10180 16609 901 10181 16610 877 10182 16611 876 1207 16612 2748 10183 16613 2748 10183 16614 902 10184 16615 2749 10185 16616 2749 10185 16617 902 10184 16618 901 10181 16619 901 10181 16620 900 10186 16621 2730 10179 16622 2730 10179 16623 900 10186 16624 899 10187 16625 2730 10179 16626 899 10187 16627 2642 10188 16628 2642 10188 16629 899 10187 16630 910 10189 16631 2642 10188 16632 910 10189 16633 2643 10190 16634 2643 10190 16635 910 10189 16636 909 10191 16637 1350 10192 16638 1363 10193 16639 883 10194 16640 907 10195 16641 875 10196 16642 908 10197 16643 908 10197 16644 875 10196 16645 886 10198 16646 908 10197 16647 886 10198 16648 2640 10199 16649 901 10181 16650 2746 10200 16651 2745 10201 16652 883 10194 16653 882 10202 16654 1350 10192 16655 1350 10192 16656 882 10202 16657 881 10203 16658 1350 10192 16659 881 10203 16660 1239 10204 16661 1239 10204 16662 881 10203 16663 880 10205 16664 1239 10204 16665 880 10205 16666 1240 10206 16667 1240 10206 16668 880 10205 16669 879 10207 16670 907 10195 16671 906 10208 16672 875 10196 16673 875 10196 16674 906 10208 16675 905 1207 16676 875 10196 16677 905 1207 16678 876 1207 16679 876 1207 16680 905 1207 16681 904 10209 16682 876 1207 16683 904 10209 16684 2748 10183 16685 2748 10183 16686 904 10209 16687 903 10210 16688 2748 10183 16689 903 10210 16690 902 10184 16691 2743 10180 16692 2740 10211 16693 901 10181 16694 901 10181 16695 2740 10211 16696 2739 10212 16697 901 10181 16698 2739 10212 16699 2744 10213 16700 2745 10201 16701 2782 10214 16702 901 10181 16703 901 10181 16704 2782 10214 16705 2781 10215 16706 901 10181 16707 2781 10215 16708 2749 10185 16709 2640 10199 16710 2639 10216 16711 908 10197 16712 908 10197 16713 2639 10216 16714 2676 10217 16715 908 10197 16716 2676 10217 16717 909 10191 16718 909 10191 16719 2676 10217 16720 2675 10218 16721 909 10191 16722 2675 10218 16723 2643 10190 16724 2634 10219 16725 2633 10220 16726 886 10198 16727 886 10198 16728 2633 10220 16729 2638 10221 16730 877 10182 16731 2748 10183 16732 878 10222 16733 878 10222 16734 2748 10183 16735 1232 10223 16736 878 10222 16737 1232 10223 16738 1234 10224 16739 2744 10213 16740 2827 1207 16741 901 10181 16742 901 10181 16743 2827 1207 16744 2826 10225 16745 901 10181 16746 2826 10225 16747 2746 10200 16748 883 10194 16749 1369 10226 16750 884 10227 16751 884 10227 16752 1369 10226 16753 1368 10228 16754 884 10227 16755 1368 10228 16756 885 10229 16757 885 10229 16758 1368 10228 16759 2624 10230 16760 885 10229 16761 2624 10230 16762 886 10198 16763 886 10198 16764 2624 10230 16765 2637 10231 16766 886 10198 16767 2637 10231 16768 2634 10219 16769 2638 10221 16770 2721 10232 16771 886 10198 16772 886 10198 16773 2721 10232 16774 2720 10233 16775 886 10198 16776 2720 10233 16777 2640 10199 16778 883 10194 16779 1366 10234 16780 1365 10235 16781 1234 10224 16782 1230 10236 16783 878 10222 16784 878 10222 16785 1230 10236 16786 1229 10237 16787 878 10222 16788 1229 10237 16789 1235 10238 16790 1363 10193 16791 1360 10239 16792 883 10194 16793 883 10194 16794 1360 10239 16795 1359 10240 16796 883 10194 16797 1359 10240 16798 1364 10241 16799 1365 10235 16800 1416 10242 16801 883 10194 16802 883 10194 16803 1416 10242 16804 1415 10243 16805 883 10194 16806 1415 10243 16807 1369 10226 16808 1235 10238 16809 1339 10244 16810 878 10222 16811 878 10222 16812 1339 10244 16813 1338 10245 16814 878 10222 16815 1338 10245 16816 1237 10246 16817 1237 10246 16818 1236 10247 16819 878 10222 16820 878 10222 16821 1236 10247 16822 1289 10248 16823 878 10222 16824 1289 10248 16825 879 10207 16826 879 10207 16827 1289 10248 16828 1288 10249 16829 879 10207 16830 1288 10249 16831 1240 10206 16832 1364 10241 16833 1461 1207 16834 883 10194 16835 883 10194 16836 1461 1207 16837 1460 10250 16838 883 10194 16839 1460 10250 16840 1366 10234 16841</p>
        </triangles>
      </mesh>
    </geometry>
  </library_geometries>
  <library_visual_scenes>
    <visual_scene id="Scene" name="Scene">
      <node id="right_D405_link" name="right_D405_link" type="NODE">
        <matrix sid="transform">1 0 0 0 0 1 0 0 0 0 1 0 0 0 0 1</matrix>
        <instance_geometry url="#right_D405_link-mesh" name="right_D405_link">
          <bind_material>
            <technique_common>
              <instance_material symbol="材质_028-material" target="#材质_028-material">
                <bind_vertex_input semantic="UVMap" input_semantic="TEXCOORD" input_set="0"/>
              </instance_material>
            </technique_common>
          </bind_material>
        </instance_geometry>
      </node>
    </visual_scene>
  </library_visual_scenes>
  <scene>
    <instance_visual_scene url="#Scene"/>
  </scene>
</COLLADA>