<?xml version="1.0" encoding="utf-8"?>
<COLLADA xmlns="http://www.collada.org/2005/11/COLLADASchema" version="1.4.1" xmlns:xsi="http://www.w3.org/2001/XMLSchema-instance">
  <asset>
    <contributor>
      <author>Blender User</author>
      <authoring_tool>Blender 4.5.5 LTS commit date:2025-11-17, commit time:16:03, hash:836beaaf597a</authoring_tool>
    </contributor>
    <created>2026-01-08T13:41:56</created>
    <modified>2026-01-08T13:41:56</modified>
    <unit name="meter" meter="1"/>
    <up_axis>Z_UP</up_axis>
  </asset>
  <library_effects>
    <effect id="材质-effect">
      <profile_COMMON>
        <newparam sid="texture_jpeg-surface">
          <surface type="2D">
            <init_from>texture_jpeg</init_from>
          </surface>
        </newparam>
        <newparam sid="texture_jpeg-sampler">
          <sampler2D>
            <source>texture_jpeg-surface</source>
          </sampler2D>
        </newparam>
        <technique sid="common">
          <lambert>
            <emission>
              <color sid="emission">0 0 0 1</color>
            </emission>
            <diffuse>
              <texture texture="texture_jpeg-sampler" texcoord="UVMap"/>
            </diffuse>
            <index_of_refraction>
              <float sid="ior">1.5</float>
            </index_of_refraction>
          </lambert>
        </technique>
      </profile_COMMON>
    </effect>
  </library_effects>
  <library_images>
    <image id="texture_jpeg" name="texture_jpeg">
      <init_from>texture.jpeg</init_from>
    </image>
  </library_images>
  <library_materials>
    <material id="材质-material" name="材质">
      <instance_effect url="#材质-effect"/>
    </material>
  </library_materials>
  <library_geometries>
    <geometry id="right_gripper_finger_link1-mesh" name="right_gripper_finger_link1">
      <mesh>
        <source id="right_gripper_finger_link1-mesh-positions">
          <float_array id="right_gripper_finger_link1-mesh-positions-array" count="7692">-0.03369498 -0.02260798 0.01804095 -0.03369498 -0.022439 0.01732599 -0.03369498 -0.02259695 0.01660895 -0.03369498 -0.02373397 0.01892495 -0.03369498 -0.02306997 0.01861095 -0.03369498 -0.02446895 0.01891899 -0.03369498 -0.02510797 0.01601499 -0.03369498 -0.02556997 0.016586 -0.03369498 -0.02444398 0.01570194 -0.03369498 -0.02573895 0.01729995 -0.03369498 -0.02370899 0.01570695 -0.03369498 -0.02304995 0.01603096 -0.03369498 -0.025581 0.01801699 -0.03369498 -0.02512794 0.01859498 -0.03649497 -0.02573895 0.01729995 -0.03649497 -0.025581 0.01801699 -0.03649497 -0.02512794 0.01859498 -0.03649497 -0.02446895 0.01891899 -0.03649497 -0.02373397 0.01892495 -0.03649497 -0.02306997 0.01861095 -0.03649497 -0.02260798 0.01804095 -0.03649497 -0.022439 0.01732599 -0.03649497 -0.02259695 0.01660895 -0.03649497 -0.02304995 0.01603096 -0.03649497 -0.02370899 0.01570695 -0.03649497 -0.02444398 0.01570194 -0.03649497 -0.02510797 0.01601499 -0.03649497 -0.02556997 0.016586 -0.03649497 -0.02156198 0.01383298 -0.03649497 -0.02606195 0.01379799 -0.03649497 -0.02663695 0.01390695 -0.03649497 -0.01261699 0.02090197 -0.03649497 -0.01145094 0.02075797 -0.03649497 -0.013071 0.01868897 -0.03649497 -0.01036196 0.02031695 -0.03649497 -0.01260799 0.01811796 -0.03649497 -0.01510798 0.01609295 -0.03649497 -0.01659899 0.01367998 -0.03649497 -0.01556998 0.01666295 -0.03649497 -0.01656198 0.01387196 -0.03649497 -0.01573896 0.01737797 -0.03649497 -0.01659297 0.01787096 -0.03649497 -0.01558196 0.01809495 -0.03649497 -0.01671195 0.01844495 -0.03649497 -0.01512795 0.018673 -0.03649497 -0.02159297 0.01783299 -0.03649497 -0.021483 0.01840698 -0.03649497 -0.02116197 0.01889699 -0.03649497 -0.00792998 -0.00306195 -0.03649497 -0.01292997 -0.003100991 -0.03649497 -0.01302099 0.008570969 -0.03649497 -0.01691496 0.01339 -0.03649497 -0.01686698 0.01340699 -0.03649497 -0.016617 0.01313894 -0.03649497 -0.01670598 0.01351696 -0.03649497 -0.013767 0.010333 -0.03649497 -0.009424984 0.01960897 -0.03649497 -0.00870198 0.01868295 -0.03649497 -0.01243895 0.01740396 -0.03649497 -0.008243978 0.01760095 -0.03649497 -0.01259696 0.01668697 -0.03649497 -0.008081972 0.01643794 -0.03649497 -0.01305097 0.01610898 -0.03649497 -0.01370996 0.01578497 -0.03649497 -0.01444399 0.01577895 -0.03649497 -0.01321798 0.009525954 -0.03649497 -0.02712595 0.01422899 -0.03649497 -0.02745497 0.01471298 -0.03649497 -0.02757298 0.01528596 -0.03649497 -0.02760499 0.01928597 -0.03649497 -0.02749496 0.01986098 -0.03649497 -0.020105 0.01934397 -0.03649497 -0.02611595 0.02079695 -0.03649497 -0.02067798 0.019225 -0.03649497 -0.01373499 0.01900196 -0.03649497 -0.01446896 0.01899695 -0.03649497 -0.02668899 0.02067899 -0.03649497 -0.02717298 0.02034997 -0.03649497 -0.01704096 0.018929 -0.03649497 -0.01752996 0.01924997 -0.03649497 -0.01810497 0.01936 -0.03369498 -0.01573896 0.01737797 -0.03369498 -0.01558196 0.01809495 -0.03369498 -0.01512795 0.018673 -0.03369498 -0.01446896 0.01899695 -0.03369498 -0.01373499 0.01900196 -0.03369498 -0.013071 0.01868897 -0.03369498 -0.01260799 0.01811796 -0.03369498 -0.01243895 0.01740396 -0.03369498 -0.01259696 0.01668697 -0.03369498 -0.01305097 0.01610898 -0.03369498 -0.01370996 0.01578497 -0.03369498 -0.01444399 0.01577895 -0.03369498 -0.01510798 0.01609295 -0.03369498 -0.01556998 0.01666295 -0.03599494 -0.014117 0.009975969 -0.03599494 -0.01367896 0.009330987 -0.03599494 -0.01352095 0.008566975 -0.03599494 -0.01262098 0.021402 -0.03599494 -0.02611994 0.02129697 -0.03599494 -0.02810496 0.01928198 -0.03599494 -0.02795797 0.02004796 -0.03599494 -0.02752995 0.02070099 -0.03599494 -0.02688395 0.02113896 -0.03599494 -0.02807295 0.01528197 -0.03599494 -0.02605795 0.01329797 -0.03599494 -0.02682399 0.01344394 -0.03599494 -0.02747696 0.01387196 -0.03599494 -0.027915 0.01451796 -0.03624498 -0.02149295 0.013583 -0.036062 -0.02130895 0.01340198 -0.03601199 -0.02118796 0.01335299 -0.03599494 -0.02105796 0.01333695 -0.03759497 -0.02156198 0.01383298 -0.03759497 -0.02159297 0.01783299 -0.03759497 -0.021483 0.01840698 -0.03759497 -0.02116197 0.01889699 -0.03759497 -0.02067798 0.019225 -0.03759497 -0.020105 0.01934397 -0.03759497 -0.01810497 0.01936 -0.03759497 -0.01659297 0.01787096 -0.03759497 -0.01671195 0.01844495 -0.03759497 -0.01704096 0.018929 -0.03759497 -0.01752996 0.01924997 -0.03759497 -0.01656198 0.01387196 -0.03759497 -0.01705795 0.01336795 -0.03644198 -0.01698398 0.01337397 -0.03639596 -0.01705795 0.01336795 -0.03759497 -0.01686698 0.01340699 -0.03759497 -0.01670598 0.01351696 -0.03759497 -0.01659899 0.01367998 -0.03644198 -0.01698398 0.01337397 -0.03599494 -0.01696795 0.01278299 -0.03599494 -0.01736396 0.01308596 -0.03614497 -0.01759696 0.013363 -0.03599494 -0.01761996 0.01321095 -0.03599494 -0.01789999 0.01330095 -0.03602397 -0.01804596 0.01335996 -0.03599494 -0.01838696 0.01335698 -0.03599494 -0.011325 0.02124196 -0.03599494 -0.01011496 0.02075195 -0.03599494 -0.009073972 0.019966 -0.03599494 -0.008270978 0.01893597 -0.03599494 -0.007761955 0.01773399 -0.03599494 -0.007581949 0.016442 -0.03449499 -0.007913947 -0.005061984 -0.03449499 -0.012914 -0.005100965 -0.03525996 -0.01291596 -0.00494796 -0.03525996 -0.007915973 -0.004908978 -0.03590899 -0.01291894 -0.004514992 -0.03590899 -0.007918953 -0.004475951 -0.03634196 -0.01292395 -0.003865957 -0.03634196 -0.00792396 -0.003826975 -0.03599494 -0.01342999 -0.003104984 -0.03599494 -0.007429957 -0.003057956 -0.03099495 -0.014117 0.009975969 -0.03099495 -0.01367896 0.009330987 -0.03099495 -0.01352095 0.008566975 -0.03099495 -0.02611994 0.02129697 -0.03099495 -0.01262098 0.021402 -0.03099495 -0.02688395 0.02113896 -0.03099495 -0.02752995 0.02070099 -0.03099495 -0.02795797 0.02004796 -0.03099495 -0.02810496 0.01928198 -0.03099495 -0.02807295 0.01528197 -0.03099495 -0.02792096 0.01453095 -0.03099495 -0.02748298 0.013879 -0.03099495 -0.026829 0.01344597 -0.03099495 -0.02605795 0.01329797 -0.03099495 -0.01838696 0.01335698 -0.03759497 -0.02105796 0.01333695 -0.03759497 -0.02152198 0.01364195 -0.03759497 -0.02149295 0.013583 -0.03759497 -0.02124994 0.01337295 -0.03759497 -0.02130895 0.01340198 -0.03759497 -0.02141296 0.01347994 -0.03789496 -0.02126199 0.01383495 -0.03789496 -0.02129298 0.01783496 -0.03789496 -0.02120494 0.01829499 -0.03789496 -0.02094799 0.01868599 -0.03789496 -0.02056097 0.01894897 -0.03789496 -0.02010196 0.01904398 -0.03789496 -0.018103 0.01905995 -0.03789496 -0.01764297 0.01897197 -0.03789496 -0.01725095 0.01871496 -0.03789496 -0.01698797 0.01832795 -0.03789496 -0.01689296 0.01786899 -0.03789496 -0.01686197 0.01386898 -0.03789496 -0.01687699 0.01379299 -0.03789496 -0.01691997 0.01372694 -0.03789496 -0.01698398 0.01368296 -0.03789496 -0.01706099 0.013668 -0.03099495 -0.01696795 0.01278299 -0.03099495 -0.01761996 0.01321095 -0.03099495 -0.007581949 0.016442 -0.03099495 -0.007761955 0.01773399 -0.03099495 -0.008270978 0.01893597 -0.03099495 -0.009073972 0.019966 -0.03099495 -0.01011496 0.02075195 -0.03099495 -0.011325 0.02124196 -0.01749497 -0.012914 -0.005100965 -0.01749497 -0.007913947 -0.005061984 -0.03587996 -0.01342499 -0.003678977 -0.035555 -0.01342195 -0.004164993 -0.03506898 -0.01341897 -0.004489958 -0.03449499 -0.01341795 -0.004604995 -0.03449499 -0.007417976 -0.004557967 -0.03506898 -0.00741899 -0.004443943 -0.035555 -0.00742197 -0.004118978 -0.03587996 -0.007425963 -0.003631949 -0.03237599 -0.007458984 6.9e-4 -0.03202795 -0.007832944 5.49e-4 -0.03251999 -0.007452964 -5.8e-5 -0.03214496 -0.007827997 -6.1e-5 -0.02861297 -0.007458984 6.9e-4 -0.02846997 -0.007452964 -5.8e-5 -0.02884495 -0.007827997 -6.1e-5 -0.028961 -0.007832944 5.49e-4 -0.02900797 -0.007833957 6.55e-4 -0.02904897 -0.007463991 0.001359999 -0.02931696 -0.007836997 0.001094996 -0.02946597 -0.007837951 0.001228988 -0.02971094 -0.007467985 0.001808941 -0.02985596 -0.007839977 0.001459956 -0.03012698 -0.007840991 0.001547992 -0.03049498 -0.007468998 0.001966953 -0.03049498 -0.007840991 0.001589 -0.03127795 -0.007467985 0.001808941 -0.03086197 -0.007840991 0.001547992 -0.03113299 -0.007839977 0.001459956 -0.03193998 -0.007463991 0.001359999 -0.03152298 -0.007837951 0.001228988 -0.031672 -0.007836997 0.001094996 -0.03198099 -0.007833957 6.55e-4 -0.03099495 -0.007507979 0.006941974 -0.03080397 -0.007499992 0.005984961 -0.01691699 -0.007487952 0.004325985 -0.01904898 -0.007463991 0.001359999 -0.01971095 -0.007467985 0.001808941 -0.01749497 -0.007487952 0.004441976 -0.02049499 -0.007468998 0.001966953 -0.02849495 -0.007487952 0.004441976 -0.02192699 -0.007441997 -0.001489996 -0.02126997 -0.007438957 -0.001928985 -0.03587996 -0.007425963 -0.003631949 -0.03236496 -0.007446944 -8.33e-4 -0.03192698 -0.007441997 -0.001489996 -0.03126996 -0.007438957 -0.001928985 -0.01749497 -0.007417976 -0.004557967 -0.02945095 -0.007489979 0.004631996 -0.03026199 -0.007493972 0.005173981 -0.02049499 -0.007437944 -0.002082943 -0.01971995 -0.007438957 -0.001928985 -0.01692098 -0.00741899 -0.004443943 -0.01906299 -0.007441997 -0.001489996 -0.01642894 -0.007484972 0.003997981 -0.01610499 -0.007480978 0.003505945 -0.01861298 -0.007458984 6.9e-4 -0.01599496 -0.007476985 0.002941966 -0.01846998 -0.007452964 -5.8e-5 -0.01599496 -0.007429957 -0.003057956 -0.01862394 -0.007446944 -8.33e-4 -0.01610898 -0.007425963 -0.003631949 -0.01643395 -0.00742197 -0.004118978 -0.03049498 -0.007437944 -0.002082943 -0.02971994 -0.007438957 -0.001928985 -0.02906298 -0.007441997 -0.001489996 -0.02236497 -0.007446944 -8.33e-4 -0.02862399 -0.007446944 -8.33e-4 -0.02252 -0.007452964 -5.8e-5 -0.022376 -0.007458984 6.9e-4 -0.02193999 -0.007463991 0.001359999 -0.02127796 -0.007467985 0.001808941 -0.03049498 -0.01302099 0.008570969 -0.03049498 -0.01321798 0.009525954 -0.03049498 -0.013767 0.010333 -0.03049498 -0.02611595 0.02079695 -0.03049498 -0.01261699 0.02090197 -0.03049498 -0.02668899 0.02067899 -0.03049498 -0.02717298 0.02034997 -0.03049498 -0.02749496 0.01986098 -0.03049498 -0.02760499 0.01928597 -0.03049498 -0.02757298 0.01528596 -0.03049498 -0.02745896 0.014723 -0.03049498 -0.02713096 0.01423394 -0.03049498 -0.02663999 0.01390898 -0.03049498 -0.02606195 0.01379799 -0.03789496 -0.02105998 0.01363694 -0.03049498 -0.01838999 0.01385694 -0.03789496 -0.02113699 0.01365095 -0.03789496 -0.02120196 0.01369398 -0.03789496 -0.02124595 0.01375895 -0.03049498 -0.016617 0.01313894 -0.03049498 -0.01743197 0.01367396 -0.03049498 -0.008081972 0.01643794 -0.03049498 -0.008243978 0.01760095 -0.03049498 -0.00870198 0.01868295 -0.03049498 -0.009424984 0.01960897 -0.03049498 -0.01036196 0.02031695 -0.03049498 -0.01145094 0.02075797 -0.015495 -0.00792998 -0.00306195 -0.015495 -0.01292997 -0.003100991 -0.01564699 -0.01292395 -0.003865957 -0.01564699 -0.00792396 -0.003826975 -0.01607996 -0.01291894 -0.004514992 -0.01607996 -0.007918953 -0.004475951 -0.01672899 -0.01291596 -0.00494796 -0.01672899 -0.007915973 -0.004908978 -0.02897 -0.00782299 -6.92e-4 -0.02884495 -0.01345294 -1.05e-4 -0.02900797 -0.01344799 -8.21e-4 -0.02900797 -0.00782299 -7.77e-4 -0.02932798 -0.007818996 -0.001227974 -0.02946597 -0.01344299 -0.001394987 -0.02946597 -0.007817983 -0.001350998 -0.02986299 -0.00781697 -0.001584947 -0.03012698 -0.01344096 -0.001712977 -0.03012698 -0.007815957 -0.001668989 -0.03049498 -0.007815957 -0.001710951 -0.03086197 -0.01344096 -0.001712977 -0.03086197 -0.007815957 -0.001668989 -0.03112596 -0.00781697 -0.001584947 -0.03152298 -0.01344299 -0.001394987 -0.03152298 -0.007817983 -0.001350998 -0.03166097 -0.007818996 -0.001227974 -0.03198099 -0.01344799 -8.21e-4 -0.03214496 -0.01345294 -1.05e-4 -0.03201895 -0.00782299 -6.92e-4 -0.03198099 -0.00782299 -7.77e-4 -0.03198099 -0.01345896 6.11e-4 -0.03152298 -0.01346296 0.001184999 -0.03086197 -0.013466 0.001503944 -0.03012698 -0.013466 0.001503944 -0.02946597 -0.01346296 0.001184999 -0.02900797 -0.01345896 6.11e-4 -0.03099495 -0.01350796 0.006894946 -0.03049498 -0.01300799 0.006898999 -0.03034198 -0.01300197 0.006133973 -0.03080397 -0.01349997 0.005937993 -0.02990895 -0.01299697 0.005484998 -0.03026199 -0.01349395 0.005126953 -0.02925997 -0.01299297 0.005050957 -0.02945095 -0.01348996 0.004584968 -0.02849495 -0.01299196 0.004898965 -0.02849495 -0.01348799 0.004394948 -0.01749497 -0.01348799 0.004394948 -0.01749497 -0.01299196 0.004898965 -0.01599496 -0.01347696 0.002894997 -0.015495 -0.012977 0.002898991 -0.01564699 -0.01298296 0.003663957 -0.01610898 -0.01348096 0.00346899 -0.01607996 -0.01298797 0.004312992 -0.01643395 -0.01348495 0.00395596 -0.01672899 -0.01299095 0.004746973 -0.01692098 -0.01348698 0.004280984 -0.02214497 -0.007827997 -6.1e-5 -0.02202796 -0.007832944 5.49e-4 -0.02214497 -0.01345294 -1.05e-4 -0.021981 -0.01345896 6.11e-4 -0.021981 -0.007833957 6.55e-4 -0.02167195 -0.007836997 0.001094996 -0.02152299 -0.01346296 0.001184999 -0.02152299 -0.007837951 0.001228988 -0.021133 -0.007839977 0.001459956 -0.02086198 -0.013466 0.001503944 -0.02086198 -0.007840991 0.001547992 -0.02049499 -0.007840991 0.001589 -0.02012699 -0.013466 0.001503944 -0.02012699 -0.007840991 0.001547992 -0.01985597 -0.007839977 0.001459956 -0.01946598 -0.01346296 0.001184999 -0.01946598 -0.007837951 0.001228988 -0.01931697 -0.007836997 0.001094996 -0.01900798 -0.01345896 6.11e-4 -0.01884496 -0.007827997 -6.1e-5 -0.01884496 -0.01345294 -1.05e-4 -0.01896095 -0.007832944 5.49e-4 -0.01900798 -0.007833957 6.55e-4 -0.02201896 -0.00782299 -6.92e-4 -0.021981 -0.00782299 -7.77e-4 -0.02166098 -0.007818996 -0.001227974 -0.02152299 -0.007817983 -0.001350998 -0.02112597 -0.00781697 -0.001584947 -0.02086198 -0.007815957 -0.001668989 -0.02049499 -0.007815957 -0.001710951 -0.02012699 -0.007815957 -0.001668989 -0.01986294 -0.00781697 -0.001584947 -0.01946598 -0.007817983 -0.001350998 -0.01932799 -0.007818996 -0.001227974 -0.01896995 -0.00782299 -6.92e-4 -0.01900798 -0.00782299 -7.77e-4 -0.01900798 -0.01344799 -8.21e-4 -0.01946598 -0.01344299 -0.001394987 -0.02012699 -0.01344096 -0.001712977 -0.02086198 -0.01344096 -0.001712977 -0.02152299 -0.01344299 -0.001394987 -0.021981 -0.01344799 -8.21e-4 -0.01692098 -0.01348698 0.004280984 -0.01749497 -0.01341795 -0.004604995 -0.01692098 -0.01341897 -0.004489958 -0.01643395 -0.01342195 -0.004164993 -0.01610898 -0.01342499 -0.003678977 -0.01599496 -0.01342999 -0.003104984 -0.01643395 -0.01348495 0.00395596 -0.015495 -0.007976949 0.002937972 -0.01564198 -0.007982969 0.003689944 -0.016074 -0.007987976 0.004345953 -0.016725 -0.007990956 0.004783987 -0.01749497 -0.007991969 0.004937946 -0.02849495 -0.007991969 0.004937946 -0.02925997 -0.007992982 0.005089998 -0.02990895 -0.007996976 0.005523979 -0.03034198 -0.008001983 0.006172955 -0.03049498 -0.008007943 0.00693798 -0.029495 -0.01325094 -0.008896946 -0.02899497 -0.01338499 -0.00889796 -0.029495 -0.01338499 -0.00889796 -0.031596 2.75e-4 -0.008791983 -0.02999496 0.00148797 -0.008782982 -0.03049498 -0.006384968 -0.008843958 -0.02999496 -0.01238495 -0.008890986 -0.03049498 -0.01238495 -0.008890986 -0.03041899 -0.01276695 -0.008893966 -0.02986097 -0.01288497 -0.008894979 -0.03020197 -0.01309198 -0.008895993 -0.03499495 -0.006384968 -0.008843958 -0.03499495 -0.003302991 -0.008819997 -0.02987694 -0.013309 -0.00889796 -0.03454095 -0.002026975 -0.008809983 -0.03433799 -0.001811981 -0.008807957 -0.03419697 -0.001694977 -0.008806943 -0.03494197 -0.002845942 -0.008815944 -0.03478395 -0.002404987 -0.008812963 -0.029495 -0.01340699 -0.006104946 -0.02987694 -0.01332998 -0.006103992 -0.03020197 -0.01311397 -0.006101965 -0.03041899 -0.01278895 -0.006099998 -0.03049498 -0.012407 -0.006096959 -0.028907 -0.01305299 -0.01391899 -0.02890598 -0.01304996 -0.01392197 0.039505 -0.012793 -0.005565941 -0.02888 -0.01272696 -0.01413196 0.039514 -0.01240998 -0.005638957 -0.02888 -0.01272398 -0.01413297 -0.02886998 -0.01234298 -0.01420396 0.039478 -0.01311898 -0.005353987 0.03943794 -0.01333898 -0.005033969 -0.02894699 -0.01327198 -0.01359897 0.03938996 -0.01341795 -0.004654943 -0.02899497 -0.01335096 -0.01321995 -0.02617895 0.00286895 -0.01366394 -0.02689898 0.00288397 -0.01374197 -0.02703899 0.003372967 -0.01343995 -0.02685397 0.002350986 -0.01383697 -0.027408 0.002076983 -0.01390898 -0.027565 0.002276957 -0.01390498 -0.02758795 0.002601981 -0.01383095 -0.02613896 0.003336966 -0.01337999 -0.02716696 0.003703951 -0.012968 -0.02613794 0.003675997 -0.01294797 -0.02692598 0.00385797 -0.01255095 -0.026169 0.003827989 -0.01249897 -0.02738499 0.003781974 -0.01257598 -0.02726995 0.003807961 -0.01257097 -0.02724099 0.003813982 -0.01256895 -0.02835297 0.003153979 -0.01312094 -0.02849495 0.003249943 -0.01261198 -0.02802497 0.003543972 -0.01260298 -0.02774095 0.002492964 -0.01385098 -0.02808499 0.00288695 -0.01357495 -0.02789497 0.003021955 -0.01354998 -0.02813798 0.003306984 -0.01309198 -0.02624595 0.002379953 -0.01376098 0.01582598 -0.002942979 -0.007275998 0.03145796 -0.005464971 -0.005324959 0.031497 -0.005745947 -0.005998969 0.002851963 -9.99e-4 -0.009352982 0.03149199 -0.005960941 -0.00623399 0.002850949 -0.001336991 -0.009784996 0.03147399 -0.006218969 -0.006417989 0.002809941 -0.001804947 -0.01006895 0.003047943 -8.82e-4 -0.008866965 0.001929998 -0.002162992 -0.01026695 -0.01198995 5.81e-4 -0.011904 -0.011949 0.001048982 -0.01161998 -0.011949 0.001387953 -0.01118797 0.03138595 -0.006917953 -0.006613969 0.03417599 -0.006443977 -0.005471944 0.03508698 -0.00692898 -0.00536096 0.03496497 -0.00722295 -0.005807995 0.03591799 -0.009098947 -0.006063997 0.03451699 -0.008054971 -0.00623095 0.03553795 -0.008153975 -0.006018996 0.036228 -0.008746981 -0.005943953 0.03578597 -0.007773995 -0.005709946 0.03649997 -0.00841397 -0.005658984 0.03593695 -0.007499992 -0.005258977 0.03667199 -0.008177995 -0.005279958 0.03195697 -0.005557954 -0.005271971 0.03327494 -0.00593096 -0.005132973 0.03321999 -0.006055951 -0.005587995 0.03452497 -0.006473958 -0.005002975 0.03316199 -0.006379961 -0.006027996 0.03304195 -0.00682795 -0.006320953 0.03408396 -0.006754994 -0.005914986 0.03475695 -0.00762999 -0.006112992 0.03391999 -0.007183969 -0.006213963 0.03568696 -0.007175981 -0.004882991 0.03674995 -0.008026957 -0.004774987 0.03414499 -0.007843971 -0.006275951 0.03289198 -0.007295966 -0.006428956 0.03210896 -0.007063984 -0.00652498 0.03868699 -0.009981989 -0.004969954 0.04073899 -0.01169997 -0.004299998 0.03772497 -0.01076298 -0.005849957 0.03973996 -0.01229095 -0.005589962 0.03821998 -0.01058399 -0.005708992 0.03995698 -0.01217395 -0.005500972 0.03849798 -0.01024496 -0.005417943 0.04060995 -0.01179498 -0.004801988 0.04050397 -0.01186197 -0.005000948 0.04034197 -0.01195698 -0.005208969 0.03129899 -0.009018957 -0.006641983 0.03073799 -0.009539961 -0.005950987 0.02962195 -0.007475972 -0.00683999 0.02906197 -0.007996976 -0.006148993 0.029199 -0.007184982 -0.006889998 0.02880299 -0.007818996 -0.006200969 0.02849096 -0.00771898 -0.006263971 0.02868896 -0.007022976 -0.006952941 -0.008453965 -0.001037955 -0.01155894 -0.008650958 -0.001734972 -0.01086997 -0.008925974 -0.00101298 -0.01161795 -0.009178996 -0.001742959 -0.01096695 -0.00940895 -0.00109595 -0.01167899 -0.009667992 -0.001932978 -0.01105797 -0.009861946 -0.002072989 -0.01109498 -0.01022899 -0.001534998 -0.01178497 -0.012335 -0.003327965 -0.01206296 -0.01196795 -0.003865957 -0.01137197 -0.01265996 -0.00367099 -0.012106 -0.01230096 -0.00427097 -0.01143699 -0.01290994 -0.004092991 -0.01214098 -0.01247096 -0.00474298 -0.01147097 -0.01310795 -0.005000948 -0.01217299 -0.01249498 -0.004989981 -0.01147794 -0.01249498 -0.005006968 -0.01147794 -0.01310795 -0.009258985 -0.01220595 -0.01249498 -0.009263992 -0.01151096 -0.01139497 -0.01036596 -0.01129394 -0.01130795 -0.01106095 -0.011994 -0.01199299 -0.01092398 -0.012079 -0.01181399 -0.01028198 -0.01137995 -0.012582 -0.01053094 -0.01214998 -0.01217299 -0.01004195 -0.01145094 -0.01297098 -0.009945988 -0.01219397 -0.01241099 -0.009683966 -0.01149696 0.030487 -0.01110094 -0.006759941 0.03039997 -0.01040697 -0.006059944 0.03151798 -0.009287953 -0.006615996 0.03085994 -0.009712994 -0.005915999 0.03165298 -0.009619951 -0.006601989 0.03168499 -0.009979963 -0.006600975 0.0309 -0.00990796 -0.005904972 0.03160798 -0.01032996 -0.006612956 0.03084498 -0.01013499 -0.005923986 0.03143197 -0.01064199 -0.00663799 0.03116899 -0.01088899 -0.006672978 0.03049695 -0.01039797 -0.006029963 0.03057295 -0.01037597 -0.006006956 0.03070098 -0.01030695 -0.005967974 0.03084295 -0.01104795 -0.006714999 -0.03079396 0.002374947 -0.004425942 -0.03079599 0.002377986 -0.004505991 -0.03193998 0.001520991 -0.004363954 -0.03227597 4.85e-4 -0.003577947 -0.032009 7.05e-4 -0.003696978 -0.03254896 4.05e-4 -0.003444969 -0.03112995 0.001705944 -0.003980994 -0.031277 0.001314997 -0.003912985 -0.03049498 0.001974999 -0.003984987 -0.03315997 -2.37e-4 -0.002983987 -0.03309196 -1.82e-4 -0.003042995 -0.03341597 -2.97e-4 -0.002756953 -0.03295499 -7e-5 -0.003154993 -0.03248995 3.09e-4 -0.003463983 -0.03336799 -4.05e-4 -0.00278598 -0.03378295 -5.92e-4 -0.002309978 -0.03385996 -8.01e-4 -0.002168953 -0.03384995 -4.79e-4 -0.002300977 -0.03413796 -7.37e-4 -0.001791954 -0.03408998 -8.32e-4 -0.001800954 -0.03393799 -3.82e-4 -0.002313971 -0.03420495 -6.51e-4 -0.00179398 -0.03403997 -3.07e-4 -0.002348959 -0.03434896 -5.39e-4 -0.001826941 -0.034702 -5.03e-4 -0.001994967 -0.03458797 -4.82e-4 -0.001927971 -0.03425997 -2.43e-4 -0.002474963 -0.03439795 -5.16e-4 -0.001843988 -0.03480195 -5.57e-4 -0.002065956 -0.03477895 -5.42e-4 -0.002048969 -0.03456997 -3.91e-4 -0.002467989 -0.03444999 -3.05e-4 -0.002643942 -0.03061097 0.002129971 -0.004022955 -0.03063398 0.002160966 -0.004039943 -0.03124696 0.001844942 -0.004090964 -0.03164196 0.001289963 -0.003871977 -0.03177499 0.001432955 -0.003975987 -0.03214198 8.86e-4 -0.003695964 -0.03228896 0.001034975 -0.003790974 -0.03357297 -9.7e-5 -0.002768993 -0.03366899 -2.4e-5 -0.002811968 -0.03270095 5.85e-4 -0.003479957 -0.03278297 6.54e-4 -0.003534972 -0.03405499 -9.58e-4 -0.001829981 -0.03348696 -1.9e-4 -0.002749979 -0.03262197 5.01e-4 -0.003449976 -0.03151094 0.001118957 -0.003859996 -0.033867 4.4e-5 -0.002956986 -0.03366696 2.57e-4 -0.003481984 -0.03293395 7.3e-4 -0.003702998 -0.033041 7.11e-4 -0.003915965 -0.03415 -2.6e-4 -0.002403974 -0.03376996 2.4e-5 -0.002875983 -0.03286194 7.04e-4 -0.003610968 -0.03077697 0.002350986 -0.004305958 -0.03188097 0.001515984 -0.004150986 -0.030743 0.002304971 -0.004197955 -0.03071194 0.002263963 -0.004135966 -0.03233098 0.001231968 -0.004243969 -0.02941197 0.002903997 -0.003827989 -0.02847796 0.003719985 -0.003425955 -0.02854096 0.003848969 -0.003490984 -0.03008198 0.002569973 -0.003996968 -0.02955496 0.003005981 -0.003899991 -0.02961999 0.003130972 -0.004013955 -0.02997398 0.002419948 -0.003946959 -0.02946096 0.002861976 -0.003841996 -0.02963298 0.003264963 -0.004344999 -0.02964699 0.003220975 -0.00417 -0.02857297 0.003969967 -0.003595948 -0.02856898 0.004063963 -0.003728985 -0.02852696 0.004121959 -0.003874957 -0.03440797 -3.18e-4 0.002695977 -0.03480195 -5.89e-4 0.002055943 -0.03480195 -6.88e-4 0.004038989 -0.03281396 8.14e-4 0.004049956 -0.03339499 3.96e-4 0.003696978 -0.03395897 -4e-6 0.003217995 -0.03517997 -8.84e-4 -0.001269996 -0.03412699 -0.001017987 -0.001682996 -0.03431397 -0.00120294 -0.001198947 -0.03423899 -0.001123964 -0.001415967 -0.03440696 -0.001134991 -9.43e-4 -0.03447699 -0.001019954 9.09e-4 -0.03413796 -7.65e-4 0.00177896 -0.03408998 -8.6e-4 0.00178796 -0.03458195 -9.14e-4 9.08e-4 -0.034711 -8.42e-4 9.21e-4 -0.03420597 -6.78e-4 0.001782953 -0.03434997 -5.68e-4 0.001817941 -0.03477996 -5.73e-4 0.002038955 -0.034702 -5.34e-4 0.001985967 -0.03512799 -8.72e-4 0.001031994 -0.03458797 -5.11e-4 0.001919984 -0.03499597 -8.2e-4 9.86e-4 -0.03506898 -8e-4 0.001538991 -0.03530699 -0.001037955 8.05e-4 -0.03524297 -9.81e-4 -5.35e-4 -0.03535997 -0.001090943 -5.21e-4 -0.03539198 -0.001135945 1.4e-4 -0.03512799 -8.56e-4 -0.001045942 -0.03458195 -9e-4 -9.22e-4 -0.034711 -8.28e-4 -9.35e-4 -0.03483694 -9.65e-4 -8e-6 -0.03439897 -5.45e-4 0.001834988 -0.03485298 -8.09e-4 9.48e-4 -0.03480499 -9.33e-4 4.57e-4 -0.03469896 -0.001035988 -8e-6 -0.03458899 -0.001146972 -9e-6 -0.03447699 -0.001005947 -9.25e-4 -0.03405594 -9.86e-4 0.001813948 -0.03415298 -0.001065969 0.001609981 -0.03440696 -0.001149952 9.25e-4 -0.03451895 -0.001284956 -10e-6 -0.03423899 -0.001144945 0.001397967 -0.03437697 -0.00129199 9.54e-4 -0.034464 -0.001399993 4.81e-4 -0.03449499 -0.001438975 -1.1e-5 -0.03528296 -0.001030981 -8e-6 -0.03524297 -9.89e-4 5.19e-4 -0.03514397 -9.62e-4 -8e-6 -0.035106 -9.25e-4 4.93e-4 -0.03498995 -9.39e-4 -8e-6 -0.03495496 -9.06e-4 4.71e-4 -0.035106 -9.17e-4 -5.08e-4 -0.03499597 -8.04e-4 -9.99e-4 -0.03495496 -8.98e-4 -4.86e-4 -0.03485298 -7.95e-4 -9.61e-4 -0.034464 -0.001391947 -5.03e-4 -0.03442698 -0.001341998 -7.42e-4 -0.03437697 -0.001276969 -9.74e-4 -0.02619296 0.004316985 -0.008778989 -0.02620798 0.004518985 0.005448997 -0.02405297 0.004312992 0.002692997 -0.02621597 0.004719972 0.001677989 -0.02451199 0.004420995 0.001895964 -0.02601695 0.004701972 0.001017987 -0.02480798 0.004494965 9.96e-4 -0.02591198 0.004696965 1.4e-4 -0.02490997 0.004525959 3.6e-5 -0.02605795 0.004722952 -0.001113951 -0.02480798 0.004509985 -9.25e-4 -0.02612096 0.004731953 -0.001333951 -0.024513 0.004449963 -0.001825988 -0.02621597 0.00474596 -0.001602947 -0.02620899 0.004625976 -0.005002975 -0.02405399 0.004354 -0.002623975 -0.02346599 0.004231989 -0.003291964 -0.02620398 0.004537999 -0.006326973 -0.02278196 0.004093945 -0.003816962 -0.02202898 0.003946959 -0.004195988 -0.02123099 0.003797948 -0.004423975 -0.02041 0.003651976 -0.004501998 -0.01948899 0.003497958 -0.004407942 -0.01894897 0.003412961 -0.00425899 0.03145796 -0.005203962 -0.002712965 -0.01810097 0.003285944 -0.00386399 -0.026169 0.003632962 0.01255697 0.002817988 -9.83e-4 0.008880972 -0.02619099 0.004128992 0.009249985 0.01508599 -0.002937972 0.007322967 0.03145796 -0.005546987 0.00523895 0.03145796 -0.00524497 0.002631962 -0.026205 0.004439949 0.006396949 -0.01749396 0.003146946 0.003475964 -0.01772999 0.003175973 0.00366497 -0.01887398 0.003334999 0.004284977 -0.01970595 0.003463983 0.004501998 -0.02041 0.003581941 0.004557967 -0.02123099 0.003728985 0.004482984 -0.02202796 0.003880977 0.004256963 -0.02278095 0.004033982 0.00388199 -0.02346497 0.004179954 0.00335896 -0.01611196 0.002995967 0.001364946 -0.01637399 0.003019988 0.002026975 -0.01684194 0.003069996 0.002784967 -0.01774597 0.003234982 -0.003626942 -0.016936 0.003124952 -0.002855956 -0.01676195 0.003101944 -0.002628982 -0.01617997 0.003025949 -0.001520991 -0.01596599 0.002995967 -6.9e-4 0.03145796 -0.005126953 -4e-5 -0.01590996 0.002984941 2.3e-5 -0.01610499 0.002995967 0.001342952 -0.02834498 0.00425297 -0.003781974 -0.027547 0.004213988 -0.002670943 -0.02752995 0.004217982 -0.002652943 -0.02749395 0.004399955 -0.002659976 -0.02686196 0.00426495 -0.001640975 -0.026766 0.00425297 -0.001415967 -0.02670896 0.004483997 -0.001425981 -0.02789998 0.004091978 -0.003011941 -0.02776598 0.004557967 -0.003423988 -0.02659595 0.004631996 -0.001461982 -0.02655696 0.004663944 -0.001475989 -0.02681398 0.00474298 -0.002224981 -0.02641695 0.004733979 -0.001525998 -0.02665799 0.004776954 -0.002346992 -0.02634096 0.004749 -0.001554965 -0.02695697 0.004633963 -0.002136945 -0.02705299 0.00446695 -0.002076983 -0.02708798 0.004273951 -0.002063989 -0.0273 0.004701972 -0.003051996 -0.02794897 0.00445497 -0.003356993 -0.02799999 0.004346966 -0.003234982 -0.02801299 0.004205942 -0.003139972 -0.02801895 0.004034996 -0.003110945 -0.02743697 0.004556953 -0.002738952 -0.02733796 0.004668951 -0.002845942 -0.02720999 0.004720985 -0.002968966 -0.03599494 -0.006392955 -0.007843971 -0.03591895 -0.006389975 -0.00822699 -0.03584796 -0.006742954 -0.008228957 -0.03570199 -0.006386995 -0.008550941 -0.03537696 -0.006385982 -0.008767962 -0.03534799 -0.006531953 -0.008768975 -0.03514099 -0.00673896 -0.008770942 -0.03526496 -0.006655991 -0.008769989 -0.03499495 -0.006767988 -0.008770942 -0.03564798 -0.006657958 -0.008552968 -0.03549498 -0.006886959 -0.008554995 -0.03526496 -0.007040977 -0.008555948 -0.03499495 -0.006885945 -0.00871396 -0.03499495 -0.007093966 -0.008556962 -0.03499495 -0.007254958 -0.008350968 -0.03564798 -0.007042944 -0.008231997 -0.03534799 -0.007242977 -0.008232951 -0.03499495 -0.007313966 -0.008233964 -0.03591895 -0.006774961 -0.007846951 -0.03570199 -0.007099986 -0.007849991 -0.03537696 -0.007316946 -0.007850944 -0.03499495 -0.007392942 -0.007851958 -0.03599494 -0.006484985 0.003949999 -0.03591895 -0.006866991 0.003946959 -0.03570199 -0.007191956 0.003943979 -0.03537696 -0.007407963 0.003941953 -0.03499495 -0.007484972 0.003941953 -0.03167796 0.001201987 0.004786968 -0.03210496 0.001116991 0.004585981 -0.03461599 -9.39e-4 0.004714965 -0.03244495 0.001007974 0.004366993 -0.03474897 -7.61e-4 0.004406988 -0.03123998 0.001253962 0.004922986 -0.03442394 -0.001194953 0.004918992 -0.03121 0.001214981 0.004943966 -0.03110897 0.001080989 0.004989981 -0.03419995 -0.001491963 0.004988968 -0.03099495 9.29e-4 0.005006968 -0.03099495 -0.006491959 0.004949986 -0.03066599 0.001419961 0.00506699 -0.03064697 -0.006492972 0.005011975 -0.030662 0.001424968 0.005067944 -0.03028398 -0.006494998 0.005245983 -0.03034895 0.001875996 0.00525099 -0.03005397 -0.006496965 0.005609989 -0.03009796 0.002210974 0.005574941 -0.03000897 0.002302944 0.005846977 -0.02999496 -0.006499946 0.005949974 -0.02999496 0.002296984 0.006017982 -0.03499495 -0.006491959 0.004949986 -0.03499495 -0.006621956 0.004939973 -0.03099495 -0.00683999 0.004883944 -0.03499495 -0.006873965 0.004870951 -0.03499495 -0.007196962 0.00465095 -0.03099495 -0.007199943 0.00464797 -0.03499495 -0.007410943 0.004324972 -0.03099495 -0.00742799 0.004281997 -0.03099495 -0.007484972 0.003941953 -0.03049498 -0.006885945 -0.00871396 -0.03049498 -0.007254958 -0.008350968 -0.03049498 -0.007406949 -0.006057977 -0.03049498 -0.007392942 -0.007851958 -0.02899497 -0.007491946 0.004941999 -0.02899497 -0.012492 0.004902958 -0.02924495 -0.007492959 0.004973948 -0.02934098 -0.01249295 0.004964947 -0.02949094 -0.007457971 0.005073964 -0.02970194 -0.01249396 0.005195975 -0.02993297 -0.006964981 0.005600988 -0.02991098 -0.00703299 0.005543947 -0.02993297 -0.01249694 0.005557 -0.02982795 -0.007200956 0.005391955 -0.02974694 -0.007302999 0.005284965 -0.02996295 -0.006841957 0.005697965 -0.02999496 -0.01249998 0.005902945 -0.03049498 -0.001469969 0.002138972 -0.03049498 -0.007469952 0.002091944 -0.03156995 -0.001467943 0.001850962 -0.03156995 -0.007467985 0.001803994 -0.03235697 -0.001461982 0.001063942 -0.03235697 -0.007461965 0.001016974 -0.03264498 -0.001453995 -1.1e-5 -0.03264498 -0.007452964 -5.8e-5 -0.03235697 -0.001444995 -0.001085996 -0.03235697 -0.007444977 -0.001132965 -0.03156995 -0.001438975 -0.001872956 -0.03156995 -0.007438957 -0.001919984 -0.03049498 -0.001436948 -0.002160966 -0.03049498 -0.00743699 -0.002207994 -0.02956199 -0.001438975 -0.001947999 -0.02956199 -0.007437944 -0.001994967 -0.02881395 -0.001442968 -0.001351952 -0.02881395 -0.007442951 -0.001397967 -0.02839899 -0.001449942 -4.9e-4 -0.02839899 -0.007449984 -5.36e-4 -0.02839899 -0.001456975 4.67e-4 -0.02839899 -0.007456958 4.2e-4 -0.02881395 -0.001463949 0.001328945 -0.02881395 -0.007463991 0.001281976 -0.02956199 -0.001468956 0.001925945 -0.02956199 -0.007467985 0.001878976 -0.02049499 -0.001469969 0.002138972 -0.02049499 -0.007469952 0.002091944 -0.02156996 -0.001467943 0.001850962 -0.02156996 -0.007467985 0.001803994 -0.02235698 -0.001461982 0.001063942 -0.02235698 -0.007461965 0.001016974 -0.02264499 -0.001453995 -1.1e-5 -0.02264499 -0.007452964 -5.8e-5 -0.02235698 -0.001444995 -0.001085996 -0.02235698 -0.007444977 -0.001132965 -0.02156996 -0.001438975 -0.001872956 -0.02156996 -0.007438957 -0.001919984 -0.02049499 -0.001436948 -0.002160966 -0.02049499 -0.00743699 -0.002207994 -0.01941996 -0.001438975 -0.001872956 -0.01941996 -0.007438957 -0.001919984 -0.01863294 -0.001444995 -0.001085996 -0.01863294 -0.007444977 -0.001132965 -0.01834499 -0.001453995 -1.1e-5 -0.01834499 -0.007452964 -5.8e-5 -0.01863294 -0.001461982 0.001063942 -0.01863294 -0.007461965 0.001016974 -0.01941996 -0.001467943 0.001850962 -0.01941996 -0.007467985 0.001803994 -0.02899497 -0.01342099 0.005512952 -0.02902799 -0.01330095 0.005304992 -0.02899497 -0.01320195 0.005189955 -0.02922999 -0.01335597 0.005441963 -0.02899497 -0.01348996 0.005765974 -0.029365 -0.01339399 0.005649983 -0.02899497 -0.01349997 0.005894958 -0.02941298 -0.01340794 0.005895972 -0.02921396 -0.01299196 0.005059957 -0.02899497 -0.01287496 0.004975974 -0.02935796 -0.01258999 0.004975974 -0.02949994 -0.01306998 0.005254983 -0.02967399 -0.01267695 0.005190968 -0.02969199 -0.01312398 0.005549967 -0.02988594 -0.01273596 0.005515992 -0.02975898 -0.01314496 0.005897998 -0.02996098 -0.01275897 0.005900979 0.04029399 -0.01339197 -0.004223942 0.04031699 -0.01334995 -0.004501998 0.04041999 -0.01329296 -0.004563987 0.03990495 -0.01334697 -0.004871964 0.03972494 -0.01341897 -0.004554986 0.04055696 -0.01328295 -0.004274964 0.04065096 -0.013071 -0.004703998 0.04079896 -0.01307797 -0.004321992 0.04079699 -0.01279097 -0.004790961 0.04096895 -0.01279395 -0.004354 0.04097199 -0.01278799 -0.004354 0.04085898 -0.01242995 -0.004825949 0.04104 -0.01245498 -0.004364967 0.04081195 -0.01208895 -0.004793941 0.04099994 -0.01213699 -0.004354953 0.04071795 -0.01186698 -0.004735946 0.04088097 -0.01187497 -0.004328966 0.04019898 -0.01242595 -0.005427956 0.04016494 -0.01278597 -0.005366981 0.04008698 -0.01306694 -0.005216956 0.03996098 -0.01328998 -0.004977941 0.04017299 -0.01208394 -0.005375981 0.04044795 -0.01208496 -0.005198955 0.04048299 -0.01242697 -0.00524497 0.04043799 -0.01278698 -0.005190968 0.04033195 -0.01306796 -0.005058944 0.04016399 -0.013291 -0.004847943 0.04008996 -0.01334798 -0.004752993 0.03997498 -0.01341998 -0.004355967 0.04005897 -0.01342195 -0.004176974 0.040295 -0.01343297 -0.002743959 0.04064196 -0.01341199 -0.001717984 0.04040396 -0.01344096 -0.00169897 0.04005897 -0.01348495 0.003968 0.04052394 -0.01344496 0.002625942 0.04029297 -0.01345598 0.004014968 0.04078996 -0.01333695 0.002661943 0.040555 -0.01334899 0.004067957 0.04103499 -0.01313197 0.002695977 0.04079598 -0.01314699 0.004117965 0.04096895 -0.01286 0.004153966 0.04120898 -0.01284295 0.002721965 0.041278 -0.01251095 0.002732992 0.04103899 -0.01253098 0.004170954 0.04123795 -0.01219195 0.002730965 0.04100298 -0.01221495 0.004165947 0.04111796 -0.01192897 0.002716958 0.04088795 -0.01195198 0.004144966 0.04103696 -0.01174294 0.002108991 0.04073899 -0.011765 0.004116952 0.04083597 -0.011702 -0.003769993 0.04133099 -0.01280796 -0.001766979 0.04139995 -0.01247495 -0.001769959 0.04135996 -0.01215696 -0.001763999 0.04123896 -0.011895 -0.001751959 0.04090899 -0.01330298 -0.001737952 0.04115498 -0.013098 -0.001754999 0.04130399 -0.01190596 -2.64e-4 0.04142498 -0.012169 -2.67e-4 0.04146498 -0.01248699 -2.7e-4 0.04139596 -0.01281899 -2.72e-4 0.04121899 -0.01310896 -2.73e-4 0.04097294 -0.01331394 -2.73e-4 0.04070496 -0.01342296 -2.71e-4 0.04045397 -0.01345896 5.92e-4 0.041076 -0.01171195 -0.00187397 0.04114896 -0.01172596 1.12e-4 0.04126298 -0.01191794 0.001224994 0.04138398 -0.01218098 0.001229941 0.04142397 -0.01249897 0.001229941 0.04135495 -0.01283097 0.001222968 0.041179 -0.01312094 0.001209974 0.04093295 -0.01332497 0.001192986 0.04066598 -0.01343399 0.001175999 0.04042696 -0.01346296 0.001160979 0.04027199 -0.013457 0.004093945 0.040003 -0.01348596 0.004106998 0.03943794 -0.01341497 0.004825949 0.03938996 -0.01348894 0.004444956 0.03981196 -0.01348698 0.004295945 0.04034495 -0.01203495 0.005018949 0.04058498 -0.01195597 0.004746973 0.04061394 -0.01186496 0.004607975 0.04084599 -0.01195299 0.004302978 0.04073798 -0.01176697 0.004131972 0.04052394 -0.01334995 0.004181981 0.040757 -0.01314795 0.004262983 0.04092395 -0.01286095 0.004321992 0.04099094 -0.01253294 0.00434798 0.04095697 -0.01221597 0.004338979 0.04067295 -0.01221996 0.004821956 0.04021894 -0.01222294 0.005182981 0.03994095 -0.01226598 0.005318999 0.039514 -0.01249599 0.005444943 0.04070097 -0.01253598 0.00484395 0.04064697 -0.01286494 0.004793941 0.04051399 -0.01315099 0.004674971 0.04032999 -0.01335197 0.004510998 0.04012995 -0.01345896 0.004333972 0.04023694 -0.01253896 0.005211949 0.04020196 -0.01286798 0.00514698 0.04011696 -0.01315295 0.004989981 0.03999799 -0.013354 0.004772961 0.03986996 -0.01346099 0.004538953 0.039478 -0.01320099 0.005148947 0.039505 -0.012878 0.005366981 -0.028907 -0.01326799 0.01371395 -0.02888 -0.01294499 0.01393198 -0.02886998 -0.01256299 0.01400995 -0.02893197 -0.01342195 0.01351296 -0.02894699 -0.01348197 0.01339095 -0.02896195 -0.01352298 0.01326894 -0.02899497 -0.01355499 0.01300996 -0.02899497 -0.01342397 0.01351398 -0.02937698 -0.01347899 0.01301097 -0.02991896 -0.01293796 0.01301497 -0.02970194 -0.01326197 0.01301294 -0.02965497 -0.01329594 0.01313996 -0.02931696 -0.013475 0.01324194 -0.02919697 -0.01340597 0.01350396 -0.029329 -0.01337397 0.01348596 -0.02960997 -0.01323896 0.01340895 -0.029679 -0.013188 0.01337999 -0.02989596 -0.012932 0.01323294 -0.02999496 -0.012555 0.01301795 -0.02959597 0.002855956 0.008360981 -0.02959698 0.003092944 0.006088972 -0.02972894 0.00297296 0.006077945 -0.02959495 0.002190947 0.01279598 -0.02959597 0.002714991 0.009472966 -0.02976298 0.002032995 0.01276695 -0.02972894 0.002594947 0.009456992 -0.02987694 0.001865983 0.01273697 -0.02992498 0.002285957 0.00941497 -0.02996897 0.001625955 0.012694 -0.02999395 0.001938998 0.009367942 -0.02999496 0.001403987 0.01265299 -0.02999496 0.001924991 0.009345948 -0.02999395 0.002313971 0.006019949 -0.02992498 0.002661943 0.006050944 -0.029962 0.001535952 0.01297897 -0.02994799 0.001332998 0.01324099 -0.02980995 0.001488983 0.01347196 -0.02986198 0.001735985 0.01311695 -0.02927398 0.001209974 0.01401495 -0.02909296 0.001218974 0.01404899 -0.02911496 0.001266956 0.01403295 -0.02945899 0.001659989 0.01372599 -0.02941298 0.00188899 0.01356899 -0.029495 0.002039968 0.01332598 -0.02970296 0.001907944 0.01323497 -0.029446 0.00119096 0.01394999 -0.02959197 0.001613974 0.01365697 -0.029603 0.001163959 0.01385498 -0.02973794 0.001129984 0.01373398 -0.02992999 0.001044988 0.01343095 -0.02999496 0.001079976 0.01304095 -0.02999496 0.001312971 0.01285296 -0.028979 9.64e-4 0.01410597 -0.02908295 7.15e-4 0.01411795 -0.02886998 7.15e-4 0.01411396 -0.02931594 0.001693964 0.013776 -0.02965295 0.001780986 0.01345795 -0.02924895 7.15e-4 0.01408898 -0.02948695 7.15e-4 0.01399195 -0.02965599 7.16e-4 0.01387095 -0.02992296 7.19e-4 0.01349395 -0.02999496 7.22e-4 0.01312094 -0.02899497 -0.01256299 0.01401799 -0.02924895 -0.01256299 0.01398497 -0.02992296 -0.01255798 0.01339 -0.02991199 -0.01255798 0.01341694 -0.02972698 -0.01256096 0.01369899 -0.02966099 -0.01256096 0.01376396 -0.02965599 -0.01256096 0.01376795 0.03434997 -0.006115972 -0.002578973 0.03688597 -0.007838964 -0.002468943 0.03214895 -0.005681991 0.005163967 0.033387 -0.006050944 0.005027949 0.03292399 -0.005590975 0.002557992 0.03456497 -0.006571948 0.004896998 0.03293699 -0.005476951 -4.3e-5 0.03292399 -0.00555098 -0.002644956 0.03674995 -0.008100986 0.004649996 0.03688597 -0.007876992 0.002346992 0.03567796 -0.00691998 0.002412974 0.03693497 -0.007784962 -6.1e-5 0.03571599 -0.006819963 -5.3e-5 0.03567796 -0.006881952 -0.002520978 0.03437596 -0.00604695 -4.7e-5 0.03434997 -0.006154954 0.002483963 0.03566598 -0.007235944 0.004772961 0.03874498 -0.009932994 0.004383981 0.03073799 -0.009630978 0.005801975 0.02906197 -0.008090972 0.006023943 0.02918797 -0.007286965 0.006778955 0.02868896 -0.007129967 0.00684297 0.02849096 -0.007815957 0.006142973 0.02879595 -0.007910966 0.006079971 0.02962195 -0.007580995 0.006722986 -0.008650958 -0.001903951 0.01084095 -0.01022899 -0.001717984 0.01175999 -0.009861946 -0.002244949 0.01106095 -0.009398996 -0.001273989 0.01165896 -0.009296 -0.001941978 0.01095998 -0.008453965 -0.001217961 0.01154094 -0.008968949 -0.001886963 0.01089996 -0.008919954 -0.001194 0.01159995 -0.00939399 -0.001272976 0.01165896 -0.01249498 -0.005184948 0.01139897 -0.01235795 -0.004559993 0.011379 -0.01219099 -0.004278957 0.01134997 -0.01196795 -0.004042983 0.01131099 -0.01310795 -0.005189955 0.01209294 -0.012335 -0.003514945 0.01200997 -0.01266199 -0.003861963 0.01204794 -0.01290696 -0.004273951 0.01207494 0.03868097 -0.01006895 0.004837989 0.03849798 -0.01032799 0.005257964 0.03820395 -0.01069098 0.00555396 0.03636997 -0.008665978 0.005688965 0.03591799 -0.009191989 0.005920946 0.03771597 -0.01084399 0.005682945 0.03652298 -0.008469998 0.005490958 0.03666597 -0.008266985 0.005169987 0.03348296 -0.007622957 0.006238996 0.03448599 -0.008132994 0.006108999 0.03472495 -0.007704973 0.005996942 0.03149294 -0.005726993 0.005739986 0.03590697 -0.007557988 0.005145967 0.035353 -0.008718967 0.005995988 0.03551 -0.008225977 0.005894958 0.03286397 -0.007384955 0.006317973 0.03388899 -0.007265985 0.006105959 0.03145498 -0.006504952 0.006407976 0.03138595 -0.007019996 0.006505966 0.03318798 -0.006130993 0.005497992 0.03149199 -0.006056964 0.006139993 0.03312999 -0.006461977 0.005931973 0.03301197 -0.006914973 0.006217956 0.034931 -0.007291972 0.005699992 0.03405195 -0.00683099 0.005812942 0.035052 -0.006990969 0.00525695 0.03414195 -0.006512999 0.005374968 0.03575599 -0.007839977 0.005591988 0.002850949 -0.001144945 0.009335994 0.002849996 -0.001489996 0.009762942 0.002809941 -0.001961946 0.01003998 0.001939952 -0.002323985 0.01023095 -0.01194798 0.001212954 0.01120799 -0.02614295 0.003526985 0.012896 -0.011949 8.68e-4 0.01163494 -0.02613598 0.003185987 0.01337796 -0.01198899 3.96e-4 0.01191198 -0.02617496 0.00268799 0.013695 -0.02624595 0.002165973 0.01379597 -0.027565 0.002059996 0.01393997 -0.027408 0.001859962 0.01393896 -0.02685797 0.002133965 0.01387298 -0.02761596 0.003517985 0.01264297 -0.02821099 0.003244996 0.01265895 -0.02813595 0.003102958 0.01314198 -0.02692198 0.003662943 0.012609 -0.02716594 0.003501951 0.01302397 -0.02723997 0.003617942 0.01262694 -0.02726995 0.003611981 0.01262795 -0.02703797 0.003163993 0.01349097 -0.02689796 0.00266999 0.013785 -0.02849495 0.003052949 0.01266098 -0.02834898 0.002945959 0.01317799 -0.02789396 0.002811968 0.01359599 -0.02808099 0.002670943 0.01362198 -0.02758699 0.002386987 0.01386898 -0.02773898 0.00227499 0.01388895 -0.02813899 0.001286983 0.01402699 -0.02829599 0.00148797 0.01402699 -0.02846997 0.001702964 0.01397597 -0.02881199 0.002097964 0.01370996 -0.02908098 0.00237298 0.01326495 -0.02904498 0.002621948 0.01272898 0.03129899 -0.009121 0.006500959 0.030487 -0.01120495 0.006585955 0.03084099 -0.01115196 0.006541967 0.03039997 -0.01049995 0.005896985 0.03047996 -0.01049298 0.005872964 0.03057295 -0.01046895 0.00584495 0.03116697 -0.010993 0.006501972 0.03069198 -0.010405 0.005809962 0.03075295 -0.01035296 0.005791962 0.03143095 -0.010746 0.006470978 0.03084498 -0.01022499 0.005764961 0.03160798 -0.01043295 0.006451964 0.03168499 -0.01008194 0.00644499 0.0309 -0.009998977 0.00575 0.03165298 -0.009722948 0.006450951 0.03085595 -0.00979495 0.005764961 0.03151798 -0.009389996 0.006470978 -0.01139497 -0.01054096 0.011132 -0.01130795 -0.01124596 0.01182097 -0.01249498 -0.009441971 0.01136595 -0.01310795 -0.009447991 0.01205998 -0.01245599 -0.009731948 0.01135498 -0.01297295 -0.01012998 0.01203799 -0.01239597 -0.009896993 0.01134198 -0.01258295 -0.01071798 0.011985 -0.01216995 -0.01022195 0.01129299 -0.01199197 -0.01111096 0.01190799 -0.01180595 -0.01046198 0.01121699 -0.03049498 -0.001421988 -0.004010975 -0.03157997 -0.001423954 -0.00386095 -0.03104799 0.00109899 0.003969967 -0.03049498 -0.00148499 0.003988981 -0.03170698 7.97e-4 0.003817975 -0.03157997 -0.001483976 0.003837943 -0.03228896 4.19e-4 0.003577947 -0.03080999 0.001268982 0.003997981 -0.03056496 0.001639962 0.004011988 -0.03049498 0.001752972 0.004013955 -0.03370594 -7.14e-4 0.002379953 -0.03309196 -0.001476943 0.003029942 -0.03412699 -0.001466989 0.001662969 -0.03328299 -3.81e-4 0.002864956 -0.03308999 -2.27e-4 0.003041982 -0.03280496 10e-7 0.003264963 -0.03449499 -0.001453995 -1.1e-5 -0.03412699 -0.001440942 -0.001685976 -0.03309196 -0.001429975 -0.003052949 -0.02940899 -0.001483976 0.003837943 -0.03029596 0.002037942 0.004010975 -0.02940899 -0.001423954 -0.00386095 -0.027897 -0.001429975 -0.003052949 -0.02686196 -0.001440942 -0.001685976 -0.02649497 -0.001453995 -1.1e-5 -0.02649497 0.004205942 4.1e-5 -0.02662599 0.004230976 -9.83e-4 -0.027125 0.004239976 0.00218898 -0.02686196 0.004237949 0.001707971 -0.02686196 -0.001466989 0.001662969 -0.02676695 0.004229962 0.001482963 -0.02650195 0.004204988 2.72e-4 -0.02801895 0.003985941 0.003172993 -0.02789896 0.00404495 0.003074944 -0.027897 -0.001476943 0.003029942 -0.02761596 0.004151999 0.002809941 -0.02714896 0.004237949 0.002225995 -0.03008097 0.002265989 0.003995954 -0.02925997 0.002976953 0.003827989 -0.02847796 0.003665983 0.003482997 -0.03422296 -2.54e-4 0.002525985 -0.03374898 -5.95e-4 0.002350986 -0.03381699 -4.83e-4 0.002343952 -0.03390496 -3.88e-4 0.002359986 -0.03400695 -3.15e-4 0.002396941 -0.03286397 1.06e-4 0.003242969 -0.03333497 -2.69e-4 0.002837955 -0.03277397 8.34e-4 0.003941953 -0.03377795 6.3e-5 0.003051996 -0.03327095 4.28e-4 0.003490984 -0.03293699 2.04e-4 0.003245949 -0.03340595 -1.64e-4 0.002834975 -0.03301894 2.9e-4 0.003274977 -0.03349196 -7.3e-5 0.002856969 -0.03310495 3.59e-4 0.003327965 -0.03358596 -3e-6 0.002902984 -0.03368395 4.4e-5 0.00296998 -0.03411495 -2.69e-4 0.002453982 -0.03235197 5.17e-4 0.003562986 -0.03242695 6.13e-4 0.003573954 -0.03250098 6.91e-4 0.003607988 -0.032579 7.57e-4 0.003665983 -0.03265297 8.05e-4 0.003743946 -0.03272396 8.32e-4 0.003846943 -0.02641695 0.004505991 -3.66e-4 -0.02640497 0.004499971 2.78e-4 -0.02627098 0.004624962 2.86e-4 -0.02619498 0.004699945 9.79e-4 -0.02641695 0.004709959 0.00160098 -0.026362 0.004630982 9.43e-4 -0.02659499 0.004609942 0.001534998 -0.02649396 0.004505991 9.16e-4 -0.026672 0.004523992 0.001508951 -0.02671998 0.004439949 0.001492977 -0.02648496 0.004331946 2.73e-4 -0.02628397 0.004631996 -3.77e-4 -0.02610099 0.004693984 2.97e-4 -0.02611398 0.004700958 -3.92e-4 -0.026609 0.004357993 -9.83e-4 -0.02652996 0.004524946 -9.97e-4 -0.02639997 0.00465095 -0.001025974 -0.02623397 0.004719972 -0.001066982 -0.02044695 0.003368973 0.004111945 -0.02046096 0.003288984 0.004066944 -0.02119797 0.003431975 0.004004955 -0.02047395 0.003212988 0.004039943 -0.02118897 0.003591954 0.004120945 -0.02043294 0.003450989 0.004183948 -0.02041494 0.003554999 0.004357993 -0.02120095 0.003695964 0.004289984 -0.022578 0.003538966 0.003441989 -0.02191495 0.003579974 0.003807961 -0.02193295 0.003392994 0.003758966 -0.02110797 0.003218948 0.003977954 -0.02049499 0.003093957 0.004023969 -0.02309197 0.00366199 0.003069996 -0.02321296 0.00386995 0.003011941 -0.02259397 0.003727972 0.003476977 -0.02320998 0.003690958 0.002965986 -0.02373296 0.003822982 0.002377986 -0.02374595 0.003998994 0.002416968 -0.02414095 0.003929972 0.00167495 -0.02416294 0.004103958 0.001703977 -0.02440297 0.004002988 8.8e-4 -0.024432 0.004174947 8.96e-4 -0.024495 0.004033982 3.2e-5 -0.02452498 0.004204988 3.4e-5 -0.02440398 0.004016995 -8.16e-4 -0.024432 0.004188954 -8.3e-4 -0.02414196 0.00395596 -0.001611948 -0.02416396 0.004129946 -0.001638948 -0.02373296 0.003858983 -0.002316951 -0.02374696 0.004035949 -0.002353966 -0.023211 0.003736972 -0.002906978 -0.02321398 0.003916978 -0.002949953 -0.02309197 0.003709971 -0.003012955 -0.02259498 0.003781974 -0.003416955 -0.02260297 0.003597974 -0.003371 -0.02193397 0.003450989 -0.003705978 -0.02191495 0.003638982 -0.003750979 -0.02122396 0.003301978 -0.003906965 -0.02119797 0.003493964 -0.003950953 -0.02049499 0.003155946 -0.003975987 -0.02046096 0.003351986 -0.004014968 -0.02192699 0.003737986 0.003919959 -0.02262496 0.003883957 0.00357896 -0.02326095 0.004023969 0.003100991 -0.02380996 0.004150986 0.002489984 -0.024239 0.004254996 0.001754999 -0.02451598 0.004325985 9.23e-4 -0.02461194 0.004355967 3.5e-5 -0.02451699 0.004339993 -8.54e-4 -0.02423995 0.004281997 -0.001687943 -0.02381098 0.004189968 -0.002422988 -0.02326196 0.00407195 -0.003036975 -0.02262598 0.003939986 -0.003516972 -0.02192699 0.003798961 -0.00386095 -0.02118897 0.00365597 -0.004064977 -0.02043294 0.003515958 -0.004129946 -0.02196598 0.003843963 0.004076957 -0.02268999 0.003990948 0.003720998 -0.02334898 0.004132986 0.003221988 -0.02391695 0.004260957 0.002585947 -0.02436095 0.00436598 0.001821994 -0.02464699 0.004436969 9.58e-4 -0.024746 0.00446695 3.6e-5 -0.02464699 0.00445199 -8.87e-4 -0.02436196 0.004393994 -0.001752972 -0.02391797 0.004300951 -0.002517998 -0.02335 0.004182994 -0.003155946 -0.02269095 0.004048943 -0.003656983 -0.02196699 0.003906965 -0.004015982 -0.02120095 0.00376296 -0.004230976 -0.02041494 0.003621995 -0.004301965 -0.01841098 0.003308951 -0.003833949 -0.01900696 0.003399968 -0.004092991 -0.01906996 0.003325998 -0.003942966 -0.018516 0.00318098 0.00375396 -0.01794296 0.003100991 0.003390967 -0.01803195 0.002976953 0.003293991 -0.01774799 0.002635955 0.002927958 -0.01809197 0.002812981 0.003240942 -0.01721698 0.002695977 0.002341985 -0.01651298 0.002490997 4e-4 -0.01666796 0.002503991 0.001183986 -0.01665097 0.002631962 0.001185953 -0.01747995 0.002640962 -0.002608954 -0.01725196 0.002606987 -0.002321958 -0.01723295 0.002734959 -0.002322971 -0.01745498 0.003036975 0.002960979 -0.017838 0.003169953 0.003520965 -0.01981097 0.00325495 0.004055976 -0.01836097 0.002724945 0.003404974 -0.01903998 0.002831995 0.003747999 -0.01923096 0.002989947 0.003834962 -0.01704996 0.003026962 -0.002428948 -0.016909 0.003096997 -0.002522945 -0.01747196 0.003084957 -0.002929985 -0.01734799 0.003155946 -0.003043949 -0.01656299 0.003050982 -0.001951992 -0.016716 0.002980947 -0.001877963 -0.01630496 0.003015995 -0.001325964 -0.01646798 0.002946972 -0.001275956 -0.016146 0.002992987 -6.61e-4 -0.01653695 0.003017961 0.001946985 -0.01919597 0.002916991 -0.003760993 -0.01917397 0.003039956 -0.00376898 -0.01975899 0.003016948 -0.003907978 -0.02034199 0.003249943 -0.003986954 -0.01903998 0.00288999 -0.003703951 -0.01836097 0.00277698 -0.003361999 -0.01810598 0.002864956 -0.003206968 -0.01812696 0.002739965 -0.003201961 -0.01789695 0.002703964 -0.003020942 -0.01774799 0.002680957 -0.00288695 -0.01686197 0.002550959 -0.001654982 -0.01676195 0.002535998 -0.001418948 -0.01667499 0.002653956 -0.001220941 -0.01669198 0.002525985 -0.001220941 -0.01649498 0.00249195 1.9e-5 -0.016478 0.002619981 2e-5 -0.01688897 0.002657949 0.001791 -0.01688295 0.002526998 0.001738965 -0.01723498 0.00256896 0.002338945 -0.01975899 0.002955973 0.003954946 -0.01925295 0.002867996 0.003824949 -0.01804596 0.003029942 -0.003256976 -0.01716196 0.002900958 -0.002358973 -0.01659697 0.002820968 -0.001238942 -0.01639795 0.002787947 2.2e-5 -0.01644796 0.002798974 -6.18e-4 -0.01789695 0.002656996 0.003062963 -0.01864194 0.002895951 0.003585994 -0.01918596 0.003150999 0.003899991 -0.01732999 0.003106951 0.003074944 -0.016891 0.003054976 0.002545952 -0.01703196 0.002986967 0.002450942 -0.01669096 0.002948999 0.00187397 -0.01681399 0.002823948 0.001819968 -0.01657295 0.002798974 0.00120598 -0.01755595 0.002912998 0.002875983 -0.01714497 0.002861976 0.002379953 -0.01977199 0.00337696 0.004174947 -0.02031296 0.003407955 -0.004055976 -0.01912796 0.003201961 -0.003830969 -0.02028799 0.003530979 -0.004173994 -0.02026998 0.003606975 -0.004328966 -0.01785296 0.003226995 -0.003482997 -0.01795798 0.003154993 -0.003352999 -0.01843297 0.003251969 0.003895998 -0.01906895 0.003344953 0.00416696 -0.01858896 0.003057956 0.003645956 -0.01912999 0.003273963 0.004014968 -0.01973497 0.003449976 0.004330992 -0.01627999 0.002992987 0.001289963 -0.01609295 0.00298196 2.3e-5 -0.01631498 0.002923965 -6.36e-4 -0.01644396 0.002923965 0.001241981 -0.01626396 0.002912998 2.3e-5 -0.02851498 0.003680944 0.008313953 -0.03033095 0.002660989 0.004520952 -0.03002995 0.00286597 0.004830956 -0.02940696 0.003371 0.004329979 -0.02981197 0.003005981 0.005175948 -0.02852696 0.004060983 0.003938972 -0.02960395 0.003101944 0.005919992 -0.02794498 0.004403948 0.003423988 -0.02733099 0.004625976 0.002911984 -0.02743095 0.004514992 0.002802968 -0.02800995 0.00415796 0.003202974 -0.02704596 0.004434943 0.002135992 -0.02748894 0.00435996 0.002721965 -0.02695 0.004600942 0.00219798 -0.02680599 0.004708945 0.002287983 -0.02720296 0.004675984 0.003035962 -0.02681499 0.004730999 0.002621948 -0.026636 0.004740953 0.002391993 -0.02633595 0.004732966 0.001915991 -0.02796298 0.004414975 0.003626942 -0.02737796 0.004633963 0.003192961 -0.02729898 0.00465399 0.003123998 -0.02854198 0.003796994 0.003551959 -0.02799695 0.004297971 0.003299951 -0.02857398 0.003914952 0.00365895 -0.02856796 0.004005968 0.003791987 -0.02992898 0.002739965 0.005722999 -0.02980995 0.002932965 0.005675971 -0.02994799 0.002854943 0.005310952 -0.03004795 0.002662956 0.005416989 -0.03092497 0.001557946 0.004941999 -0.03102296 0.001337945 0.004960954 -0.03074598 0.001560986 0.005024969 -0.03109496 0.001280963 0.00495398 -0.03042399 0.002122998 0.005136966 -0.03079897 0.001964986 0.00484699 -0.03081899 0.00169295 0.00495696 -0.03087598 0.001727998 0.004909992 -0.03048497 0.002514958 0.004612982 -0.030613 0.002344965 0.004699945 -0.03040099 0.002539992 0.004767954 -0.03071695 0.002159953 0.004778981 -0.03044199 0.002349972 0.004971981 -0.03015297 0.002717971 0.005004942 -0.03009998 0.002443969 0.005506992 -0.030393 0.001999974 0.005201995 -0.03176599 9.31e-4 0.003822982 -0.03157299 0.001338958 0.004087984 -0.03117197 0.001399993 0.004072964 -0.03183698 0.001051962 0.00386697 -0.03113394 0.001316964 0.004017949 -0.03110897 0.001259982 0.003992974 -0.03167098 0.001418948 0.004377961 -0.03126996 0.001558959 0.004358947 -0.03162896 0.00140196 0.004223942 -0.031228 0.001503944 0.004199981 -0.03120797 0.001469969 0.004146993 -0.03129696 0.001501977 0.004694998 -0.03129798 0.001540958 0.004600942 -0.03169494 0.001388967 0.004532992 -0.031295 0.001556992 0.004535973 -0.03129398 0.001557946 0.004530966 -0.03126096 0.001328945 0.004882991 -0.03128296 0.001417994 0.004808962 -0.03169 0.001261949 0.004734992 -0.03169697 0.001313984 0.004673957 -0.03209799 0.001197993 0.004465997 -0.03190898 0.001149952 0.003946959 -0.03197598 0.001217961 0.004057943 -0.03203296 0.001249969 0.004188954 -0.03207498 0.001242995 0.004328966 -0.03245997 0.001040995 0.004217982 -0.03210097 0.001161992 0.004529953 -0.03241896 0.001059949 0.004092991 -0.03236299 0.001046955 0.00397396 -0.03229498 0.001004993 0.003868997 -0.02918499 -0.01318395 0.01377195 -0.02914994 -0.01288598 0.01394897 -0.029841 -0.012739 0.01351797 -0.02957296 -0.01302796 0.01368296 -0.02946597 -0.01275897 0.01387596 -0.03062695 0.002344965 0.00434798 -0.03064399 0.002363979 0.004464983 -0.03049296 0.002507984 0.004397988 -0.03049695 0.002519965 0.004504978 -0.030384 0.002116978 0.004029989 -0.030191 0.002416968 0.004046976 -0.03046494 0.002190947 0.004076957 -0.03027695 0.002544999 0.00416398 -0.03053498 0.002255976 0.00414896 -0.030438 0.002435982 0.004202961 -0.03058999 0.002307951 0.004240989 -0.03047299 0.002478957 0.004295945 -0.03032594 0.002629995 0.004329979 -0.03063899 0.002363979 0.004583954 -0.030761 0.00219196 0.004658997 -0.03086096 0.002008974 0.004732966 -0.03086298 0.002010941 0.004726946 -0.03088897 0.002029955 0.004637956 -0.03089594 0.002035975 0.004595994 -0.03089797 0.002037942 0.004447996 -0.03088998 0.002032995 0.004396975 -0.03060996 0.001835942 0.004034996 -0.03068298 0.001887977 0.00407195 -0.03079998 0.001969993 0.004184961 -0.03086698 0.002016961 0.004313945 -0.03033399 0.002652943 0.004423975 -0.029428 0.003327965 0.004158973 -0.02940696 0.003238976 0.004005968 -0.02934896 0.003116965 0.003890991 -0.03104799 0.001578986 0.004854977 -0.03108495 0.001462996 0.004097998 -0.030981 0.001343965 0.004013955 -0.03096097 0.001788973 0.004802942 -0.03101795 0.001831948 0.004661977 -0.03112196 0.001641988 0.004715979 -0.031035 0.001847982 0.004505991 -0.03113698 0.001430988 0.004875957 -0.031201 0.001527965 0.004740953 -0.03122895 0.001583993 0.004573941 -0.03116697 0.001548945 0.004229962 -0.03121697 0.001590967 0.004395961 -0.03086197 0.00148195 0.004025995 -0.03098499 0.001569986 0.004102945 -0.03108096 0.001636981 0.004226982 -0.03113996 0.001672983 0.004382967 -0.03115397 0.00167495 0.004551947 -0.01686197 -0.001440942 -0.001685976 -0.019409 -0.001483976 0.003837943 -0.02049499 -0.00148499 0.003988981 -0.019409 -0.001423954 -0.00386095 -0.01789695 -0.001429975 -0.003052949 -0.02049499 -0.001421988 -0.004010975 -0.01686197 -0.001466989 0.001662969 -0.01649498 -0.001453995 -1.1e-5 -0.01789695 -0.001476943 0.003029942 -0.02157998 -0.001423954 -0.00386095 -0.02157998 -0.001483976 0.003837943 -0.02309197 -0.001476943 0.003029942 -0.02412694 -0.001466989 0.001662969 -0.024495 -0.001453995 -1.1e-5 -0.02412694 -0.001440942 -0.001685976 -0.02309197 -0.001429975 -0.003052949 -0.02730196 0.004580974 0.004408955 -0.02729499 0.00435096 0.007200956 -0.02728396 0.004020988 0.009981989 -0.02827399 0.003971993 0.007164955 -0.016568 -0.01340794 -0.005957961 -0.01749497 -0.01340699 -0.006104946 -0.01506799 -0.01348996 0.004658997 -0.01464098 -0.013484 0.003821969 -0.01449495 -0.01342999 -0.003104984 -0.01464098 -0.01342296 -0.004031956 -0.01506799 -0.01341599 -0.00486797 -0.01573097 -0.01341098 -0.005531966 -0.01749497 -0.01349997 0.005894958 -0.016568 -0.01349896 0.005747973 -0.01573097 -0.01349496 0.005321979 -0.01449495 -0.01347696 0.002894997 -0.01749497 -0.01342099 0.005512952 -0.01749497 -0.01320195 0.005189955 -0.01749497 -0.01287496 0.004975974 -0.01749497 -0.012492 0.004902958 -0.01668596 -0.01341998 0.005384981 -0.01678597 -0.01320099 0.005077958 -0.01685297 -0.01287496 0.004873991 -0.01687699 -0.01249098 0.004804968 -0.01672899 -0.01249098 0.004750967 -0.01627397 -0.01287198 0.004579961 -0.01631897 -0.01248896 0.004520952 -0.01587694 -0.01248598 0.004078984 -0.01581496 -0.012869 0.004119992 -0.01559299 -0.01248097 0.003520965 -0.01551997 -0.01286399 0.003541946 -0.015495 -0.01247698 0.002902984 -0.01541894 -0.01285898 0.002899944 -0.01614695 -0.01319795 0.00475198 -0.01563996 -0.01319396 0.004244983 -0.01531398 -0.01318895 0.003605961 -0.01520198 -0.01318395 0.002897977 -0.01595598 -0.01341694 0.005012989 -0.01537698 -0.01341199 0.004433989 -0.01500499 -0.01340699 0.003704965 -0.01487696 -0.01339995 0.002895951 -0.015495 -0.01245296 -9.7e-5 -0.015495 -0.01242995 -0.003096997 -0.01541894 -0.01281297 -0.003099977 -0.01520198 -0.01313698 -0.003101944 -0.01487696 -0.013354 -0.003103971 -0.01500499 -0.01334697 -0.003912985 -0.01531398 -0.01313096 -0.003810942 -0.01559299 -0.01242494 -0.003714978 -0.01551997 -0.01280796 -0.003740966 -0.01581496 -0.01280295 -0.004319965 -0.01576298 -0.01242196 -0.004096984 -0.01587694 -0.01242095 -0.004271984 -0.01631897 -0.01241695 -0.004714965 -0.01627397 -0.01279997 -0.004778981 -0.01649498 -0.01241594 -0.004828989 -0.01685297 -0.01279699 -0.005073964 -0.01687699 -0.01241499 -0.004998981 -0.01749497 -0.01241397 -0.005096971 -0.01749497 -0.01279598 -0.005175948 -0.01563996 -0.01312595 -0.004449963 -0.01614695 -0.01312297 -0.00495696 -0.01678597 -0.01311999 -0.005282998 -0.01749497 -0.01311898 -0.005394995 -0.01537698 -0.01334196 -0.00464195 -0.01595598 -0.01333695 -0.005220949 -0.01668596 -0.01333397 -0.005592942 -0.01749497 -0.01333296 -0.005720973 -0.029495 -0.013327 -0.005705952 -0.029495 -0.01309496 -0.005371987 -0.029495 -0.01274996 -0.005157947 -0.029495 -0.01241397 -0.005096971 -0.03041899 -0.01275897 -0.005946993 -0.03041899 -0.01253795 -0.005736947 -0.03041899 -0.01240998 -0.005713999 -0.02987694 -0.01272398 -0.005228996 -0.02987694 -0.01241397 -0.005172967 -0.03020197 -0.01241195 -0.005389988 -0.03020197 -0.01264899 -0.005432963 -0.03041899 -0.01266998 -0.005818963 -0.03020197 -0.01289397 -0.005583941 -0.03020197 -0.01305699 -0.005819976 -0.02987694 -0.01304298 -0.005426943 -0.02987694 -0.01325696 -0.005735993 -0.02999496 -0.006844997 0.005585968 -0.030074 -0.007202982 0.005031943 -0.02981495 -0.007431983 0.004773974 -0.02989399 -0.007486999 0.004271984 -0.03024697 -0.007485985 0.004086971 -0.03041696 -0.007428944 0.004384994 -0.03054296 -0.007200956 0.004728972 -0.03062498 -0.00683999 0.004951 -0.03023999 -0.006841957 0.005198955 -0.01749497 -0.007491946 0.004941999 -0.015495 -0.007476985 0.002941966 -0.01564699 -0.007482945 0.003706991 -0.01607996 -0.007487952 0.004355967 -0.01672899 -0.007490992 0.004789948 -0.015495 -0.007452964 -5.8e-5 -0.015495 -0.007429957 -0.003057956 -0.01749497 -0.007413983 -0.00505799 -0.01649498 -0.007416963 -0.004789948 -0.01576298 -0.00742197 -0.004057943 -0.029495 -0.007413983 -0.00505799 -0.02987694 -0.007413983 -0.005133986 -0.03020197 -0.007411956 -0.005350947 -0.03041899 -0.007409989 -0.005674958 -0.03502798 -0.007082998 0.004749953 -0.03533595 -0.006491959 0.004889965 -0.03522998 -0.006944954 0.004805982 -0.03536498 -0.006736993 0.00484395 -0.03541296 -0.006491959 0.004857957 -0.03521394 -0.00732696 0.004441976 -0.03535795 -0.007411956 0.004039943 -0.03549998 -0.007131993 0.004519999 -0.03567397 -0.007195949 0.004125952 -0.03569197 -0.006837964 0.004573941 -0.03588598 -0.006870985 0.004185974 -0.03575897 -0.006489992 0.004593968 -0.03596097 -0.006486952 0.004207968 -0.03499495 -0.00309199 0.004975974 -0.03452998 -0.001807987 0.004985988 -0.03478497 -0.002198994 0.004982948 -0.03494298 -0.002637982 0.004979968 -0.03599494 -0.003084957 0.003975987 -0.03591799 -0.003087997 0.004358947 -0.03570199 -0.003089964 0.004682958 -0.03537696 -0.00309199 0.004899978 -0.03529798 -0.001160979 0.004026949 -0.03567999 -0.001745998 0.004011988 -0.03523194 -0.001218974 0.004397988 -0.03560596 -0.001786947 0.004385948 -0.03506398 -0.001361966 0.004708945 -0.03540998 -0.00188595 0.004700958 -0.03481799 -0.001567959 0.004914999 -0.03512197 -0.002030968 0.004910945 -0.03591698 -0.002403974 0.003993988 -0.03583896 -0.002424955 0.004372954 -0.03562694 -0.00247699 0.004691958 -0.03531199 -0.002550959 0.004904985 -0.035371 -0.003302991 -0.008745968 -0.03569799 -0.003304958 -0.008529961 -0.03591799 -0.003306984 -0.008204996 -0.03599494 -0.003309965 -0.00781995 -0.03599494 -0.003081977 0.003936946 -0.03599494 -0.002952992 0.001007974 -0.03599494 -0.002948999 -0.001962959 -0.03599494 -0.003071963 -0.004929959 -0.02851498 0.003809988 -0.008255958 -0.02851796 0.003877997 -0.007543981 -0.02827399 0.004082977 -0.007101953 -0.02729499 0.004462957 -0.00713098 -0.02730196 0.004648983 -0.004336953 -0.02728396 0.004175961 -0.009917974 -0.03480595 -0.001782953 -0.008740961 -0.03441196 -0.001411974 -0.008739948 -0.034738 -9.85e-4 -0.008245944 -0.03522294 -0.001440942 -0.008237957 -0.03479897 -9.08e-4 -0.007887959 -0.03529697 -0.001381993 -0.007874965 -0.03567898 -0.001968979 -0.007857978 -0.03559798 -0.002005994 -0.008227944 -0.03505098 -0.001580953 -0.008540987 -0.03460299 -0.001160979 -0.008542954 -0.03511095 -0.002242982 -0.008742988 -0.03530299 -0.002762973 -0.008744955 -0.03561896 -0.00269097 -0.008533954 -0.03539896 -0.002101957 -0.008537948 -0.03583395 -0.002643942 -0.008216977 -0.03591597 -0.002627968 -0.007839977 -0.03520399 -9.21e-4 -0.002001941 -0.03479897 -8.35e-4 -0.00712198 -0.03594499 -0.002529978 -0.004963994 -0.03579199 -0.001990973 -0.004996955 -0.03554099 -0.001488983 -0.005027949 -0.03520399 -0.001045942 -0.005055963 -0.03480094 -6.34e-4 -0.004240989 -0.03554099 -0.001364946 -0.001993 -0.03554099 -0.001368999 0.001043975 -0.03579199 -0.001871943 0.001032948 -0.03594499 -0.002410948 0.001020967 -0.03579199 -0.001867949 -0.001984 -0.03594499 -0.002407968 -0.001972973 -0.02999496 0.00168097 -0.008768975 -0.03180795 5.55e-4 -0.008726 -0.02999496 0.001925945 -0.008715987 -0.03199595 8.01e-4 -0.008536994 -0.02999496 0.002148985 -0.008626997 -0.03200697 8.16e-4 -0.008519947 -0.02993297 0.002521991 -0.008387982 -0.032139 9.88e-4 -0.008221983 -0.02985 0.002710998 -0.008225977 -0.03219699 0.001061975 -0.007870972 -0.02959597 0.003031969 -0.007854998 -0.02904498 0.002819955 -0.01268595 -0.02959495 0.002389967 -0.01275998 -0.02959495 0.002750992 -0.01031297 -0.029495 0.002246975 -0.01329296 -0.02908098 0.002578973 -0.01322597 -0.02945196 0.002170979 -0.01343196 -0.02881199 0.002310991 -0.01367497 -0.02931898 0.001914978 -0.01374298 -0.02846997 0.001919984 -0.01394796 -0.02920395 0.001677989 -0.01391696 -0.02909296 0.001437962 -0.01402795 -0.02829599 0.001705944 -0.01400196 -0.028979 0.001183986 -0.01408898 -0.02890396 0.00101298 -0.01410198 -0.02813994 0.001504957 -0.01400494 -0.02886998 9.34e-4 -0.01410096 -0.02928197 -0.01302295 -0.01389396 -0.02928197 -0.01323294 -0.01358497 -0.02965295 -0.01310396 -0.01321798 -0.02986097 -0.01285099 -0.01321595 -0.02990496 -0.01273196 -0.01337295 -0.02990496 -0.01276499 -0.01321494 -0.02999496 -0.01235097 -0.01321196 -0.02928197 -0.013309 -0.01321899 -0.029495 -0.01321697 -0.01321899 -0.02965295 -0.01304495 -0.01350599 -0.02965295 -0.01287996 -0.013749 -0.02990496 -0.01264095 -0.01350694 -0.02990496 -0.01250594 -0.01359498 -0.02965295 -0.01263397 -0.01390999 -0.02928197 -0.01271098 -0.01409995 -0.02928197 -0.012344 -0.01416999 -0.02965295 -0.01234495 -0.01396495 -0.02990496 -0.01234799 -0.01362496 -0.02984195 0.002483963 -0.01029294 -0.02999496 0.001599967 -0.01262998 -0.02999496 0.001901984 -0.01063197 -0.02997696 0.002142965 -0.01024794 -0.02989995 0.002018988 -0.01269894 -0.02976298 0.002231955 -0.01273399 -0.02945899 0.00187397 -0.01369798 -0.02992296 9.29e-4 -0.01348096 -0.02999496 9.26e-4 -0.01310896 -0.02999496 0.001278996 -0.01302397 -0.02980995 0.00169897 -0.01344698 -0.02994799 0.001538991 -0.01321798 -0.029962 0.001737952 -0.01295298 -0.02992999 0.001253962 -0.01341295 -0.02973794 0.001343965 -0.01371496 -0.02969896 0.001140952 -0.01380097 -0.02936798 0.001172959 -0.01401698 -0.029446 0.00140798 -0.01392894 -0.029522 0.001628994 -0.01379895 -0.02959197 0.001825988 -0.01362997 -0.02960395 0.002186 -0.01325196 -0.02970296 0.002113997 -0.01320397 -0.02986198 0.001939952 -0.01308798 -0.02999496 0.001510977 -0.01283395 -0.02965599 9.32e-4 -0.01385796 -0.02924895 9.34e-4 -0.01407599 -0.05049496 -0.06205898 0.01561599 -0.05049496 -0.062056 0.01567 -0.04989498 -0.06145596 0.01567399 -0.05049496 -0.06207996 0.01545596 -0.04989498 -0.06157398 0.01493597 -0.05049496 -0.06211894 0.01524597 -0.04989498 -0.06191295 0.01381194 -0.05049496 -0.06247895 0.01401096 -0.04989498 -0.061643 0.01466995 -0.05049496 -0.06222099 0.01482897 -0.05049496 -0.06207394 0.01800197 -0.04989498 -0.06147396 0.01800596 -0.05049496 -0.05510097 0.01928699 -0.05049496 -0.05487495 0.018058 -0.04989498 -0.05547499 0.01805299 -0.04989498 -0.05566298 0.01907795 -0.04989498 -0.05571198 0.01919895 -0.05049496 -0.05573499 0.02036499 -0.04989498 -0.05619096 0.01997596 -0.04989498 -0.05636996 0.02016699 -0.05049496 -0.05669897 0.02116096 -0.04989498 -0.05699497 0.020639 -0.04989498 -0.05734795 0.02080994 -0.05049496 -0.057877 0.02157998 -0.04989498 -0.05797594 0.02098798 -0.04989498 -0.05849796 0.02102899 -0.05049496 -0.05912697 0.02156996 -0.04989498 -0.05901795 0.02098 -0.05049496 -0.06029897 0.021133 -0.04989498 -0.05964398 0.02079194 -0.04989498 -0.05999499 0.02061599 -0.05049496 -0.06124997 0.02032196 -0.04989498 -0.06061196 0.02013397 -0.04989498 -0.06078797 0.01993995 -0.05049496 -0.06186699 0.019234 -0.04989498 -0.06130099 0.01903396 -0.04989498 -0.06125497 0.01915597 -0.05049496 -0.054856 0.01572597 -0.04989498 -0.05545598 0.01572096 -0.04989498 -0.05531096 0.01492398 -0.05049496 -0.05477797 0.01526695 -0.04989498 -0.055233 0.01464599 -0.05049496 -0.05465799 0.01481795 -0.04989498 -0.05491799 0.01372599 -0.05049496 -0.054515 0.01437598 -0.05049496 -0.05435699 0.01393896 -0.05049496 -0.04868894 0.01554197 -0.05049496 -0.04866296 0.01577395 -0.04989498 -0.04806298 0.015778 -0.04989498 -0.048195 0.014979 -0.05049496 -0.04873299 0.01531398 -0.04989498 -0.04856997 0.013776 -0.05049496 -0.04913395 0.01397895 -0.04989498 -0.04826998 0.01470094 -0.05049496 -0.04884696 0.01486396 -0.05049496 -0.04868096 0.01810598 -0.04989498 -0.04808098 0.01810997 -0.05049496 -0.04170799 0.019391 -0.05049496 -0.04148095 0.01816195 -0.04989498 -0.04208099 0.018157 -0.04989498 -0.04227 0.01918196 -0.04989498 -0.04231798 0.01930296 -0.05049496 -0.04234099 0.02046895 -0.04989498 -0.04279798 0.02007997 -0.04989498 -0.04297596 0.02027195 -0.05049496 -0.04330497 0.02126497 -0.04989498 -0.04360097 0.02074295 -0.04989498 -0.04395395 0.02091395 -0.05049496 -0.04448294 0.02168399 -0.04989498 -0.04458296 0.02109199 -0.04989498 -0.04510396 0.02113395 -0.05049496 -0.04573398 0.02167397 -0.04989498 -0.04562497 0.02108395 -0.05049496 -0.04690498 0.02123695 -0.04989498 -0.04625099 0.02089595 -0.04989498 -0.04660099 0.02072 -0.05049496 -0.04785698 0.02042597 -0.04989498 -0.04721897 0.02023899 -0.04989498 -0.04739397 0.02004396 -0.05049496 -0.048473 0.01933896 -0.04989498 -0.04790794 0.01913797 -0.04989498 -0.04786098 0.01925998 -0.05049496 -0.04146295 0.01582998 -0.04989498 -0.04206299 0.01582497 -0.04989498 -0.04191797 0.01502799 -0.05049496 -0.04138499 0.01537096 -0.04989498 -0.041839 0.01475 -0.05049496 -0.04126495 0.01492196 -0.04989498 -0.04152399 0.01382994 -0.05049496 -0.04112195 0.01447999 -0.05049496 -0.04096299 0.01404297 -0.05049496 -0.03529495 0.01564699 -0.05049496 -0.03526896 0.01587796 -0.04989498 -0.03466898 0.01588296 -0.04989498 -0.03480195 0.01508396 -0.05049496 -0.03533995 0.01541894 -0.04989498 -0.03517699 0.01387995 -0.05049496 -0.03574097 0.01408398 -0.04989498 -0.03487598 0.01480495 -0.05049496 -0.03545296 0.01496797 -0.05049496 -0.03528696 0.01820999 -0.04989498 -0.03468698 0.018215 -0.05049496 -0.02831399 0.01949596 -0.05049496 -0.02808797 0.01826596 -0.04989498 -0.028687 0.01826095 -0.04989498 -0.02887594 0.01928597 -0.04989498 -0.028925 0.01940798 -0.05049496 -0.02894794 0.02057296 -0.04989498 -0.02940398 0.02018398 -0.04989498 -0.02958297 0.02037596 -0.05049496 -0.02991199 0.02136999 -0.04989498 -0.03020799 0.02084797 -0.04989498 -0.03056097 0.02101898 -0.05049496 -0.03108996 0.021788 -0.04989498 -0.03118896 0.02119594 -0.04989498 -0.03171098 0.02123796 -0.05049496 -0.03233999 0.02177798 -0.04989498 -0.03223097 0.02118796 -0.05049496 -0.03351199 0.02134197 -0.04989498 -0.032857 0.02100098 -0.04989498 -0.03320795 0.02082395 -0.05049496 -0.03446298 0.02053099 -0.04989498 -0.03382498 0.020343 -0.04989498 -0.03399997 0.02014797 -0.05049496 -0.03507995 0.01944297 -0.04989498 -0.03451395 0.01924198 -0.04989498 -0.03446799 0.01936399 -0.05049496 -0.02806895 0.01593399 -0.04989498 -0.02866899 0.01592898 -0.04989498 -0.02852398 0.01513195 -0.05049496 -0.02799099 0.01547598 -0.04989498 -0.02844595 0.01485395 -0.05049496 -0.02787095 0.01502597 -0.04989498 -0.02813094 0.01393496 -0.05049496 -0.02772796 0.014584 -0.05049496 -0.02756994 0.01414698 -0.05049496 -0.06254899 0.01388895 -0.04989498 -0.06208598 0.01350694 -0.05049496 -0.06267595 0.01378697 -0.04989498 -0.062433 0.01323795 -0.04989498 -0.06286197 0.01314395 -0.050493 -0.06275796 0.01375395 -0.04989498 -0.06320697 0.01320695 -0.05046695 -0.06300699 0.01374298 -0.05049496 -0.01467597 0.016038 -0.04989498 -0.01527595 0.01603394 -0.05049496 -0.01469397 0.01836997 -0.04989498 -0.01529395 0.01836597 -0.05049496 -0.01492094 0.01959997 -0.04989498 -0.01548296 0.01938998 -0.04989498 -0.015531 0.01951199 -0.05049496 -0.01555395 0.02067798 -0.04989498 -0.01601099 0.02028799 -0.04989498 -0.01618897 0.02047997 -0.05049496 -0.01651799 0.021474 -0.04989498 -0.01681399 0.02095198 -0.04989498 -0.01716697 0.02112299 -0.05049496 -0.01769596 0.02189195 -0.04989498 -0.01779597 0.02130097 -0.05049496 -0.018947 0.02188295 -0.04989498 -0.01831698 0.02134197 -0.04989498 -0.01883798 0.02129298 -0.05049496 -0.02011799 0.02144598 -0.04989498 -0.019463 0.02110499 -0.04989498 -0.01981395 0.02092897 -0.05049496 -0.02107 0.02063494 -0.04989498 -0.02043199 0.02044695 -0.04989498 -0.02060699 0.020253 -0.05049496 -0.02168595 0.01954698 -0.04989498 -0.02129399 0.01831895 -0.05049496 -0.02189397 0.018314 -0.04989498 -0.02112096 0.01934599 -0.04989498 -0.02107399 0.01946896 -0.05049496 -0.02187597 0.01598197 -0.04989498 -0.02127599 0.01598697 -0.05049496 -0.02205997 0.01507198 -0.05049496 -0.02194595 0.01552295 -0.04989498 -0.02140796 0.01518797 -0.05049496 -0.02190196 0.015751 -0.04989498 -0.02178299 0.01398396 -0.05049496 -0.02234697 0.01418799 -0.04449498 -0.02866899 0.01592898 -0.04449498 -0.028687 0.01826095 -0.04449498 -0.03468698 0.018215 -0.04449498 -0.03446799 0.01936399 -0.04449498 -0.03382498 0.020343 -0.04449498 -0.032857 0.02100098 -0.04449498 -0.03171098 0.02123796 -0.04449498 -0.03056097 0.02101898 -0.04449498 -0.02958297 0.02037596 -0.04449498 -0.028925 0.01940798 -0.04449498 -0.03466898 0.01588296 -0.04449498 -0.03517699 0.01387995 -0.04449498 -0.03480195 0.01508396 -0.05049496 -0.035824 0.01394796 -0.04989498 -0.03538298 0.01353996 -0.04989498 -0.03571295 0.01330494 -0.05049496 -0.03595596 0.01385295 -0.04989498 -0.03610897 0.01321899 -0.05049496 -0.03611397 0.01381897 -0.04989498 -0.04131197 0.01349395 -0.05049496 -0.04087799 0.01390796 -0.05049496 -0.04074496 0.01381599 -0.04989498 -0.04097896 0.013264 -0.05049496 -0.04058599 0.013785 -0.04989498 -0.04058098 0.01318496 -0.04449498 -0.04206299 0.01582497 -0.04449498 -0.04208099 0.018157 -0.04449498 -0.04808098 0.01810997 -0.04449498 -0.04786098 0.01925998 -0.04449498 -0.04721897 0.02023899 -0.04449498 -0.04625099 0.02089595 -0.04449498 -0.04510396 0.02113395 -0.04449498 -0.04395395 0.02091395 -0.04449498 -0.04297596 0.02027195 -0.04449498 -0.04231798 0.01930296 -0.04449498 -0.04806298 0.015778 -0.04449498 -0.04152399 0.01382994 -0.04449498 -0.04191797 0.01502799 -0.04449498 -0.04856997 0.013776 -0.04449498 -0.048195 0.014979 -0.05049496 -0.04921698 0.01384299 -0.04989498 -0.04877698 0.01343595 -0.04989498 -0.04910695 0.01319998 -0.05049496 -0.04934895 0.013749 -0.04989498 -0.04950296 0.01311498 -0.05049496 -0.04950797 0.01371496 -0.04989498 -0.05470597 0.01338899 -0.05049496 -0.05427199 0.01380395 -0.05049496 -0.05413895 0.01371198 -0.04989498 -0.05437195 0.01315897 -0.05049496 -0.05397999 0.01367998 -0.04989498 -0.05397498 0.01308 -0.04449498 -0.05491799 0.01372599 -0.04449498 -0.05531096 0.01492398 -0.04449498 -0.05545598 0.01572096 -0.04449498 -0.05547499 0.01805299 -0.04449498 -0.06147396 0.01800596 -0.04449498 -0.06125497 0.01915597 -0.04449498 -0.06061196 0.02013397 -0.04449498 -0.05964398 0.02079194 -0.04449498 -0.05849796 0.02102899 -0.04449498 -0.05734795 0.02080994 -0.04449498 -0.05636996 0.02016699 -0.04449498 -0.05571198 0.01919895 -0.04449498 -0.06145596 0.01567399 -0.04449498 -0.06191295 0.01381194 -0.04449498 -0.06157398 0.01493597 -0.05049496 -0.02243 0.01405197 -0.04989498 -0.02199 0.01364398 -0.04989498 -0.02231997 0.01340895 -0.05049496 -0.02256196 0.01395797 -0.04989498 -0.02271598 0.01332396 -0.05049496 -0.02272099 0.013924 -0.04989498 -0.02791899 0.01359796 -0.05049496 -0.02748495 0.01401197 -0.05049496 -0.02735096 0.01391994 -0.04989498 -0.02758496 0.01336795 -0.05049496 -0.02719295 0.01388895 -0.04989498 -0.027188 0.01328897 -0.04449498 -0.02813094 0.01393496 -0.04449498 -0.02852398 0.01513195 -0.05049496 -0.01467198 0.01598495 -0.05049496 -0.01464897 0.01582497 -0.04989498 -0.01514595 0.01529699 -0.05049496 -0.01460599 0.01561498 -0.05049496 -0.01449799 0.01519995 -0.04989498 -0.01478999 0.01417899 -0.05049496 -0.01437097 0.01479494 -0.05049496 -0.01422697 0.01438695 -0.04449498 -0.06320697 0.01320695 -0.04449498 -0.06281697 0.01314395 -0.04449498 -0.062433 0.01323795 -0.04449498 -0.06211596 0.01347297 -0.05040198 -0.06327795 0.01379096 -0.04989498 -0.06376397 0.013484 -0.04989498 -0.06425195 0.01387 -0.05005997 -0.06396496 0.01383495 -0.05022698 -0.06367599 0.01382398 -0.05022698 -0.06373798 0.02178996 -0.05049496 -0.06273895 0.02193796 -0.05043596 -0.06322097 0.02183997 -0.05027198 -0.06365495 0.02179098 -0.05011099 -0.06393897 0.021788 -0.049995 -0.06413996 0.02177399 -0.049995 -0.063353 0.02226299 -0.049995 -0.06324398 0.02230697 -0.049995 -0.06220597 0.02250099 -0.05049496 -0.06220197 0.02200096 -0.049995 -0.01463198 0.02287095 -0.05049496 -0.01462799 0.02237099 -0.05049496 -0.01409 0.02231699 -0.05049496 -0.01402699 0.01416599 -0.05049496 -0.01415598 0.014265 -0.04449498 -0.01527595 0.01603394 -0.04449498 -0.01529395 0.01836597 -0.04449498 -0.02129399 0.01831895 -0.04449498 -0.02107399 0.01946896 -0.04449498 -0.02043199 0.02044695 -0.04449498 -0.019463 0.02110499 -0.04449498 -0.01831698 0.02134197 -0.04449498 -0.01716697 0.02112299 -0.04449498 -0.01618897 0.02047997 -0.04449498 -0.015531 0.01951199 -0.04449498 -0.02127599 0.01598697 -0.04449498 -0.02178299 0.01398396 -0.04449498 -0.02140796 0.01518797 -0.04449498 -0.02758496 0.01336795 -0.04449498 -0.027188 0.01328897 -0.04449498 -0.03610897 0.01321899 -0.04449498 -0.03571295 0.01330494 -0.04449498 -0.03538298 0.01353996 -0.04449498 -0.02791899 0.01359796 -0.04449498 -0.04130899 0.01348996 -0.04449498 -0.040977 0.01326298 -0.04449498 -0.04058098 0.01318496 -0.04449498 -0.04950296 0.01311498 -0.04449498 -0.04910898 0.01319897 -0.04449498 -0.04877996 0.01343196 -0.04449498 -0.05470198 0.01338595 -0.04449498 -0.05436998 0.01315796 -0.04449498 -0.05397498 0.01308 -0.04449498 -0.062132 0.01301699 -0.04449498 -0.02271598 0.01332396 -0.04449498 -0.02232199 0.01340794 -0.04449498 -0.02199298 0.01364099 -0.04989498 -0.01461195 0.01387596 -0.05048197 -0.01380598 0.01411497 -0.05046695 -0.013695 0.01412695 -0.04989498 -0.01348596 0.01359397 -0.04989498 -0.01426094 0.01361298 -0.04989498 -0.01383095 0.01352494 -0.04449498 -0.01514595 0.01529699 -0.04449498 -0.01478999 0.01417899 -0.04299497 -0.06211698 0.01100099 -0.04249495 -0.06211298 0.01050096 -0.04249495 -0.06326299 0.01071995 -0.04299497 -0.063075 0.01118397 -0.04249495 -0.06424099 0.01136296 -0.04299497 -0.06388998 0.01171898 -0.04249495 -0.06489896 0.01233094 -0.04299497 -0.06443798 0.01252597 -0.04249495 -0.06513595 0.01347798 -0.04299497 -0.06463599 0.01348096 -0.04299497 -0.01454299 0.01137095 -0.04249495 -0.014539 0.01087099 -0.04049497 -0.06513595 0.01347798 -0.04049497 -0.06489896 0.01233094 -0.04049497 -0.06424099 0.01136296 -0.04049497 -0.06326299 0.01071995 -0.04049497 -0.06211298 0.01050096 -0.04299497 -0.06464296 0.01433897 -0.042723 -0.06491798 0.01484698 -0.04255199 -0.06509399 0.01540899 -0.04249495 -0.06515598 0.01599299 -0.04938197 -0.06515598 0.01599299 -0.04939299 -0.06513398 0.01565295 -0.04951494 -0.06491798 0.01484495 -0.04955697 -0.06484198 0.01468199 -0.04299497 -0.06426095 0.013879 -0.04299497 -0.06328195 0.01323598 -0.04299497 -0.062132 0.01301699 -0.04938197 -0.06518298 0.01947695 -0.04951399 -0.06496298 0.02062696 -0.04988998 -0.06432098 0.02160596 -0.04049497 -0.06518298 0.01947695 -0.04049497 -0.06497097 0.02060794 -0.04049497 -0.06433099 0.021595 -0.04049497 -0.06432098 0.02160596 -0.04049497 -0.06335896 0.02226096 -0.04049497 -0.06220597 0.02250099 -0.038495 -0.06467097 0.01799696 -0.03899496 -0.065171 0.01799297 -0.038495 -0.06465595 0.01599699 -0.03899496 -0.06515598 0.01599299 -0.04049497 -0.065171 0.01799297 -0.04043698 -0.06511795 0.018579 -0.04026597 -0.06495195 0.01914298 -0.040102 -0.06479001 0.01947999 -0.038495 -0.06219094 0.02051699 -0.03899496 -0.062195 0.02101695 -0.03899496 -0.06334096 0.02077895 -0.038495 -0.06314599 0.02031898 -0.03899496 -0.064309 0.02012097 -0.038495 -0.06395298 0.01977097 -0.03899496 -0.06495195 0.01914298 -0.038495 -0.06448799 0.01895499 -0.03999495 -0.06220197 0.02200096 -0.040048 -0.064736 0.01957398 -0.03999495 -0.06316298 0.02180099 -0.03999495 -0.063973 0.02124595 -0.03999495 -0.064507 0.02042299 -0.03999495 -0.064677 0.01966595 -0.03999495 -0.01462799 0.02237099 -0.04049497 -0.01463198 0.02287095 -0.049995 -0.013592 0.02269297 -0.05049097 -0.01396095 0.02228999 -0.05046498 -0.01374596 0.02224898 -0.049995 -0.01268696 0.02217495 -0.05011099 -0.01288795 0.02218598 -0.049995 -0.01348197 0.02265197 -0.05022698 -0.013089 0.02218496 -0.05040299 -0.01348996 0.02220898 -0.05022698 -0.01302695 0.01421898 -0.05033099 -0.01323497 0.01420599 -0.04449498 -0.01458197 0.01384299 -0.04449498 -0.01426094 0.01361298 -0.04449498 -0.01455795 0.01338696 -0.04449498 -0.01387596 0.01352494 -0.04449498 -0.01348596 0.01359397 -0.04299497 -0.01455795 0.01338696 -0.04989498 -0.01293396 0.01387995 -0.05005997 -0.01273798 0.01423299 -0.04989498 -0.01245194 0.014274 -0.04989498 -0.01341199 0.01362395 -0.04299497 -0.01244395 0.01428198 -0.04299497 -0.01206898 0.01474797 -0.04299497 -0.01206195 0.01389098 -0.04299497 -0.01358699 0.01156896 -0.04299497 -0.01341199 0.01362395 -0.04299497 -0.01278096 0.01211696 -0.04299497 -0.01224499 0.012932 -0.04249495 -0.01156198 0.01389497 -0.04249495 -0.01178199 0.01274496 -0.04249495 -0.01242399 0.01176595 -0.04249495 -0.01339197 0.01110899 -0.04049497 -0.014539 0.01087099 -0.03999495 -0.01454299 0.01137095 -0.03999495 -0.06211698 0.01100099 -0.03999495 -0.06463599 0.01348096 -0.03999495 -0.06443798 0.01252597 -0.03999495 -0.06388998 0.01171898 -0.03999495 -0.063075 0.01118397 -0.04049497 -0.01339197 0.01110899 -0.03999495 -0.01358699 0.01156896 -0.04049497 -0.01242399 0.01176595 -0.03999495 -0.01278096 0.01211696 -0.04049497 -0.01178199 0.01274496 -0.03999495 -0.01224499 0.012932 -0.04049497 -0.01156198 0.01389497 -0.03999495 -0.01206195 0.01389098 -0.04043698 -0.06509399 0.01540899 -0.04049497 -0.06515598 0.01599299 -0.03999495 -0.06464296 0.01433897 -0.04026597 -0.06491798 0.01484698 -0.03899496 -0.06491798 0.01484698 -0.038495 -0.06445795 0.01504194 -0.03899496 -0.06426095 0.013879 -0.038495 -0.06391 0.01423496 -0.03899496 -0.06328195 0.01323598 -0.038495 -0.06309497 0.01369994 -0.03899496 -0.062132 0.01301699 -0.038495 -0.06213599 0.01351696 -0.04474598 -0.01408898 0.01739096 -0.04399496 -0.01533895 0.01738095 -0.04399496 -0.01520997 0.016837 -0.04399496 -0.01516699 0.01675695 -0.04399496 -0.01485598 0.01640295 -0.04399496 -0.01470595 0.01630395 -0.04399496 -0.01434797 0.01616799 -0.04399496 -0.01407998 0.01614099 -0.04399496 -0.01378899 0.01617795 -0.04399496 -0.01345598 0.01631295 -0.04399496 -0.01328897 0.01642996 -0.04399496 -0.01295095 0.01687598 -0.04399496 -0.01283895 0.01740097 -0.04399496 -0.01300197 0.01677399 -0.04399496 -0.01296699 0.01794195 -0.04399496 -0.01382094 0.01861196 -0.04399496 -0.01437699 0.01860696 -0.04399496 -0.013318 0.01837396 -0.04399496 -0.01521998 0.01792395 -0.04399496 -0.01487594 0.01836198 -0.038495 -0.02653896 0.02067697 -0.038495 -0.02648198 0.02079498 -0.038495 -0.02661198 0.02029395 -0.038495 -0.02656596 0.01429396 -0.038495 -0.02642798 0.01379495 -0.03899496 -0.02561998 0.02130097 -0.038975 -0.02581495 0.021281 -0.03891897 -0.02600198 0.02122199 -0.03870195 -0.02632498 0.02100294 -0.03999495 -0.064309 0.02012097 -0.03999495 -0.06334096 0.02077895 -0.03999495 -0.062195 0.02101695 -0.03999495 -0.012492 0.02052497 -0.03999495 -0.01211696 0.02007496 -0.03999495 -0.01230698 0.02084594 -0.03999495 -0.01462095 0.02138698 -0.03999495 -0.01347094 0.02116698 -0.03999495 -0.01285499 0.02165198 -0.03999495 -0.01366996 0.02218794 -0.040102 -0.01200199 0.01989096 -0.04049497 -0.01160895 0.019894 -0.040048 -0.01205796 0.01998394 -0.04049497 -0.01184594 0.02104097 -0.04049497 -0.01250398 0.02200895 -0.04049497 -0.01348197 0.02265197 -0.04026198 -0.01183897 0.01956599 -0.04043698 -0.01165896 0.01899498 -0.04049497 -0.01159697 0.01840996 -0.04989099 -0.01250696 0.02201199 -0.04938197 -0.01160895 0.019894 -0.04941195 -0.01166498 0.02045094 -0.04951494 -0.01184797 0.02104496 -0.04961997 -0.01203197 0.02140694 -0.04988998 -0.01244395 0.01428198 -0.04951399 -0.011801 0.01526099 -0.04938197 -0.01158195 0.01640999 -0.04272699 -0.01180499 0.01525199 -0.04262298 -0.01170396 0.01554 -0.04249495 -0.01158195 0.01640999 -0.03999495 -0.01206898 0.01474797 -0.04026597 -0.011801 0.01526099 -0.04043698 -0.01163494 0.01582497 -0.04049497 -0.01158195 0.01640999 -0.03799498 -0.02185297 0.01362299 -0.03799498 -0.01642799 0.01387298 -0.03799498 -0.02163898 0.01394897 -0.03799498 -0.01656597 0.01437199 -0.03799498 -0.02156597 0.01433295 -0.03799498 -0.015558 0.01337897 -0.03799498 -0.01605898 0.01350897 -0.03799498 -0.02255797 0.01332497 -0.03799498 -0.02217596 0.01340395 -0.03799498 -0.01659697 0.01837098 -0.03799498 -0.01667594 0.01875299 -0.03799498 -0.01689499 0.01907598 -0.03799498 -0.01722198 0.01928997 -0.03799498 -0.01760494 0.01936399 -0.03799498 -0.02159696 0.018332 -0.03799498 -0.02130997 0.01904195 -0.03799498 -0.02152395 0.01871597 -0.03799498 -0.02098697 0.019261 -0.03799498 -0.02060496 0.01933997 -0.03999495 -0.06426095 0.013879 -0.03999495 -0.01455795 0.01338696 -0.03999495 -0.062132 0.01301699 -0.03999495 -0.01341199 0.01362395 -0.03999495 -0.01244395 0.01428198 -0.03999495 -0.06328195 0.01323598 -0.03886097 -0.02605897 0.01343196 -0.03896099 -0.02581697 0.01333397 -0.03899496 -0.02555799 0.01330196 -0.03676998 -0.01533895 0.01738095 -0.03676998 -0.01516699 0.01675695 -0.03676998 -0.01470595 0.01630395 -0.03676998 -0.01407998 0.01614099 -0.03676998 -0.01345598 0.01631295 -0.03676998 -0.01300197 0.01677399 -0.03676998 -0.01283895 0.01740097 -0.03676998 -0.01296895 0.01794499 -0.03676998 -0.01332294 0.01837795 -0.03676998 -0.01383095 0.01861399 -0.03676998 -0.01438999 0.01860398 -0.03676998 -0.014889 0.01835095 -0.03676998 -0.01522797 0.01790595 -0.03679496 -0.015558 0.01337897 -0.03679496 -0.01605898 0.01350897 -0.03679496 -0.01642799 0.01387298 -0.03679496 -0.01656597 0.01437199 -0.03679496 -0.01659697 0.01837098 -0.03679496 -0.01667296 0.01874697 -0.03679496 -0.01689195 0.01907294 -0.03679496 -0.01721894 0.01928997 -0.03679496 -0.01760494 0.01936399 -0.03679496 -0.02060496 0.01933997 -0.03679496 -0.02159696 0.018332 -0.03679496 -0.02152395 0.01871597 -0.03679496 -0.02130997 0.01904195 -0.03679496 -0.02098697 0.019261 -0.03679496 -0.02156597 0.01433295 -0.03679496 -0.02255797 0.01332497 -0.03679496 -0.02217596 0.01340395 -0.03679496 -0.02185297 0.01362299 -0.03679496 -0.02163898 0.01394897 -0.03679496 -0.02555799 0.01330196 -0.03679496 -0.02594095 0.01337498 -0.03679496 -0.02605897 0.01343196 -0.03679496 -0.02626699 0.01358896 -0.03679496 -0.02656596 0.01429396 -0.03679496 -0.02648699 0.01391196 -0.03679496 -0.02642798 0.01379495 -0.03679496 -0.02661198 0.02029395 -0.03679496 -0.02653896 0.02067697 -0.03679496 -0.02632498 0.02100294 -0.03679496 -0.02600198 0.02122199 -0.03679496 -0.02561998 0.02130097 -0.03679496 -0.01462095 0.02138698 -0.03679496 -0.012492 0.02052497 -0.03679496 -0.01347094 0.02116698 -0.03679496 -0.01183497 0.01955699 -0.03679496 -0.01159697 0.01840996 -0.03679496 -0.01158195 0.01640999 -0.03679496 -0.011801 0.01526099 -0.03679496 -0.01244395 0.01428198 -0.03679496 -0.01341199 0.01362395 -0.03679496 -0.01455795 0.01338696 -0.04474598 -0.02408897 0.017313 -0.04399496 -0.02283895 0.01732295 -0.04399496 -0.02296894 0.01786696 -0.04399496 -0.02382999 0.01853597 -0.04399496 -0.02438998 0.01852595 -0.04399496 -0.02332299 0.01830095 -0.04399496 -0.02522796 0.01782798 -0.04399496 -0.02533894 0.01730298 -0.04399496 -0.02488899 0.01827394 -0.03649497 -0.01561397 0.01737898 -0.03649497 -0.01540398 0.01661795 -0.03649497 -0.01484197 0.01606398 -0.03649497 -0.01407796 0.01586598 -0.03649497 -0.01331698 0.01607596 -0.03649497 -0.01276296 0.01663899 -0.03649497 -0.012564 0.01740294 -0.03649497 -0.01272195 0.018067 -0.03649497 -0.01315397 0.01859599 -0.03649497 -0.01377397 0.01888298 -0.03649497 -0.01445597 0.01887094 -0.03649497 -0.01506495 0.01856297 -0.03649497 -0.01547896 0.01801896 -0.03649497 -0.01626598 0.01437395 -0.03649497 -0.01616895 0.01402497 -0.03649497 -0.01591098 0.01376998 -0.03649497 -0.01556098 0.01367896 -0.03649497 -0.01629698 0.01837396 -0.03649497 -0.01639598 0.01886194 -0.03649497 -0.01668095 0.01928597 -0.03649497 -0.01710599 0.01956695 -0.03649497 -0.01760697 0.01966398 -0.03649497 -0.02060699 0.01963996 -0.03649497 -0.02110397 0.01953697 -0.03649497 -0.02152299 0.019252 -0.03649497 -0.02180194 0.01882797 -0.03649497 -0.02189695 0.01832997 -0.03649497 -0.02186596 0.01432996 -0.03649497 -0.02256 0.01362496 -0.03649497 -0.02229297 0.01367998 -0.03649497 -0.02206695 0.01383399 -0.03649497 -0.02191698 0.01406198 -0.03649497 -0.02555996 0.01360195 -0.03649497 -0.02626597 0.01429599 -0.03649497 -0.02620995 0.01402896 -0.03649497 -0.026057 0.01380294 -0.03649497 -0.02582895 0.01365298 -0.03649497 -0.02631199 0.02029597 -0.03649497 -0.02561795 0.02100098 -0.03649497 -0.02588498 0.02094596 -0.03649497 -0.02611094 0.02079194 -0.03649497 -0.02626097 0.02056396 -0.03649497 -0.01461797 0.02108699 -0.03649497 -0.01189696 0.018408 -0.03649497 -0.01211094 0.01943999 -0.03649497 -0.012703 0.02031099 -0.03649497 -0.013583 0.02088898 -0.03649497 -0.01188194 0.01640796 -0.03649497 -0.01456099 0.01368695 -0.03649497 -0.013529 0.01390099 -0.03649497 -0.01265799 0.01449298 -0.03649497 -0.012079 0.01537299 -0.03676998 -0.02283895 0.01732295 -0.03676998 -0.02296894 0.01786696 -0.03676998 -0.02332299 0.01830095 -0.03676998 -0.02382999 0.01853597 -0.03676998 -0.02438998 0.01852595 -0.03676998 -0.02488899 0.01827394 -0.03676998 -0.02522796 0.01782798 -0.03676998 -0.02533894 0.01730298 -0.04399496 -0.02520996 0.01675897 -0.04399496 -0.02516698 0.01668 -0.04399496 -0.02485597 0.01632595 -0.04399496 -0.024706 0.01622599 -0.04399496 -0.02434796 0.01608997 -0.04399496 -0.02407896 0.01606297 -0.04399496 -0.02378797 0.01609998 -0.04399496 -0.02345597 0.01623499 -0.04399496 -0.02328896 0.01635295 -0.04399496 -0.02294999 0.01679795 -0.04399496 -0.02300196 0.01669698 -0.03649497 -0.02484095 0.01598596 -0.03649497 -0.02407699 0.01578795 -0.03649497 -0.02331596 0.015998 -0.03649497 -0.02256399 0.01732498 -0.03649497 -0.02276295 0.01656097 -0.03649497 -0.02540397 0.01653999 -0.03649497 -0.02561396 0.01730096 -0.03649497 -0.02547895 0.01794195 -0.03649497 -0.025065 0.01848495 -0.03649497 -0.02445596 0.01879298 -0.03649497 -0.02315396 0.01851797 -0.03649497 -0.022722 0.01798897 -0.03649497 -0.02377295 0.01880496 -0.03676998 -0.02516698 0.01668 -0.03676998 -0.024706 0.01622599 -0.03676998 -0.02407896 0.01606297 -0.03676998 -0.02345597 0.01623499 -0.03676998 -0.02300196 0.01669698</float_array>
          <technique_common>
            <accessor source="#right_gripper_finger_link1-mesh-positions-array" count="2564" stride="3">
              <param name="X" type="float"/>
              <param name="Y" type="float"/>
              <param name="Z" type="float"/>
            </accessor>
          </technique_common>
        </source>
        <source id="right_gripper_finger_link1-mesh-normals">
          <float_array id="right_gripper_finger_link1-mesh-normals-array" count="30972">-1 7.6623e-7 0 -1 0 0 -1 -7.34307e-7 0 -1 5.08915e-6 0 -1 -8.20725e-7 0 -1 -6.46639e-7 0 -1 -1.42431e-7 0 -1 -7.74557e-6 0 -1 -1.78654e-6 0 -1 0 0 -1 -3.8501e-7 0 0 0.9765723 -0.2151901 0 0.9765699 -0.2152008 0 0.9765718 -0.2151922 0 0.9765694 -0.2152029 0 0.7866593 -0.6173874 0 0.7866599 -0.6173867 0 0.7866594 -0.6173873 0 0.78666 -0.6173866 0 0.4409101 -0.8975514 0 0.4412118 -0.897403 0 0.4412114 -0.8974033 0 0.4412119 -0.897403 0 0.007682979 -0.9999706 0 0.007826864 -0.9999694 0 0.007826805 -0.9999694 0 0.007683038 -0.9999706 0 -0.4268066 -0.904343 0 -0.4269788 -0.9042617 0 -0.426893 -0.9043022 0 -0.4268919 -0.9043027 0 -0.7770769 -0.6294058 0 -0.7768667 -0.6296651 0 -0.7768658 -0.6296663 0 -0.7770783 -0.6294041 0 -0.9731831 -0.230032 0 -0.9731845 -0.2300261 0 -0.9731833 -0.2300308 0 -0.9731848 -0.2300249 0 -0.9765692 0.2152036 0 -0.9765706 0.2151974 0 -0.9765695 0.2152024 0 -0.9766739 0.2147279 0 -0.7866545 0.6173935 0 -0.78672 0.6173101 0 -0.7866557 0.617392 0 -0.7866621 0.6173839 0 -0.4412134 0.8974022 0 -0.441214 0.8974019 0 -0.4412136 0.8974022 0 -0.4412142 0.8974019 0 -0.007712483 0.9999703 0 -0.007760345 0.9999699 0 -0.007760405 0.9999699 0 -0.007712364 0.9999703 0 0.4269958 0.9042537 0 0.4269958 0.9042537 0 0.4269958 0.9042537 0 0.4269958 0.9042537 0 0.7769219 0.629597 0 0.7769795 0.629526 0 0.7769818 0.6295231 0 0.776979 0.6295267 0 0.9731913 0.2299972 0 0.9731129 0.2303287 0 0.9731139 0.2303248 0 0.97319 0.2300032 -1 -5.4285e-7 0 -1 -3.03666e-7 0 -1 -2.59105e-6 0 -1 1.97062e-7 0 -1 3.99191e-6 0 -1 -2.72954e-6 0 -1 -3.90681e-7 0 -1 -4.58106e-7 0 -1 7.8847e-7 0 -1 -3.44867e-6 0 -1 -6.01713e-6 0 -1 -2.11734e-6 0 -1 -9.33961e-6 0 -1 -9.27861e-7 0 -1 -5.85897e-7 0 -1 -2.04249e-6 0 -1 -1.51921e-6 0 -1 -2.25722e-7 0 -1 3.08212e-6 0 -1 -1.4729e-6 0 -1 1.05408e-5 0 -1 7.52502e-7 0 -1 -4.82807e-5 0 -1 -1.41202e-6 0 -1 5.96172e-7 0 -1 9.97329e-7 0 -1 -2.50732e-6 0 -1 -9.12348e-6 0 -1 -2.78671e-6 0 -1 -7.285e-7 0 -1 0 0 -1 0 0 -1 -2.65934e-6 0 -1 -4.03932e-6 0 -1 -1.28662e-7 0 -1 1.62121e-4 0 -1 3.31912e-6 0 -1 -1.25293e-6 0 -1 1.19137e-6 0 -1 4.065e-6 0 -1 1.13694e-6 0 -1 -8.61593e-7 0 -1 -7.93308e-7 0 -1 3.9787e-7 0 -1 0 0 -1 2.2767e-6 0 -1 8.53908e-7 0 -1 4.64665e-6 0 -1 1.42662e-6 0 -1 1.93371e-6 0 -1 4.31591e-7 0 -1 1.27073e-6 0 -1 1.8146e-7 0 -1 -2.44082e-6 0 -1 -5.14104e-7 0 -1 1.36177e-6 0 -1 3.8458e-7 0 0 0.9766706 -0.214743 3.21707e-7 0.9766502 -0.214836 0 0.9766501 -0.2148365 0 0.9766502 -0.2148359 0 0.7867099 -0.6173229 0 0.7866202 -0.6174372 0 0.7867097 -0.6173232 0 0.7864128 -0.6177014 0 0.4409095 -0.8975517 0 0.4407809 -0.8976148 0 0.4409094 -0.8975517 0 0.007769644 -0.9999699 0 0.007721722 -0.9999703 0 0.007721722 -0.9999703 0 0.007769644 -0.9999699 0 -0.4269077 -0.9042952 0 -0.4269956 -0.9042538 0 -0.4269946 -0.9042541 0 -0.4269958 -0.9042537 0 -0.7769483 -0.6295645 0 -0.7769482 -0.6295645 0 -0.7769482 -0.6295645 0 -0.7769483 -0.6295645 0 -0.9731125 -0.2303305 0 -0.9731127 -0.2303299 0 -0.9731126 -0.2303304 0 -0.97319 -0.2300032 0 -0.97657 0.2152003 0 -0.9765701 0.2151996 0 -0.9765701 0.2152001 0 -0.9765701 0.2151995 0 -0.7866181 0.61744 0 -0.7867089 0.6173244 0 -0.7867073 0.6173264 0 -0.7867093 0.6173238 0 -0.441214 0.8974019 0 -0.4409123 0.8975502 0 -0.007837951 0.9999694 0 -0.008173525 0.9999666 0 -0.008173465 0.9999666 0 -0.007837951 0.9999694 0 0.4268087 0.904342 0 0.4268949 0.9043013 0 0.4268086 0.9043421 0 0.4268947 0.9043014 0 0.7768625 0.6296704 0 0.7768636 0.629669 0 0.777074 0.6294094 0 0.7768638 0.6296687 0 0.9731847 0.2300253 0 0.9731847 0.2300249 0 0.9731847 0.2300252 0 0.9731848 0.2300249 -0.7002971 -0.5904276 -0.4012222 -0.7002555 -0.5904347 -0.4012843 -0.700329 -0.5903286 -0.4013122 -0.7001971 -0.5905624 -0.4011985 -0.7006093 -0.6987594 -0.1445062 -0.7002767 -0.6990694 -0.1446189 -0.700417 -0.6989881 -0.1443322 -0.7002918 -0.6991369 -0.1442189 -0.7071182 -0.00549978 0.7070741 -0.7071182 -0.00549978 0.7070741 -0.7071182 -0.005499899 0.707074 -0.7071182 -0.005499899 0.7070741 -0.7001788 -0.7013068 0.1338602 -0.7002059 -0.7013081 0.1337113 -0.7002065 -0.7012955 0.1337743 -0.7001804 -0.7013126 0.1338213 -0.7002357 -0.5966972 0.3919471 -0.7001417 -0.5968049 0.3919509 -0.7002105 -0.5967378 0.3919304 -0.7001949 -0.5967119 0.3919973 -0.7002081 -0.4012467 0.5905166 -0.7002195 -0.4012432 0.5905053 -0.7002956 -0.4009171 0.5906367 -0.6999623 -0.4014917 0.5906415 -0.7000923 -0.1443354 0.6993125 -0.6998987 -0.1446449 0.6994425 -0.7000823 -0.1443514 0.6993193 -0.7002223 -0.1446458 0.6991183 -0.7071145 -0.7070765 -0.00565648 -0.7071151 -0.7070759 -0.00565648 -0.7071192 -0.7070718 -0.00565654 -0.7071198 -0.7070712 -0.00565654 -0.7001203 -0.1336398 -0.7014072 -0.7002267 -0.1336664 -0.7012959 -0.7001833 -0.1337678 -0.7013199 -0.7001503 -0.1337236 -0.7013612 -0.7002368 -0.3919458 -0.5966967 -0.7001882 -0.3919895 -0.5967251 -0.7002118 -0.3919292 -0.596737 -0.7002183 -0.3920098 -0.5966763 -0.7002812 -0.5906371 -0.4009416 -0.7002487 -0.5905289 -0.4011577 -0.7001907 -0.5904656 -0.4013519 -0.7003427 -0.5904662 -0.4010859 -0.7000935 -0.6993107 -0.1443386 -0.7001312 -0.6992008 -0.1446881 -0.7000835 -0.6993175 -0.1443545 -0.7002218 -0.6991179 -0.1446501 -0.7071161 0.005499005 -0.7070761 -0.7070993 0.005499243 -0.707093 -0.7071086 0.005492806 -0.7070836 -0.7070954 0.005499899 -0.7070968 -0.7070065 0.005504548 -0.7071856 -0.7072093 0.005514562 -0.7069828 -0.7072964 0.005513191 -0.7068956 0 -0.9999701 -0.007748663 0 -0.99997 -0.007748961 0 -0.99997 -0.007750034 0 -0.99997 -0.007750272 0 -0.9822368 0.1876464 0 -0.9822727 0.187458 0 -0.9822368 0.1876464 0 -0.9822727 0.187458 0 -0.8357768 0.5490695 0 -0.8357253 0.5491477 0 -0.8357511 0.5491085 0 -0.8357762 0.5490702 0 -0.5619894 0.8271444 0 -0.561994 0.8271414 0 -0.5619919 0.8271427 0 -0.5620667 0.8270919 0 -0.2027774 0.9792249 0 -0.2026861 0.9792438 0 -0.2028727 0.9792051 0 -0.2028701 0.9792057 0 -0.007999718 0.9999681 0 -0.007999777 0.9999681 0 -0.007999777 0.9999681 0 -0.007664203 0.9999707 0 0.9791789 0.2029992 2.98692e-7 0.9792754 0.2025335 0 0.9791786 0.2030013 0 0.9792474 0.2026689 0 0.8270233 0.5621676 0 0.8270209 0.5621712 0 0.8272107 0.561892 0 0.8272131 0.5618884 0 0.5491706 0.8357104 2.29773e-7 0.5491692 0.8357112 0 0.5487691 0.835974 0 0.5487705 0.8359732 0 0.187568 0.9822517 0 0.1875653 0.9822521 0 0.1875665 0.9822519 0 0.1878988 0.9821885 0 0.99997 0.007751464 0 0.99997 0.007751584 0 0.99997 0.00775206 0 0.99997 0.00775218 -0.02569919 0.3421909 -0.939279 -0.02569925 0.342191 -0.9392789 -0.02569937 0.3421909 -0.939279 -0.009001672 0.2193233 -0.9756107 0 0.08229064 -0.9966084 0 0.08229064 -0.9966084 0 0.08229064 -0.9966084 0 0.2027396 -0.9792327 1.31153e-7 0.2027396 -0.9792327 0 0.2027396 -0.9792327 -1.19648e-7 0.5620642 -0.8270937 1.21373e-7 0.562029 -0.8271176 0 0.5620285 -0.8271179 0 0.562024 -0.827121 0 0.8357919 -0.5490465 0 0.8357117 -0.5491685 0 0.8357909 -0.5490481 0 0.8357129 -0.5491666 0 0.9822666 -0.1874898 0 0.9822872 -0.1873818 0 0.9822689 -0.1874777 0 0.9822483 -0.1875857 -0.7319983 -0.4387377 -0.5212367 -0.7319983 -0.4387377 -0.5212368 -0.7319984 -0.4387374 -0.5212368 -0.7057117 -0.4511464 -0.5462948 -0.7057117 -0.4511464 -0.5462948 -0.7233191 -0.4062077 -0.5583948 -0.7233191 -0.4062078 -0.5583949 -0.7233191 -0.4062077 -0.558395 -0.7148302 -0.4249475 -0.5553715 -0.6960942 -0.3190007 -0.6431887 -0.6987627 -0.3171327 -0.6412158 -0.6985939 -0.3176253 -0.6411558 -0.6994173 -0.3147611 -0.6416705 -0.7114674 -0.2152836 -0.6689299 -0.7114674 -0.2152836 -0.6689298 -0.7114674 -0.2152836 -0.6689299 -0.6493824 -0.1695836 -0.7413124 -0.6493824 -0.1695835 -0.7413124 -0.6493824 -0.1695835 -0.7413123 -0.8215602 -0.0653842 -0.5663602 -0.8215602 -0.06538408 -0.5663603 -0.8215602 -0.06538426 -0.5663602 -0.7070617 -0.4961283 -0.5039054 -0.7070626 -0.4961273 -0.5039049 -0.7070695 -0.4961205 -0.5039022 -0.7070704 -0.4961194 -0.5039018 -0.7040896 0.08701759 0.7047594 -0.7040394 0.08748811 0.7047513 -0.7041016 0.0870251 0.7047466 -0.7041139 0.08703279 0.7047334 -0.7041915 0.2665017 0.6580967 -0.7041903 0.2665016 0.6580981 -0.7041929 0.2665019 0.6580951 -0.7041943 0.2665022 0.6580936 -0.7041187 0.4278912 0.5666799 -0.7042548 0.4277944 0.5665839 -0.7041343 0.4278897 0.5666616 -0.704123 0.4278944 0.5666721 -0.7042833 0.559782 0.4366111 -0.7041458 0.5599389 0.4366315 -0.7040662 0.5598431 0.4368828 -0.7040529 0.5599741 0.4367363 -0.7039684 0.6540222 0.276918 -0.7039283 0.6540461 0.2769635 -0.7040123 0.6539961 0.2768681 -0.7040573 0.6539693 0.276817 -0.7040836 0.7033249 0.09798181 -0.7040793 0.7033283 0.09798848 -0.7040895 0.7032737 0.09830665 -0.7040849 0.7032591 0.09844273 -0.1950503 0.007597744 -0.9807639 -0.1950489 0.007597625 -0.9807641 -0.195096 0.00759983 -0.9807547 -0.1950975 0.007599949 -0.9807544 -0.5555622 0.006499111 -0.8314496 -0.5556417 0.006500661 -0.8313966 -0.5554823 0.006497681 -0.831503 -0.5555623 0.006499111 -0.8314496 -0.8314896 0.004302024 -0.5555238 -0.8313832 0.004294395 -0.5556831 -0.8314363 0.004298269 -0.5556035 -0.8313832 0.004294395 -0.5556831 -0.9807877 0.001499295 -0.1950722 -0.9807878 0.001499295 -0.1950722 -0.9807878 0.001499295 -0.1950722 -0.9807691 0.001502096 -0.1951663 -0.7071207 -0.7070714 -0.005512773 -0.7071205 -0.7070716 -0.005512773 -0.7071173 -0.7070748 -0.005512535 -0.7071171 -0.7070749 -0.005512535 -0.7071176 0.7070745 0.005511522 -0.7071173 0.7070749 0.005511522 -1 -2.54146e-6 0 -1 1.11146e-6 0 -1 0 0 -1 -8.9743e-7 0 -1 8.15708e-7 0 -1 -3.32758e-7 0 -1 2.565e-6 0 -1 0 0 -1 8.99092e-7 0 -1 -5.91594e-7 0 -1 -3.02771e-6 0 0 -0.8272852 -0.5617821 0 -0.8272835 -0.5617848 0 -0.8270966 -0.56206 0 -0.8272833 -0.5617851 0 -0.9792776 -0.2025229 0 -0.9792782 -0.2025198 0 -0.9792776 -0.2025226 0 -0.9792103 -0.2028481 0 -0.007778048 0.9999698 0 -0.007778048 0.9999698 0 -0.007778048 0.9999698 0 -0.007778048 0.9999698 0 -0.2025222 0.9792778 0 -0.2025218 0.9792779 0 -0.2025218 0.9792779 0 -0.2025222 0.9792777 0 -0.5619806 0.8271505 0 -0.5619806 0.8271505 0 -0.5619806 0.8271505 0 -0.5619806 0.8271505 0 -0.8357257 0.5491471 0 -0.8357578 0.5490984 0 -0.8357572 0.5490993 0 -0.8357778 0.5490679 0 -0.9822604 0.1875222 0 -0.9822513 0.1875697 0 -0.9822603 0.1875225 0 -0.9822784 0.187428 0 -0.9999681 -0.008000373 0 -0.999968 -0.007999539 0 -0.999968 -0.007999718 0 -0.9999681 -0.007998883 -2.25046e-4 -0.9794733 -0.201574 0 -0.9792103 -0.2028481 -4.9402e-4 -0.9797764 -0.2000952 -5.99932e-4 -0.9799365 -0.1993089 3.02312e-4 -0.8279087 -0.5608628 5.93274e-4 -0.8271535 -0.5619758 -2.44266e-4 -0.8297683 -0.558108 -3.79538e-4 -0.830393 -0.5571779 2.51311e-4 -0.5498622 -0.8352555 4.1306e-4 -0.5489763 -0.8358379 1.96079e-5 -0.5510206 -0.8344917 -2.18719e-4 -0.5520539 -0.8338085 1.46783e-4 -0.1878387 -0.9822 2.06207e-4 -0.1872291 -0.9823163 9.22442e-5 -0.1881045 -0.9821491 0 -0.1885167 -0.98207 0 0.008026659 -0.9999679 -6.14308e-5 0.00773102 -0.9999702 -5.34416e-5 0.007662296 -0.9999707 -7.30775e-5 0.007624149 -0.999971 1.50584e-5 0.007795214 -0.9999697 -1.38815e-4 0.007610857 -0.999971 -2.25649e-5 0.007793068 -0.9999697 -2.81151e-4 0.007918059 -0.9999687 2.28937e-5 0.007818639 -0.9999694 0 0.007838487 -0.9999694 0 -0.9639593 -0.2660495 0.01249873 -0.979162 -0.2026956 0.01249879 -0.979162 -0.2026957 0.01249897 -0.979162 -0.2026957 4.5175e-7 -0.8934288 -0.4492048 0 -0.8934289 -0.4492048 4.32572e-7 -0.8934289 -0.4492049 0 -0.7017366 -0.7124366 0 -0.7017366 -0.7124366 0 -0.7017366 -0.7124366 0 -0.1874859 -0.9822674 0 -0.1874859 -0.9822673 0 -0.1874859 -0.9822674 -0.008070528 -0.1216502 -0.9925403 -0.008070528 -0.1216502 -0.9925403 -0.008070647 -0.1216502 -0.9925403 0.00540179 -0.4353035 -0.9002677 0.005401015 -0.4353035 -0.9002677 0.005400955 -0.4353036 -0.9002676 0 -0.3753563 -0.9268807 0 -0.6025916 -0.7980498 4.21744e-7 -0.6025916 -0.7980498 1.82148e-7 -0.6025916 -0.7980499 0.021999 -0.788383 -0.6147914 0.02199888 -0.788383 -0.6147913 0.02199888 -0.7883829 -0.6147914 -0.7071135 -0.7070789 -0.00548011 -0.7071141 -0.7070783 -0.005480051 -0.7071213 -0.7070711 -0.005479633 -0.7071219 -0.7070705 -0.005479633 -0.7001975 -0.7012963 0.133817 -0.7001914 -0.7013192 0.1337289 -0.7002124 -0.7013047 0.1336952 -0.7002613 -0.7012624 0.1336605 -0.7002043 -0.5967849 0.3918697 -0.7002009 -0.5967037 0.3919995 -0.7002232 -0.5967128 0.3919456 -0.7001949 -0.5967083 0.3920032 -0.7001931 -0.4012798 0.5905118 -0.700259 -0.4011515 0.5905208 -0.7001662 -0.4013678 0.5904839 -0.7002071 -0.4012275 0.5905308 -0.7001273 -0.1450016 0.6991398 -0.7000998 -0.1449326 0.6991816 -0.7001869 -0.1449249 0.6990959 -0.7003924 -0.1446611 0.6989448 -0.7071233 -0.005659699 0.7070676 -0.707121 -0.005659282 0.7070701 -0.7071076 -0.005656898 0.7070834 -0.7071052 -0.00565648 0.7070859 -0.7002656 0.1341388 0.7011668 -0.7002677 0.1341319 0.701166 -0.7002649 0.1341412 0.7011671 -0.7002624 0.1341495 0.7011681 -0.7001936 0.3920415 0.5966845 -0.7001651 0.3920556 0.5967088 -0.7002301 0.3915885 0.5969392 -0.7002167 0.392048 0.5966532 -0.6999276 0.59069 0.4014805 -0.7001344 0.5905374 0.4013447 -0.7001731 0.5905327 0.401284 -0.7003075 0.5904657 0.401148 -0.7000171 0.6992758 0.1448775 -0.7001436 0.6991702 0.1447763 -0.7000443 0.6992565 0.1448391 -0.7001377 0.6991903 0.1447073 -0.7071026 0.7070897 0.005480051 -0.7071042 0.7070882 0.00548011 -0.7071246 0.7070677 0.005481362 -0.7071262 0.7070662 0.005481421 -0.7001971 0.7013036 -0.1337808 -0.7002034 0.7012988 -0.1337729 -0.7001985 0.7012984 -0.1338009 -0.700199 0.7012975 -0.1338032 -0.7001995 0.5967174 -0.3919808 -0.7004282 0.5966503 -0.3916745 -0.700232 0.5967353 -0.3918957 -0.7001972 0.5967249 -0.3919736 -0.7002086 0.4012636 -0.5905045 -0.700225 0.4012017 -0.590527 -0.7002084 0.401269 -0.590501 -0.7001932 0.4013126 -0.5904894 -0.7002175 0.1446693 -0.6991182 -0.7002079 0.1446799 -0.6991257 -0.7002128 0.1446898 -0.6991186 -0.700217 0.1446832 -0.6991159 0 -0.6071419 -0.7945935 0 -0.6071419 -0.7945935 0 -0.6071419 -0.7945935 -0.007090985 -0.5491457 -0.8356965 -0.007090985 -0.5491457 -0.8356965 -0.007090985 -0.5491458 -0.8356966 0 -0.4404459 -0.8977792 1.37372e-7 -0.4404459 -0.8977792 0 -0.4404459 -0.8977792 0 -0.1873251 -0.982298 0 -0.1873252 -0.982298 0 -0.1873251 -0.982298 -0.01149553 -0.1145631 -0.9933494 -0.01149547 -0.1145631 -0.9933495 -0.01149547 -0.1145631 -0.9933495 0 -0.3063299 -0.9519255 0 -0.3063299 -0.9519255 0 -0.3063299 -0.9519255 0 -0.7015864 -0.7125844 0 -0.7015866 -0.7125842 0 -0.7015866 -0.7125843 0 -0.7015868 -0.712584 0 0.9904342 0.1379861 0 0.9904342 0.1379864 0 0.9904342 0.1379863 0 0.9903879 0.1383184 0 0.9208405 0.3899397 0 0.9208398 0.3899411 0 0.9208399 0.3899409 0 0.9208406 0.3899394 0 0.7886512 0.6148411 0 0.7886509 0.6148415 0 0.7886508 0.6148414 0 0.7886512 0.6148409 0 0.6025722 0.7980645 0 0.6025719 0.7980647 0 0.6025719 0.7980646 0 0.6025723 0.7980644 0 0.3753499 0.9268833 6.43403e-7 0.3757945 0.926703 0 0.3753501 0.9268831 0 0.3753499 0.9268832 0 0.122526 0.9924653 0 0.1225259 0.9924653 0 0.1225259 0.9924653 0 0.122526 0.9924653 0 0.007799744 -0.9999696 0 0.007799744 -0.9999697 0 0.007799744 -0.9999697 0 0.007799744 -0.9999697 -0.7001932 -0.6991227 -0.1447659 -0.7002056 -0.6990918 -0.1448546 -0.700186 -0.6991249 -0.1447896 -0.7001954 -0.6991257 -0.1447402 -0.5935835 -0.6970812 -0.4021649 -0.5936029 -0.6971048 -0.4020953 -0.5935834 -0.6970805 -0.4021662 -0.5936241 -0.6971154 -0.4020456 -0.3963354 -0.6958083 -0.5989733 -0.3967821 -0.6954869 -0.5990509 -0.3966118 -0.6956152 -0.5990147 -0.3967341 -0.6955341 -0.5990279 -0.13968 -0.6948147 -0.7054942 -0.1393076 -0.6947427 -0.7056387 -0.1396579 -0.6948286 -0.7054849 -0.1393621 -0.6947711 -0.7056 -0.139348 0.7056166 -0.694757 -0.139278 0.7056407 -0.6947466 -0.139352 0.7056165 -0.6947564 -0.1393062 0.7056587 -0.6947226 -0.3966143 0.7048494 -0.5881194 -0.3966211 0.7048406 -0.5881255 -0.3965992 0.704887 -0.5880846 -0.3965978 0.7048314 -0.5881522 -0.593631 0.7033737 -0.390983 -0.593631 0.7033737 -0.390983 -0.593631 0.7033737 -0.390983 -0.5936122 0.7033666 -0.3910244 -0.5936123 0.7033665 -0.3910244 -0.5936123 0.7033665 -0.3910245 -0.7002168 0.7012844 -0.1337783 -0.7002168 0.7012844 -0.1337783 -0.7002168 0.7012844 -0.1337783 -0.7001987 0.7012985 -0.133799 -0.7001987 0.7012986 -0.133799 -0.7001987 0.7012986 -0.133799 0.7007759 0.7016434 -0.1288785 0.700986 0.7013952 -0.1290872 0.700913 0.7014899 -0.128969 0.700715 0.7017467 -0.1286482 -0.7007582 0.7016871 -0.1287369 -0.7007461 0.7017729 -0.1283349 -0.7007072 0.7017226 -0.1288211 -0.7007109 0.701721 -0.1288099 -0.647678 0.7090534 -0.2788486 -0.6476781 0.7090533 -0.2788486 -0.647678 0.7090534 -0.2788486 -0.6136751 0.6840353 -0.3943332 -0.6136751 0.6840353 -0.3943331 -0.6136751 0.6840353 -0.3943331 -0.5825033 0.7054976 -0.4036868 -0.5825033 0.7054976 -0.4036868 -0.4741281 0.7105144 -0.5199729 -0.4741283 0.7105144 -0.5199729 -0.4741281 0.7105145 -0.5199729 -0.4158758 0.6764693 -0.6078131 -0.4158759 0.6764692 -0.6078131 -0.3623986 0.7084652 -0.6055943 -0.3623985 0.7084651 -0.6055944 -0.2167303 0.7109942 -0.6689659 -0.2167304 0.7109942 -0.6689659 -0.2167304 0.7109941 -0.6689659 -0.1471047 0.6726046 -0.7252333 -0.1471047 0.6726046 -0.7252332 -0.1471047 0.6726046 -0.7252333 -0.07941657 0.7103003 -0.6994043 -0.07941651 0.7103003 -0.6994044 -0.07941651 0.7103003 -0.6994044 0.1410263 0.7056182 -0.6944168 0.08699858 0.6352106 -0.7674235 0.08699834 0.6352108 -0.7674234 0.08699834 0.6352107 -0.7674234 0.2167304 0.7109942 -0.6689659 0.2167302 0.7109944 -0.6689657 0.2167304 0.7109941 -0.668966 0.4009087 0.7046441 -0.5854476 0.4009087 0.7046441 -0.5854477 0.4009087 0.7046441 -0.5854476 0.3864805 0.6574721 -0.6468102 0.4741281 0.7105145 -0.5199729 0.4741283 0.7105144 -0.5199729 0.4741281 0.7105144 -0.5199729 0.5981078 0.7032148 -0.3843906 0.5981078 0.7032148 -0.3843906 0.5981078 0.7032148 -0.3843905 0.6047168 0.6769854 -0.4195336 0.604717 0.6769853 -0.4195335 0.604717 0.6769853 -0.4195336 0.6476782 0.7090667 -0.2788145 0.647678 0.7090668 -0.2788146 0.6476781 0.7090667 -0.2788145 -1.62246e-5 0.9999698 0.007783591 -1.61873e-4 0.9999698 0.007778525 -1.99201e-5 0.9999697 0.007797539 1.34139e-4 0.9999698 0.007772326 -9.00598e-5 0.9999681 0.008006453 3.88054e-5 0.9999702 0.007731735 6.74202e-5 0.9999702 0.007729768 3.16288e-5 0.9999716 0.007534921 8.41946e-5 0.9999696 0.007801771 -8.75303e-5 0.9999685 0.007933914 9.10381e-6 0.9999699 0.007758438 8.76998e-5 0.9999691 0.007859766 2.15566e-4 0.9999688 0.007902383 2.32822e-6 0.9999697 0.007794916 0 0.9999697 0.007789134 -2.06949e-5 0.9999697 0.007789254 -2.05822e-5 0.9999697 0.007789015 -2.06751e-5 0.9999697 0.007789254 1.09299e-4 0.99997 0.007756233 -1.20045e-6 0.9999708 0.007653474 -1.52562e-5 0.9999703 0.00771892 -1.64712e-4 0.9999688 0.007916569 2.45634e-4 0.9999713 0.007588088 1.89873e-5 0.9999697 0.007788121 -1.58209e-5 0.99997 0.00775206 5.64485e-5 0.9999693 0.007833838 4.29462e-5 0.9999698 0.00777924 -2.63679e-4 0.9999693 0.007843375 -6.41599e-5 0.9999696 0.007802546 1.20786e-4 0.9999697 0.007789671 -3.8102e-5 0.9999695 0.007813453 -1.85765e-4 0.9999694 0.007825791 -2.74028e-4 0.9999681 0.007983326 2.20545e-5 0.9999693 0.007851421 -3.04366e-4 0.9999705 0.007674157 3.92547e-4 0.9999668 0.008143305 -1.18522e-4 0.9999713 0.007572591 -2.79015e-5 0.9999693 0.007848203 1.7903e-4 0.9999701 0.007744967 9.63031e-5 0.9999693 0.007837057 1.3354e-4 0.9999704 0.007698655 1.14116e-4 0.9999692 0.007852315 -7.72114e-6 0.9999697 0.007786214 5.02598e-5 0.9999709 0.007640719 5.3918e-5 0.9999709 0.007635116 1.80796e-5 0.9999695 0.00781095 4.90094e-6 0.9999698 0.007787525 -9.55599e-5 0.9999681 0.007986366 0 0.9999695 0.007815599 0 0.9999707 0.007661223 0 0.9999707 0.007662415 0 0.999969 0.007880389 0 0.999969 0.007881224 0 0.9999705 0.007680654 1.81204e-4 0.9999673 0.008090078 -3.74889e-5 0.9999719 0.007492899 0.7002533 -0.6991015 -0.144577 0.7004042 -0.6989907 -0.1443818 0.7002812 -0.6990699 -0.1445949 0.7003263 -0.6990371 -0.1445348 0.7002103 -0.5905277 -0.4012264 0.70035 -0.5903556 -0.4012358 0.7002776 -0.5903688 -0.401343 0.7002234 -0.5905197 -0.4012153 0.7071182 -0.005499422 0.7070741 0.7071182 -0.005499422 0.7070741 0.7071182 -0.005499899 0.707074 0.7071182 -0.005499958 0.707074 0.7000598 -0.1443453 0.699343 0.700253 -0.1445803 0.6991012 0.7000698 -0.1443575 0.6993306 0.7002041 -0.1446856 0.6991283 0.7001748 -0.4013561 0.5904818 0.7002563 -0.401301 0.5904225 0.7001858 -0.4013461 0.5904755 0.7003126 -0.4011929 0.5904292 0.7001563 -0.5967606 0.3919923 0.7002325 -0.5967047 0.3919413 0.7001815 -0.5967599 0.3919485 0.7002265 -0.5966985 0.3919616 0.7001845 -0.7013034 0.1338484 0.7001911 -0.7013022 0.1338191 0.7001805 -0.7013049 0.1338607 0.7001812 -0.7012483 0.134154 0.7071148 -0.7070762 -0.00565648 0.7070748 -0.7071187 -0.005326151 0.7071189 -0.707072 -0.00565654 0.7071195 -0.7070715 -0.00565654 0.7004476 -0.699365 -0.1423434 0.7004714 -0.6993715 -0.1421952 0.7004938 -0.6993772 -0.1420568 0.7004515 -0.6993688 -0.1423059 0.7001756 -0.5927868 -0.3979422 0.7001434 -0.5928989 -0.3978319 0.7001828 -0.5927752 -0.3979467 0.6999844 -0.5930945 -0.3978202 0.7001911 -0.3941076 -0.5953248 0.700165 -0.3941566 -0.5953231 0.70019 -0.3941098 -0.5953247 0.7002211 -0.3940512 -0.5953268 0.7001484 -0.1346244 -0.7011908 0.7001675 -0.1345986 -0.7011766 0.7001492 -0.1346232 -0.7011903 0.7001262 -0.134654 -0.7012073 -0.7071123 0.00548011 -0.7070801 -0.7071129 0.00548017 -0.7070795 -0.7071213 0.005481302 -0.7070711 -0.7071219 0.005481421 -0.7070705 0.7071121 0.005438387 -0.7070806 0.7071124 0.005438327 -0.7070803 0.7071168 0.005437433 -0.7070759 0.7071171 0.005437374 -0.7070756 -0.7001986 -0.133801 -0.7012982 -0.700201 -0.1337831 -0.7012993 -0.7002017 -0.1337602 -0.701303 -0.7001973 -0.133785 -0.7013027 -0.7063226 -0.3081082 -0.6373208 -0.7063224 -0.3081083 -0.637321 -0.7063223 -0.3081083 -0.6373211 -0.7103878 -0.3865056 -0.5881859 -0.710388 -0.3865056 -0.5881857 -0.7041037 -0.4278738 -0.5667117 -0.7041034 -0.4278739 -0.566712 -0.7041035 -0.4278739 -0.5667119 -0.7040992 -0.5599989 -0.4366299 -0.7040992 -0.5599988 -0.4366299 -0.7040992 -0.5599988 -0.4366299 -0.7103637 -0.5821685 -0.3955543 -0.7103636 -0.5821686 -0.3955543 -0.7063811 -0.6323781 -0.3179998 -0.7063806 -0.6323784 -0.318 -0.706381 -0.6323782 -0.318 -0.7002128 -0.6991133 -0.1447161 -0.7002103 -0.699108 -0.1447539 -0.7002141 -0.6991138 -0.1447075 -0.7002098 -0.6991121 -0.1447363 -1 -8.10092e-7 0 -1 -4.84931e-7 0 -1 5.49279e-7 0 -1 -3.29454e-6 0 -1 -1.94086e-6 0 -1 -1.37626e-5 0 -1 -1.33757e-5 0 -1 -1.99611e-4 0 -1 -1.19561e-5 0 -1 1.25463e-5 0 -1 -2.16671e-5 0 -1 7.65929e-7 0 -1 7.06331e-6 0 0.7000914 -0.3918511 -0.5969294 0.7002168 -0.3920215 -0.5966704 0.7002703 -0.3920949 -0.5965594 0.7000916 -0.3918486 -0.5969309 0.6999194 -0.1335577 -0.7016233 0.7001143 -0.1337344 -0.7013952 0.7001706 -0.1337855 -0.7013291 0.7003338 -0.1339336 -0.7011379 0.7070719 -0.4961185 -0.5039007 0.7070707 -0.4961196 -0.5039013 0.7070621 -0.4961276 -0.5039054 0.7070609 -0.4961287 -0.503906 0.7040873 0.7033215 0.09798002 0.7040935 0.7033147 0.09798347 0.7040988 0.7032446 0.09844774 0.7040961 0.7032679 0.09829998 0.7040098 0.6539845 0.2769016 0.7040501 0.6539348 0.2769165 0.7039657 0.6540388 0.2768853 0.7041395 0.6538432 0.2769054 0.7040763 0.5599417 0.4367402 0.7038759 0.5601961 0.4367368 0.7041086 0.5599369 0.4366943 0.7040695 0.5599932 0.4366849 0.7042194 0.4278446 0.56659 0.7042121 0.4278289 0.5666108 0.7041303 0.4278953 0.5666623 0.7040206 0.4278425 0.5668385 0.7041914 0.2665012 0.658097 0.7041903 0.2665016 0.6580981 0.7041925 0.2665008 0.6580959 0.7041938 0.2665004 0.6580948 0.7041015 0.08701545 0.7047477 0.7041142 0.08700537 0.7047364 0.7040877 0.08702647 0.7047603 0.7040734 0.08703786 0.7047731 0.9807627 0.00149101 -0.1951985 0.9807627 0.00149089 -0.1951985 0.9807627 0.00149095 -0.1951985 0.9808278 0.00151968 -0.1948706 0.8314888 0.004302024 -0.555525 0.8314349 0.00429815 -0.5556055 0.8313818 0.004294276 -0.5556852 0.8314889 0.004302024 -0.5555248 0.5555628 0.006499171 -0.8314493 0.5554044 0.006496071 -0.831555 0.5555637 0.006499171 -0.8314487 0.5556424 0.006500661 -0.8313961 0.1950376 0.007596313 -0.9807664 0.1951333 0.007602214 -0.9807473 0.1950393 0.007596492 -0.980766 0.1951313 0.007602095 -0.9807477 0.7002506 0.701249 -0.1337874 0.7001382 0.7013015 -0.1341006 0.7000226 0.7014679 -0.133833 0.700148 0.7013427 -0.1338329 0.5936234 0.7033708 -0.3909997 0.59359 0.7033396 -0.3911066 0.5935941 0.7032974 -0.3911762 0.5936142 0.7033076 -0.3911275 0.3966363 0.7048848 -0.5880624 0.3965081 0.7048345 -0.5882088 0.3965965 0.7047807 -0.5882138 0.3965903 0.7048767 -0.5881029 0.1394171 0.7055865 -0.6947737 0.1393173 0.7056358 -0.6947437 0.1392908 0.7056496 -0.6947349 0.1391808 0.7058038 -0.6946005 0 0.7127413 -0.7014271 0 0.7127413 -0.7014271 0 0.7127401 -0.7014282 -0.9808083 -0.00150305 0.1949688 -0.9808084 -0.00150299 0.1949688 -0.9808083 -0.001503109 0.1949688 -0.9749747 0.00149852 0.2223111 -0.9749747 0.00149852 0.2223111 -0.9749747 0.00149852 0.2223111 -0.9129199 -0.003192663 0.4081263 -0.8155722 -0.004526436 0.5786376 -0.7818688 7.14407e-4 0.6234427 -0.7818688 7.14382e-4 0.6234427 -0.7818688 7.14383e-4 0.6234427 -0.6662772 -0.005802392 0.7456817 -0.6662772 -0.005802512 0.7456817 -0.6662772 -0.005802273 0.7456817 -0.5081896 -0.006686985 0.8612194 -0.5081896 -0.006686985 0.8612194 -0.5081896 -0.006686985 0.8612194 -0.4338279 -1.09441e-4 0.9009958 -0.4338279 -1.09462e-4 0.9009958 -0.4338279 -1.09475e-4 0.9009958 -0.3036763 -0.007404088 0.9527465 -0.3036764 -0.007404088 0.9527466 -0.3036764 -0.007404148 0.9527465 -0.1120109 -0.007700681 0.9936771 -0.112011 -0.007700443 0.9936771 -0.112011 -0.007700502 0.9936772 0 -3.55559e-4 1 0.1120293 -0.007701039 0.9936751 0.1120293 -0.007701158 0.9936751 0.1120293 -0.007701039 0.9936751 0.303676 -0.007404148 0.9527466 0.303676 -0.007404088 0.9527466 0.303676 -0.007404088 0.9527466 0.4338279 -1.09462e-4 0.9009958 0.4338279 -1.09472e-4 0.9009958 0.4338279 -1.09456e-4 0.9009958 0.5080667 -0.006702423 0.8612918 0.5080667 -0.006702482 0.8612918 0.5080667 -0.006702482 0.8612918 0.6663487 -0.005799651 0.7456177 0.6663487 -0.005799591 0.7456177 0.6663487 -0.005799472 0.7456177 0.78187 7.1469e-4 0.6234411 0.78187 7.14689e-4 0.6234411 0.7818701 7.147e-4 0.6234411 0.9807726 -0.001502394 0.1951487 0.9807726 -0.001502394 0.1951487 0.9807726 -0.001502394 0.1951487 0.9748813 0.001490354 0.2227203 0.9748813 0.001490294 0.2227203 0.9748812 0.001490294 0.2227203 0.9129124 -0.003192186 0.4081429 0.8155739 -0.004526436 0.5786354 0.9820994 0.00147432 -0.188358 0.9749214 0.005597293 -0.2224795 0.9749214 0.005597352 -0.2224795 0.9749213 0.005597352 -0.2224795 0.9156185 0.003139317 -0.4020361 0.9156184 0.003100812 -0.4020367 0.9156184 0.003100454 -0.4020366 0.8183652 0.00449562 -0.574681 0.7816579 0.01072633 -0.6236152 0.6698023 0.005808353 -0.7425168 0.6698023 0.005800127 -0.7425168 0.6698023 0.005800187 -0.7425169 0.5102108 0.006692528 -0.8600234 0.5102108 0.006692469 -0.8600234 0.5102108 0.006692409 -0.8600234 0.433872 0.01400059 -0.9008657 0.433872 0.01400065 -0.9008657 0.433872 0.01400065 -0.9008657 0.3059449 0.007400572 -0.9520205 0.3059449 0.007400751 -0.9520205 0.3059449 0.00740087 -0.9520205 0.1119722 0.007701754 -0.9936816 0.1119722 0.007701754 -0.9936816 0.1119722 0.007701694 -0.9936816 0 0.01510936 -0.9998859 -0.1120087 0.007699251 -0.9936774 -0.1120087 0.007699191 -0.9936774 -0.1120087 0.007699072 -0.9936774 -0.3059449 0.00740087 -0.9520205 -0.3059449 0.007400751 -0.9520205 -0.3059449 0.007400453 -0.9520205 -0.4339577 0.01398873 -0.9008247 -0.4339577 0.01398879 -0.9008247 -0.4339577 0.01398867 -0.9008247 -0.5100463 0.006703078 -0.8601208 -0.5100463 0.006703138 -0.860121 -0.5100463 0.006703138 -0.8601208 -0.6698428 0.005800008 -0.7424803 -0.6698428 0.005800008 -0.7424803 -0.6698428 0.005800008 -0.7424803 -0.7820141 0.01067 -0.6231695 -0.7820141 0.01066988 -0.6231695 -0.7820141 0.01066988 -0.6231695 -0.9821625 0.001497566 -0.1880279 -0.9821626 0.001497745 -0.1880279 -0.9821626 0.001497685 -0.1880279 -0.9749424 0.005620241 -0.2223864 -0.9749424 0.005620241 -0.2223864 -0.9749424 0.005620241 -0.2223864 -0.9156436 0.003099918 -0.4019793 -0.9156435 0.003099858 -0.4019793 -0.9156436 0.003099739 -0.4019793 -0.8183619 0.004495561 -0.5746857 0.7002184 0.6990334 0.1450743 0.7002091 0.6991038 0.1447798 0.7002134 0.6991041 0.1447566 0.7002239 0.699081 0.1448187 0.6455931 0.7046741 0.2943536 0.645593 0.7046743 0.2943536 0.6455928 0.7046744 0.2943535 0.6059651 0.6815531 0.4102337 0.6059651 0.6815531 0.4102337 0.6059651 0.6815531 0.4102336 0.5807746 0.6988425 0.4175165 0.5807747 0.6988426 0.4175165 0.5807746 0.6988425 0.4175165 0.4715497 0.7024376 0.533125 0.4715497 0.7024378 0.5331249 0.4715498 0.7024378 0.5331248 0.4105027 0.6690339 0.6195815 0.4105027 0.6690339 0.6195815 0.4105027 0.6690339 0.6195815 0.3610464 0.6988317 0.6174786 0.3610465 0.6988316 0.6174787 0.3610465 0.6988316 0.6174786 0.215048 0.7005903 0.680388 0.215048 0.7005903 0.6803879 0.1452113 0.662388 0.734953 0.1452114 0.6623879 0.734953 0.1452113 0.662388 0.7349529 0.07940417 0.6994025 0.7103036 0.07940423 0.6994027 0.7103034 0.07940417 0.6994026 0.7103035 -0.1393501 0.6945835 0.7057871 -0.08672535 0.6265242 0.7745619 -0.08672559 0.6265241 0.774562 -0.08672577 0.626524 0.7745621 -0.2151311 0.7005837 0.6803683 -0.2151312 0.7005836 0.6803684 -0.2151312 0.7005837 0.6803683 -0.3967864 0.6955173 0.5990128 -0.383018 0.6522886 0.6540771 -0.383018 0.6522886 0.6540772 -0.383018 0.6522885 0.6540772 -0.4715075 0.7024338 0.5331674 -0.4715075 0.7024338 0.5331674 -0.4715075 0.7024338 0.5331674 -0.5935996 0.6971042 0.4021012 -0.5935996 0.6971042 0.4021012 -0.5935996 0.6971042 0.4021012 -0.7002857 0.6991329 0.1442674 -0.7003851 0.6990025 0.1444172 -0.7002233 0.6991073 0.1446936 -0.7005108 0.6988373 0.1446067 -0.645576 0.7046744 0.2943905 -0.645576 0.7046745 0.2943904 -0.6455927 0.7046559 0.294398 -0.5982093 0.6763735 0.4297263 -0.5982092 0.6763735 0.4297263 -0.5982093 0.6763734 0.4297263 0.7071181 -0.7070742 -0.005496144 0.7071181 -0.7070741 -0.00549674 0.7071182 -0.707074 -0.005497872 0.7071183 -0.707074 -0.005498468 0.7002088 -0.7013131 0.13367 0.7002418 -0.7012676 0.1337361 0.7001894 -0.7013062 0.1338078 0.7001901 -0.701307 0.1337994 0.5935647 -0.7033481 0.3911297 0.5935735 -0.7033174 0.3911715 0.593336 -0.7036256 0.3909776 0.5933874 -0.7033666 0.3913655 0.3966284 -0.7048417 0.5881191 0.396694 -0.7048273 0.5880923 0.3965166 -0.704887 0.5881403 0.3966232 -0.7048304 0.5881363 0.1392432 -0.705545 0.6948509 0.1392697 -0.7054975 0.6948937 0.1393333 -0.7055666 0.6948108 0.1395184 -0.7057679 0.6945692 0 -0.712742 0.7014264 0 -0.7127419 0.7014265 0 -0.7127403 0.701428 4.36531e-7 -0.7124039 0.7017697 0.7002509 -0.7012487 0.1337871 0.7001661 -0.7013003 0.1339607 0.7003652 -0.7011383 0.1337675 0.7002134 -0.7012856 0.1337899 0.5935913 -0.703291 0.391192 0.5935912 -0.703291 0.391192 0.5935913 -0.703291 0.391192 0.5936444 -0.7033324 0.3910369 0.5936444 -0.7033324 0.3910369 0.5936444 -0.7033324 0.3910369 0.3965417 -0.7048966 0.5881118 0.3966056 -0.7048454 0.5881302 0.3966056 -0.7048454 0.5881301 0.1391987 -0.7057245 0.6946774 0.1391987 -0.7057245 0.6946774 0.1393519 -0.7055844 0.694789 0.1393519 -0.7055844 0.694789 0.139352 -0.7055844 0.694789 0.9820994 0.001473248 -0.188358 0.9749011 0.005607485 -0.2225675 0.9749012 0.005607545 -0.2225675 0.9749011 0.005607485 -0.2225675 0.915611 0.003140151 -0.4020531 0.915611 0.00310111 -0.4020537 0.9156109 0.00310111 -0.4020537 0.8183619 0.004494965 -0.5746858 0.7818653 0.01069283 -0.6233559 0.7818652 0.01069283 -0.6233559 0.7818652 0.01069283 -0.6233559 0.6698427 0.005808055 -0.7424803 0.6698427 0.005800008 -0.7424805 0.6698427 0.005799889 -0.7424804 0.4338721 0.01400059 -0.9008658 0.433872 0.01400065 -0.9008657 0.433872 0.01400065 -0.9008657 0.3059449 0.007400691 -0.9520205 0.3059449 0.007400691 -0.9520205 0.3059449 0.007400333 -0.9520205 0.1119722 0.007701873 -0.9936816 0.1119722 0.007701754 -0.9936816 0.1119722 0.007701694 -0.9936816 0 0.0151093 -0.9998859 -0.1120087 0.007699072 -0.9936774 -0.1120087 0.007699191 -0.9936774 -0.1120087 0.007699131 -0.9936774 -0.3059449 0.007400453 -0.9520205 -0.3059449 0.007400751 -0.9520205 -0.3059449 0.007400631 -0.9520205 -0.4339576 0.01398879 -0.9008247 -0.4339576 0.01398879 -0.9008247 -0.5100463 0.006703138 -0.8601208 -0.5100463 0.006703078 -0.8601208 -0.5100463 0.006703019 -0.8601208 -0.6698382 0.005800008 -0.7424845 -0.6698382 0.005800068 -0.7424845 -0.6698382 0.005800127 -0.7424845 -0.7818652 0.01069283 -0.6233559 -0.7818653 0.01069283 -0.6233559 -0.7818652 0.01069283 -0.6233559 -0.9749425 0.00562036 -0.2223864 -0.9749425 0.00562036 -0.2223864 -0.9749425 0.0056203 -0.2223864 -0.9156243 0.003100335 -0.4020232 -0.9156242 0.003100633 -0.4020232 -0.9156243 0.003100454 -0.4020232 -0.8183635 0.004495561 -0.5746834 0.7008213 0.7015876 -0.1289364 0.7008079 0.7016077 -0.128899 0.700915 0.7014878 -0.1289688 0.7007204 0.701741 -0.1286492 -0.7007589 0.7016866 -0.1287358 -0.7007454 0.7017737 -0.1283348 -0.7007075 0.7017225 -0.1288206 -0.7007404 0.7016981 -0.1287742 -0.6136181 0.6841 -0.3943096 -0.6136181 0.6841 -0.3943096 -0.6136181 0.6841 -0.3943096 -0.5825038 0.7054978 -0.4036858 -0.5825038 0.7054978 -0.4036858 -0.4741558 0.710523 -0.519936 -0.4741559 0.7105229 -0.519936 -0.3623136 0.7086039 -0.6054829 -0.3623136 0.7086038 -0.6054829 -0.2167306 0.7109943 -0.6689656 -0.2167305 0.7109943 -0.6689656 -0.2167307 0.7109942 -0.6689658 -0.1470942 0.6726758 -0.7251694 -0.1470941 0.6726758 -0.7251694 -0.147094 0.6726758 -0.7251694 -0.07946413 0.7102919 -0.6994076 -0.07946407 0.7102917 -0.6994077 -0.07946407 0.7102918 -0.6994078 0.141026 0.7056192 -0.6944158 0.2167297 0.7109942 -0.668966 0.2167297 0.7109943 -0.668966 0.2167298 0.7109941 -0.6689661 0.4009086 0.7046439 -0.585448 0.4009085 0.7046439 -0.585448 0.4009085 0.7046439 -0.585448 0.3864819 0.6574727 -0.6468086 0.4741579 0.7105237 -0.5199333 0.474158 0.7105235 -0.5199334 0.4741579 0.7105235 -0.5199334 0.5982198 0.703144 -0.3843458 0.5982198 0.703144 -0.3843458 0.5982197 0.7031441 -0.3843458 0.6047174 0.6769838 -0.4195354 0.6047174 0.6769838 -0.4195353 0.6047174 0.6769838 -0.4195353 0.6476782 0.7090576 -0.2788375 0.6476783 0.7090575 -0.2788375 0.6476782 0.7090576 -0.2788375 0.7002187 0.699062 0.1449347 0.7001978 0.6990754 0.1449718 0.7002121 0.6990663 0.1449465 0.7002331 0.6990527 0.1449104 0.6455768 0.7046744 0.2943886 0.6455768 0.7046744 0.2943885 0.6455769 0.7046743 0.2943886 0.6060106 0.6815242 0.4102146 0.6060105 0.6815242 0.4102146 0.5806919 0.6989021 0.4175319 0.5806919 0.6989021 0.4175319 0.5806919 0.698902 0.4175319 0.4716333 0.7024026 0.5330973 0.4716333 0.7024027 0.5330973 0.3610128 0.6988192 0.6175124 0.3610129 0.6988192 0.6175124 0.3610128 0.6988192 0.6175123 0.2151417 0.7005729 0.6803761 0.2151417 0.700573 0.6803761 0.2151417 0.7005729 0.6803761 0.145204 0.6624255 0.7349206 0.1452039 0.6624255 0.7349206 0.145204 0.6624255 0.7349206 0.07945078 0.6993952 0.7103055 0.07945078 0.6993953 0.7103054 0.07945078 0.6993954 0.7103054 -0.1392582 0.6949266 0.7054674 -0.1392582 0.6949266 0.7054674 -0.1392582 0.6949266 0.7054674 -0.08669948 0.626493 0.7745901 -0.08669954 0.6264929 0.7745901 -0.08669942 0.626493 0.7745901 -0.2150877 0.7005813 0.6803846 -0.2150877 0.7005812 0.6803846 -0.2150877 0.7005813 0.6803846 -0.396579 0.6956341 0.5990146 -0.396579 0.695634 0.5990146 -0.396579 0.695634 0.5990146 -0.4714823 0.7024221 0.5332051 -0.4714824 0.702422 0.533205 -0.4714823 0.7024222 0.533205 -0.5936006 0.6971033 0.4021012 -0.5936006 0.6971033 0.4021012 -0.5936006 0.6971033 0.4021013 -0.7002328 0.6991175 0.1445989 -0.700222 0.6991094 0.1446902 -0.7004254 0.6989489 0.1444808 -0.700266 0.6990663 0.1446856 -0.6455764 0.704674 0.2943906 -0.6455757 0.7046747 0.2943903 -0.6455906 0.7046582 0.294397 -0.5982086 0.6763749 0.4297248 -0.5982086 0.6763749 0.4297248 -0.5982088 0.6763749 0.4297248 -0.9808083 -0.001503169 0.1949688 -0.9808083 -0.001503229 0.1949688 -0.9808083 -0.001503229 0.1949688 -0.9749746 0.001498699 0.2223111 -0.9749746 0.001498758 0.2223111 -0.9749747 0.001494288 0.2223111 -0.9129199 -0.003191769 0.4081263 -0.8155722 -0.00452584 0.5786376 -0.7818688 7.14384e-4 0.6234427 -0.7818688 7.14368e-4 0.6234427 -0.7818688 7.14349e-4 0.6234427 -0.6663486 -0.00580126 0.7456178 -0.6663486 -0.005801379 0.7456178 -0.6663486 -0.0058012 0.7456178 -0.4338279 -1.09421e-4 0.9009958 -0.4338279 -1.09414e-4 0.9009958 -0.4338279 -1.09462e-4 0.9009958 0.1120293 -0.007701277 0.9936751 0.1120293 -0.007701098 0.9936751 0.1120293 -0.007700979 0.9936751 0.303676 -0.007404088 0.9527466 0.303676 -0.007404088 0.9527466 0.303676 -0.007404088 0.9527466 0.4338279 -1.09435e-4 0.9009958 0.433828 -1.09377e-4 0.9009958 0.433828 -1.09416e-4 0.9009958 0.5080667 -0.006702482 0.8612918 0.5080667 -0.006702482 0.8612918 0.5080667 -0.006702482 0.8612918 0.6664202 -0.005798459 0.7455539 0.6664202 -0.005798518 0.7455539 0.6664202 -0.005798578 0.7455539 0.7816622 6.60057e-4 0.6237017 0.9807732 -0.001502156 0.1951459 0.9807731 -0.001502156 0.1951458 0.9807732 -0.001502156 0.1951459 0.9749037 0.001494705 0.2226222 0.9749037 0.001494705 0.2226222 0.9749038 0.001494705 0.2226222 0.9129199 -0.003192663 0.4081263 0.8155722 -0.004526436 0.5786376 -4.42099e-6 -0.9999696 -0.007799923 1.6462e-4 -0.9999697 -0.007780194 -2.22747e-4 -0.9999685 -0.007938683 7.10505e-5 -0.9999696 -0.007813811 0 -0.9999696 -0.00780797 0 -0.9999698 -0.007773518 9.8972e-5 -0.9999697 -0.007789254 -9.31129e-5 -0.9999704 -0.007696807 -1.05819e-5 -0.9999697 -0.007792294 1.95764e-4 -0.9999697 -0.007787227 0 -0.9999712 -0.007608294 0 -0.9999685 -0.007944881 -8.60315e-5 -0.9999694 -0.00783658 -2.377e-4 -0.99997 -0.007750093 5.68629e-5 -0.9999702 -0.007727563 -7.05475e-5 -0.999969 -0.007875084 -6.06726e-5 -0.9999693 -0.007843315 1.07468e-4 -0.999969 -0.007871389 1.02381e-4 -0.9999687 -0.007918298 0 -0.9999701 -0.007727324 -3.41254e-6 -0.9999698 -0.007773995 1.05249e-4 -0.9999722 -0.007467091 2.38015e-4 -0.9999719 -0.007501006 1.53047e-4 -0.9999704 -0.007701158 -1.88102e-4 -0.9999676 -0.008051156 1.67879e-4 -0.9999698 -0.007765471 -3.98029e-5 -0.99997 -0.007758736 -7.00533e-6 -0.9999693 -0.00784713 -1.53769e-4 -0.9999706 -0.007686316 -2.52917e-4 -0.9999706 -0.007661044 1.98764e-4 -0.9999698 -0.00777167 -4.4892e-5 -0.9999701 -0.007741093 -1.27917e-4 -0.9999708 -0.007646262 0 -0.9999705 -0.007679998 0 -0.9999706 -0.007682502 0 -0.9999719 -0.007496416 5.52519e-6 -0.9999695 -0.007822692 -1.06045e-5 -0.9999698 -0.007767081 0 -0.9999719 -0.007496893 2.68166e-4 -0.9999707 -0.007664084 3.28577e-4 -0.9999689 -0.00788486 1.31704e-4 -0.9999697 -0.00779438 -2.12209e-5 -0.9999697 -0.007791697 -8.97282e-5 -0.9999701 -0.007738053 -4.43472e-5 -0.9999709 -0.007640421 1.1541e-4 -0.9999681 -0.00800246 -2.3459e-4 -0.9999709 -0.00764364 8.78134e-5 -0.9999699 -0.007757484 -1.55866e-4 -0.99997 -0.007755994 -3.39227e-5 -0.9999697 -0.007790267 8.81287e-5 -0.9999689 -0.007888615 -1.9545e-4 -0.9999714 -0.007567107 0 -0.7014278 -0.7127406 0 -0.7014278 -0.7127406 0.1395631 -0.6949355 -0.7053984 0.1391631 -0.6946038 -0.705804 0.1395429 -0.6949187 -0.7054189 0.1392819 -0.6947192 -0.705667 0.3965569 -0.6956474 -0.5990138 0.3965938 -0.6956382 -0.5989999 0.3966392 -0.6955986 -0.5990158 0.3966146 -0.6956164 -0.5990116 0.5936093 -0.6971116 -0.4020738 0.5936431 -0.6971435 -0.4019688 0.5936326 -0.6971403 -0.4019898 0.5935861 -0.6970776 -0.4021673 0.7000628 -0.6992385 -0.1448366 0.6999449 -0.6994143 -0.1445574 0.7000567 -0.6992475 -0.1448221 0.7002098 -0.6990938 -0.1448243 0.7071155 -0.7070764 -0.005538582 0.7071159 -0.707076 -0.005538642 0.7071202 -0.7070717 -0.005539 0.7071207 -0.7070713 -0.005539059 1 0 0 0.7071176 0.7070744 0.005538582 0.7071178 0.7070741 0.005538582 0.7071204 0.7070716 0.005538821 0.7071207 0.7070713 0.005538821 0.7003788 0.6994623 0.142204 0.7004756 0.699374 0.1421617 0.7004312 0.69941 0.1422035 0.7004511 0.6993954 0.1421777 0.5959756 0.6970915 0.3985933 0.5960214 0.6970531 0.3985919 0.5960148 0.6970632 0.398584 0.5959694 0.6970937 0.3985984 0.3986914 0.6955225 0.5977404 0.3987762 0.6954854 0.5977272 0.3983752 0.6955752 0.59789 0.3987958 0.6955057 0.5976904 0.1400477 0.6946447 0.7055887 0.1401101 0.6946734 0.7055481 0.140077 0.6946563 0.7055715 0.1402368 0.694496 0.7056975 0 0.7014273 0.712741 0 0.7014274 0.712741 0.1393284 0.6945834 0.7057914 0.1390578 0.6947962 0.7056353 0.1389796 0.6948577 0.7055903 0.1390373 0.6948845 0.7055524 0.3966562 0.6955857 0.5990195 0.3965724 0.6956385 0.5990136 0.3966632 0.6955773 0.5990248 0.3965327 0.6956694 0.5990042 0.5935754 0.6971191 0.4021111 0.593655 0.6970699 0.4020789 0.5937048 0.697041 0.4020553 0.5935196 0.6971424 0.402153 0.7002153 0.6990979 0.144778 0.7002145 0.6991142 0.1447035 0.7002108 0.699097 0.144804 0.7002128 0.6991108 0.1447281 0.7071152 0.7070769 0.005507826 0.7071157 0.7070765 0.005507826 0.7071241 0.7070682 0.005507767 0.7071245 0.7070677 0.005507767 1 2.01725e-7 0 1 -1.85135e-7 0 1 -2.23759e-7 0 1 2.62594e-7 0 1 -1.01996e-6 0 1 -2.8232e-7 0 1 7.11671e-7 0 1 0 0 1 5.68338e-7 0 1 7.92142e-7 0 1 -5.95718e-7 0 1 0 0 1 3.09585e-7 0 1 2.22366e-6 0 1 1.71998e-7 0 1 -2.64639e-7 0 1 7.56926e-7 0 1 -3.12398e-7 0 1 2.20358e-7 0 1 -2.78272e-5 0 1 -1.98103e-6 0 1 7.05649e-6 0 1 1.82258e-6 0 0.9807696 -0.001501917 0.195164 0.9807695 -0.001501917 0.1951637 0.9807696 -0.001501977 0.195164 0.9807696 -0.001501858 0.1951637 0.8313828 -0.004294395 0.5556838 0.8314353 -0.00429815 0.5556049 0.8313827 -0.004294395 0.5556839 0.8314353 -0.00429815 0.555605 0.5558977 -0.006483137 0.8312255 0.5558981 -0.006483554 0.8312252 0.5558977 -0.006483197 0.8312255 0.5558981 -0.006483614 0.8312252 0.1953451 -0.007536292 0.9807057 0.1952075 -0.007570743 0.9807329 0.195208 -0.007570564 0.9807327 0.1948875 -0.007650196 0.9807958 0 -0.007799744 0.9999696 0 -0.007799744 0.9999697 0 -0.007799744 0.9999697 0 -0.007799744 0.9999696 0.9813013 -0.001696407 0.1924711 0.9814903 -0.001501202 0.1915066 0.9809585 -0.001980841 0.1942073 0.9807679 -0.002132356 0.1951665 0.8340294 -0.003808498 0.551707 0.8346506 -0.003701508 0.5507674 0.8324343 -0.004348099 0.5541068 0.831595 -0.004686474 0.5553629 0.557821 -0.006275057 0.8299377 0.5582344 -0.006145775 0.8296606 0.5563183 -0.006561696 0.8309434 0.5555098 -0.006737649 0.8314828 0.1957186 -0.0074898 0.9806316 0.1961196 -0.00741285 0.980552 0.195512 -0.007526755 0.9806725 0.1949683 -0.007613539 0.98078 2.42629e-5 0.007793307 -0.9999697 0 0.007799863 -0.9999697 2.9512e-5 0.007782697 -0.9999697 1.17683e-4 0.007815003 -0.9999696 -2.81499e-4 0.007765829 -0.9999698 -3.84349e-4 0.007798671 -0.9999696 -4.76223e-5 0.007880687 -0.999969 0 0.007842123 -0.9999693 -7.17694e-5 0.007619082 -0.999971 -3.88225e-5 0.007652819 -0.9999707 2.36969e-5 0.00783801 -0.9999694 0 0.007786929 -0.9999698 8.64297e-5 0.007923185 -0.9999687 2.3884e-5 0.007750809 -0.99997 -7.9629e-5 0.007725417 -0.9999702 7.87185e-5 0.007875382 -0.9999691 1.05019e-4 0.00796777 -0.9999683 -2.35962e-4 0.007616758 -0.999971 -1.01982e-6 0.007798612 -0.9999697 -0.1953414 -0.9807074 -0.007402062 -0.1951229 -0.9807494 -0.007601201 -0.1951374 -0.9807465 -0.007601559 -0.1950771 -0.9807577 -0.007703661 -0.5554329 -0.8315359 -0.006508767 -0.5555583 -0.8314523 -0.006493926 -0.5555973 -0.8314262 -0.006498396 -0.555311 -0.8316171 -0.006547808 -0.8314023 -0.5556547 -0.004280328 -0.8314737 -0.5555477 -0.004305601 -0.8314743 -0.5555466 -0.004305839 -0.8313507 -0.5557319 -0.004262268 -0.9807794 -0.1951141 -0.001536428 -0.9807794 -0.1951139 -0.001536428 -0.9807794 -0.1951139 -0.001536428 -0.9807794 -0.1951141 -0.001536428 0.08919894 -0.7006747 -0.7078832 0.08919811 -0.7006734 -0.7078846 0.08919942 -0.7006743 -0.7078835 0.1035122 -0.5473548 -0.8304745 0.1035123 -0.5473549 -0.8304746 0.1035123 -0.5473548 -0.8304746 0.1218942 -0.1876553 -0.9746422 0.1218943 -0.1876553 -0.9746422 0.1158067 -0.3737827 -0.9202584 0.1158114 -0.3737823 -0.9202579 0.1158122 -0.3737798 -0.9202587 0.1219046 -0.1861476 -0.97493 0.1219047 -0.1861476 -0.97493 0.1219047 -0.1861476 -0.9749299 0.1033027 -0.5491334 -0.8293257 0.1033027 -0.5491334 -0.8293257 0.1033026 -0.5491334 -0.8293257 0.06902015 -0.8272709 -0.5575475 0.06899648 -0.8271872 -0.5576746 0.06900167 -0.8271645 -0.5577076 0.06901931 -0.8272753 -0.5575412 0.02422231 -0.9792784 -0.2010648 0.02422237 -0.9792815 -0.2010499 0.02422237 -0.9792816 -0.20105 0.02422231 -0.9792785 -0.2010649 0.1015853 0.5436317 -0.8331536 0.08590155 0.0853731 -0.9926391 0.08590179 0.0853731 -0.9926391 0.08590185 0.08537316 -0.9926391 0.06909632 0.2277064 -0.9712752 0.06909608 0.2277064 -0.9712753 0.07783228 0.5122818 -0.8552834 0.07783228 0.5122818 -0.8552833 0.0706098 0.8260293 -0.5591869 0.07060986 0.8260293 -0.5591869 0.07060986 0.8260293 -0.5591869 0.03392982 0.7869628 -0.616067 0.03392976 0.7869628 -0.616067 0.03392958 0.7869628 -0.616067 0.03290468 0.9310433 -0.363422 0.03290456 0.9310434 -0.3634221 0.03290462 0.9310433 -0.363422 0.0595563 0.9464611 -0.3172769 0.0595563 0.946461 -0.3172769 0.05955624 0.946461 -0.3172769 -0.1962854 0.9352164 -0.2946904 -0.1962853 0.9352164 -0.2946906 -0.1962854 0.9352164 -0.2946905 -0.1737224 0.9409928 -0.2904359 -0.1737224 0.9409928 -0.2904359 -0.1737223 0.9409928 -0.2904359 -0.1184955 0.9517107 -0.283206 -0.1184954 0.9517107 -0.2832058 -0.1184954 0.9517108 -0.2832057 -0.5031083 0.8127503 -0.293801 -0.5031083 0.8127503 -0.293801 -0.5031083 0.8127503 -0.293801 -0.03303331 0.2212463 -0.9746584 -0.03901845 0.2162082 -0.9755674 -0.02969217 0.2214746 -0.9747141 -0.1975398 0.439701 -0.8761513 -0.1974977 0.4396855 -0.8761687 -0.1974869 0.4396764 -0.8761757 -0.1975169 0.4397345 -0.8761398 -0.3950822 0.6719414 -0.6264223 -0.3951199 0.671997 -0.6263388 -0.3950994 0.6719506 -0.6264016 -0.3950259 0.671935 -0.6264646 -0.5347285 0.8021644 -0.2657027 -0.5347284 0.8021643 -0.2657026 -0.3125516 0.8809819 -0.3552219 -0.3133184 0.8809169 -0.3547072 -0.3163794 0.8809888 -0.3517995 -0.3159167 0.8815616 -0.350779 -0.2362002 0.764589 -0.5996777 -0.2361961 0.7645879 -0.5996805 -0.2362031 0.764608 -0.5996522 -0.2362185 0.7645829 -0.599678 -0.09560316 0.5028049 -0.8590968 -0.09565156 0.5027769 -0.8591079 -0.09566581 0.5028646 -0.859055 -0.09572523 0.5027779 -0.859099 0.05252778 0.1796999 -0.9823182 0.05252778 0.1797 -0.9823182 0.05252778 0.1797 -0.9823181 0.1143549 0.1803554 -0.9769314 0.1100905 0.1835561 -0.9768251 0.1140294 0.1829559 -0.9764858 0.1141667 0.1785786 -0.9772797 0.1926919 0.9094287 -0.3685232 0.1926919 0.9094287 -0.3685232 0.1993765 0.7715384 -0.6041336 0.1994612 0.7715323 -0.6041135 0.1993765 0.771546 -0.6041241 0.1905975 0.5626851 -0.8043993 0.1905974 0.5626851 -0.8043993 0.1905974 0.5626851 -0.8043993 0.1849607 0.4979426 -0.847256 0.1846098 0.498 -0.8472989 0.1850999 0.4983241 -0.8470014 0.1882022 0.9345822 -0.3018875 0.1882931 0.9347532 -0.3013008 0.1881828 0.9347881 -0.3012617 0.1923982 0.9202179 -0.340855 0.1923981 0.9202179 -0.340855 0.1923982 0.9202179 -0.340855 0.1972689 0.7212121 -0.6640318 0.1496149 0.1708864 -0.9738652 0.1486376 0.1727999 -0.9736771 0.1486852 0.1734055 -0.9735622 0.1486039 0.1731081 -0.9736275 0.185341 0.4978816 -0.8472089 0.1853821 0.498159 -0.8470367 0.185341 0.497885 -0.8472068 0.1853824 0.498166 -0.8470326 0.199312 0.7712158 -0.6045668 0.1992988 0.7712877 -0.6044793 0.1992963 0.7713854 -0.6043556 0.1992921 0.771372 -0.6043739 0.1881997 0.9341061 -0.3033593 0.1883068 0.9337847 -0.3042808 0.1882438 0.9341445 -0.3032134 0.1490788 0.1723121 -0.9736961 0.1501729 0.1695583 -0.9740113 0.1585572 0.2480148 -0.9556927 0.1664806 0.246964 -0.9546167 0.1675707 0.2482787 -0.9540848 0.4374806 0.6916973 -0.5746003 0.4374338 0.6916629 -0.5746775 0.4374654 0.6916587 -0.5746584 0.2137828 0.1320567 -0.9679142 0.22485 0.1355635 -0.9649171 0.2214995 0.134796 -0.9657992 0.2306936 0.1271584 -0.9646819 0.4242691 0.3891075 -0.8176742 0.4242691 0.3891073 -0.8176743 0.4242691 0.3891074 -0.8176743 0.4016746 0.3823426 -0.8321489 0.4016746 0.3823426 -0.8321489 0.4016746 0.3823425 -0.8321489 0.5753879 0.5980846 -0.5578741 0.575388 0.5980846 -0.5578742 0.575388 0.5980846 -0.5578741 0.5293342 0.5916692 -0.6080566 0.5293343 0.5916693 -0.6080566 0.5293342 0.5916693 -0.6080566 0.2887026 0.9141126 -0.2846912 0.2887024 0.9141126 -0.2846913 0.2887024 0.9141126 -0.2846912 0.4065837 0.8676673 -0.2860823 0.4065836 0.8676674 -0.2860823 0.4065837 0.8676673 -0.2860823 0.2093006 0.9065743 -0.3664921 0.2093006 0.9065743 -0.366492 0.2093006 0.9065743 -0.3664922 0.2519363 0.8864009 -0.3883578 0.2519363 0.8864009 -0.3883578 0.2772721 0.7554445 -0.593653 0.2772722 0.7554445 -0.593653 0.2589086 0.709898 -0.6549896 0.2268846 0.4908391 -0.8411899 0.2268846 0.4908391 -0.8411899 0.2268846 0.4908391 -0.8411899 0.2623813 0.5495458 -0.7931932 0.2623816 0.5495457 -0.7931932 0.2623814 0.5495458 -0.7931932 0.4374541 0.6916301 -0.5747016 0.3381137 0.4471221 -0.8281068 0.338114 0.4471271 -0.828104 0.3380627 0.4470135 -0.8281863 0.3380938 0.4470868 -0.828134 0.5201171 0.8230156 -0.2283057 0.5201171 0.8230157 -0.2283057 0.5201171 0.8230157 -0.2283057 0.4758666 0.8261936 -0.3015882 0.4758665 0.8261935 -0.3015882 0.3903084 0.8905779 -0.2335175 0.3903083 0.8905779 -0.2335177 0.3903083 0.8905779 -0.2335176 0.3660094 0.7252196 -0.5831755 0.3658914 0.7250931 -0.5834068 0.3658823 0.7250896 -0.583417 0.365877 0.7250821 -0.5834295 0.2921221 0.4684925 -0.8337743 0.2922036 0.4685976 -0.8336866 0.2920706 0.4686704 -0.8336923 0.2921902 0.4685882 -0.8336967 0.6130965 0.7257057 -0.3121922 0.6130966 0.7257056 -0.3121922 0.6130965 0.7257056 -0.3121923 0.6640828 0.7248293 -0.1833483 0.6640828 0.7248293 -0.1833484 0.6640828 0.7248293 -0.1833483 0.5565091 0.7754252 -0.2983511 0.5565091 0.7754253 -0.2983511 0.5565091 0.7754253 -0.2983512 0.5051054 0.6510155 -0.5666104 0.5051106 0.651113 -0.5664938 0.5051105 0.6511164 -0.56649 0.5051804 0.6509951 -0.566567 0.3814132 0.4212371 -0.8228508 0.3814434 0.4210831 -0.8229157 0.3813915 0.421092 -0.822935 0.3815566 0.4211695 -0.8228189 0.2148181 0.1472936 -0.9654832 0.2148181 0.1472936 -0.9654832 0.2148182 0.1472936 -0.9654832 0.2001484 0.1560273 -0.9672623 0.2067064 0.1603989 -0.9651656 0.2071273 0.1606342 -0.9650362 0.208374 0.1616508 -0.964598 0.1803546 0.1527615 -0.9716668 0.1892797 0.1599436 -0.9688092 0.1827458 0.1546399 -0.9709225 0.1889232 0.1618469 -0.9685627 0.1309049 0.1817138 -0.9745994 0.1309048 0.1817139 -0.9745994 0.194501 0.2657266 -0.9442239 0.1676351 0.2465949 -0.95451 0.6682417 0.689645 -0.2790033 0.6682417 0.6896449 -0.2790033 0.1782508 0.06764346 -0.9816573 0.1782508 0.06764346 -0.9816573 0.1782509 0.06764334 -0.9816573 0.2267414 0.134526 -0.9646197 0.2308357 0.1317946 -0.9640254 0.2309057 0.1280955 -0.9645072 0.2831137 0.1864135 -0.9407957 0.2831137 0.1864135 -0.9407958 0.2831137 0.1864135 -0.9407957 0.4281971 0.3597424 -0.828995 0.4284811 0.3588995 -0.8292135 0.4279997 0.3594721 -0.8292142 0.6678903 0.6810461 -0.3001647 0.6678903 0.6810461 -0.3001646 0.6678903 0.6810461 -0.3001646 0.6068086 0.5951085 -0.5269054 0.6068084 0.5951087 -0.5269054 0.6068086 0.5951086 -0.5269054 0.580838 0.5709425 -0.5802173 0.5497927 0.5115914 -0.6603046 0.5497928 0.5115914 -0.6603046 0.5497928 0.5115914 -0.6603047 0.4274965 0.359197 -0.829593 0.6606079 0.6849995 -0.3072018 0.6606079 0.6849995 -0.3072018 0.6606079 0.6849996 -0.3072018 0.5914907 0.5611796 -0.5789787 0.5769459 0.5499658 -0.6038801 0.576946 0.5499657 -0.60388 0.5769459 0.5499659 -0.6038801 0.4284764 0.3585214 -0.8293796 0.4281967 0.3583978 -0.8295773 -0.4082293 -0.5382895 -0.7372878 -0.4083226 -0.5383115 -0.7372201 -0.4084821 -0.538349 -0.7371044 -0.4082263 -0.5382297 -0.7373331 -0.3289591 -0.6060678 -0.7242016 -0.3289591 -0.6060678 -0.7242015 -0.3289591 -0.6060678 -0.7242016 -0.2802866 -0.6211807 -0.7318293 -0.2802866 -0.6211807 -0.7318294 -0.08467209 -0.709133 -0.6999722 -0.08467221 -0.7091331 -0.6999721 -0.08467221 -0.709133 -0.6999721 -0.1276562 -0.6790409 -0.722916 -0.1276562 -0.6790409 -0.722916 -0.1276562 -0.6790407 -0.722916 -0.02423691 -0.6998264 -0.7139018 -0.02423435 -0.6998185 -0.7139096 -0.02419131 -0.6995925 -0.7141324 -0.02408558 -0.6993583 -0.7143654 0.05029916 -0.7096183 -0.7027887 0.05029922 -0.7096183 -0.7027886 0.05029916 -0.7096183 -0.7027887 0.1429203 -0.685709 -0.7137065 0.2058432 -0.6899347 -0.6939875 0.2058432 -0.6899348 -0.6939875 0.3695114 -0.6248635 -0.6877551 0.3695114 -0.6248634 -0.6877551 0.3695114 -0.6248634 -0.6877551 0.5457838 -0.601759 -0.5831006 0.5457838 -0.6017591 -0.5831005 0.5457838 -0.601759 -0.5831006 0.4102125 -0.6004908 -0.6863938 0.5259321 -0.5124348 -0.6788269 0.5257948 -0.5123871 -0.6789694 0.5259031 -0.5123152 -0.6789397 0.5258892 -0.5124426 -0.6788544 0.5794356 -0.4641278 -0.6699551 0.5794354 -0.4641278 -0.6699553 0.5794355 -0.4641278 -0.6699552 0.6131042 -0.396164 -0.6834891 0.6664585 -0.3412234 -0.6628724 0.6664584 -0.3412234 -0.6628724 0.6664584 -0.3412234 -0.6628724 0.7130839 -0.2079973 -0.6695137 0.7130839 -0.2079973 -0.6695137 0.7130838 -0.2079973 -0.6695138 0.7585138 -0.1426835 -0.6358447 0.7585138 -0.1426835 -0.6358447 0.7491234 -0.05304443 -0.6603033 0.7491235 -0.05304437 -0.6603032 0.7491234 -0.05304443 -0.6603033 0.7496932 0.002905488 -0.6617791 0.749777 0.002043843 -0.6616874 0.7497081 0.0046404 -0.6617525 0.7496557 0.005162954 -0.661808 0.7497555 0.005205869 -0.6616946 0.2236531 0.7056576 -0.6723293 0.2236531 0.7056575 -0.6723294 0.2236531 0.7056575 -0.6723294 0.2742592 0.6725838 -0.6873231 0.2742592 0.6725838 -0.687323 0.2742591 0.6725838 -0.6873232 0.4707453 0.5864343 -0.6591614 0.4989455 0.5451983 -0.6736559 0.4989456 0.5451983 -0.6736559 0.4989455 0.5451983 -0.6736558 0.6528701 0.3856019 -0.6519752 0.6528701 0.385602 -0.6519753 0.6528701 0.385602 -0.6519752 0.6596251 0.3536759 -0.6631802 0.6596251 0.3536759 -0.6631803 0.6596251 0.3536759 -0.6631803 0.7473275 0.1356944 -0.6504527 0.7462792 0.1369841 -0.6513852 0.7447605 0.128265 -0.6548894 0.7442671 0.1260935 -0.6558712 0.08790713 0.7125635 -0.6960787 0.08790838 0.7125708 -0.6960712 0.08783626 0.7128276 -0.6958172 0.0878356 0.7128352 -0.6958096 -0.4839737 -0.4632992 -0.7423769 -0.4839738 -0.4632992 -0.7423768 -0.4839739 -0.4632993 -0.7423766 -0.4731411 -0.4825186 -0.7370979 -0.4731412 -0.4825186 -0.7370979 -0.4731412 -0.4825186 -0.7370979 -0.6094031 -0.2798699 -0.7418226 -0.609403 -0.27987 -0.7418227 -0.6490504 -0.05981147 -0.7583906 -0.6620128 -0.1740108 -0.7290126 -0.662013 -0.1740107 -0.7290124 -0.662013 -0.1740107 -0.7290124 -0.6454279 0.1670563 -0.7453288 -0.645428 0.1670563 -0.7453288 -0.6454279 0.1670563 -0.7453289 -0.6250104 0.2115106 -0.7514156 -0.6250103 0.2115105 -0.7514158 -0.6250102 0.2115105 -0.7514158 -0.56588 0.3775064 -0.7329862 -0.5658801 0.3775065 -0.7329862 -0.5658801 0.3775065 -0.7329862 -0.4172646 0.5438549 -0.728088 -0.4157929 0.544701 -0.7282974 -0.4187389 0.542986 -0.7278901 -0.02751868 0.7794917 -0.625808 -0.02751868 0.7794916 -0.625808 -0.02751863 0.7794915 -0.6258082 -0.1698293 0.7009051 -0.6927412 -0.1698293 0.700905 -0.6927411 -0.1698291 0.700905 -0.6927411 -0.4198114 0.5424025 -0.7277073 -0.2213442 0.6485194 -0.7283059 -0.2213442 0.6485195 -0.7283058 -0.2213442 0.6485196 -0.7283057 -0.02085578 0.7195159 -0.6941627 -0.0208559 0.719516 -0.6941627 -0.02085584 0.719516 -0.6941627 0.1388767 0.7115103 -0.6888153 0.1388766 0.7115101 -0.6888154 0.1388767 0.71151 -0.6888155 -0.5960038 0.802109 0.037427 -0.5960042 0.8021087 0.03742706 -0.5960036 0.802109 0.03742694 0.4529994 -0.06852847 0.8888731 0.4529994 -0.06852847 0.8888731 0.4529995 -0.06852841 0.8888732 -0.07970541 0.2011089 0.9763209 -0.07970529 0.201109 0.9763209 0.6677989 -0.02798098 0.7438157 0.6677986 -0.02798098 0.743816 0.667799 -0.02798086 0.7438156 0.6810202 -0.1177949 0.7227281 0.6810208 -0.1177946 0.7227276 0.6810221 -0.117794 0.7227265 0.687415 -0.1533212 0.7098968 0.6874149 -0.1533213 0.7098968 0.6874149 -0.1533213 0.7098968 0.4820216 0.1185832 0.8680976 0.4820218 0.1185836 0.8680974 0.4820213 0.1185829 0.8680978 0.4193046 0.07282072 0.9049205 0.4193047 0.0728206 0.9049204 0.419305 0.07282084 0.9049202 0.6504567 0.08618706 0.7546376 0.6504567 0.08618712 0.7546377 0.6504567 0.08618718 0.7546377 0.7194799 0.136416 0.6809841 0.7194799 0.136416 0.6809841 0.7194799 0.136416 0.680984 0.6943261 0.210704 0.6881244 0.694326 0.210704 0.6881245 0.694326 0.2107041 0.6881245 0.7438902 0.3224634 0.5853587 0.7438903 0.3224636 0.5853585 0.7438902 0.3224635 0.5853586 0.6313049 0.5064142 0.587366 0.6313049 0.5064142 0.5873661 0.6313049 0.5064142 0.5873661 0.4201646 0.7098754 0.5652776 0.4201647 0.7098755 0.5652774 0.4201646 0.7098754 0.5652775 -0.3054297 0.9277747 0.2143525 -0.3050985 0.9279934 0.2138769 -0.3052383 0.9262322 0.2211866 -0.008127987 0.9183041 0.3957923 -0.008127987 0.918304 0.3957924 -0.008127987 0.9183041 0.3957923 -0.5712859 0.8207051 0.008710265 -0.571286 0.8207049 0.008712112 -0.5712846 0.8207058 0.008710503 -0.482519 0.8729293 0.07190203 -0.4825193 0.8729292 0.07190203 -0.4825192 0.8729293 0.07190215 -0.5282757 0.8474105 0.05310666 -0.5282758 0.8474105 0.05310666 -0.5282758 0.8474105 0.05310666 -0.07269567 0.1845955 0.9801223 -0.07269549 0.1845955 0.9801224 -0.07269555 0.1845955 0.9801224 -0.2211976 0.3590062 0.9067449 -0.221199 0.3590052 0.9067449 -0.2211992 0.3590049 0.906745 -0.2921935 0.4295805 0.8544493 -0.2921935 0.4295804 0.8544493 -0.2921936 0.4295805 0.8544493 -0.1124442 0.5121968 0.8514756 -0.1124443 0.5121967 0.8514757 -0.1124443 0.5121966 0.8514758 -0.06869441 0.4914816 0.8681744 -0.06869423 0.4914818 0.8681744 -0.06869435 0.4914817 0.8681744 0.3493995 0.7460965 0.5667982 0.3493996 0.7460968 0.5667977 0.3493996 0.7460968 0.5667976 0.2808966 0.6964004 0.6603966 0.2808967 0.6964005 0.6603964 0.2808967 0.6964004 0.6603966 0.2570772 0.7193104 0.6453712 0.2570771 0.7193104 0.6453713 0.2570772 0.7193104 0.6453713 0.1340464 0.6278793 0.7666807 0.07952642 0.6765468 0.7320929 0.07952636 0.6765468 0.7320929 0.07952642 0.6765468 0.7320929 0.8386341 0.1073173 0.5340188 0.838634 0.1073174 0.5340189 0.8386338 0.1073174 0.534019 0.8446953 0.05026024 0.5328826 0.8446952 0.05026018 0.5328828 0.8446952 0.05026012 0.5328828 0.7084837 0.3692547 0.6014165 0.7084838 0.3692548 0.6014164 0.7084838 0.3692548 0.6014165 0.6245685 0.309125 0.7171862 0.6245684 0.3091249 0.7171863 0.6245684 0.3091249 0.7171864 0.6028968 0.3545724 0.7146986 0.6028968 0.3545724 0.7146985 0.6028968 0.3545723 0.7146985 0.465113 0.2560859 0.8474019 0.4651129 0.2560859 0.8474019 0.4651131 0.2560861 0.8474018 0.40368 0.3503329 0.8451683 0.40368 0.3503329 0.8451683 0.40368 0.3503329 0.8451682 0.2838552 0.263463 0.9219617 0.2838552 0.263463 0.9219617 0.2838552 0.263463 0.9219619 0.3025686 0.2154329 0.9284617 0.3025687 0.215433 0.9284616 0.3025686 0.215433 0.9284616 0.2010033 0.1407066 0.9694325 0.2010033 0.1407067 0.9694325 0.2010033 0.1407067 0.9694325 0.1759977 0.204086 0.9630025 0.1759979 0.204086 0.9630025 0.09500366 0.1405057 0.9855113 0.09833186 0.1464966 0.9843118 0.09758484 0.1430382 0.9848946 -0.4044563 0.906738 0.1193377 -0.4044563 0.9067379 0.1193377 -0.4044563 0.9067379 0.1193378 -0.4393608 0.8825728 0.1674137 -0.4393607 0.8825729 0.1674135 -0.4393608 0.8825728 0.1674137 -0.4243457 0.8838738 0.1967179 -0.4243457 0.8838738 0.1967178 -0.4243457 0.8838738 0.1967177 -0.5029824 0.8506066 0.153223 -0.5029824 0.8506065 0.153223 -0.4968382 0.8502649 0.1737864 -0.4968381 0.8502648 0.1737864 -0.4968379 0.8502649 0.1737868 0.1388597 0.8712859 0.4707216 0.1388598 0.871286 0.4707216 0.1388599 0.871286 0.4707216 0.07295835 0.8239998 0.5618733 0.07295823 0.8239997 0.5618734 0.0729584 0.8239997 0.5618732 0.05237138 0.836675 0.5451901 0.05237138 0.8366751 0.5451901 -0.05082166 0.7588196 0.649315 -0.09491944 0.7866229 0.6100941 -0.09491968 0.7866227 0.6100943 -0.0949198 0.7866227 0.6100943 -0.4906184 0.7346497 0.4685975 -0.4906184 0.7346497 0.4685974 -0.4906183 0.7346497 0.4685975 -0.3670046 0.5722066 0.733408 -0.3670045 0.5722067 0.733408 -0.3670046 0.5722066 0.733408 -0.4414303 0.6312811 0.6376705 -0.4414303 0.6312812 0.6376705 -0.4414302 0.631281 0.6376704 -0.3243069 0.4999123 0.8030647 -0.3243069 0.4999123 0.8030646 -0.3243068 0.4999123 0.8030647 -0.5228956 0.8312867 0.1885273 -0.5490367 0.8221457 0.1504505 -0.5490366 0.8221457 0.1504505 -0.5490367 0.8221457 0.1504506 -0.5503287 0.8165353 0.1743799 -0.5503289 0.8165352 0.1743799 -0.5503287 0.8165353 0.1743799 -0.57738 0.7960773 0.1813654 -0.57738 0.7960773 0.1813654 -0.57738 0.7960772 0.1813654 -0.5720814 0.7846366 0.2388899 -0.5720815 0.7846366 0.2388899 0.5485983 0.5778564 0.6042532 0.5485982 0.5778564 0.6042533 0.5485982 0.5778564 0.6042532 0.4689597 0.5206882 0.7134148 0.4689596 0.5206883 0.7134148 0.4689596 0.5206884 0.7134147 0.4445476 0.5550634 0.703052 0.4445476 0.5550635 0.703052 0.4445476 0.5550634 0.703052 0.3098276 0.4568334 0.8338526 0.2488816 0.5282911 0.8117676 0.2488814 0.5282909 0.8117677 0.2488813 0.5282909 0.8117678 0.1125013 0.4308804 0.895369 0.1125014 0.4308805 0.895369 0.1125012 0.4308803 0.8953691 -0.02108693 0.6071034 0.7943431 -0.02108705 0.6071034 0.7943431 -0.02108693 0.6071034 0.7943431 0.01020205 0.5490953 0.8356975 0.01020205 0.5490953 0.8356975 0.01020163 0.5490951 0.8356977 -0.2003979 0.7126756 0.6722604 -0.2003978 0.7126757 0.6722604 -0.200398 0.7126756 0.6722605 0.09922051 0.1353847 0.9858125 -0.2162275 0.4873054 0.8460374 -0.2162274 0.4873054 0.8460375 -0.2162274 0.4873054 0.8460373 -0.1746784 0.4658792 0.8674353 -0.1746782 0.4658794 0.8674353 -0.1746782 0.4658794 0.8674353 -0.4178329 0.6981454 0.5813853 -0.4178328 0.6981455 0.5813853 -0.4178328 0.6981454 0.5813853 -0.366396 0.7367165 0.5683333 -0.3663961 0.7367164 0.5683334 -0.3663961 0.7367164 0.5683335 -0.2417403 0.7047817 0.6669667 -0.2417404 0.7047817 0.6669667 -0.2417403 0.7047816 0.6669667 -0.3186091 0.8149301 0.4841252 -0.3186089 0.8149302 0.4841251 -0.2644678 0.8516488 0.4524944 -0.2644677 0.8516489 0.4524943 -0.2644676 0.8516489 0.4524943 -0.2338533 0.8406416 0.4885022 -0.2338533 0.8406417 0.4885022 -0.2338532 0.8406417 0.4885022 -0.155571 0.8992525 0.408831 -0.155571 0.8992524 0.408831 -0.1403853 0.8946096 0.4242236 -0.1403853 0.8946096 0.4242236 -0.1403854 0.8946096 0.4242236 -0.1050854 0.9207687 0.3756887 -0.1050854 0.9207687 0.3756887 -0.1050855 0.9207687 0.3756891 0.2310083 0.8416471 0.4881243 0.2310085 0.8416475 0.4881238 0.2310083 0.8416474 0.488124 -0.512316 0.1714124 0.8415166 -0.5123161 0.1714123 0.8415165 -0.5123162 0.1714123 0.8415166 -0.4956617 0.430975 0.7540426 -0.4956616 0.4309751 0.7540425 -0.4956616 0.4309751 0.7540425 -0.3296172 0.1609098 0.9303013 -0.3296172 0.1609098 0.9303013 -0.3296172 0.1609098 0.9303013 -0.6092166 0.7921214 0.03740251 -0.6092165 0.7921214 0.03740257 -0.6092171 0.7921211 0.03740251 -0.6079874 0.7809773 0.1429195 -0.6079871 0.7809774 0.1429196 -0.6079872 0.7809773 0.1429196 -0.2749043 0.1200497 0.9539475 -0.1958354 0.1801913 0.9639396 -0.1958354 0.1801912 0.9639397 -0.1958354 0.1801912 0.9639397 -0.1671483 0.1131238 0.9794205 -0.1671482 0.1131239 0.9794205 -0.1671482 0.1131239 0.9794205 -0.6104874 0.7552413 0.2385703 -0.6104874 0.7552413 0.2385703 -0.6104874 0.7552413 0.2385703 -0.5739881 0.6719029 0.4680643 -0.5739881 0.671903 0.4680643 -0.5681177 0.6643204 0.4857167 -0.5681176 0.6643205 0.4857167 -0.5681179 0.6643204 0.4857167 -0.5220974 0.5684163 0.6358596 -0.5220974 0.5684163 0.6358595 -0.3462554 0.3120357 0.8847265 -0.3462554 0.3120357 0.8847265 -0.3462554 0.3120357 0.8847265 -0.3939127 0.4475144 0.8028472 -0.3939127 0.4475145 0.8028473 -0.3939126 0.4475144 0.8028472 -0.2950986 0.3030964 0.9061177 -0.2950981 0.3030967 0.9061179 -0.2950996 0.3030957 0.9061177 -0.3706188 0.1294846 0.9197148 -0.3706192 0.1294848 0.9197148 -0.3706191 0.1294847 0.9197148 -0.4152697 0.05841141 0.9078212 -0.4152697 0.05841141 0.9078212 -0.4152696 0.05841135 0.9078212 -0.5892724 0.3560911 0.725229 -0.5892724 0.3560912 0.725229 -0.5892724 0.356091 0.725229 -0.6083061 0.4243166 0.6707601 -0.6083058 0.4243169 0.6707602 -0.6083059 0.4243168 0.6707602 -0.6598659 0.5936614 0.4605901 -0.6598661 0.5936613 0.46059 -0.6598662 0.5936612 0.46059 -0.65914 0.6247129 0.4186508 -0.6633101 0.6239851 0.413113 -0.6639224 0.6235257 0.4128229 -0.643364 0.7538705 0.1332751 -0.6433638 0.7538706 0.1332752 -0.6433641 0.7538704 0.1332751 -0.6397811 0.7590858 0.120287 -0.6397814 0.7590856 0.1202868 -0.6397812 0.7590858 0.1202869 -0.6062879 0.7940626 0.04335474 -0.6099113 0.79149 0.03939777 -0.6058521 0.7941499 0.04763513 -0.6023037 0.796817 0.04809385 -0.6031439 0.7963406 0.04537981 -0.6052584 0.7948586 0.04315251 -0.5913879 0.8048424 0.04989141 -0.5914821 0.8047607 0.0500921 -0.5914819 0.8047609 0.05009108 0.8696525 0.1287077 0.4765908 0.8696525 0.1287074 0.4765911 0.8696526 0.1287076 0.476591 0.9404633 0.03885072 0.337668 0.9414095 0.03296357 0.3356512 0.9416836 0.02960711 0.3351947 0.8152635 0.3844659 -0.4330489 0.817891 0.3820844 -0.430193 0.8160411 0.3860471 -0.4301683 0.4160493 0.8172141 -0.3988283 0.4160493 0.8172142 -0.3988283 0.484306 0.7628312 -0.4284113 0.4843062 0.7628313 -0.428411 0.4843063 0.7628315 -0.4284108 -0.4959816 0.8641822 -0.08480179 -0.4959816 0.8641824 -0.08480167 -0.4959818 0.8641821 -0.08480209 -0.3001863 0.9333994 -0.1966053 -0.3001863 0.9333994 -0.1966056 -0.3001863 0.9333994 -0.1966055 -0.4027693 0.9069268 -0.1235343 -0.4027692 0.9069269 -0.1235341 -0.4027693 0.9069268 -0.1235343 -0.5958042 0.8029027 -0.01909983 -0.5958042 0.8029027 -0.01909971 -0.5958042 0.8029027 -0.01909959 -0.557677 0.8283718 -0.05288094 -0.5576772 0.8283719 -0.052881 -0.557677 0.8283718 -0.05288076 -0.6596215 0.7509909 -0.03020364 -0.6652737 0.7462461 -0.02297091 -0.6615949 0.7492925 -0.02920484 -0.6863193 0.7270738 0.01815557 -0.6868497 0.7265221 0.02007788 -0.6858593 0.7275449 0.0165981 -0.6490561 0.7588776 0.05320745 -0.6490562 0.7588776 0.05320739 -0.6490561 0.7588778 0.05320709 0.6961663 0.5525869 0.4582579 0.6961663 0.5525869 0.4582579 0.4160796 0.8110411 0.4112057 0.4160798 0.8110413 0.4112052 0.4160798 0.8110414 0.4112053 0.4666489 0.8635506 0.1910998 0.4666489 0.8635507 0.1910995 0.4666489 0.8635507 0.1910995 0.2696152 0.8760973 -0.3997015 0.2696151 0.8760972 -0.3997017 0.269615 0.8760972 -0.3997019 0.1464067 0.9279257 -0.3428104 0.1464067 0.9279258 -0.3428101 0.1464067 0.9279258 -0.3428103 0.1757984 0.9585087 -0.2244018 0.1757983 0.9585087 -0.2244018 0.1757982 0.9585086 -0.2244021 0.4512246 0.8538094 -0.2596264 0.4512245 0.8538095 -0.2596265 0.4512245 0.8538095 -0.2596265 0.2363598 0.9587811 -0.1577117 0.2363598 0.9587811 -0.1577116 0.2363598 0.9587811 -0.1577116 0.6977048 0.693032 -0.181424 0.7010651 0.6901002 -0.1796373 0.7004312 0.6905039 -0.1805562 0.7003282 0.6876323 0.1915788 0.6979725 0.6901541 0.1911066 0.6987438 0.6895623 0.1904236 0.8750039 0.4509457 0.1761143 0.875853 0.4492817 0.1761461 0.8778762 0.445177 0.1764967 0.872895 0.1376853 -0.4680783 0.872895 0.1376853 -0.4680783 0.872895 0.1376855 -0.4680782 0.936715 0.01631528 -0.3497127 0.9367149 0.01631528 -0.3497128 0.9367149 0.01631528 -0.3497127 0.8147332 0.3888738 -0.4301012 0.8784139 0.4475622 -0.1675627 0.8750699 0.4530857 -0.1701945 0.8760021 0.4515579 -0.1694572 0.9343276 -0.1338928 -0.3303101 0.9343274 -0.1338927 -0.3303104 0.9343276 -0.1338927 -0.3303101 0.9340174 0.1297798 -0.3328194 0.9340174 0.1297799 -0.3328194 0.9340175 0.1297798 -0.3328194 0.9738845 0.1770626 -0.1421193 0.9738845 0.1770626 -0.1421193 0.9738845 0.1770626 -0.1421193 0.9770278 -0.1561745 -0.1450045 0.9770279 -0.1561744 -0.1450039 0.9770278 -0.1561744 -0.145004 0.9851183 0.1556053 -0.07299935 0.9851183 0.1556054 -0.07299953 0.9851183 0.1556052 -0.07299929 -0.442726 0.8958888 -0.03710788 -0.4427259 0.8958889 -0.03710812 -0.442726 0.8958889 -0.03710812 -0.4283156 0.9029819 -0.03419852 -0.1460372 0.9873715 -0.06140756 -0.1431527 0.9878339 -0.06075972 -0.1371934 0.9887613 -0.0594058 -0.1340741 0.9892316 -0.05869472 0.1641136 0.9832003 -0.0798999 0.1654525 0.9832108 -0.07695424 0.1700481 0.9824798 -0.07627046 -0.6441324 0.7648277 -0.01149815 -0.6441324 0.7648277 -0.01149815 -0.6441324 0.7648276 -0.01149821 -0.6668894 0.7448883 -0.01999992 -0.4372786 0.8930964 -0.1056708 -0.3982813 0.9111534 -0.1056948 -0.3982813 0.9111535 -0.1056944 -0.3982813 0.9111535 -0.1056945 -0.1484053 0.9733911 -0.1746018 -0.1484052 0.9733911 -0.1746019 -0.1484052 0.9733911 -0.1746019 0.02200824 0.9463819 -0.3222993 0.02200847 0.9463822 -0.322299 0.02200818 0.946382 -0.3222994 -0.1287129 0.9663795 -0.2225842 -0.1287125 0.9663796 -0.2225838 -0.1287128 0.9663795 -0.2225841 -0.1163242 0.9780647 -0.1727951 -0.1163243 0.9780648 -0.1727944 -0.1163243 0.9780648 -0.1727947 0.1537981 0.961603 -0.2273015 0.1537981 0.961603 -0.2273015 0.1537981 0.9616029 -0.2273017 0.1722043 0.9819845 -0.07779538 0.4575909 0.8845233 -0.09071469 0.4575909 0.8845233 -0.09071457 0.4575909 0.8845233 -0.09071457 0.4521695 0.8719813 0.1875935 0.4521695 0.8719814 0.1875936 0.4521695 0.8719814 0.1875938 0.7011767 0.6866761 0.1919046 0.6434164 0.6230999 0.4447042 0.6434164 0.6230999 0.4447043 0.6434164 0.6231 0.4447041 0.8156288 0.3800436 0.4362529 0.8142276 0.382289 0.4369081 0.8173832 0.3773609 0.4352971 0.8180755 0.3759863 0.4351859 0.9418404 -0.04112833 0.3335344 0.9418405 -0.04112833 0.3335344 0.9418404 -0.04112833 0.3335344 0.9077858 0.0796191 0.411808 0.9077858 0.0796191 0.411808 0.9077858 0.07961916 0.4118079 -0.6855057 0.7276977 0.02319723 -0.4369423 0.8915166 0.1194975 -0.4369423 0.8915167 0.1194972 -0.4369422 0.8915167 0.1194971 -0.3978607 0.9095663 0.1199843 -0.3978607 0.9095663 0.1199842 -0.3978607 0.9095662 0.1199842 -0.1482321 0.9705696 0.1897946 -0.148232 0.9705696 0.1897947 -0.1482321 0.9705696 0.1897946 -0.1157975 0.9752998 0.1880993 -0.1157975 0.9752996 0.1880999 -0.1157975 0.9752998 0.1880994 -0.5049266 0.8552242 0.1167942 -0.5049265 0.8552243 0.116794 -0.5049268 0.855224 0.1167942 -0.5914002 0.8056682 0.0338307 -0.5914002 0.8056683 0.0338307 -0.5914003 0.8056682 0.03383094 -0.2998893 0.9303709 0.2108943 -0.4022344 0.9051383 0.1375949 -0.4022342 0.9051384 0.1375944 -0.4022343 0.9051383 0.1375947 0.02236956 0.9412853 0.3368704 0.0223698 0.9412854 0.3368702 0.02236962 0.9412854 0.3368703 -0.1281967 0.9628685 0.2375918 -0.1281968 0.9628685 0.2375921 -0.1281967 0.9628685 0.2375919 0.2697985 0.8697068 0.4133024 0.2697985 0.8697069 0.4133023 0.2697985 0.8697069 0.4133021 0.983849 0.0657199 0.1665 0.9838489 0.06571996 0.1665 0.9838489 0.06571996 0.1665 0.9569565 0.148871 0.2491419 0.9569566 0.1488711 0.2491418 0.9569565 0.148871 0.2491419 0.9420968 0.1330394 0.3078219 0.9420968 0.1330394 0.3078219 0.9420968 0.1330393 0.3078219 0.6961918 0.5596191 -0.4496039 0.6961916 0.5596191 -0.449604 0.6961917 0.5596191 -0.449604 0.6437103 0.6296846 -0.434896 0.6437102 0.6296845 -0.4348963 0.6437103 0.6296845 -0.4348961 0.7014837 0.6894772 -0.1803936 0.8789876 0.4461424 -0.1683388 0.8786973 0.4434316 0.1768038 0.9779776 0.1529647 0.1419914 0.9779776 0.1529647 0.1419915 0.9779776 0.1529646 0.1419916 0.9893112 -0.1375854 0.04830735 0.9893113 -0.1375852 0.04830676 0.9893113 -0.1375852 0.04830694 0.4845532 0.7558988 0.4402561 0.484553 0.7558987 0.4402561 0.4845531 0.7558987 0.4402561 0.1466131 0.9224843 0.3571099 0.1466132 0.9224842 0.3571098 0.146613 0.9224842 0.35711 0.1918368 0.9667668 0.1689989 0.1918367 0.9667668 0.1689991 0.1918368 0.9667668 0.1689988 -0.167594 0.9700565 0.175792 -0.167594 0.9700564 0.1757921 -0.167594 0.9700565 0.1757919 0.1640348 0.9818485 0.09521639 0.1640349 0.9818485 0.09521633 0.1640349 0.9818485 0.09521621 -0.1371785 0.9877328 0.07460522 -0.133793 0.9882354 0.07409656 -0.1443078 0.986643 0.07557165 -0.1459978 0.9862995 0.07679867 -0.4279559 0.9025238 0.04800754 -0.4279559 0.9025238 0.04800742 -0.4279559 0.9025238 0.04800748 -0.4427344 0.8951954 0.05110192 -0.4427344 0.8951954 0.05110198 -0.4427344 0.8951954 0.05110204 -0.6856822 0.7277094 0.01670312 -0.7072362 0.7068408 -0.01390111 -0.7072361 0.7068408 -0.01390117 -0.7072362 0.7068408 -0.01390123 0.1732403 0.9766537 -0.127025 0.1732583 0.97662 -0.1272603 0.173231 0.9767847 -0.1260269 0.1646684 0.9847351 0.05640327 0.161371 0.9855056 0.05232781 0.1609601 0.98558 0.05219149 0.1683505 0.9851331 0.03422021 0.1680277 0.985084 0.03709697 0.1691284 0.9852536 0.02590286 0.1685237 0.9853702 0.02540791 0.1686034 0.9855778 0.01446861 0.1685406 0.9855903 0.01434683 0.16736 0.9858953 0.001149177 0.1680093 0.9857852 7.54885e-4 0.1695286 0.9854782 -0.009645521 0.1693275 0.9855046 -0.01043903 0.1695451 0.9854618 -0.01093375 0.1693894 0.985483 -0.01142716 0.166434 0.9854521 -0.03440994 0.1564537 0.987218 -0.03037786 0.158274 0.9868738 -0.03208357 0.1618067 0.9861441 -0.03658765 0.1639112 0.9858266 -0.03576564 0.1805741 0.9814783 -0.06397998 0.1805741 0.9814783 -0.06397992 0.1805741 0.9814783 -0.06397992 0.1625543 0.9855663 -0.04727792 0.1705147 0.9833638 -0.06261444 0.1660041 0.9847464 -0.052127 0.1665667 0.9846245 -0.0526337 0.1683008 0.984107 -0.05664199 0.1696655 0.9836251 -0.06078964 0.1707211 0.9832051 -0.06451481 0.1698081 0.9841455 -0.05121457 0.1697484 0.9842614 -0.04914271 0.1697744 0.9842346 -0.04958832 0.1696518 0.9843539 -0.04759997 0.1700474 0.9834814 -0.06203639 0.17175 0.9805523 -0.09496968 0.1717539 0.9802584 -0.09795075 0.1717459 0.9809424 -0.09086036 0.1717441 0.981233 -0.08766865 0.1732033 0.9768934 -0.125219 0.1732264 0.9767588 -0.1262336 0.1735022 0.9741085 0.1449474 0.1735026 0.974164 0.1445729 0.1735038 0.974298 0.1436658 0.173496 0.9742449 0.1440348 0.1735043 0.9744269 0.1427886 0.1718912 0.9788285 0.1111227 0.1721267 0.9785311 0.1133549 0.1715952 0.9792342 0.1079601 0.1713578 0.9795325 0.1056061 0.1695934 0.9841081 0.0526247 0.1696337 0.9838229 0.05759441 0.1695286 0.9836773 0.06032586 0.1696968 0.983582 0.06139761 0.1699049 0.9830254 0.06923389 0.1697941 0.983233 0.0665037 0.1703121 0.9828547 0.07064491 0.1699527 0.982404 0.07744979 0.1696156 0.9825763 0.07598859 0.1682095 0.9831277 0.07187181 0.1659117 0.9837954 0.06796973 0.1662561 0.9837673 0.0675345 0.1761623 0.9809708 0.08162909 0.1761623 0.9809708 0.08162909 0.1660767 0.9843784 0.05846107 0.1615698 0.9854023 0.05364286 0.1697978 0.9849756 0.03149187 0.1696732 0.9849832 0.03192669 0.1687838 0.9848167 0.04059791 0.1695974 0.9846709 0.0407446 0.1696101 0.9842071 0.05068516 0.1697006 0.9845207 -0.04382568 0.1696979 0.9847682 -0.0378735 0.1702851 0.9844805 -0.0424416 0.1695978 0.9849962 -0.03192514 0.1696112 0.9850376 -0.03054922 0.1696764 0.9852644 -0.02154481 0.1699705 0.9854037 -0.009470403 0.1699641 0.9854084 -0.009091913 0.1700341 0.985404 -0.008212864 0.1690929 0.9852011 -0.02804732 0.1690929 0.9852011 -0.02804732 0.1690929 0.9852011 -0.02804732 0.1688058 0.9856461 0.00252372 0.1688059 0.9856461 0.00252372 0.1688058 0.9856461 0.00252372 0.1686939 0.9847088 0.04348635 0.1700248 0.9851498 0.02390414 0.1702511 0.9852551 0.01694011 0.1701176 0.9851994 0.02102798 0.1699983 0.9850906 0.02640515 -0.6226934 0.7715914 0.1299988 -0.6226934 0.7715914 0.1299988 -0.6226933 0.7715915 0.1299989 -0.7471696 0.1719923 0.641994 -0.7471691 0.1719945 0.6419939 -0.7471691 0.171995 0.6419939 -0.8897425 0.2365809 0.3903688 -0.8897425 0.236581 0.3903688 -0.8897425 0.2365811 0.3903688 -0.7141807 0.1602239 0.6813768 -0.7141804 0.1602239 0.6813771 -0.7141804 0.1602239 0.6813771 -0.5784103 0.7635256 0.2871765 -0.5784104 0.7635256 0.2871765 -0.5784102 0.7635257 0.2871766 -0.5480579 0.7912242 0.2712876 -0.5480449 0.7912222 0.2713196 -0.548045 0.7912221 0.2713195 -0.3687351 0.9027297 0.221616 -0.3687351 0.9027296 0.2216161 -0.3687351 0.9027297 0.2216162 -0.1405259 0.9856715 0.09329676 -0.1405259 0.9856714 0.09329688 -0.1405259 0.9856715 0.0932967 -0.1637673 0.9814289 0.09988892 -0.165149 0.9814302 0.09757298 -0.1651847 0.9814243 0.09757292 0.03778165 0.9990897 0.01980811 0.03778177 0.9990897 0.01980829 0.03778159 0.9990897 0.01980793 -0.4786263 0.8391157 0.2584605 -0.4786263 0.8391157 0.2584605 -0.4786263 0.8391157 0.2584605 -0.7313508 0.5575056 0.3928276 -0.7313507 0.5575056 0.3928278 -0.7313508 0.5575056 0.3928275 -0.7009322 0.6193364 0.353718 -0.7009322 0.6193364 0.3537182 -0.8699535 0.193283 0.4536769 -0.8699532 0.1932831 0.4536775 -0.8699533 0.193283 0.4536772 -0.8707063 0.1447982 0.4700044 -0.8707062 0.1447983 0.4700046 -0.8707063 0.1447982 0.4700044 -0.4257667 0.884694 0.1898402 -0.4257666 0.884694 0.1898403 -0.4257665 0.8846941 0.1898403 -0.505231 0.8606387 -0.06358325 -0.5052309 0.8606387 -0.06358319 -0.5052307 0.8606388 -0.06358319 -0.6391779 0.6901581 0.3393133 -0.6391781 0.6901579 0.3393132 -0.639178 0.690158 0.3393133 -0.6680977 0.6183933 0.4138059 -0.6694911 0.453806 0.5880833 -0.6694917 0.4538056 0.5880829 -0.6694915 0.4538058 0.588083 -0.6748405 0.3755682 0.635247 -0.6748407 0.3755683 0.6352469 -0.6748405 0.3755683 0.6352471 -0.6165153 0.1545602 0.7720234 -0.6165153 0.1545602 0.7720233 -0.6165154 0.1545602 0.7720233 -0.6079933 0.09802347 0.7878678 -0.6079933 0.09802341 0.7878677 -0.6079934 0.09802341 0.7878677 -0.670323 0.1486107 0.7270364 -0.670323 0.1486107 0.7270364 -0.6703231 0.1486107 0.7270364 -0.6962678 0.1035992 0.7102664 -0.696268 0.1035992 0.7102662 -0.6962677 0.1035992 0.7102665 -0.6926931 0.4433298 0.5688892 -0.6926932 0.4433299 0.5688891 -0.6926929 0.44333 0.5688893 -0.666697 0.5142961 0.5394577 -0.6666971 0.514296 0.5394577 -0.666697 0.514296 0.5394577 -0.595227 0.7104142 0.3755215 -0.5952269 0.7104143 0.3755216 -0.595227 0.7104143 0.3755217 -0.5378266 0.7814561 0.3163365 -0.5332022 0.7839378 0.3180205 -0.5329701 0.7839921 0.3182756 -0.3857135 0.9194712 0.07614445 -0.2912433 0.9515153 0.09897607 -0.2912433 0.9515152 0.09897607 -0.2912433 0.9515152 0.09897607 -0.7951194 0.1790878 0.5794074 -0.7933008 0.1869479 0.5794174 -0.7935023 0.185528 0.5795977 -0.7929083 0.1877109 0.5797078 -0.714945 0.5043979 0.4841863 -0.714945 0.5043979 0.4841865 -0.714945 0.5043979 0.4841865 -0.6822912 0.5578771 0.4724954 -0.6822912 0.5578771 0.4724954 -0.6822912 0.5578771 0.4724953 -0.5315126 0.7828332 0.3235221 -0.4605908 0.8394901 0.2882924 -0.4605908 0.8394901 0.2882924 -0.4605908 0.8394901 0.2882924 -0.2744564 0.9543494 0.11786 -0.1668112 0.9842093 0.05921208 -0.1668112 0.9842093 0.05921214 -0.1668112 0.9842094 0.05921208 -0.962611 -0.1900501 -0.1930315 -0.9626243 -0.1900106 -0.1930036 -0.9626163 -0.1900347 -0.19302 -0.5521733 -0.1034502 -0.8272864 -0.5520554 -0.1039849 -0.8272981 -0.5521308 -0.103622 -0.8272932 -0.1104544 -0.1575596 -0.9813128 -0.1104545 -0.1575597 -0.9813128 -0.1104545 -0.1575598 -0.9813128 -0.03882271 -0.1873095 -0.9815336 -0.03882271 -0.1873094 -0.9815336 -0.03882271 -0.1873094 -0.9815336 -0.1949054 -0.03109425 -0.9803291 -0.1949055 -0.03109425 -0.9803291 -0.1949054 -0.03109425 -0.9803291 -0.4681123 -0.3062623 -0.8288995 -0.4680676 -0.3061904 -0.8289514 -0.4681279 -0.306289 -0.8288809 -0.3127517 -0.4616878 -0.8300787 -0.3127826 -0.4616881 -0.830067 -0.3128041 -0.4616687 -0.8300698 -0.3128537 -0.4618107 -0.8299721 -0.1097232 -0.5458422 -0.8306728 -0.1097233 -0.5458422 -0.8306727 -0.1097232 -0.5458421 -0.8306728 -0.8202997 -0.1589424 -0.5494049 -0.8203207 -0.158895 -0.5493873 -0.8203129 -0.1588824 -0.5494027 -0.5521784 -0.1034299 -0.8272856 -0.468007 -0.3065816 -0.8288409 -0.1655367 -0.1028991 -0.9808208 -0.2661496 -0.4196222 -0.8678028 -0.2661495 -0.4196221 -0.8678029 -0.2661495 -0.4196221 -0.8678029 -0.1203408 -0.5980826 -0.792348 -0.1558824 -0.7789608 -0.6073885 -0.1558825 -0.7789608 -0.6073885 -0.8203089 -0.1588689 -0.5494123 -0.6954055 -0.4604373 -0.5517324 -0.6954459 -0.4604174 -0.5516982 -0.6954113 -0.4604294 -0.5517318 -0.6954022 -0.4604516 -0.5517248 -0.4646982 -0.691155 -0.5534983 -0.4647294 -0.6910908 -0.5535523 -0.4646602 -0.691209 -0.5534629 -0.4647004 -0.6911503 -0.5535023 -0.2116323 -0.8022099 -0.5582751 -0.2116325 -0.8022097 -0.5582754 -0.2116323 -0.8022099 -0.5582752 -0.1756516 -0.8794884 -0.4423198 -0.1756517 -0.8794885 -0.4423195 -0.1756516 -0.8794884 -0.4423198 -0.9626212 -0.190004 -0.1930255 -0.8160785 -0.5438082 -0.195675 -0.8160814 -0.5438001 -0.1956852 -0.8160962 -0.5437616 -0.1957304 -0.8160683 -0.5438381 -0.1956342 -0.5452678 -0.8145869 -0.1978168 -0.5453033 -0.814571 -0.197784 -0.5452989 -0.8145747 -0.1977809 -0.545301 -0.8145766 -0.197767 -0.1915272 -0.9610983 -0.1990166 -0.1915054 -0.9611051 -0.1990044 -0.1915078 -0.9611043 -0.1990054 -0.1917377 -0.9611085 -0.1987643 -0.9807791 -0.1951159 -0.001522004 -0.9807787 -0.1951178 -0.001522004 -0.9807786 -0.1951177 -0.001522004 -0.9807791 -0.1951159 -0.001522004 -0.8313988 -0.5556598 -0.004285871 -0.8314043 -0.5556514 -0.004281163 -0.8312978 -0.5558108 -0.004269421 -0.8313983 -0.5556604 -0.004290759 -0.5555624 -0.8314496 -0.006498277 -0.555292 -0.8316301 -0.00648719 -0.5552551 -0.8316549 -0.006485879 -0.555565 -0.8314477 -0.006498456 -0.1921084 -0.9813711 -0.002278566 -0.1951441 -0.9807454 -0.007567882 -0.1951956 -0.9807351 -0.007569491 -0.1939967 -0.9810021 4.72839e-4 -0.4389826 0.5793682 0.686751 -0.4389826 0.5793681 0.686751 -0.5364885 0.6860489 0.491444 -0.4880862 0.6487849 0.5838237 -0.488086 0.648785 0.5838237 -0.4880861 0.6487849 0.5838237 -0.5927249 0.776243 0.2147651 -0.592725 0.776243 0.214765 -0.592725 0.7762429 0.214765 -0.5862274 0.7740423 0.2391569 -0.5862274 0.7740423 0.239157 -0.3149657 0.4033487 0.8591312 -0.3149657 0.4033487 0.8591312 -0.3149657 0.4033488 0.8591312 -0.3280301 0.424948 0.8436917 -0.3280301 0.424948 0.8436917 -0.32803 0.424948 0.8436917 -0.2306987 0.2981984 0.9262051 -0.2306991 0.2981979 0.9262052 -0.230698 0.298199 0.926205 -0.1661044 0.2117059 0.9631147 -0.1661047 0.2117058 0.9631147 -0.1661047 0.2117058 0.9631147 -0.1181181 0.141133 0.9829189 -0.1181181 0.141133 0.9829189 -0.1181182 0.141133 0.982919 -0.05729192 0.06843298 0.9960094 -0.1665244 -0.007698476 0.9860073 -0.1689559 -0.00758481 0.9855945 -0.1747813 -0.007335782 0.98458 -0.176688 -0.007205426 0.9842405 -0.3303102 -0.007305979 0.9438441 -0.3303078 -0.007299423 0.9438451 -0.3303065 -0.007294178 0.9438456 -0.5421034 -0.007012307 0.8402826 -0.5421033 -0.007012307 0.8402826 -0.5421034 -0.007012307 0.8402826 -0.4999908 -0.004399657 0.8660197 -0.8455516 -0.006928563 0.5338489 -0.8455516 -0.006928503 0.5338489 -0.8455516 -0.006928503 0.5338489 -0.7894763 -0.001495122 0.6137794 -0.7894762 -0.001495242 0.6137794 -0.7894763 -0.001495182 0.6137794 -0.9506356 -0.003499507 0.3102899 -0.9506356 -0.003499388 0.3102899 -0.9506356 -0.003499507 0.3102899 -0.9850614 3.99775e-4 0.1722034 -0.9850614 3.99705e-4 0.1722033 -0.9850614 3.99691e-4 0.1722033 -0.9963006 -2.22111e-4 0.08593678 -0.9963059 -6.99763e-4 0.08587324 -0.9963039 -1.85974e-4 0.08589833 -3.46301e-7 -0.07258564 0.9973623 1.96946e-7 -0.07258564 0.9973623 -1.28173e-7 -0.07258564 0.9973623 0.003697693 -0.184545 0.9828171 0.003697991 -0.184545 0.9828171 0.003697752 -0.184545 0.9828171 -9.99211e-4 -0.2657945 0.9640293 -9.99088e-4 -0.2657945 0.9640293 -9.99101e-4 -0.2657945 0.9640293 0.002001881 -0.5620326 0.8271127 0.002001821 -0.5620326 0.8271127 0.002001821 -0.5620326 0.8271127 2.16132e-4 -0.5482503 0.8363144 -1.95495e-4 -0.8357107 0.54917 -1.95517e-4 -0.8357107 0.54917 -1.95485e-4 -0.8357107 0.54917 0.002191007 -0.8495084 0.5275707 0.002190947 -0.8495084 0.5275707 0.002191007 -0.8495083 0.5275706 -0.002002716 -0.9822548 0.1875412 -0.002002894 -0.9822547 0.1875411 -0.002002656 -0.9822547 0.1875411 0 -0.9863634 0.1645827 0 -0.9863634 0.1645827 0 -0.9863634 0.1645827 -1 -2.20465e-7 0 -1 -2.82957e-7 0 -1 -1.65577e-7 0 -1 -5.47981e-7 0 -1 -4.21391e-7 0 -0.1260396 0.007701516 -0.9919953 -0.1260396 0.007701396 -0.9919953 -0.1260396 0.007701456 -0.9919953 -0.1758307 0.005102872 -0.9844073 -0.1758307 0.005102813 -0.9844073 -0.1758307 0.005102872 -0.9844073 -0.376279 0.00889945 -0.9264638 -0.376279 0.008899331 -0.9264638 -0.376279 0.008899509 -0.9264638 -0.539388 0.002247214 -0.8420544 -0.539388 0.002247214 -0.8420544 -0.539388 0.002247214 -0.8420544 -0.927699 0.002899527 -0.3733181 -0.927699 0.002899646 -0.3733181 -0.9276989 0.00289911 -0.3733181 -0.8786292 0.002500593 -0.4774982 -0.8786292 0.002500295 -0.4774982 -0.8786292 0.002500534 -0.4774982 -0.8423148 -9.29861e-5 -0.538986 -0.7954972 0.003442287 -0.6059476 -0.7954971 0.003442287 -0.6059476 -0.7954972 0.003442287 -0.6059476 -0.6323456 0.007694423 -0.7746484 -0.6323456 0.007694184 -0.7746484 -0.6323456 0.007694363 -0.7746484 -0.9548101 0.002300381 -0.2972079 -0.9548101 0.002300441 -0.2972079 -0.9548101 0.002300322 -0.2972079 -0.9844375 -9.09369e-4 -0.175733 -0.9844375 -9.09378e-4 -0.175733 -0.9844375 -9.09385e-4 -0.175733 -0.9921175 0.001000046 -0.1253076 -0.9921175 9.99956e-4 -0.1253076 -0.9921175 9.99886e-4 -0.1253076 0.2587869 0.007566094 -0.9659048 0.2587867 0.007566332 -0.9659049 0.2587869 0.007566154 -0.9659048 0.2587867 0.007566392 -0.9659049 0.7071168 0.005538463 -0.7070752 0.7071166 0.00553894 -0.7070754 0.7071167 0.005538523 -0.7070751 0.7071166 0.005539 -0.7070754 0.9659382 0.002026557 -0.2587652 0.9659386 0.002026855 -0.2587636 0.9659383 0.002026617 -0.2587649 0.9659386 0.002026915 -0.2587634 0.9659387 -0.002026915 0.2587634 0.9659383 -0.002026617 0.2587649 0.9659386 -0.002026855 0.2587636 0.9659382 -0.002026557 0.2587651 0.7071168 -0.005538463 0.7070751 0.7071164 -0.00553894 0.7070756 0.7071167 -0.005538523 0.7070751 0.7071163 -0.005539 0.7070756 0.2587869 -0.007566273 0.9659049 0.258787 -0.007566154 0.9659048 0.2587869 -0.007566213 0.9659048 0.258787 -0.007566094 0.9659048 -0.2225788 -0.007636487 0.9748848 -0.2225716 -0.007637739 0.9748865 -0.2225781 -0.007636606 0.9748849 -0.2225707 -0.007637917 0.9748866 -0.6235457 -0.006096184 0.7817631 -0.6233909 -0.006141245 0.7818862 -0.6234986 -0.006100058 0.7818007 -0.6238155 -0.00599122 0.7815488 -0.9010227 -0.003325819 0.4337591 -0.9010227 -0.003325283 0.4337592 -0.9010227 -0.00332576 0.4337591 -0.9010228 -0.003325223 0.4337592 -1 -6.33538e-7 0 -1 5.06555e-7 0 -1 -5.06014e-7 0 -1 6.342e-7 0 -0.9010227 0.00339806 -0.4337586 -0.9010227 0.003397524 -0.4337586 -0.9010228 0.003398001 -0.4337586 -0.9010228 0.003397464 -0.4337586 -0.6234411 0.006095826 -0.7818467 -0.623811 0.006123304 -0.7815513 -0.6235529 0.006103754 -0.7817574 -0.6234366 0.00609523 -0.7818502 -0.2225711 0.007637739 -0.9748867 -0.2225782 0.007636725 -0.974885 -0.2225719 0.007637619 -0.9748865 -0.2225791 0.007636606 -0.9748848 0.2587865 0.007566213 -0.965905 0.2587863 0.007566094 -0.9659051 0.2587864 0.007566213 -0.965905 0.2587863 0.007566094 -0.965905 0.7071176 0.005539 -0.7070744 0.7071174 0.005538523 -0.7070745 0.7071175 0.00553894 -0.7070744 0.7071174 0.005538463 -0.7070745 0.9659378 0.002026557 -0.2587667 0.9659382 0.002027332 -0.2587652 0.9659378 0.002026677 -0.2587665 0.9659383 0.002027451 -0.2587649 0.9659382 -0.002026915 0.2587649 0.9659378 -0.002027094 0.2587665 0.9659382 -0.002026915 0.2587651 0.9659377 -0.002027094 0.2587667 0.7071176 -0.005539 0.7070742 0.7071172 -0.005538523 0.7070747 0.7071176 -0.00553894 0.7070744 0.7071171 -0.005538463 0.7070747 0.2587865 -0.007566213 0.965905 0.2587866 -0.007566213 0.965905 0.2587865 -0.007566213 0.965905 0.2587867 -0.007566213 0.9659049 -0.2587869 -0.007566273 0.9659049 -0.258787 -0.007566273 0.9659048 -0.2587869 -0.007566273 0.9659049 -0.258787 -0.007566273 0.9659048 -0.7071173 -0.005538463 0.7070746 -0.7071174 -0.005538702 0.7070744 -0.7071173 -0.005538523 0.7070746 -0.7071175 -0.005538761 0.7070744 -0.9659383 -0.002027094 0.258765 -0.9659379 -0.002026915 0.2587665 -0.9659382 -0.002027094 0.2587652 -0.9659377 -0.002026915 0.2587667 -0.9659377 0.002026915 -0.2587667 -0.9659382 0.002027094 -0.2587652 -0.9659379 0.002026915 -0.2587665 -0.9659382 0.002027094 -0.258765 -0.7071176 0.005538463 -0.7070744 -0.7071174 0.005538702 -0.7070744 -0.7071176 0.005538523 -0.7070744 -0.7071174 0.005538761 -0.7070745 -0.2587866 0.007566094 -0.965905 -0.2587869 0.007566213 -0.9659049 -0.2587867 0.007566154 -0.965905 -0.2587869 0.007566273 -0.9659048 0.4726595 -0.7288904 -0.4952898 0.4726595 -0.7288905 -0.4952895 0.4726594 -0.7288906 -0.4952894 -0.0933395 -0.8687466 -0.4863816 -0.1831095 -0.947731 -0.2612987 -0.1831094 -0.947731 -0.2612987 -0.1831094 -0.947731 -0.2612987 -0.1607723 -0.9472118 -0.2773846 -0.1607724 -0.9472118 -0.2773844 -0.1607724 -0.9472118 -0.2773844 -0.2312948 -0.9703105 -0.0707125 -0.2312946 -0.9703106 -0.07071238 -0.2312947 -0.9703105 -0.07071238 -0.2130303 -0.9720116 -0.09905374 -0.2130301 -0.9720116 -0.09905362 -0.2130303 -0.9720115 -0.09905374 -0.02917659 -0.5487768 -0.8354598 -0.02917647 -0.5487768 -0.8354597 -0.02917635 -0.5487768 -0.8354596 -0.1445104 -0.1854677 -0.9719663 -0.1445104 -0.1854677 -0.9719663 -0.1445104 -0.1854677 -0.9719663 -0.2144941 -0.274554 -0.9373433 -0.2144943 -0.274554 -0.9373432 -0.2144939 -0.2745541 -0.9373433 -0.4642863 -0.3393651 -0.818089 -0.4643124 -0.3392909 -0.8181049 -0.4643255 -0.3392467 -0.8181158 -0.4642779 -0.3392713 -0.8181327 -0.7274013 -0.4116505 -0.5490275 -0.7275893 -0.4115189 -0.5488772 -0.7274332 -0.4116283 -0.5490021 -0.7272551 -0.411753 -0.5491444 -0.8700092 -0.4527786 -0.1951301 -0.8699281 -0.4528816 -0.1952524 -0.8700017 -0.4527923 -0.1951319 -0.8700062 -0.4527726 -0.1951571 -0.26133 -0.6911374 -0.6738218 -0.2627586 -0.6911035 -0.6733008 -0.2637312 -0.6916693 -0.6723389 -0.2672954 -0.6920007 -0.670588 -0.2674393 -0.6921089 -0.6704189 -0.4820239 -0.7512616 -0.4508427 -0.4820218 -0.7512896 -0.4507983 -0.4820232 -0.7512753 -0.4508208 -0.4819484 -0.7512854 -0.4508834 -0.5982242 -0.7846701 -0.1625445 -0.5981857 -0.7846997 -0.162544 -0.5981953 -0.7847151 -0.1624339 -0.5983015 -0.7846183 -0.1625105 0.4369184 -0.8939918 -0.09940326 0.4369184 -0.8939919 -0.09940344 0.4369184 -0.8939919 -0.09940338 0.0505855 -0.9789341 -0.1978113 0.05081409 -0.9803075 -0.190828 0.05156797 -0.9802778 -0.1907778 0.05420202 -0.9803224 -0.1898161 0.3577165 -0.9236811 -0.1373032 0.3577165 -0.9236811 -0.1373032 0.3577165 -0.9236811 -0.1373033 0.586129 -0.7703837 -0.2509219 0.586129 -0.7703838 -0.2509219 0.586129 -0.7703837 -0.2509219 0.5991764 -0.7624902 -0.2441238 0.5991763 -0.7624903 -0.2441238 0.5991762 -0.7624903 -0.2441237 0.7978614 -0.5131704 -0.3163442 0.7982924 -0.5124019 -0.3165021 0.7978616 -0.5130781 -0.316493 0.7966896 -0.5142186 -0.3175927 0.8658996 -0.3635357 -0.3435984 0.8659051 -0.363513 -0.3436088 0.8659147 -0.3634998 -0.3435985 0.9116476 -0.1929219 -0.3628771 0.9117439 -0.191582 -0.3633447 0.9093887 -0.1982905 -0.3656409 0.9087521 -0.1977294 -0.3675226 0.9218124 0.1598792 -0.3531297 0.9218124 0.1598792 -0.3531297 0.9218124 0.1598792 -0.3531297 0.9167085 0.1262103 -0.3790996 0.9167086 0.1262103 -0.3790996 0.9167085 0.1262103 -0.3790996 0.8425273 0.4384793 -0.312864 0.8466868 0.4158384 -0.331964 0.8466867 0.4158384 -0.331964 0.8466867 0.4158384 -0.331964 0.7140883 0.6312595 -0.3026375 0.7140883 0.6312595 -0.3026374 0.7140883 0.6312595 -0.3026375 0.6392047 0.7295379 -0.2432938 0.6392042 0.7295381 -0.2432947 0.6392047 0.7295379 -0.243294 0.6727227 0.5118082 -0.5343188 0.6727229 0.511808 -0.5343188 0.6727223 0.5118081 -0.5343195 0.7008366 0.443827 -0.5584315 0.7008366 0.443827 -0.5584315 0.6765978 0.3121638 -0.6669102 0.676598 0.3121637 -0.6669102 0.6765981 0.3121637 -0.66691 0.2857359 -0.1849156 -0.9402985 0.286557 -0.1856621 -0.9399014 0.2865519 -0.1857522 -0.9398853 0.286479 -0.1866919 -0.9397212 0.248766 -0.5432568 -0.8018652 0.2487661 -0.5432567 -0.8018652 0.248766 -0.5432567 -0.8018651 0.2300942 -0.5059599 -0.831301 0.2300943 -0.5059599 -0.831301 0.2300941 -0.5059599 -0.831301 0.1915005 -0.8209019 -0.5380036 0.1915004 -0.8209019 -0.5380036 0.1915006 -0.8209018 -0.5380036 0.138612 -0.7601185 -0.634828 0.138612 -0.7601186 -0.6348279 0.138612 -0.7601185 -0.634828 0.1286958 -0.8989711 -0.4186747 0.1286959 -0.8989711 -0.4186747 0.1286958 -0.898971 -0.4186746 0.5340928 0.1653966 -0.8290892 0.5341545 0.165347 -0.8290593 0.5341532 0.165339 -0.8290618 0.5342427 0.1653732 -0.8289973 0.5304101 -0.1898853 -0.8262014 0.5304986 -0.1898992 -0.8261414 0.5304728 -0.1898916 -0.8261598 0.5304138 -0.1898686 -0.8262028 0.4624371 -0.5135261 -0.7228021 0.4623341 -0.5134453 -0.7229254 0.462398 -0.5134739 -0.7228642 0.4622935 -0.5133926 -0.7229889 0.3420456 -0.7705013 -0.5378965 0.3419615 -0.770458 -0.5380119 0.3419783 -0.7704328 -0.5380374 0.3419073 -0.770408 -0.5381181 0.230994 -0.9012908 -0.3664923 0.2310185 -0.9012508 -0.3665753 0.2310162 -0.9012534 -0.3665705 0.2310322 -0.9012171 -0.3666495 0.1002895 -0.981386 -0.1637795 0.1002896 -0.981386 -0.1637794 0.1002896 -0.981386 -0.1637794 0.110171 -0.9830892 -0.1462807 0.1101711 -0.9830892 -0.1462808 0.110171 -0.9830892 -0.1462809 0.2878946 -0.1551342 -0.9450133 0.2878947 -0.1551342 -0.9450133 0.2878949 -0.1551343 -0.9450132 0.3481935 0.06222116 -0.9353554 0.3481935 0.06222116 -0.9353554 0.3481934 0.06222116 -0.9353555 0.4405019 0.1664649 -0.8821834 0.440502 0.166465 -0.8821834 0.440502 0.1664649 -0.8821833 0.0439971 0.7745938 -0.6309271 0.04399698 0.7745938 -0.630927 0.04399698 0.7745937 -0.6309271 0.5059936 0.3598271 -0.7838972 0.5059937 0.3598272 -0.7838973 0.5059935 0.3598271 -0.7838973 0.6491785 0.4940118 -0.5783767 0.6491785 0.4940118 -0.5783768 0.7352295 0.1623516 -0.6580878 0.7352437 0.162307 -0.658083 0.7352872 0.162218 -0.6580563 0.7353382 0.1620995 -0.6580285 0.7304018 -0.1891896 -0.656293 0.7302603 -0.1891035 -0.6564754 0.7303767 -0.1890106 -0.6563726 0.7301884 -0.1889336 -0.6566041 0.6380711 -0.5106162 -0.5763128 0.6380882 -0.5102316 -0.5766344 0.638099 -0.5102207 -0.5766322 0.6380622 -0.5098843 -0.5769703 0.473512 -0.7680115 -0.4312131 0.4734595 -0.7677837 -0.4316765 0.4734873 -0.767744 -0.4317167 0.4735661 -0.7673254 -0.4323737 0.3201765 -0.9001343 -0.2953732 0.3204479 -0.8998824 -0.2958458 0.320458 -0.8998746 -0.295859 0.3206892 -0.8996521 -0.2962847 0.1426649 -0.9803247 -0.13642 0.1427387 -0.9803094 -0.136452 0.1424083 -0.980358 -0.1364485 0.1427302 -0.980301 -0.1365218 0.1122022 -0.9918422 -0.06049633 0.1122022 -0.9918422 -0.06049633 0.1122022 -0.9918422 -0.06049633 0.1188434 -0.9925375 -0.02730554 0.1188435 -0.9925375 -0.02730548 0.1188434 -0.9925375 -0.02730566 0.1196696 -0.9926092 -0.02015519 0.1196696 -0.9926092 -0.02015519 0.1196696 -0.9926092 -0.02015519 0.1156921 -0.9930856 0.01991349 0.1183992 -0.9928948 0.01189988 0.1145654 -0.993216 0.01992273 0.3713575 -0.9268973 0.05436235 0.3720085 -0.9266221 0.05460125 0.3713968 -0.9268812 0.05436533 0.3705788 -0.9272244 0.05409598 0.6293407 -0.7708463 0.09862291 0.6304841 -0.7698875 0.09880793 0.6283246 -0.7717347 0.09815257 0.6276875 -0.7723124 0.09768402 0.8398384 -0.5255505 0.1358978 0.8407766 -0.5241295 0.1355845 0.8425855 -0.5217157 0.133651 0.8430774 -0.5205422 0.1351158 0.9652594 -0.2073582 0.1589865 0.9655926 -0.205406 0.1594973 0.9645236 -0.2116715 0.1577638 0.9642449 -0.2132859 0.1572924 0.9789023 0.1217766 0.1640756 0.9785116 0.1242817 0.164527 0.9798001 0.1160678 0.1628496 0.9801732 0.1136622 0.1623007 0.8971011 0.4146439 0.1525783 0.8957051 0.4174255 0.1531943 0.8999259 0.4088305 0.1516284 0.9012097 0.4060922 0.1513618 0.6978157 0.7055855 0.1232974 0.6978157 0.7055855 0.1232976 0.6978158 0.7055855 0.1232978 0.7663959 0.6309269 0.1207004 0.7663959 0.630927 0.1207005 0.7663959 0.630927 0.1207004 0.7576174 0.6383922 -0.1359105 0.7576174 0.6383922 -0.1359104 0.9697003 -0.2027676 -0.1362596 0.9696943 -0.2027975 -0.1362575 0.9696394 -0.2030121 -0.1363287 0.9826893 0.1262913 -0.1355447 0.9826634 0.1264483 -0.1355856 0.9826623 0.1264591 -0.1355834 0.9827036 0.1261593 -0.1355637 0.89969 0.4191935 -0.1217986 0.8996459 0.4192907 -0.1217895 0.8996768 0.4192222 -0.1217958 0.8996813 0.4192128 -0.1217965 0.8165925 0.5668106 -0.1090991 0.8165924 0.5668106 -0.1090993 0.8165925 0.5668106 -0.1090993 0.1405275 -0.9897028 -0.02721148 0.1405276 -0.9897028 -0.02721142 0.1405275 -0.9897028 -0.02721154 0.3738643 -0.9255926 -0.0591939 0.3739413 -0.925561 -0.05920189 0.3738909 -0.9255815 -0.05919873 0.3739392 -0.9255614 -0.05920827 0.6334717 -0.768054 -0.09384447 0.6328402 -0.7685722 -0.09386241 0.6328957 -0.7685267 -0.0938608 0.633166 -0.7682867 -0.09400331 0.8451843 -0.5205169 -0.1213499 0.8448296 -0.5210831 -0.1213902 0.8456752 -0.5197271 -0.121315 0.8466333 -0.5181914 -0.1212014 0.9202114 -0.3689537 -0.1307066 0.9202129 -0.3689514 -0.1307025 0.9202277 -0.3689145 -0.1307029 0.9696881 -0.2028217 -0.1362656 0.9073011 0.4189451 -0.03591555 0.9072958 0.4189592 -0.03588306 0.9073134 0.4189193 -0.03590577 0.9073362 0.4188696 -0.0359078 0.9911977 0.1255409 -0.04203367 0.9911732 0.1257777 -0.04190051 0.9911721 0.1257861 -0.04190266 0.9911812 0.1257131 -0.04190492 0.9780177 -0.2038738 -0.04378247 0.9780366 -0.2037772 -0.04380989 0.9780357 -0.2037821 -0.04380822 0.9780368 -0.2037762 -0.04381018 0.853426 -0.5196046 -0.04092806 0.8535872 -0.5193426 -0.04089421 0.853605 -0.5193127 -0.04090034 0.8536117 -0.5193018 -0.04090112 0.6382837 -0.7690713 -0.03351759 0.6381951 -0.7691413 -0.03359967 0.638242 -0.7691035 -0.03357195 0.6382005 -0.7691366 -0.03360056 0.376656 -0.9260555 -0.02348387 0.3767752 -0.9260061 -0.02351993 0.3766728 -0.9260486 -0.02348875 0.3767924 -0.9259991 -0.02352547 0.1204896 -0.9926305 -0.01292479 0.1169322 -0.9930648 -0.01221847 0.1102599 -0.993844 -0.01081013 0.1071749 -0.9941887 -0.01011633 0.7732017 0.6270647 -0.09459954 0.7732017 0.6270647 -0.09459942 0.7732017 0.6270647 -0.09459948 0.753595 0.6569362 -0.02301132 0.753595 0.6569362 -0.02301144 0.753595 0.6569362 -0.02301132 0.7311335 0.6817275 -0.02630078 0.7311334 0.6817275 -0.02630054 0.7311334 0.6817275 -0.02630078 0.7851482 0.618763 0.02597343 0.7851483 0.618763 0.02597343 0.7851482 0.618763 0.02597332 0.9078357 0.4184029 0.02780818 0.9079398 0.4181485 0.02823662 0.907854 0.4183617 0.02783775 0.9079017 0.4182325 0.02821773 0.9917625 0.1250158 0.02789926 0.9917399 0.1252109 0.02782624 0.9917386 0.1252236 0.02781623 0.9917256 0.1253332 0.02778446 0.9785934 -0.2042883 0.02492779 0.9785624 -0.2044435 0.024872 0.9786025 -0.2042423 0.02494502 0.9786104 -0.2041944 0.02502584 0.8540792 -0.5197961 0.01900094 0.8542146 -0.5195772 0.01889628 0.854093 -0.5197733 0.01900374 0.8540704 -0.5198089 0.0190407 0.6385052 -0.7695346 0.01130235 0.6384813 -0.7695539 0.01134091 0.6385211 -0.7695214 0.0113036 0.6385957 -0.7694597 0.01129215 0.3769034 -0.9262477 0.003029346 0.3769547 -0.9262269 0.002998769 0.3768859 -0.9262539 0.003306031 0.3771641 -0.9261416 0.003030002 0.1266947 -0.9919325 -0.004301488 0.1237413 -0.9923088 -0.003373622 0.1222063 -0.9925004 -0.002955615 0.1187755 -0.9929203 -0.001258075 0.7175041 0.6950205 0.04620015 0.7175041 0.6950206 0.04620027 0.7175041 0.6950206 0.04620021 0.7890459 0.6089481 0.08117169 0.9039195 0.4178729 0.09116947 0.903936 0.4178369 0.0911718 0.9039278 0.4178573 0.09115928 0.903948 0.4178122 0.0911647 0.9874569 0.1245365 0.09705579 0.987436 0.1246765 0.0970872 0.9874535 0.1245603 0.09705799 0.9874859 0.1244158 0.09691506 0.9743706 -0.2047592 0.09314399 0.9743416 -0.2048702 0.09320288 0.9743018 -0.2050305 0.09326684 0.9743471 -0.2048449 0.09320014 0.8504896 -0.5200715 0.07869756 0.8504301 -0.5201687 0.07869708 0.8504495 -0.520137 0.0786978 0.8504414 -0.5201505 0.07869493 0.6357517 -0.7698673 0.05589574 0.6357219 -0.769887 0.05596369 0.6358605 -0.7697764 0.05590981 0.6357817 -0.7698405 0.05592328 0.3752119 -0.9264749 0.029329 0.3753235 -0.9264307 0.0293008 0.375271 -0.9264515 0.02931958 0.3753111 -0.9264357 0.02930134 0.1201907 -0.9927419 0.004238963 0.09970986 -0.9950025 0.005301058 0.09970986 -0.9950025 0.005301058 0.09970986 -0.9950025 0.005301177 0.108507 -0.9934383 0.03615105 0.1085069 -0.9934382 0.03615105 0.1085069 -0.9934383 0.03615105 0.06672966 -0.9813228 0.1804239 0.06672984 -0.9813228 0.1804236 0.06672972 -0.9813228 0.1804237 0.3993028 0.7246013 0.5617031 0.3993027 0.7246012 0.5617032 0.3993032 0.7246015 0.5617025 0.7710127 0.4447221 0.4558087 0.7710124 0.4447223 0.4558089 0.7710129 0.4447223 0.4558085 0.6683143 0.6754623 0.3116196 0.6689817 0.6745245 0.3122182 0.6683409 0.675528 0.3114202 0.1161174 -0.9929559 0.02356636 0.363194 -0.9272723 0.09086394 0.363192 -0.9272682 0.09091466 0.3632079 -0.9272656 0.0908764 0.3631393 -0.9273025 0.09077394 0.6145709 -0.7724535 0.1600572 0.614813 -0.7722758 0.1599847 0.6147626 -0.772323 0.1599512 0.6147568 -0.7723383 0.159899 0.8224092 -0.5255107 0.2179033 0.8224253 -0.5254856 0.2179027 0.8224471 -0.5254554 0.2178928 0.8224427 -0.5254632 0.217891 0.9435362 -0.2138794 0.2529728 0.9435478 -0.2138267 0.2529738 0.9436435 -0.2135139 0.2528812 0.9435523 -0.213809 0.2529723 0.9591019 0.1126158 0.2596949 0.9591001 0.1126875 0.2596703 0.9590834 0.1126886 0.2597317 0.7628053 0.6310946 0.1408818 0.7628049 0.6310952 0.1408815 0.7628051 0.6310949 0.1408817 0.7513426 0.6263711 0.20771 0.7513428 0.6263709 0.20771 0.751343 0.6263707 0.2077103 0.8820126 0.4048064 0.2412174 0.8820229 0.4048101 0.2411731 0.8820233 0.404809 0.2411735 0.7903197 0.3972111 0.4664958 0.7902942 0.3969578 0.4667543 0.7903149 0.3972086 0.4665058 0.7902983 0.397518 0.4662706 0.6265935 0.4007849 0.6683951 0.6265937 0.400785 0.6683951 0.6265937 0.4007849 0.668395 0.5996258 0.2577174 0.7576481 0.5996258 0.2577176 0.7576481 0.5996258 0.2577176 0.7576482 0.319499 0.4922811 0.8096788 0.3194991 0.4922811 0.8096788 0.3194991 0.4922811 0.8096788 0.4528223 -0.4026136 0.7955214 0.4528223 -0.4026136 0.7955214 0.4528223 -0.4026136 0.7955214 0.8438768 -0.2120611 0.4928509 0.8437788 -0.2122437 0.4929403 0.8438124 -0.2122604 0.4928756 0.8436891 -0.2124856 0.4929895 0.7384058 -0.5203832 0.4289036 0.7381346 -0.5207221 0.4289591 0.738106 -0.5207448 0.4289806 0.7378107 -0.5210318 0.42914 0.5550815 -0.767808 0.3199307 0.5546266 -0.7681484 0.3199024 0.5545916 -0.7681632 0.3199273 0.5538856 -0.7685317 0.3202649 0.3293231 -0.925579 0.1866815 0.3287515 -0.9258047 0.1865692 0.3287807 -0.9257856 0.1866131 0.3280705 -0.9259816 0.1868901 0.109264 -0.992369 0.05714267 0.109264 -0.9923689 0.05714267 0.109264 -0.992369 0.05714267 0.6079497 -0.2150063 0.7643099 0.6078001 -0.2152711 0.7643542 0.6078011 -0.2152642 0.7643554 0.6077379 -0.2156518 0.7642964 0.5314562 -0.5240674 0.6655132 0.5310888 -0.5240052 0.6658552 0.5310589 -0.524159 0.6657581 0.5306833 -0.5248677 0.6654992 0.3985117 -0.770596 0.4973633 0.3983559 -0.7708649 0.4970714 0.398404 -0.7709459 0.4969073 0.3973357 -0.7714225 0.4970229 0.2361102 -0.9269635 0.2915318 0.2355096 -0.9271835 0.2913179 0.2355282 -0.9271747 0.2913308 0.2350044 -0.9273456 0.2912099 0.068883 -0.9944269 0.07981383 0.06888294 -0.994427 0.07981371 0.06888294 -0.9944269 0.07981377 0.09389221 -0.9917477 0.08729761 0.09389227 -0.9917476 0.08729743 0.09389221 -0.9917476 0.08729761 -0.02649873 -0.9928726 0.1161972 -0.02649867 -0.9928727 0.1161972 -0.02649855 -0.9928727 0.116197 0.1336035 -0.928222 0.347209 0.133603 -0.928222 0.3472091 0.1336036 -0.928222 0.347209 0.1407362 -0.833443 0.534384 0.1407362 -0.833443 0.534384 0.1407362 -0.8334431 0.534384 0.2072474 -0.7715979 0.6014028 0.2072474 -0.7715978 0.6014028 0.239719 -0.5567974 0.7953059 0.2629387 -0.5241816 0.8099981 0.2969829 -0.199213 0.9338712 0.296983 -0.199213 0.9338712 0.2969831 -0.199213 0.9338711 0.2879533 -0.2150065 0.9331962 0.3107024 0.105634 0.9446192 0.3107023 0.105634 0.9446193 0.3107025 0.105634 0.9446192 0.6175782 0.1069581 0.779203 0.6176645 0.107259 0.7790932 0.6176257 0.1071774 0.7791352 0.6175612 0.1070328 0.7792062 0.8572779 0.1090185 0.5031796 0.8572849 0.1090389 0.5031635 0.8572455 0.1088659 0.5032678 0.8572267 0.1088088 0.5033119 0.9590651 0.1126981 0.2597945 0.8820232 0.404809 0.2411737 0.06908255 -0.8355579 0.5450417 0.1033061 -0.5623563 0.8204165 0.1033059 -0.5623555 0.8204172 0.1033059 -0.5623555 0.8204172 0.1032962 -0.5619616 0.8206883 0.1219027 -0.2027089 0.9716218 0.1219024 -0.202732 0.971617 0.1219016 -0.20278 0.9716072 0.1218891 -0.202757 0.9716134 0.07636815 -0.7960442 0.6004011 0.05538117 -0.8986485 0.4351598 0.02419394 -0.9822785 0.1858592 0.02419382 -0.9822785 0.1858593 0.02419406 -0.9822785 0.1858592 0.04080724 -0.9490868 0.3123608 0.04080545 -0.9490867 0.312361 0.04080748 -0.9490868 0.3123608 0.01629674 -0.9923138 0.1226701 0.01629674 -0.9923138 0.1226701 0.0162965 -0.9923138 0.1226701 0.03140395 -0.8985193 0.4378091 0.03140401 -0.8985191 0.4378095 0.03140395 -0.8985193 0.4378094 -0.2485982 -0.9088274 0.3350102 -0.2485981 -0.9088277 0.3350093 -0.2485983 -0.9088274 0.3350099 -0.1928011 -0.9702973 0.1461199 -0.192801 -0.9702973 0.1461199 -0.1928009 -0.9702973 0.1461199 -0.8219249 -0.5477394 0.1562727 -0.8209603 -0.5497205 0.154375 -0.8220953 -0.5475029 0.1562047 -0.5555111 -0.8313294 -0.01729518 -0.5568056 -0.8304856 -0.01616382 -0.5557584 -0.831215 -0.01464587 -0.4966158 -0.8558266 0.1446838 -0.4966158 -0.8558267 0.1446838 -0.4966159 -0.8558266 0.1446838 -0.1371818 -0.9891135 0.05325347 -0.1371859 -0.9891124 0.0532605 -0.1371818 -0.9891135 0.05325347 -0.1501191 -0.9364172 0.3171547 -0.1501191 -0.9364172 0.3171547 -0.150119 -0.9364172 0.3171547 -0.1007714 -0.9268523 0.361649 -0.1007714 -0.9268523 0.361649 -0.1007714 -0.9268523 0.361649 -0.266733 -0.894309 0.359256 -0.2667328 -0.8943091 0.3592562 -0.2667332 -0.8943091 0.359256 -0.4770877 -0.819302 0.3180121 -0.4770878 -0.8193019 0.3180121 -0.4770877 -0.8193019 0.3180121 -0.511573 -0.8196586 0.2577843 -0.511573 -0.8196588 0.2577843 -0.6451239 -0.7189134 0.2588025 -0.645124 -0.7189131 0.258803 -0.645124 -0.718913 0.2588032 -0.8211305 -0.546688 0.1639422 -0.7876363 -0.6080199 0.09970408 -0.7876363 -0.60802 0.09970378 -0.7876363 -0.6080199 0.09970408 -0.9749791 -0.1947903 0.1071102 -0.9749791 -0.1947904 0.1071103 -0.974979 -0.1947905 0.1071103 -0.1751026 -0.07860559 -0.9814072 -0.1751027 -0.07860559 -0.9814073 -0.1751027 -0.07860559 -0.9814073 -0.5642148 0.007541954 -0.8255936 -0.5642148 0.007542014 -0.8255937 -0.5642147 0.007542014 -0.8255938 -0.5379891 -0.05885094 -0.8408949 -0.5379891 -0.05885094 -0.8408949 -0.5379891 -0.05885094 -0.8408949 -0.8237181 -0.1090919 -0.5564059 -0.8237181 -0.1090921 -0.5564058 -0.8237183 -0.1090921 -0.5564057 -0.8396886 -0.07261896 -0.538191 -0.8396887 -0.07261896 -0.538191 -0.8396886 -0.0726189 -0.538191 -0.9680227 -0.1559124 -0.1965286 -0.9680227 -0.1559125 -0.1965286 -0.9680227 -0.1559124 -0.1965286 -0.9762583 -0.1271607 -0.1753561 -0.9762583 -0.1271607 -0.1753561 -0.9762583 -0.1271607 -0.1753562 -0.6710863 0.7373701 0.07699722 -0.6710863 0.7373701 0.07699763 -0.6710864 0.7373701 0.07699698 -0.688873 0.7160044 0.1131005 -0.6888731 0.7160044 0.1131005 -0.6888729 0.7160044 0.1131005 -0.6702013 0.7328188 0.1175032 -0.6702013 0.7328189 0.117503 -0.6702013 0.7328187 0.1175032 -0.8299663 0.5512878 0.08507519 -0.8466347 0.5263118 0.07877552 -0.9364757 0.346036 0.05720561 -0.9364757 0.346036 0.05720531 -0.9364757 0.346036 0.05720525 -0.980897 0.192813 0.02577352 -0.9806594 0.1942424 0.02402096 -0.980698 0.1942007 0.02275139 -0.993512 0.1122636 0.01819288 -0.993512 0.1122636 0.01819288 -0.993512 0.1122636 0.01819288 -0.9999889 0.004645705 7.55229e-4 -0.999965 0.008294105 0.0011518 -0.9999948 0.003241181 4.22735e-4 -0.999993 0.003735065 4.15301e-4 -0.9999644 0.008420705 6.43504e-4 -0.9809113 0.1932528 0.02159816 -0.9808793 0.193409 0.02165091 -0.8471359 0.5280801 0.05909609 -0.8470105 0.5282751 0.05914914 -0.8470605 0.5281925 0.05917251 -0.8467632 0.5286665 0.0591951 -0.7182388 0.6914789 0.07739573 -0.7182388 0.6914789 0.07739573 -0.7182388 0.6914789 0.07739573 -0.6703212 0.7361187 0.09380185 -0.6703212 0.7361187 0.09380185 -0.6703211 0.7361187 0.09380179 -0.8899127 0.3374341 0.3069099 -0.8899127 0.3374341 0.30691 -0.8899127 0.3374341 0.3069098 -0.9327974 0.3280202 0.1493046 -0.9327974 0.3280201 0.1493047 -0.9327974 0.3280201 0.1493048 -0.1934067 0.2460901 0.9497545 -0.1934057 0.2460904 0.9497546 -0.1934062 0.2460902 0.9497545 -0.2547989 0.4459229 0.8580387 -0.2547989 0.4459227 0.8580389 -0.2547988 0.4459227 0.8580389 -0.603873 0.5709687 0.5561764 -0.6038733 0.5709687 0.5561761 -0.6038733 0.5709687 0.5561761 -0.6025123 0.7304389 0.3216177 -0.6025123 0.7304389 0.3216177 -0.6025123 0.7304389 0.3216178 -0.6818152 0.6799939 0.269697 -0.6818152 0.6799941 0.2696968 -0.6818152 0.6799939 0.269697 -0.5277847 0.3534896 0.7723268 -0.5277733 0.3534942 0.7723324 -0.527979 0.3533185 0.7722721 -0.7105619 0.2982953 0.6372768 -0.7105619 0.2982952 0.6372768 -0.6709254 0.3456982 0.6560121 -0.6709254 0.3456982 0.6560121 -0.6709254 0.3456983 0.6560121 -0.8531118 0.186417 0.4872877 -0.8531117 0.1864169 0.4872875 -0.8531118 0.1864169 0.4872875 -0.8939849 0.2056972 0.3980952 -0.8939849 0.205697 0.3980952 -0.893985 0.2056968 0.3980953 -0.9855871 0.03993797 0.1643871 -0.9847081 0.04776537 0.1675366 -0.9857337 0.04211133 0.1629596 -0.9903284 0.08582794 0.1090107 -0.9891195 0.0874086 0.1183328 -0.9903897 0.08560401 0.1086285 -0.9905785 0.08575469 0.1067733 -0.1914833 0.1302266 0.9728181 -0.1935982 0.1276946 0.9727353 -0.1943322 0.1269177 0.9726906 -0.1946035 0.126493 0.9726917 0.01800799 0.03891503 0.9990803 0.01800799 0.03891503 0.9990803 0.01800799 0.03891503 0.9990803 -0.3815146 0.3370222 0.8607338 -0.3815146 0.3370222 0.8607339 -0.3815147 0.3370222 0.8607338 -0.3887075 0.5723666 0.7220132 -0.3887075 0.5723666 0.7220132 -0.3887073 0.5723665 0.7220132 -0.5433959 0.5457068 0.6379069 -0.5433958 0.5457068 0.6379068 -0.5396183 0.6726452 0.5063207 -0.5396184 0.6726452 0.5063205 -0.5396183 0.6726452 0.5063207 -0.789171 0.4397884 0.4287135 -0.7905326 0.437918 0.4281192 -0.7886566 0.44025 0.4291864 -0.7898983 0.5593567 0.2513578 -0.8246424 0.5244314 0.2119828 -0.8246424 0.5244315 0.2119828 -0.8246424 0.5244314 0.2119828 -0.3661029 0.1175591 0.923119 -0.3714931 0.1147572 0.9213163 -0.3736394 0.1138822 0.9205566 -0.5290471 0.1200006 0.8400649 -0.5290471 0.1200006 0.840065 -0.5290471 0.1200006 0.840065 -0.5770068 0.09890949 0.8107281 -0.5770069 0.09890955 0.8107281 -0.5770069 0.09890961 0.8107281 -0.6760048 0.1077866 0.7289717 -0.6760047 0.1077863 0.7289718 -0.6760046 0.1077861 0.7289718 -0.8165323 0.02940541 0.5765505 -0.8165323 0.02940547 0.5765504 -0.8165322 0.02940541 0.5765504 -0.8523559 0.08034008 0.5167542 -0.8523559 0.08034008 0.5167542 -0.8523558 0.08034008 0.5167543 -0.9817299 0.01490843 0.1896951 -0.9817299 0.01490843 0.1896951 -0.9852726 0.03757768 0.1668108 -0.9931291 0.1066582 0.04815369 -0.9930288 0.1068052 0.04986441 -0.9930868 0.1063339 0.0497179 -0.9918374 0.1125692 0.05988955 -0.9212261 0.3641064 0.1370006 -0.9212262 0.3641063 0.1370007 -0.921226 0.3641064 0.1370007 -0.9193791 0.2457138 0.3071921 -0.9193791 0.2457139 0.3071921 -0.9193791 0.2457139 0.307192 -0.7881854 0.4442898 0.4258763 -0.7145938 0.4115858 0.5656439 -0.7145938 0.4115858 0.5656439 -0.7145938 0.4115857 0.5656438 -0.5294149 0.5623255 0.6352243 -0.5294147 0.5623252 0.6352247 -0.5294149 0.5623255 0.6352244 -0.5276066 0.3535981 0.7723988 -0.3633807 0.3928036 0.8447839 -0.3633808 0.3928037 0.8447839 -0.3640273 0.1188753 0.9237711 -0.1701528 0.1366897 0.9758914 -0.1701528 0.1366897 0.9758914 -0.1701528 0.1366897 0.9758914 0.0623219 -0.0078004 0.9980257 0.0623219 -0.007800281 0.9980257 0.0623219 -0.00780034 0.9980257 0.01820117 -0.007401406 0.999807 0.01820111 -0.007405042 0.999807 0.01820111 -0.007401406 0.999807 -0.1281727 -0.008302211 0.9917171 -0.1281728 -0.008302271 0.9917171 -0.1281727 -0.008302271 0.9917171 -0.9818757 -0.001470208 0.1895207 -0.9818735 -0.001501739 0.189532 -0.9818739 -0.001470565 0.1895295 -0.9818717 -0.001501381 0.1895409 -0.81699 -0.004500567 0.5766344 -0.81699 -0.004500508 0.5766344 -0.8169901 -0.00451678 0.5766342 -0.9227036 0.004600822 0.385483 -0.9227036 0.004600584 0.385483 -0.9227036 0.004600644 0.3854829 -0.8366404 -0.002695083 0.5477459 -0.8366404 -0.002695202 0.547746 -0.8366405 -0.002695202 0.5477459 -0.6998991 -0.005477547 0.7142208 -0.6998991 -0.005500197 0.7142207 -0.6998991 -0.005500018 0.7142207 -0.6641144 -0.00580126 0.7476085 -0.6641117 -0.005804002 0.7476108 -0.6641169 -0.005800545 0.7476063 -0.5802112 -0.00630027 0.8144418 -0.5802111 -0.006300449 0.8144418 -0.5802111 -0.00630027 0.8144418 -0.4704912 -0.008898377 0.8823598 -0.3763875 -0.007198989 0.9264343 -0.3763875 -0.007198989 0.9264344 -0.3763875 -0.007198989 0.9264343 -0.1720804 -0.007715463 0.9850527 0.1937111 0.9762017 -0.09749984 0.1937111 0.9762017 -0.0974999 0.1937111 0.9762017 -0.09749972 0.4052754 0.908108 -0.1053177 0.4052754 0.908108 -0.1053177 0.4052754 0.9081081 -0.1053177 0.6273192 0.7724726 -0.09877675 0.628004 0.771764 -0.09995687 0.6217522 0.7775036 -0.09440624 0.295731 0.9475724 0.1210364 0.4112935 0.9068691 0.09179383 0.2022923 0.9728196 0.1126939 0.2334096 0.966889 0.1031776 0.2303263 0.9721568 0.04313898 0.2312641 0.9719109 0.04366105 0.2306202 0.9720844 0.04320138 0.2301563 0.9722061 0.04293447 0.2308422 0.9725962 -0.02772426 0.2301348 0.9727321 -0.02881431 0.2303077 0.9727118 -0.02811437 0.2314739 0.9724377 -0.02801281 0.6212387 0.7756861 0.1112372 0.6204509 0.7761635 0.1122992 0.626543 0.7720506 0.1066861 0.6205662 0.7830508 0.04158449 0.6213732 0.7823763 0.04222351 0.6208583 0.7828102 0.04175144 0.620321 0.7832589 0.04132205 0.6212164 0.783087 -0.02941215 0.6205064 0.7836269 -0.03001552 0.6204447 0.7836769 -0.02998244 0.6214739 0.7828891 -0.02923661 0.6206858 0.7783417 -0.09451645 0.5216623 0.846885 -0.1032204 0.5216622 0.8468849 -0.1032204 0.5216624 0.846885 -0.1032204 0.5008429 0.8607059 -0.09133398 0.5008429 0.8607059 -0.09133404 0.5000308 0.865523 -0.02896982 0.5007607 0.865116 -0.02851474 0.5003015 0.8653726 -0.02878689 0.4993697 0.8658887 -0.02944117 0.5003687 0.864756 0.04275703 0.4993828 0.8653602 0.04205513 0.5000483 0.8649531 0.04251873 0.5004196 0.8647257 0.04277741 0.5004106 0.8577916 0.1174013 0.6275344 0.7712758 0.1064626 0.2790883 0.957094 -0.07797968 0.2337605 0.9654644 -0.1150413 0.2337606 0.9654644 -0.1150413 0.2337606 0.9654644 -0.1150414 0.3704497 0.9245834 -0.0889523 0.3681099 0.9293485 -0.0283969 0.3693372 0.9288656 -0.02826225 0.3688641 0.9290602 -0.0280441 0.3680424 0.9293534 -0.029105 0.3690807 0.9283794 0.04348844 0.36804 0.9288359 0.04255002 0.3681225 0.9287918 0.04280072 0.3693899 0.9282603 0.04340398 0.3705058 0.9202418 0.1260178 0.5220813 0.8470296 0.09986096 0.6804434 0.7244621 0.1102339 0.6801856 0.724641 0.1106483 0.6800815 0.7248076 0.1101956 0.6801346 0.7229068 -0.1217485 0.6788127 0.7275598 -0.0993489 0.6826028 0.726076 -0.0828675 0.6826028 0.7260761 -0.08286756 0.6826028 0.7260761 -0.0828675 0.6812228 0.7315356 -0.02813166 0.6807854 0.7318574 -0.0302658 0.6827378 0.7303287 -0.02211749 0.6833539 0.7298141 -0.01997423 0.6817522 0.7303721 0.04207801 0.6815411 0.7305861 0.0417822 0.6822271 0.729822 0.04388749 0.6822288 0.7297848 0.04447489 0.6805724 0.7244899 0.1092505 0.6804053 0.724697 0.1089171 -0.6769974 -0.7359634 -0.005698323 -0.6769898 -0.7359704 -0.005696475 -0.6769444 -0.7360122 -0.00568521 -0.6769376 -0.7360185 -0.005683481 -0.125458 -0.690669 0.7122056 -0.125458 -0.690669 0.7122055 -0.125458 -0.690669 0.7122056 -0.08220446 -0.7199887 0.6891 -0.08220446 -0.7199887 0.6890999 -0.0822044 -0.7199887 0.6891 -0.2781768 -0.6336638 0.7218642 -0.2781767 -0.6336638 0.7218643 -0.2781767 -0.6336637 0.7218643 -0.3270584 -0.6187306 0.7142866 -0.3270583 -0.6187306 0.7142866 -0.1581415 -0.9873863 -0.007719576 -0.1581296 -0.9873884 -0.007692873 -0.1581367 -0.9873872 -0.007708609 -0.1581265 -0.987389 -0.00768584 0.4094169 -0.6119458 0.6766832 0.4094168 -0.6119458 0.6766833 0.4094169 -0.6119458 0.6766833 0.4454948 -0.6138193 0.6517364 0.4454948 -0.6138193 0.6517363 0.08890479 -0.7238787 0.6841751 0.08890485 -0.7238787 0.6841751 0.08890485 -0.7238786 0.6841751 0.05133867 -0.7112224 0.7010899 0.05133867 -0.7112224 0.7010899 0.05133873 -0.7112224 0.70109 0.2405107 -0.698009 0.674491 0.2405107 -0.698009 0.6744909 0.2405107 -0.698009 0.6744909 0.2008931 -0.6931897 0.6921922 0.2008931 -0.6931897 0.6921923 0.2008931 -0.6931897 0.6921923 0.2739646 -0.6750787 0.6849907 0.273971 -0.675086 0.6849809 0.2739694 -0.6750854 0.6849821 0.9999938 -0.003547191 1.27402e-7 0.9999809 -0.006183981 0 0.9999906 -0.004362821 -3.38154e-5 0.9955942 -0.09376353 -8.00325e-4 0.9955942 -0.09376353 -8.00381e-4 0.9955942 -0.09376347 -8.00394e-4 0.976925 -0.2135604 -0.00310117 0.976925 -0.2135604 -0.00310117 0.976925 -0.2135604 -0.003101229 0.9410735 -0.3381969 -0.001905977 0.9410734 -0.3381972 -0.001901149 0.9410735 -0.3381969 -0.001905977 0.8586084 -0.5126133 -0.004400193 0.8586083 -0.5126133 -0.004400253 0.8586084 -0.5126133 -0.004400312 0.7718482 -0.6357944 -0.004000604 0.7718483 -0.6357944 -0.004000782 0.7718482 -0.6357944 -0.004000782 0.7272784 -0.6863221 -0.005301535 0.7272785 -0.6863221 -0.005301415 0.7272784 -0.6863221 -0.005301415 0.7443868 -0.1416901 0.6525428 0.7427204 -0.1412274 0.6545391 0.7463316 -0.1418805 0.6502761 0.5989666 -0.4556319 0.6585125 0.5989665 -0.4556318 0.6585125 0.5989666 -0.4556318 0.6585125 0.5759933 -0.4695146 0.6691694 0.6752286 -0.335877 0.6566987 0.6752285 -0.335877 0.6566987 0.6752285 -0.3358771 0.6566986 0.660596 -0.3495498 0.6644005 0.6605959 -0.3495498 0.6644005 0.7454804 -0.1502683 0.6493677 0.6799231 0.7190258 0.1438974 0.6799234 0.7190256 0.1438972 0.6799231 0.7190258 0.1438972 0.666423 0.6831698 0.298596 0.6633536 0.6863386 0.2981634 0.666238 0.6837909 0.2975854 0.6662117 0.6772995 0.3121337 0.5827842 0.5504266 0.5978237 0.5847116 0.5458648 0.60012 0.5824279 0.5467433 0.6015394 0.580787 0.5438908 0.6056975 0.4240437 0.3418489 0.8386456 0.4317724 0.3372386 0.836566 0.4253501 0.3430505 0.8374926 0.4251012 0.3439 0.8372704 0.276608 0.1796102 0.9440489 0.2774897 0.1814046 0.9434468 0.2834039 0.1725442 0.9433509 0.2279557 0.1086578 0.9675896 0.225399 0.104035 0.968696 0.2270638 0.1070553 0.967978 0.2245587 0.1030564 0.9689959 0.2155708 0.1305804 0.967718 0.2155708 0.1305805 0.967718 0.4309337 0.3344124 0.8381316 0.4783926 0.4111897 0.7759276 0.4783926 0.4111897 0.7759277 0.4783925 0.4111897 0.7759276 0.5862576 0.5475443 0.5970739 0.5845126 0.5424275 0.6034216 0.6630107 0.6862856 0.2990468 0.6631816 0.6751064 0.3231433 0.6631816 0.6751064 0.3231433 0.6631816 0.6751064 0.3231433 0.1967527 0.1411896 0.970234 0.1978026 0.1424875 0.9698306 0.1969324 0.13836 0.9706051 0.2148789 0.9237996 0.3168933 0.3019011 0.8603436 0.4106883 0.3019011 0.8603436 0.4106882 0.3019011 0.8603436 0.4106882 0.5125009 0.7852085 0.3475496 0.5125008 0.7852085 0.3475496 0.5125008 0.7852084 0.3475496 0.6115891 0.7195291 0.3289936 0.6115891 0.719529 0.3289936 0.6115891 0.719529 0.3289936 0.214014 0.1303975 0.9680882 0.2140199 0.1295842 0.968196 0.2141918 0.1310632 0.9679589 0.1848561 0.1521978 0.9709089 0.1834721 0.1529141 0.9710589 0.1845703 0.1493247 0.9714093 0.1602626 0.158263 0.9743042 0.1642052 0.1640289 0.9726928 0.1630217 0.1625765 0.9731357 0.2647427 0.7445834 0.6127862 0.2632707 0.7487487 0.6083289 0.2625321 0.7500097 0.6070935 0.2274938 0.4831531 0.8454642 0.2272995 0.4850796 0.8444127 0.228226 0.4790763 0.847584 0.2287643 0.4768791 0.8486774 0.1598044 0.1567047 0.9746314 0.1975509 0.1369373 0.9706811 0.3364486 0.434927 0.8352491 0.3364082 0.4350156 0.8352192 0.3364085 0.4350047 0.8352247 0.3364261 0.4349374 0.8352527 0.4347951 0.683991 0.5857557 0.4348174 0.6839807 0.5857509 0.4348103 0.6840197 0.5857109 0.4347043 0.6841157 0.5856774 0.6667346 0.7202348 0.1916424 0.6667346 0.7202348 0.1916424 0.6667346 0.7202348 0.1916424 0.5505497 0.6087166 0.5712786 0.5504426 0.5727607 0.6074193 0.4201398 0.3793535 0.8243625 0.4224783 0.4599447 0.7810013 0.4224783 0.4599448 0.7810013 0.2820836 0.1050394 0.9536224 0.2820836 0.1050394 0.9536224 0.2820836 0.1050394 0.9536224 0.275208 0.1803041 0.9443257 0.1838993 0.1486421 0.9716411 0.2904528 0.4562495 0.8411145 0.2905034 0.4562357 0.8411046 0.2905253 0.4564173 0.8409985 0.2904989 0.4562244 0.8411122 0.3633555 0.7169546 0.5949361 0.3634032 0.7169172 0.5949521 0.3633275 0.7169837 0.5949181 0.363256 0.7170556 0.5948751 0.2141945 0.1326273 0.9677452 0.3798779 0.4092642 0.8295756 0.3795228 0.4093954 0.8296735 0.3798 0.4091789 0.8296534 0.3798877 0.4093031 0.829552 0.502624 0.6438024 0.5769642 0.5026124 0.6438496 0.5769216 0.5028114 0.6439641 0.5766203 0.5026237 0.6438558 0.5769048 0.56023 0.8082219 0.1814387 0.56023 0.8082218 0.1814386 0.56023 0.8082219 0.1814387 0.4726523 0.8225291 0.3163002 0.4726523 0.8225291 0.3163002 0.4145342 0.8724148 0.2589477 0.4145342 0.8724148 0.2589477 0.4145342 0.8724147 0.2589477 0.3875673 0.8675232 0.3117617 0.2597047 0.9278562 0.26765 0.2597047 0.9278562 0.26765 0.2597047 0.9278562 0.26765 0.2651711 0.7430498 0.6144602 0.1887103 0.9283184 0.3203332 0.1887107 0.9283152 0.3203424 0.1884096 0.9293323 0.3175587 0.1883209 0.9294385 0.3173001 0.1993226 0.7601025 0.6184778 0.1993053 0.7620041 0.6161389 0.1993398 0.7586666 0.6202327 0.1993998 0.755211 0.6244167 0.1855558 0.4871591 0.8533728 0.1853935 0.484798 0.8547517 0.1856488 0.4890162 0.8522898 0.1858969 0.492153 0.8504281 0.1490652 0.1598253 0.9758255 0.1487454 0.1576052 0.9762353 0.1492438 0.1620898 0.9754246 0.14981 0.1662787 0.9746325 0.1882049 0.9298385 0.316195 0.1882101 0.9296098 0.3168637 0.1881583 0.9297901 0.3163651 0.1868071 0.9414823 0.2805606 0.186807 0.9414823 0.2805606 0.1868071 0.9414823 0.2805606 0.1991351 0.7617121 0.6165549 0.1974404 0.7621034 0.6166165 0.1981114 0.7616357 0.616979 0.2001934 0.8014752 0.5635247 0.2001934 0.8014753 0.5635247 0.2001935 0.8014753 0.5635247 0.1850539 0.4846661 0.8549 0.1842994 0.484805 0.8549842 0.1848432 0.48476 0.8548923 0.1884042 0.5162536 0.8354556 0.1884043 0.5162537 0.8354557 0.1492623 0.1641309 0.9750805 0.149805 0.1690449 0.9741573 0.1489562 0.1607888 0.9756839 0.08700346 0.06739467 0.9939258 0.08700329 0.06739467 0.9939258 0.08700329 0.06739461 0.9939258 -0.3892768 0.8658735 0.3142084 -0.3892766 0.8658735 0.3142083 -0.3892767 0.8658735 0.3142084 0.06370109 0.9172077 0.3932841 -0.1176143 0.9473268 0.2978908 -0.1176143 0.9473268 0.2978909 -0.1176142 0.9473268 0.2978908 -0.1735448 0.9363701 0.3051119 -0.1735448 0.93637 0.3051122 -0.1735448 0.93637 0.3051122 0.01408511 0.954477 0.2979518 0.01408505 0.9544771 0.2979518 0.01408505 0.9544771 0.2979518 0.05224287 0.8156424 0.5761929 0.05214738 0.8157167 0.5760964 0.05220103 0.8158717 0.575872 0.05215638 0.8158685 0.5758805 0.09264272 0.5288834 0.843623 0.09261351 0.5288861 0.8436245 0.09245026 0.5289005 0.8436334 0.09258913 0.528918 0.8436071 0.1156746 0.1717287 0.9783296 0.1183038 0.1685833 0.9785622 0.11361 0.1742522 0.9781252 0.1132466 0.1746419 0.9780979 -0.5304967 0.7877166 0.3131706 -0.5301021 0.7882836 0.3124113 -0.5302765 0.7880998 0.312579 -0.5295392 0.7887075 0.3122963 -0.3866129 0.667934 0.6359204 -0.3866128 0.667934 0.6359204 -0.3866131 0.667934 0.6359203 -0.3986037 0.6528512 0.6441278 -0.3986037 0.6528512 0.6441277 -0.3986036 0.6528511 0.6441278 -0.1953024 0.427608 0.8826146 -0.1957666 0.4268859 0.8828611 -0.1957613 0.4268875 0.8828616 -0.1967722 0.4255918 0.8832623 -0.2339465 0.9194182 0.3161317 -0.2339466 0.9194183 0.3161314 -0.2339467 0.9194183 0.3161312 -0.3062633 0.8641301 0.3993522 -0.3062633 0.8641301 0.3993521 -0.3062632 0.8641301 0.3993521 -0.2358281 0.7553746 0.6113872 -0.2357934 0.7553355 0.6114489 -0.2357926 0.7553384 0.6114457 -0.2357975 0.7552921 0.611501 -0.09528392 0.4895168 0.8667724 -0.09541833 0.4895724 0.8667262 -0.0953955 0.4895421 0.8667458 -0.09540498 0.4895017 0.8667677 0.05247056 0.1647688 0.9849356 0.05247062 0.1647688 0.9849356 0.05247062 0.1647688 0.9849356 0.03866463 0.1247438 0.9914354 0.03866451 0.1247437 0.9914354 0.03866451 0.1247437 0.9914354 0.06200307 0.2746912 0.9595314 0.06200259 0.2746912 0.9595314 0.06200307 0.2746912 0.9595313 0.07240682 0.05817461 0.9956772 0.07390642 0.05718004 0.9956247 0.0707218 0.0585035 0.995779 0.0687707 0.06092107 0.9957707 -0.0390008 0.1985598 0.9793125 -0.03825938 0.1980591 0.9794431 -0.03857785 0.1981774 0.9794067 -0.04011338 0.1993191 0.9791133 -0.385605 0.720642 0.5761805 -0.3856052 0.7206419 0.5761806 -0.3720718 0.5822653 0.7228622 -0.2160137 0.4113975 0.8854888 -0.2138836 0.4123146 0.8855792 -0.2150606 0.4121453 0.885373 -0.2124938 0.4273052 0.8787814 -0.2124941 0.4273052 0.8787814 -0.212494 0.4273052 0.8787814 -0.110202 0.285605 0.9519902 -0.1102034 0.2856041 0.9519903 -0.1102043 0.2856034 0.9519904 -0.4189664 0.6379149 0.6461669 -0.4207851 0.6361337 0.646741 -0.4181444 0.6379111 0.646703 -0.5659961 0.7615154 0.3158209 -0.563868 0.7641532 0.3132458 -0.564906 0.7622316 0.3160451 -0.559046 0.7636187 0.323039 -0.5609023 0.7650927 0.3162622 -0.5612239 0.7648167 0.3163592 -0.420805 0.6357315 0.6471234 -0.4205371 0.6356623 0.6473655 -0.2160956 0.4106325 0.8858238 -0.216008 0.4106357 0.8858436 -0.03830945 0.1980046 0.9794523 -0.03831034 0.1980052 0.9794521 0.07392585 0.05707031 0.9956294 0.07392597 0.05707377 0.9956292 -0.02415871 -0.7105796 0.703202 -0.02415877 -0.7105799 0.7032017 -0.024163 -0.7105959 0.7031854 -0.02416306 -0.7105962 0.7031852 -0.4084482 -0.5495777 0.7287898 -0.4084707 -0.5496633 0.7287126 -0.4085092 -0.5498095 0.7285807 -0.4083467 -0.5497314 0.7287307 -0.01697194 0.6975982 0.7162882 -0.01697194 0.6975982 0.7162882 -0.01697194 0.6975982 0.7162882 0.1356842 0.741911 0.6566262 0.1356843 0.741911 0.6566262 0.1356843 0.7419109 0.6566262 0.01782786 0.7175692 0.696259 0.01782786 0.7175695 0.6962588 0.01782804 0.7175687 0.6962595 -0.2278253 0.6501195 0.7248726 -0.2278253 0.6501195 0.7248727 -0.1630053 0.6941425 0.7011387 -0.1630051 0.6941424 0.701139 -0.1630053 0.6941425 0.7011388 -0.3058179 0.6119969 0.729339 -0.3058177 0.6119969 0.729339 -0.3058179 0.6119969 0.729339 -0.4198477 0.5391171 0.7301238 -0.4198476 0.5391171 0.7301238 -0.4599104 0.4889644 0.7412127 -0.4599104 0.4889644 0.7412127 -0.4599103 0.4889644 0.7412129 -0.5658993 0.366347 0.7386121 -0.5658994 0.366347 0.7386121 -0.5658992 0.3663471 0.7386122 -0.6374024 0.1548716 0.7548065 -0.6371865 0.2008268 0.7440846 -0.6371867 0.2008269 0.7440845 -0.6371867 0.2008268 0.7440845 -0.6652472 -0.0721668 0.7431273 -0.6652473 -0.07216686 0.7431273 -0.6652472 -0.0721668 0.7431273 -0.6308095 -0.1896678 0.7523998 -0.6308095 -0.1896678 0.7524 -0.6308094 -0.1896678 0.7523999 -0.6092058 -0.2907033 0.7378075 -0.6092058 -0.2907033 0.7378075 -0.6092058 -0.2907033 0.7378076 -0.4876795 -0.4773234 0.7309795 -0.4876796 -0.4773235 0.7309795 -0.4876796 -0.4773235 0.7309794 -0.4618794 -0.4979235 0.7339889 0.087924 0.7015286 0.7071967 0.087924 0.7015285 0.7071967 0.08792436 0.7015277 0.7071975 0.08792436 0.7015277 0.7071975 0.7472269 0.07682931 0.6601131 0.7472267 0.07682937 0.6601132 0.7472268 0.07682937 0.6601132 0.7533204 0.127844 0.6451081 0.7533205 0.127844 0.6451081 0.7533203 0.127844 0.6451081 0.7183222 0.2063024 0.664419 0.7183223 0.2063024 0.6644189 0.7183221 0.2063024 0.6644191 0.6499329 0.3713099 0.663111 0.6632375 0.3618543 0.6551164 0.6632375 0.3618543 0.6551164 0.6632375 0.3618543 0.6551164 0.4644709 0.5648479 0.6820658 0.5042413 0.5571247 0.6598128 0.5042413 0.5571247 0.6598128 0.2227222 0.679674 0.6988835 0.2227222 0.6796739 0.6988835 0.2227222 0.6796739 0.6988835 0.2714102 0.6896311 0.6713758 0.7498171 -0.005094647 0.6616255 0.7498173 -0.005094647 0.6616253 0.7498182 -0.005094647 0.6616243 0.7495018 -0.005130469 0.6619825 1 -4.57683e-7 0 1 5.97656e-7 0 0.09805411 -0.007616758 0.9951519 0.1369379 0.003657341 0.9905729 0.2082936 0.037391 -0.9773514 0.1370072 -0.001197338 -0.9905693 0.1370073 -0.001197397 -0.9905694 0.1370072 -0.001197338 -0.9905694 0.3739383 0.01244479 -0.9273701 0.3739383 0.01244479 -0.9273701 0.3739383 0.01244479 -0.9273701 0.1034312 0.01510351 -0.994522 0.1034312 0.01510328 -0.994522 0.1034312 0.01510328 -0.994522 0.0468707 0.008596897 -0.998864 0.0468707 0.008596777 -0.998864 0.0468707 0.008596837 -0.998864 0.008825361 0.007800161 -0.9999307 0.008825361 0.007800102 -0.9999307 0.008825361 0.007799386 -0.9999307 0.8040052 0.1574324 -0.5734028 0.8040052 0.1574324 -0.5734026 0.8040052 0.1574324 -0.5734028 0.7955925 0.07063478 -0.6017004 0.7955926 0.07063478 -0.6017004 0.7955925 0.07063478 -0.6017004 0.7438332 0.02882808 -0.6677434 0.7438332 0.02882808 -0.6677434 0.7438332 0.02882808 -0.6677433 0.6732728 0.006020009 -0.7393697 0.4713289 0.007710337 -0.8819239 0.5449284 0.129913 -0.8283573 0.5449283 0.129913 -0.8283573 0.5449284 0.1299129 -0.8283573 0.481705 0.06002098 -0.8742756 0.5887284 0.7989324 -0.1229065 0.5887286 0.7989324 -0.1229059 0.5887283 0.7989324 -0.1229068 0.914862 0.3226914 -0.242689 0.9148618 0.3226914 -0.2426894 0.9148619 0.3226913 -0.2426894 0.9461614 0.06829798 -0.3164082 0.9461614 0.06829792 -0.3164082 0.9461614 0.06829798 -0.3164082 0.9249983 0.008229494 -0.3798822 0.9249984 0.008229434 -0.3798821 0.9249984 0.008229553 -0.3798823 0.9032879 2.51569e-4 -0.4290348 0.903288 2.51626e-4 -0.4290348 0.903288 2.51615e-4 -0.4290348 0.9227075 -0.002911508 0.38549 0.9227075 -0.002911508 0.38549 0.9227075 -0.002911508 0.38549 0.9397608 0.04220002 0.3392179 0.9452291 0.1188228 0.3040119 0.9452291 0.1188227 0.304012 0.9452291 0.1188228 0.3040118 0.9311509 0.2448704 0.270179 0.9311509 0.2448704 0.2701789 0.9311508 0.2448704 0.270179 0.8663831 0.4438834 0.2287968 0.8663831 0.4438833 0.2287967 0.8663834 0.4438833 0.2287957 0.5891562 0.7965787 0.1354902 0.5891564 0.7965785 0.1354897 0.5891564 0.7965785 0.1354895 0.9980815 -9.91063e-4 0.06190758 0.9980814 -9.91087e-4 0.06190758 0.9980815 -9.91045e-4 0.06190752 0.9981052 -9.8395e-4 -0.06152224 0.9981052 -9.8409e-4 -0.06152236 0.9981053 -9.84208e-4 -0.06152248 0.6913751 -0.002202808 0.7224927 0.6913752 -0.002202868 0.7224926 0.6913751 -0.002202808 0.7224927 0.7687421 0.04049897 0.6382755 0.7687421 0.04049897 0.6382755 0.768742 0.04049897 0.6382755 0.7908707 0.1220254 0.5996944 0.7908707 0.1220254 0.5996944 0.7908707 0.1220254 0.5996944 0.8609811 0.0234031 0.5080984 0.8609811 0.0234034 0.5080983 0.8609811 0.02340322 0.5080983 0.8993628 -0.003398954 0.43719 0.8993628 -0.003398597 0.43719 0.8993628 -0.003398656 0.43719 0.2240787 -0.006500005 0.9745494 0.2240787 -0.006499946 0.9745495 0.2240787 -0.006499767 0.9745494 0.3184403 -0.009001314 0.9479002 0.3184403 -0.009001255 0.9479002 0.3184403 -0.009001255 0.9479002 0.4001585 0.01004058 0.9163911 0.4478808 0.03057616 0.8935704 0.4478808 0.03057593 0.8935703 0.4478808 0.0305761 0.8935704 0.5115168 0.07261103 0.8561999 0.5115167 0.07261109 0.8561999 0.5115168 0.07261097 0.8561999 0.4712259 0.01819831 0.8818249 0.471226 0.01819831 0.8818249 0.4712259 0.01819831 0.8818248 0.6323096 -0.006000399 0.7746927 0.6323096 -0.006000518 0.7746926 0.6323096 -0.006000578 0.7746927 0.6581125 -0.006031274 0.7528955 -0.1371531 0.007689297 -0.9905201 -0.1371531 0.007689297 -0.99052 -0.1371531 0.007689356 -0.9905201 -0.06157678 0.03338992 -0.9975438 -0.06157678 0.03338992 -0.9975438 -0.06157678 0.03338992 -0.9975438 -0.06521266 -0.007798731 0.997841 -0.0652126 -0.007798731 0.997841 -0.0652126 -0.007798731 0.997841 -0.1371402 0.002138853 0.9905495 -0.1371402 0.002138853 0.9905494 -0.1371402 0.002138853 0.9905495 -0.1954305 -0.006701529 0.9806947 -0.1954305 -0.006701529 0.9806947 -0.1954305 -0.006701529 0.9806947 -0.2645269 -0.00750041 0.9643492 -0.2645269 -0.007500886 0.9643492 -0.2645269 -0.007500529 0.9643492 -0.3902606 -0.007297158 0.9206755 -0.3902606 -0.007297158 0.9206755 -0.3902606 -0.007297158 0.9206755 -0.4712549 0.01071071 0.8819321 -0.564051 -0.003828406 0.8257311 -0.8001774 0.008022427 0.5997099 -0.742214 0.02680242 0.6696269 -0.742214 0.02680277 0.6696267 -0.742214 0.02680242 0.6696269 -0.7971994 0.008579552 0.6036551 -0.693975 -0.005637764 0.719977 -0.693975 -0.005637764 0.719977 -0.6939751 -0.005637764 0.719977 -0.6339314 -0.006000161 0.773366 -0.6339314 -0.005999982 0.773366 -0.6339314 -0.006000339 0.773366 -0.9768292 -0.001966238 0.2140117 -0.9915162 0.02545601 0.1274657 -0.9511392 0.001396119 0.3087592 -0.9511393 0.001396119 0.3087592 -0.9511393 0.001396059 0.3087592 -0.9205289 -0.003002643 0.3906631 -0.9205289 -0.003006935 0.3906629 -0.9205288 -0.003002643 0.390663 -0.8814675 -0.003701388 0.47223 -0.8814676 -0.003701269 0.4722301 -0.8814676 -0.00370115 0.4722301 -0.8773946 0.003784358 -0.4797547 -0.9204984 0.003002047 -0.3907348 -0.9204983 0.003008902 -0.390735 -0.9204984 0.003001987 -0.3907348 -0.9767723 0.009523928 -0.2140684 -0.9767943 0.009497761 -0.2139694 -0.9767761 0.009519457 -0.2140516 -0.9767993 0.009491801 -0.2139467 -0.9995267 2.17588e-4 -0.03076243 -0.9995267 2.17621e-4 -0.03076243 -0.9995267 2.17618e-4 -0.03076243 -0.6343131 0.006069958 -0.7730525 -0.6849892 0.005605459 -0.7285317 -0.6849892 0.005605459 -0.7285317 -0.6849892 0.005605518 -0.7285317 -0.7972143 0.01621091 -0.6034788 -0.7823908 0.02206146 -0.622397 -0.8394355 0.01130533 -0.5433417 -0.8394355 0.01130533 -0.5433417 -0.8394355 0.01130533 -0.5433417 -0.09475153 0.0248934 -0.9951897 -0.09475153 0.02489346 -0.9951897 -0.09475153 0.02489352 -0.9951897 -0.2047867 0.004581212 -0.978796 -0.2047867 0.004581272 -0.978796 -0.2047867 0.004581272 -0.978796 -0.4713196 0.01376503 -0.8818551 -0.426498 0.03143966 -0.9039421 -0.5639783 0.00902009 -0.8257404 -0.01018172 0.9228969 -0.3849126 -0.01018178 0.9228969 -0.3849126 -0.0101816 0.922897 -0.3849124 -0.5806254 0.814086 0.011756 -0.5806255 0.8140859 0.01175594 -0.5806254 0.814086 0.011756 -0.4857171 0.8717402 -0.06440466 -0.4857171 0.8717402 -0.06440448 -0.4857172 0.8717402 -0.06440478 0.8102267 0.1576737 -0.5645101 0.8102268 0.1576737 -0.5645099 0.8102267 0.1576737 -0.5645101 0.8222988 0.104859 -0.5593114 0.8222988 0.104859 -0.5593116 0.8222988 0.104859 -0.5593115 0.6960169 0.3882631 -0.603997 0.6960169 0.3882632 -0.6039969 0.6960168 0.3882632 -0.6039969 0.7407959 0.3289037 -0.5856995 0.740796 0.3289043 -0.5856992 0.7407958 0.3289037 -0.5856996 0.5354124 0.5933988 -0.6010088 0.5354121 0.5933987 -0.6010091 0.6277303 0.512718 -0.585726 0.6277304 0.5127182 -0.5857257 0.6277304 0.5127182 -0.5857259 0.3375154 0.7581003 -0.558003 0.3375154 0.7581005 -0.5580028 0.3375154 0.7581004 -0.5580028 0.5738046 0.1491006 -0.8053058 0.5738046 0.1491007 -0.8053057 0.5738046 0.1491007 -0.8053058 0.6450967 -0.06014955 -0.7617298 0.6450967 -0.06014955 -0.7617298 0.6450967 -0.06014955 -0.7617299 0.6268075 0.1023206 -0.7724267 0.6268073 0.1023204 -0.7724268 0.6268073 0.1023204 -0.7724268 -0.5601405 0.8264989 -0.05605608 -0.5601404 0.8264989 -0.05605608 -0.5601404 0.8264989 -0.05605614 -0.4518882 0.8808338 -0.14117 -0.451888 0.8808338 -0.14117 -0.4518881 0.8808339 -0.14117 -0.4712321 0.8658096 -0.1682684 -0.4712321 0.8658095 -0.1682684 -0.4712324 0.8658093 -0.1682686 -0.4837871 0.8607672 -0.158209 -0.483787 0.8607671 -0.158209 -0.483787 0.8607672 -0.158209 -0.5172274 0.8362286 -0.1822028 -0.5172274 0.8362286 -0.1822029 -0.5172274 0.8362286 -0.1822028 0.4357007 0.3491609 -0.8296094 0.4357007 0.3491608 -0.8296093 0.4357007 0.3491608 -0.8296093 0.4803072 0.3051875 -0.822293 0.4803074 0.3051877 -0.8222928 0.4803074 0.3051877 -0.8222927 0.2797673 0.5340041 -0.7978534 0.2797672 0.534004 -0.7978534 0.3227166 0.5018101 -0.8025214 0.3227166 0.50181 -0.8025215 0.1068109 0.6869754 -0.7187881 0.1068109 0.6869753 -0.7187882 0.1068109 0.6869753 -0.7187882 0.1445875 0.6665847 -0.7312724 0.144587 0.6665843 -0.7312729 0.1445871 0.6665844 -0.7312728 -0.164807 0.8355728 -0.5240771 -0.1648069 0.8355728 -0.5240771 -0.164807 0.8355728 -0.5240771 -0.01446384 0.8100981 -0.5861159 -0.01446378 0.8100982 -0.5861159 -0.01446378 0.8100982 -0.5861158 -0.2273159 0.860996 -0.4549874 -0.2273159 0.860996 -0.4549875 -0.227316 0.8609958 -0.4549877 0.4170836 0.716486 -0.5591861 0.4170837 0.7164862 -0.5591859 0.4170839 0.7164864 -0.5591855 0.2193083 0.8401713 -0.496 0.219308 0.8401714 -0.4960001 0.2193083 0.8401714 -0.4959999 0.1331168 0.8816082 -0.4528211 0.1331167 0.8816082 -0.4528212 0.1331168 0.8816083 -0.4528211 -0.1117156 0.9260758 -0.360421 -0.1117157 0.9260758 -0.3604211 -0.1117157 0.9260758 -0.3604211 0.4304025 0.1366263 -0.892237 0.4304025 0.1366264 -0.8922371 0.4303833 0.136612 -0.8922486 0.4802144 0.08199083 -0.8733108 0.4802145 0.08199095 -0.8733108 0.4802144 0.08199083 -0.8733108 0.2927042 0.3332545 -0.896251 0.2927043 0.3332545 -0.896251 0.2927043 0.3332545 -0.896251 0.3464158 0.2852796 -0.8936508 0.3464157 0.2852796 -0.8936508 0.1410672 0.5063341 -0.8507207 0.1410672 0.5063341 -0.8507208 0.1410673 0.5063343 -0.8507207 0.1905792 0.4703004 -0.8616828 0.1905792 0.4703004 -0.8616827 0.1905792 0.4703005 -0.8616828 -0.01369726 0.649625 -0.7601314 -0.01369732 0.649625 -0.7601316 -0.01369732 0.649625 -0.7601316 0.02457261 0.6280763 -0.7777637 -0.172392 0.7600127 -0.6266274 -0.1723922 0.7600126 -0.6266275 -0.1723919 0.7600128 -0.6266272 -0.2393954 0.7811999 -0.5765557 -0.2393954 0.7811999 -0.5765557 -0.2393955 0.7811999 -0.5765557 -0.326879 0.8296077 -0.4526602 -0.3237908 0.833287 -0.4480987 -0.3268306 0.8296398 -0.4526364 -0.4606568 0.8496689 -0.2566282 -0.460657 0.8496689 -0.2566283 -0.4606568 0.8496689 -0.2566282 0.6925949 0.1492229 -0.705723 0.692595 0.1492229 -0.7057229 0.6925948 0.1492228 -0.7057231 0.7249236 0.09780865 -0.68185 0.7249237 0.09780865 -0.6818498 0.7249236 0.09780865 -0.68185 0.5713241 0.3693765 -0.7329051 0.5713239 0.3693764 -0.7329053 0.5713239 0.3693764 -0.7329053 0.6088287 0.327728 -0.7224416 0.6088514 0.3277437 -0.7224154 0.6088287 0.3277279 -0.7224417 0.4134148 0.5655733 -0.7135931 0.4134148 0.5655733 -0.7135931 0.4134148 0.5655733 -0.713593 0.4517618 0.535311 -0.7136901 0.4517619 0.5353111 -0.7136899 0.4517619 0.5353112 -0.7136899 0.2287034 0.7257856 -0.6487913 0.2287034 0.7257854 -0.6487914 0.2287032 0.7257854 -0.6487916 0.2643024 0.70679 -0.6561952 0.2643026 0.7067902 -0.6561951 0.2643027 0.7067903 -0.6561948 0.02902173 0.8394142 -0.5427168 0.02902179 0.8394144 -0.5427166 0.02902179 0.8394143 -0.5427168 0.05873274 0.830501 -0.5539121 0.0587328 0.8305011 -0.5539119 0.05873274 0.830501 -0.5539121 -0.1728871 0.8992448 -0.4018319 -0.172887 0.8992448 -0.4018319 -0.172887 0.8992449 -0.4018318 -0.1509248 0.8979311 -0.4134507 -0.4444827 0.8821704 -0.155597 -0.4444825 0.8821706 -0.1555967 -0.4444826 0.8821706 -0.1555969 -0.4224608 0.8975923 -0.1259166 -0.4224607 0.8975923 -0.1259166 -0.4224608 0.8975923 -0.1259166 -0.2861243 0.9431928 -0.1688797 -0.2861243 0.9431928 -0.1688796 -0.2861243 0.9431928 -0.1688797 -0.9196577 0.240504 0.3104633 -0.9196577 0.240504 0.3104634 -0.9196577 0.240504 0.3104633 -0.6844012 0.7288161 0.02054876 -0.6845079 0.7287144 0.02059853 -0.6843971 0.7288202 0.02054238 -0.01501899 0.9997932 -0.01371639 -0.01455205 0.999778 -0.015239 -0.01236367 0.9998963 -0.007392823 -0.03768986 0.9985476 -0.03849893 -0.03768992 0.9985477 -0.03849887 -0.03769004 0.9985476 -0.0384984 -0.00967592 0.9997652 -0.01939225 -0.3513969 0.925715 -0.1398998 -0.3513968 0.9257151 -0.1398999 -0.3513969 0.925715 -0.1398999 -0.4418157 0.885715 -0.1425053 -0.4418156 0.885715 -0.1425057 -0.4418157 0.8857151 -0.1425055 -0.6469156 0.727426 -0.2288051 -0.6469156 0.7274259 -0.228805 -0.6469155 0.727426 -0.2288053 -0.6917144 0.6848993 -0.2290069 -0.6917145 0.6848993 -0.2290067 -0.6917144 0.6848993 -0.2290068 -0.9513023 0.2230477 -0.2127762 -0.9714553 0.1302427 -0.1982714 -0.9714553 0.1302427 -0.1982713 -0.9714553 0.1302427 -0.1982714 -0.9908643 0.1314686 -0.0300669 -0.9908643 0.1314685 -0.0300669 -0.9908643 0.1314687 -0.03006708 -0.6843115 0.7289015 0.02050167 -0.3754357 0.9267014 0.01651215 -0.3754385 0.9266985 0.01661229 -0.3753075 0.9267526 0.0165522 -0.3750868 0.9268429 0.01649665 -0.9813422 -0.1486828 0.1219059 -0.9813422 -0.1486828 0.1219059 -0.9813422 -0.1486828 0.1219059 -0.986077 0.1331972 0.09955257 -0.9860771 0.1331972 0.09955257 -0.986077 0.1331973 0.09955275 -0.9585402 0.1289145 0.2541295 -0.9585402 0.1289145 0.2541295 -0.8483996 0.4264505 0.313621 -0.8483996 0.4264506 0.3136211 -0.8483995 0.4264506 0.3136212 -0.7404916 0.6241187 0.2492951 -0.7404916 0.6241187 0.2492952 -0.6399094 0.7238829 0.2578945 -0.6399094 0.7238829 0.2578945 -0.6399094 0.7238829 0.2578945 -0.5668368 0.7933833 0.2218988 -0.5668368 0.7933832 0.221899 -0.5668368 0.7933833 0.2218987 -0.3910841 0.9056419 0.1639093 -0.3910841 0.9056419 0.1639093 -0.3910841 0.9056419 0.1639093 -0.3464564 0.9233883 0.1652938 -0.3464564 0.9233883 0.1652938 -0.3464564 0.9233884 0.1652937 -0.1656706 0.9815956 0.09499186 -0.8984998 0.4281237 0.09699618 -0.8984999 0.4281238 0.09699618 -0.8984997 0.4281237 0.0969963 -0.6525083 0.7575098 0.02030044 -0.6525082 0.7575098 0.02030068 -0.6525083 0.7575098 0.02030032 -0.8856485 0.4318016 0.1708049 -0.8856484 0.4318016 0.1708049 -0.8856484 0.4318016 0.1708049 -0.6712263 0.7276944 0.1411249 -0.6723034 0.726587 0.1417024 -0.6713286 0.7275965 0.1411427 -0.6706324 0.7283224 0.140708 -0.3668191 0.9257175 0.09214633 -0.3674293 0.9254136 0.09276682 -0.3667658 0.9258088 0.09143877 -0.3657743 0.9261759 0.09169161 0.04309082 0.9985091 0.03351032 0.04309099 0.9985091 0.0335105 0.04309058 0.9985091 0.03351014 0.02145367 0.9982525 0.05506205 0.02145373 0.9982525 0.05506211 -0.007047891 0.9990469 0.04307967 -0.01017719 0.999109 0.04096019 -0.01387631 0.9992336 0.0366013 -0.0103802 0.9994813 0.03048831 -0.0525099 0.9982499 0.0272023 -0.0525099 0.9982499 0.0272023 -0.0525099 0.9982499 0.02720218 -0.00778383 0.9999179 0.0101791 -0.00778383 0.9999179 0.01017904 -0.00778383 0.9999179 0.0101791 -0.0261113 0.9995862 -0.01206803 -0.0261113 0.9995862 -0.01206803 -0.0261113 0.9995862 -0.01206803 -0.3698063 0.9272267 -0.05911076 -0.3709324 0.9267707 -0.05920654 -0.3699776 0.9271436 -0.05934 -0.369476 0.9273304 -0.05954831 -0.6766209 0.7294344 -0.1005464 -0.6772897 0.7288338 -0.1003997 -0.6767141 0.7293441 -0.1005752 -0.6757829 0.7301899 -0.1006982 -0.8927516 0.4319797 -0.1280159 -0.8927516 0.4319797 -0.128016 -0.8927518 0.4319796 -0.1280158 -0.6245656 0.7519602 -0.2108883 -0.6245654 0.7519601 -0.210889 -0.6245654 0.7519601 -0.2108885 -0.8339416 0.5122015 -0.2054045 -0.8339417 0.5122015 -0.2054042 -0.8339417 0.5122015 -0.2054044 0.1633031 0.4646007 -0.8703324 0.1633032 0.4646007 -0.8703324 0.1633032 0.4646007 -0.8703324 0.138801 0.3074055 -0.9414013 0.1388213 0.3074013 -0.9413995 0.1388009 0.3074055 -0.9414013 0.17999 0.6306021 -0.7549468 0.1799901 0.630602 -0.7549468 0.1978248 0.8327336 -0.5171269 0.1968484 0.834897 -0.5140019 0.1956063 0.8375933 -0.5100743 0.1869213 0.9731936 -0.1339956 0.1871613 0.9728831 -0.1359015 0.1868186 0.9731948 -0.1341293 0.4664901 0.1810687 -0.8657951 0.4664981 0.1810669 -0.8657912 0.4664902 0.1810687 -0.865795 0.2992134 0.213815 -0.9299218 0.2992134 0.213815 -0.9299218 0.2992134 0.213815 -0.9299219 0.2959298 0.2410795 -0.924287 0.2959297 0.2410795 -0.924287 0.2959296 0.2410795 -0.9242869 0.09758692 0.1649487 -0.9814627 0.09758687 0.1649486 -0.9814626 0.09758687 0.1649486 -0.9814627 0.09779679 0.1138436 -0.9886736 0.09779691 0.1138436 -0.9886736 0.09779697 0.1138436 -0.9886736 0.6008101 0.1245758 -0.7896254 0.6008102 0.1245757 -0.7896254 0.6008102 0.1245758 -0.7896253 0.6173929 0.1906949 -0.7631917 0.6173929 0.190695 -0.7631917 0.617393 0.190695 -0.7631916 0.4644063 0.196217 -0.863612 0.4644065 0.196217 -0.863612 0.4644064 0.196217 -0.863612 0.6768057 0.1908005 -0.7110058 0.6768059 0.1908005 -0.7110056 0.676806 0.1908006 -0.7110056 0.7549837 0.171983 -0.6327887 0.7549836 0.171983 -0.6327888 0.7549839 0.171983 -0.6327885 0.7506392 0.1956724 -0.631073 0.7506393 0.1956724 -0.6310731 0.7506392 0.1956723 -0.6310731 0.8633928 0.169107 -0.475348 0.8595941 0.1886095 -0.4748942 0.8595941 0.1886095 -0.4748942 0.9384978 0.1780831 -0.295818 0.9405143 0.168671 -0.2949286 0.9396057 0.1729278 -0.2953594 0.9378832 0.1813285 -0.2957959 0.9801633 0.1712478 -0.09977012 0.9804021 0.1700314 -0.09950363 0.9802232 0.1708278 -0.09990143 0.9795895 0.1743096 -0.1001029 0.9796724 0.1724958 0.1024063 0.9797426 0.1726878 0.1014075 0.979927 0.1714403 0.1017415 0.9803693 0.1684964 0.1023967 0.9395042 0.1675638 0.2987543 0.9388405 0.1768655 0.2954608 0.9389927 0.1739324 0.296716 0.9397648 0.1644881 0.299643 0.8616905 0.1809504 0.4740745 0.8616905 0.1809504 0.4740744 0.8616905 0.1809504 0.4740744 0.8613687 0.1628267 0.4811773 0.8613688 0.1628267 0.481177 0.8613689 0.1628267 0.4811769 0.7543612 0.1853114 0.629761 0.7543616 0.1853112 0.6297606 0.7543615 0.1853113 0.6297608 0.751632 0.162992 0.6391267 0.751632 0.162992 0.6391268 0.7516319 0.162992 0.6391269 0.6771103 0.1796494 0.713616 0.6771104 0.1796494 0.7136158 0.6771103 0.1796494 0.713616 0.6150032 0.1234235 0.7788054 0.6150033 0.1234235 0.7788053 0.6150031 0.1234235 0.7788054 0.6070017 0.1673308 0.7768844 0.6070018 0.1673308 0.7768843 0.6070018 0.1673308 0.7768844 0.47189 0.1940004 0.8600488 0.4718899 0.1940006 0.8600487 0.4718899 0.1940005 0.8600488 0.4634124 0.1681833 0.8700365 0.4634118 0.1681835 0.8700367 0.4634119 0.1681835 0.8700367 0.3065878 0.1981824 0.9309822 0.3065881 0.1981823 0.9309821 0.306588 0.1981823 0.9309821 0.2958884 0.1721878 0.9395753 0.295888 0.1721879 0.9395753 0.2958879 0.172188 0.9395753 0.1312227 0.2023298 0.9704861 0.1312226 0.2023299 0.9704861 0.1312226 0.2023299 0.9704861 0.1191948 0.1768842 0.9769875 0.1191945 0.1768844 0.9769876 0.1191944 0.1768844 0.9769876 0.1628013 0.5751011 -0.8017197 0.1628014 0.575101 -0.8017197 0.3245018 0.545688 -0.7726081 0.3245019 0.545688 -0.7726081 0.3245017 0.545688 -0.7726082 0.3199008 0.5622206 -0.7626083 0.3199008 0.5622207 -0.7626083 0.319901 0.5622207 -0.7626082 0.4621858 0.5341253 -0.7078803 0.4621858 0.5341253 -0.7078803 0.4621858 0.5341253 -0.7078802 0.4563213 0.5501835 -0.6993347 0.4563215 0.5501835 -0.6993346 0.4563214 0.5501835 -0.6993346 0.5856091 0.523092 -0.6192227 0.5856093 0.523092 -0.6192227 0.5788224 0.5381882 -0.6126322 0.5788224 0.5381881 -0.6126322 0.5788226 0.538188 -0.612632 0.6909411 0.5134127 -0.5089283 0.690941 0.5134127 -0.5089285 0.6840903 0.5267897 -0.5044929 0.6840904 0.5267896 -0.5044929 0.6840903 0.5267897 -0.504493 0.7699763 0.514279 -0.3776956 0.7751068 0.5056836 -0.3788058 0.7736692 0.5078522 -0.3788432 0.769066 0.5163007 -0.3767905 0.8311456 0.5051598 -0.2324017 0.8338947 0.5003721 -0.2329111 0.832111 0.5047889 -0.2297381 0.8297322 0.50738 -0.2326155 0.8627577 0.4997869 -0.07656604 0.863573 0.4984024 -0.07639914 0.8626688 0.499941 -0.07656091 0.8621619 0.500793 -0.07670205 0.8625495 0.4989507 0.08400392 0.8622337 0.4995799 0.08350467 0.8629664 0.4981111 0.08470171 0.8635063 0.4972463 0.08428049 0.832481 0.4989076 0.24097 0.8302546 0.5037249 0.2386179 0.831216 0.501641 0.2396589 0.8333683 0.4969764 0.241892 0.7728245 0.5021359 0.3880749 0.7703841 0.510181 0.3823922 0.771455 0.5069062 0.384582 0.7738135 0.500122 0.388704 0.6863704 0.5185736 0.5098795 0.6863704 0.5185737 0.5098795 0.6863707 0.5185735 0.5098792 0.6887783 0.5061956 0.51899 0.6887784 0.5061956 0.5189899 0.6887784 0.5061956 0.5189899 0.58204 0.5280348 0.6183922 0.58204 0.5280348 0.6183921 0.5820399 0.5280348 0.6183922 0.5824102 0.514307 0.6295131 0.5824102 0.514307 0.6295132 0.5824103 0.514307 0.629513 0.4606035 0.5386009 0.7055165 0.4606034 0.5386009 0.7055165 0.4606034 0.538601 0.7055165 0.4584051 0.5239232 0.7178922 0.4584049 0.5239233 0.7178923 0.4584051 0.5239232 0.7178923 0.3248949 0.5495966 0.7696668 0.3248948 0.5495966 0.7696668 0.3248951 0.5495965 0.7696668 0.320187 0.5345579 0.7821305 0.3201867 0.534558 0.7821305 0.3201869 0.5345579 0.7821306 0.1783068 0.5605247 0.8087142 0.1783068 0.5605247 0.8087142 0.1783069 0.5605247 0.8087142 0.1711958 0.5455034 0.8204377 0.1711958 0.5455034 0.8204377 0.1711959 0.5455034 0.8204378 0.1952022 0.8391294 -0.5076988 0.2899504 0.8253244 -0.4845292 0.2961915 0.820412 -0.4890754 0.2943915 0.8213408 -0.4886032 0.2923718 0.8264995 -0.4810585 0.3833774 0.8117001 -0.4406415 0.3862897 0.8078856 -0.4450855 0.3856284 0.8092311 -0.4432107 0.3817077 0.8135932 -0.4385949 0.4622551 0.7997922 -0.3829526 0.4657682 0.795996 -0.3865885 0.466098 0.7962953 -0.385573 0.4609575 0.8011128 -0.3817544 0.5298758 0.7881456 -0.3131429 0.5328741 0.785265 -0.3152841 0.5326996 0.7865499 -0.3123629 0.5281122 0.7896955 -0.3122159 0.5831644 0.7786008 -0.2317333 0.5858009 0.7763295 -0.2327015 0.5849789 0.776995 -0.2325475 0.5818248 0.7797611 -0.2311983 0.6203912 0.7715495 -0.1408054 0.6225281 0.7696843 -0.1415799 0.6213687 0.7707076 -0.1411059 0.6196725 0.7721097 -0.1408991 0.6403533 0.7668216 -0.04395723 0.6407731 0.7664743 -0.04389685 0.6403643 0.7668128 -0.04395413 0.6399114 0.767188 -0.04400247 0.6403418 0.7660739 0.05561715 0.6398787 0.7664766 0.05539762 0.6402928 0.7661164 0.05559647 0.6407332 0.765733 0.05580377 0.6205216 0.7691696 0.1527455 0.6199185 0.7697818 0.1521095 0.620586 0.7691176 0.1527456 0.6220275 0.7677565 0.1537269 0.5848237 0.773391 0.2446375 0.582322 0.776042 0.2421983 0.5831208 0.7752927 0.2426755 0.5851833 0.7728167 0.2455908 0.5310471 0.7816975 0.3270139 0.5291837 0.7845928 0.3230773 0.5301346 0.7831283 0.3250653 0.5318904 0.7805377 0.3284109 0.4617164 0.7947232 0.3939964 0.4624136 0.7948969 0.3928267 0.462803 0.7937161 0.3947509 0.4644997 0.7902836 0.3996147 0.3841208 0.8026084 0.4563673 0.3837534 0.8063465 0.450043 0.3838461 0.8050771 0.4522315 0.3844975 0.8011555 0.4585974 0.2939881 0.8142536 0.5005619 0.2949979 0.8184623 0.4930475 0.294661 0.8171505 0.4954191 0.2938756 0.813242 0.5022694 0.1952124 0.8266413 0.5277843 0.1980678 0.8307229 0.5202583 0.1968804 0.8297026 0.5223331 0.1950244 0.8252143 0.5300821 0.1864028 0.9734157 -0.133101 0.2207806 0.9671413 -0.1260697 0.221113 0.9669795 -0.1267271 0.2208341 0.9671136 -0.1261889 0.2204982 0.9672795 -0.1255034 0.2517037 0.9611371 -0.1134061 0.2516735 0.9611383 -0.1134618 0.2516816 0.961149 -0.1133535 0.2517161 0.9611401 -0.1133524 0.2786681 0.9554499 -0.09726053 0.2784111 0.9555754 -0.09676343 0.2788001 0.9554324 -0.09705364 0.2790818 0.9553275 -0.09727716 0.3014551 0.9503179 -0.0775932 0.300846 0.9505404 -0.07723176 0.3012429 0.9503698 -0.07778316 0.3020496 0.950109 -0.07784014 0.319391 0.9459932 -0.05555516 0.318515 0.946318 -0.05505216 0.3194035 0.9459893 -0.05554914 0.3198997 0.9458129 -0.05569893 0.3316211 0.9428933 -0.03130167 0.3309921 0.9431176 -0.03120028 0.3314465 0.9429629 -0.03105318 0.3321065 0.9427198 -0.03138208 0.3378289 0.9411907 -0.005632996 0.3377317 0.9412255 -0.005640208 0.3379989 0.9411292 -0.005721151 0.3380813 0.9410998 -0.005704581 0.3379095 0.9409578 0.02039277 0.3381615 0.9408644 0.02051776 0.3378863 0.940967 0.02034801 0.3377028 0.941034 0.02029925 0.3316606 0.9422807 0.04591882 0.3320775 0.9421206 0.04619097 0.3316329 0.9422907 0.04591202 0.3311026 0.9424922 0.04560154 0.3193703 0.9450254 0.07021242 0.319803 0.9448429 0.07069694 0.3192958 0.9450532 0.07017815 0.3187 0.9452968 0.06960028 0.3015472 0.9489641 0.09239387 0.3019132 0.9487973 0.09291058 0.3015207 0.9489743 0.09237396 0.3010624 0.9491785 0.09176993 0.2787886 0.9538133 0.1118806 0.2790027 0.953701 0.1123033 0.2787995 0.953808 0.1118981 0.2785773 0.9539218 0.1114812 0.2517328 0.9592533 0.1283116 0.251666 0.9592814 0.1282321 0.2517335 0.9592531 0.1283108 0.2517849 0.9592342 0.1283519 0.2208677 0.96503 0.1411903 0.2207998 0.9651561 0.1404324 0.2210252 0.9649685 0.1413643 0.2208619 0.9649557 0.1417056 0.186614 0.9709185 0.1499753 0.187018 0.9711321 0.1480767 0.1860259 0.9712177 0.1487632 0.1865729 0.9707875 0.1508716 -0.04667174 0.9035053 0.4260281 -0.04667174 0.9035053 0.4260281 -0.04667174 0.9035054 0.4260281 -0.2980414 0.7155767 -0.6317605 -0.3005111 0.7133662 -0.6330891 -0.2943186 0.7191398 -0.6294558 -0.7137321 -0.2098972 -0.6682288 -0.7137324 -0.2098973 -0.6682286 -0.7137319 -0.2098972 -0.6682291 -0.9717572 0.1336385 -0.1944963 -0.9717571 0.1336385 -0.1944965 -0.9717571 0.1336384 -0.1944967 -0.7701503 0.1203935 0.6263976 -0.7701503 0.1203934 0.6263977 -0.1861686 0.9196874 -0.3457113 -0.1838784 0.9206415 -0.3443954 -0.1886599 0.9186327 -0.3471619 0.0503894 0.6533967 -0.7553368 0.05038952 0.6533967 -0.7553368 0.05038958 0.6533967 -0.7553368 -0.4591076 -0.06891411 -0.8857038 -0.4591077 -0.06891405 -0.8857038 -0.4591077 -0.06891411 -0.8857038 -0.2472041 0.9162957 0.3151067 -0.2430804 0.9190641 0.3102147 -0.2460011 0.9171573 0.313538 -0.2431508 0.9192866 0.3094994 -0.3317044 0.9245282 0.18767 -0.3345368 0.9231525 0.1894062 -0.3351269 0.9230669 0.1887793 -0.3351937 0.9227101 0.1903973 -0.3588746 0.9258929 0.1180322 -0.3603391 0.9252345 0.1187303 -0.3608494 0.9250947 0.1182692 0.009036481 0.9982439 -0.05854547 0.01145315 0.9982694 -0.05768018 0.006832063 0.9982138 -0.05935215 -0.2345682 0.1055582 0.9663516 -0.2345682 0.1055582 0.9663516 -0.2345682 0.1055582 0.9663515 -0.2178947 -0.2259036 0.949468 -0.2178949 -0.2259036 0.949468 -0.2178946 -0.2259036 0.949468 -0.4660824 -0.178906 0.866464 -0.4660825 -0.178906 0.866464 -0.4660823 -0.178906 0.8664641 -0.5459185 0.1163203 0.8297244 -0.5459186 0.1163202 0.8297244 -0.5459189 0.1163201 0.8297243 -0.6037118 0.1245083 0.7874197 -0.6037121 0.1245084 0.7874194 -0.6037121 0.1245084 0.7874194 -0.7233794 -0.1485278 0.6742862 -0.7233788 -0.1485276 0.6742868 -0.723379 -0.1485277 0.6742866 -0.919957 0.02851545 0.3909809 -0.9199568 0.02851545 0.3909814 -0.919957 0.02851545 0.3909808 -0.9325104 0.125891 0.3384907 -0.9325103 0.125891 0.3384907 -0.9325103 0.1258908 0.3384909 -0.9790744 0.1272681 0.1587963 -0.9783589 0.1320644 0.159289 -0.9784369 0.1315381 0.1592451 -0.9791312 0.1269385 0.1587097 -0.9904055 0.1299891 -0.04690301 -0.9904055 0.1299891 -0.04690301 -0.9904055 0.1299892 -0.04690307 -0.9206644 0.1293946 -0.3682855 -0.9206644 0.1293946 -0.3682856 -0.9206644 0.1293945 -0.3682857 -0.9260975 0.1018787 -0.3632689 -0.9260975 0.1018787 -0.3632688 -0.9260976 0.1018787 -0.3632688 -0.8429148 0.1643556 -0.51233 -0.8429148 0.1643556 -0.5123301 -0.8429148 0.1643556 -0.5123301 -0.8497837 0.1382042 -0.5086919 -0.8497838 0.1382042 -0.5086915 -0.849784 0.1382042 -0.5086914 -0.7415279 0.126311 -0.6589248 -0.7415282 0.126311 -0.6589245 -0.7415286 0.1263109 -0.6589241 -0.06648468 0.1421383 -0.9876116 -0.06648468 0.1421383 -0.9876115 -0.06648486 0.1421384 -0.9876115 -0.1997634 -0.242457 -0.9493731 -0.1997634 -0.242457 -0.949373 -0.2270884 0.1214231 -0.966275 -0.2270885 0.1214231 -0.966275 -0.2270886 0.1214232 -0.966275 -0.3150514 0.1348906 -0.9394398 -0.3150514 0.1348905 -0.9394398 -0.3150515 0.1348907 -0.9394398 -0.6680064 -0.007246911 0.7441203 -0.6680212 -0.00869733 0.7440915 -0.6686333 -0.01000809 0.743525 -0.7100291 -0.2199786 0.6689307 -0.710029 -0.2199786 0.6689307 -0.710029 -0.2199786 0.6689307 -0.6097948 0.429498 0.6660946 -0.6097944 0.4294978 0.6660948 -0.6097947 0.4294979 0.6660946 -0.6206325 0.4089621 0.6690033 -0.6206325 0.4089621 0.6690033 -0.6206326 0.4089621 0.6690031 -0.8509825 0.1309789 0.5085994 -0.8509825 0.1309789 0.5085995 -0.8781106 -0.2104346 0.4296966 -0.8781105 -0.2104346 0.4296969 -0.8781104 -0.2104346 0.4296969 -0.7915252 0.4314802 0.4327965 -0.791525 0.4314802 0.4327965 -0.7915251 0.4314802 0.4327965 -0.798173 0.4191081 0.4327451 -0.798173 0.4191081 0.4327451 -0.798173 0.4191081 0.4327452 -0.9771116 -0.1571677 -0.1433575 -0.89269 0.4294078 -0.1367983 -0.8922343 0.4302299 -0.1371871 -0.8915828 0.4318507 -0.1363272 -0.8914063 0.4266339 0.1528997 -0.8914065 0.4266339 0.1528993 -0.8914064 0.4266339 0.1528996 -0.6522819 0.7552747 0.06394106 -0.8735924 0.431401 0.2252327 -0.8735923 0.431401 0.2252327 -0.8735923 0.4314008 0.2252326 -0.6010042 -0.1584194 -0.7833884 -0.6010042 -0.1584194 -0.7833884 -0.6010042 -0.1584194 -0.7833883 -0.2927451 0.427929 -0.8550889 -0.2939317 0.4243818 -0.8564487 -0.2908425 0.428493 -0.8554556 -0.2921942 0.4299 -0.8542885 -0.08020001 0.394492 -0.9153929 -0.08020019 0.394492 -0.9153928 -0.08020043 0.3944921 -0.9153928 0.0114057 0.4913298 -0.870899 0.01140534 0.4913299 -0.870899 0.01140552 0.4913298 -0.870899 -0.2502985 0.9214804 -0.2970263 -0.2507237 0.9214017 -0.2969118 -0.2498687 0.9217125 -0.296668 -0.294897 0.9262831 -0.2345968 -0.2985796 0.9248546 -0.2355719 -0.2963978 0.9256087 -0.2353655 -0.5697641 0.7266401 -0.383879 -0.570422 0.7258483 -0.3843997 -0.5659434 0.7298141 -0.3835094 -0.6245041 0.7311175 -0.2747035 -0.6273524 0.7286484 -0.2747737 -0.6253357 0.7303094 -0.2749608 -0.3967995 0.7258746 -0.5618329 -0.4035382 0.7209254 -0.5634035 -0.3992789 0.7241144 -0.5623475 -0.4044835 0.7190899 -0.565069 -0.4879058 0.7289525 -0.4801836 -0.4935989 0.7235749 -0.4824932 -0.4898649 0.7271993 -0.4808468 -0.08479666 0.3438616 -0.9351838 -0.08479672 0.3438616 -0.9351838 -0.08479702 0.3438616 -0.9351838 0.03929972 0.8959031 -0.4425079 0.03929984 0.8959031 -0.4425079 -0.05962282 0.7044898 -0.7072052 -0.05790489 0.7068678 -0.7049716 -0.06333065 0.6997134 -0.7116112 0.06706416 0.6861099 -0.7244003 0.06706416 0.6861099 -0.7244002 0.06706422 0.6861099 -0.7244003 0.08842051 0.8515422 -0.5167765 0.08842045 0.8515421 -0.5167766 0.08842051 0.8515421 -0.5167766 -0.09439063 0.4144229 0.9051764 -0.09439045 0.4144229 0.9051764 -0.09439057 0.4144229 0.9051764 -0.1072939 0.3837205 0.917195 -0.107294 0.3837205 0.917195 -0.1072939 0.3837205 0.917195 -0.01571202 0.6943923 0.7194252 -0.01571214 0.6943923 0.7194252 -0.01571208 0.6943923 0.7194252 -0.02567291 0.6766505 0.7358567 0.06540071 0.8920949 0.4470899 0.06540089 0.8920949 0.44709 0.06540095 0.8920949 0.44709 0.05886334 0.8852211 0.4614313 0.1460011 0.98561 0.08518731 0.1460012 0.98561 0.08518731 0.1460013 0.9856099 0.08518731 -0.1219253 0.9065634 0.4040759 -0.1219253 0.9065632 0.4040759 -0.1219253 0.9065633 0.4040759 -0.02959167 0.9439077 0.328881 -0.02959156 0.9439077 0.328881 -0.02959132 0.9439077 0.3288811 -0.2516803 0.6935669 0.6749978 -0.2516803 0.6935669 0.6749979 -0.2516804 0.6935669 0.6749978 -0.2389591 0.7095715 0.6628777 -0.2389591 0.7095715 0.6628777 -0.2389591 0.7095715 0.6628777 -0.3798896 0.3972816 0.8353751 -0.3798893 0.3972815 0.8353751 -0.3798896 0.3972815 0.835375 -0.3667948 0.4237537 0.8281875 -0.3667948 0.4237537 0.8281875 -0.3667945 0.4237537 0.8281875 -0.4704099 -0.03819966 0.881621 -0.4704099 -0.03819972 0.8816208 -0.4704098 -0.03819972 0.8816209 -0.3224725 0.1191029 0.939056 -0.3224725 0.1191029 0.939056 -0.3224725 0.1191029 0.939056 -0.1218282 0.912535 -0.3904329 -0.1168314 0.915615 -0.3847073 -0.1190905 0.9157263 -0.3837482 -0.1150047 0.9158046 -0.3848062 -0.04549497 0.9060675 -0.4206805 -0.0415188 0.9082773 -0.4163035 -0.04350119 0.9071667 -0.4185168 -0.6671966 0.01076799 -0.7448039 -0.6670278 0.01072722 -0.7449557 -0.6675995 0.01389181 -0.744391 -0.4587292 0.3544028 -0.8148412 -0.4587295 0.3544029 -0.814841 -0.4587296 0.3544029 -0.814841 -0.4318912 0.4335827 -0.7908705 -0.4318912 0.4335826 -0.7908705 -0.4318912 0.4335827 -0.7908705 -0.3013192 0.4153795 -0.8582929 -0.3013191 0.4153795 -0.858293 -0.3013191 0.4153794 -0.8582931 -0.1794925 0.7137482 -0.6770125 -0.1769941 0.7148901 -0.6764653 -0.1838272 0.7085281 -0.6813189 -0.06508541 0.6980286 -0.7131059 0.03884327 0.8988015 -0.4366317 0.03835153 0.9016856 -0.4306882 0.0351904 0.8990524 -0.4364246 0.1193585 0.8883742 -0.4433338 0.1193585 0.8883743 -0.4433338 0.1193585 0.8883742 -0.4433338 0.1454645 0.980001 -0.1357877 0.1454645 0.980001 -0.1357876 0.1454645 0.980001 -0.1357877 0.1502025 0.9796323 0.1332663 0.1284162 0.9801607 0.1509777 0.1284162 0.9801607 0.1509777 0.1284162 0.9801607 0.1509777 0.1747892 0.8750596 0.451353 0.174789 0.8750596 0.451353 0.1747891 0.8750596 0.4513531 0.07467472 0.8449484 0.5296093 0.0746749 0.8449485 0.5296092 0.0746749 0.8449485 0.5296091 0.1534488 0.6683822 0.7278178 0.1534487 0.6683823 0.7278177 0.1534487 0.6683824 0.7278177 0.01040774 0.5726879 0.8197075 0.01040774 0.5726879 0.8197075 0.01040768 0.5726879 0.8197075 0.1091127 0.3821916 0.9176188 0.1091127 0.3821915 0.9176187 0.1091128 0.3821917 0.9176187 -0.05291962 0.2056484 0.9771941 -0.05490577 0.2067558 0.9768508 -0.052459 0.2057312 0.9772015 -0.05141639 0.2012785 0.9781838 -0.4514216 0.7062797 0.5453327 -0.4514215 0.7062797 0.5453327 -0.4514214 0.7062797 0.5453326 -0.2810282 0.896947 0.3413346 -0.2810283 0.896947 0.3413345 -0.2810283 0.896947 0.3413345 -0.3960118 0.7171152 0.5735158 -0.3960119 0.7171152 0.5735159 -0.186443 0.9126151 0.3638309 -0.187086 0.9117822 0.365585 -0.1846647 0.9145139 0.3599492 -0.1832801 0.9152235 0.3588516 0.05461722 0.993757 0.09728384 0.05461734 0.993757 0.09728407 0.05461728 0.9937569 0.09728401 0.07441067 0.9909408 0.1118012 0.07441067 0.9909408 0.1118013 0.07441067 0.9909408 0.1118012 0.08122432 0.9925972 0.09029787 0.08122432 0.9925971 0.09029799 0.08122432 0.9925971 0.09029787 0.08619302 0.9851635 0.1484047 0.0861935 0.9851634 0.1484048 0.08619308 0.9851634 0.1484047 0.09591108 0.9890721 0.1119711 0.09591108 0.9890721 0.1119711 0.09591102 0.9890721 0.1119711 0.1225097 0.9850468 0.1211375 0.1225095 0.9850468 0.1211376 0.1225096 0.9850468 0.1211376 -0.02945196 0.996049 0.08377933 -0.02945196 0.9960491 0.08377933 -0.0294519 0.9960491 0.08377939 0.005060434 0.9985738 0.05314999 0.005060315 0.9985738 0.05314993 0.005060315 0.9985738 0.05314987 -0.01556599 0.9990853 0.03982889 -0.01190745 0.9992094 0.03793442 -0.0144515 0.999118 0.03942859 -0.01034843 0.9992604 0.03703403 -0.01344221 0.999761 0.01724404 -0.01375693 0.9997521 0.01751059 -0.01374304 0.9997532 0.01745617 -0.001717925 0.9993931 -0.03479582 -0.005915164 0.9996024 -0.02757024 -0.005106925 0.9995365 -0.03001385 -0.01212733 0.9998734 -0.01030427 -0.01125764 0.9998877 -0.009892046 -0.01244503 0.9998697 -0.01028949 -0.01430052 0.9998393 -0.01081407 -0.01419848 0.9997444 0.01760095 -0.3737781 0.9264268 0.04498153 -0.3733324 0.9266234 0.04463595 -0.3737452 0.9264495 0.04478663 -0.3612241 0.9248159 0.119301 8.05208e-4 0.9993443 -0.03619879 -4.29494e-4 0.999312 -0.03708863 -0.3380239 0.926383 -0.1659951 -0.3392271 0.9256675 -0.1675252 -0.3361611 0.9268655 -0.1670813 -0.3729173 0.9256597 -0.06393009 -0.3703595 0.9267705 -0.06269347 -0.3711716 0.9264205 -0.06306117 -0.3734328 0.9254819 -0.06349217 -0.374135 0.9262837 0.04496204 -0.6789396 0.7262647 -0.1076143 -0.6784604 0.7267653 -0.1072553 -0.6764358 0.7287668 -0.1064594 -0.6285611 0.7277306 -0.2744434 -0.3347945 0.9273271 -0.1672635 -0.3007657 0.9240325 -0.2360174 0.004318475 0.9981716 -0.06029099 0.03569072 0.9971397 -0.06662458 0.03569072 0.9971397 -0.06662458 0.03569108 0.9971396 -0.06662476 0.02135002 0.9956519 -0.09067428 0.02135002 0.9956519 -0.09067434 0.06890124 0.9950798 -0.07119721 0.06890124 0.9950797 -0.07119739 0.06890124 0.9950798 -0.07119727 -0.5647813 0.7306733 -0.3835868 -0.4947454 0.7230517 -0.4821029 -0.2439923 0.9240475 -0.2942859 -0.1908009 0.9177196 -0.3484048 0.05389368 0.9952235 -0.08139878 0.05389368 0.9952235 -0.08139878 0.05389362 0.9952235 -0.0813989 0.07429838 0.9925466 -0.09659796 0.07429838 0.9925466 -0.09659796 0.0742985 0.9925466 -0.09659785 0.05699807 0.9874172 -0.1475077 0.05699783 0.9874172 -0.1475076 0.05699795 0.9874172 -0.1475077 0.1063449 0.9900814 -0.09181278 0.1063448 0.9900815 -0.09181278 0.1063448 0.9900814 -0.09181278 0.1219968 0.9854802 -0.1180916 0.1555721 0.9820001 -0.1071131 0.1555721 0.9820001 -0.1071131 0.1555721 0.9820001 -0.1071131 0.1301574 0.9861489 -0.1028082 0.03349477 0.8983642 -0.4379726 -0.03950977 0.9093724 -0.4141027 -0.1849399 0.7064422 -0.6831813 -0.292189 0.7213605 -0.627905 -0.4403159 0.420418 -0.7933289 -0.4403159 0.420418 -0.793329 -0.4403158 0.4204179 -0.7933289 -0.5608062 0.435896 -0.7039113 -0.5608065 0.435896 -0.7039111 -0.5608065 0.4358959 -0.7039111 -0.5147037 0.6281678 -0.5835112 -0.5147039 0.6281678 -0.5835111 -0.5147039 0.6281678 -0.5835111 -0.6734329 0.4275852 -0.6030415 -0.6734327 0.4275853 -0.6030417 -0.6734329 0.4275852 -0.6030415 -0.7595415 0.437022 -0.4817763 -0.7626881 0.4318505 -0.481469 -0.7604906 0.4352743 -0.4818615 -0.7641916 0.4295482 -0.4811441 -0.8308381 0.4361294 -0.3456869 -0.8332786 0.4319449 -0.345066 -0.8315448 0.434917 -0.3455149 -0.8339449 0.4308135 -0.3448708 -0.8909723 0.4332199 -0.1359741 -0.6792763 0.725967 -0.107497 -0.6823806 0.7280028 0.06609636 -0.6820638 0.7283163 0.06591296 -0.6820321 0.7283464 0.06590789 -0.6816391 0.7287327 0.06570476 -0.6625234 0.7257583 0.1853042 -0.661813 0.7265575 0.1847102 -0.6617891 0.7265773 0.1847181 -0.6604332 0.7280152 0.1839071 -0.6008356 0.7164569 0.3545224 -0.6008355 0.7164569 0.3545227 -0.6008355 0.716457 0.3545225 -0.3886271 0.8969217 0.2109515 -0.3886271 0.8969217 0.2109515 -0.3886271 0.8969216 0.2109515 -0.5614208 0.7244765 0.3999258 -0.5614209 0.7244764 0.3999258 -0.5614209 0.7244764 0.3999258 -0.2957289 0.9207711 0.2544115 -0.296867 0.9199624 0.2560065 -0.2943263 0.9217647 0.2524318 -0.2929802 0.92237 0.251786 0.01631379 0.9973792 0.07048904 0.01631379 0.9973792 0.07048904 0.02939432 0.9956294 0.08864635 0.02939432 0.9956294 0.08864635 0.02939432 0.9956294 0.08864635 0.04619503 0.9968086 0.06510603 0.0461952 0.9968085 0.06510621 0.04619503 0.9968086 0.06510609 0.02069193 0.9925209 0.1203086 0.02069193 0.9925209 0.1203086 0.02069205 0.9925209 0.1203088 -0.6036124 0.7886886 0.1167164 -0.6018614 0.796676 0.05541157 -0.601777 0.7966016 0.05736249 -0.601022 0.797101 0.05833101 -0.6004849 0.7974704 0.05881196 -0.5978104 0.7991661 0.06290048 -0.5965344 0.8001028 0.0631054 -0.5881459 0.8056734 0.07053297 -0.58877 0.8052724 0.06990343 -0.5886231 0.805282 0.07101976 -0.5865302 0.8067478 0.07169705 -0.6028352 0.7881086 0.1243971 -0.6028352 0.7881087 0.1243971 -0.5857216 0.8012902 0.1219197 -0.5857216 0.8012902 0.1219196 -0.6008902 0.7929408 0.1008763 -0.6008903 0.7929408 0.1008763 -0.6008902 0.7929407 0.1008762 -0.6023037 0.7939318 0.08308249 -0.5370028 0.7870497 -0.3036132 -0.5370026 0.7870497 -0.3036134 -0.5370025 0.7870497 -0.3036135 -0.6704469 0.1603591 -0.7244211 -0.670447 0.160359 -0.724421 -0.6704469 0.1603591 -0.7244211 -0.7013022 0.1075555 -0.7047035 -0.7013021 0.1075554 -0.7047037 -0.7013022 0.1075554 -0.7047035 -0.8271294 0.193229 -0.5277494 -0.8271295 0.1932291 -0.5277494 -0.8271295 0.193229 -0.5277495 -0.79781 0.1520895 -0.5834107 -0.79781 0.1520895 -0.5834106 -0.7154131 0.5123962 -0.4750099 -0.7154132 0.5123962 -0.4750096 -0.7154132 0.5123962 -0.4750097 -0.8554255 0.2207697 -0.4685168 -0.8554255 0.2207697 -0.4685168 -0.8554255 0.2207697 -0.4685168 -0.8824013 0.1477603 -0.4466932 -0.8824014 0.1477603 -0.4466933 -0.8824013 0.1477603 -0.4466934 -0.8951482 0.2193046 -0.3880919 -0.8951482 0.2193048 -0.3880919 -0.8951482 0.2193047 -0.3880919 -0.6494328 0.6809133 -0.3385175 -0.6494329 0.6809133 -0.3385176 -0.4779062 0.8437256 -0.2444028 -0.4710384 0.8466553 -0.2475842 -0.4705135 0.8465899 -0.2488027 -0.4082259 0.8833882 -0.230167 -0.408226 0.8833883 -0.2301667 -0.4082259 0.8833883 -0.230167 -0.2161101 0.97374 -0.07160305 -0.2161099 0.9737399 -0.07160353 -0.2161099 0.97374 -0.07160341 -0.1369119 0.9878898 -0.07299959 -0.1423873 0.9872928 -0.07056087 -0.1385871 0.9874431 -0.07582712 -0.1383554 0.9873772 -0.07709872 -0.06737524 0.9960526 -0.05779105 -0.06737536 0.9960526 -0.05779057 -0.06737524 0.9960526 -0.05779093 -0.02609378 0.9973102 -0.06849467 -0.0260936 0.9973102 -0.06849485 -0.02609401 0.9973103 -0.06849443 -0.4003266 0.9123989 -0.08524644 -0.4003266 0.9123989 -0.08524644 -0.4003266 0.9123989 -0.08524644 -0.4098514 0.9071937 -0.09498131 -0.4098514 0.9071937 -0.09498131 -0.4098514 0.9071938 -0.09498131 -0.3096584 0.9475051 -0.07966011 -0.3096583 0.9475052 -0.07966023 -0.3096584 0.9475051 -0.07966005 -0.628273 0.1644418 -0.7604156 -0.6282731 0.1644417 -0.7604156 -0.6282731 0.1644417 -0.7604156 -0.6003174 0.1206101 -0.7906152 -0.6003175 0.12061 -0.7906152 -0.6003174 0.12061 -0.7906152 -0.6803402 0.4571778 -0.5728227 -0.6830822 0.4570844 -0.5696249 -0.6814166 0.4562805 -0.5722583 -0.6614662 0.4011909 -0.633647 -0.6614657 0.4011913 -0.6336472 -0.6614655 0.4011914 -0.6336473 -0.667163 0.6274113 -0.4015579 -0.6696289 0.6246398 -0.401774 -0.6696319 0.6246638 -0.4017317 -0.289813 0.9534338 -0.08350187 -0.2898127 0.9534339 -0.08350145 -0.289813 0.9534337 -0.08350205 -0.2728418 0.9565802 -0.1025271 -0.2728418 0.9565802 -0.1025272 -0.2728419 0.9565802 -0.102527 -0.515088 0.7918187 -0.3281882 -0.515088 0.7918188 -0.3281883 -0.515088 0.7918188 -0.3281883 -0.4713285 0.8441659 -0.2554088 -0.68262 0.565773 -0.4625267 -0.6826201 0.565773 -0.4625266 -0.6826199 0.565773 -0.4625267 -0.7424066 0.5632113 -0.3628026 -0.7424065 0.5632113 -0.3628026 -0.7424065 0.5632113 -0.3628027 -0.7693982 0.5084955 -0.3865992 -0.7693982 0.5084955 -0.386599 -0.7693982 0.5084955 -0.3865991 -0.5805292 0.8022083 -0.1394552 -0.5805291 0.8022084 -0.1394552 -0.5805292 0.8022083 -0.1394551 -0.5752149 0.8125198 -0.09454822 -0.5752149 0.8125198 -0.09454822 -0.5752149 0.8125198 -0.09454822 -0.6387791 0.6959884 -0.3279657 -0.638779 0.6959884 -0.3279658 -0.6387791 0.6959884 -0.3279657 -0.5947058 0.7167623 -0.3641111 -0.5947058 0.7167623 -0.3641111 -0.6790482 0.4591187 -0.5728033 -0.6789169 0.5209318 -0.5173991 -0.6789169 0.5209318 -0.5173993 -0.6789171 0.5209317 -0.517399 -0.6991348 0.1312705 -0.7028362 -0.6991349 0.1312705 -0.702836 -0.6991348 0.1312705 -0.7028362 -0.7766215 0.227593 -0.5874184 -0.7766215 0.227593 -0.5874185 -0.7766215 0.2275931 -0.5874187 -0.8439907 0.5193763 0.1338961 -0.8439906 0.5193763 0.1338961 -0.8439907 0.5193763 0.1338961 -0.8208817 0.5367243 0.1951418 -0.8208816 0.5367244 0.1951419 -0.8208817 0.5367244 0.1951419 -0.4097594 0.2584406 0.8748176 -0.4097594 0.2584406 0.8748176 -0.4097594 0.2584406 0.8748176 -0.248694 0.2845043 0.9258556 -0.248693 0.2845046 0.9258559 -0.2486933 0.2845045 0.9258558 -0.1966 0.1883046 0.9622317 -0.1966003 0.1883038 0.9622318 -0.1966001 0.1883046 0.9622317 -0.2422956 0.1894894 0.9515181 -0.2422955 0.1894894 0.9515181 -0.2422956 0.1894894 0.9515181 -0.6609045 0.3230515 0.6773795 -0.6609045 0.3230515 0.6773796 -0.6609045 0.3230516 0.6773796 -0.4536054 0.3637043 0.8136101 -0.4536053 0.3637045 0.81361 -0.4536053 0.3637044 0.8136101 -0.4952113 0.2982105 0.8159879 -0.4952114 0.2982104 0.815988 -0.4952114 0.2982105 0.8159878 -0.6976365 0.6661454 0.2637303 -0.697625 0.6661639 0.2637141 -0.6978892 0.6660873 0.2632079 -0.6775085 0.5748686 0.4588121 -0.6775086 0.5748686 0.4588119 -0.6775085 0.5748686 0.458812 -0.6958638 0.5888982 0.4110628 -0.6958639 0.5888981 0.4110627 -0.6958638 0.5888981 0.4110628 -0.7739829 0.563746 0.2883418 -0.773983 0.5637459 0.2883418 -0.773983 0.563746 0.2883419 -0.7713053 0.5824476 0.2565991 -0.7713053 0.5824477 0.2565991 -0.7713053 0.5824477 0.2565991 -0.7472952 0.5535044 0.3676721 -0.7472953 0.5535044 0.3676721 -0.7472953 0.5535043 0.367672 -0.7101036 0.6937954 0.1200031 -0.7101038 0.6937954 0.1200029 -0.7101036 0.6937955 0.1200031 -0.6909044 0.7159526 0.1003146 -0.6909043 0.7159528 0.1003149 -0.6909044 0.7159527 0.1003146 -0.6755036 0.7262641 0.1274182 -0.6737868 0.7268005 0.1333135 -0.6747632 0.7264793 0.1300864 -0.6772274 0.7230659 0.1361575 -0.6661685 0.7305337 0.1501337 -0.6617368 0.7329375 0.1578195 -0.6657738 0.7301794 0.1535688 -0.6660888 0.72777 0.1633295 -0.6092903 0.7675947 0.1989068 -0.6092904 0.7675945 0.1989069 -0.6092903 0.7675945 0.198907 -0.6711222 0.7380834 0.06948411 -0.6719233 0.7375836 0.06700354 -0.671848 0.7376567 0.06695449 -0.6756938 0.7345029 0.06279742 -0.8332849 0.5409973 0.1138339 -0.833285 0.5409974 0.1138339 -0.833285 0.5409974 0.1138339 -0.8172288 0.5472137 0.1808159 -0.8172287 0.5472137 0.1808159 -0.8172289 0.5472136 0.1808158 -0.9063873 0.3228983 0.2723944 -0.9063875 0.3228983 0.2723944 -0.9063874 0.3228983 0.2723943 -0.8093293 0.3742078 0.4527192 -0.8093292 0.3742079 0.4527192 -0.8093292 0.374208 0.4527194 -0.8291962 0.2843363 0.4812346 -0.8291962 0.2843362 0.4812347 -0.8291961 0.2843363 0.4812346 -0.6940038 0.3866136 0.6073622 -0.6940038 0.3866135 0.6073623 -0.6940037 0.3866135 0.6073622 -0.6548179 0.4787847 0.5847895 -0.6548179 0.4787848 0.5847895 -0.3922832 0.2324289 0.8899948 -0.3922832 0.2324289 0.8899948 -0.3922832 0.2324289 0.8899949 -0.1209554 0.02007013 0.9924551 -0.1209554 0.02007013 0.9924551 -0.1209554 0.02007013 0.9924551 -0.3172936 0.09869772 0.9431774 -0.3172935 0.09869813 0.9431774 -0.3172936 0.09869784 0.9431774 -0.7767002 -0.02620595 0.629325 -0.7767003 -0.02620595 0.629325 -0.7767003 -0.02620589 0.6293251 -0.5638823 0.1246879 0.8163883 -0.5572986 0.1179667 0.8218895 -0.5619058 0.1227136 0.8180485 -0.4824413 -0.02056109 0.875687 -0.4824413 -0.02056109 0.875687 -0.3972914 0.04519796 0.9165788 -0.3972905 0.04519677 0.9165792 -0.3972889 0.0451954 0.9165801 -0.9963041 3.29077e-4 0.08589613 -0.4126943 0.2257668 0.8824471 -0.4126943 0.2257668 0.8824471 -0.4126944 0.2257668 0.8824471 -0.5564873 0.1162058 0.8226896 -0.6089933 0.2426218 0.7551569 -0.6089934 0.2426217 0.7551568 -0.6089931 0.242622 0.755157 -0.8072259 0.1015841 0.5814355 -0.8072259 0.101584 0.5814355 -0.8072258 0.1015841 0.5814356 -0.8065392 0.1603116 0.5690296 -0.8065392 0.1603116 0.5690296 -0.8065394 0.1603117 0.5690295 -0.9555097 0.07629454 0.2849218 -0.9555097 0.07629466 0.2849219 -0.9555097 0.07629454 0.2849218 -0.8996005 0.2642956 0.3476592 -0.8996006 0.2642954 0.3476592 -0.8996006 0.2642953 0.3476592 -0.9771001 0.2002294 0.07199847 -0.9771 0.2002294 0.07199847 -0.9771001 0.2002294 0.07199847 -0.9801442 0.1900056 0.0567035 -0.9801442 0.1900056 0.05670356 -0.9801442 0.1900056 0.05670356 -0.4608001 0.8874712 -0.007634401 -0.4608001 0.8874712 -0.007634401 -0.4608001 0.8874711 -0.00763446 0.1746281 0.1114468 -0.978307 0.1746279 0.1114467 -0.9783071 0.174628 0.1114468 -0.9783071 -0.1331176 0.6851069 -0.7161762 -0.1350415 0.6801481 -0.7205292 -0.131784 0.6783785 -0.7227972 -0.02650624 0.5456175 -0.8376151 -0.02650612 0.5456176 -0.837615 -0.02650624 0.5456176 -0.837615 0.05798012 0.3723218 -0.9262909 0.05798012 0.3723218 -0.9262909 0.05798012 0.3723218 -0.9262909 0.03578448 0.4028166 -0.9145809 0.03578495 0.4028169 -0.9145808 0.03578454 0.4028167 -0.914581 0.1525016 0.1973043 -0.9684082 0.1525015 0.1973043 -0.9684082 0.1525015 0.1973043 -0.9684082 -0.3308893 0.923386 -0.1946042 -0.3316029 0.9231138 -0.1946807 -0.3308815 0.9233788 -0.1946513 -0.250381 0.8926539 -0.3748045 -0.250381 0.8926538 -0.3748046 -0.250381 0.8926538 -0.3748045 -0.2431816 0.8369647 -0.490258 -0.2431815 0.8369647 -0.490258 -0.2431817 0.8369647 -0.490258 -0.1900014 0.7894034 -0.5837308 -0.1900013 0.7894035 -0.5837309 -0.1900015 0.7894035 -0.5837308 -0.1328969 0.6882188 -0.7132274 -0.3881903 0.847002 0.363175 -0.3881906 0.8470019 0.3631749 -0.3881904 0.847002 0.363175 -0.3817877 0.9015205 0.2037134 -0.3817876 0.9015205 0.2037132 -0.3817876 0.9015205 0.2037132 -0.3865095 0.9143272 0.1208987 -0.388359 0.9127811 0.1265224 -0.3885528 0.912617 0.1271108 -0.3897079 0.9116162 0.1307054 -0.3313637 0.9426036 -0.04118901 -0.333855 0.9417075 -0.04156678 -0.3376028 0.9403037 -0.04305189 -0.3485243 0.5467998 0.7612758 -0.3485243 0.5467998 0.7612758 -0.3485243 0.5467999 0.7612758 -0.3763761 0.6829075 0.6260819 -0.376376 0.6829075 0.6260819 -0.3763761 0.6829075 0.6260818 -0.4931291 0.6329586 0.5968142 -0.4931291 0.6329586 0.5968142 -0.4931292 0.6329586 0.5968142 -0.02300596 0.6236082 -0.7813984 -0.0230059 0.6236083 -0.7813985 -0.02300614 0.6236081 -0.7813985 -0.1886056 0.7803879 -0.5961735 -0.1886054 0.780388 -0.5961734 -0.1886053 0.7803881 -0.5961734 -0.2171249 0.8475326 -0.4842987 -0.217125 0.8475326 -0.4842988 -0.217125 0.8475326 -0.4842988 -0.3034342 0.8867763 -0.3486483 -0.3027983 0.8858162 -0.3516288 -0.3030453 0.8852137 -0.3529309 -0.3302041 0.9236823 -0.1943615 -0.3914936 0.9174164 -0.07127445 -0.3914936 0.9174164 -0.07127445 -0.3914936 0.9174164 -0.07127445 -0.4086948 0.9052974 0.1157808 -0.4086949 0.9052973 0.1157808 -0.4086952 0.9052972 0.1157807 -0.3934015 0.8920885 -0.2222917 -0.3934014 0.8920886 -0.2222914 -0.3934016 0.8920885 -0.2222916 -0.6662756 0.7113465 0.2237477 -0.6662757 0.7113465 0.2237477 -0.4879804 0.8407769 0.2344555 -0.4879804 0.8407769 0.2344555 -0.4879804 0.8407769 0.2344555 -0.5413823 0.6708757 0.5067849 -0.5413826 0.6708756 0.5067848 -0.5413823 0.6708757 0.506785 -0.4065952 0.7241077 0.5570893 -0.4065954 0.7241077 0.5570892 -0.4065956 0.7241076 0.5570891 -0.3154808 0.3759935 0.8712639 -0.3154808 0.3759935 0.8712639 -0.3154808 0.3759935 0.8712639 -0.346077 0.5748517 0.741469 -0.346077 0.5748517 0.741469 -0.346077 0.5748517 0.741469 -0.4791218 0.5187811 0.7080314 -0.4791217 0.5187811 0.7080315 -0.4791219 0.5187812 0.7080314 -0.4091297 0.8054254 0.4288392 -0.4091292 0.8054255 0.4288393 -0.4091296 0.8054254 0.428839 -0.5732274 0.728022 0.3760246 -0.5732272 0.728022 0.3760247 -0.5732263 0.7280225 0.3760252 -0.4005795 0.9162461 0.005402803 -0.4005795 0.9162461 0.005402803 -0.4005795 0.9162461 0.005402922 -0.5641165 0.8233588 -0.06207126 -0.5641165 0.8233588 -0.06207132 -0.5641166 0.8233588 -0.06207138 -0.4143157 0.8643472 -0.2850379 -0.4143157 0.8643472 -0.2850379 -0.4143161 0.864347 -0.2850381 -0.3329211 0.8271288 -0.4527931 -0.2796307 0.8151915 -0.5072177 -0.2796307 0.8151914 -0.5072176 -0.2796306 0.8151913 -0.5072177 -0.1943721 0.7448569 -0.6382851 -0.1943717 0.7448572 -0.6382848 -0.1943718 0.7448571 -0.6382848 0.2856831 0.1595039 -0.944957 0.285683 0.1595038 -0.944957 0.285683 0.1595039 -0.944957 0.3551884 0.08201086 -0.9311903 0.3551882 0.08201074 -0.9311904 0.3551884 0.08201086 -0.9311904 0.1188955 0.4015073 -0.9081057 0.1188955 0.4015073 -0.9081056 0.1188955 0.4015073 -0.9081057 0.2394984 0.2949989 -0.9249953 0.2394984 0.2949989 -0.9249953 0.2394984 0.2949988 -0.9249953 -0.05768638 0.6070938 -0.7925335 -0.05768632 0.6070938 -0.7925335 -0.05768638 0.6070938 -0.7925335 0.1163065 0.489054 -0.8644645 0.1163063 0.489054 -0.8644646 0.1163064 0.489054 -0.8644646 -0.04310536 0.6292248 -0.7760272 -0.0431053 0.6292249 -0.7760271 -0.04310536 0.6292248 -0.7760272 -0.1261848 0.7108268 -0.6919557 -0.1261845 0.710827 -0.6919555 -0.1261846 0.710827 -0.6919556 -0.1750351 0.7868551 -0.5917955 -0.175035 0.7868552 -0.5917955 -0.1750352 0.7868551 -0.5917956 -0.2577259 0.8279335 -0.4981 -0.3133729 0.8820569 -0.3518141 -0.3721741 0.8887058 -0.2677473 -0.3721739 0.8887059 -0.2677472 -0.3721739 0.8887059 -0.2677471 -0.4245175 0.9016993 -0.08199638 -0.4245175 0.9016993 -0.08199638 -0.4245175 0.9016992 -0.08199626 -0.5539505 0.813786 0.1757591 -0.5539506 0.813786 0.175759 -0.5539506 0.813786 0.175759 -0.4465132 0.8693236 0.2119024 -0.4465131 0.8693236 0.2119024 -0.4465133 0.8693234 0.2119025 -0.4445911 0.7943711 0.4139004 -0.4445909 0.7943711 0.4139004 -0.4445912 0.794371 0.4139002 -0.4027067 0.811407 0.4236107 -0.4027066 0.8114071 0.4236108 -0.4027068 0.811407 0.4236107 -0.3715015 0.7286891 0.575325 -0.371501 0.7286893 0.5753251 -0.3715021 0.728689 0.5753248 -0.9711803 -0.1484997 0.186432 -0.9711802 -0.1484997 0.186432 -0.9711802 -0.1484997 0.186432 0.06113022 -0.2022815 0.9774177 0.06113034 -0.2022817 0.9774176 0.06113034 -0.2022817 0.9774176 -0.2648808 -0.7373227 0.6214447 -0.2648807 -0.7373228 0.6214446 -0.09941643 -0.7646561 0.6367239 -0.1004369 -0.7647382 0.6364652 -0.09940791 -0.7648324 0.6365137 0.01485949 -0.2158048 0.9763235 0.01485949 -0.2158047 0.9763235 0.01485949 -0.2158047 0.9763235 -0.0557571 -0.5047371 0.8614706 -0.0557571 -0.5047371 0.8614706 -0.05575704 -0.5047371 0.8614706 0.003796696 -0.5596374 0.828729 -0.09767812 -0.7638859 0.6379164 0.03121757 -0.7952219 0.6055144 0.03121745 -0.7952222 0.6055139 0.03121751 -0.7952222 0.605514 -0.8365777 -0.0202797 0.547473 -0.8365776 -0.0202797 0.547473 -0.8365777 -0.0202797 0.547473 -0.6890705 -0.2500332 0.680195 -0.6890706 -0.2500332 0.680195 -0.6791223 -0.2473105 0.6911081 -0.6791223 -0.2473106 0.6911081 -0.6791223 -0.2473106 0.6911081 -0.6593913 -0.2470327 0.7100549 -0.6593913 -0.2470327 0.710055 -0.6593913 -0.2470327 0.710055 -0.6478909 -0.2247897 0.7278097 -0.6478921 -0.2247841 0.7278103 -0.6478897 -0.2247885 0.7278111 -0.4702758 0.03073585 0.8819842 -0.4702758 0.03073585 0.8819842 -0.4702758 0.03073585 0.8819841 -0.47401 -0.6644667 0.5777529 -0.4740101 -0.6644669 0.5777528 -0.4740102 -0.6644665 0.5777531 -0.4090985 -0.6526988 0.6376697 -0.4090986 -0.6526988 0.6376697 -0.3660153 -0.4423559 0.8187515 -0.3663009 -0.4424954 0.8185485 -0.366213 -0.4424522 0.8186112 -0.3662225 -0.4424579 0.8186038 -0.2934854 -0.194781 0.9359096 -0.2934854 -0.194781 0.9359096 -0.2934854 -0.1947808 0.9359096 -0.1269504 -0.1486924 0.9807009 -0.1269504 -0.1486924 0.9807009 -0.1269504 -0.1486924 0.9807009 -0.6408988 -0.5628135 0.5220056 -0.6408988 -0.5628136 0.5220053 -0.6408988 -0.5628136 0.5220054 -0.7606183 -0.4248182 0.4909067 -0.7606183 -0.4248182 0.4909067 -0.7945615 -0.4208048 0.4377159 -0.7945616 -0.4208049 0.4377159 -0.7945615 -0.4208048 0.4377159 -0.9316532 -0.1916108 0.3087195 -0.9316532 -0.1916107 0.3087195 -0.9316532 -0.1916107 0.3087195 -0.9002272 -0.2224937 0.3742827 -0.9002271 -0.2224927 0.3742835 -0.9002271 -0.2224929 0.3742834 -0.7212781 0.6601703 -0.2096022 -0.7212781 0.6601704 -0.2096022 -0.7212784 0.6601701 -0.209602 -0.7095191 0.6970522 -0.1034451 -0.7095193 0.6970521 -0.1034449 -0.7095191 0.6970523 -0.1034451 -0.1483882 0.07598125 -0.986006 -0.1483884 0.07598114 -0.986006 -0.1483883 0.07598114 -0.986006 -0.1964132 0.1779232 -0.9642434 -0.196413 0.1779233 -0.9642435 -0.1964133 0.1779232 -0.9642434 -0.3051922 0.2451873 -0.9201853 -0.3065541 0.2392397 -0.9212974 -0.3043009 0.2357004 -0.9229553 -0.441168 0.4272838 -0.7891764 -0.441168 0.4272838 -0.7891764 -0.4245969 0.4214022 -0.801335 -0.4245967 0.4214024 -0.8013349 -0.4245969 0.4214022 -0.801335 -0.5026944 0.4865897 -0.714513 -0.5026946 0.4865896 -0.714513 -0.5026946 0.4865896 -0.714513 -0.5823395 0.5058192 -0.6364179 -0.5823395 0.5058191 -0.6364179 -0.6235145 0.5917046 -0.5109946 -0.6235144 0.5917047 -0.5109945 -0.6235144 0.5917048 -0.5109944 -0.5622837 0.6476811 -0.5141462 -0.5622838 0.6476809 -0.5141462 -0.5622839 0.6476809 -0.5141462 -0.5587642 0.659215 -0.5032079 -0.5587642 0.6592149 -0.5032081 -0.7880035 0.5550023 0.2665011 -0.7880036 0.5550025 0.2665011 -0.7880036 0.5550024 0.2665011 -0.6973886 0.6661809 0.2642958 -0.7039134 0.7013043 0.1125981 -0.7039135 0.7013043 0.112598 -0.7039134 0.7013043 0.112598 -0.7302244 0.6826296 0.02809435 -0.7302247 0.6826293 0.02809411 -0.7302247 0.6826293 0.02809405 -0.8088943 0.5871134 0.03143054 -0.8088943 0.5871134 0.03143054 -0.8088944 0.5871134 0.03143054 -0.6496099 0.6395152 0.4111294 -0.6496101 0.6395149 0.4111294 -0.6496101 0.639515 0.4111294 -0.6765984 0.4806815 0.5578172 -0.6782815 0.4790791 0.5571512 -0.6765376 0.4807299 0.5578493 -0.7174949 0.5601035 0.4141077 -0.7174949 0.5601034 0.4141078 -0.7174948 0.5601036 0.4141077 -0.7058675 0.560981 0.4324945 -0.7058694 0.5609807 0.4324917 -0.7058681 0.5609808 0.4324939 -0.7587763 0.5558716 0.3395076 -0.7587763 0.5558717 0.3395076 -0.7587763 0.5558716 0.3395076 -0.7803257 0.590213 0.2067376 -0.780325 0.5902138 0.2067381 -0.780326 0.5902128 0.2067376 -0.7717136 0.6294112 0.09110265 -0.7717135 0.6294114 0.0911026 -0.7717136 0.6294113 0.0911026 -0.7895088 0.6135089 0.01680779 -0.7895087 0.6135092 0.01680773 -0.7895087 0.6135092 0.01680767 -0.7667015 0.6075224 -0.2075703 -0.7667012 0.6075228 -0.2075702 -0.7667014 0.6075225 -0.2075703 -0.7666987 0.6155278 -0.1824796 -0.7666985 0.6155279 -0.1824798 -0.7666987 0.6155278 -0.1824796 -0.1385139 0.0872156 -0.9865128 -0.138514 0.08721548 -0.9865127 -0.1385141 0.08721542 -0.9865127 -0.123096 0.0826807 -0.9889445 -0.1226814 0.08486771 -0.9888108 -0.1222199 0.08650946 -0.9887256 -0.3107553 0.2368677 -0.9205025 -0.3010345 0.2326107 -0.9248083 -0.4803483 0.3597283 -0.7999132 -0.4803481 0.3597286 -0.7999131 -0.4803485 0.3597279 -0.7999132 -0.5020642 0.3650712 -0.7839991 -0.5020642 0.3650712 -0.7839992 -0.5020641 0.365071 -0.7839992 -0.6053 0.479629 -0.63527 -0.6052998 0.4796292 -0.6352701 -0.6053 0.4796291 -0.6352701 -0.6758254 0.506673 -0.5352966 -0.6770029 0.5053868 -0.5350245 -0.6769997 0.5053862 -0.5350292 -0.7266576 0.6093863 -0.317202 -0.7266576 0.6093863 -0.3172022 -0.7266575 0.6093863 -0.3172021 -0.722449 0.5395314 -0.4324042 -0.7224492 0.539531 -0.4324043 -0.7224488 0.5395317 -0.4324042 -0.6710977 0.5999944 -0.4354707 -0.671098 0.599994 -0.4354707 -0.682227 0.660024 -0.3145388 -0.6822273 0.6600238 -0.3145388 -0.6822272 0.6600238 -0.3145389 -0.6419018 0.6981019 -0.3172003 -0.6419022 0.6981015 -0.3172003 -0.6419022 0.6981015 -0.3172002 -0.6168395 0.7794812 -0.1091703 -0.6168394 0.7794813 -0.1091702 -0.6168395 0.7794812 -0.1091703 -0.6820887 0.6955958 -0.2256138 -0.6820886 0.6955958 -0.2256138 -0.6820888 0.6955958 -0.2256137 -0.597885 0.7946912 0.104878 -0.597885 0.7946912 0.104878 -0.5978851 0.7946912 0.104878 -0.6980634 0.7152662 -0.03319233 -0.6980632 0.7152665 -0.03319251 -0.6980638 0.7152659 -0.03319215 -0.614941 0.7874496 -0.04207819 -0.6149412 0.7874495 -0.04207819 -0.6149408 0.7874498 -0.04207813 -0.287799 0.1071031 -0.9516831 -0.2877987 0.1071032 -0.9516831 -0.287799 0.107103 -0.9516831 -0.6443146 0.7557081 -0.1173209 -0.6442726 0.7562984 -0.1136903 -0.6473538 0.7536629 -0.1136902 -0.6434938 0.7581782 -0.105269 -0.6645737 0.604674 -0.438989 -0.6645737 0.6046739 -0.4389889 -0.6645736 0.604674 -0.438989 -0.6719257 0.6239175 -0.3990526 -0.6001507 0.3785585 -0.7046365 -0.6001507 0.3785585 -0.7046365 -0.6307736 0.4239705 -0.6499029 -0.6307731 0.4239709 -0.6499031 -0.630773 0.423971 -0.6499032 -0.6104941 0.7565965 -0.2342194 -0.610494 0.7565966 -0.2342194 -0.6231237 0.7722274 -0.1240231 -0.6231236 0.7722276 -0.1240231 -0.6231236 0.7722276 -0.1240231 -0.5885561 0.6354988 -0.499743 -0.5885561 0.6354987 -0.499743 -0.5885561 0.6354988 -0.4997429 -0.6036914 0.6521938 -0.4584758 -0.6036915 0.6521936 -0.4584758 -0.4667767 0.4065735 -0.7853773 -0.4667766 0.4065737 -0.7853774 -0.4667766 0.4065736 -0.7853773 -0.5091524 0.4496131 -0.7339019 -0.5091524 0.4496131 -0.7339019 -0.3366481 0.2004518 -0.9200474 -0.336648 0.2004518 -0.9200474 -0.3366481 0.2004518 -0.9200474 -0.4597902 0.1055656 -0.8817307 -0.4597903 0.1055656 -0.8817306 -0.4597903 0.1055656 -0.8817306 -0.5247796 0.1791952 -0.8321632 -0.5247798 0.1791951 -0.8321631 -0.5247797 0.1791951 -0.832163 -0.5152527 0.3015088 0.8022514 -0.5152528 0.3015089 0.8022513 -0.5152525 0.3015087 0.8022514 -0.1073804 0.5041843 -0.8568943 -0.1073805 0.5041842 -0.8568943 -0.1073805 0.5041842 -0.8568943 -0.01678895 0.1819866 -0.9831577 -0.01678872 0.1819871 -0.9831577 -0.01678884 0.1819868 -0.9831577 0.05569767 0.1626905 -0.9851039 0.05569773 0.1626905 -0.9851039 0.05569767 0.1626905 -0.9851039 -0.08292102 0.3589239 -0.9296762 -0.08292025 0.3589243 -0.9296761 -0.08292007 0.3589244 -0.9296761 -0.581263 0.4151531 0.6998438 -0.581263 0.4151529 0.699844 -0.581263 0.4151532 0.6998438 -0.7822047 0.4346029 0.4464036 -0.7822048 0.434603 0.4464036 -0.7822047 0.4346029 0.4464036 -0.6360039 0.5152085 0.5745079 -0.6360039 0.5152078 0.5745086 -0.6360038 0.5152081 0.5745083 -0.8473073 0.5100954 0.1478955 -0.8473073 0.5100955 0.1478951 -0.8473072 0.5100955 0.147895 -0.8098716 0.549092 0.2064123 -0.8098717 0.5490917 0.2064124 -0.8098717 0.5490918 0.2064126 -0.8568772 0.5152727 0.01598858 -0.8568772 0.5152726 0.01598864 -0.856877 0.5152729 0.01598834 -0.7784348 0.609418 0.150496 -0.778435 0.6094176 0.1504963 -0.7784349 0.6094179 0.1504961 -0.8224013 0.5386027 -0.1832029 -0.8224013 0.5386027 -0.1832028 -0.8224013 0.5386028 -0.1832028 -0.8275807 0.4630633 -0.3173052 -0.8275807 0.4630634 -0.3173053 -0.8275808 0.4630634 -0.3173051 -0.6044438 0.3818312 0.69918 -0.6044439 0.3818314 0.69918 -0.6044438 0.3818314 0.69918 -0.6756029 0.4828044 0.5571901 -0.7517861 0.4830611 0.4488538 -0.7517861 0.483061 0.448854 -0.7517861 0.4830609 0.448854 -0.7552101 0.4928202 0.4321876 -0.7552099 0.4928187 0.4321896 -0.7552102 0.4928182 0.4321896 -0.7703984 0.539713 0.3394057 -0.7703984 0.5397131 0.3394056 -0.7703984 0.539713 0.3394058 -0.2593989 0.3969194 0.8804359 -0.2593989 0.3969195 0.8804359 -0.2593989 0.3969194 0.8804358 -0.3074987 0.2759059 0.9106705 -0.3074984 0.275906 0.9106705 -0.3074985 0.275906 0.9106705 -0.274584 0.5737457 0.7716345 -0.4215674 0.2719751 0.8650494 -0.4223834 0.2697095 0.8653606 -0.424827 0.2664396 0.8651774 -0.3300788 0.7437598 0.5812653 -0.330079 0.7437599 0.5812652 -0.330079 0.7437599 0.581265 -0.47877 0.5884036 0.6515831 -0.4787707 0.5884041 0.6515823 -0.47877 0.5884036 0.6515831 -0.4052911 0.84011 0.360492 -0.4052907 0.84011 0.3604925 -0.4052917 0.84011 0.3604913 -0.3891811 0.8519148 0.3503987 -0.3891812 0.8519148 0.3503987 -0.3891813 0.851915 0.3503984 -0.4606515 0.8668062 0.190912 -0.4606515 0.866806 0.1909124 -0.4606515 0.8668061 0.1909121 -0.1283902 0.5082808 -0.8515671 -0.1283903 0.5082804 -0.8515675 -0.1283903 0.50828 -0.8515676 -0.257402 0.6377025 -0.7260026 -0.2574019 0.6377025 -0.7260027 -0.257402 0.6377028 -0.7260024 -0.2077146 0.7578227 -0.618514 -0.2077146 0.7578228 -0.6185138 -0.2077147 0.7578227 -0.618514 -0.2650976 0.760175 -0.5931757 -0.2650979 0.7601746 -0.593176 -0.2650979 0.7601746 -0.593176 -0.4417573 0.828977 -0.3429979 -0.4417574 0.8289771 -0.3429978 -0.4417574 0.8289771 -0.3429979 -0.2678651 0.8864718 -0.3773807 -0.267865 0.8864715 -0.3773812 -0.2678651 0.8864716 -0.3773809 -0.5179306 0.8554216 0.001419842 -0.5179306 0.8554216 0.001419663 -0.5179305 0.8554216 0.001419842 -0.3388203 0.9399042 -0.04220151 -0.4321903 0.8931738 0.1243077 -0.4321906 0.8931738 0.1243059 -0.432191 0.8931739 0.124304 -0.1195708 0.08762276 -0.9889516 -0.0958141 0.09341019 -0.9910067 -0.09581416 0.09341019 -0.9910067 -0.09581422 0.09341007 -0.9910067 -0.2986981 0.235901 -0.9247325 -0.2986983 0.2359009 -0.9247325 -0.2986981 0.2359011 -0.9247325 -0.369584 0.2634871 -0.8910568 -0.4866546 0.3857576 -0.7838102 -0.5950123 0.4161968 -0.6875614 -0.5950123 0.4161968 -0.6875614 -0.5950123 0.4161969 -0.6875614 -0.6770824 0.5048903 -0.5353927 -0.7534029 0.5182744 -0.4046921 -0.753403 0.5182744 -0.4046921 -0.7534028 0.5182743 -0.4046922 -0.78751 0.5927623 -0.1687039 -0.78751 0.5927623 -0.1687037 -0.78751 0.5927623 -0.1687039 -0.8301946 0.5523517 -0.07539606 -0.8301946 0.5523518 -0.075396 -0.8301947 0.5523518 -0.07539606 -0.7590928 0.5938793 0.2666186 -0.7590927 0.5938794 0.2666187 -0.7590927 0.5938794 0.2666187 -0.1030886 0.1071648 -0.9888824 -0.1030887 0.1071648 -0.9888825 -0.1030885 0.1071649 -0.9888825 -0.04398149 0.1219887 -0.9915566 -0.04398131 0.1219891 -0.9915566 -0.04398149 0.1219888 -0.9915566 -0.3093718 0.3433001 -0.8868112 -0.3110536 0.3427324 -0.8864424 -0.3111901 0.3427785 -0.8863767 -0.315481 0.3424004 -0.8850049 -0.5163872 0.5186989 -0.6813926 -0.5163871 0.5186989 -0.6813926 -0.516387 0.5186986 -0.681393 -0.5459971 0.5079996 -0.6662009 -0.5459972 0.5079994 -0.6662009 -0.5459972 0.5079994 -0.666201 -0.6633993 0.6338068 -0.3977313 -0.6633994 0.6338068 -0.3977313 -0.7065283 0.60534 -0.3665806 -0.7065283 0.60534 -0.3665806 -0.730923 0.6790032 -0.06860208 -0.7309231 0.6790031 -0.0686019 -0.7309231 0.6790031 -0.06860172 -0.7748932 0.6315939 -0.02509844 -0.774893 0.631594 -0.02509838 -0.774893 0.631594 -0.02509838 -0.7108161 0.6501394 0.2684389 -0.7108161 0.6501393 0.268439 -0.710816 0.6501393 0.2684389 -0.7447097 0.5851807 0.3208912 -0.7447096 0.5851808 0.3208911 -0.6086236 0.5473189 0.574473 -0.6086236 0.547319 0.574473 -0.6086237 0.5473189 0.5744731 -0.6223084 0.4640091 0.6304188 -0.6223085 0.464009 0.6304188 -0.6223086 0.4640088 0.6304188 -0.4819257 0.4006953 0.7792245 -0.4819257 0.4006952 0.7792246 -0.4267632 0.2652084 0.8646026 -0.9210387 -0.003107368 0.3894589 -0.9210387 -0.003107428 0.3894589 -0.9210387 -0.003107368 0.3894589 -0.2478539 0.005990803 -0.968779 -0.1371468 0.01520818 -0.9904341 -0.1371468 0.01520818 -0.990434 -0.1371468 0.01520812 -0.990434 -0.09225142 0.007672309 -0.9957063 -0.09225142 0.007672309 -0.9957062 -0.09225142 0.007672309 -0.9957062 -0.5576377 0.04061084 0.8290905 -0.5576378 0.04061061 0.8290904 -0.5576377 0.0406109 0.8290905 -0.4714584 0.00579518 0.8818694 -0.4714583 0.00579518 0.8818694 -0.4714583 0.00579518 0.8818694 -0.4490522 0.005894064 0.8934862 -0.3439165 -0.004756152 0.9389882 -0.1372467 -0.01633924 0.9904022 -0.1372467 -0.01633924 0.9904022 -0.1372467 -0.01633918 0.9904022 -0.2505381 0.01910668 0.9679182 -0.2505381 0.0191065 0.9679182 -0.2505381 0.01910662 0.9679182 -0.09246963 -0.007693827 0.9956859 -0.09246957 -0.007693827 0.9956858 -0.09246957 -0.007693827 0.9956858 -0.7972713 -0.004687547 0.603603 -0.8606839 0.04569262 0.5070852 -0.7822299 0.0121929 0.6228706 -0.7208356 -0.001806378 0.6931037 -0.720835 -0.001797676 0.6931044 -0.720835 -0.001797676 0.6931044 -0.6682429 -0.005801975 0.7439205 -0.6211058 -0.00609982 0.783703 -0.6211058 -0.006099879 0.783703 -0.6211058 -0.006100118 0.783703 -0.9324468 0.00197184 -0.3613023 -0.9765308 0.02189147 -0.2142624 -0.9765309 0.02189147 -0.2142624 -0.9765309 0.02189153 -0.2142624 -0.98084 0.01575452 -0.1941773 -0.9988589 4.34053e-4 -0.04775691 -0.9988589 4.34001e-4 -0.04775691 -0.9988589 4.34006e-4 -0.04775691 -0.9767595 -0.001710116 0.2143318 -0.9767594 -0.001710116 0.2143318 -0.9767595 -0.001710057 0.2143318 -0.9872318 0.02384579 0.1574954 -0.9420911 0.001104116 0.3353554 -0.9420911 0.001104176 0.3353554 -0.9420911 0.001104056 0.3353554 -0.8621159 0.005100011 -0.5066857 -0.8621159 0.005099952 -0.5066857 -0.8621159 0.005100011 -0.5066856 -0.7970594 0.02738231 -0.6032799 -0.7540417 0.01109284 -0.656733 -0.7540417 0.01109284 -0.656733 -0.7540416 0.01109272 -0.656733 -0.3369 0.009200155 -0.9414955 -0.3369 0.009199976 -0.9414955 -0.3369 0.009200155 -0.9414955 -0.448928 0.01969975 -0.8933508 -0.448928 0.01969975 -0.8933508 -0.448928 0.01969975 -0.8933508 -0.4712433 0.02664059 -0.8816009 -0.59295 0.006317198 -0.8052145 -0.5929501 0.006317198 -0.8052146 -0.59295 0.006317138 -0.8052145 -0.6682587 0.005798816 -0.7439064 0.1369562 -0.007572948 0.9905483 0.0936945 0.002700686 0.9955974 0.0936945 0.002700686 0.9955974 0.0936945 0.002700626 0.9955974 0.07669121 0.007728815 -0.997025 0.07669121 0.007728755 -0.997025 0.07669121 0.007728755 -0.997025 0.1372694 0.01561516 -0.9904106 0.1372694 0.01561522 -0.9904107 0.1372694 0.01561522 -0.9904106 0.256829 0.00291717 -0.9664525 0.256829 0.00291717 -0.9664525 0.256829 0.00291717 -0.9664524 0.4442284 0.01764398 -0.8957399 0.4712639 0.02412557 -0.8816623 0.5870012 0.006299793 -0.8095616 0.5870012 0.006299734 -0.8095616 0.5870012 0.006299793 -0.8095617 0.663897 0.005799949 -0.7478016 0.663897 0.005800306 -0.7478016 0.663897 0.00579971 -0.7478016 0.7972545 0.01072943 -0.6035481 0.7504872 0.03331524 -0.6600448 0.9766117 0.01859247 -0.2142051 0.9766117 0.01859241 -0.2142051 0.9766117 0.01859241 -0.2142051 0.9495958 0.003084659 -0.3134618 0.9495958 0.003084838 -0.3134618 0.9495958 0.003084778 -0.3134618 0.8651086 0.003360033 -0.5015735 0.8651336 -0.00450015 0.5015213 0.8651337 -0.004500091 0.5015213 0.8651336 -0.00450015 0.5015213 0.94969 -0.001811921 0.3131864 0.94969 -0.001811861 0.3131864 0.94969 -0.001811861 0.3131864 0.9766374 0.01529115 0.214349 0.9766374 0.01529121 0.214349 0.994325 -7.97814e-4 0.1063832 0.9943249 -7.97832e-4 0.1063832 0.9943249 -7.97827e-4 0.1063832 0.9942619 7.9857e-4 -0.1069701 0.9942619 7.98625e-4 -0.1069701 0.9942619 7.98566e-4 -0.1069701 0.2713954 -0.01099872 0.9624052 0.2713954 -0.01099854 0.9624052 0.2713954 -0.01099866 0.9624052 0.4473364 0.003909766 0.8943573 0.4473364 0.003909647 0.8943572 0.4473364 0.003909468 0.8943573 0.4712609 0.009946465 0.8819378 0.5897706 -0.006284236 0.8075465 0.7972718 -0.004697263 0.6036023 0.671118 0.05559813 0.7392628 0.7507188 0.02290266 0.6602247 0.7507188 0.02290266 0.6602248 2.4284e-4 0.9999696 0.007801949 1.72996e-5 0.9999703 0.007712483 7.47529e-5 0.99997 0.007746934 5.69493e-6 0.9999717 0.00752592 2.86034e-4 0.9999704 0.007705092 2.08785e-4 0.9999706 0.007675051 1.13275e-4 0.9999693 0.007843434 7.55981e-5 0.999968 0.008001744 1.81958e-4 0.999971 0.007607221 1.93798e-4 0.9999715 0.007553517 -3.40755e-5 0.9999698 0.007770597 2.74125e-5 0.999969 0.0078848 1.75608e-5 0.9999675 0.008075237 1.10937e-4 0.9999678 0.008026659 0 0.9999672 0.008107721 -3.00154e-7 0.9999672 0.008107841 -2.38118e-4 0.9999698 0.007774889 7.39674e-5 0.9999714 0.007576227 -1.10825e-4 0.9999708 0.007642805 -3.2615e-4 0.9999685 0.007928669 -2.73335e-4 0.9999691 0.007852613 -1.42599e-4 0.9999701 0.007727324 -6.00748e-5 0.9999703 0.007720768 -1.40878e-4 0.9999703 0.007722437 -1.74419e-4 0.9999704 0.007689058 -1.4969e-4 0.9999718 0.007519364 -5.49666e-5 0.9999703 0.007712781 3.84654e-6 0.9999688 0.007914245 1.73411e-4 0.9999694 0.00783044 -2.3812e-4 0.9999698 0.007774889 7.3967e-5 0.9999714 0.007576167 -1.10824e-4 0.9999708 0.007642865 -3.2615e-4 0.9999685 0.007928729 -2.73334e-4 0.9999691 0.007852613 -1.42599e-4 0.9999701 0.007727324 -6.00748e-5 0.9999703 0.007720768 -1.40878e-4 0.9999702 0.007722437 -1.74419e-4 0.9999704 0.007689058 -1.4969e-4 0.9999718 0.007519364 -5.49662e-5 0.9999703 0.007712841 -3.45198e-5 0.9999698 0.007776319 2.42761e-6 0.9999697 0.007799386 2.52119e-4 0.9999696 0.007802426 -1.23417e-6 0.9999705 0.007689893 -4.70489e-5 0.9999701 0.007734775 -9.77076e-5 0.9999705 0.007679939 2.67282e-4 0.9999685 0.007947742 0 0.9999699 0.007772147 3.84705e-6 0.9999688 0.007914185 7.12758e-5 0.999968 0.008010566 -1.60904e-5 0.9999687 0.007929682 -7.50301e-5 0.9999693 0.007848381 -1.16834e-4 0.9999695 0.007822453 -1.37938e-4 0.9999695 0.007821202 2.34302e-4 0.9999707 0.007663846 1.04326e-4 0.9999698 0.007773101 1.46632e-4 0.9999698 0.007767736 -0.01946431 0.9963429 0.08319956 -0.02161258 0.996387 0.08213454 -0.01935267 0.9963433 0.08321952 0.2112873 0.9760612 0.05159807 0.2112873 0.9760612 0.05159771 0.2112874 0.9760612 0.05159807 0.112625 0.9920529 0.05609524 0.112625 0.9920529 0.05609506 0.112625 0.9920529 0.0560953 -0.1686207 0.9841229 0.05540186 -0.1686207 0.9841229 0.05540168 -0.1686207 0.9841229 0.05540162 -0.008027434 0.9976472 0.06808578 -0.008027434 0.9976472 0.06808578 -0.008027434 0.9976472 0.06808578 -0.05128365 0.9950028 0.08567136 -0.05128359 0.9950028 0.08567142 -0.05128359 0.9950027 0.08567148 0.03456115 0.9971266 0.06740957 0.03456115 0.9971266 0.06740969 0.03456115 0.9971266 0.06740969 -0.01915132 0.9928421 0.1178886 -5.65593e-4 0.9941172 0.1083082 -5.6559e-4 0.9941172 0.1083083 -5.6559e-4 0.9941173 0.1083083 -0.01876747 0.9963129 0.08371698 -0.1301302 0.9798101 0.1517844 -0.1301302 0.97981 0.1517844 -0.1301302 0.97981 0.1517844 0.04802894 0.9905476 0.1284866 0.04802894 0.9905476 0.1284866 0.04802894 0.9905476 0.1284866 0.001611709 0.9889388 0.148315 -0.4115452 0.9028723 0.1243073 -0.4115451 0.9028723 0.1243074 -0.4115452 0.9028723 0.1243074 -0.2540974 0.9608917 0.110099 -0.2540974 0.9608917 0.110099 -0.2540974 0.9608917 0.1100988 -0.1990951 0.9784375 0.05496555 -0.1990951 0.9784376 0.05496555 -0.1990951 0.9784376 0.05496555 -0.3101176 0.9487563 0.06073415 -0.3290261 0.941065 0.07834869 -0.3624315 0.9281846 0.08436119 -0.3623355 0.9253855 0.1112418 -0.4401763 0.886991 0.1396128 -0.4401763 0.8869911 0.1396128 -0.4401763 0.8869911 0.1396128 -0.1878817 0.9704993 0.1511012 -0.1878817 0.9704993 0.1511014 -0.1878817 0.9704993 0.1511012 -0.5556238 0.8225241 0.1213931 -0.5556238 0.8225241 0.1213932 -0.5556238 0.8225241 0.1213931 -0.4766839 0.8707485 0.1207051 -0.4766839 0.8707485 0.120705 -0.4766839 0.8707485 0.1207051 -0.615417 0.785096 0.06990176 -0.615417 0.7850961 0.06990176 -0.6154169 0.7850961 0.06990164 -0.5051664 0.8606929 0.06336313 -0.9782978 -0.2071984 -0.001553356 -0.977826 -0.2094128 -0.001600265 -0.9793197 -0.2023121 -0.001650393 -0.9800032 -0.1989748 -0.001701474 -0.8133402 -0.5817715 -0.00443989 -0.8121793 -0.5833916 -0.004373371 -0.8158857 -0.5781959 -0.004488289 -0.8173267 -0.5761569 -0.004496872 -0.2704742 0.9626988 0.00740081 -0.2704743 0.9626988 0.00740087 -0.2704743 0.9626988 0.007399916 -0.09745758 0.9952084 0.007898509 -0.09745752 0.9952083 0.00789839 -0.09745758 0.9952084 0.00789839 -0.08008033 0.9967579 0.007799685 -0.08008033 0.9967579 0.007799446 -0.08008033 0.9967579 0.007799446 -0.2539936 0.9671769 0.007499814 -0.2539936 0.9671769 0.007499814 -0.2539936 0.9671769 0.007499516 -0.4711085 0.882048 0.006945848 -0.4696958 0.8828014 0.006899654 -0.4773225 0.8787004 0.006990909 -0.4791156 0.8777239 0.007000029 -0.6467478 0.7626813 0.005897998 -0.6467478 0.7626812 0.005897939 -0.6467478 0.7626813 0.005897879 -0.8091083 0.58763 0.005900561 -0.8091083 0.58763 0.005900382 -0.8091083 0.58763 0.005900204 -0.765887 0.6429558 0.005001425 -0.765887 0.6429558 0.005001485 -0.765887 0.6429558 0.005001723 -0.9723126 0.2336771 0.001799345 -0.9723748 0.2334181 0.001799941 -0.9723113 0.2336826 0.001799881 -0.9722494 0.2339403 0.001798093 -3.57644e-6 0.9999696 0.007803261 3.74922e-6 0.9999697 0.007785201 -1.64417e-6 0.9999696 0.007798492 6.94407e-6 0.9999698 0.007777392 0.9808602 0.1947074 0.001500129 0.9808602 0.1947074 0.001500189 0.9808602 0.1947074 0.00150007 0.9911894 0.132434 0.00220257 0.9911894 0.1324343 0.002197086 0.9911894 0.1324343 0.002197146 0.9402675 0.3404276 0.002501964 0.9402675 0.3404276 0.002502024 0.9402674 0.3404276 0.002502024 0.8324808 0.5540347 0.004620194 0.82131 0.5704652 0.004406392 0.551795 0.8339549 0.006456911 0.5505985 0.8347449 0.006503164 0.5539103 0.8325521 0.006367802 0.5548775 0.8319073 0.006430208 0.1917422 0.9814156 0.007648348 0.1902994 0.9816956 0.007752537 0.1932643 0.9811172 0.007610082 0.1947244 0.9808284 0.007621824 0.1243036 -0.007731914 0.9922142 0.1243038 -0.007689476 0.9922145 0.1243479 -0.007707238 0.9922088 0.1243006 -0.007705152 0.9922147 0.1242933 -0.007758915 0.9922152 0.1242924 -0.007758498 0.9922153 0.1242229 -0.007818102 0.9922236 0.1241729 -0.007551729 0.992232 0.124254 -0.007434785 0.9922226 0.1242957 -0.0075953 0.9922162 0.124292 -0.007674932 0.992216 0.1243195 -0.007750391 0.9922119 0.1243215 -0.007784485 0.9922115 0.1242824 -0.007767677 0.9922166 0.1243538 -0.007905125 0.9922065 0.124283 -0.007819414 0.9922161 0.1243279 -0.007730364 0.9922112 0.1242445 -0.007804632 0.9922209 0.1242877 -0.007732927 0.9922161 0.124284 -0.007750689 0.9922164 0.1243382 -0.00761193 0.9922108 0.1242962 -0.007818698 0.9922144 0.1243013 -0.007717728 0.9922145 0.124301 -0.007673084 0.992215 0.1243007 -0.007713377 0.9922146 0.1242974 -0.007709145 0.992215 0.1241902 -0.007837772 0.9922275 0.1243196 -0.00759226 0.9922133 0.1243072 -0.007775247 0.9922134 0.1243043 -0.007740318 0.992214 0.1243073 -0.007664918 0.9922143 0.1242955 -0.007660508 0.9922157 0.1242906 -0.00767672 0.9922162 0.1242785 -0.007674992 0.9922177 0.1243124 -0.007838845 0.9922122 0.1242871 -0.007718563 0.9922163 0.1242911 -0.007749438 0.9922156 0.1242978 -0.007763743 0.9922147 0.1243021 -0.00769174 0.9922147 0.124305 -0.007685184 0.9922143 0.1243073 -0.00766766 0.9922142 0.5261273 -0.5230165 0.6705548 0.5260528 -0.5229779 0.6706435 0.5258461 -0.5228707 0.6708891 0.5257714 -0.5228321 0.6709777 0.648884 -0.7608643 -0.005937159 0.6487116 -0.7610114 -0.005910336 0.6488702 -0.7608761 -0.005935013 0.6489511 -0.7608073 -0.005891621 0.5859628 -0.8103137 -0.006290555 0.4707926 -0.8822047 -0.008314728 0.3625898 -0.9319262 -0.006502211 0.3625898 -0.9319262 -0.00650227 0.3625898 -0.9319262 -0.00650227 0.1644191 -0.9863576 -0.008074402 0.0176326 -0.9998214 -0.006797134 0.0176326 -0.9998214 -0.006797015 0.0176326 -0.9998214 -0.006797015 -0.05261671 -0.9985843 -0.007799625 -0.05261671 -0.9985844 -0.007799625 -0.05261671 -0.9985844 -0.007799804 -0.3016844 -0.9533795 -0.007354319 -0.3028444 -0.9530113 -0.007401883 -0.3008967 -0.9536286 -0.007334351 -0.299849 -0.9539589 -0.007298707 -0.5641201 -0.8256676 -0.006457626 -0.5652239 -0.824912 -0.006500124 -0.5633414 -0.8261992 -0.006436347 -0.5624603 -0.8267996 -0.006399512 -1 0 0 -1 -1.32021e-6 0 -1 -1.86895e-5 0 -1 -1.76751e-6 0 -1 -1.73416e-7 0 -1 -3.88786e-7 0 -0.1951422 -0.9807457 -0.007581055 -0.2140274 -0.9767891 -0.008695125 -0.2140274 -0.9767891 -0.008695065 -0.2140274 -0.9767891 -0.008695185 -0.5553056 -0.8316283 -0.005489408 -0.6056081 -0.7957198 -0.008299589 -0.6056081 -0.7957198 -0.008299589 -0.6056081 -0.7957198 -0.008299589 -0.8315083 -0.5555068 -0.002500176 -0.8315083 -0.5555068 -0.002488374 -0.8315083 -0.5555068 -0.002500295 -0.8863694 -0.4629345 -0.006401836 -0.8863694 -0.4629345 -0.006401896 -0.8863694 -0.4629345 -0.006401836 -0.9807629 -0.1952006 9.01494e-4 -0.980763 -0.1952006 9.0155e-4 -0.980763 -0.1952006 9.01537e-4 -0.9914938 -0.1301503 -0.001006126 1.28152e-5 -0.9999697 -0.007793247 1.78975e-5 -0.999969 -0.007877469 4.5662e-6 -0.9999691 -0.007875442 0 -0.9999691 -0.007876634 0 -0.9999691 -0.007876813 3.51692e-4 -0.9999691 -0.007855653 -1.08402e-5 -0.9999724 -0.007432103 -2.31122e-6 -0.9999707 -0.007663726 -7.44305e-7 -0.9999704 -0.007689535 0 -0.9999678 -0.008033931 -1.61723e-7 -0.9999696 -0.007805407 -6.2603e-6 -0.9999697 -0.007788538 8.60783e-6 -0.9999692 -0.00786364 0 -0.9999697 -0.00779885 0 -0.9999701 -0.007729709 -1.64231e-4 -0.999968 -0.008001267 -3.68489e-6 -0.9999702 -0.007730484 -2.73169e-5 -0.9999682 -0.007977962 -1.47347e-6 -0.9999693 -0.007851958 1.91719e-6 -0.9999696 -0.007803082 1.39354e-5 -0.9999706 -0.007667899 -5.55395e-6 -0.9999705 -0.007683932 6.76319e-6 -0.99997 -0.007755815 7.20797e-6 -0.9999696 -0.007817149 -5.34207e-6 -0.9999697 -0.007791519 1.50423e-5 -0.9999722 -0.007455408 3.49037e-6 -0.9999701 -0.007734477 -2.24361e-5 -0.9999691 -0.007858812 -3.63733e-5 -0.9999696 -0.007807314 -1.03161e-5 -0.9999695 -0.00781244 2.23959e-7 -0.9973614 -0.07259565 2.24427e-7 -0.9973614 -0.07259559 0 -0.9973614 -0.07259565 0.00142014 -0.9792768 -0.2025217 0 -0.9640274 -0.2658035 1.33454e-7 -0.9640274 -0.2658035 -3.26421e-7 -0.9640274 -0.2658035 0 -0.8271528 -0.5619773 0 -0.8271498 -0.5619816 0 -0.8271499 -0.5619816 0 -0.8271528 -0.5619772 0 -0.5491163 -0.8357459 0 -0.5491164 -0.835746 0 -0.5491163 -0.8357459 0 -0.5490763 -0.8357723 0 -0.1872313 -0.9823158 0 -0.1872301 -0.9823161 0 -0.1875597 -0.9822533 0 -0.1875609 -0.982253 -0.03090441 -0.9787822 -0.2025595 -0.03081715 -0.9788124 -0.2024267 -0.03104472 -0.9787335 -0.2027729 -0.08768481 -0.8239229 -0.5598772 -0.08770334 -0.8239006 -0.5599072 -0.08766925 -0.8239468 -0.5598445 -0.1306704 -0.5443007 -0.8286508 -0.1306481 -0.5443334 -0.8286327 -0.1306053 -0.544342 -0.8286339 -0.1535863 -0.1850775 -0.970648 -0.1536224 -0.1850056 -0.9706561 -0.1535109 -0.1851986 -0.9706369 -0.153536 -0.1851591 -0.9706404 -0.3395003 -0.1877979 -0.9216678 -0.3395003 -0.1877976 -0.9216678 -0.3395003 -0.1877977 -0.9216678 -0.4490841 -0.1397895 -0.8824865 -0.449084 -0.1397896 -0.8824865 -0.4794161 -0.1871291 -0.8574047 -0.4794162 -0.1871291 -0.8574047 -0.4794162 -0.1871291 -0.8574048 -0.693798 -0.1873553 -0.6953722 -0.6938312 -0.1873288 -0.6953461 -0.6937769 -0.187406 -0.6953795 -0.6938002 -0.1874242 -0.6953513 -0.874297 -0.1892271 -0.4469876 -0.874266 -0.1892852 -0.4470237 -0.8742733 -0.1893184 -0.4469954 -0.8742704 -0.1893238 -0.4469988 -0.9691401 -0.1917381 -0.1549326 -0.9691476 -0.1916537 -0.1549893 -0.9691592 -0.1916753 -0.1548905 -0.9691686 -0.1915946 -0.1549322 -0.1305829 -0.5444186 -0.8285871 -0.3787684 -0.5449848 -0.7480148 -0.3789121 -0.5450144 -0.7479204 -0.3789088 -0.5449957 -0.7479358 -0.3789216 -0.544983 -0.7479386 -0.5902249 -0.5461845 -0.5944049 -0.5901619 -0.5462505 -0.5944068 -0.5902386 -0.5461708 -0.5944038 -0.5900834 -0.5463472 -0.5943958 -0.7436797 -0.5478364 -0.3831657 -0.7436394 -0.5478659 -0.3832016 -0.7436735 -0.5478397 -0.3831731 -0.7437118 -0.547734 -0.3832497 -0.8243988 -0.5497399 -0.1347326 -0.8243626 -0.5497782 -0.1347969 -0.8244318 -0.549713 -0.1346399 -0.8243723 -0.5497713 -0.1347667 -0.08766436 -0.8239623 -0.5598225 -0.2543711 -0.8243749 -0.5056695 -0.2543917 -0.8243625 -0.5056793 -0.2542132 -0.8244612 -0.505608 -0.2542874 -0.8244111 -0.5056524 -0.3962117 -0.8251625 -0.4026454 -0.3960793 -0.8252525 -0.4025911 -0.3961305 -0.8252123 -0.4026231 -0.3961659 -0.8252114 -0.4025901 -0.4992827 -0.82626 -0.2607898 -0.4992576 -0.8262766 -0.2607855 -0.4990996 -0.826444 -0.2605569 -0.4994477 -0.8262425 -0.2605295 -0.5534586 -0.827537 -0.09416007 -0.5534499 -0.8275606 -0.09400433 -0.5534074 -0.8275784 -0.09409809 -0.5533974 -0.8275851 -0.09409767 -0.03111642 -0.9787088 -0.2028821 -0.08929711 -0.9789419 -0.1835725 -0.089679 -0.9788489 -0.1838815 -0.08949792 -0.9789454 -0.1834562 -0.08952718 -0.9789414 -0.1834633 -0.1395571 -0.9792146 -0.1471831 -0.1395367 -0.9792186 -0.1471756 -0.1394947 -0.9792306 -0.1471356 -0.1399105 -0.9791476 -0.1472923 -0.17589 -0.9795891 -0.0973041 -0.1759382 -0.979583 -0.09727799 -0.1759435 -0.9795858 -0.09723973 -0.1759576 -0.9795911 -0.09716093 -0.1950778 -0.9800289 -0.03857582 -0.1949446 -0.9800519 -0.03866386 -0.1949974 -0.9800478 -0.03850054 -0.1950579 -0.9800359 -0.03850185 -0.9808713 -0.1946522 -0.001495003 -0.9808758 -0.1946292 -0.001492142 -0.9808104 -0.1949586 -0.001497626 -0.8313672 -0.5557072 -0.00427556 -0.8314353 -0.5556049 -0.004298448 -0.8314785 -0.5555403 -0.004304826 -0.555561 -0.8314504 -0.006497144 -0.5553049 -0.8316214 -0.00651431 -0.5552318 -0.8316702 -0.006508946 -0.555607 -0.8314197 -0.006499826 -0.195114 -0.9807512 -0.007600367 -0.1951429 -0.980746 -0.007519125 -0.1952449 -0.9807257 -0.007525742 -0.195122 -0.9807496 -0.007600724 -0.9807789 -0.1951162 -0.001561105 -0.9807869 -0.1950764 -0.001555442 -0.8314825 -0.5555344 -0.004301071 -0.1951054 -0.9805079 0.02320182 -0.1950043 -0.9805249 0.02333086 -0.1950139 -0.9805237 0.02330064 -0.5534308 -0.8289247 0.08122986 -0.5534343 -0.8289213 0.08124172 -0.5534261 -0.8289293 0.08121526 -0.9691795 -0.1940385 0.1517903 -0.9691804 -0.1938409 0.1520374 -0.969154 -0.194069 0.1519144 -0.8243443 -0.551824 0.1262809 -0.8243427 -0.5518192 0.1263129 -0.8243362 -0.5518396 0.1262659 -0.9691531 -0.1940505 0.1519439 -0.8742865 -0.1962286 0.4439792 -0.8742865 -0.1962287 0.4439792 -0.8742865 -0.1962287 0.4439792 -0.9081711 -0.1116439 0.4034364 -0.9081712 -0.1116439 0.4034364 -0.9081711 -0.1116439 0.4034364 -0.8225712 -0.1990101 0.5327021 -0.8225713 -0.1990105 0.5327019 -0.8225713 -0.1990103 0.5327021 -0.6938821 -0.1982694 0.692255 -0.6938332 -0.1982184 0.6923186 -0.6940994 -0.1980522 0.6920992 -0.6938311 -0.1980864 0.6923586 -0.534165 -0.2011615 0.8210979 -0.534165 -0.2011615 0.8210979 -0.5341651 -0.2011615 0.8210979 -0.4496492 -0.1446684 0.8814119 -0.4496492 -0.1446684 0.8814117 -0.4496492 -0.1446684 0.8814117 -0.3990517 -0.2010435 0.8946169 -0.3990517 -0.2010435 0.8946169 -0.1535845 -0.2002009 0.9676422 -0.1535191 -0.2002739 0.9676375 -0.1535006 -0.2003105 0.9676328 -0.1535035 -0.2003074 0.9676331 -0.8243721 -0.5517785 0.1262975 -0.7437169 -0.5536694 0.3746138 -0.7436996 -0.5537027 0.3745989 -0.7435824 -0.5538537 0.3746083 -0.7436507 -0.5537082 0.3746876 -0.5901218 -0.5553722 0.5859335 -0.5897998 -0.5554679 0.586167 -0.5901781 -0.5553779 0.5858715 -0.5901206 -0.5553393 0.585966 -0.378989 -0.5566008 0.7392989 -0.3788499 -0.5565814 0.7393848 -0.3788942 -0.5565971 0.7393503 -0.378844 -0.556598 0.7393754 -0.1308628 -0.5571722 0.8200209 -0.1306259 -0.5572357 0.8200155 -0.1306077 -0.5571642 0.8200669 -0.130591 -0.5571603 0.8200723 -0.5534079 -0.8289467 0.08116197 -0.499175 -0.8302299 0.2480781 -0.4992252 -0.8302509 0.2479069 -0.4993044 -0.8302239 0.2478381 -0.4992915 -0.8302354 0.247825 -0.3962007 -0.831301 0.3898254 -0.3962038 -0.8313125 0.3897975 -0.3962407 -0.831268 0.3898553 -0.3962312 -0.8312672 0.3898662 -0.2544016 -0.8320733 0.4928833 -0.2544019 -0.832082 0.4928684 -0.2544053 -0.8321241 0.4927957 -0.2543908 -0.8323042 0.4924988 -0.08771646 -0.8325194 0.5470077 -0.08771401 -0.8325219 0.5470042 -0.08771967 -0.8325163 0.5470119 -0.08752131 -0.8327678 0.5466607 -0.1949774 -0.980531 0.02329611 -0.1758884 -0.9809901 0.08198761 -0.175916 -0.9809822 0.08202117 -0.1758934 -0.9809913 0.08196181 -0.1758918 -0.9809891 0.08199125 -0.1395772 -0.9813937 0.131851 -0.1395828 -0.9813814 0.131937 -0.1397572 -0.981355 0.1319486 -0.1395541 -0.9813832 0.1319542 -0.0895701 -0.9816675 0.1682447 -0.08963572 -0.9816486 0.1683197 -0.08959323 -0.9816589 0.1682827 -0.0895918 -0.9816604 0.1682749 -0.03090035 -0.9817968 0.1874042 -0.03088653 -0.9818171 0.1873002 -0.03090482 -0.9817879 0.1874501 -0.03090429 -0.9817876 0.1874512 -1.23751e-4 -0.9817666 0.1900907 0 -0.9822489 0.1875822 -3.1389e-4 -0.9810035 0.1939901 -3.02022e-4 -0.9806917 0.1955597 2.67918e-4 -0.8359767 0.5487649 -4.98699e-4 -0.8218506 0.569703 -4.98704e-4 -0.8218506 0.5697029 -4.98647e-4 -0.8218506 0.5697029 4.98409e-4 -0.5619789 0.8271515 4.98377e-4 -0.5619789 0.8271515 4.9832e-4 -0.5619789 0.8271515 -7.46012e-4 -0.5271179 0.8497919 6.92569e-4 -0.2025218 0.9792776 0 -0.1786277 0.9839168 -0.9799925 -0.1952042 0.0388599 -0.9799925 -0.1952042 0.0388599 -0.9799926 -0.1952042 0.0388599 -0.9802483 -0.03521692 0.1946102 -0.9802483 -0.03521698 0.1946102 -0.9802483 -0.03521698 0.1946102 -0.5499028 -0.1487026 0.8218847 -0.5498772 -0.1487883 0.8218864 -0.5499862 -0.1488254 0.8218067 -0.1922696 -0.1749071 0.9656293 -0.1922562 -0.1750022 0.9656147 -0.1921901 -0.1748951 0.9656473 -0.8259751 -0.2971851 0.4790055 -0.825982 -0.2971934 0.4789886 -0.8259812 -0.2971919 0.4789909 -0.8259373 -0.463392 0.3210847 -0.8259987 -0.4632175 0.321179 -0.8258378 -0.4633842 0.3213521 -0.8260175 -0.4632354 0.3211043 -0.826011 -0.5527872 0.1101471 -0.8259924 -0.5528061 0.1101921 -0.8260586 -0.5526856 0.1102985 -0.8259816 -0.5528114 0.1102454 -0.5498166 -0.1488546 0.821915 -0.5474429 -0.4411271 0.7111351 -0.5474782 -0.4411862 0.7110714 -0.5474814 -0.4411939 0.7110641 -0.5474484 -0.441197 0.7110875 -0.5475111 -0.6877025 0.4767568 -0.5475031 -0.6877413 0.4767099 -0.5475109 -0.6877025 0.4767568 -0.5475742 -0.687619 0.4768046 -0.5475002 -0.8206416 0.1636798 -0.5474736 -0.8206504 0.1637241 -0.5474548 -0.8206667 0.1637055 -0.5474119 -0.8207016 0.1636742 -0.1921975 -0.1748545 0.9656533 -0.1912595 -0.5174679 0.8340545 -0.1911483 -0.5174893 0.8340666 -0.19126 -0.5174679 0.8340544 -0.1910153 -0.5174728 0.8341075 -0.1910248 -0.8065634 0.5594328 -0.1911414 -0.806714 0.5591758 -0.1910285 -0.8065606 0.5594355 -0.1912425 -0.8066323 0.5592589 -0.1912589 -0.9625787 0.1919959 -0.1912179 -0.9626045 0.1919075 -0.1912633 -0.9625778 0.1919959 -0.1912476 -0.9625765 0.1920176 -0.9799939 -0.163555 0.1134103 -0.9799939 -0.163555 0.1134102 -0.9799939 -0.163555 0.1134103 -0.8276253 -0.1000995 0.5522829 -0.8276505 -0.1001055 0.5522441 -0.8276244 -0.100097 0.5522848 -0.8276041 -0.1000978 0.552315 -0.8259513 -0.2972249 0.4790217 -0.9799742 -0.1049966 0.1691939 -0.9799742 -0.1049966 0.1691939 -0.9699845 -0.175592 0.1682193 -0.9699845 -0.1755918 0.1682192 -0.9699845 -0.1755917 0.1682192 -0.8831002 -0.4365953 0.1718103 -0.8831001 -0.4365954 0.1718105 -0.8831003 -0.436595 0.1718102 -0.8697025 -0.4189895 0.2608938 -0.8697025 -0.4189895 0.2608937 -0.8697024 -0.4189895 0.2608938 -0.9199059 -0.2836228 0.2707979 -0.9199058 -0.2836228 0.2707979 -0.9199059 -0.2836228 0.2707978 -0.4044591 -0.8987832 0.1691203 -0.4044591 -0.8987832 0.1691204 -0.4044591 -0.8987833 0.1691204 -0.395583 -0.8480328 0.3526395 -0.3955833 -0.8480327 0.3526394 -0.3955829 -0.8480328 0.3526396 -0.2078157 -0.9681249 0.1398108 -0.2078157 -0.9681248 0.1398108 -0.2078156 -0.9681249 0.1398109 -0.1037252 -0.9906803 0.08828186 -0.1037252 -0.9906803 0.08828192 -0.1037253 -0.9906803 0.08828186 -0.03340119 -0.9858283 0.164399 -0.03288859 -0.9857023 0.1652554 -0.03163105 -0.9850963 0.1690704 -0.03201913 -0.9849033 0.1701186 -0.09548944 -0.8456507 0.5251255 -0.09552466 -0.8455902 0.5252166 -0.09550315 -0.8456177 0.525176 -0.09599483 -0.8455203 0.5252432 -0.1493893 -0.542098 0.8269298 -0.149531 -0.5422283 0.8268187 -0.1495375 -0.5422343 0.8268135 -0.1492274 -0.5423756 0.8267768 -0.1741028 -0.1817173 0.9678156 -0.1741364 -0.1816893 0.9678149 -0.1741021 -0.1816736 0.967824 -0.1740942 -0.1817175 0.9678171 -0.8326459 -0.1769877 0.5247632 -0.8326821 -0.176904 0.5247337 -0.8326075 -0.1769415 0.5248395 -0.8326642 -0.1768835 0.524769 -0.7573806 -0.4480517 0.4749994 -0.7573808 -0.4480516 0.4749991 -0.7573804 -0.4480518 0.4749996 -0.7400782 -0.5313077 0.4123063 -0.7400782 -0.5313078 0.4123063 -0.7400782 -0.5313077 0.4123063 -0.6051024 -0.6774785 0.4181795 -0.6051024 -0.6774784 0.4181796 -0.5132811 -0.7807217 0.3563935 -0.513281 -0.7807218 0.3563935 -0.533886 -0.1791622 0.8263576 -0.5335398 -0.1793335 0.8265439 -0.5335797 -0.179401 0.8265036 -0.5338225 -0.1791853 0.8263936 -0.458542 -0.5382508 0.7071247 -0.4586473 -0.5384451 0.7069086 -0.4586108 -0.5383721 0.7069877 -0.4586293 -0.5384379 0.7069256 -0.2943758 -0.8431906 0.4498585 -0.2943909 -0.843167 0.4498926 -0.294387 -0.8431729 0.4498842 -0.2944777 -0.8431023 0.4499573 -0.08401554 -0.9889027 0.1225275 -0.08401554 -0.9889026 0.1225275 -0.0840156 -0.9889027 0.1225275 -0.07914245 -0.9865031 0.1433466 -0.07914245 -0.9865031 0.1433466 -0.07914251 -0.986503 0.1433467 0 0.007799744 -0.9999696 0 0.007799744 -0.9999697 0 0.007799744 -0.9999696 -0.9877121 0.00118792 -0.1562803 -0.9877121 0.00118792 -0.1562803 -0.9877121 0.00118792 -0.1562803 -0.980753 -0.003437638 -0.1952223 -0.9807531 -0.003437697 -0.1952223 -0.980753 -0.003437638 -0.1952223 -0.8912133 0.007248938 -0.4535266 -0.8314675 -0.003093361 -0.5555649 -0.8314675 -0.003093361 -0.5555649 -0.8314675 -0.003093361 -0.5555649 -0.7071034 0.01046538 -0.7070327 -0.5558798 -8.60424e-4 -0.8312624 -0.156295 0.007698059 -0.9876804 -0.156295 0.007698059 -0.9876804 -0.156295 0.007698118 -0.9876804 -0.195187 0.002676188 -0.9807625 -0.195187 0.002676248 -0.9807625 -0.195187 0.002676188 -0.9807625 -0.3460828 0.007299721 -0.9381757 -0.3460828 0.007299602 -0.9381757 -0.3460828 0.007327377 -0.9381754 -0.4885132 0.006799578 -0.87253 -0.4885132 0.006799697 -0.87253 -0.4885132 0.006799578 -0.87253 -0.1562938 -0.007698059 0.9876806 -0.1562939 -0.007698059 0.9876807 -0.1562938 -0.007697999 0.9876806 -0.2588679 -0.0205968 0.9656932 -0.707054 -0.01420408 0.707017 -0.7071488 -0.01426863 0.7069208 -0.7071183 -0.01419562 0.7069527 -0.7070829 -0.01428467 0.7069864 -0.5446637 -0.006498873 0.8386295 -0.5446637 -0.006498873 0.8386294 -0.5446637 -0.006498813 0.8386294 -0.4065897 -0.007127344 0.9135831 -0.9876601 -0.001221418 0.1566081 -0.9658341 -0.01508134 0.2587222 -0.9136192 -0.003171265 0.4065586 -0.8387109 -0.004198372 0.5445608 -0.8387109 -0.004198372 0.5445608 -0.8387109 -0.004198253 0.5445608 0 -0.007799744 0.9999696 0 -0.007799744 0.9999697 0 -0.007799744 0.9999697 0 -0.007799744 0.9999696 -0.1951257 -0.007649838 0.9807484 -0.1951224 -0.007649838 0.9807491 -0.1951225 -0.007649838 0.9807491 -0.1951259 -0.007649838 0.9807485 -0.5555853 -0.006498932 0.8314342 -0.5553064 -0.006486475 0.8316206 -0.5557047 -0.006504297 0.8313544 -0.5557048 -0.006504297 0.8313543 -0.8314824 -0.004298031 0.5555346 -0.831456 -0.004299879 0.5555742 -0.8314825 -0.00429815 0.5555343 -0.8314557 -0.004299879 0.5555744 -0.9807831 -0.00150001 0.1950958 -0.9807831 -0.00149995 0.1950959 -0.9808111 -0.001505255 0.194955 -0.9808763 -0.001518309 0.1946259 0 -0.9638214 -0.2665492 0.007573485 -0.9792495 -0.2025166 0 -0.8934403 -0.4491823 0 -0.8934403 -0.4491823 1.48742e-7 -0.8934402 -0.4491823 0 -0.7885887 -0.6149211 0 -0.7885887 -0.6149211 0 -0.7885887 -0.6149211 0.007587671 -0.7015016 -0.7126275 0.007587671 -0.7015016 -0.7126275 0.007587671 -0.7015016 -0.7126275 0 -0.1872297 -0.9823162 0.005674362 -0.2511607 -0.9679288 0 -0.4349621 -0.9004488 0 -0.6024547 -0.7981532 -2.02459e-4 -0.9999676 -0.008045852 1.29091e-4 -0.9999689 -0.007899522 8.10003e-5 -0.9999688 -0.007903575 -1.96221e-4 -0.9999685 -0.007941365 8.03203e-5 -0.9999694 -0.007831454 2.33769e-4 -0.9999706 -0.00767219 1.46107e-4 -0.9999679 -0.008006572 -7.45576e-5 -0.99997 -0.007761538 1.35039e-5 -0.9999696 -0.007804334 5.24007e-5 -0.9999691 -0.007862567 2.12965e-5 -0.99997 -0.007754087 -4.30326e-5 -0.9999698 -0.007774949 0 -0.9999696 -0.007803857 -4.24154e-5 -0.9999699 -0.007769644 2.28785e-6 -0.9999696 -0.007817327 2.09836e-6 -0.9999696 -0.007803201 -1.46832e-4 -0.9999712 -0.007597386 5.78382e-5 -0.999969 -0.007883846 -9.03837e-6 -0.9999684 -0.007948577 -5.08774e-5 -0.9999696 -0.007817506 -1.18307e-4 -0.9999712 -0.00760746 7.67736e-6 -0.9999695 -0.00781995 4.02248e-5 -0.9999687 -0.00792104 -1.28594e-4 -0.999969 -0.007881581 2.24037e-4 -0.9999694 -0.007829248 1.17713e-4 -0.9999709 -0.007646918 -1.12145e-4 -0.9999701 -0.007738232 -6.1097e-5 -0.9999697 -0.007791757 1.45949e-5 -0.9999676 -0.008046984 2.41754e-5 -0.9999697 -0.00778526 5.79554e-5 -0.9999706 -0.007672846 2.04757e-6 -0.9999688 -0.007899045 5.45511e-6 -0.9999697 -0.007789671 3.34269e-5 -0.9999705 -0.007682919 1.63373e-4 -0.999969 -0.007892072 5.14253e-5 -0.9999682 -0.007970452 5.03328e-5 -0.9999691 -0.007872045 -8.98066e-7 -0.9999685 -0.007945239 2.82744e-5 -0.999969 -0.007885038 -4.38082e-5 -0.9999697 -0.007794797 -1.02639e-4 -0.9999696 -0.007807552 4.34874e-5 -0.9999696 -0.007796764 -2.06187e-4 -0.9999705 -0.007679224 -9.74532e-5 -0.9999693 -0.007843673 5.36269e-5 -0.9999699 -0.007760226 4.89894e-5 -0.9999691 -0.007868111 2.31482e-5 -0.9999696 -0.007808446 3.30113e-6 -0.9999706 -0.007674038 0.4726546 -0.4953168 0.7288752 0.4726545 -0.4953167 0.7288753 0.4726545 -0.4953167 0.7288753 -0.1729061 -0.07153117 0.9823374 -0.1729063 -0.07153117 0.9823374 -0.1729062 -0.07153117 0.9823374 -0.09368264 -0.4863556 0.8687243 -0.09368246 -0.4863555 0.8687244 -0.0936827 -0.4863556 0.8687242 -0.1831305 -0.2612462 0.9477414 -0.1831306 -0.2612462 0.9477413 -0.1831305 -0.2612461 0.9477414 -0.1607683 -0.2773824 0.9472131 -0.1607684 -0.2773823 0.9472131 -0.1607683 -0.2773824 0.9472131 -0.2031283 -0.157411 0.9664164 -0.2031283 -0.1574109 0.9664165 -0.2031283 -0.1574109 0.9664165 -0.3770855 -0.1276106 0.9173451 -0.3770855 -0.1276105 0.9173452 -0.3770855 -0.1276106 0.9173452 -0.02920043 -0.8354305 0.54882 -0.02920043 -0.8354305 0.54882 -0.02920043 -0.8354305 0.54882 -0.1444 -0.9719725 0.1855213 -0.1444001 -0.9719726 0.1855212 -0.1444002 -0.9719725 0.1855212 -0.2144649 -0.9373348 0.2746059 -0.2144649 -0.9373348 0.2746059 -0.2144649 -0.9373348 0.2746059 -0.4643592 -0.818078 0.3392919 -0.4644719 -0.8179941 0.3393399 -0.4643892 -0.8180622 0.3392891 -0.4643191 -0.8180984 0.3392977 -0.7274154 -0.5488218 0.4118999 -0.7274191 -0.5488008 0.4119213 -0.7274149 -0.5488238 0.411898 -0.7274164 -0.5488147 0.4119076 -0.8700652 -0.1948533 0.4527899 -0.8699969 -0.1951777 0.4527818 -0.870081 -0.1949451 0.4527201 -0.8699437 -0.1952486 0.4528533 -0.261282 -0.6738466 0.6911314 -0.2662296 -0.6735644 0.6895163 -0.2630217 -0.672412 0.6918683 -0.2672408 -0.6705979 0.6920123 -0.2675155 -0.6704652 0.6920347 -0.481941 -0.4507898 0.7513465 -0.4819322 -0.4508215 0.7513332 -0.4819466 -0.4508846 0.7512861 -0.4819692 -0.4507767 0.7513363 -0.598185 -0.1624908 0.7847111 -0.5981839 -0.162452 0.7847199 -0.5981948 -0.1624758 0.7847068 -0.5982034 -0.1624116 0.7847134 -0.1951032 -0.9807742 0.004082798 -0.5462078 -0.8338984 0.0791859 -0.5462074 -0.8338987 0.07918578 -0.5462077 -0.8338985 0.07918596 -0.5543138 -0.8300315 0.06151461 -0.5543138 -0.8300315 0.06151461 -0.5543137 -0.8300315 0.06151455 -0.825535 -0.5545579 0.1046783 -0.8237128 -0.5564107 0.109107 -0.8249574 -0.5556378 0.1034987 -0.8267027 -0.5531964 0.1026466 -0.9725261 -0.1949591 0.1272159 -0.9722233 -0.1956974 0.1283921 -0.972585 -0.1948378 0.1269517 -0.972731 -0.1945026 0.1263454 -1.41863e-5 -0.007813096 0.9999695 0 -0.007646858 0.9999708 1.19446e-5 -0.007719159 0.9999702 -9.68171e-5 -0.007861793 0.9999692 -7.36195e-5 -0.007846951 0.9999693 -7.48058e-5 -0.007841527 0.9999693 2.5931e-4 -0.007458508 0.9999722 -3.60291e-5 -0.007840037 0.9999693 -0.9914283 -0.001001119 0.1306484 -0.9807197 0.003498733 0.1953886 -0.9807197 0.003498852 0.1953886 -0.9807196 0.003498852 0.1953886 -0.8864194 -0.009502947 0.4627855 -0.8864194 -0.009502887 0.4627856 -0.8864194 -0.009502828 0.4627855 -0.831233 -3.99853e-4 0.5559241 -0.831233 -3.99911e-4 0.5559241 -0.831233 -3.99857e-4 0.5559241 -0.6056581 -0.01050794 0.7956557 -0.6056581 -0.010508 0.7956557 -0.6056581 -0.01050806 0.7956557 -0.5558599 -0.004398584 0.8312644 -0.5558598 -0.004398524 0.8312644 -0.5558599 -0.004389524 0.8312645 -0.3799278 -0.007344126 0.924987 -0.3799281 -0.007399559 0.9249866 -0.3799281 -0.007399618 0.9249866 -0.1732895 -0.004986226 0.9848583 -0.1955675 -0.007661521 0.9806604 -0.1955674 -0.007661581 0.9806603 -0.1955675 -0.007661521 0.9806604 -0.1323879 0.1307466 0.982537 -0.1320226 0.1306002 0.9826055 -0.1324592 0.1307281 0.9825298 -0.8178937 0.5280412 0.2285222 -0.8177079 0.5289365 0.2271126 -0.8169511 0.5325183 0.2213941 -0.8168579 0.5332072 0.2200762 -0.6888225 0.4413991 0.575057 -0.6889129 0.4421504 0.5743709 -0.6896569 0.4460575 0.5704438 -0.6898301 0.4467955 0.5696562 -0.4596481 0.2908254 0.8391332 -0.4601075 0.2913747 0.8386906 -0.4611048 0.2942227 0.8371472 -0.4611166 0.294987 0.8368716 -0.9202075 0.3247014 0.2186032 -0.9203398 0.3255785 0.2167333 -0.9204511 0.3306041 0.2084971 -0.9201791 0.3318208 0.2077631 -0.7768104 0.2717947 0.5680611 -0.7782635 0.2712858 0.5663127 -0.7790695 0.2760526 0.5628905 -0.779157 0.2775818 0.5620167 -0.5190109 0.1779841 0.836032 -0.5186451 0.1813943 0.8355258 -0.5206314 0.1818299 0.8341947 -0.5217036 0.1821677 0.8334509 -0.5548179 0.05830174 0.8299266 -0.5544435 0.05645644 0.8303043 -0.5539155 0.05470204 0.830774 -0.5513048 0.05460292 0.8325153 -0.8273202 0.0924856 0.554065 -0.8264955 0.09219473 0.5553426 -0.8240087 0.08848536 0.5596249 -0.8235097 0.08714228 0.5605693 -0.9742767 0.113013 0.1949692 -0.9740359 0.1116384 0.1969543 -0.9729898 0.1061359 0.2050027 -0.9727804 0.1059796 0.206075 -0.6734183 0.7002179 0.2370712 -0.6724146 0.7014925 0.2361505 -0.6704606 0.7046791 0.2321854 -0.6717078 0.7042805 0.2297772 -0.5657243 0.585527 0.5806154 -0.5673575 0.5861189 0.5784204 -0.5659613 0.588618 0.5772493 -0.5653823 0.5900065 0.5763986 -0.377007 0.3865166 0.8417071 -0.3770809 0.3869581 0.8414711 -0.3771992 0.388211 0.8408407 -0.3774067 0.3899771 0.8399299 -0.1331187 0.1309078 0.9824168 -0.1621914 0.09727358 0.9819531 -0.1616913 0.09660911 0.9821012 -0.1622025 0.09725445 0.9819532 -0.1621785 0.09799045 0.981884 -0.1829876 0.05793631 0.9814067 -0.1827148 0.05683243 0.981522 -0.1828209 0.05740165 0.9814691 -0.1836051 0.05830872 0.9812692 -0.1943216 0.01400554 0.980838 -0.1940383 0.01342076 0.9809022 -0.1943272 0.01405209 0.9808362 -0.1952958 0.01464736 0.980635 -0.1944738 0.006484925 -0.9808863 -0.1919202 0.007600665 -0.9813812 -0.1928203 0.007400274 -0.9812062 -0.195145 0.007377982 -0.9807467 -0.5544103 0.006773173 -0.832216 -0.55529 0.007014214 -0.8316273 -0.552123 0.006426036 -0.833738 -0.5511777 0.00640136 -0.8343634 -0.8306356 0.004469335 -0.5567985 -0.8314841 0.004691541 -0.5555289 -0.8296726 0.00367546 -0.5582383 -0.8292131 0.004200458 -0.5589169 -0.980749 0.001774728 -0.1952649 -0.9808109 0.001702189 -0.1949541 -0.9805915 0.001577496 -0.1960554 -0.980489 0.001495659 -0.1965684 -1 -4.0304e-7 0 -1 -7.6024e-7 0 -1 -3.92178e-7 0 -1 4.72996e-7 0 -1 2.4199e-7 0 -0.5533788 0.8289915 -0.08090162 -0.5533788 0.8289916 -0.08090126 -0.5533787 0.8289916 -0.08090114 -0.1133056 0.9883034 -0.1020695 -0.1133056 0.9883034 -0.1020695 -0.1133056 0.9883034 -0.1020696 -0.03132927 0.9975837 -0.06201183 0.1289076 0.9910492 -0.03470289 0.1289076 0.9910492 -0.03470289 0.1289076 0.9910492 -0.03470283 -0.3623369 0.9299163 -0.06298977 -0.362337 0.9299163 -0.06298983 -0.362337 0.9299163 -0.06298983 -0.3335881 0.9397221 -0.07510834 -0.3335881 0.9397222 -0.07510834 -0.5835179 0.8102086 -0.05539792 -0.5835179 0.8102086 -0.05539774 -0.5835179 0.8102086 -0.05539786 -0.5656403 0.82287 -0.0541861 -0.5656403 0.82287 -0.0541861 -0.5656403 0.82287 -0.0541861 -0.4375862 0.8974744 -0.05530172 -0.4375861 0.8974744 -0.0553016 -0.4375862 0.8974744 -0.05530172 -0.5260898 0.8431659 -0.1109099 -0.5260898 0.8431658 -0.11091 -0.5260898 0.8431658 -0.1109099 -0.4768613 0.8724295 -0.1070988 -0.4768613 0.8724295 -0.1070987 -0.4768613 0.8724295 -0.1070986 -0.3422732 0.9334888 -0.1069943 -0.3422732 0.9334888 -0.1069943 -0.3422732 0.9334888 -0.1069943 -0.3621745 0.9256222 -0.109787 -0.3621745 0.9256222 -0.109787 -0.3621745 0.9256222 -0.109787 -0.7298915 0.6796651 -0.07289618 -0.7298915 0.6796651 -0.07289624 -0.7298915 0.6796651 -0.0728963 -0.02152222 0.9945005 -0.1024967 0.008135557 0.9914718 -0.1300671 0.008135557 0.9914719 -0.1300671 0.008135557 0.9914718 -0.1300671 0.04712313 0.9924252 -0.1134532 -0.131061 0.9819476 -0.1363887 -0.131061 0.9819476 -0.1363888 -0.188082 0.9726919 -0.1359987 -0.188082 0.9726919 -0.1359988 -0.188082 0.9726919 -0.135999 -0.2117246 0.9678913 -0.1354961 -0.2117246 0.9678913 -0.1354962 -0.2117246 0.9678913 -0.1354963 -0.2671766 0.962862 -0.03890347 -0.2671766 0.962862 -0.03890347 -0.2671766 0.962862 -0.03890347 -0.003247261 0.9991545 -0.04098421 -0.003247261 0.9991545 -0.04098433 -0.003247261 0.9991545 -0.04098415 -0.01885002 0.997601 -0.06661158 -0.02012389 0.9976454 -0.06556594 -0.02008128 0.9976509 -0.0654934 -0.02045011 0.9976209 -0.06583619 -0.002306401 0.9959593 -0.08977651 -0.133048 0.1336206 -0.982061 -0.137058 0.139992 -0.980621 -0.1370808 0.1377145 -0.9809402 -0.1321896 0.1440714 -0.9806985 -0.1165082 0.1472063 -0.9822201 -0.1150619 0.1499546 -0.9819748 -0.1119289 0.1525577 -0.9819359 -0.6628126 0.7006762 -0.264069 -0.6628126 0.7006762 -0.264069 -0.671649 0.6977908 -0.2489491 -0.671649 0.6977908 -0.2489491 -0.6716492 0.6977907 -0.2489492 -0.8174699 0.5269106 -0.2326121 -0.8174698 0.5269107 -0.2326119 -0.8174698 0.5269107 -0.232612 -0.8086125 0.5324844 -0.2502126 -0.8086125 0.5324843 -0.2502126 -0.6785025 0.4402484 -0.5880609 -0.6785026 0.4402485 -0.5880609 -0.6785026 0.4402485 -0.5880609 -0.5515382 0.5855504 -0.5940845 -0.559305 0.5850518 -0.5872755 -0.5575776 0.5855206 -0.5884496 -0.5507473 0.5845539 -0.5957972 -0.1761541 0.07068669 -0.9818214 -0.1783588 0.07082694 -0.9814131 -0.1783477 0.07069307 -0.9814248 -0.179376 0.06989234 -0.9812948 -0.5116861 0.1922863 -0.8373789 -0.5133613 0.192726 -0.8362517 -0.5082162 0.1867445 -0.8407394 -0.156529 0.1082658 -0.9817216 -0.1573523 0.1081737 -0.9816002 -0.1573965 0.1081697 -0.9815934 -0.157736 0.1081057 -0.9815461 -0.4510412 0.2998026 -0.8406428 -0.450572 0.3015894 -0.8402553 -0.4495711 0.29444 -0.8433213 -0.5085135 0.1842271 -0.8411151 -0.7731495 0.2849332 -0.5666154 -0.9210135 0.3253901 -0.2141389 -0.913008 0.3340957 -0.2340866 -0.913008 0.3340957 -0.2340866 -0.913008 0.3340957 -0.2340866 -0.7678847 0.2743146 -0.5788822 -0.7678849 0.2743146 -0.5788822 -0.7678849 0.2743145 -0.5788822 -0.6807117 0.4508035 -0.5774149 -0.6807116 0.4508034 -0.5774149 -0.6807116 0.4508035 -0.5774149 -0.4478578 0.2939144 -0.8444156 -0.3633813 0.3884047 -0.8468151 -0.3688809 0.3891648 -0.8440839 -0.368428 0.3894429 -0.8441536 -0.3625693 0.3880932 -0.8473058 -0.9751064 0.1062581 -0.1946198 -0.9751064 0.1062581 -0.1946198 -0.9751064 0.1062581 -0.1946198 -0.9693424 0.1176519 -0.215716 -0.9693424 0.117652 -0.215716 -0.9693424 0.117652 -0.2157159 -0.825908 0.09349805 -0.5559985 -0.8259079 0.09349799 -0.5559985 -0.825908 0.09349822 -0.5559984 -0.816307 0.1013118 -0.568664 -0.5502637 0.06536906 -0.8324283 -0.5502688 0.06653052 -0.8323328 -0.5432359 0.0697934 -0.8366742 -0.5418342 0.07059103 -0.8375158 -0.1919324 0.02737098 -0.9810265 -0.1913039 0.0282256 -0.981125 -0.1901924 0.02953279 -0.9813026 -0.1887619 0.02921265 -0.9815884 -0.9934809 0.1138607 0.005609452 -0.9934886 0.1136981 0.007305443 -0.9934854 0.1137659 0.006654381 -0.6727529 0.7396799 -0.01665043 -0.6739581 0.7383267 -0.02557575 -0.6725192 0.7399273 -0.01502311 -0.6892035 0.7212785 -0.068964 -0.6892035 0.7212785 -0.068964 -0.6892035 0.7212785 -0.06896406 -0.9958692 0.09048962 -0.007499516 -0.9959752 0.08945965 -0.005523085 -0.9959466 0.08984076 -0.00437963 -0.9934307 0.113601 -0.01380014 -0.9934306 0.113601 -0.01380008 -0.9934307 0.113601 -0.01380014 -0.9621251 0.2719475 -0.01896715 -0.9631586 0.2684842 -0.01555573 -0.9622307 0.2720129 -0.01101088 -0.9406387 0.33766 -0.03442049 -0.9406387 0.33766 -0.03442049 -0.9406386 0.33766 -0.03442049 -0.8920209 0.4511062 -0.02832132 -0.8942069 0.4472822 -0.01824158 -0.8945438 0.4458411 -0.03189378 -0.7960153 0.6019669 -0.06321078 -0.7960153 0.6019669 -0.06321078 -0.7960153 0.6019669 -0.06321078 -0.8374054 0.5453014 -0.03739988 -0.8374054 0.5453015 -0.03739982 -0.8374054 0.5453015 -0.03739988 -0.6406927 0.7645919 -0.07008755 -0.6406927 0.7645919 -0.07008761 -0.6406927 0.7645919 -0.07008761 -0.7041867 0.7082594 -0.04989677 -0.7041867 0.7082594 -0.04989665 -0.7041867 0.7082594 -0.04989671 -0.7661609 0.6426109 -0.006995558 -0.7661609 0.6426109 -0.006995499 -0.7661609 0.6426109 -0.006995558 -0.7961896 0.6048734 -0.01450473 -0.7937027 0.6080395 -0.01800554 -0.7950267 0.6060841 -0.02438473 -0.8292239 0.5589127 -0.002088606 -0.6901324 0.7227831 0.03608405 -0.8019583 0.596158 0.03819078 -0.8019584 0.596158 0.03819102 -0.8019583 0.596158 0.0381909 -0.8373433 0.5461855 0.02318954 -0.7486661 0.6623895 0.02719181 -0.7486661 0.6623895 0.02719181 -0.7486661 0.6623895 0.02719193 -0.67135 0.7397374 0.04558253 -0.67135 0.7397375 0.04558253 -0.67135 0.7397375 0.04558253 -0.8945535 0.4467157 0.01480847 -0.8945535 0.4467157 0.01480847 -0.8945535 0.4467157 0.01480847 -0.9619802 0.2720003 0.02469879 -0.9619802 0.2720003 0.02469879 -0.9619802 0.2720003 0.02469879 -0.9411767 0.3378157 0.008196532 -0.9411767 0.3378157 0.008196413 -0.9411767 0.3378157 0.008196413 -0.9958279 0.09076917 0.009383678 -0.996194 0.08702254 0.004953086 -0.9960459 0.08883756 7.92902e-4 -0.9934826 0.1138743 0.005015194 -0.8098198 0.5864325 0.01699668 -0.8098199 0.5864325 0.01699656 -0.8098198 0.5864325 0.01699668 -0.8401951 0.5422839 6.99969e-4 -0.8401951 0.5422839 6.99953e-4 -0.8401951 0.5422838 7.00074e-4 -0.8945702 0.4469273 6.00972e-4 -0.8945677 0.446932 6.00789e-4 -0.894634 0.4467993 5.95041e-4 -0.8945674 0.4469326 6.00792e-4 -0.962128 0.2725983 2.98795e-4 -0.962185 0.2723969 2.5034e-4 -0.962104 0.2726829 3.14269e-4 -0.962192 0.2721468 -0.01108163 -0.9959278 0.09015166 -6.9151e-4 -0.9959291 0.09009438 -0.002856492 -0.6732769 0.7389166 -0.02646929 -0.6848517 0.7280756 -0.02973377 -0.6848517 0.7280756 -0.02973383 -0.6848517 0.7280756 -0.02973383 -0.7961219 0.6046323 -0.02469861 -0.796193 0.6045387 -0.02469563 -0.8947625 0.4461702 -0.01822876 -0.8946099 0.4464773 -0.01820635 -0.04679608 0.0694946 -0.9964842 -0.04679578 0.06949484 -0.9964842 -0.04679572 0.0694949 -0.9964842 -0.1141511 0.1460583 -0.9826681 -0.1132404 0.1505011 -0.9821029 -0.1107243 0.1518168 -0.9821873 -0.153356 0.209842 -0.9656336 -0.1533561 0.2098419 -0.9656336 -0.1533561 0.2098419 -0.9656336 -0.3114657 0.4182282 -0.8532726 -0.3115055 0.4183075 -0.8532193 -0.3145522 0.4214662 -0.8505429 -0.3995102 0.5440815 -0.7378122 -0.3987506 0.5450129 -0.7375357 -0.3977994 0.5409432 -0.7410373 -0.4904361 0.6418231 -0.5895215 -0.4876897 0.6427477 -0.5907912 -0.4844599 0.6419758 -0.5942775 -0.5105076 0.6772063 -0.5298808 -0.5105077 0.6772062 -0.5298808 -0.5105077 0.6772062 -0.5298808 -0.580947 0.7708405 -0.2613536 -0.5818303 0.7707595 -0.2596219 -0.5811239 0.7696582 -0.2644268 -0.5806891 0.7688614 -0.2676796 -0.3169674 0.4238697 -0.8484494 -0.313098 0.4199288 -0.851839 -0.5810873 0.7694968 -0.2649762 -0.5823617 0.7700886 -0.2604199 -0.481395 0.6411163 -0.5976862 -0.4847576 0.6439922 -0.5918482 -0.405573 0.5412628 -0.7365767 -0.4036059 0.5443174 -0.7354052 -0.2803912 0.3569773 -0.8910376 -0.280391 0.3569774 -0.8910376 -0.2803912 0.3569774 -0.8910376 -0.5989059 0.7988827 -0.05566257 -0.5973218 0.800124 -0.0548501 -0.6019498 0.7963502 -0.05901604 -0.6016997 0.7950969 -0.07601648 -0.6017263 0.7950741 -0.07604551 -0.6015854 0.7951952 -0.07589221 -0.6019411 0.7899411 -0.1168769 -0.6019919 0.7899038 -0.116867 -0.6019411 0.7899411 -0.116877 -0.6018354 0.7899727 -0.1172068 -0.6016548 0.7951471 -0.07584691 -0.6016072 0.7951902 -0.07577151 -0.5981208 0.796206 -0.09114634 -0.5981207 0.796206 -0.09114634 -0.5981207 0.7962059 -0.09114634 -0.619681 0.7811141 -0.0765267 -0.6196811 0.7811141 -0.07652676 -0.6196811 0.7811141 -0.07652676 -0.5856692 0.8035814 -0.1060602 -0.5856692 0.8035814 -0.1060602 -0.5856692 0.8035814 -0.1060602 -0.6104503 0.7915487 -0.02830594 -0.6128653 0.7896915 -0.02799344 -0.610098 0.7918151 -0.02845102 -0.6055285 0.7952677 -0.02974396 -0.6046033 0.7959325 -0.03076261 -0.5932012 0.8030736 -0.05643945 -0.6062994 0.7936504 -0.05020219 -0.6082354 0.7922719 -0.04852795 -0.6069519 0.7931848 -0.04967272 -0.6053308 0.794331 -0.05111962 -0.6050835 0.7941718 -0.05626046 -0.6009221 0.7972682 -0.05706298 -0.5590311 0.7685769 -0.3110851 -0.5652911 0.766339 -0.3052385 -0.5658921 0.7663145 -0.3041846 -0.5626927 0.7695345 -0.3019832 -0.4790992 0.7017998 -0.5272014 -0.479099 0.7017999 -0.5272013 -0.4790989 0.7017999 -0.5272012 -0.3872544 0.6712217 -0.6320565 -0.3872544 0.6712217 -0.6320565 -0.3970823 0.6168717 -0.679555 -0.3937054 0.6193022 -0.6793091 -0.3965906 0.6163185 -0.6803436 -0.2148556 0.4254276 -0.879118 -0.2152411 0.4249206 -0.879269 -0.2155559 0.4247975 -0.8792513 -0.2043015 0.5139843 -0.8331153 -0.2043015 0.5139843 -0.8331153 -0.2043017 0.5139843 -0.8331153 -0.1548855 0.3523672 -0.9229561 -0.1548854 0.3523673 -0.9229561 -0.1548855 0.3523672 -0.9229561 -0.03962063 0.2131496 -0.9762158 -0.03818219 0.2127512 -0.9763602 -0.0373314 0.2144243 -0.976027 -0.04097396 0.2166061 -0.9753989 0.05189764 0.0981931 -0.9938133 0.05189764 0.0981931 -0.9938133 0.05189764 0.0981931 -0.9938133 0.07780086 0.07578188 -0.9940847 0.07534521 0.07603216 -0.9942547 0.07326292 0.07474261 -0.994508 0.1073913 0.02950793 -0.9937789 0.1073912 0.02950793 -0.9937789 0.1073915 0.02950811 -0.9937789 -0.5609691 0.7700643 -0.3038333 -0.563061 0.7691447 -0.3022892 -0.4185195 0.6475489 -0.636806 -0.4193087 0.6501641 -0.6336141 -0.4242153 0.6492538 -0.6312773 -0.4264988 0.6480994 -0.6309248 -0.2159819 0.4248785 -0.8791076 -0.2165038 0.4250079 -0.8789167 0.07362127 0.07364672 -0.9945633 0.07225781 0.07473963 -0.9945818 0.1242924 0.007763206 -0.9922153 0.124291 0.007581174 -0.9922169 0.12427 0.007687985 -0.9922187 0.1242696 0.007757723 -0.9922183 0.1243018 0.007699251 -0.9922146 0.1242954 0.007774591 -0.9922148 0.124294 0.007768929 -0.992215 0.1243038 0.007706046 -0.9922143 0.1242619 0.007610738 -0.9922203 0.1242991 0.007688701 -0.9922151 0.1242651 0.007593274 -0.9922201 0.1242978 0.007458329 -0.992217 0.1243126 0.007520079 -0.9922146 0.1243337 0.007868468 -0.9922093 0.1243499 0.0077883 -0.992208 0.1242331 0.007587313 -0.9922242 0.1243152 0.007736444 -0.9922127 0.1243489 0.007877051 -0.9922074 0.1242625 0.007781624 -0.9922189 0.1242909 0.007566452 -0.9922171 0.1243174 0.007746636 -0.9922122 0.1243237 0.007804989 -0.9922111 0.1243333 0.007776319 -0.99221 0.1242949 0.007672727 -0.9922156 0.1243017 0.007700741 -0.9922147 0.1242904 0.007799863 -0.9922152 0.1243031 0.007716536 -0.9922143 0.124256 0.007731676 -0.9922202 0.1243008 0.007713794 -0.9922147 0.1243058 0.00768727 -0.9922143 0.1243446 0.007662177 -0.9922096 0.1242964 0.007883369 -0.9922139 0.1241469 0.007780909 -0.9922334 0.1242356 0.007905542 -0.9922212 0.124247 0.007840037 -0.9922204 0.1242997 0.007722377 -0.9922147 0.1243152 0.007751464 -0.9922126 0.1242989 0.007803142 -0.9922142 0.1242951 0.007510483 -0.992217 0.1242961 0.007665693 -0.9922156 -0.09929287 -0.5359796 -0.8383715 -0.09929287 -0.5359797 -0.8383715 -0.09929287 -0.5359796 -0.8383715 -0.1173693 -0.8124393 -0.5711104 -0.1173692 -0.8124392 -0.5711103 -0.1173693 -0.8124393 -0.5711104 -0.1211683 -0.9685798 -0.2171899 -0.1211683 -0.9685798 -0.2171899 -0.1211683 -0.9685798 -0.21719 -0.7482224 -0.6133204 -0.2529851 -0.7482222 -0.6133205 -0.2529851 -0.7482222 -0.6133206 -0.2529852 -0.8856469 -0.454724 -0.09410512 -0.8856469 -0.454724 -0.09410512 -0.8856469 -0.4547239 -0.09410482 -0.9764659 -0.2111857 -0.04375976 -0.976466 -0.2111858 -0.04375976 -0.9764659 -0.2111856 -0.04375988 -0.1426078 -0.9692406 -0.2005884 -0.1426078 -0.9692406 -0.2005884 -0.1426079 -0.9692406 -0.2005884 -0.3899435 -0.9017015 -0.1867578 -0.3899435 -0.9017015 -0.1867578 -0.3899435 -0.9017015 -0.1867578 -0.4809135 -0.8427078 -0.2420035 -0.4809136 -0.8427079 -0.2420035 -0.4809135 -0.8427078 -0.2420036 -0.1013873 -0.6869775 -0.7195711 -0.101387 -0.6869776 -0.7195711 -0.1013872 -0.6869777 -0.719571 -0.1017027 -0.8228266 -0.5591182 -0.1017027 -0.8228267 -0.559118 -0.4765112 -0.7271918 -0.4940942 -0.4764847 -0.7272037 -0.4941024 -0.4764795 -0.7272065 -0.4941034 -0.4764588 -0.7272181 -0.4941062 -0.7967513 -0.4998404 -0.3396281 -0.7967461 -0.4998455 -0.3396325 -0.7967383 -0.4998534 -0.3396392 -0.7967814 -0.3317145 -0.505079 -0.7967634 -0.3317435 -0.5050886 -0.7967707 -0.3317425 -0.5050777 -0.7967396 -0.3317822 -0.5051008 -0.4764931 -0.4827021 -0.734815 -0.4764623 -0.4827196 -0.7348234 -0.4764908 -0.4827148 -0.7348082 -0.4765043 -0.4827035 -0.7348069 -0.08780425 -0.5470336 -0.8324931 -0.08780425 -0.5470336 -0.8324931 -0.08780437 -0.5470336 -0.8324931 -0.08800041 -0.3661029 -0.9264042 -0.08800464 -0.3660995 -0.9264051 -0.08759337 -0.3661132 -0.9264386 -0.08187621 -0.1820712 -0.9798706 -0.08558273 -0.1860477 -0.9788064 -0.08571618 -0.1862512 -0.978756 -0.08637279 -0.1866597 -0.9786204 -0.4766924 -0.1647039 -0.8635028 -0.4765963 -0.1645735 -0.8635807 -0.4765588 -0.1645227 -0.863611 -0.4764457 -0.1643693 -0.8637027 -0.7967111 -0.1133133 -0.5936427 -0.7967274 -0.1133047 -0.5936225 -0.7966839 -0.1133359 -0.5936749 -0.7967005 -0.1133271 -0.5936541 -0.976496 -0.04040068 -0.2117154 -0.976496 -0.04040068 -0.2117154 -0.9764961 -0.04040074 -0.2117154 -0.9764874 -0.1183968 -0.1801517 -0.9764874 -0.1183966 -0.1801517 -0.9764874 -0.1183967 -0.1801517 -0.5742022 -0.8017053 -0.1660137 -0.5742022 -0.8017052 -0.1660137 -0.5742021 -0.8017053 -0.1660137 -0.7967231 -0.5918015 -0.1224887 -0.796723 -0.5918015 -0.1224887 -0.7967231 -0.5918014 -0.1224889 -0.7967594 -0.499832 -0.3396212 -0.9764696 -0.1783987 -0.1211659 -0.9764695 -0.1783986 -0.1211661 -0.9764695 -0.1783986 -0.1211659 -0.7724196 -0.635078 0.006638288 -0.7071077 -0.707084 -0.005563497 -0.8893299 -0.4572519 -0.003599524 -0.88933 -0.4572519 -0.003599584 -0.8893299 -0.4572519 -0.003604412 -0.9659076 -0.2588736 0.002646863 -0.9773604 -0.2115751 -0.001598536 -0.9773604 -0.2115751 -0.001598596 -0.9773604 -0.2115751 -0.001598596 -0.1452859 -0.9893598 -0.007701039 -0.1452859 -0.9893598 -0.007701098 -0.1452859 -0.9893598 -0.007701039 -0.2588646 -0.9659137 2.04908e-4 -0.3965084 -0.9180027 -0.007221996 -0.5817314 -0.8133559 -0.0063982 -0.7364848 0.6720855 -0.07675397 -0.7364627 0.6720818 -0.07699859 -0.7365453 0.6719912 -0.07699894 -0.9952044 0.09672123 -0.01460355 -0.9952045 0.09672123 -0.01460361 -0.9952044 0.09672123 -0.01460343 -0.9760076 0.2137606 -0.04142129 -0.9760075 0.2137605 -0.04142141 -0.9760076 0.2137606 -0.04142135 -0.9305901 0.362969 -0.04749399 -0.9301643 0.3642569 -0.04595005 -0.9301753 0.3642132 -0.04607385 -0.843856 0.5302844 -0.08188855 -0.843856 0.5302844 -0.08188849 -0.8438559 0.5302843 -0.08188855 -0.7360934 0.6704751 -0.09289658 -0.7360934 0.6704751 -0.0928964 -0.7360934 0.6704751 -0.0928964 -0.6888957 0.7170364 -0.1062147 -0.6888957 0.7170364 -0.1062147 -0.6888957 0.7170364 -0.1062147 -0.7366555 0.6718764 -0.07694768 -0.9305818 0.363439 -0.0439291 -0.8906417 0.449207 -0.07050234 -0.8906417 0.449207 -0.07050234 -0.8906416 0.449207 -0.07050228 -0.9984984 0.05326837 0.01278513 -0.9984984 0.05326837 0.01278519 -0.9984984 0.05326837 0.01278519 -0.9839709 0.1769923 -0.02179896 -0.9839708 0.1769923 -0.02179902 -0.9839708 0.1769923 -0.02179902 -0.3985658 0.616279 -0.6792243 -0.3861898 0.41799 -0.8222784 -0.3861899 0.41799 -0.8222784 -0.3861899 0.41799 -0.8222785 -0.980879 0.045376 -0.189255 -0.980879 0.04537606 -0.1892549 -0.8899278 0.3421359 -0.3016151 -0.8899276 0.3421358 -0.3016156 -0.8899277 0.3421359 -0.3016153 -0.8940083 0.2118968 -0.394777 -0.8940084 0.2118968 -0.3947771 -0.8940084 0.2118963 -0.3947771 -0.8531144 0.1939723 -0.484325 -0.8531144 0.1939724 -0.484325 -0.8531144 0.1939723 -0.484325 -0.8504096 0.05978035 -0.522714 -0.8504096 0.05978035 -0.522714 -0.8504097 0.05978029 -0.5227138 -0.5506734 0.1273977 -0.8249416 -0.5506735 0.1273977 -0.8249416 -0.5506737 0.1273976 -0.8249415 -0.6082789 0.2105895 -0.765277 -0.6082787 0.2105896 -0.7652772 -0.6082791 0.2105894 -0.765277 -0.608285 0.2382808 -0.7571074 -0.608285 0.2382808 -0.7571076 -0.6082849 0.2382808 -0.7571075 -0.6939768 0.3393293 -0.6350212 -0.6939768 0.3393293 -0.6350212 -0.6939768 0.3393293 -0.6350212 -0.7094401 0.2964094 -0.6394031 -0.6807485 0.6813225 -0.2690378 -0.6807484 0.6813225 -0.2690379 -0.6807485 0.6813224 -0.2690376 -0.5475026 0.7768685 -0.3109928 -0.5475025 0.7768684 -0.310993 -0.5475025 0.7768684 -0.310993 -0.5543205 0.6487302 -0.5214192 -0.5543205 0.6487302 -0.5214192 -0.5543199 0.6487302 -0.5214198 -0.6272114 0.5275087 -0.57301 -0.6272114 0.5275088 -0.5730099 -0.6272115 0.5275087 -0.57301 -0.6482695 0.5086269 -0.5666086 -0.6482696 0.5086268 -0.5666086 -0.6482697 0.5086271 -0.5666084 -0.6495805 0.7136136 -0.2622991 -0.6495805 0.7136137 -0.262299 -0.6495804 0.7136136 -0.2622992 -0.7899081 0.5631611 -0.2426831 -0.789908 0.563161 -0.2426831 -0.789908 0.5631611 -0.2426829 -0.8396989 0.5104567 -0.1853105 -0.8396989 0.5104566 -0.1853104 -0.8396989 0.5104566 -0.1853104 -0.9917721 0.1173351 -0.05119389 -0.9900432 0.0875253 -0.1102439 -0.9900217 0.08399212 -0.1131483 -0.990061 0.0869494 -0.1105403 -0.989383 0.09211122 -0.1124143 -0.9846357 0.05063521 -0.1671188 -0.9846358 0.05063515 -0.1671189 -0.9846357 0.05063515 -0.1671188 -0.9862315 0.01249265 -0.1648989 -0.9862314 0.01249265 -0.1648989 -0.9862313 0.01249259 -0.164899 -0.8441908 0.09131234 -0.5282082 -0.8441908 0.09131234 -0.5282082 -0.8441908 0.0913124 -0.5282082 -0.8169312 -0.01089698 -0.5766323 -0.8169311 -0.01089704 -0.5766323 -0.8169311 -0.01089698 -0.5766323 -0.5506191 0.1119675 -0.8272134 -0.5506191 0.1119675 -0.8272134 -0.5506191 0.1119675 -0.8272134 -0.4703976 -0.02031898 -0.8822207 -0.4703978 -0.0203191 -0.8822206 -0.4703978 -0.0203191 -0.8822206 -0.1160995 0.1800774 -0.976777 -0.1160995 0.1800774 -0.9767768 -0.1160997 0.1800774 -0.9767768 -0.06599974 -0.04499155 -0.9968048 -0.06600242 -0.04503929 -0.9968025 -0.06600213 -0.04503935 -0.9968025 -0.9756257 0.2193673 -0.005706131 -0.9756257 0.2193673 -0.005706191 -0.9756256 0.2193673 -0.00570625 -0.9237126 0.3478526 -0.1604791 -0.9237126 0.3478527 -0.1604791 -0.9237126 0.3478527 -0.160479 -0.9194113 0.2503722 -0.3033096 -0.9194114 0.2503722 -0.3033095 -0.7909025 0.4476944 -0.4171845 -0.7909025 0.4476944 -0.4171845 -0.7909025 0.4476944 -0.4171845 -0.7107386 0.4828193 -0.5116018 -0.5220217 0.6372433 -0.5669343 -0.5220216 0.6372432 -0.5669344 -0.5220217 0.6372433 -0.5669344 -0.5317552 0.4349086 -0.7266987 -0.531755 0.4349085 -0.7266989 -0.531755 0.4349086 -0.7266988 -0.3729445 0.4332213 -0.820507 -0.3729445 0.4332213 -0.8205071 -0.3729446 0.4332213 -0.820507 -0.3743088 0.3726138 -0.8491478 -0.3743087 0.3726139 -0.8491479 -0.3743088 0.3726136 -0.8491478 -0.2797007 0.2908014 -0.9149875 -0.2797008 0.2908013 -0.9149875 -0.2797008 0.2908014 -0.9149875 -0.2797256 0.2547532 -0.9256643 -0.2797254 0.2547531 -0.9256644 -0.1829054 0.1520911 -0.9712951 -0.1829055 0.1520912 -0.9712949 -0.1829054 0.1520911 -0.9712949 -0.1809171 -0.004215359 -0.9834893 -0.180917 -0.004215359 -0.9834893 -0.180917 -0.004215419 -0.9834893 -0.9773657 0.001598298 -0.2115507 -0.9773657 0.001598417 -0.2115507 -0.9773658 0.001598358 -0.2115508 -0.06581312 0.007740676 -0.997802 -0.08341103 0.007300317 -0.9964886 -0.08341103 0.007300317 -0.9964885 -0.08341103 0.007300376 -0.9964885 -0.4836363 0.007398188 -0.8752379 -0.4706124 0.007000088 -0.8823123 -0.4706124 0.006999969 -0.8823124 -0.4706124 0.007004916 -0.8823124 -0.8024008 0.004601001 -0.596768 -0.8024008 0.00460118 -0.5967679 -0.8024008 0.00460112 -0.596768 -0.817017 0.005200386 -0.5765903 -0.817017 0.005200505 -0.5765903 -0.817017 0.005200326 -0.5765903 -0.9817804 7.296e-4 -0.1900177 -1 3.75229e-6 0 -1 4.74131e-6 0 -1 1.63162e-6 0 -1 2.98994e-5 0 -1 -1.28241e-5 0 -1 0 0 -1 -2.20352e-6 0 -1 -4.06785e-6 0 -1 -3.18429e-4 -1.06183e-4 -0.7062865 0.7066861 -0.04188221 -0.7062866 0.7066861 -0.04188227 -0.7062864 0.7066863 -0.04188233 -0.7017704 0.7067713 -0.0894019 -0.7017707 0.706771 -0.08940196 -0.7017704 0.7067713 -0.08940184 -0.6995639 0.7056418 -0.1126058 -0.6995639 0.7056418 -0.1126058 -0.6900171 0.7111932 -0.134464 -0.6900171 0.7111933 -0.134464 -0.6900172 0.7111932 -0.1344641 -0.7068883 0.6747046 -0.2123268 -0.7068015 0.6745809 -0.2130075 -0.706802 0.6745783 -0.2130147 -0.7067173 0.6746039 -0.2132141 -0.7069308 0.6849299 -0.1764084 -0.7071844 0.6851106 -0.1746816 -0.7083958 0.6852321 -0.1692109 -0.7089108 0.6851807 -0.1672511 -0.7071151 0.7070774 0.005456447 -0.7071155 0.707077 0.005456447 -0.7071166 0.707076 0.005456447 -0.707117 0.7070755 0.005456447 -0.7016373 -0.7007595 -0.1290009 -0.7016556 -0.7006812 -0.1293258 -0.7016656 -0.7007187 -0.1290687 -0.70162 -0.7007691 -0.1290434 -0.7070157 -0.6571188 -0.2613881 -0.7070155 -0.6571191 -0.2613881 -0.7070159 -0.6571186 -0.261388 -0.6893628 -0.6245217 -0.3670852 -0.6893628 -0.6245217 -0.3670852 -0.6893628 -0.6245217 -0.3670852 -0.7028891 -0.6052591 -0.373642 -0.7028891 -0.6052591 -0.3736422 -0.7028891 -0.6052591 -0.3736422 -0.7067917 -0.5177811 -0.4820253 -0.7067917 -0.517781 -0.4820253 -0.7067919 -0.5177809 -0.4820252 -0.6803533 -0.4666346 -0.5651298 -0.7041096 -0.42794 -0.5666543 -0.7063334 -0.3081764 -0.6372758 -0.7063334 -0.3081764 -0.6372759 -0.6745214 -0.2474052 -0.6955657 -0.7050668 -0.193387 -0.6822627 -0.7057991 -0.05612349 -0.7061855 -0.7057991 -0.05612349 -0.7061855 -0.7057991 -0.05612349 -0.7061855 -0.6727032 0.005828857 -0.7398896 -0.6727032 0.005828797 -0.7398896 -0.6727032 0.005828857 -0.7398895 -0.7057605 0.06722134 -0.7052543 -0.7057604 0.0672214 -0.7052543 -0.7016874 0.2489184 -0.6675885 -0.6513065 0.218266 -0.7267461 -0.7063432 0.3180649 -0.6323876 -0.7063432 0.3180649 -0.6323876 -0.7063432 0.3180649 -0.6323876 -0.7018267 0.4620472 -0.5421733 -0.7018267 0.4620472 -0.5421732 -0.6692045 0.4569029 -0.5860078 -0.6692045 0.4569028 -0.5860078 -0.6692045 0.4569028 -0.5860079 -0.70677 0.5252799 -0.4738748 -0.70677 0.5252798 -0.4738747 -0.701569 0.6198901 -0.3514788 -0.701569 0.6198901 -0.3514788 -0.7017507 0.7025442 -0.1182274 -0.7018283 0.7024822 -0.1181352 -0.7018616 0.7024555 -0.1180955 -0.7016539 0.7026214 -0.1183432 -0.7070069 0.661118 -0.2511259 -0.7070068 0.6611182 -0.2511259 -0.7070069 0.661118 -0.2511259 -0.6860356 0.624832 -0.372747 -0.6860356 0.624832 -0.372747 -0.7071254 -0.7070648 -0.005761563 -0.7071232 -0.707067 -0.005760788 -0.7070899 -0.7071029 -0.005425631 -0.7070904 -0.7071023 -0.00542438 -0.697273 -0.7063961 -0.1217167 -0.7017548 -0.7008325 -0.1279615 -0.6996102 -0.702778 -0.1290303 -0.6967784 -0.7070945 -0.1204879 -0.7105951 -0.6770986 -0.1912907 -0.70947 -0.67874 -0.1896424 -0.706271 -0.6832831 -0.1852172 -0.7067862 -0.6833328 -0.1830566 -0.7067065 -0.6693873 -0.2290994 -0.7067065 -0.6693873 -0.2290994 -0.7067065 -0.6693873 -0.2290993 -0.6968492 -0.6824884 -0.2204788 -0.6968492 -0.6824884 -0.2204788 -0.7071084 -0.664868 -0.2407248 -0.7071084 -0.664868 -0.2407248 -0.704473 0.7051872 -0.08018076 -0.704473 0.7051871 -0.08018076 -0.7044729 0.7051872 -0.08018076 -0.6984644 0.7059684 -0.1172861 -0.6984643 0.7059686 -0.1172862 -0.6984643 0.7059685 -0.1172862 -0.6883997 0.7119041 -0.1389192 -0.6883998 0.711904 -0.1389192 -0.706781 0.6728686 -0.218423 -0.7067281 0.6728939 -0.2185161 -0.7068244 0.6727413 -0.2186744 -0.706692 0.6728724 -0.2186992 -0.706999 0.6834966 -0.1816178 -0.7063497 0.6846514 -0.1797848 -0.7083185 0.6839841 -0.1745011 -0.7091221 0.6838008 -0.1719372 -0.7071183 0.7070742 0.005458295 -0.7071172 0.7070754 0.005458295 -0.7071142 0.7070783 0.005458235 -0.707113 0.7070795 0.005458235 -0.7015833 -0.7007572 -0.1293076 -0.7016975 -0.7006247 -0.1294054 -0.7016215 -0.7007128 -0.1293403 -0.7014945 -0.7008601 -0.1292314 -0.7070237 -0.6570947 -0.2614271 -0.7070236 -0.6570947 -0.2614271 -0.6891219 -0.6248764 -0.3669341 -0.7030853 -0.6049787 -0.3737272 -0.7067985 -0.5178095 -0.4819848 -0.7067984 -0.5178095 -0.4819849 -0.7067984 -0.5178094 -0.4819848 -0.6801951 -0.4667926 -0.5651896 -0.6801952 -0.4667926 -0.5651897 -0.6801951 -0.4667926 -0.5651897 -0.7040984 -0.4279012 -0.5666975 -0.7040984 -0.4279012 -0.5666975 -0.7040984 -0.4279012 -0.5666975 -0.7063227 -0.3081107 -0.6373196 -0.7063227 -0.3081107 -0.6373195 -0.7063226 -0.3081107 -0.6373196 -0.6744974 -0.2470949 -0.6956992 -0.6744974 -0.2470949 -0.6956992 -0.6744974 -0.2470949 -0.6956992 -0.7052483 -0.1930531 -0.6821696 -0.7057944 -0.05621725 -0.7061826 -0.7057944 -0.05621725 -0.7061826 -0.6723792 0.005919396 -0.7401832 -0.7057584 0.06720203 -0.7052581 -0.7057585 0.06720203 -0.7052581 -0.7057585 0.06720203 -0.7052581 -0.7016704 0.2491117 -0.6675344 -0.651094 0.218308 -0.7269238 -0.706201 0.318078 -0.6325399 -0.7017817 0.4622493 -0.5420591 -0.7017817 0.4622493 -0.5420591 -0.7017818 0.4622493 -0.5420591 -0.669202 0.4569031 -0.5860105 -0.6692019 0.4569031 -0.5860105 -0.669202 0.456903 -0.5860106 -0.7067726 0.5252997 -0.473849 -0.7067728 0.5252994 -0.4738489 -0.7018389 0.61974 -0.3512046 -0.7017544 0.7025396 -0.1182322 -0.701637 0.7026336 -0.118371 -0.7015864 0.702674 -0.1184308 -0.7014859 0.7027543 -0.1185495 -0.7069984 0.6610973 -0.2512046 -0.7069987 0.6610969 -0.2512047 -0.7069982 0.6610974 -0.2512047 -0.6861447 0.624888 -0.3724521 -0.6861447 0.624888 -0.3724521 -0.6861447 0.624888 -0.3724521 -0.7071257 -0.7070668 -0.005458235 -0.7071235 -0.707069 -0.005457818 -0.7071181 -0.7070744 -0.005456805 -0.707116 -0.7070766 -0.005456387 -0.6972778 -0.7063927 -0.1217091 -0.7017877 -0.700824 -0.1278274 -0.6996447 -0.7027537 -0.1289749 -0.6968346 -0.7070953 -0.1201579 -0.7106166 -0.677054 -0.1913691 -0.7098616 -0.6783944 -0.189414 -0.7076458 -0.6820594 -0.1844791 -0.7068659 -0.6832185 -0.1831747 -0.7068443 -0.6692712 -0.2290142 -0.7068442 -0.6692711 -0.2290142 -0.7068442 -0.6692711 -0.2290143 -0.69687 -0.6824653 -0.2204841 -0.6968701 -0.6824653 -0.2204841 -0.6968701 -0.6824653 -0.2204841 -0.7071068 -0.6647895 -0.2409459 -0.7071067 -0.6647896 -0.2409459 -0.7071067 -0.6647896 -0.2409459 -0.7044831 0.7051841 -0.08011853 -0.704483 0.7051842 -0.08011853 -0.6984379 0.7060084 -0.117204 -0.6984379 0.7060084 -0.117204 -0.6984379 0.7060084 -0.117204 -0.6884061 0.7119026 -0.1388947 -0.6884061 0.7119027 -0.1388946 -0.688406 0.7119027 -0.1388946 -0.7068833 0.6727098 -0.2185809 -0.7068341 0.6727609 -0.2185826 -0.7068575 0.6727579 -0.2185164 -0.7067323 0.6728132 -0.2187509 -0.7069929 0.6834791 -0.1817074 -0.707649 0.6834115 -0.1793923 -0.7092712 0.6832634 -0.1734519 -0.7091043 0.6838482 -0.1718221 -0.7071234 0.7070692 0.005458295 -0.7071218 0.7070707 0.005457878 -0.7071179 0.7070747 0.005456805 -0.7071164 0.7070763 0.005456387 -0.7016226 -0.7007439 -0.1291661 -0.7015779 -0.7007958 -0.1291271 -0.7016273 -0.7007394 -0.1291646 -0.7015946 -0.7007635 -0.1292117 -0.7070142 -0.6571059 -0.2614248 -0.707014 -0.6571061 -0.2614248 -0.7070142 -0.657106 -0.2614248 -0.6893886 -0.6244874 -0.3670954 -0.6893886 -0.6244874 -0.3670954 -0.7030244 -0.6050704 -0.3736932 -0.7030244 -0.6050704 -0.3736932 -0.7030245 -0.6050704 -0.3736931 -0.7067893 -0.5177968 -0.4820119 -0.7067893 -0.5177967 -0.4820119 -0.7067894 -0.5177967 -0.4820119 -0.6799944 -0.4671991 -0.5650953 -0.7041081 -0.4279382 -0.5666574 -0.7063786 -0.3081638 -0.6372319 -0.7063786 -0.3081637 -0.6372319 -0.7063786 -0.3081638 -0.637232 -0.6744704 -0.2470825 -0.6957298 -0.6744704 -0.2470825 -0.6957298 -0.6744704 -0.2470825 -0.6957298 -0.7049896 -0.1932045 -0.6823942 -0.7049896 -0.1932045 -0.6823942 -0.7049895 -0.1932045 -0.6823942 -0.7058309 -0.05636066 -0.7061347 -0.705831 -0.05636066 -0.7061347 -0.7058309 -0.05636066 -0.7061347 -0.6723772 0.005924105 -0.740185 -0.7057588 0.06723731 -0.7052543 -0.7057628 0.0672369 -0.7052505 -0.7057588 0.06723731 -0.7052543 -0.7017065 0.2487249 -0.6676406 -0.7017065 0.2487249 -0.6676406 -0.6510765 0.2180656 -0.7270122 -0.6510765 0.2180656 -0.7270123 -0.6510765 0.2180657 -0.7270123 -0.7063049 0.3179807 -0.6324728 -0.7063048 0.3179807 -0.6324729 -0.7063047 0.3179808 -0.6324728 -0.7016647 0.4622125 -0.5422421 -0.7016646 0.4622124 -0.5422421 -0.7016647 0.4622124 -0.5422422 -0.6693236 0.4568022 -0.5859504 -0.7067564 0.5252589 -0.4739184 -0.7067564 0.5252588 -0.4739184 -0.7067562 0.525259 -0.4739185 -0.701672 0.6198154 -0.3514046 -0.7016721 0.6198154 -0.3514046 -0.701672 0.6198154 -0.3514046 -0.7016407 0.7026321 -0.1183581 -0.7018115 0.7024943 -0.1181631 -0.7018848 0.7024351 -0.1180794 -0.7017514 0.702543 -0.1182304 -0.7070021 0.6611009 -0.2511844 -0.7070023 0.6611008 -0.2511844 -0.7070022 0.6611009 -0.2511844 -0.6860624 0.6248522 -0.3726636 -0.6860623 0.6248522 -0.3726636 -0.7070888 -0.707104 -0.005427896 -0.7069906 -0.7072001 -0.005693852 -0.7069987 -0.7071936 -0.005506396 -0.7071709 -0.7070212 -0.005504786 -0.6973489 -0.7063138 -0.1217598 -0.7018657 -0.7008061 -0.1274966 -0.6978393 -0.704541 -0.1290052 -0.6969928 -0.7068988 -0.1203963 -0.7106012 -0.6771136 -0.1912152 -0.7093445 -0.6788676 -0.1896557 -0.7059666 -0.6833722 -0.1860473 -0.7068075 -0.6833029 -0.1830857 -0.7066911 -0.6694059 -0.229093 -0.706691 -0.6694059 -0.229093 -0.706691 -0.6694059 -0.229093 -0.6970026 -0.6822492 -0.220734 -0.7070249 -0.6649544 -0.240731 -0.7070249 -0.6649544 -0.240731 -0.7070249 -0.6649544 -0.240731 -0.7015812 0.6203908 -0.3505696 -0.7015804 0.6203773 -0.3505954 -0.7015811 0.620393 -0.350566 -0.7015899 0.620352 -0.3506212 -0.6995236 0.4464197 -0.558011 -0.6989791 0.4446775 -0.5600805 -0.6974182 0.440644 -0.5651909 -0.6967301 0.4392318 -0.5671355 -0.7001105 0.1528362 -0.6974858 -0.6661057 0.2636222 -0.6977153 -0.6661058 0.2636221 -0.6977152 -0.6661058 0.2636221 -0.6977152 -0.7192725 -0.1255826 -0.6832834 -0.7192724 -0.1255827 -0.6832835 -0.6903693 -0.03948646 -0.7223788 -0.6903693 -0.03948646 -0.7223788 -0.6903693 -0.03948646 -0.7223788 -0.7071156 -0.707077 -0.005457341 -0.7071156 -0.707077 -0.005457341 -0.7071154 -0.7070772 -0.005457341 -0.7071153 -0.7070772 -0.005457341 -0.7016083 -0.7007279 -0.12933 -0.7016013 -0.700736 -0.1293241 -0.701606 -0.7007307 -0.129328 -0.7016137 -0.7007216 -0.1293346 -0.7070143 -0.6571121 -0.2614088 -0.7070143 -0.6571121 -0.2614088 -0.7070144 -0.657112 -0.2614088 -0.6891211 -0.6248779 -0.3669332 -0.7030099 -0.6050824 -0.373701 -0.7030099 -0.6050823 -0.373701 -0.7030099 -0.6050824 -0.3737009 -0.7068127 -0.5178182 -0.4819548 -0.7068127 -0.517818 -0.4819547 -0.7068127 -0.5178181 -0.4819547 -0.6803561 -0.4666347 -0.5651263 -0.704106 -0.4279416 -0.5666574 -0.7063626 -0.3083001 -0.6371836 -0.7063626 -0.3083001 -0.6371837 -0.6745552 -0.2471341 -0.6956292 -0.6745552 -0.2471341 -0.6956292 -0.6745552 -0.2471342 -0.6956293 -0.7049084 -0.1931999 -0.6824793 -0.7049084 -0.1931999 -0.6824793 -0.7049084 -0.1931999 -0.6824793 -0.7016929 0.005516886 -0.7124581 -0.7016929 0.005516886 -0.7124581 -0.7016929 0.005516886 -0.7124582 -0.631538 -0.06162911 -0.7728918 -0.6315381 -0.06162917 -0.7728918 -0.631538 -0.06162911 -0.7728917 -0.7057586 0.06719636 -0.7052585 -0.7057586 0.06719636 -0.7052586 -0.7057585 0.06719636 -0.7052586 -0.7017182 0.2486485 -0.6676567 -0.7017183 0.2486485 -0.6676567 -0.6511304 0.2181424 -0.7269409 -0.6511304 0.2181424 -0.7269409 -0.6511305 0.2181423 -0.7269409 -0.7063377 0.3180438 -0.6324044 -0.7063376 0.3180438 -0.6324044 -0.7063377 0.3180438 -0.6324044 -0.7015599 0.4621136 -0.5424617 -0.6690592 0.4569112 -0.5861672 -0.6690592 0.4569112 -0.5861672 -0.6690592 0.4569113 -0.5861672 -0.7066731 0.5253297 -0.473964 -0.7066731 0.5253298 -0.473964 -0.7018094 0.619903 -0.3509755 -0.701644 0.7026292 -0.1183555 -0.7015737 0.7026848 -0.1184421 -0.7015436 0.7027086 -0.1184793 -0.7014835 0.7027561 -0.1185533 -0.7069847 0.661073 -0.2513069 -0.7069847 0.661073 -0.2513069 -0.7069846 0.6610731 -0.251307 -0.6860091 0.6251011 -0.3723442 -0.7071248 0.7070678 0.005458295 -0.7071227 0.7070698 0.005457878 -0.7071175 0.707075 0.005456805 -0.7071155 0.7070771 0.005456387 -0.7091143 0.6838195 -0.1718945 -0.7091143 0.6838196 -0.1718945 -0.7091143 0.6838196 -0.1718945 -0.7044899 0.7051861 -0.08004057 -0.70449 0.7051861 -0.08004057 -0.70449 0.7051862 -0.08004057 -0.6984473 0.7060006 -0.1171952 -0.6984472 0.7060006 -0.1171952 -0.6984472 0.7060006 -0.1171953 -0.6884151 0.7119036 -0.1388454 -0.6884151 0.7119036 -0.1388455 -0.6884149 0.7119038 -0.1388454 -0.7069331 0.6753853 -0.2100009 -0.7069331 0.6753853 -0.2100009 -0.6973243 0.6816415 -0.2215936 0 -0.9999702 -0.00771898 0 -0.9999702 -0.00771898 0 -0.9999702 -0.00771898 0 -0.9999702 -0.00771898 0 0.986106 -0.1661174 -0.004137694 0.9823075 -0.1872294 -1.66414e-7 0.9347798 -0.3552278 0 0.9347798 -0.3552278 0 0.9347799 -0.3552278 0 0.8589008 -0.512142 0 0.8589008 -0.512142 0 0.8589009 -0.512142 -0.007263898 0.8358178 -0.548959 -1.40044e-7 0.7425644 -0.6697747 0 0.7425644 -0.6697747 1.76697e-7 0.7425644 -0.6697747 0 0.6148239 -0.7886644 -0.009432494 0.5621454 -0.8269847 0 0.4492803 -0.8933909 0 0.4492803 -0.8933909 0 0.4492803 -0.8933909 0 0.2872824 -0.957846 0 0.2872824 -0.957846 0 0.2872824 -0.9578459 -0.01043397 0.202508 -0.979225 0 0.09513878 -0.9954641 0 0.09513878 -0.9954641 0 0.09513878 -0.9954641 0 -0.0794332 -0.9968402 0 -0.0794332 -0.9968402 0 -0.0794332 -0.9968402 -0.01044273 -0.1870626 -0.9822925 4.5819e-7 -0.2723819 -0.9621893 0 -0.2723819 -0.9621893 0 -0.2723819 -0.9621893 0 -0.4353591 -0.9002569 0 -0.4353591 -0.9002569 0 -0.4353591 -0.9002569 -0.009451687 -0.5493405 -0.8355451 0 -0.6026524 -0.7980039 0 -0.7318965 -0.6814159 0 -0.7318965 -0.6814159 0 -0.7318965 -0.6814159 -0.007425367 -0.8269991 -0.5621542 0 -0.9834222 -0.1813312 -0.004229247 -0.9792008 -0.2028497 -0.004229247 -0.9792008 -0.2028497 -0.004229247 -0.9792008 -0.2028497 0 -0.9291707 -0.3696511 2.49234e-7 -0.9291707 -0.3696511 1.55726e-7 -0.9291707 -0.369651 0 -0.8509414 -0.5252606 0 0.9999702 0.00771898 0 0.9999702 0.00771898 0 0.9999702 0.00771898 0 0.9999702 0.00771898 0 0.9547612 -0.2973736 7.74052e-4 0.9538927 -0.300147 0.002234995 0.9520003 -0.3060892 0.002956569 0.9509169 -0.3094325 0 0.9664568 -0.2568294 0 0.9664568 -0.2568294 0 0.9664568 -0.2568294 0 0.9864274 -0.1641978 0 0.9864275 -0.1641978 -0.6998912 0.6099997 -0.3715544 -0.6998816 0.6100711 -0.3714553 -0.6999187 0.6101192 -0.3713063 -0.6999239 0.6101223 -0.3712916 -0.6996848 0.4149417 -0.5816052 -0.6996591 0.4150273 -0.581575 -0.6996221 0.4150597 -0.5815965 -0.6996834 0.4149563 -0.5815965 -0.6996595 0.1503571 -0.6984764 -0.6996867 0.1501894 -0.6984853 -0.699694 0.1501535 -0.6984857 -0.6996934 0.1503098 -0.6984527 -0.6999765 -0.6040337 -0.3810204 -0.6999938 -0.6039736 -0.3810836 -0.6998924 -0.6043235 -0.3807148 -0.699855 -0.6044523 -0.3805791 -0.6997099 -0.4058285 -0.5879706 -0.6996674 -0.4059092 -0.5879655 -0.6996688 -0.4058963 -0.5879727 -0.6997246 -0.4058204 -0.5879588 -0.6996349 -0.1392753 -0.7007949 -0.6996207 -0.1393411 -0.700796 -0.6996418 -0.139316 -0.7007799 -0.6996539 -0.1391132 -0.7008082 0 -0.9999703 -0.007716655 0 -0.9999703 -0.007718384 0 -0.9999703 -0.007717251 0 0.9861342 -0.16595 -0.004186809 0.982267 -0.1874412 -0.004186749 0.982267 -0.1874412 -0.004186809 0.9822669 -0.1874412 0 0.9348162 -0.3551319 2.23192e-7 0.9348163 -0.3551319 -4.07272e-7 0.9348163 -0.3551319 0 0.8588877 -0.5121641 0 0.8588877 -0.5121641 0 0.8588877 -0.5121641 -0.007395565 0.8357388 -0.5490773 -0.007395446 0.8357389 -0.5490773 -0.007395505 0.8357388 -0.5490773 -1.43343e-7 0.7425391 -0.6698028 0 0.7425391 -0.6698028 1.78276e-7 0.7425391 -0.6698028 0 0.6148904 -0.7886126 0 0.6148904 -0.7886126 0 0.6148904 -0.7886126 -0.009492993 0.5619481 -0.827118 -0.009492933 0.5619481 -0.827118 -0.009492933 0.5619481 -0.827118 0 0.4492568 -0.8934028 0 0.2871708 -0.9578795 0 0.2871708 -0.9578795 0 0.2871708 -0.9578795 -0.01053559 0.203158 -0.9790893 0 0.09495991 -0.9954811 0 0.09495991 -0.9954811 0 0.09495991 -0.9954811 0 -0.07939988 -0.9968429 0 -0.07939988 -0.9968429 0 -0.07939988 -0.9968429 -0.01049667 -0.1875571 -0.9821977 -0.01049673 -0.1875571 -0.9821977 -0.01049673 -0.1875571 -0.9821977 0 -0.2722958 -0.9622136 0 -0.4354401 -0.9002178 0 -0.4354401 -0.9002178 0 -0.4354401 -0.9002178 -0.009476482 -0.5490164 -0.8357579 -0.009476482 -0.5490165 -0.8357579 -0.009476482 -0.5490164 -0.8357579 0 -0.6026034 -0.7980409 0 -0.6026034 -0.7980409 0 -0.6026034 -0.7980409 0 -0.732015 -0.6812886 0 -0.732015 -0.6812887 2.04585e-7 -0.732015 -0.6812887 -0.007295608 -0.8272679 -0.5617605 0 -0.9834213 -0.1813358 -0.004166781 -0.9792691 -0.2025209 0 -0.9291961 -0.3695873 0 -0.929196 -0.3695873 0 -0.929196 -0.3695873 0 -0.8507558 -0.5255612 0 -0.9461913 -0.3236082 4.70583e-4 -0.9470914 -0.3209639 0.001628339 -0.9491274 -0.3148882 0.002198457 -0.9500915 -0.3119636 0 -0.9623191 -0.2719229 0 -0.9623191 -0.2719229 0 -0.9623191 -0.2719229 0 -0.9837897 -0.1793265 0 -0.9837897 -0.1793265 0 -0.9837897 -0.1793265 0 -0.9837897 -0.1793265 0 0.9547897 -0.2972824 7.4979e-4 0.9540005 -0.2998045 0.002283453 0.9519914 -0.3061163 0.002905488 0.9510578 -0.3089995 0 0.9664596 -0.2568191 1.81772e-7 0.9664595 -0.2568191 0 0.9664595 -0.2568191 0 0.9864773 -0.1638982 2.89536e-7 0.9864852 -0.1638512 0 0.9864851 -0.1638511 0 0.9864773 -0.1638982 -0.6998416 0.6101198 -0.3714508 -0.6999058 0.6101154 -0.3713371 -0.6998975 0.6101272 -0.3713334 -0.6996126 0.6103084 -0.3715724 -0.6995882 0.4148074 -0.5818172 -0.699694 0.4149492 -0.5815888 -0.6997355 0.4148657 -0.5815985 -0.6996746 0.4151373 -0.5814779 -0.6996849 0.1501997 -0.6984849 -0.6996605 0.149944 -0.6985642 -0.6996757 0.1498723 -0.6985644 -0.6996753 0.150283 -0.6984766 -0.7000032 -0.6042906 -0.3805634 -0.6999402 -0.6042379 -0.3807631 -0.7000012 -0.604233 -0.3806582 -0.6999983 -0.6042156 -0.3806915 -0.6996865 -0.4057641 -0.5880429 -0.6997492 -0.4059579 -0.5878344 -0.6996655 -0.4058821 -0.5879864 -0.6996698 -0.4059776 -0.5879154 -0.6996564 -0.1396393 -0.700701 -0.6996625 -0.1392887 -0.7007647 -0.699685 -0.1394044 -0.7007191 -0.6996046 -0.1394557 -0.7007892 0 -0.9461861 -0.3236231 5.31028e-4 -0.9471839 -0.3206909 0.001634538 -0.9491425 -0.3148429 0.002155184 -0.950087 -0.3119779 0 -0.9623408 -0.2718459 0 -0.9623408 -0.2718459 0 -0.9623408 -0.271846 0 -0.9837898 -0.1793262 0 -0.9838498 -0.1789961 0 -0.9837898 -0.1793262 0 -0.9999669 -0.008144199 0 -0.9999707 -0.007668256 0 -0.9999669 -0.008145391 0 -0.9999707 -0.007669448 0 0.9861341 -0.1659502 -0.00420016 0.9822754 -0.1873967 -0.0042001 0.9822754 -0.1873967 -0.0042001 0.9822753 -0.1873967 -1.66412e-7 0.9347935 -0.3551916 0 0.9347935 -0.3551917 0 0.9347935 -0.3551916 0 0.8589562 -0.5120492 0 0.8589562 -0.5120492 0 0.8589562 -0.5120492 -0.007496356 0.8355588 -0.5493499 0 0.7425112 -0.6698337 1.33454e-7 0.7425112 -0.6698337 -2.55575e-7 0.7425112 -0.6698337 0 0.6149382 -0.7885753 0 0.6149382 -0.7885753 0 0.6149382 -0.7885754 -0.009585559 0.5621424 -0.8269848 0 0.4492558 -0.8934032 0 0.4492558 -0.8934032 -1.23917e-7 0.4492558 -0.8934032 0 0.2873114 -0.9578372 0 0.2873114 -0.9578372 0 0.2873114 -0.9578372 -0.01061552 0.2025067 -0.9792234 0 0.09476923 -0.9954993 0 0.09476923 -0.9954993 0 0.09476923 -0.9954993 0 -0.07935112 -0.9968467 0 -0.07935112 -0.9968467 0 -0.07935112 -0.9968468 -0.01051169 -0.1873736 -0.9822326 -0.01051169 -0.1873736 -0.9822326 -0.01051175 -0.1873736 -0.9822325 0 -0.2726938 -0.9621009 0 -0.4353591 -0.9002569 -0.009451687 -0.5493426 -0.8355438 -2.4208e-7 -0.7319621 -0.6813455 1.62593e-7 -0.731962 -0.6813455 -1.33485e-7 -0.7319621 -0.6813454 -0.007529795 -0.8269963 -0.5621569 0 -0.9834275 -0.1813016 0 -0.9834275 -0.1813016 0 -0.9834275 -0.1813016 -0.004141449 -0.9792156 -0.20278 -0.00414139 -0.9792156 -0.20278 -0.004141449 -0.9792156 -0.20278 -1.52271e-7 -0.9291573 -0.369685 -4.31045e-7 -0.9291572 -0.3696849 2.88552e-7 -0.9291573 -0.3696848 0 -0.8508937 -0.5253379 0 -0.8508937 -0.5253379 0 -0.8508937 -0.5253379 0 0.9574046 -0.2887501 5.22664e-4 0.956519 -0.2916697 0.001949489 0.9546167 -0.2978309 0.002675473 0.9536817 -0.3008056 0 0.9683861 -0.2494563 0 0.9683861 -0.2494563 -2.03254e-7 0.9683861 -0.2494563 0 0.9874554 -0.1578984 0 0.9874573 -0.1578862 0 0.9874572 -0.1578873 0 0.9874552 -0.1578996 -0.6999115 0.6101019 -0.3713482 -0.6998872 0.6100587 -0.3714652 -0.6999016 0.6100205 -0.3715008 -0.6999244 0.6100527 -0.3714048 -0.6996778 0.4149734 -0.5815911 -0.6996778 0.4149901 -0.5815791 -0.6996778 0.4149872 -0.5815812 -0.6996815 0.4149649 -0.5815926 -0.6997048 0.1500144 -0.6985049 -0.6996619 0.1499438 -0.6985629 -0.6996853 0.1501993 -0.6984846 -0.6996795 0.150241 -0.6984815 -0.6998641 -0.6044123 -0.3806259 -0.6998481 -0.604445 -0.3806034 -0.6998281 -0.6045074 -0.380541 -0.6998512 -0.6044432 -0.3806005 -0.6996465 -0.4058963 -0.5879992 -0.6996214 -0.4059125 -0.588018 -0.699663 -0.4059591 -0.5879362 -0.6996771 -0.4059035 -0.5879577 -0.6995577 -0.139229 -0.7008811 -0.6996409 -0.1392198 -0.7007999 -0.6996472 -0.1392443 -0.7007888 -0.6996155 -0.1394578 -0.700778 0 -0.9461282 -0.3237925 4.73778e-4 -0.9471535 -0.3207804 0.001581966 -0.9491078 -0.3149475 0.002010285 -0.9501268 -0.3118576 0 -0.9837908 -0.1793203 0 -0.98385 -0.1789954 0 -0.983851 -0.1789896 -0.7062833 -0.7059199 -0.05330133 -0.7017767 -0.7052844 -0.1004171 -0.7017767 -0.7052843 -0.1004171 -0.7017766 -0.7052844 -0.1004171 -0.6956994 -0.7074947 -0.1243125 -0.6956994 -0.7074947 -0.1243125 -0.6956993 -0.7074948 -0.1243125 -0.7031307 -0.6965318 -0.1430057 -0.7031307 -0.6965318 -0.1430057 -0.7031307 -0.6965318 -0.1430057 -0.7086865 -0.6827813 -0.1776883 -0.6999384 -0.6805353 -0.216698 -0.6973261 -0.6834421 -0.2159707 -0.6977574 -0.6832535 -0.2151728 -0.6975572 -0.6837019 -0.2143963 -0.7071943 -0.6667114 -0.2353128 0 -0.1808155 -0.9835171 0 -0.1808155 -0.9835171 0 -0.1808155 -0.9835171 0.001504063 -0.1585861 -0.9873441 0.001504182 -0.1585862 -0.9873441 0.001504123 -0.1585862 -0.9873441 -0.001592695 0.2143031 -0.9767659 -0.001592695 0.2143031 -0.9767659 -0.001592695 0.2143031 -0.9767659 0 0.2362809 -0.9716848 0 0.2362809 -0.9716849 0 0.2362809 -0.9716849 0 0.6120041 -0.7908546 0 0.6120041 -0.7908546 0 0.6120041 -0.7908546 -0.001800358 0.5942016 -0.8043141 -0.00180006 0.5942017 -0.8043141 -0.001800179 0.5942016 -0.8043141 0.001598715 0.8706467 -0.4919064 0.001598715 0.8706467 -0.4919065 0.001598656 0.8706467 -0.4919064 1.21931e-7 0.8593345 -0.5114141 0 0.8593346 -0.511414 -1.30534e-7 0.8593346 -0.511414 -0.706604 -0.2838075 -0.6482008 -0.7066039 -0.2838075 -0.6482008 -0.706604 -0.2838075 -0.6482008 -0.6957072 -0.3200605 -0.6430807 -0.6957072 -0.3200605 -0.6430808 -0.6716555 -0.4598689 -0.5808612 -0.6716555 -0.459869 -0.580861 -0.6716555 -0.4598687 -0.5808613 -0.7002925 -0.4244149 -0.5739882 -0.7002924 -0.4244148 -0.5739884 -0.7002925 -0.4244149 -0.5739883 -0.7118192 -0.3637303 -0.6008441 -0.7118193 -0.3637304 -0.6008441 -0.7118192 -0.3637303 -0.6008442 -0.9153212 -0.4027125 -0.003135502 -0.9997643 -0.02171337 -1.99873e-4 -0.9997642 -0.02171337 -1.99963e-4 -0.9997642 -0.02171337 -2.00086e-4 -0.99465 -0.1033037 -3.48085e-7 -0.99465 -0.1033037 -3.2939e-7 -0.9946499 -0.1033037 -3.05989e-7 -0.9925795 -0.1215965 5.85997e-4 -0.9723141 -0.2336648 -0.002453267 -0.9358953 -0.3522757 -0.00139904 -0.9358953 -0.3522757 -0.00139904 -0.9358953 -0.3522757 -0.00139898 -0.877395 -0.4796954 -0.008399724 -0.877395 -0.4796954 -0.008399903 -0.877395 -0.4796954 -0.008399903 -0.630359 -0.409711 0.6593819 -0.7015488 -0.1309212 0.700492 -0.6615338 -0.3886443 0.6413491 -0.6615338 -0.3886444 0.641349 -0.6615338 -0.3886443 0.6413491 -0.6476809 -0.08843338 0.7567622 -0.647681 -0.08843332 0.7567622 -0.647681 -0.08843332 0.7567622 -0.7142978 -0.2228163 0.6634241 -0.7142978 -0.2228163 0.6634241 -0.7080289 -0.2626354 0.6555286 -0.7080289 -0.2626356 0.6555286 -0.7080289 -0.2626355 0.6555286 -0.702731 -0.3353637 0.6274554 -0.702731 -0.3353637 0.6274555 -0.675742 -0.3731812 0.6356953 -0.675742 -0.3731812 0.6356953 -0.675742 -0.3731812 0.6356953 -0.7071174 -0.005499184 0.7070748 -0.7071175 -0.005499184 0.7070748 -0.7071209 -0.005499124 0.7070713 -0.707121 -0.005499124 0.7070713 -1 4.20188e-7 0 -1 -3.21864e-7 0 -1 0 0 -1 -4.84672e-6 0 -1 0 0 -1 -6.95924e-7 0 -1 1.56707e-6 0 -1 2.83616e-6 0 -1 -7.0212e-7 0 -1 0 0 -1 -8.36102e-7 0 -1 -6.05818e-7 0 -1 4.52601e-6 0 -1 -5.53217e-6 0 -1 1.15478e-6 0 -1 -2.63913e-6 0 -1 -5.46011e-6 0 -1 0 0 -1 -1.68905e-7 0 -1 -4.84668e-6 0 -1 0 0 -1 -5.91919e-7 0 -1 2.45429e-5 0 -1 3.42779e-6 0 -1 3.13957e-6 0 -1 7.05719e-6 0 -1 5.65072e-6 0 -0.9999999 6.47308e-4 0 -1 5.10264e-7 0 -1 -1.27877e-6 0 -1 -2.07364e-7 0 -1 2.52444e-5 0 -1 -5.40717e-6 0 -1 7.82208e-7 0 -0.9999998 6.70815e-4 0 -1 -8.84377e-6 0 -1 1.12566e-6 0 -1 1.6375e-6 0 -1 0 0 -1 0 0 -1 -1.47188e-7 0 -1 0 0 -1 -2.00031e-7 0 -1 0 0 -1 1.37887e-6 0 -1 2.32914e-6 0 -1 -8.04413e-7 0 -1 3.66094e-6 0 -1 1.58199e-5 0 -1 2.69723e-6 0 -1 0 0 -1 2.74815e-6 0 -1 1.365e-4 0 -1 -4.28983e-6 0 -1 -1.96415e-6 0 -1 2.52995e-5 0 -1 -6.46689e-5 0 -1 -4.93387e-5 0 -1 6.06293e-6 0 -1 2.61298e-7 0 -1 6.08718e-7 0 -1 8.76885e-5 0 -1 6.51875e-6 0 0 -0.9999703 -0.007717847 0 -0.9999703 -0.007717847 0 -0.9999703 -0.007717847 0 -0.9999703 -0.007717847 0 0.9861074 -0.1661096 -0.004191637 0.982287 -0.1873357 -0.004191696 0.9822871 -0.1873357 -0.004191696 0.9822871 -0.1873357 0 0.9347918 -0.3551961 0 0.9347918 -0.3551961 0 0.9347918 -0.3551961 0 0.85896 -0.5120427 0 0.85896 -0.5120427 0 0.85896 -0.5120427 -0.00737679 0.8359516 -0.5487536 0 0.7425318 -0.6698108 0 0.6149994 -0.7885276 -0.009551405 0.5617489 -0.8272526 0 0.4492599 -0.8934011 0 0.4492599 -0.8934011 -1.23735e-7 0.4492599 -0.8934011 0 0.2873128 -0.9578369 0 0.2873128 -0.9578369 0 0.2873128 -0.9578369 -0.01065307 0.2025091 -0.9792225 0 0.09478282 -0.9954981 0 0.09478282 -0.9954981 0 0.09478282 -0.995498 0 -0.07940942 -0.9968421 3.21707e-7 -0.07940942 -0.9968421 0 -0.07940942 -0.9968421 -0.01047033 -0.187519 -0.9822052 -0.01047033 -0.1875191 -0.9822052 -0.01047039 -0.1875191 -0.9822052 0 -0.2722947 -0.9622139 -0.009451985 -0.5493416 -0.8355445 0 -0.6026508 -0.7980051 0 -0.7320649 -0.681235 0 -0.7320649 -0.681235 1.95054e-7 -0.7320649 -0.681235 -0.007272541 -0.8269998 -0.5621554 0 -0.9833897 -0.1815069 -0.004129052 -0.9792697 -0.2025187 1.84729e-7 -0.9291728 -0.3696457 -3.39543e-7 -0.9291728 -0.3696457 0 -0.9291728 -0.3696457 0 -0.8508046 -0.5254822 0 -0.8508046 -0.5254822 2.59277e-7 -0.8508046 -0.5254822 0 0.9999703 0.007716655 0 0.9999703 0.007718384 0 0.9999703 0.007717251 0 0.9547615 -0.2973732 0 0.9547622 -0.2973703 0 0.9547621 -0.2973708 0 0.9864857 -0.1638473 0 0.9864783 -0.1638919 0 0.9864862 -0.163845 0 0.9864779 -0.1638949 -1 5.88053e-7 0 -1 6.20766e-7 0 -1 -6.14084e-7 0 -1 -7.24291e-7 0 -1 -6.74044e-7 0 -1 3.73698e-7 0 -1 -2.12378e-7 0 -1 5.83318e-7 0 -1 -6.54387e-7 0 -1 6.74025e-7 0 -1 -4.49556e-7 0 -1 4.92492e-7 0 -1 2.81198e-7 0 -1 0 0 -1 4.95629e-7 0 -1 7.64851e-7 0 -1 6.03474e-6 0 -1 6.93404e-6 0 0 0.8541942 -0.5199542 0 0.8542191 -0.5199133 0 0.8542195 -0.5199126 0 0.8541947 -0.5199535 0 0.5807781 -0.8140621 0 0.5807731 -0.8140655 0 0.5807733 -0.8140653 0 0.5808173 -0.8140341 0 0.2101655 -0.9776659 0 0.2102074 -0.9776568 0 0.2102077 -0.9776567 7.07754e-7 0.2101657 -0.9776659 -0.7071196 0.005376219 -0.7070736 -0.7071195 0.00537616 -0.7070737 -0.7071188 0.005375742 -0.7070744 -0.7070596 0.005701184 -0.707131 1.85957e-4 -0.8458533 -0.5334156 0 -0.8459838 -0.5332088 2.14179e-4 -0.8449944 -0.5347751 1.95586e-4 -0.8447343 -0.5351858 -7.03044e-5 -0.5670516 -0.8236823 -2.93811e-4 -0.5683073 -0.8228164 3.16634e-5 -0.5660462 -0.8243736 9.12793e-5 -0.5649701 -0.8251114 -5.45796e-5 -0.1944504 -0.9809123 -1.09167e-4 -0.194697 -0.9808635 2.24019e-6 -0.1940739 -0.980987 0 -0.1938182 -0.9810374 -1 0 0 -1 -5.88377e-7 0 -1 -7.99234e-7 0 -1 -1.89381e-7 0 -1 -6.91788e-6 0 -1 2.84782e-6 0 -1 -1.00771e-6 0 -1 -2.21373e-6 0 -4.06997e-5 0.2097926 -0.977746 0 0.210191 -0.9776604 -1.27896e-4 0.2092493 -0.9778624 -1.01208e-4 0.2088388 -0.9779501 6.51454e-5 0.5800216 -0.8146011 1.00343e-4 0.5808139 -0.8140365 -6.99791e-5 0.5789184 -0.8153856 -2.83091e-4 0.5779459 -0.816075 4.20291e-6 0.8535567 -0.521 8.9702e-5 0.8541576 -0.5200143 1.07068e-4 0.853329 -0.5213729 0 0.8529521 -0.5219893 -0.7071176 0.005533456 -0.7070744 -0.7071178 0.005533576 -0.7070741 -0.7071196 0.005534112 -0.7070723 -0.70712 0.005534172 -0.707072 7.31231e-5 -0.8455306 -0.533927 0 -0.8461419 -0.5329576 1.14764e-4 -0.8452116 -0.5344318 2.02817e-4 -0.8447039 -0.535234 -2.92191e-4 -0.5676319 -0.8232825 -1.96434e-4 -0.5680614 -0.8229861 -8.38683e-5 -0.5655729 -0.8246983 9.78624e-5 -0.5651597 -0.8249815 -5.84566e-5 -0.1944509 -0.9809123 -1.09015e-4 -0.1951674 -0.9807699 -4.00652e-5 -0.1942079 -0.9809604 0 -0.193726 -0.9810557 -1 4.09795e-7 0 -1 -3.49898e-7 0 -1 -1.40248e-6 0 -1 0 0 -1 3.19205e-7 0 -1 2.72346e-7 0 -1 -8.17323e-7 0 -1 -1.19146e-6 0 -1 0 0 -1 -8.64036e-7 0 -1 -1.51251e-6 0 -1 -4.90111e-7 0 -1 -4.9437e-7 0 -1 -5.25656e-7 0 -1 -1.35769e-5 0 -1 7.99364e-6 0 -1 -5.10042e-7 0 -4.07227e-5 0.2097928 -0.9777459 0 0.2098683 -0.9777297 -1.44912e-4 0.2091622 -0.977881 -1.01324e-4 0.2088388 -0.9779501 -1.20447e-5 0.579999 -0.8146172 9.7447e-5 0.5807684 -0.814069 -2.06857e-4 0.5783777 -0.8157691 -1.32368e-4 0.5779459 -0.8160752 1.32843e-4 0.8538349 -0.520544 1.85749e-4 0.8541521 -0.5200234 5.4436e-5 0.8532944 -0.5214296 0 0.8528516 -0.5221536 -0.7071183 0.005533456 -0.7070737 -0.7071185 0.005533516 -0.7070735 -0.7071195 0.005534112 -0.7070724 -0.7071197 0.005534172 -0.7070723 0 -0.8460852 -0.5330477 0 -0.8460853 -0.5330477 0 -0.8460847 -0.5330485 0 -0.8460847 -0.5330485 0 -0.5680588 -0.822988 3.53878e-7 -0.5680254 -0.8230112 0 -0.5680644 -0.8229841 0 -0.5680585 -0.8229882 0 -0.1951654 -0.9807704 0 -0.1948383 -0.9808354 0 -0.1951673 -0.9807701 0 -0.1951653 -0.9807704 -0.7015655 -0.6148312 -0.3602617 -0.701568 -0.6148824 -0.3601694 -0.7015659 -0.6148803 -0.3601772 -0.704104 0.1702097 -0.6893956 -0.704104 0.1702097 -0.6893956 -0.7015633 -0.6148882 -0.3601687 -0.6987909 -0.4356902 -0.5673318 -0.6995851 -0.4375942 -0.5648824 -0.6944003 -0.433952 -0.5740156 -0.6967923 -0.4300965 -0.5740189 -0.6977162 -0.1214908 -0.7059972 -0.6977162 -0.1214908 -0.7059972 -0.7043313 -0.1413752 -0.6956512 -0.7043313 -0.1413753 -0.6956512 -0.7043313 -0.1413753 -0.6956512 -0.6985785 0.1402947 -0.7016448 -0.6985785 0.1402947 -0.7016448 -0.6985785 0.1402947 -0.7016448 0 -0.9849134 -0.1730477 0 -0.9849134 -0.1730483 0 -0.9849134 -0.1730483 0 -0.9848969 -0.1731421 0 -0.9527133 -0.3038709 0 -0.9526834 -0.3039644 0 -0.9526544 -0.3040554 0 -0.9527133 -0.3038706 -0.7003873 -0.1336607 -0.7011365 -0.7002383 -0.1335552 -0.7013055 -0.7005008 -0.133741 -0.7010079 -0.7002788 -0.1338109 -0.7012162 -0.7001318 -0.3920187 -0.596772 -0.7002142 -0.3920004 -0.5966874 -0.7003189 -0.3918985 -0.5966315 -0.7002658 -0.3920923 -0.5965665 -0.7003553 -0.5903902 -0.4011756 -0.7002284 -0.5904298 -0.4013389 -0.700452 -0.5903601 -0.4010512 -0.7002791 -0.5904901 -0.4011618 -0.7004212 -0.6989321 -0.1445831 -0.7003781 -0.6989787 -0.1445659 -0.7002884 -0.6990337 -0.1447349 -0.7000804 -0.6991927 -0.1449727 -0.7071192 0.005499005 -0.707073 -0.7071192 0.005499005 -0.707073 -0.7071192 0.005499243 -0.707073 -0.7071192 0.005499243 -0.707073 0 -0.9793135 -0.2023491 0 -0.9792437 -0.2026864 0 -0.9792447 -0.202682 0 -0.9792465 -0.2026733 0 -0.8270228 -0.5621684 0 -0.8270177 -0.562176 0 -0.8272897 -0.5617756 0 -0.8270254 -0.5621646 0 -0.548967 -0.8358441 0 -0.5493624 -0.8355843 0 -0.5489645 -0.8358458 0 -0.5490899 -0.8357635 0 -0.1870719 -0.9823462 0 -0.1870729 -0.9823461 0 -0.1870724 -0.9823461 0 -0.1870714 -0.9823463 -0.7071041 -0.7070882 -0.005498468 -0.7068502 -0.7073436 -0.00527656 -0.7071531 -0.7070391 -0.005501925 -0.7070604 -0.7071315 -0.005544185 -0.7070981 -0.7070941 -0.005499839 -0.7071157 -0.7070766 -0.005500674 0 -0.9944143 -0.1055472 0.003526806 -0.9978975 -0.06471556 -0.005000293 -0.955079 -0.2963094 -0.005000233 -0.955079 -0.2963094 -0.005000174 -0.955079 -0.2963094 7.60524e-5 -0.9660709 -0.2582771 0.02840077 -0.9052142 -0.4240056 0.02840036 -0.9052142 -0.4240056 0.02840059 -0.9052143 -0.4240056 -0.01723748 -0.7689025 -0.6391338 -0.01723748 -0.7689025 -0.6391338 -0.01723748 -0.7689025 -0.6391338 -8.01066e-6 -0.8789871 -0.4768456 -8.13241e-6 -0.8789871 -0.4768456 -8.08418e-6 -0.8789871 -0.4768456 -2.99838e-4 -0.8085079 -0.5884853 -2.9983e-4 -0.8085079 -0.5884853 -2.99833e-4 -0.8085079 -0.5884853 2.13963e-4 -0.620374 -0.7843061 0.008306503 -0.5489532 -0.8358119 0 -0.1740475 -0.9847373 0.009697377 -0.1873901 -0.9822378 0.009697377 -0.1873901 -0.9822378 0.009697377 -0.18739 -0.9822378 -1.72513e-7 -0.3630561 -0.9317674 0 -0.3630561 -0.9317674 -1.24168e-7 -0.3630561 -0.9317674 -0.001076579 -0.4452917 -0.895385 -0.8660352 -0.4999682 -0.003884375 -0.8660275 -0.4999814 -0.003905713 -0.8661271 -0.4998078 -0.004034638 -0.8660584 -0.4999284 -0.003837108 -0.8659787 -0.5000673 -0.003707528 -0.8660082 -0.500015 -0.003859698 -0.8659974 -0.5000331 -0.00394392 -0.8659632 -0.5000922 -0.003952801 -0.8658432 -0.5002989 -0.004064917 -0.8660986 -0.4998582 -0.003889203 -0.8659998 -0.5000294 -0.003891944 -0.8660154 -0.5000023 -0.003906905 -0.8660398 -0.4999609 -0.003790795 -1.87602e-4 -0.9827225 0.1850854 0 -0.9828817 0.1842381 -4.08865e-4 -0.9824398 0.1865795 -4.93504e-4 -0.9822614 0.1875164 3.81236e-4 -0.8382986 0.5452116 4.01711e-4 -0.8390477 0.5440579 -2.46872e-5 -0.83671 0.5476462 -2.89948e-4 -0.8359062 0.5488724 0 -0.7141152 0.7000283 0 -0.7141176 0.7000258 -1.77838e-6 -0.7141127 0.7000308 0 -0.6831393 0.7302882 1.51078e-7 -0.6831392 0.7302882 -1.79512e-7 -0.6831392 0.7302882 0.003894448 -0.5627955 0.826587 -1.54594e-4 -0.5277641 0.8493911 -2.45837e-7 -0.3718151 0.9283069 -1.41252e-7 -0.3718151 0.9283068 -3.38147e-7 -0.3718152 0.9283069 0.002273797 -0.2037838 0.9790134 0 -0.1833878 0.9830408 0 -0.1833878 0.9830407 1.60841e-7 -0.1833878 0.9830407 0.7071213 -0.7070724 -0.005309283 0.7071202 -0.7070736 -0.005307018 0.707082 -0.7071092 -0.005633294 0.7071161 -0.7070777 -0.005298912 0.7071472 -0.707045 -0.005500137 0.7070906 -0.7071017 -0.005504548 0.7070808 -0.7071118 -0.005465567 0.7070653 -0.7071271 -0.005477368 0.7070966 -0.707096 -0.005447506 0.7001073 -0.1451113 0.6991369 0.7002145 -0.144702 0.6991146 0.7001829 -0.1447688 0.6991323 0.7002327 -0.144684 0.6991 0.7000793 -0.4013291 0.5906131 0.699966 -0.4014907 0.5906377 0.7002187 -0.4012521 0.5905004 0.7001808 -0.4013006 0.5905124 0.7000802 -0.596826 0.3920289 0.7001864 -0.5967094 0.3920164 0.7003379 -0.5967421 0.3916962 0.7002447 -0.5966944 0.3919353 0.7000961 -0.7013901 0.1338562 0.7000741 -0.701405 0.133893 0.700138 -0.7013569 0.1338105 0.7001998 -0.7013273 0.1336424 0.7001522 -0.1454896 0.6990134 0.7001621 -0.1454967 0.699002 0.7001445 -0.145484 0.6990223 0.7004593 -0.7014777 0.1314768 0.6255071 -0.7746079 0.09340083 0.6255071 -0.7746079 0.09340095 0.6255068 -0.774608 0.09340149 0.7001327 -0.1454754 0.6990358 0.7015952 -0.4028503 0.5877719 0.7003267 -0.401748 0.5900349 0.7005556 -0.4022008 0.5894542 0.7022669 -0.4022802 0.5873601 0.7072057 -0.504997 0.4948114 0.7072059 -0.5049989 0.494809 0.707205 -0.5050008 0.4948084 0.7000365 -0.5991282 0.3885799 0.7001124 -0.5991032 0.3884817 0.7001829 -0.5990727 0.3884015 0.7001779 -0.5990757 0.3884063 0.7016586 -0.6978347 0.1438819 0.7016586 -0.6978347 0.1438819 0.7016586 -0.6978347 0.143882 0.5616643 -0.8070779 0.1820949 0.561664 -0.8070783 0.182094 0.5616643 -0.8070779 0.182095 0.7071183 -0.005499064 0.7070739 0.7071182 -0.005499064 0.707074 0.7071149 -0.005499184 0.7070774 0.7071148 -0.005499184 0.7070774 0 -0.007777154 0.9999698 0 -0.007777154 0.9999698 0 -0.007777094 0.9999698 0 -0.007777094 0.9999698 -0.7050021 0.07130402 0.7056117 -0.7050021 0.07130402 0.7056117 -0.7050021 0.07130402 0.7056116 -0.673178 0.1244307 0.7289365 -0.673178 0.1244306 0.7289366 -0.673178 0.1244307 0.7289365 -0.6941182 0.1670115 0.7002195 -0.6941182 0.1670115 0.7002194 -0.6941182 0.1670115 0.7002193 -0.7070095 0.2123097 0.674583 -0.7070095 0.2123097 0.674583 -0.7070095 0.2123097 0.674583 -0.6301786 0.3991861 0.6659771 -0.6301786 0.3991861 0.6659771 -0.6301786 0.3991861 0.6659771 -0.661585 0.3786091 0.6472716 -0.7866799 0.22061 0.5765987 -0.7866796 0.2206097 0.5765993 -0.7866801 0.2206101 0.5765985 -0.6829267 0.3394225 0.6468412 -0.6829266 0.3394225 0.6468414 -0.6829267 0.3394225 0.6468413 -0.7064241 0.2736994 0.6527279 -0.706424 0.2736994 0.652728 -0.706424 0.2736994 0.652728 -0.9995183 0.03103584 2.39762e-4 -0.9930549 0.1176509 -4.9951e-4 -0.9930549 0.1176509 -4.99627e-4 -0.9930549 0.1176509 -4.99587e-4 -0.9984236 0.05610191 0.001699864 -0.9984236 0.05610191 0.001699805 -0.9984237 0.05610191 0.001700043 -0.9715597 0.2367949 3.00006e-4 -0.9715597 0.2367949 2.99999e-4 -0.9715597 0.2367948 2.99979e-4 -0.9906222 0.136559 0.00440061 -0.9906222 0.136559 0.004401028 -0.9906222 0.1365591 0.004400968 -0.9156142 0.4020459 0.003129065 -0.8936131 0.4487941 0.006299674 -0.8936131 0.4487941 0.006299436 -0.893613 0.4487941 0.006299316 -0.9589828 0.283464 4.04223e-4 -1 5.14847e-6 0 -1 1.42562e-6 0 -1 6.01547e-5 0 -1 -2.68333e-4 0 -1 -3.44269e-7 0 -1 -2.84209e-7 0 -1 -3.19204e-7 0 -1 0 0 -1 -4.50899e-7 0 -1 1.53961e-7 0 -1 0 0 -1 0 0 -1 5.99944e-7 0 -1 -4.81852e-7 0 -1 -9.63669e-7 0 -1 -1.3852e-5 0 -1 3.53466e-6 0 -1 -6.42818e-7 0 -3.40402e-5 0.007732212 -0.9999702 3.41531e-5 0.007729411 -0.9999702 1.74818e-4 0.007791817 -0.9999697 0 0.007723212 -0.9999703 2.40776e-5 0.007797122 -0.9999696 -5.23985e-6 0.007800221 -0.9999697 -1.4652e-6 0.007799685 -0.9999697 0 0.007602572 -0.9999711 0 0.007602572 -0.9999711 0 0.007722258 -0.9999703 -3.54248e-4 0.007822155 -0.9999694 0 0.007826209 -0.9999694 0 0.007826209 -0.9999694 -1.00259e-4 0.007803738 -0.9999696 0 0.007826209 -0.9999694 -0.7084476 0.3926652 -0.5864437 -0.7084476 0.3926652 -0.5864437 -0.7084476 0.3926651 -0.5864437 -0.7002903 0.4333277 -0.5672925 -0.7002903 0.4333277 -0.5672925 -0.7002903 0.4333277 -0.5672925 -0.6717354 0.4688525 -0.5735408 -0.6717354 0.4688525 -0.5735406 -0.6717354 0.4688526 -0.5735407 -0.6976996 0.3159052 -0.6429769 -0.6976997 0.315905 -0.6429769 -0.6976997 0.3159051 -0.6429768 -0.709749 0.3320633 -0.6212813 -0.7097491 0.3320633 -0.6212813 -0.7070823 0.2669931 -0.6547896 -0.7070824 0.2669931 -0.6547894 -0.7070823 0.266993 -0.6547895 0 -0.8629058 -0.505365 0 -0.8629058 -0.505365 0 -0.8629058 -0.505365 0.001499712 -0.8512991 -0.5246787 0.001499712 -0.8512991 -0.5246787 0.001507043 -0.8512992 -0.5246787 -0.001559019 -0.599632 -0.8002743 0 -0.5815795 -0.8134896 0 -0.5815795 -0.8134896 0 -0.5815795 -0.8134896 -1.25306e-7 -0.1991335 -0.9799725 0 -0.1991335 -0.9799725 0 -0.1991335 -0.9799724 -0.00180006 -0.2210937 -0.975251 -0.001800239 -0.2210937 -0.975251 -0.001800119 -0.2210937 -0.975251 0.001634299 0.196116 -0.9805794 0 0.1742172 -0.9847073 -1 6.12374e-7 0 -1 -1.20997e-6 0 -1 0 0 -1 -1.26007e-6 0 -1 1.41558e-6 0 -1 9.39131e-6 0 -1 5.81433e-6 0 -1 2.24193e-5 0 -1 -6.58482e-7 0 -1 -1.14054e-6 0 -1 2.12023e-6 0 -1 6.95791e-7 0 -1 -1.04348e-6 0 -0.7000561 0.7013902 -0.134065 -0.7002066 0.701314 -0.133677 -0.7001803 0.7013139 -0.1338153 -0.7000614 0.7014288 -0.1338346 -0.7000778 0.5969506 -0.3918431 -0.7001349 0.5968021 -0.3919674 -0.7003464 0.5965948 -0.3919051 -0.7003313 0.5965494 -0.3920012 -0.7003787 0.4010065 -0.5904774 -0.7001939 0.4012535 -0.5905289 -0.7002158 0.4012199 -0.5905256 -0.6999601 0.4015546 -0.5906012 -0.7000455 0.1449971 -0.6992225 -0.6999486 0.1451035 -0.6992976 -0.7001197 0.1449157 -0.6991651 -0.7002354 0.1447888 -0.6990756 0 0.007777094 -0.9999698 0 0.007777094 -0.9999698 0 0.007777094 -0.9999698 0 0.007777094 -0.9999698 0.7071148 0.005499303 -0.7070774 0.7071149 0.005499303 -0.7070773 0.7071182 0.005499064 -0.707074 0.7071183 0.005499064 -0.7070739 0.7002981 -0.6990487 -0.144615 0.700121 -0.6992505 -0.1444969 0.7004332 -0.6988947 -0.1447051 0.7004212 -0.6988929 -0.1447717 0.7004421 -0.5903169 -0.4011321 0.7001789 -0.5905684 -0.4012213 0.7003455 -0.5904435 -0.4011145 0.7001941 -0.5906417 -0.4010869 0.7003331 -0.3920009 -0.5965474 0.7001454 -0.392249 -0.5966048 0.700476 -0.3918121 -0.5965038 0.7003791 -0.3918284 -0.5966067 0.7004891 -0.1336431 -0.7010383 0.7003185 -0.1337129 -0.7011953 0.7003762 -0.1337653 -0.7011278 0.7001993 -0.133957 -0.7012678 0.7001101 0.1449864 -0.69916 0.7002084 0.145053 -0.6990478 0.7000349 0.1449355 -0.6992459 0.7002511 0.1446841 -0.6990816 0.7002303 0.4010853 -0.5905998 0.700236 0.4012236 -0.5904991 0.7001538 0.4012531 -0.5905766 0.7002664 0.4012094 -0.5904728 0.7003166 0.5967539 -0.3917163 0.7002089 0.5967007 -0.3919897 0.7000505 0.5968372 -0.3920646 0.7001944 0.5967051 -0.392009 0.6999713 0.7014716 -0.1340813 0.7001268 0.7013539 -0.1338852 0.7000636 0.7013989 -0.1339797 0.7002075 0.7012856 -0.1338211 0.7070947 -0.7070976 -0.005499899 0.7070975 -0.7070947 -0.005500495 0.7071102 -0.7070827 -0.00541985 0.7071145 -0.7070755 -0.005768239 0.7070375 -0.7071533 -0.005681693 0.7070726 -0.7071197 -0.005482912 1.28421e-5 -0.99997 -0.007753372 0 -0.99997 -0.007750451 0 -0.9999694 -0.007818818 0 -0.9999719 -0.007503688 0 -0.9999719 -0.007503688 2.46205e-5 -0.9999706 -0.007674515 3.5708e-5 -0.9999706 -0.007677912 0 -0.9999711 -0.007614195 0 -0.9999685 -0.007952213 0 -0.9999673 -0.00808537 0.7001923 -0.6991186 -0.1447893 0.70021 -0.6990898 -0.1448426 0.7000399 -0.6992133 -0.1450689 0.7001356 -0.6991763 -0.1447854 0.7002755 -0.5904213 -0.4012692 0.7001696 -0.5906146 -0.4011696 0.7001246 -0.590739 -0.4010649 0.7001993 -0.5906408 -0.4010792 0.7001695 -0.3919067 -0.5968014 0.7004023 -0.3920249 -0.5964504 0.7002193 -0.3918437 -0.5967842 0.700133 -0.392185 -0.5966614 0.7004033 -0.133612 -0.7011299 0.7005028 -0.1335067 -0.7010506 0.7003275 -0.1336923 -0.7011902 0.7002089 -0.133818 -0.7012848 0.851224 0.5105376 0.1215284 0.851224 0.5105377 0.1215284 0.851224 0.5105377 0.1215284 0.8530077 0.3919851 0.3445656 0.8530077 0.3919852 0.3445656 0.8530077 0.3919851 0.3445656 0.8544726 0.184167 0.4857563 0.8544726 0.184167 0.4857562 0.8555816 -0.0649628 0.5135757 0.8555816 -0.0649628 0.5135757 0.8564167 -0.2969722 0.4223245 0.8564167 -0.2969722 0.4223246 0.8564167 -0.2969721 0.4223244 0.8517179 -0.5126069 0.1086781 0.851718 -0.5126069 0.1086781 0.8569049 -0.4595278 0.233556 0.8569046 -0.4595279 0.233556 0.8569048 -0.4595276 0.2335559 0.8534732 -0.4001594 0.3338503 0.8547834 -0.1958371 0.4806175 0.8547834 -0.195837 0.4806175 0.8547834 -0.195837 0.4806175 0.8558734 0.05184495 0.5145804 0.856577 0.2861494 0.4294119 0.8565769 0.2861494 0.4294119 0.856577 0.2861493 0.4294119 0.8570074 0.4534149 0.2448534 0.8570074 0.453415 0.2448534 0.8570074 0.453415 0.2448534 0.8513401 -0.5105199 -0.1207879 0.8512884 0.004236638 -0.524681 0.8512884 0.004236638 -0.524681 0.8512777 -0.2241227 -0.4744421 0.8512777 -0.2241227 -0.4744421 0.8512777 -0.2241226 -0.4744421 0.8513198 -0.4075981 -0.3303309 0.8513199 -0.407598 -0.3303309 0.8513198 -0.407598 -0.3303309 0.8513084 0.512403 -0.1127719 0.8513084 0.512403 -0.1127719 0.8513084 0.5124029 -0.1127719 0.8513344 0.4125871 -0.3240399 0.851291 0.231246 -0.4709873 1 5.69753e-7 0 1 -1.42687e-6 0 1 -2.00325e-5 0 1 -1.23703e-6 0 1 0 0 1 -1.43766e-6 0 1 2.44143e-6 0 1 -2.00135e-5 0 1 -1.4273e-6 0 0.7070854 -0.005500614 0.7071068 0.7071127 -0.005504608 0.7070795 0.7070969 -0.005500257 0.7070953 0.7070939 -0.005499482 0.7070984 0.7071184 -0.005504727 0.7070738 0.7070634 -0.00549966 0.7071288 0.7070462 -0.005499422 0.7071461 0 -0.9959338 0.0900886 0.03988385 -0.9815636 0.1869283 0.1143151 -0.7724249 0.6247335 0.03668832 -0.8541868 0.5186703 0.03668886 -0.8541868 0.5186704 0.03668916 -0.854187 0.51867 0.02329421 -0.8695004 0.4933826 0.02329379 -0.8695004 0.4933829 0.02329367 -0.8695003 0.4933829 0 -0.901553 0.4326688 0 -0.901553 0.4326688 0 -0.901553 0.4326688 0 -0.9591773 0.2828058 0 -0.9591773 0.2828058 0 -0.9591773 0.2828058 0 -0.8355853 0.5493609 0 -0.5621688 0.8270226 0 -0.5621652 0.8270249 0 -0.5621696 0.827022 0 -0.5621731 0.8270196 0 -0.2027761 0.9792252 0 -0.2027743 0.9792256 0 -0.2027765 0.9792251 1.93024e-7 -0.2027782 0.9792247 1 -1.48784e-6 0 1 -1.85907e-6 0 1 -9.90011e-6 0 1 -5.19774e-6 0 1 -1.80791e-5 0 1 7.8213e-7 0 1 0 0 1 -2.64517e-6 0 1 1.69739e-6 0 1 1.3259e-6 0 1 2.11746e-6 0 0.7068135 0.7073738 0.006080985 0.7077803 0.7063179 0.01273483 0.7070376 0.7069373 0.01837426 0.6860462 0.7125072 0.1472218 0.6404053 0.758817 0.1186503 0.6404053 0.758817 0.1186502 0.6404053 0.758817 0.1186503 0.7028115 0.690756 0.1700357 0.7028115 0.690756 0.1700357 0.7028116 0.690756 0.1700357 0.7002104 0.5905349 0.4012155 0.7002456 0.5904968 0.4012101 0.7002969 0.5904395 0.401205 0.700204 0.5905426 0.4012155 0.7003964 0.3919894 0.5964807 0.7002968 0.3919875 0.596599 0.7002512 0.3920016 0.5966431 0.7002262 0.3920044 0.5966707 0.70049 0.1336417 0.7010375 0.700321 0.1337112 0.7011932 0.7003762 0.1337644 0.7011279 0.7001977 0.1339566 0.7012695 0.7070945 0.7070975 0.005517244 0.7070708 0.7071215 0.005501866 0.7070873 0.7071049 0.005500078 2.27251e-5 0.671224 0.7412546 0.004000127 0.5490806 0.8357598 0.004000067 0.5490807 0.8357598 0.004000127 0.5490807 0.8357599 0 0.9793128 0.2023524 0.01338922 0.9947163 0.1017858 0.01338928 0.9947163 0.1017858 0.01338917 0.9947162 0.1017858 -1.01713e-4 0.9558475 0.2938635 -1.01711e-4 0.9558474 0.2938635 -1.01727e-4 0.9558475 0.2938635 1.27295e-4 0.827208 0.5618959 1.27283e-4 0.8272081 0.5618959 1.27265e-4 0.8272081 0.5618959 0.01587867 0.889472 0.4567139 -9.80745e-5 0.7862017 0.6179699 -9.81215e-5 0.7862017 0.6179699 -9.80996e-5 0.7862017 0.6179699 0 0.1682278 0.9857482 0 0.1682278 0.9857482 0 0.1682278 0.9857482 0.002209305 0.1875246 0.9822575 0.002209365 0.1875246 0.9822575 0.002209365 0.1875246 0.9822576 -1.23218e-7 0.357287 0.9339948 4.09065e-7 0.3572869 0.9339947 2.87924e-6 0.3572869 0.9339947 0 0.5144982 0.8574914 -0.8659127 0.5001802 0.003881394 -0.8659338 0.5001435 0.003908753 -0.8660122 0.5000079 0.003888487 -0.8660808 0.4998888 0.003897726 -0.8660486 0.4999448 0.003896236 -0.8659583 0.500099 0.004169523 -0.866013 0.5000062 0.003933727 -0.8660131 0.5000054 0.003994107 -0.8660179 0.4999979 0.003880858 -0.8659135 0.5001785 0.003922522 -0.8659313 0.5001493 0.003694891 -0.8660157 0.5000022 0.003846287 -0.8659758 0.5000708 0.003903806 -0.8660887 0.499875 0.003921329 0 0.3775364 -0.9259948 0 0.3774921 -0.9260129 0 0.3774462 -0.9260315 0 0.3774906 -0.9260135 0.01028221 0.1895843 -0.9818107 0 0.2025213 -0.979278 1.93024e-7 0.4716117 -0.8818064 0 0.4716117 -0.8818064 0 0.4716117 -0.8818064 0.01511597 0.6328159 -0.7741549 3.07081e-4 0.5621696 -0.827022 -3.29315e-7 0.7110983 -0.7030926 5.06407e-7 0.7110984 -0.7030926 1.7792e-7 0.7110983 -0.7030927 0 0.7790712 -0.6269356 -0.008594572 0.8373202 -0.5466454 -1.01073e-4 0.8855851 -0.4644773 -1.01035e-4 0.8855851 -0.4644773 -1.01036e-4 0.8855851 -0.4644773 1.17286e-4 0.9436406 -0.3309723 -0.006276905 0.9824292 -0.1865298 0 0.9903109 -0.1388683 -0.7071179 0.7070744 0.005502462 -0.7071005 0.7070918 0.005500078 -0.70719 0.707 0.005782544 -0.70709 0.7071027 0.00544542 -0.7071666 0.7070239 0.00572139 -0.7070812 0.707111 0.005508244 0 0.2031706 -0.9791434 0 0.2027004 -0.9792408 0 0.2027008 -0.9792408 0 0.2028424 -0.9792114 0 0.5620602 -0.8270963 0 0.5619808 -0.8271503 0 0.5619809 -0.8271502 0 0.5619811 -0.8271501 0 0.8357584 -0.5490974 0 0.8357578 -0.5490984 0 0.8357581 -0.5490979 0 0.8357587 -0.549097 0 0.982252 -0.1875663 0 0.9822785 -0.1874275 0 0.9822517 -0.1875675 0 0.9821892 -0.1878948 0.7070938 0.7070984 0.00549966 0.707086 0.7071062 0.005508005 0.7070458 0.7071464 0.005502402 0.7069148 0.7072795 0.005230426 0.707095 0.7070972 0.005499958 0.7071049 0.7070873 0.005499422 1 -1.20418e-6 0 1 4.48031e-7 0 1 1.30832e-7 0 1 1.50144e-7 0 1 1.88332e-7 0 1 -9.70587e-7 0 1 -5.92463e-7 0 1 1.2999e-7 0 1 -2.39144e-7 0 1 2.47662e-6 0 1 3.12862e-5 0 1 2.2315e-6 0 1 5.09809e-6 0 1 1.34372e-6 0 1 0 0 1 -1.01461e-5 0 1 1.95426e-5 0 1 2.80785e-6 0 1 1.46387e-6 0 1 9.73367e-7 0 1 2.41992e-6 0 1 -1.20925e-6 0 1 1.96353e-6 0 1 -6.58243e-7 0 1 -8.12213e-7 0 1 5.63137e-7 0 1 -1.50192e-6 0 0 -0.1870736 -0.9823459 0 -0.1870738 -0.9823459 0 -0.1874041 -0.982283 0 -0.5493749 -0.8355761 0 -0.5489723 -0.8358406 0 -0.5492552 -0.8356548 5.74484e-7 -0.5493773 -0.8355745 0 -0.7693154 -0.6388693 0.05755376 -0.8258641 -0.5609244 0.05755382 -0.825864 -0.5609244 0.05755376 -0.8258641 -0.5609244 0 -0.8790033 -0.4768157 0 -0.8790033 -0.4768157 0 -0.8790033 -0.4768158 0 -0.9546378 -0.2977696 0 -0.9546378 -0.2977696 -1.29105e-7 -0.9546378 -0.2977696 0.04006481 -0.9783809 -0.2028929 0.04006487 -0.9783809 -0.2028929 0.04006487 -0.9783809 -0.2028929 0 -0.9944151 -0.1055399 0.7069717 0.005505919 -0.7072205 0.707119 0.005507528 -0.7070731 0.7069984 0.005503594 -0.7071939 0.7071194 0.005507528 -0.7070727 0.7071888 0.005509257 -0.7070034 0.7069411 0.005492925 -0.7072512 0 0.9728842 0.2312932 0 0.9728842 0.2312932 0 0.9728842 0.2312932 -0.002800583 0.9638646 0.2663781 -0.002800643 0.9638646 0.2663781 -0.002800583 0.9638646 0.2663781 1.43571e-7 0.8798428 0.475265 0 0.8798428 0.475265 0 0.8798428 0.475265 0 0.7512621 0.660004 -0.004693686 0.7016329 0.7125232 -0.004693686 0.701633 0.7125232 -0.004693746 0.7016329 0.7125232 0 0.5546014 0.8321162 -2.52815e-7 0.5546014 0.8321162 1.51202e-6 0.5546014 0.8321162 0 0.3542289 0.9351588 0 0.3542289 0.9351588 0 0.3542289 0.9351588 -0.005701363 0.2513284 0.9678852 -0.005701243 0.2513284 0.9678851 -0.005701243 0.2513284 0.9678851 0 0.1002426 0.9949631 0 -0.2661935 0.9639196 0 -0.2661935 0.9639196 0 -0.2661935 0.9639196 -0.01050478 -0.3775878 0.9259143 -0.01050478 -0.3775877 0.9259143 -0.01050484 -0.3775878 0.9259142 0 -0.1249482 0.9921633 0 -0.1249482 0.9921633 0 -0.1249482 0.9921633 0 -0.9678303 0.2516044 -0.004100859 -0.9783326 0.2069987 -0.004100799 -0.9783327 0.2069987 -0.004100918 -0.9783326 0.2069987 1.84002e-7 -0.8914235 0.453171 1.64216e-7 -0.8914235 0.453171 0 -0.8914237 0.4531711 0 -0.7124963 0.7016759 -0.007303595 -0.7673462 0.6411916 -0.007303535 -0.7673461 0.6411916 -0.007303535 -0.7673461 0.6411916 0 -0.5752401 0.8179847 0 -0.5752401 0.8179847 0 -0.5752401 0.8179847 4.76664e-5 -0.972937 -0.2310707 0 -0.9728594 -0.2313975 -5.37758e-5 -0.9730506 -0.2305918 -1.73747e-4 -0.9731323 -0.2302466 3.00719e-4 -0.7747218 -0.6323022 1.24946e-4 -0.774496 -0.6325789 -8.25565e-5 -0.776197 -0.6304906 -2.00567e-4 -0.7769895 -0.6295136 3.44628e-5 -0.4227097 -0.9062652 2.0209e-4 -0.4208847 -0.9071141 -2.13939e-4 -0.425394 -0.9050083 -3.01125e-4 -0.4269208 -0.904289 2.06803e-4 0.0150094 -0.9998874 3.00805e-4 0.01731187 -0.9998502 -1.70835e-4 0.01060968 -0.9999437 -3.99982e-4 0.00779283 -0.9999696 1.7317e-4 0.4486532 -0.893706 4.07838e-4 0.4517834 -0.8921277 -2.35151e-4 0.4440384 -0.8960078 -5.73405e-4 0.4407258 -0.8976416 5.08103e-4 0.7954719 -0.6059904 -6.67836e-4 0.7864425 -0.6176632 4.99891e-4 0.9779314 -0.2089256 5.67703e-4 0.9783717 -0.2068541 1.92762e-4 0.9771318 -0.2126344 0 0.9766536 -0.2148204 0 -0.2511631 -0.9679449 0 -0.7016526 -0.7125193 0 -0.7015864 -0.7125844 0 -0.7015857 -0.7125852 0 -0.7016518 -0.71252 0 -0.963821 -0.2665507 0 -0.9638196 -0.2665559 0 -0.96382 -0.2665541 0 -0.9638215 -0.2665489 0 -0.99997 -0.007751345 0 -0.99997 -0.007751464 0 -0.99997 -0.007751941 0 -0.99997 -0.00775212 -1.7549e-4 -0.9797482 -0.2002334 0 -0.9799407 -0.1992896 6.39796e-4 -0.9794481 -0.2016955 0.001435339 -0.9792774 -0.2025184 -0.001083612 -0.8298289 -0.558017 -0.001068592 -0.8304028 -0.5571627 2.21594e-4 -0.8277127 -0.5611522 7.9243e-4 -0.8271578 -0.5619692 -4.65218e-4 -0.5509833 -0.8345162 -8.00573e-4 -0.5520153 -0.8338338 -1.56126e-4 -0.5498672 -0.8352521 4.05387e-4 -0.5490717 -0.8357753 -2.2087e-4 -0.1878932 -0.9821895 -3.84859e-4 -0.188586 -0.9820566 -2.99687e-4 -0.1878957 -0.9821889 0 -0.1873953 -0.9822847 0 0.007664203 -0.9999707 0 0.007999777 -0.9999681 0 0.007999777 -0.999968 0 0.007999777 -0.9999681 0 0.9822998 -0.1873158 1.93024e-7 0.9822977 -0.1873272 0 0.9822813 -0.1874128 0 0.9822971 -0.1873301 0 0.8357885 -0.5490518 0 0.8357912 -0.5490474 0 0.8357102 -0.5491709 0 0.835713 -0.5491666 0 0.5619807 -0.8271504 0 0.5619836 -0.8271484 0 0.5619814 -0.8271499 0 0.5619843 -0.8271479 0 0.2028469 -0.9792106 0 0.2028452 -0.9792109 0 0.2025179 -0.9792786 0 0.2028447 -0.979211 0 0.99997 0.00775212 0 0.99997 0.007751941 0 0.99997 0.007751464 0 0.99997 0.007751345 0 0.2025194 -0.9792783 0 0.2025187 -0.9792785 0 0.2025188 -0.9792785 0 0.2025195 -0.9792782 0 0.5619836 -0.8271484 0 0.5619807 -0.8271504 0 0.5619814 -0.8271499 0 0.5619843 -0.8271479 0 0.8357102 -0.5491709 0 0.835713 -0.5491666 0 0.8357123 -0.5491677 0 0.8357885 -0.5490518 0 0.9822794 -0.1874228 0 0.9822806 -0.1874167 0 0.9822803 -0.1874182 0 0.9822971 -0.1873301 0 -0.1229487 -0.9924131 0 -0.1229487 -0.9924131 0 -0.1229487 -0.9924131 0.007875502 -0.1872256 -0.9822854 -0.003958225 -0.3770799 -0.9261723 -0.003958225 -0.3770799 -0.9261723 -0.003958225 -0.3770799 -0.9261723 0 -0.4354024 -0.900236 0 -0.4354024 -0.900236 0 -0.4354024 -0.900236 0 -0.6024491 -0.7981572 -0.01813274 -0.7106639 -0.7032979 -0.01813274 -0.710664 -0.7032979 -0.01813274 -0.710664 -0.703298 0 -0.9792078 -0.2028596 0 -0.9792078 -0.2028596 0 -0.9792078 -0.2028596 -0.01496553 -0.9637959 -0.266221 -0.01496559 -0.9637959 -0.266221 -0.01496553 -0.9637959 -0.266221 0 -0.8933719 -0.4493182 0 -0.8933719 -0.4493182 0 -0.8933719 -0.4493182 0 -0.788616 -0.6148861 0 -0.788616 -0.6148861 0 -0.788616 -0.6148861 0 -0.9999681 -0.008001446 0 -0.9999706 -0.007666051 0 -0.9999706 -0.007666468 0 -0.9999681 -0.008002161 0 -0.9823165 0.1872281 0 -0.9823165 0.187228 0 -0.9823166 0.1872277 0 -0.9823166 0.1872276 0 -0.9003013 0.4352675 0 -0.9003012 0.4352674 0 -0.9003013 0.4352675 0.009992122 -0.8356682 0.5491439 0.009992063 -0.8356682 0.5491439 0.009992063 -0.8356682 0.5491439 0 -0.7981607 0.6024446 0 -0.5619754 0.827154 0 -0.5619779 0.8271523 0 -0.5618982 0.8272064 0 -0.562094 0.8270735 0 -0.2976911 0.9546623 1.43627e-7 -0.2976911 0.9546623 0 -0.2976911 0.9546623 0.008715093 -0.202748 0.9791923 0.008715093 -0.202748 0.9791922 0.008715033 -0.202748 0.9791922 1.89728e-7 -0.1057918 0.9943883 0 -0.1057918 0.9943883 0 -0.1057918 0.9943884 7.9183e-6 -0.007764756 0.9999699 0 -0.007764518 0.99997 2.92031e-4 -0.007791697 0.9999697 0 -0.007818639 0.9999695 0 -0.007818639 0.9999694 2.62633e-5 -0.007816255 0.9999695 0 0.5490996 0.835757 0 0.5490988 0.8357575 0 0.5490999 0.8357568 0 0.1875664 0.982252 0 0.1878957 0.982189 0 0.1875662 0.982252 0 0.1875665 0.9822519 2.45477e-4 0.8941106 0.4478462 2.45532e-4 0.8941106 0.4478462 2.45517e-4 0.8941106 0.4478462 0.008593022 0.8581932 0.513255 0.008593022 0.8581932 0.5132549 0.008592903 0.8581932 0.513255 0.01359933 0.8403269 0.5419095 0.01359933 0.8403269 0.5419095 0.01359909 0.8403269 0.5419095 0.0179997 0.8270155 0.5618909 0.01799964 0.8270155 0.5618909 0.01799964 0.8270155 0.5618909 0 0.7677893 0.6407025 0 0.7677893 0.6407025 0 0.7677893 0.6407025 0 0.5490985 0.8357577 -3.00855e-4 0.9540801 0.2995518 -3.00682e-4 0.9540801 0.2995518 -3.00912e-4 0.9540801 0.2995518 0.01584929 0.9790848 0.2028349 0.01584935 0.9790848 0.2028349 0.01584929 0.9790848 0.2028349 0 0.9943951 0.1057279 0 0.9943951 0.1057279 0 0.9943952 0.1057279 -1.29739e-5 0.99997 0.007751643 0 0.9999673 0.008086502 -3.60748e-5 0.9999706 0.007674157 0 0.9999711 0.007615625 0 0.9999684 0.007951796 -2.48731e-5 0.9999707 0.007670104 0 0.9999696 0.007817924 -2.29773e-7 0.9999682 0.00797832 0 0.9999719 0.007499217 0 0.99997 0.007749259 0 0.9959214 -0.09022605 0.01581633 0.9821309 -0.1875338 0.01581633 0.9821309 -0.1875338 0.01581639 0.9821309 -0.1875338 0.03523707 0.7785857 -0.6265482 0 0.8863394 -0.4630361 0 0.9592162 -0.2826734 0 0.9592162 -0.2826734 0 0.9592163 -0.2826734 0 0.8358404 -0.5489727 0 0.56217 -0.8270218 0 0.5621698 -0.827022 0 0.5621698 -0.8270218 0 0.56217 -0.8270217 0 0.2025207 -0.979278 0 0.2025214 -0.9792779 0 0.2025212 -0.979278 0 0.2025205 -0.9792781 0 0.007999777 -0.999968 0 0.007999777 -0.999968 -6.06976e-5 0.007802009 -0.9999697 -6.15327e-5 0.007876336 -0.9999691 0 0.007666409 -0.9999706 0 0.007666409 -0.9999706 -8.57828e-5 0.0076949 -0.9999704 8.30513e-6 0.007798314 -0.9999696 0 0.007792115 -0.9999697 9.53528e-6 0.007791817 -0.9999697 0.8512424 -0.5105115 -0.1215088 0.8512424 -0.5105115 -0.1215088 0.8512424 -0.5105115 -0.1215088 0.8512265 0.00889343 -0.5247233 0.8512265 0.00889343 -0.5247234 0.8512264 0.00889343 -0.5247234 0.8513033 -0.2206445 -0.476024 0.8512285 -0.406459 -0.3319656 0.8512285 -0.406459 -0.3319656 0.8517539 0.5126104 -0.1083785 0.8511734 0.4175521 -0.3180475 0.8511734 0.4175522 -0.3180476 0.8512049 0.2371655 -0.4681908 0.851205 0.2371656 -0.4681909 0.8512049 0.2371656 -0.4681909 0.6947245 0.6933279 0.191453 0.6946983 0.6933326 0.1915313 0.6946858 0.6933364 0.1915629 0.6944798 0.6935891 0.1913953 0.6947218 0.504623 0.5125596 0.6947835 0.504379 0.512716 0.6947345 0.5046318 0.5125336 0.6947543 0.5046233 0.5125152 0.6947365 0.1807081 0.6961938 0.6947211 0.1807044 0.6962101 0.6948123 0.1806733 0.6961272 0.6948492 0.1804159 0.6961571 0.6947081 -0.1915833 0.6933085 0.6946645 -0.1912164 0.6934534 0.6945576 -0.1913245 0.6935306 0.6947423 -0.1916328 0.6932604 0.6943451 -0.5127445 0.5049536 0.694757 -0.5125179 0.504617 0.6947426 -0.5125305 0.5046238 0.694763 -0.5125185 0.5046079 0.6947083 -0.6962214 0.1807103 0.6947351 -0.6961954 0.1807075 0.6947453 -0.6961916 0.1806828 0.69477 -0.696177 0.1806442 0.6979776 -0.6966807 -0.1657212 0.6981565 -0.6964017 -0.1661396 0.6980229 -0.6966365 -0.1657156 0.6980289 -0.6966365 -0.1656905 0.6980669 -0.5544767 -0.4530542 0.6980174 -0.5545375 -0.4530562 0.6980067 -0.5545499 -0.4530575 0.6980531 -0.5545223 -0.4530199 0.69796 -0.3012859 -0.649676 0.6979497 -0.3012905 -0.6496847 0.6979178 -0.3013258 -0.6497027 0.6979517 -0.3014437 -0.6496115 0.6979432 0.01249676 -0.7160442 0.6979493 0.01272583 -0.7160342 0.6979898 0.01218515 -0.7160041 0.69809 0.01259225 -0.7158994 0.6979105 0.3238711 -0.6387712 0.6982416 0.3234673 -0.6386138 0.6980091 0.3234752 -0.638864 0.6980025 0.3234754 -0.6388711 0.6979586 0.5698644 -0.4337146 0.6979478 0.5698717 -0.4337224 0.6978859 0.5699216 -0.4337565 0.6979274 0.5698577 -0.4337737 0.6988621 0.6997694 -0.1480357 0.6987444 0.6998801 -0.1480684 0.6987795 0.6998622 -0.1479874 0.6987425 0.6999053 -0.1479583 0.6947386 -0.6932701 -0.1916114 0.6949034 -0.693162 -0.1914043 0.6947475 -0.6932559 -0.1916308 0.694711 -0.6932983 -0.191609 0.6947728 -0.5046412 -0.5124725 0.6948202 -0.5046138 -0.5124351 0.6947611 -0.5045903 -0.5125384 0.694738 -0.5046428 -0.5125181 0.6946652 -0.1808188 -0.6962363 0.694781 -0.1806408 -0.6961669 0.6946599 -0.180827 -0.6962394 0.694513 -0.1810526 -0.6963272 0.7071225 -0.7070699 -0.005479991 0.7071222 -0.7070701 -0.005480051 0.7071195 -0.7070729 -0.005480885 0.7071194 -0.707073 -0.005480945 0.7004635 -0.699374 -0.1422219 0.7004869 -0.6993994 -0.1419817 0.7004694 -0.6993662 -0.1422311 0.7004585 -0.6993899 -0.1421684 0.700138 -0.592934 -0.3977891 0.7000913 -0.5929012 -0.3979199 0.7001202 -0.5929194 -0.3978421 0.7000731 -0.5929001 -0.3979538 0.7000896 -0.3942649 -0.5953401 0.7000864 -0.3941944 -0.5953907 0.7001926 -0.3941221 -0.5953136 0.7001104 -0.39419 -0.5953652 0.7000721 -0.1346992 -0.7012526 0.7000385 -0.1347783 -0.701271 0.7001075 -0.1347079 -0.7012156 0.7001127 -0.1348295 -0.7011871 0.7071105 0.005656242 -0.7070805 0.7071114 0.005656301 -0.7070797 0.707119 0.005656719 -0.7070719 0.7071198 0.005656778 -0.7070712 0.7001612 0.1445946 -0.6991901 0.700039 0.1447723 -0.6992756 0.700031 0.144784 -0.6992812 0.6999287 0.1449329 -0.6993528 0.7001706 0.4012007 -0.5905922 0.7002604 0.4012402 -0.590459 0.7002385 0.4012451 -0.5904815 0.7002298 0.4012087 -0.5905167 0.7002008 0.5967025 -0.3920013 0.7001766 0.5967194 -0.3920189 0.7000927 0.5967765 -0.3920816 0.7002061 0.5967004 -0.391995 0.7001556 0.7013557 -0.1337251 0.7001392 0.7013994 -0.1335821 0.7002213 0.7012571 -0.133898 0.7003047 0.701199 -0.1337659 0.7071169 0.7070755 0.005481541 0.7071171 0.7070753 0.005481481 0.7071201 0.7070722 0.005480647 0.7071204 0.707072 0.005480587 0.6999913 0.144342 -0.6994124 0.7001554 0.1445973 -0.6991954 0.7000406 0.1444187 -0.6993471 0.7001776 0.1446442 -0.6991634 0.7005423 0.4011936 -0.5901562 0.7002095 0.4011752 -0.5905635 0.7003943 0.4010585 -0.5904235 0.7001835 0.401293 -0.5905141 0.7002187 0.5966842 -0.3919971 0.7001771 0.5967157 -0.3920236 0.7003743 0.5965569 -0.3919129 0.7002573 0.5965646 -0.3921103 0.7002227 0.7012435 -0.133962 0.700199 0.7012962 -0.1338103 0.7001897 0.7013229 -0.1337184 0.700194 0.701306 -0.1337847 0.7071114 0.005420446 -0.7070814 0.7071117 0.005420565 -0.7070811 0.7071144 0.0054214 -0.7070785 0.7071146 0.005421519 -0.7070782 0.7002363 -0.6990855 -0.1447362 0.7001612 -0.6991901 -0.1445946 0.7002705 -0.6990407 -0.144787 0.700214 -0.6991149 -0.1447024 0.7063252 -0.6324347 -0.3180112 0.7063251 -0.6324348 -0.3180112 0.7063252 -0.6324347 -0.3180111 0.720068 -0.5739725 -0.3899458 0.720068 -0.5739725 -0.3899458 0.720068 -0.5739724 -0.3899457 0.7040519 -0.5599518 -0.4367665 0.704052 -0.5599517 -0.4367665 0.7042396 -0.4278913 -0.5665296 0.7200663 -0.381064 -0.5799093 0.7200663 -0.381064 -0.5799093 0.7062677 -0.3080976 -0.6373867 0.7062678 -0.3080975 -0.6373867 0.7062678 -0.3080976 -0.6373867 0.7001993 -0.1333144 -0.7013903 0.699994 -0.1337029 -0.7015211 0.700138 -0.1334304 -0.7014294 0.7002377 -0.1336227 -0.7012932 0.7071077 -0.7070852 -0.005420386 0.7071081 -0.7070847 -0.005420386 0.7071185 -0.7070744 -0.005421161 0.7071191 -0.7070738 -0.005421161 0.6999927 -0.1443469 0.69941 0.7001516 -0.1446071 0.6991971 0.7000405 -0.1444251 0.699346 0.7002219 -0.144715 0.6991044 0.7002257 -0.4012136 0.5905182 0.7002282 -0.4012256 0.590507 0.7003939 -0.4010518 0.5904285 0.7002032 -0.401203 0.5905521 0.7002212 -0.5966817 0.3919966 0.7003125 -0.596638 0.3918999 0.7002753 -0.59664 0.3919634 0.7002573 -0.5965646 0.3921103 0.70028 -0.7012653 0.1335475 0.7002174 -0.701304 0.1336726 0.7001675 -0.7013093 0.1339057 0.7002192 -0.7012884 0.1337451 0.7071189 -0.005528092 0.7070731 0.7071186 -0.005528092 0.7070733 0.7071106 -0.00552845 0.7070814 0.7071104 -0.00552845 0.7070816 0.7000713 0.6991839 0.1450591 0.7001077 0.699145 0.1450709 0.7001601 0.6991532 0.144778 0.6999353 0.6993293 0.1450147 0.7002147 0.5903955 0.4014135 0.7001917 0.5905054 0.4012918 0.7003303 0.5904169 0.4011802 0.700213 0.5905302 0.4012182 0.70024 0.3919333 0.5967013 0.7001938 0.3920128 0.5967032 0.7002773 0.3920184 0.5966015 0.7002183 0.391994 0.5966869 0.7001672 0.1338739 0.7013157 0.7000386 0.1341745 0.7013866 0.7001669 0.1338768 0.7013155 0.7000429 0.1341831 0.7013807 0.7070855 0.7071056 0.00563699 0.7070848 0.7071064 0.005636692 0.707118 0.7070757 0.005302846 0.7070805 0.7071107 0.005634188 0.7003157 0.1446719 -0.6990193 0.7004031 0.1445493 -0.6989572 0.7001951 0.1447024 -0.6991338 0.7002809 0.1447088 -0.6990467 0.7002729 0.4012287 -0.5904518 0.7001903 0.4012264 -0.5905514 0.7002343 0.401245 -0.5904867 0.7002481 0.4012718 -0.590452 0.7005476 0.5963929 -0.3918529 0.7003021 0.5966266 -0.3919359 0.7001248 0.5967026 -0.392137 0.7002177 0.5966969 -0.3919795 0.7000655 0.701458 -0.1336602 0.700307 0.7011814 -0.1338466 0.7001881 0.7012974 -0.1338607 0.7001562 0.7013205 -0.1339068 0.7071223 0.005658984 -0.7070687 0.7071217 0.005657613 -0.7070693 0.7071207 0.005654931 -0.7070703 0.7071202 0.00565356 -0.7070709 0 -0.9728593 -0.2313978 0 -0.9728689 -0.2313576 0 -0.9728578 -0.2314039 0 -0.9728594 -0.2313975 0 -0.7743358 -0.6327751 0 -0.7743358 -0.6327751 0 -0.7743358 -0.6327751 0 -0.7743358 -0.6327751 0 -0.4208339 -0.9071378 0 -0.4208365 -0.9071366 0 -0.4205318 -0.9072778 0 -0.4208337 -0.9071379 0 0.0171808 -0.9998525 0 0.01718097 -0.9998525 0 0.01737266 -0.9998491 0 0.01727664 -0.9998508 0 0.4516027 -0.8922191 -3.05622e-7 0.4516028 -0.8922192 0 0.4516027 -0.8922191 0 0.4516028 -0.8922192 0 0.7957223 -0.6056618 0 0.7957771 -0.6055898 0 0.7957192 -0.6056659 0 0.7957225 -0.6056615 0 0.9783726 -0.2068508 0 0.978371 -0.2068576 0 0.9783712 -0.2068573 0 0.9783726 -0.2068505 0.851314 0.5105007 0.1210519 0.8530418 0.3920432 0.3444151 0.8544729 0.184168 0.4857555 0.8544728 0.184168 0.4857554 0.8555925 -0.06481665 0.5135762 0.8555908 -0.06481695 0.5135787 0.8555909 -0.06481695 0.5135787 0.8564137 -0.2970425 0.4222814 0.8564136 -0.2970425 0.4222814 0.8564136 -0.2970426 0.4222815 0.851756 -0.512607 0.1083788 0.8569056 -0.4594748 0.2336574 0.8569055 -0.4594749 0.2336574 0.8569055 -0.4594751 0.2336575 0.8533535 -0.400309 0.333977 0.8547709 -0.1959462 0.4805952 0.854771 -0.1959463 0.4805952 0.855862 0.05165547 0.5146183 0.8565847 0.2862353 0.4293392 0.8570079 0.4533341 0.245001 0.8570079 0.4533341 0.245001 0.8570081 0.4533341 0.245001 1 2.24775e-5 0 1 9.09069e-6 0 1 -2.96527e-6 0 1 8.003e-7 0 1 -2.26211e-6 0 1 6.9676e-6 0 1 -4.54449e-6 0 1 1.84196e-6 0 1 -4.51712e-6 0 1 -5.51645e-7 0 1 6.70282e-7 0 1 1.46929e-6 0 1 -2.14568e-6 0 1 -2.98102e-6 0 1 -2.2939e-6 0 1 1.91948e-6 0 1 -7.27102e-7 0 1 -2.49989e-6 0 1 1.36512e-6 0 1 5.89412e-7 0 1 3.92386e-7 0 1 -2.6526e-6 0 1 -4.34235e-6 0 1 -2.45084e-6 0 1 -2.38532e-6 0 1 2.13235e-7 0 1 -4.63388e-6 0 1 1.58516e-5 0 1 -4.39507e-7 0 1 4.30717e-7 0 1 -9.10034e-7 0 1 -2.5046e-7 0 1 1.25692e-7 0 1 3.19735e-7 0 1 -1.06433e-6 0 1 -2.96158e-7 0 1 -7.65092e-7 0 1 -2.82031e-6 0 1 -1.83451e-6 0 1 7.73481e-7 0 1 3.48187e-6 0 1 -1.03681e-5 0 1 8.08204e-7 0 1 2.85952e-7 0 1 4.56567e-6 0 1 0 0 1 2.90994e-6 0 1 0 0 1 3.42118e-7 0 1 0 0 1 -2.94444e-6 0 1 1.04329e-5 0 1 1.09092e-5 0 1 2.2163e-6 0 1 4.81414e-7 0 1 3.01217e-7 0 0.6979621 -0.6966732 -0.1658173 0.6980546 -0.6965671 -0.1658741 0.6980857 -0.6965664 -0.1657462 0.6979579 -0.6967056 -0.1656985 0.6979483 -0.554581 -0.4531095 0.6980815 -0.5545538 -0.4529375 0.6980022 -0.5545701 -0.4530396 0.698139 -0.5545451 -0.4528595 0.6978655 -0.3011885 -0.6498225 0.6979018 -0.3012081 -0.6497744 0.6979283 -0.3012225 -0.6497393 0.6979579 -0.3012384 -0.6497001 0.6978526 0.01278942 -0.7161274 0.6980045 0.01223242 -0.7159889 0.6980135 0.01264399 -0.7159731 0.6980892 0.01257556 -0.7159004 0.6979751 0.3235813 -0.6388474 0.6979532 0.3233848 -0.6389707 0.6979281 0.3234309 -0.6389749 0.6979777 0.3234907 -0.6388904 0.6981037 0.5696567 -0.433754 0.6979189 0.5698545 -0.4337916 0.6979855 0.5698345 -0.4337108 0.6979352 0.5698958 -0.4337111 0.6987217 0.6998966 -0.1480973 0.6987236 0.6998964 -0.1480889 0.6986691 0.6999347 -0.1481651 0.6987153 0.6999093 -0.1480675 0 0.9728842 0.2312932 0 0.9728842 0.2312932 -0.002827048 0.9639338 0.2661275 0 0.879801 0.4753422 1.48545e-7 0.879801 0.4753422 1.48854e-7 0.879801 0.4753422 0 0.7512579 0.6600089 -0.004705846 0.701672 0.7124846 0 0.5543118 0.8323091 0 0.5543118 0.8323092 0 0.5543118 0.8323092 0 0.3542289 0.9351588 0 0.3542289 0.9351588 -0.005750298 0.2516012 0.967814 0 0.1002072 0.9949666 0 0.1002072 0.9949666 0 0.1002072 0.9949666 0 -0.1250424 0.9921515 0 -0.1250424 0.9921515 0 -0.1250424 0.9921515 -0.005782186 -0.2661221 0.963922 0 -0.3775203 0.9260014 0 -0.3775203 0.9260014 0 -0.3775203 0.9260014 0 -0.5752718 0.8179625 1.80415e-7 -0.5752718 0.8179625 -1.32822e-7 -0.5752718 0.8179625 -0.005099654 -0.7125762 0.7015763 -0.005099773 -0.7125762 0.7015763 -0.005099773 -0.7125761 0.7015763 0 -0.7674236 0.6411405 0 -0.7674236 0.6411405 2.25195e-7 -0.7674236 0.6411405 2.43898e-7 -0.8913973 0.453223 -3.13696e-7 -0.8913973 0.453223 0 -0.8913973 0.453223 -0.003402113 -0.9678946 0.251334 -0.003402113 -0.9678946 0.251334 -0.003402054 -0.9678946 0.251334 0 -0.9783724 0.2068512 0.6947264 0.6933351 0.1914206 0.6947675 0.6933053 0.1913787 0.6948105 0.6932743 0.191335 0.6948431 0.6932508 0.1913019 0.6948283 0.5045788 0.5124589 0.6948254 0.5045688 0.5124725 0.6950256 0.5043413 0.5124249 0.6949166 0.5043548 0.5125596 0.6947311 0.1807051 0.6962 0.6948357 0.1806918 0.696099 0.6947142 0.1807048 0.6962168 0.6948475 0.1804171 0.6961585 0.6947301 -0.1914065 0.6933352 0.6947687 -0.1913737 0.6933056 0.6948089 -0.1913396 0.6932748 0.6948392 -0.1913136 0.6932515 0.6947579 -0.5125358 0.5045974 0.6947441 -0.5124948 0.5046582 0.6948075 -0.5125692 0.5044953 0.6948001 -0.5125153 0.5045601 0.6946891 -0.6961833 0.1809309 0.6947401 -0.6961897 0.1807103 0.6947342 -0.6961664 0.1808224 0.6947644 -0.6961578 0.18074</float_array>
          <technique_common>
            <accessor source="#right_gripper_finger_link1-mesh-normals-array" count="10324" stride="3">
              <param name="X" type="float"/>
              <param name="Y" type="float"/>
              <param name="Z" type="float"/>
            </accessor>
          </technique_common>
        </source>
        <source id="right_gripper_finger_link1-mesh-map-0">
          <float_array id="right_gripper_finger_link1-mesh-map-0-array" count="30768">0.429918 0.560435 0.430541 0.560929 0.430887 0.561644 0.428364 0.560439 0.429141 0.56026 0.427741 0.560936 0.427741 0.560936 0.429141 0.56026 0.429918 0.560435 0.429141 0.563831 0.428364 0.563656 0.429918 0.563652 0.429918 0.563652 0.428364 0.563656 0.427741 0.563162 0.430541 0.563155 0.429918 0.563652 0.430887 0.562438 0.430887 0.562438 0.429918 0.563652 0.427741 0.563162 0.430887 0.562438 0.427741 0.563162 0.430887 0.561644 0.430887 0.561644 0.427741 0.563162 0.427395 0.562447 0.430887 0.561644 0.427395 0.562447 0.429918 0.560435 0.429918 0.560435 0.427395 0.562447 0.427395 0.561653 0.429918 0.560435 0.427395 0.561653 0.427741 0.560936 0.423635 0.563299 0.423635 0.56026 0.424416 0.563303 0.424416 0.563303 0.423635 0.56026 0.424416 0.560264 0.424416 0.563303 0.424416 0.560264 0.425049 0.563316 0.425049 0.563316 0.424416 0.560264 0.425049 0.560277 0.425163 0.563317 0.425163 0.560291 0.425895 0.563286 0.425895 0.563286 0.425163 0.560291 0.425895 0.56026 0.425895 0.563286 0.425895 0.56026 0.426692 0.563289 0.426692 0.563289 0.425895 0.56026 0.426692 0.560263 0.426692 0.563289 0.426692 0.560263 0.427395 0.563326 0.427395 0.563326 0.426692 0.560263 0.427395 0.5603 0.554184 0.563495 0.554184 0.560455 0.554823 0.563495 0.554823 0.563495 0.554184 0.560455 0.554823 0.560455 0.554823 0.563495 0.554823 0.560455 0.555606 0.563495 0.555606 0.563495 0.554823 0.560455 0.555606 0.560455 0.555606 0.563495 0.555606 0.560455 0.556377 0.563495 0.556377 0.563495 0.555606 0.560455 0.556377 0.560455 0.556377 0.563495 0.556377 0.560455 0.556984 0.563495 0.556984 0.563495 0.556377 0.560455 0.556984 0.560455 0.468182 0.563462 0.468182 0.560506 0.468879 0.563552 0.468879 0.563552 0.468182 0.560506 0.468879 0.560597 0.468879 0.563552 0.468879 0.560597 0.469675 0.563563 0.469675 0.563563 0.468879 0.560597 0.469675 0.560608 0.469675 0.563563 0.469675 0.560608 0.470412 0.563492 0.470412 0.563492 0.469675 0.560608 0.470412 0.560536 0.422248 0.563317 0.422248 0.560278 0.422861 0.563304 0.422861 0.563304 0.422248 0.560278 0.422861 0.560265 0.422861 0.563304 0.422861 0.560265 0.423635 0.563299 0.423635 0.563299 0.422861 0.560265 0.423635 0.56026 0.486197 0.508271 0.488517 0.510317 0.4854 0.508271 0.4854 0.508271 0.488517 0.510317 0.483633 0.510317 0.4854 0.508271 0.483633 0.510317 0.484681 0.507926 0.484681 0.507926 0.483633 0.510317 0.483009 0.510193 0.498267 0.502743 0.499532 0.502909 0.497761 0.505134 0.497761 0.505134 0.499532 0.502909 0.500711 0.503395 0.497761 0.505134 0.500711 0.503395 0.49826 0.505755 0.495535 0.507926 0.493903 0.510524 0.495036 0.507305 0.495036 0.507305 0.493903 0.510524 0.493944 0.510317 0.495036 0.507305 0.493944 0.510317 0.494857 0.50653 0.494857 0.50653 0.493944 0.510317 0.493933 0.505989 0.494857 0.50653 0.493933 0.505989 0.495033 0.505755 0.495033 0.505755 0.493933 0.505989 0.493808 0.505368 0.495033 0.505755 0.493808 0.505368 0.495528 0.505134 0.486197 0.508271 0.486914 0.507926 0.488517 0.510317 0.488517 0.510317 0.486914 0.507926 0.48741 0.507305 0.488517 0.510317 0.48741 0.507305 0.488507 0.505989 0.488507 0.505989 0.48741 0.507305 0.487585 0.50653 0.488507 0.505989 0.487585 0.50653 0.488629 0.505368 0.488629 0.505368 0.487585 0.50653 0.488981 0.504841 0.503213 0.528711 0.497786 0.528711 0.497756 0.516082 0.493558 0.510835 0.49361 0.510817 0.49388 0.511109 0.49388 0.511109 0.49361 0.510817 0.493786 0.510699 0.49388 0.511109 0.493786 0.510699 0.496957 0.51417 0.500711 0.503395 0.501724 0.504169 0.49826 0.505755 0.49826 0.505755 0.501724 0.504169 0.502503 0.505178 0.49826 0.505755 0.502503 0.505178 0.498439 0.50653 0.498439 0.50653 0.502503 0.505178 0.502993 0.506352 0.498439 0.50653 0.502993 0.506352 0.498263 0.507305 0.498263 0.507305 0.502993 0.506352 0.503163 0.507612 0.498263 0.507305 0.503163 0.507612 0.497768 0.507926 0.497768 0.507926 0.503163 0.507612 0.503213 0.528711 0.497768 0.507926 0.503213 0.528711 0.497051 0.508271 0.497051 0.508271 0.503213 0.528711 0.497756 0.516082 0.497051 0.508271 0.497756 0.516082 0.496254 0.508271 0.496254 0.508271 0.497756 0.516082 0.497547 0.515047 0.496254 0.508271 0.497547 0.515047 0.495535 0.507926 0.495535 0.507926 0.497547 0.515047 0.496957 0.51417 0.495535 0.507926 0.496957 0.51417 0.493903 0.510524 0.493903 0.510524 0.496957 0.51417 0.493786 0.510699 0.483009 0.510193 0.48248 0.509842 0.484681 0.507926 0.484681 0.507926 0.48248 0.509842 0.482126 0.509315 0.484681 0.507926 0.482126 0.509315 0.484183 0.507305 0.484183 0.507305 0.482126 0.509315 0.482001 0.508694 0.484183 0.507305 0.482001 0.508694 0.484004 0.50653 0.484004 0.50653 0.482001 0.508694 0.48199 0.504366 0.484004 0.50653 0.48199 0.504366 0.484179 0.505755 0.484179 0.505755 0.48199 0.504366 0.482113 0.503745 0.484179 0.505755 0.482113 0.503745 0.484675 0.505134 0.498267 0.502743 0.490131 0.504366 0.483615 0.502743 0.483615 0.502743 0.490131 0.504366 0.489508 0.50449 0.497761 0.505134 0.497042 0.50479 0.498267 0.502743 0.498267 0.502743 0.497042 0.50479 0.496245 0.50479 0.498267 0.502743 0.496245 0.50479 0.495528 0.505134 0.487585 0.50653 0.487406 0.505755 0.488981 0.504841 0.488981 0.504841 0.487406 0.505755 0.486908 0.505134 0.488981 0.504841 0.486908 0.505134 0.489508 0.50449 0.489508 0.50449 0.486908 0.505134 0.486189 0.50479 0.489508 0.50449 0.486189 0.50479 0.483615 0.502743 0.483615 0.502743 0.486189 0.50479 0.485392 0.50479 0.483615 0.502743 0.485392 0.50479 0.482992 0.502867 0.482992 0.502867 0.485392 0.50479 0.484675 0.505134 0.482992 0.502867 0.484675 0.505134 0.482465 0.503218 0.482465 0.503218 0.484675 0.505134 0.482113 0.503745 0.493808 0.505368 0.493454 0.504841 0.495528 0.505134 0.495528 0.505134 0.493454 0.504841 0.492925 0.50449 0.495528 0.505134 0.492925 0.50449 0.498267 0.502743 0.498267 0.502743 0.492925 0.50449 0.492301 0.504366 0.498267 0.502743 0.492301 0.504366 0.490131 0.504366 0.553418 0.445971 0.553418 0.442932 0.554199 0.445975 0.554199 0.445975 0.553418 0.442932 0.554199 0.442936 0.554199 0.445975 0.554199 0.442936 0.554832 0.445988 0.554832 0.445988 0.554199 0.442936 0.554832 0.442948 0.557927 0.531025 0.557927 0.527999 0.558659 0.530994 0.558659 0.530994 0.557927 0.527999 0.558659 0.527968 0.558659 0.530994 0.558659 0.527968 0.559456 0.530998 0.559456 0.530998 0.558659 0.527968 0.559456 0.527972 0.559456 0.530998 0.559456 0.527972 0.560159 0.531034 0.560159 0.531034 0.559456 0.527972 0.560159 0.528008 0.550469 0.563495 0.550469 0.560455 0.551108 0.563495 0.551108 0.563495 0.550469 0.560455 0.551108 0.560455 0.551108 0.563495 0.551108 0.560455 0.551891 0.563495 0.551891 0.563495 0.551108 0.560455 0.551891 0.560455 0.551891 0.563495 0.551891 0.560455 0.552662 0.563495 0.552662 0.563495 0.551891 0.560455 0.552662 0.560455 0.552662 0.563495 0.552662 0.560455 0.553268 0.563495 0.553268 0.563495 0.552662 0.560455 0.553268 0.560455 0.472166 0.563462 0.472166 0.560506 0.472863 0.563552 0.472863 0.563552 0.472166 0.560506 0.472863 0.560597 0.472863 0.563552 0.472863 0.560597 0.473659 0.563563 0.473659 0.563563 0.472863 0.560597 0.473659 0.560608 0.473659 0.563563 0.473659 0.560608 0.474396 0.563492 0.474396 0.563492 0.473659 0.560608 0.474396 0.560536 0.552032 0.445989 0.552032 0.44295 0.552645 0.445976 0.552645 0.445976 0.552032 0.44295 0.552645 0.442937 0.552645 0.445976 0.552645 0.442937 0.553418 0.445971 0.553418 0.445971 0.552645 0.442937 0.553418 0.442932 0.496589 0.514507 0.496957 0.51417 0.497061 0.515209 0.497061 0.515209 0.496957 0.51417 0.497547 0.515047 0.435904 0.508424 0.435713 0.507881 0.43674 0.508424 0.43674 0.508424 0.435713 0.507881 0.436758 0.507881 0.498281 0.502157 0.498267 0.502743 0.483629 0.502157 0.483629 0.502157 0.498267 0.502743 0.483615 0.502743 0.561402 0.434037 0.560859 0.434019 0.560859 0.433194 0.561402 0.434037 0.560859 0.433194 0.561402 0.433418 0.482113 0.503745 0.481626 0.503492 0.482095 0.50279 0.482113 0.503745 0.482095 0.50279 0.482465 0.503218 0.482465 0.503218 0.482095 0.50279 0.482798 0.502321 0.482465 0.503218 0.482798 0.502321 0.482992 0.502867 0.482992 0.502867 0.482798 0.502321 0.483629 0.502157 0.482992 0.502867 0.483629 0.502157 0.483615 0.502743 0.560859 0.434019 0.561402 0.434037 0.560859 0.43836 0.560859 0.43836 0.561402 0.434037 0.561402 0.438378 0.494161 0.554879 0.494754 0.554896 0.494743 0.555719 0.494161 0.554879 0.494743 0.555719 0.494153 0.555497 0.494153 0.555497 0.494743 0.555719 0.494702 0.556404 0.494153 0.555497 0.494702 0.556404 0.494122 0.55601 0.48248 0.509842 0.482113 0.510179 0.481641 0.509477 0.48248 0.509842 0.481641 0.509477 0.482126 0.509315 0.561402 0.439005 0.560859 0.439196 0.560859 0.43836 0.561402 0.439005 0.560859 0.43836 0.561402 0.438378 0.494161 0.554879 0.49413 0.549998 0.494754 0.554896 0.494754 0.554896 0.49413 0.549998 0.494427 0.549933 0.494427 0.549933 0.494642 0.549741 0.494754 0.554896 0.494754 0.554896 0.494642 0.549741 0.494701 0.549612 0.494754 0.554896 0.494701 0.549612 0.49472 0.549472 0.518959 0.546242 0.517765 0.546242 0.518959 0.541901 0.518959 0.541901 0.517765 0.546242 0.517765 0.541901 0.518959 0.541901 0.517765 0.541901 0.517765 0.541282 0.518959 0.541901 0.517765 0.541282 0.518959 0.541282 0.518959 0.541282 0.517765 0.541282 0.517765 0.540766 0.518959 0.541282 0.517765 0.540766 0.518959 0.540766 0.480191 0.532568 0.481352 0.532552 0.48127 0.533061 0.480191 0.532568 0.48127 0.533061 0.480109 0.533076 0.480109 0.533076 0.48127 0.533061 0.48124 0.533676 0.480109 0.533076 0.48124 0.533676 0.480079 0.533692 0.480079 0.533692 0.48124 0.533676 0.480079 0.53586 0.480079 0.53586 0.48124 0.533676 0.48124 0.535844 0.481626 0.517134 0.480432 0.517133 0.480429 0.516512 0.481626 0.517134 0.480429 0.516512 0.481623 0.516513 0.481623 0.516513 0.480429 0.516512 0.48042 0.515991 0.481623 0.516513 0.48042 0.515991 0.481614 0.515992 0.481352 0.53702 0.480191 0.537036 0.480109 0.536489 0.481352 0.53702 0.480109 0.536489 0.48127 0.536473 0.48127 0.536473 0.480109 0.536489 0.480079 0.53586 0.48127 0.536473 0.480079 0.53586 0.48124 0.535844 0.480432 0.517133 0.481626 0.517134 0.480432 0.521475 0.480432 0.521475 0.481626 0.517134 0.481626 0.521476 0.494147 0.544929 0.494149 0.544982 0.492964 0.545151 0.492964 0.545151 0.494149 0.544982 0.494208 0.545057 0.492964 0.545151 0.494208 0.545057 0.49426 0.545137 0.492964 0.545151 0.492959 0.544941 0.494147 0.544929 0.494147 0.544929 0.492959 0.544941 0.492946 0.544761 0.494147 0.544929 0.492946 0.544761 0.494135 0.544748 0.481622 0.521863 0.480428 0.521862 0.480431 0.521684 0.481622 0.521863 0.480431 0.521684 0.481625 0.521684 0.481625 0.521684 0.480431 0.521684 0.480432 0.521475 0.481625 0.521684 0.480432 0.521475 0.481626 0.521476 0.493558 0.510835 0.49388 0.511109 0.493485 0.510847 0.493485 0.510847 0.49388 0.511109 0.493512 0.511446 0.493485 0.510847 0.493512 0.511446 0.493405 0.510849 0.493405 0.510849 0.493512 0.511446 0.493083 0.511115 0.49426 0.545137 0.494725 0.54548 0.494534 0.545718 0.494725 0.54548 0.494713 0.54575 0.494534 0.545718 0.494534 0.545718 0.494713 0.54575 0.494705 0.546049 0.494534 0.545718 0.494705 0.546049 0.494668 0.546205 0.501517 0.501736 0.501474 0.501902 0.501474 0.50137 0.493512 0.511446 0.49388 0.511109 0.496589 0.514507 0.496589 0.514507 0.49388 0.511109 0.496957 0.51417 0.498267 0.502743 0.498281 0.502157 0.499686 0.502341 0.498267 0.502743 0.499686 0.502341 0.499532 0.502909 0.499532 0.502909 0.499686 0.502341 0.500996 0.502881 0.499532 0.502909 0.500996 0.502881 0.500711 0.503395 0.500711 0.503395 0.500996 0.502881 0.502122 0.503741 0.500711 0.503395 0.502122 0.503741 0.501724 0.504169 0.501724 0.504169 0.502122 0.503741 0.502987 0.504862 0.501724 0.504169 0.502987 0.504862 0.502503 0.505178 0.502503 0.505178 0.502987 0.504862 0.503533 0.506166 0.502503 0.505178 0.503533 0.506166 0.502993 0.506352 0.502993 0.506352 0.503533 0.506166 0.503721 0.507567 0.502993 0.506352 0.503721 0.507567 0.503163 0.507612 0.547971 0.42671 0.542547 0.426687 0.542554 0.425844 0.547971 0.42671 0.542554 0.425844 0.547978 0.425866 0.547978 0.425866 0.542554 0.425844 0.542574 0.425097 0.547978 0.425866 0.542574 0.425097 0.547998 0.42512 0.503234 0.530187 0.497808 0.530187 0.497793 0.529525 0.503234 0.530187 0.497793 0.529525 0.503219 0.529525 0.503219 0.529525 0.497793 0.529525 0.497786 0.528711 0.503219 0.529525 0.497786 0.528711 0.503213 0.528711 0.43674 0.508424 0.436758 0.507881 0.449406 0.508424 0.449406 0.508424 0.436758 0.507881 0.449424 0.507881 0.452162 0.527438 0.451605 0.527449 0.452151 0.506269 0.452151 0.506269 0.451605 0.527449 0.451594 0.50628 0.550287 0.446505 0.54951 0.446325 0.548888 0.445827 0.548542 0.44511 0.548542 0.444315 0.552032 0.444327 0.552032 0.444327 0.548542 0.444315 0.548888 0.4436 0.551063 0.443112 0.551686 0.443609 0.550287 0.442932 0.550287 0.442932 0.551686 0.443609 0.552032 0.444327 0.550287 0.442932 0.552032 0.444327 0.54951 0.443106 0.54951 0.443106 0.552032 0.444327 0.548888 0.4436 0.552032 0.444327 0.552032 0.445122 0.548542 0.44511 0.548542 0.44511 0.552032 0.445122 0.551686 0.445837 0.548542 0.44511 0.551686 0.445837 0.548888 0.445827 0.548888 0.445827 0.551686 0.445837 0.551063 0.446331 0.548888 0.445827 0.551063 0.446331 0.550287 0.446505 0.435184 0.513853 0.435184 0.508424 0.435904 0.513853 0.435904 0.513853 0.435184 0.508424 0.435904 0.508424 0.435904 0.513853 0.435904 0.508424 0.43674 0.513853 0.43674 0.513853 0.435904 0.508424 0.43674 0.508424 0.468327 0.530949 0.473604 0.530999 0.467991 0.545581 0.467991 0.545581 0.473604 0.530999 0.473269 0.545631 0.473604 0.530999 0.468327 0.530949 0.468384 0.53013 0.473604 0.530999 0.468384 0.53013 0.473662 0.53018 0.473662 0.53018 0.468384 0.53013 0.46851 0.529455 0.473662 0.53018 0.46851 0.529455 0.473788 0.529505 0.55543 0.432505 0.560859 0.432505 0.560859 0.433194 0.55543 0.432505 0.560859 0.433194 0.55543 0.433194 0.55543 0.433194 0.560859 0.433194 0.560859 0.434019 0.55543 0.433194 0.560859 0.434019 0.55543 0.434019 0.560859 0.43836 0.55543 0.43836 0.560859 0.434019 0.560859 0.434019 0.55543 0.43836 0.55543 0.434019 0.55543 0.43836 0.560859 0.43836 0.560859 0.439196 0.55543 0.43836 0.560859 0.439196 0.55543 0.439182 0.55543 0.439182 0.560859 0.439196 0.560859 0.439916 0.55543 0.439182 0.560859 0.439916 0.55543 0.439908 0.500104 0.556355 0.494702 0.556404 0.494743 0.555719 0.500104 0.556355 0.494743 0.555719 0.500146 0.555668 0.500146 0.555668 0.494743 0.555719 0.494754 0.554896 0.500146 0.555668 0.494754 0.554896 0.500157 0.55484 0.500157 0.55484 0.494754 0.554896 0.500105 0.546518 0.500105 0.546518 0.494754 0.554896 0.49472 0.549472 0.500105 0.546518 0.49472 0.549472 0.494702 0.546574 0.494702 0.546574 0.49472 0.549472 0.492991 0.54949 0.494702 0.546574 0.492991 0.54949 0.494668 0.546205 0.494668 0.546205 0.492991 0.54949 0.492964 0.545151 0.494668 0.546205 0.492964 0.545151 0.494534 0.545718 0.494534 0.545718 0.492964 0.545151 0.49426 0.545137 0.517493 0.546515 0.517765 0.546242 0.518959 0.546242 0.518959 0.546242 0.518959 0.546451 0.517493 0.546515 0.517493 0.546515 0.518959 0.546451 0.518959 0.546515 0.517493 0.546515 0.518959 0.546515 0.517294 0.546721 0.492991 0.54949 0.49472 0.549472 0.492988 0.549696 0.492988 0.549696 0.49472 0.549472 0.494701 0.549612 0.492988 0.549696 0.494701 0.549612 0.492986 0.549758 0.492986 0.549758 0.494701 0.549612 0.494642 0.549741 0.492986 0.549758 0.494642 0.549741 0.492978 0.549867 0.518959 0.546631 0.517294 0.546721 0.518959 0.546515 0.519285 0.546252 0.518959 0.546242 0.519285 0.541912 0.519285 0.541912 0.518959 0.546242 0.518959 0.541901 0.519285 0.541912 0.518959 0.541901 0.518959 0.541282 0.519285 0.541912 0.518959 0.541282 0.519285 0.541417 0.483899 0.559213 0.483606 0.559063 0.483954 0.558534 0.483899 0.559213 0.483954 0.558534 0.484177 0.55879 0.484177 0.55879 0.483954 0.558534 0.484479 0.558179 0.484177 0.55879 0.484479 0.558179 0.484597 0.558505 0.484597 0.558505 0.484479 0.558179 0.485101 0.558051 0.484597 0.558505 0.485101 0.558051 0.485095 0.558403 0.485095 0.558403 0.485101 0.558051 0.487266 0.558389 0.487266 0.558389 0.485101 0.558051 0.487272 0.558037 0.487266 0.558389 0.487272 0.558037 0.487896 0.558156 0.487266 0.558389 0.487896 0.558156 0.487765 0.558484 0.487765 0.558484 0.487896 0.558156 0.488427 0.558504 0.487765 0.558484 0.488427 0.558504 0.48819 0.558763 0.48819 0.558763 0.488427 0.558504 0.488785 0.559028 0.48819 0.558763 0.488785 0.559028 0.488476 0.559182 0.488476 0.559182 0.488785 0.559028 0.488914 0.559649 0.488476 0.559182 0.488914 0.559649 0.48858 0.559678 0.480098 0.51714 0.480432 0.517133 0.480098 0.521482 0.480098 0.521482 0.480432 0.517133 0.480432 0.521475 0.480098 0.521482 0.480432 0.521475 0.480431 0.521684 0.480098 0.521482 0.480431 0.521684 0.480098 0.521565 0.488603 0.564089 0.488914 0.564184 0.488798 0.56436 0.488603 0.564089 0.488798 0.56436 0.488557 0.564159 0.492601 0.544985 0.492946 0.544761 0.492959 0.544941 0.492601 0.544985 0.492959 0.544941 0.492606 0.545057 0.492606 0.545057 0.492959 0.544941 0.492964 0.545151 0.492606 0.545057 0.492964 0.545151 0.492608 0.545141 0.494754 0.545066 0.500157 0.54501 0.494725 0.54548 0.494725 0.54548 0.500157 0.54501 0.500116 0.545694 0.494725 0.54548 0.500116 0.545694 0.494713 0.54575 0.500105 0.546518 0.494702 0.546574 0.500116 0.545694 0.500116 0.545694 0.494702 0.546574 0.494705 0.546049 0.500116 0.545694 0.494705 0.546049 0.494713 0.54575 0.435184 0.508424 0.435184 0.513853 0.432013 0.508424 0.432013 0.508424 0.435184 0.513853 0.432013 0.513853 0.457578 0.506269 0.452151 0.506269 0.452146 0.504868 0.457578 0.506269 0.452146 0.504868 0.457573 0.504868 0.457573 0.504868 0.452146 0.504868 0.452131 0.50357 0.457573 0.504868 0.452131 0.50357 0.457558 0.50357 0.457558 0.50357 0.452131 0.50357 0.452109 0.502463 0.457558 0.50357 0.452109 0.502463 0.457536 0.502463 0.473552 0.549558 0.468274 0.549508 0.468099 0.548334 0.473552 0.549558 0.468099 0.548334 0.473376 0.548384 0.473376 0.548384 0.468099 0.548334 0.468002 0.546995 0.473376 0.548384 0.468002 0.546995 0.47328 0.547044 0.47328 0.547044 0.468002 0.546995 0.467991 0.545581 0.47328 0.547044 0.467991 0.545581 0.473269 0.545631 0.542547 0.426687 0.547971 0.42671 0.542547 0.445059 0.542547 0.445059 0.547971 0.42671 0.547971 0.445081 0.449406 0.508424 0.449424 0.507881 0.450255 0.508046 0.449406 0.508424 0.450255 0.508046 0.450029 0.508548 0.450029 0.508548 0.450255 0.508046 0.450959 0.508517 0.450029 0.508548 0.450959 0.508517 0.450557 0.508901 0.450557 0.508901 0.450959 0.508517 0.451429 0.509222 0.450557 0.508901 0.451429 0.509222 0.45091 0.50943 0.45091 0.50943 0.451429 0.509222 0.451594 0.510053 0.45091 0.50943 0.451594 0.510053 0.451034 0.510053 0.548537 0.426659 0.547971 0.42671 0.547978 0.425866 0.548537 0.426659 0.547978 0.425866 0.548542 0.426027 0.453168 0.528942 0.452947 0.529455 0.452242 0.528984 0.453168 0.528942 0.452242 0.528984 0.452639 0.528589 0.452639 0.528589 0.452242 0.528984 0.451771 0.52828 0.452639 0.528589 0.451771 0.52828 0.452286 0.528061 0.452286 0.528061 0.451771 0.52828 0.451605 0.527449 0.452286 0.528061 0.451605 0.527449 0.452162 0.527438 0.558401 0.559703 0.558357 0.560121 0.557576 0.559705 0.557576 0.559705 0.558357 0.560121 0.557685 0.560122 0.460172 0.523369 0.460328 0.524181 0.459911 0.524189 0.459911 0.524189 0.459784 0.523527 0.460172 0.523369 0.460172 0.523369 0.459784 0.523527 0.459733 0.523412 0.460172 0.523369 0.459733 0.523412 0.459698 0.522641 0.459733 0.523412 0.459397 0.522935 0.459698 0.522641 0.459698 0.522641 0.459397 0.522935 0.459236 0.522789 0.459698 0.522641 0.459236 0.522789 0.45898 0.522154 0.459236 0.522789 0.458812 0.522538 0.45898 0.522154 0.45898 0.522154 0.458812 0.522538 0.458517 0.522443 0.454935 0.559514 0.454512 0.559935 0.454071 0.559511 0.454071 0.559511 0.454512 0.559935 0.454111 0.559935 0.454071 0.559511 0.454111 0.559935 0.453241 0.559521 0.454111 0.559935 0.453718 0.559938 0.453241 0.559521 0.457278 0.522154 0.45772 0.522443 0.457426 0.522538 0.457278 0.522154 0.457426 0.522538 0.456561 0.522641 0.457426 0.522538 0.457002 0.522789 0.456561 0.522641 0.456561 0.522641 0.457002 0.522789 0.456841 0.522935 0.559228 0.55971 0.559031 0.560126 0.558401 0.559703 0.558401 0.559703 0.559031 0.560126 0.558482 0.560121 0.558401 0.559703 0.558482 0.560121 0.558357 0.560121 0.458129 0.521983 0.457584 0.516582 0.457791 0.517621 0.472865 0.519421 0.470553 0.522641 0.469834 0.522154 0.472865 0.519421 0.469834 0.522154 0.472238 0.519296 0.472238 0.519296 0.469834 0.522154 0.468984 0.521983 0.472238 0.519296 0.468984 0.521983 0.460299 0.519296 0.453791 0.529066 0.467431 0.525735 0.468145 0.526212 0.458129 0.521983 0.457278 0.522154 0.457584 0.516582 0.457584 0.516582 0.457278 0.522154 0.452151 0.506269 0.457584 0.516582 0.452151 0.506269 0.457578 0.506269 0.452286 0.528061 0.452162 0.527438 0.452639 0.528589 0.452639 0.528589 0.452162 0.527438 0.4561 0.525022 0.452639 0.528589 0.4561 0.525022 0.453168 0.528942 0.453168 0.528942 0.4561 0.525022 0.456577 0.525735 0.453168 0.528942 0.456577 0.525735 0.453791 0.529066 0.453791 0.529066 0.456577 0.525735 0.45729 0.526212 0.453791 0.529066 0.468145 0.526212 0.472243 0.529066 0.460172 0.523369 0.459698 0.522641 0.460299 0.519296 0.460299 0.519296 0.459698 0.522641 0.45898 0.522154 0.460299 0.519296 0.45898 0.522154 0.45926 0.519089 0.45926 0.519089 0.45898 0.522154 0.458129 0.521983 0.45926 0.519089 0.458129 0.521983 0.458379 0.518501 0.458379 0.518501 0.458129 0.521983 0.457791 0.517621 0.457278 0.522154 0.456561 0.522641 0.452151 0.506269 0.452151 0.506269 0.456561 0.522641 0.456087 0.523369 0.452151 0.506269 0.456087 0.523369 0.452162 0.527438 0.452162 0.527438 0.456087 0.523369 0.455932 0.524181 0.452162 0.527438 0.455932 0.524181 0.4561 0.525022 0.468145 0.526212 0.468986 0.526379 0.472243 0.529066 0.472243 0.529066 0.468986 0.526379 0.469827 0.526212 0.472243 0.529066 0.469827 0.526212 0.472867 0.528942 0.472867 0.528942 0.469827 0.526212 0.47054 0.525735 0.472865 0.519421 0.473395 0.519778 0.470553 0.522641 0.470553 0.522641 0.473395 0.519778 0.473748 0.520312 0.470553 0.522641 0.473748 0.520312 0.471027 0.523369 0.471027 0.523369 0.473748 0.520312 0.473867 0.520924 0.471027 0.523369 0.473867 0.520924 0.471183 0.524181 0.471183 0.524181 0.473867 0.520924 0.473871 0.527438 0.471183 0.524181 0.473871 0.527438 0.471016 0.525022 0.471016 0.525022 0.473871 0.527438 0.473747 0.528061 0.471016 0.525022 0.473747 0.528061 0.47054 0.525735 0.47054 0.525735 0.473747 0.528061 0.473395 0.528589 0.47054 0.525735 0.473395 0.528589 0.472867 0.528942 0.45729 0.526212 0.458131 0.526379 0.453791 0.529066 0.453791 0.529066 0.458131 0.526379 0.458972 0.526212 0.453791 0.529066 0.458972 0.526212 0.467431 0.525735 0.467431 0.525735 0.458972 0.526212 0.459685 0.525735 0.467431 0.525735 0.459685 0.525735 0.466954 0.525022 0.466954 0.525022 0.459685 0.525735 0.460161 0.525022 0.466954 0.525022 0.460161 0.525022 0.466787 0.524181 0.466787 0.524181 0.460161 0.525022 0.460328 0.524181 0.466787 0.524181 0.460328 0.524181 0.466942 0.523369 0.466942 0.523369 0.460328 0.524181 0.460172 0.523369 0.466942 0.523369 0.460172 0.523369 0.467415 0.522641 0.467415 0.522641 0.460172 0.523369 0.460299 0.519296 0.467415 0.522641 0.460299 0.519296 0.468133 0.522154 0.468133 0.522154 0.460299 0.519296 0.468984 0.521983 0.43674 0.513853 0.436758 0.514396 0.435904 0.513853 0.435904 0.513853 0.436758 0.514396 0.435713 0.514396 0.52045 0.525352 0.520799 0.524865 0.521126 0.525822 0.521126 0.525822 0.520799 0.524865 0.521644 0.525453 0.473604 0.530999 0.474259 0.531037 0.473269 0.545631 0.473269 0.545631 0.474259 0.531037 0.473923 0.545668 0.474259 0.531037 0.473604 0.530999 0.473662 0.53018 0.474259 0.531037 0.473662 0.53018 0.474302 0.530422 0.474302 0.530422 0.473662 0.53018 0.473788 0.529505 0.474302 0.530422 0.473788 0.529505 0.474396 0.529916 0.554887 0.432902 0.55543 0.432505 0.55543 0.433194 0.554887 0.432902 0.55543 0.433194 0.554887 0.433418 0.554887 0.433418 0.55543 0.433194 0.55543 0.434019 0.554887 0.433418 0.55543 0.434019 0.554887 0.434037 0.55543 0.43836 0.554887 0.438378 0.55543 0.434019 0.55543 0.434019 0.554887 0.438378 0.554887 0.434037 0.554887 0.438994 0.554887 0.438378 0.55543 0.43836 0.55543 0.43836 0.55543 0.439182 0.554887 0.438994 0.526243 0.540277 0.525898 0.540766 0.525215 0.540296 0.526243 0.540277 0.525215 0.540296 0.525731 0.539925 0.525731 0.539925 0.525215 0.540296 0.524762 0.53959 0.525731 0.539925 0.524762 0.53959 0.525391 0.539395 0.525391 0.539395 0.524762 0.53959 0.524606 0.538754 0.525391 0.539395 0.524606 0.538754 0.525275 0.538769 0.492991 0.54949 0.492635 0.54948 0.492964 0.545151 0.492964 0.545151 0.492635 0.54948 0.492608 0.545141 0.524665 0.530427 0.525334 0.530442 0.524606 0.538754 0.524606 0.538754 0.525334 0.530442 0.525275 0.538769 0.492635 0.54948 0.492991 0.54949 0.492988 0.549696 0.492635 0.54948 0.492988 0.549696 0.492634 0.549562 0.492634 0.549562 0.492988 0.549696 0.492986 0.549758 0.483979 0.564237 0.483803 0.564479 0.483909 0.564191 0.483803 0.564479 0.483689 0.564394 0.483909 0.564191 0.483909 0.564191 0.483689 0.564394 0.483602 0.564283 0.483909 0.564191 0.483602 0.564283 0.483861 0.564121 0.483602 0.564283 0.48357 0.56422 0.483861 0.564121 0.519285 0.546336 0.518959 0.546451 0.518959 0.546242 0.519285 0.546336 0.518959 0.546242 0.519285 0.546252 0.488404 0.564224 0.484063 0.564253 0.483844 0.564038 0.485095 0.558403 0.487266 0.558389 0.48858 0.559678 0.488557 0.564159 0.488487 0.564207 0.488404 0.564224 0.484177 0.55879 0.484597 0.558505 0.485095 0.558403 0.488619 0.564006 0.488603 0.564089 0.488557 0.564159 0.483861 0.564121 0.483844 0.564038 0.483909 0.564191 0.483909 0.564191 0.483844 0.564038 0.484063 0.564253 0.483909 0.564191 0.484063 0.564253 0.483979 0.564237 0.487266 0.558389 0.487765 0.558484 0.48858 0.559678 0.48858 0.559678 0.487765 0.558484 0.48819 0.558763 0.48858 0.559678 0.48819 0.558763 0.488476 0.559182 0.488557 0.564159 0.488404 0.564224 0.488619 0.564006 0.488619 0.564006 0.488404 0.564224 0.483844 0.564038 0.488619 0.564006 0.483844 0.564038 0.48858 0.559678 0.48858 0.559678 0.483844 0.564038 0.483804 0.55971 0.48858 0.559678 0.483804 0.55971 0.485095 0.558403 0.485095 0.558403 0.483804 0.55971 0.483899 0.559213 0.485095 0.558403 0.483899 0.559213 0.484177 0.55879 0.524063 0.528892 0.524581 0.528523 0.524512 0.529597 0.524512 0.529597 0.524581 0.528523 0.525142 0.529403 0.524512 0.529597 0.525142 0.529403 0.524665 0.530427 0.524665 0.530427 0.525142 0.529403 0.525334 0.530442 0.521126 0.525822 0.521644 0.525453 0.524063 0.528892 0.524063 0.528892 0.521644 0.525453 0.524581 0.528523 0.458107 0.50628 0.457578 0.506269 0.457573 0.504868 0.458107 0.50628 0.457573 0.504868 0.458102 0.505019 0.458102 0.505019 0.457573 0.504868 0.457558 0.50357 0.458102 0.505019 0.457558 0.50357 0.458089 0.503851 0.474396 0.550038 0.473795 0.550486 0.473552 0.549558 0.474396 0.550038 0.473552 0.549558 0.474178 0.549202 0.474178 0.549202 0.473552 0.549558 0.473376 0.548384 0.474178 0.549202 0.473376 0.548384 0.47402 0.548146 0.47402 0.548146 0.473376 0.548384 0.47328 0.547044 0.47402 0.548146 0.47328 0.547044 0.473933 0.54694 0.473933 0.54694 0.47328 0.547044 0.473269 0.545631 0.473933 0.54694 0.473269 0.545631 0.473923 0.545668 0.552702 0.544975 0.558129 0.545004 0.558126 0.545849 0.552702 0.544975 0.558126 0.545849 0.552699 0.545819 0.552699 0.545819 0.558126 0.545849 0.558115 0.546654 0.552699 0.545819 0.558115 0.546654 0.552688 0.546624 0.547998 0.446548 0.542574 0.446526 0.542554 0.44587 0.547998 0.446548 0.542554 0.44587 0.547978 0.445892 0.547978 0.445892 0.542554 0.44587 0.542547 0.445059 0.547978 0.445892 0.542547 0.445059 0.547971 0.445081 0.552145 0.545117 0.552702 0.544975 0.552699 0.545819 0.552145 0.545117 0.552699 0.545819 0.552143 0.54575 0.552143 0.54575 0.552699 0.545819 0.552688 0.546624 0.552143 0.54575 0.552688 0.546624 0.552134 0.546354 0.473395 0.528589 0.473765 0.528984 0.473061 0.529455 0.473395 0.528589 0.473061 0.529455 0.472867 0.528942 0.548542 0.445639 0.547978 0.445892 0.547971 0.445081 0.548542 0.445639 0.547971 0.445081 0.548537 0.445031 0.548537 0.445031 0.547971 0.445081 0.548537 0.426659 0.548537 0.426659 0.547971 0.445081 0.547971 0.42671 0.456775 0.559929 0.457469 0.559931 0.456775 0.566034 0.456775 0.566034 0.457469 0.559931 0.457564 0.566038 0.457469 0.559931 0.457564 0.559932 0.457564 0.566038 0.457564 0.566038 0.457564 0.559932 0.458081 0.559941 0.457564 0.566038 0.458081 0.559941 0.458227 0.56605 0.458081 0.559941 0.458227 0.559945 0.458227 0.56605 0.518936 0.558201 0.518936 0.564299 0.518576 0.564319 0.518936 0.558201 0.518576 0.564319 0.518319 0.558229 0.518576 0.564319 0.518319 0.564327 0.518319 0.558229 0.518319 0.558229 0.518319 0.564327 0.517942 0.564335 0.518319 0.558229 0.517942 0.564335 0.517544 0.55824 0.517942 0.564335 0.517544 0.564338 0.517544 0.55824 0.517544 0.55824 0.517544 0.564338 0.517243 0.564337 0.517544 0.55824 0.517243 0.564337 0.516764 0.558231 0.517243 0.564337 0.516764 0.564329 0.516764 0.558231 0.516764 0.558231 0.516764 0.564329 0.516587 0.564323 0.516764 0.558231 0.516587 0.564323 0.516135 0.558203 0.557685 0.560122 0.557685 0.566228 0.557061 0.56013 0.557061 0.56013 0.557685 0.566228 0.556984 0.566237 0.557061 0.56013 0.556984 0.566237 0.556984 0.560132 0.516135 0.564301 0.516135 0.558203 0.516587 0.564323 0.557685 0.560122 0.558357 0.560121 0.557685 0.566228 0.557685 0.566228 0.558357 0.560121 0.558482 0.566227 0.558357 0.560121 0.558482 0.560121 0.558482 0.566227 0.558482 0.566227 0.558482 0.560121 0.559031 0.560126 0.558482 0.566227 0.559031 0.560126 0.559215 0.566235 0.559031 0.560126 0.559215 0.560129 0.559215 0.566235 0.453037 0.566058 0.453037 0.559955 0.453434 0.559943 0.453037 0.566058 0.453434 0.559943 0.453718 0.56604 0.453434 0.559943 0.453718 0.559938 0.453718 0.56604 0.453718 0.56604 0.453718 0.559938 0.454111 0.559935 0.453718 0.56604 0.454111 0.559935 0.454512 0.566037 0.454111 0.559935 0.454512 0.559935 0.454512 0.566037 0.454512 0.566037 0.454512 0.559935 0.454814 0.559938 0.454512 0.566037 0.454814 0.559938 0.45526 0.566049 0.454814 0.559938 0.45526 0.559946 0.45526 0.566049 0.45526 0.566049 0.45526 0.559946 0.455435 0.559952 0.455435 0.566057 0.455567 0.559947 0.456015 0.566041 0.456775 0.559929 0.456775 0.566034 0.456126 0.559934 0.456126 0.559934 0.456775 0.566034 0.456015 0.566041 0.456126 0.559934 0.456015 0.566041 0.456015 0.559936 0.456015 0.559936 0.456015 0.566041 0.455567 0.559947 0.4561 0.525022 0.455932 0.524181 0.456329 0.524189 0.456329 0.524189 0.456466 0.524875 0.4561 0.525022 0.4561 0.525022 0.456466 0.524875 0.456507 0.524966 0.4561 0.525022 0.456507 0.524966 0.456577 0.525735 0.456507 0.524966 0.456854 0.525456 0.456577 0.525735 0.456577 0.525735 0.456854 0.525456 0.457004 0.52559 0.516375 0.564749 0.516764 0.564329 0.51718 0.564766 0.516764 0.564329 0.517243 0.564337 0.51718 0.564766 0.51718 0.564766 0.517243 0.564337 0.517544 0.564338 0.51718 0.564766 0.517544 0.564338 0.518037 0.564764 0.518037 0.564764 0.517544 0.564338 0.517942 0.564335 0.458131 0.526379 0.458121 0.525981 0.458972 0.526212 0.517942 0.564335 0.518319 0.564327 0.518816 0.564744 0.458972 0.526212 0.458519 0.525936 0.458806 0.525844 0.458972 0.526212 0.458806 0.525844 0.459685 0.525735 0.458806 0.525844 0.459237 0.52559 0.459685 0.525735 0.459685 0.525735 0.459237 0.52559 0.459387 0.525456 0.459685 0.525735 0.459387 0.525456 0.460161 0.525022 0.456775 0.559929 0.456741 0.559511 0.457469 0.559931 0.457469 0.559931 0.456741 0.559511 0.457593 0.559513 0.459775 0.524875 0.460161 0.525022 0.459734 0.524966 0.459734 0.524966 0.460161 0.525022 0.459387 0.525456 0.438554 0.513853 0.438572 0.514396 0.43674 0.513853 0.43674 0.513853 0.438572 0.514396 0.436758 0.514396 0.438572 0.514396 0.438554 0.513853 0.439403 0.514561 0.439403 0.514561 0.438554 0.513853 0.439592 0.51406 0.439403 0.514561 0.439592 0.51406 0.440107 0.515032 0.440107 0.515032 0.439592 0.51406 0.440472 0.514648 0.440107 0.515032 0.440472 0.514648 0.440577 0.515736 0.440577 0.515736 0.440472 0.514648 0.441061 0.515529 0.440577 0.515736 0.441061 0.515529 0.440742 0.516567 0.440742 0.516567 0.441061 0.515529 0.441267 0.516568 0.441267 0.528511 0.440742 0.528511 0.441267 0.516568 0.441267 0.516568 0.440742 0.528511 0.440742 0.516567 0.442895 0.53014 0.442913 0.530683 0.442082 0.530518 0.442895 0.53014 0.442082 0.530518 0.442272 0.530016 0.442272 0.530016 0.442082 0.530518 0.441378 0.530047 0.442272 0.530016 0.441378 0.530047 0.441744 0.529663 0.441744 0.529663 0.441378 0.530047 0.440908 0.529342 0.441744 0.529663 0.440908 0.529342 0.441391 0.529135 0.441391 0.529135 0.440908 0.529342 0.440742 0.528511 0.441391 0.529135 0.440742 0.528511 0.441267 0.528511 0.55993 0.560122 0.560602 0.560121 0.55993 0.566228 0.55993 0.566228 0.560602 0.560121 0.560726 0.566227 0.560602 0.560121 0.560726 0.560121 0.560726 0.566227 0.560726 0.566227 0.560726 0.560121 0.561276 0.560126 0.560726 0.566227 0.561276 0.560126 0.56146 0.566235 0.561276 0.560126 0.56146 0.560129 0.56146 0.566235 0.536253 0.565975 0.536253 0.559873 0.53665 0.55986 0.536253 0.565975 0.53665 0.55986 0.536934 0.565957 0.53665 0.55986 0.536934 0.559855 0.536934 0.565957 0.536934 0.565957 0.536934 0.559855 0.537327 0.559852 0.536934 0.565957 0.537327 0.559852 0.537728 0.565954 0.537327 0.559852 0.537728 0.559852 0.537728 0.565954 0.537728 0.565954 0.537728 0.559852 0.53803 0.559855 0.537728 0.565954 0.53803 0.559855 0.538476 0.565966 0.53803 0.559855 0.538476 0.559863 0.538476 0.565966 0.538476 0.565966 0.538476 0.559863 0.538651 0.559869 0.538745 0.565974 0.538877 0.559864 0.539325 0.565958 0.540084 0.559846 0.540084 0.565951 0.539435 0.559851 0.539435 0.559851 0.540084 0.565951 0.539325 0.565958 0.539435 0.559851 0.539325 0.565958 0.539325 0.559853 0.539325 0.559853 0.539325 0.565958 0.538877 0.559864 0.560646 0.559703 0.560602 0.560121 0.559821 0.559705 0.559821 0.559705 0.560602 0.560121 0.55993 0.560122 0.471027 0.523369 0.471183 0.524181 0.470765 0.524189 0.470765 0.524189 0.470638 0.523527 0.471027 0.523369 0.471027 0.523369 0.470638 0.523527 0.470587 0.523412 0.471027 0.523369 0.470587 0.523412 0.470553 0.522641 0.470587 0.523412 0.470252 0.522935 0.470553 0.522641 0.470553 0.522641 0.470252 0.522935 0.47009 0.522789 0.470553 0.522641 0.47009 0.522789 0.469834 0.522154 0.47009 0.522789 0.469667 0.522538 0.469834 0.522154 0.469834 0.522154 0.469667 0.522538 0.469372 0.522443 0.538151 0.559432 0.537728 0.559852 0.537287 0.559428 0.537287 0.559428 0.537728 0.559852 0.537327 0.559852 0.537287 0.559428 0.537327 0.559852 0.536457 0.559438 0.537327 0.559852 0.536934 0.559855 0.536457 0.559438 0.468133 0.522154 0.468575 0.522443 0.46828 0.522538 0.468133 0.522154 0.46828 0.522538 0.467415 0.522641 0.46828 0.522538 0.467857 0.522789 0.467415 0.522641 0.467415 0.522641 0.467857 0.522789 0.467695 0.522935 0.561473 0.55971 0.561276 0.560126 0.560646 0.559703 0.560646 0.559703 0.561276 0.560126 0.560726 0.560121 0.560646 0.559703 0.560726 0.560121 0.560602 0.560121 0.466954 0.525022 0.466787 0.524181 0.467183 0.524189 0.467183 0.524189 0.46732 0.524875 0.466954 0.525022 0.466954 0.525022 0.46732 0.524875 0.467361 0.524966 0.466954 0.525022 0.467361 0.524966 0.467431 0.525735 0.467361 0.524966 0.467708 0.525456 0.467431 0.525735 0.467431 0.525735 0.467708 0.525456 0.467858 0.52559 0.513574 0.564749 0.513963 0.564329 0.514379 0.564766 0.513963 0.564329 0.514442 0.564337 0.514379 0.564766 0.514379 0.564766 0.514442 0.564337 0.514743 0.564338 0.514379 0.564766 0.514743 0.564338 0.515236 0.564764 0.515236 0.564764 0.514743 0.564338 0.515141 0.564335 0.468986 0.526379 0.468975 0.525981 0.469827 0.526212 0.515141 0.564335 0.515518 0.564327 0.516015 0.564744 0.469827 0.526212 0.469374 0.525936 0.469661 0.525844 0.469827 0.526212 0.469661 0.525844 0.47054 0.525735 0.469661 0.525844 0.470092 0.52559 0.47054 0.525735 0.47054 0.525735 0.470092 0.52559 0.470241 0.525456 0.47054 0.525735 0.470241 0.525456 0.471016 0.525022 0.540084 0.559846 0.54005 0.559428 0.540779 0.559848 0.540779 0.559848 0.54005 0.559428 0.540903 0.559431 0.470629 0.524875 0.471016 0.525022 0.470588 0.524966 0.470588 0.524966 0.471016 0.525022 0.470241 0.525456 0.540084 0.559846 0.540779 0.559848 0.540084 0.565951 0.540084 0.565951 0.540779 0.559848 0.540874 0.565955 0.540779 0.559848 0.540874 0.559849 0.540874 0.565955 0.540874 0.565955 0.540874 0.559849 0.541391 0.559858 0.540874 0.565955 0.541391 0.559858 0.541537 0.565967 0.541391 0.559858 0.541537 0.559862 0.541537 0.565967 0.516135 0.558201 0.516135 0.564299 0.515775 0.564319 0.516135 0.558201 0.515775 0.564319 0.515518 0.558229 0.515775 0.564319 0.515518 0.564327 0.515518 0.558229 0.515518 0.558229 0.515518 0.564327 0.515141 0.564335 0.515518 0.558229 0.515141 0.564335 0.514743 0.55824 0.515141 0.564335 0.514743 0.564338 0.514743 0.55824 0.514743 0.55824 0.514743 0.564338 0.514442 0.564337 0.514743 0.55824 0.514442 0.564337 0.513963 0.55823 0.514442 0.564337 0.513963 0.564329 0.513963 0.55823 0.513963 0.55823 0.513963 0.564329 0.513786 0.564323 0.513963 0.55823 0.513786 0.564323 0.513334 0.558203 0.55993 0.560122 0.55993 0.566228 0.559306 0.56013 0.559306 0.56013 0.55993 0.566228 0.559228 0.566237 0.559306 0.56013 0.559228 0.566237 0.559228 0.560132 0.513334 0.564301 0.513334 0.558203 0.513786 0.564323 0.439592 0.51406 0.438554 0.513853 0.444405 0.513997 0.444751 0.513279 0.444405 0.513997 0.43674 0.508424 0.43674 0.508424 0.444405 0.513997 0.438554 0.513853 0.43674 0.508424 0.438554 0.513853 0.43674 0.513853 0.444751 0.526371 0.441391 0.529135 0.444405 0.525653 0.444405 0.525653 0.441391 0.529135 0.441267 0.528511 0.444405 0.525653 0.441267 0.528511 0.444405 0.524855 0.444405 0.524855 0.441267 0.528511 0.441267 0.516568 0.444405 0.524855 0.441267 0.516568 0.444751 0.524137 0.451034 0.528511 0.45091 0.529135 0.44755 0.526371 0.446927 0.52364 0.446927 0.51601 0.44755 0.515513 0.45091 0.529135 0.450557 0.529663 0.44755 0.526371 0.44755 0.526371 0.450557 0.529663 0.450029 0.530016 0.44755 0.526371 0.450029 0.530016 0.446927 0.526868 0.446927 0.526868 0.450029 0.530016 0.449406 0.53014 0.446927 0.526868 0.449406 0.53014 0.44615 0.527045 0.44615 0.527045 0.449406 0.53014 0.442895 0.53014 0.44615 0.527045 0.442895 0.53014 0.445374 0.526868 0.445374 0.526868 0.442895 0.53014 0.442272 0.530016 0.445374 0.526868 0.442272 0.530016 0.444751 0.526371 0.444751 0.526371 0.442272 0.530016 0.441744 0.529663 0.444751 0.526371 0.441744 0.529663 0.441391 0.529135 0.44755 0.526371 0.447896 0.525653 0.451034 0.528511 0.451034 0.528511 0.447896 0.525653 0.447896 0.524855 0.451034 0.528511 0.447896 0.524855 0.451034 0.510053 0.446927 0.51601 0.446927 0.52364 0.44615 0.516187 0.44615 0.516187 0.446927 0.52364 0.44615 0.523462 0.44615 0.516187 0.44615 0.523462 0.445374 0.51601 0.447896 0.524855 0.44755 0.524137 0.451034 0.510053 0.451034 0.510053 0.44755 0.524137 0.446927 0.52364 0.451034 0.510053 0.446927 0.52364 0.447896 0.514795 0.447896 0.514795 0.446927 0.52364 0.44755 0.515513 0.44615 0.523462 0.445374 0.52364 0.445374 0.51601 0.445374 0.51601 0.445374 0.52364 0.444751 0.524137 0.445374 0.51601 0.444751 0.524137 0.444751 0.515513 0.444751 0.515513 0.444751 0.524137 0.441267 0.516568 0.444751 0.515513 0.441267 0.516568 0.444405 0.514795 0.444405 0.514795 0.441267 0.516568 0.441061 0.515529 0.444405 0.514795 0.441061 0.515529 0.444405 0.513997 0.444405 0.513997 0.441061 0.515529 0.440472 0.514648 0.444405 0.513997 0.440472 0.514648 0.439592 0.51406 0.450029 0.508548 0.446927 0.512782 0.449406 0.508424 0.449406 0.508424 0.446927 0.512782 0.44615 0.512604 0.449406 0.508424 0.44615 0.512604 0.43674 0.508424 0.43674 0.508424 0.44615 0.512604 0.445374 0.512782 0.43674 0.508424 0.445374 0.512782 0.444751 0.513279 0.447896 0.514795 0.447896 0.513997 0.451034 0.510053 0.451034 0.510053 0.447896 0.513997 0.44755 0.513279 0.451034 0.510053 0.44755 0.513279 0.45091 0.50943 0.45091 0.50943 0.44755 0.513279 0.446927 0.512782 0.45091 0.50943 0.446927 0.512782 0.450557 0.508901 0.450557 0.508901 0.446927 0.512782 0.450029 0.508548 0.451034 0.510053 0.451594 0.510053 0.451034 0.528511 0.451034 0.528511 0.451594 0.510053 0.451594 0.528511 0.451034 0.528511 0.451594 0.528511 0.451429 0.529342 0.451034 0.528511 0.451429 0.529342 0.45091 0.529135 0.45091 0.529135 0.451429 0.529342 0.450959 0.530047 0.45091 0.529135 0.450959 0.530047 0.450557 0.529663 0.450557 0.529663 0.450959 0.530047 0.450255 0.530518 0.450557 0.529663 0.450255 0.530518 0.450029 0.530016 0.450029 0.530016 0.450255 0.530518 0.449424 0.530683 0.450029 0.530016 0.449424 0.530683 0.449406 0.53014 0.449406 0.53014 0.449424 0.530683 0.442895 0.53014 0.442895 0.53014 0.449424 0.530683 0.442913 0.530683 0.558129 0.545004 0.552702 0.544975 0.558118 0.538726 0.558118 0.538726 0.552702 0.544975 0.552691 0.538697 0.552134 0.538839 0.552691 0.538697 0.552145 0.545117 0.552145 0.545117 0.552691 0.538697 0.552702 0.544975 0.474396 0.520935 0.473867 0.520924 0.473748 0.520312 0.474396 0.520935 0.473748 0.520312 0.474237 0.520119 0.474237 0.520119 0.473748 0.520312 0.473395 0.519778 0.474237 0.520119 0.473395 0.519778 0.473767 0.519407 0.54996 0.462074 0.549395 0.461784 0.549412 0.461185 0.54996 0.462074 0.549412 0.461185 0.549983 0.461275 0.549983 0.461275 0.549412 0.461185 0.549416 0.460546 0.549983 0.461275 0.549416 0.460546 0.549988 0.460423 0.549351 0.448935 0.549924 0.448812 0.549416 0.460546 0.549416 0.460546 0.549924 0.448812 0.549988 0.460423 0.549924 0.448812 0.549351 0.448935 0.549928 0.447966 0.549928 0.447966 0.549351 0.448935 0.549357 0.447877 0.549928 0.447966 0.549357 0.447877 0.549951 0.447171 0.549951 0.447171 0.549357 0.447877 0.549385 0.446883 0.458749 0.518128 0.458379 0.518501 0.458278 0.517424 0.458278 0.517424 0.458379 0.518501 0.457791 0.517621 0.458278 0.517424 0.457791 0.517621 0.458112 0.516593 0.458112 0.516593 0.457791 0.517621 0.457584 0.516582 0.527887 0.518674 0.528028 0.519231 0.517948 0.518674 0.517948 0.518674 0.528028 0.519231 0.518089 0.519231 0.521644 0.525453 0.520799 0.524865 0.528028 0.519231 0.528028 0.519231 0.520799 0.524865 0.518089 0.519231 0.518089 0.519231 0.520799 0.524865 0.5198 0.524658 0.518089 0.519231 0.5198 0.524658 0.518051 0.524658 0.525275 0.538769 0.525334 0.530442 0.532702 0.524115 0.532702 0.524115 0.525334 0.530442 0.525142 0.529403 0.532702 0.524115 0.525142 0.529403 0.53255 0.522851 0.53255 0.522851 0.525142 0.529403 0.524581 0.528523 0.521644 0.525453 0.528028 0.519231 0.524581 0.528523 0.524581 0.528523 0.528028 0.519231 0.529246 0.519397 0.524581 0.528523 0.529246 0.519397 0.530378 0.519885 0.525731 0.539925 0.525391 0.539395 0.526243 0.540277 0.526243 0.540277 0.525391 0.539395 0.525275 0.538769 0.526243 0.540277 0.525275 0.538769 0.526833 0.540397 0.526833 0.540397 0.525275 0.538769 0.532702 0.524115 0.526833 0.540397 0.532702 0.524115 0.531017 0.540397 0.530378 0.519885 0.531347 0.520662 0.524581 0.528523 0.524581 0.528523 0.531347 0.520662 0.532088 0.521673 0.524581 0.528523 0.532088 0.521673 0.53255 0.522851 0.53213 0.53992 0.531619 0.540273 0.532474 0.539392 0.532474 0.539392 0.531619 0.540273 0.531017 0.540397 0.532474 0.539392 0.531017 0.540397 0.532598 0.538769 0.532598 0.538769 0.531017 0.540397 0.532702 0.524115 0.518089 0.519231 0.518051 0.524658 0.517333 0.519235 0.517333 0.519235 0.518051 0.524658 0.517294 0.524662 0.549988 0.446548 0.555408 0.446591 0.549951 0.447171 0.549951 0.447171 0.555408 0.446591 0.555371 0.447214 0.549951 0.447171 0.555371 0.447214 0.549928 0.447966 0.549928 0.447966 0.555371 0.447214 0.555349 0.448009 0.549928 0.447966 0.555349 0.448009 0.549924 0.448812 0.549924 0.448812 0.555349 0.448009 0.555344 0.448855 0.555408 0.460466 0.549988 0.460423 0.555344 0.448855 0.555344 0.448855 0.549988 0.460423 0.549924 0.448812 0.558118 0.538726 0.552691 0.538697 0.552686 0.537953 0.558118 0.538726 0.552686 0.537953 0.558113 0.53797 0.555344 0.462731 0.549923 0.462697 0.54996 0.462074 0.555344 0.462731 0.54996 0.462074 0.555381 0.462108 0.555381 0.462108 0.54996 0.462074 0.549983 0.461275 0.555381 0.462108 0.549983 0.461275 0.555404 0.461313 0.555404 0.461313 0.549983 0.461275 0.549988 0.460423 0.555404 0.461313 0.549988 0.460423 0.555408 0.460466 0.54882 0.463678 0.549351 0.463854 0.548812 0.463823 0.547448 0.448902 0.549255 0.447688 0.548195 0.456182 0.548195 0.456182 0.549255 0.447688 0.548338 0.46271 0.548195 0.456182 0.548338 0.46271 0.547799 0.462679 0.547799 0.462679 0.548338 0.46271 0.547856 0.463098 0.547856 0.463098 0.548338 0.46271 0.54845 0.463259 0.547856 0.463098 0.54845 0.463259 0.548068 0.463463 0.548195 0.456182 0.54334 0.455906 0.543544 0.452568 0.54882 0.463678 0.548812 0.463823 0.54845 0.463259 0.54845 0.463259 0.548812 0.463823 0.548404 0.463717 0.54845 0.463259 0.548404 0.463717 0.548068 0.463463 0.544118 0.451214 0.544351 0.450994 0.548195 0.456182 0.548195 0.456182 0.544351 0.450994 0.544511 0.450876 0.548195 0.456182 0.544511 0.450876 0.547448 0.448902 0.543544 0.452568 0.54363 0.452076 0.548195 0.456182 0.548195 0.456182 0.54363 0.452076 0.54383 0.451609 0.548195 0.456182 0.54383 0.451609 0.544118 0.451214 0.476181 0.425961 0.47315 0.42588 0.473164 0.425464 0.476181 0.425961 0.473164 0.425464 0.476195 0.425546 0.476195 0.425546 0.473164 0.425464 0.473181 0.425112 0.476195 0.425546 0.473181 0.425112 0.476212 0.425194 0.445374 0.550332 0.442351 0.550339 0.442371 0.549993 0.445374 0.550332 0.442371 0.549993 0.445394 0.549986 0.445394 0.549986 0.442371 0.549993 0.442378 0.54958 0.445394 0.549986 0.442378 0.54958 0.445401 0.549573 0.481623 0.426746 0.481626 0.426746 0.47058 0.500757 0.499809 0.499016 0.49947 0.425959 0.499809 0.426014 0.499809 0.499016 0.499809 0.426014 0.50022 0.499038 0.50022 0.499038 0.499809 0.426014 0.499811 0.426014 0.50022 0.499038 0.499811 0.426014 0.50022 0.426036 0.499809 0.499016 0.499467 0.498961 0.499467 0.425959 0.481623 0.426746 0.470336 0.500721 0.46998 0.500668 0.481623 0.426746 0.46998 0.500668 0.481267 0.426693 0.481267 0.426693 0.46998 0.500668 0.469567 0.500605 0.481267 0.426693 0.469567 0.500605 0.480854 0.42663 0.516731 0.429057 0.516747 0.428287 0.517294 0.42811 0.516163 0.428339 0.515865 0.427745 0.516083 0.427578 0.516163 0.428339 0.516083 0.427578 0.51644 0.427548 0.516731 0.429057 0.517294 0.42811 0.517254 0.429076 0.422772 0.437437 0.422586 0.436476 0.423083 0.436282 0.422772 0.437437 0.423083 0.436282 0.423243 0.437388 0.423243 0.437388 0.423083 0.436282 0.423567 0.43649 0.423243 0.437388 0.423567 0.43649 0.423726 0.437297 0.423476 0.435997 0.423499 0.436121 0.423083 0.436282 0.423083 0.436282 0.423499 0.436121 0.423504 0.436152 0.423083 0.436282 0.423504 0.436152 0.423567 0.43649 0.422749 0.435012 0.423279 0.434793 0.423358 0.435305 0.516083 0.427578 0.516322 0.427384 0.51644 0.427548 0.51644 0.427548 0.516322 0.427384 0.516767 0.426988 0.51644 0.427548 0.516767 0.426988 0.516913 0.427192 0.516913 0.427192 0.516767 0.426988 0.517082 0.426654 0.516913 0.427192 0.517082 0.426654 0.517248 0.426885 0.422811 0.435244 0.422749 0.435012 0.423358 0.435305 0.423358 0.435305 0.423476 0.435997 0.422811 0.435244 0.422811 0.435244 0.423476 0.435997 0.423083 0.436282 0.422811 0.435244 0.423083 0.436282 0.422346 0.43556 0.422346 0.43556 0.423083 0.436282 0.422586 0.436476 0.516913 0.427192 0.517294 0.42811 0.51644 0.427548 0.51644 0.427548 0.517294 0.42811 0.516747 0.428287 0.51644 0.427548 0.516747 0.428287 0.516163 0.428339 0.516163 0.428339 0.516747 0.428287 0.516731 0.429057 0.516163 0.428339 0.516731 0.429057 0.516196 0.428989 0.434912 0.481645 0.439083 0.498151 0.438357 0.498277 0.430954 0.468002 0.4381 0.498298 0.430483 0.468051 0.512213 0.459974 0.507228 0.490503 0.506938 0.490499 0.512213 0.459974 0.506938 0.490499 0.51169 0.459956 0.431506 0.468151 0.434912 0.481645 0.430954 0.468002 0.430954 0.468002 0.434912 0.481645 0.438357 0.498277 0.430954 0.468002 0.438357 0.498277 0.4381 0.498298 0.511297 0.459021 0.516196 0.428989 0.514264 0.44418 0.514264 0.44418 0.516196 0.428989 0.516731 0.429057 0.514264 0.44418 0.516731 0.429057 0.514787 0.444199 0.514787 0.444199 0.516731 0.429057 0.517254 0.429076 0.426546 0.452421 0.422772 0.437437 0.427017 0.452372 0.427017 0.452372 0.422772 0.437437 0.423243 0.437388 0.427017 0.452372 0.423243 0.437388 0.423726 0.437297 0.423726 0.437297 0.431506 0.468151 0.427017 0.452372 0.427017 0.452372 0.431506 0.468151 0.430954 0.468002 0.427017 0.452372 0.430954 0.468002 0.426546 0.452421 0.426546 0.452421 0.430954 0.468002 0.430483 0.468051 0.514787 0.444199 0.512213 0.459974 0.514264 0.44418 0.514264 0.44418 0.512213 0.459974 0.51169 0.459956 0.514264 0.44418 0.51169 0.459956 0.511297 0.459021 0.511297 0.459021 0.51169 0.459956 0.506938 0.490499 0.511297 0.459021 0.506938 0.490499 0.50617 0.490417 0.439275 0.501072 0.439509 0.502026 0.439006 0.501948 0.503808 0.495233 0.50494 0.493748 0.504838 0.494829 0.503808 0.495233 0.504838 0.494829 0.504195 0.495559 0.504195 0.495559 0.504838 0.494829 0.505265 0.495068 0.504195 0.495559 0.505265 0.495068 0.50457 0.495827 0.537714 0.531738 0.537174 0.532273 0.536689 0.53193 0.537714 0.531738 0.536689 0.53193 0.537296 0.531438 0.439206 0.498678 0.439527 0.500069 0.439027 0.500069 0.439027 0.500069 0.439527 0.500069 0.439827 0.501385 0.438357 0.498277 0.439083 0.498151 0.439206 0.498678 0.439206 0.498678 0.439027 0.500069 0.438357 0.498277 0.438357 0.498277 0.439027 0.500069 0.438541 0.500057 0.438357 0.498277 0.438541 0.500057 0.4381 0.498298 0.507228 0.490503 0.506775 0.492281 0.506274 0.492177 0.507228 0.490503 0.506274 0.492177 0.506938 0.490499 0.439275 0.501072 0.439006 0.501948 0.43878 0.501026 0.50637 0.493262 0.505863 0.494197 0.505406 0.494 0.50637 0.493262 0.505406 0.494 0.505888 0.493111 0.440101 0.502602 0.439509 0.502026 0.439827 0.501385 0.439827 0.501385 0.439509 0.502026 0.439275 0.501072 0.439827 0.501385 0.439275 0.501072 0.439027 0.500069 0.439027 0.500069 0.439275 0.501072 0.43878 0.501026 0.439027 0.500069 0.43878 0.501026 0.438541 0.500057 0.506775 0.492281 0.50637 0.493262 0.505888 0.493111 0.506775 0.492281 0.505888 0.493111 0.506274 0.492177 0.440347 0.50371 0.43979 0.50369 0.440101 0.502602 0.440101 0.502602 0.43979 0.50369 0.439724 0.502914 0.440101 0.502602 0.439724 0.502914 0.439509 0.502026 0.536253 0.53252 0.536689 0.53193 0.537174 0.532273 0.536253 0.53252 0.537174 0.532273 0.536753 0.532844 0.505863 0.494197 0.505265 0.495068 0.504838 0.494829 0.505863 0.494197 0.504838 0.494829 0.505406 0.494 0.505406 0.494 0.504838 0.494829 0.50494 0.493748 0.505406 0.494 0.50494 0.493748 0.505888 0.493111 0.505888 0.493111 0.50494 0.493748 0.505168 0.493353 0.505888 0.493111 0.505168 0.493353 0.506274 0.492177 0.506274 0.492177 0.505168 0.493353 0.505762 0.492022 0.506274 0.492177 0.505762 0.492022 0.506938 0.490499 0.506938 0.490499 0.505762 0.492022 0.506012 0.491188 0.506938 0.490499 0.506012 0.491188 0.50617 0.490417 0.538744 0.529769 0.536915 0.531008 0.539943 0.527787 0.50022 0.499038 0.502005 0.497145 0.500351 0.499278 0.500351 0.499278 0.502005 0.497145 0.502204 0.497667 0.500351 0.499278 0.502204 0.497667 0.500482 0.499504 0.500482 0.499504 0.502204 0.497667 0.502586 0.49794 0.539943 0.527787 0.540272 0.528256 0.538744 0.529769 0.538744 0.529769 0.540272 0.528256 0.540437 0.528443 0.538744 0.529769 0.540437 0.528443 0.539221 0.530126 0.539221 0.530126 0.540437 0.528443 0.540639 0.528641 0.502586 0.49794 0.50073 0.499893 0.500482 0.499504 0.536915 0.531008 0.538744 0.529769 0.537296 0.531438 0.537296 0.531438 0.538744 0.529769 0.539221 0.530126 0.537296 0.531438 0.539221 0.530126 0.537714 0.531738 0.50457 0.495827 0.502586 0.49794 0.502204 0.497667 0.50457 0.495827 0.502204 0.497667 0.504195 0.495559 0.504195 0.495559 0.502204 0.497667 0.502005 0.497145 0.504195 0.495559 0.502005 0.497145 0.503808 0.495233 0.503891 0.490303 0.503367 0.489619 0.505563 0.488529 0.505563 0.488529 0.503367 0.489619 0.505039 0.487845 0.505878 0.48808 0.505563 0.488529 0.505039 0.487845 0.505039 0.487845 0.505231 0.487572 0.505878 0.48808 0.522348 0.426905 0.523129 0.427328 0.523059 0.427667 0.522348 0.426905 0.523059 0.427667 0.522278 0.42746 0.522278 0.42746 0.523059 0.427667 0.517412 0.467839 0.517412 0.467839 0.523059 0.427667 0.518193 0.468046 0.517412 0.467839 0.518193 0.468046 0.517352 0.468352 0.517352 0.468352 0.518193 0.468046 0.518093 0.46862 0.517352 0.468352 0.518093 0.46862 0.517294 0.468878 0.518093 0.46862 0.518009 0.469153 0.517294 0.468878 0.500565 0.50206 0.500417 0.501006 0.500565 0.500913 0.499887 0.50042 0.500634 0.500043 0.500634 0.500913 0.541986 0.551624 0.542569 0.55079 0.543881 0.552512 0.543881 0.552512 0.542569 0.55079 0.544464 0.551678 0.543881 0.552512 0.544464 0.551678 0.544245 0.552649 0.544245 0.552649 0.544464 0.551678 0.544895 0.55184 0.544245 0.552649 0.544895 0.55184 0.544697 0.552754 0.544697 0.552754 0.544895 0.55184 0.545404 0.551921 0.544697 0.552754 0.545404 0.551921 0.545678 0.552837 0.545678 0.552837 0.545404 0.551921 0.545671 0.551933 0.545678 0.552837 0.545671 0.551933 0.545689 0.551933 0.545678 0.552837 0.545689 0.551933 0.550299 0.552837 0.550299 0.552837 0.545689 0.551933 0.550311 0.551933 0.499887 0.500913 0.500417 0.501475 0.499887 0.501999 0.501086 0.501344 0.500634 0.502078 0.500634 0.501333 0.551432 0.551589 0.552134 0.552368 0.551693 0.552616 0.551432 0.551589 0.551693 0.552616 0.551162 0.55177 0.551162 0.55177 0.551693 0.552616 0.551049 0.55278 0.551162 0.55177 0.551049 0.55278 0.550768 0.551891 0.550768 0.551891 0.551049 0.55278 0.550299 0.552837 0.550768 0.551891 0.550299 0.552837 0.550311 0.551933 0.501631 0.444798 0.502423 0.444638 0.501631 0.489414 0.501631 0.489414 0.502423 0.444638 0.502423 0.489255 0.503891 0.490303 0.503599 0.490534 0.503367 0.489619 0.503367 0.489619 0.503599 0.490534 0.50318 0.489745 0.503599 0.490534 0.503239 0.490674 0.50318 0.489745 0.50318 0.489745 0.503239 0.490674 0.502849 0.490705 0.50318 0.489745 0.502849 0.490705 0.502969 0.489784 0.502969 0.489784 0.502849 0.490705 0.502469 0.490619 0.502969 0.489784 0.502469 0.490619 0.502722 0.489725 0.502722 0.489725 0.502469 0.490619 0.50213 0.490428 0.502722 0.489725 0.50213 0.490428 0.501861 0.490145 0.536123 0.472367 0.536098 0.472284 0.536827 0.471651 0.501861 0.490145 0.502457 0.489436 0.502535 0.489572 0.501861 0.490145 0.502535 0.489572 0.502722 0.489725 0.501861 0.490145 0.501689 0.489796 0.502434 0.489357 0.536123 0.472367 0.536875 0.472009 0.536924 0.472397 0.536123 0.472367 0.536924 0.472397 0.536155 0.472473 0.431772 0.431185 0.431686 0.431194 0.43167 0.429921 0.559097 0.45131 0.558861 0.451626 0.559181 0.450985 0.557792 0.452648 0.558214 0.452466 0.55752 0.453324 0.559878 0.45021 0.559818 0.450298 0.559945 0.44988 0.559945 0.44988 0.559818 0.450298 0.559696 0.450474 0.559945 0.44988 0.559696 0.450474 0.559181 0.450985 0.559181 0.450985 0.559696 0.450474 0.559286 0.45105 0.559181 0.450985 0.559286 0.45105 0.559097 0.45131 0.559878 0.45021 0.559945 0.44988 0.560063 0.449936 0.560063 0.449936 0.559945 0.44988 0.560274 0.449373 0.560063 0.449936 0.560274 0.449373 0.560504 0.449251 0.56015 0.449302 0.560444 0.448862 0.560548 0.448914 0.560041 0.449215 0.560348 0.448794 0.560444 0.448862 0.433526 0.427338 0.434042 0.426929 0.434095 0.427077 0.433814 0.426573 0.433902 0.426687 0.433362 0.42712 0.433362 0.42712 0.433902 0.426687 0.434018 0.426879 0.433724 0.426473 0.433746 0.426496 0.433325 0.426782 0.433325 0.426782 0.433746 0.426496 0.433814 0.426573 0.433325 0.426782 0.433814 0.426573 0.433153 0.426937 0.55752 0.453324 0.557347 0.453214 0.557792 0.452648 0.557792 0.452648 0.557347 0.453214 0.557312 0.453195 0.557792 0.452648 0.557312 0.453195 0.557633 0.452555 0.558231 0.452071 0.558067 0.45196 0.558661 0.45149 0.558661 0.45149 0.558067 0.45196 0.558491 0.451361 0.434095 0.427077 0.433576 0.427442 0.433526 0.427338 0.559955 0.449117 0.560041 0.449215 0.559723 0.449722 0.559955 0.449117 0.559723 0.449722 0.559639 0.449633 0.559639 0.449633 0.559723 0.449722 0.558979 0.450838 0.559639 0.449633 0.558979 0.450838 0.558899 0.450767 0.560684 0.448955 0.560504 0.449251 0.560548 0.448914 0.560548 0.448914 0.560504 0.449251 0.560274 0.449373 0.560548 0.448914 0.560274 0.449373 0.56015 0.449302 0.56015 0.449302 0.560274 0.449373 0.559945 0.44988 0.56015 0.449302 0.559945 0.44988 0.559827 0.449806 0.559827 0.449806 0.559945 0.44988 0.559181 0.450985 0.559827 0.449806 0.559181 0.450985 0.559075 0.450912 0.559075 0.450912 0.559181 0.450985 0.558861 0.451626 0.559075 0.450912 0.558861 0.451626 0.558661 0.45149 0.558661 0.45149 0.558861 0.451626 0.558422 0.452201 0.558661 0.45149 0.558422 0.452201 0.558231 0.452071 0.558231 0.452071 0.558422 0.452201 0.558214 0.452466 0.433814 0.426573 0.433362 0.42712 0.433153 0.426937 0.433153 0.426937 0.433362 0.42712 0.4329 0.427616 0.433153 0.426937 0.4329 0.427616 0.432365 0.427908 0.432365 0.427908 0.4329 0.427616 0.432234 0.42874 0.432365 0.427908 0.432234 0.42874 0.43199 0.428653 0.434042 0.426929 0.433526 0.427338 0.433452 0.427228 0.433452 0.427228 0.433526 0.427338 0.433082 0.427808 0.433452 0.427228 0.433082 0.427808 0.433 0.42771 0.433 0.42771 0.433082 0.427808 0.432434 0.428878 0.433 0.42771 0.432434 0.428878 0.432342 0.428804 0.431903 0.431186 0.431907 0.429955 0.432024 0.431208 0.501807 0.501857 0.501807 0.500379 0.501897 0.501113 0.500565 0.502033 0.500634 0.501467 0.500634 0.50206 0.557193 0.453139 0.557633 0.452555 0.557312 0.453195 0.43199 0.428653 0.432234 0.42874 0.431742 0.429475 0.431742 0.429475 0.432234 0.42874 0.431907 0.429955 0.431742 0.429475 0.431907 0.429955 0.43167 0.429921 0.43167 0.429921 0.431907 0.429955 0.431903 0.431186 0.43167 0.429921 0.431903 0.431186 0.431772 0.431185 0.560444 0.448862 0.56015 0.449302 0.560041 0.449215 0.560041 0.449215 0.56015 0.449302 0.559827 0.449806 0.560041 0.449215 0.559827 0.449806 0.559723 0.449722 0.559723 0.449722 0.559827 0.449806 0.559075 0.450912 0.559723 0.449722 0.559075 0.450912 0.558979 0.450838 0.558979 0.450838 0.559075 0.450912 0.558661 0.45149 0.558979 0.450838 0.558661 0.45149 0.558899 0.450767 0.558899 0.450767 0.558661 0.45149 0.558491 0.451361 0.432434 0.428878 0.432232 0.429454 0.432342 0.428804 0.558214 0.452466 0.557792 0.452648 0.558231 0.452071 0.558231 0.452071 0.557792 0.452648 0.557633 0.452555 0.558231 0.452071 0.557633 0.452555 0.558067 0.45196 0.432109 0.430044 0.432063 0.430638 0.431907 0.429955 0.432109 0.430044 0.431907 0.429955 0.432232 0.429454 0.432232 0.429454 0.431907 0.429955 0.432234 0.42874 0.432232 0.429454 0.432234 0.42874 0.432342 0.428804 0.432342 0.428804 0.432234 0.42874 0.4329 0.427616 0.432342 0.428804 0.4329 0.427616 0.433 0.42771 0.433 0.42771 0.4329 0.427616 0.433362 0.42712 0.433 0.42771 0.433362 0.42712 0.433452 0.427228 0.433452 0.427228 0.433362 0.42712 0.434018 0.426879 0.433452 0.427228 0.434018 0.426879 0.434042 0.426929 0.556556 0.454445 0.555721 0.455345 0.555575 0.455298 0.556888 0.453775 0.556438 0.454315 0.556295 0.454278 0.557057 0.453873 0.556599 0.454397 0.556438 0.454315 0.432031 0.432447 0.431686 0.431194 0.431772 0.431185 0.432031 0.432447 0.431772 0.431185 0.432218 0.432407 0.556438 0.454315 0.556888 0.453775 0.557057 0.453873 0.557057 0.453873 0.556888 0.453775 0.557347 0.453214 0.557057 0.453873 0.557347 0.453214 0.55752 0.453324 0.431772 0.431185 0.431903 0.431186 0.432218 0.432407 0.432218 0.432407 0.431903 0.431186 0.432024 0.431208 0.432218 0.432407 0.432024 0.431208 0.432387 0.432413 0.480074 0.502463 0.480152 0.503437 0.480074 0.503463 0.556295 0.454278 0.557193 0.453139 0.556888 0.453775 0.556888 0.453775 0.557193 0.453139 0.557312 0.453195 0.556888 0.453775 0.557312 0.453195 0.557347 0.453214 0.556599 0.454397 0.556556 0.454445 0.556438 0.454315 0.556438 0.454315 0.556556 0.454445 0.555575 0.455298 0.456351 0.559209 0.457301 0.558683 0.456483 0.55934 0.456483 0.55934 0.457301 0.558683 0.457429 0.5588 0.456483 0.55934 0.457429 0.5588 0.456579 0.559511 0.456579 0.559511 0.457429 0.5588 0.457531 0.558945 0.432218 0.432407 0.432853 0.433531 0.432031 0.432447 0.432031 0.432447 0.432853 0.433531 0.432701 0.433596 0.43891 0.426258 0.438164 0.425914 0.440298 0.425643 0.440604 0.427821 0.440137 0.427232 0.440298 0.425643 0.440298 0.425643 0.440137 0.427232 0.439539 0.426679 0.440298 0.425643 0.439539 0.426679 0.43891 0.426258 0.433746 0.426496 0.433724 0.426473 0.434525 0.42595 0.430616 0.535297 0.430534 0.535418 0.430401 0.535376 0.430879 0.534881 0.430764 0.535071 0.43084 0.534631 0.431008 0.532716 0.4309 0.531676 0.431006 0.531671 0.436951 0.426298 0.436949 0.426159 0.437949 0.426591 0.437949 0.426591 0.436949 0.426159 0.437968 0.426434 0.438149 0.425941 0.438103 0.426032 0.437011 0.425694 0.437011 0.425694 0.438103 0.426032 0.438047 0.426165 0.437011 0.425694 0.438047 0.426165 0.436981 0.425843 0.438164 0.425914 0.438149 0.425941 0.437567 0.42569 0.437567 0.42569 0.438149 0.425941 0.437011 0.425694 0.437567 0.42569 0.437011 0.425694 0.43674 0.425528 0.435306 0.42578 0.435304 0.425649 0.436011 0.425524 0.434773 0.425977 0.434525 0.42595 0.435304 0.425649 0.560444 0.448862 0.560348 0.448794 0.560646 0.448169 0.434979 0.426547 0.434095 0.427077 0.43495 0.426411 0.434979 0.426547 0.43495 0.426411 0.435929 0.426146 0.437981 0.426379 0.437968 0.426434 0.436959 0.426003 0.436959 0.426003 0.437968 0.426434 0.436949 0.426159 0.436959 0.426003 0.436949 0.426159 0.436435 0.426118 0.436435 0.426118 0.436949 0.426159 0.436951 0.426298 0.436435 0.426118 0.436951 0.426298 0.435946 0.426293 0.430861 0.53373 0.430886 0.532728 0.430988 0.533719 0.435946 0.426293 0.435958 0.426409 0.434989 0.426657 0.430698 0.53461 0.430988 0.533719 0.43084 0.534631 0.431149 0.531655 0.431194 0.531908 0.431006 0.531671 0.431006 0.531671 0.431194 0.531908 0.431155 0.532703 0.431006 0.531671 0.431155 0.532703 0.431008 0.532716 0.431008 0.532716 0.431155 0.532703 0.431141 0.533725 0.431194 0.531908 0.431238 0.532165 0.431155 0.532703 0.431155 0.532703 0.431238 0.532165 0.431314 0.532689 0.431155 0.532703 0.431314 0.532689 0.431141 0.533725 0.431141 0.533725 0.431314 0.532689 0.431347 0.533221 0.431141 0.533725 0.431347 0.533221 0.431308 0.533746 0.435867 0.425664 0.436441 0.425637 0.435888 0.425816 0.435888 0.425816 0.436441 0.425637 0.436433 0.425789 0.435888 0.425816 0.436433 0.425789 0.435909 0.425982 0.435909 0.425982 0.436433 0.425789 0.43643 0.425955 0.435909 0.425982 0.43643 0.425955 0.435929 0.426146 0.435867 0.425664 0.43674 0.425528 0.436441 0.425637 0.436441 0.425637 0.43674 0.425528 0.437011 0.425694 0.436441 0.425637 0.437011 0.425694 0.436433 0.425789 0.436433 0.425789 0.437011 0.425694 0.436981 0.425843 0.436433 0.425789 0.436981 0.425843 0.43643 0.425955 0.438047 0.426165 0.437981 0.426379 0.436981 0.425843 0.436981 0.425843 0.437981 0.426379 0.436959 0.426003 0.436981 0.425843 0.436959 0.426003 0.43643 0.425955 0.43643 0.425955 0.436959 0.426003 0.436435 0.426118 0.43643 0.425955 0.436435 0.426118 0.435929 0.426146 0.435929 0.426146 0.436435 0.426118 0.435946 0.426293 0.435929 0.426146 0.435946 0.426293 0.434979 0.426547 0.434979 0.426547 0.435946 0.426293 0.434989 0.426657 0.560646 0.448169 0.560764 0.448277 0.560444 0.448862 0.430297 0.535363 0.430698 0.53461 0.43084 0.534631 0.430297 0.535363 0.43084 0.534631 0.430401 0.535376 0.430401 0.535376 0.43084 0.534631 0.430764 0.535071 0.430401 0.535376 0.430764 0.535071 0.430616 0.535297 0.435304 0.425649 0.435306 0.42578 0.434773 0.425977 0.434773 0.425977 0.435306 0.42578 0.435355 0.425925 0.434773 0.425977 0.435355 0.425925 0.434842 0.426113 0.434842 0.426113 0.435355 0.425925 0.435399 0.426085 0.434842 0.426113 0.435399 0.426085 0.434903 0.426262 0.433746 0.426496 0.434525 0.42595 0.433814 0.426573 0.433814 0.426573 0.434525 0.42595 0.434773 0.425977 0.433814 0.426573 0.434773 0.425977 0.433902 0.426687 0.433902 0.426687 0.434773 0.425977 0.434842 0.426113 0.433902 0.426687 0.434842 0.426113 0.434018 0.426879 0.434018 0.426879 0.434842 0.426113 0.434903 0.426262 0.434018 0.426879 0.434903 0.426262 0.434042 0.426929 0.431181 0.534238 0.431091 0.534465 0.43084 0.534631 0.43084 0.534631 0.431091 0.534465 0.430989 0.53468 0.43084 0.534631 0.430989 0.53468 0.430879 0.534881 0.430802 0.531676 0.4309 0.531676 0.430886 0.532728 0.430886 0.532728 0.4309 0.531676 0.431008 0.532716 0.430886 0.532728 0.431008 0.532716 0.430988 0.533719 0.430988 0.533719 0.431008 0.532716 0.431141 0.533725 0.430988 0.533719 0.431141 0.533725 0.43084 0.534631 0.43084 0.534631 0.431141 0.533725 0.431308 0.533746 0.43084 0.534631 0.431308 0.533746 0.431181 0.534238 0.434095 0.427077 0.434042 0.426929 0.43495 0.426411 0.43495 0.426411 0.434042 0.426929 0.434903 0.426262 0.43495 0.426411 0.434903 0.426262 0.435929 0.426146 0.435929 0.426146 0.434903 0.426262 0.435399 0.426085 0.435929 0.426146 0.435399 0.426085 0.435909 0.425982 0.435909 0.425982 0.435399 0.426085 0.435355 0.425925 0.435909 0.425982 0.435355 0.425925 0.435888 0.425816 0.435888 0.425816 0.435355 0.425925 0.435306 0.42578 0.435888 0.425816 0.435306 0.42578 0.435867 0.425664 0.435867 0.425664 0.435306 0.42578 0.436011 0.425524 0.435867 0.425664 0.436011 0.425524 0.43674 0.425528 0.431506 0.468151 0.423726 0.437297 0.427737 0.43678 0.443066 0.434841 0.440384 0.437531 0.439005 0.435348 0.439005 0.435348 0.440384 0.437531 0.439466 0.437147 0.439005 0.435348 0.439466 0.437147 0.438321 0.435652 0.438321 0.435652 0.439466 0.437147 0.438457 0.436952 0.438321 0.435652 0.438457 0.436952 0.437389 0.435884 0.437389 0.435884 0.438457 0.436952 0.43741 0.436972 0.437389 0.435884 0.43741 0.436972 0.43602 0.435897 0.43602 0.435897 0.43741 0.436972 0.436389 0.437212 0.43602 0.435897 0.436389 0.437212 0.435773 0.435859 0.435773 0.435859 0.436389 0.437212 0.435456 0.437651 0.435773 0.435859 0.435456 0.437651 0.435471 0.435794 0.435471 0.435794 0.435456 0.437651 0.431808 0.436259 0.435456 0.437651 0.434657 0.438251 0.431808 0.436259 0.431808 0.436259 0.434657 0.438251 0.434015 0.438971 0.431808 0.436259 0.434015 0.438971 0.430381 0.436441 0.430381 0.436441 0.434015 0.438971 0.433539 0.439776 0.430381 0.436441 0.433539 0.439776 0.433231 0.440634 0.433231 0.440634 0.43309 0.441521 0.430381 0.436441 0.430381 0.436441 0.43309 0.441521 0.433115 0.442412 0.430381 0.436441 0.433115 0.442412 0.433338 0.443386 0.433338 0.443386 0.43357 0.443946 0.4419 0.497804 0.4419 0.497804 0.43357 0.443946 0.434108 0.444802 0.433338 0.443386 0.4419 0.497804 0.430381 0.436441 0.430381 0.436441 0.4419 0.497804 0.439083 0.498151 0.430381 0.436441 0.439083 0.498151 0.427737 0.43678 0.427737 0.43678 0.439083 0.498151 0.434912 0.481645 0.427737 0.43678 0.434912 0.481645 0.431506 0.468151 0.450712 0.433898 0.450592 0.465496 0.447156 0.434335 0.447156 0.434335 0.450592 0.465496 0.450538 0.478869 0.450538 0.478869 0.450462 0.496718 0.447156 0.434335 0.447156 0.434335 0.450462 0.496718 0.447658 0.497079 0.447156 0.434335 0.447658 0.497079 0.444085 0.434714 0.442094 0.444458 0.442266 0.444179 0.447658 0.497079 0.442266 0.444179 0.442782 0.442867 0.447658 0.497079 0.447658 0.497079 0.442782 0.442867 0.442906 0.441946 0.447658 0.497079 0.442906 0.441946 0.444085 0.434714 0.444085 0.434714 0.442906 0.441946 0.442873 0.441183 0.444085 0.434714 0.442873 0.441183 0.442684 0.440312 0.442684 0.440312 0.442336 0.439488 0.444085 0.434714 0.444085 0.434714 0.442336 0.439488 0.441832 0.438732 0.444085 0.434714 0.441832 0.438732 0.443066 0.434841 0.443066 0.434841 0.441832 0.438732 0.441179 0.43807 0.443066 0.434841 0.441179 0.43807 0.440384 0.437531 0.440004 0.446229 0.440682 0.445858 0.447658 0.497079 0.447658 0.497079 0.440682 0.445858 0.441437 0.445252 0.447658 0.497079 0.441437 0.445252 0.442094 0.444458 0.434108 0.444802 0.434411 0.445152 0.4419 0.497804 0.4419 0.497804 0.434411 0.445152 0.435349 0.445917 0.4419 0.497804 0.435349 0.445917 0.435616 0.446072 0.435616 0.446072 0.436887 0.446548 0.4419 0.497804 0.4419 0.497804 0.436887 0.446548 0.43781 0.446664 0.4419 0.497804 0.43781 0.446664 0.444782 0.497444 0.444782 0.497444 0.43781 0.446664 0.438586 0.446628 0.444782 0.497444 0.438586 0.446628 0.447658 0.497079 0.447658 0.497079 0.438586 0.446628 0.439982 0.446239 0.447658 0.497079 0.439982 0.446239 0.440004 0.446229 0.432829 0.433783 0.432701 0.433596 0.432853 0.433531 0.457734 0.55771 0.457739 0.557688 0.457938 0.557695 0.457819 0.556534 0.45781 0.556281 0.458063 0.556289 0.457734 0.55771 0.457938 0.557695 0.457588 0.558109 0.432829 0.433783 0.432853 0.433531 0.433297 0.434367 0.43557 0.435362 0.435561 0.435408 0.43472 0.435235 0.43472 0.435235 0.435561 0.435408 0.435527 0.435567 0.43472 0.435235 0.435527 0.435567 0.434611 0.43542 0.434611 0.43542 0.435527 0.435567 0.435507 0.435653 0.434611 0.43542 0.435507 0.435653 0.435471 0.435794 0.43472 0.435235 0.434795 0.435065 0.43557 0.435362 0.458227 0.556319 0.458212 0.557082 0.458029 0.557025 0.458227 0.556319 0.458029 0.557025 0.458063 0.556289 0.458063 0.556289 0.458029 0.557025 0.457819 0.557011 0.458063 0.556289 0.457819 0.557011 0.457819 0.556534 0.433764 0.434822 0.433297 0.434367 0.433343 0.434158 0.433343 0.434158 0.433297 0.434367 0.432853 0.433531 0.433343 0.434158 0.432853 0.433531 0.433466 0.434083 0.45786 0.558362 0.457531 0.558945 0.457429 0.5588 0.45786 0.558362 0.457429 0.5588 0.457706 0.558259 0.457706 0.558259 0.457429 0.5588 0.457301 0.558683 0.457706 0.558259 0.457301 0.558683 0.457521 0.558226 0.457521 0.558226 0.457301 0.558683 0.457162 0.558605 0.457521 0.558226 0.457588 0.558109 0.457706 0.558259 0.457706 0.558259 0.457588 0.558109 0.457938 0.557695 0.457706 0.558259 0.457938 0.557695 0.45786 0.558362 0.45786 0.558362 0.457938 0.557695 0.458109 0.557776 0.433466 0.434083 0.43408 0.434628 0.433343 0.434158 0.433343 0.434158 0.43408 0.434628 0.433979 0.434752 0.433343 0.434158 0.433979 0.434752 0.433764 0.434822 0.433764 0.434822 0.433979 0.434752 0.433865 0.434908 0.457739 0.557688 0.457819 0.557011 0.457938 0.557695 0.457938 0.557695 0.457819 0.557011 0.458029 0.557025 0.457938 0.557695 0.458029 0.557025 0.458109 0.557776 0.458109 0.557776 0.458029 0.557025 0.458212 0.557082 0.43408 0.434628 0.434795 0.435065 0.433979 0.434752 0.433979 0.434752 0.434795 0.435065 0.43472 0.435235 0.433979 0.434752 0.43472 0.435235 0.433865 0.434908 0.433865 0.434908 0.43472 0.435235 0.434611 0.43542 0.526765 0.554559 0.526777 0.554966 0.526395 0.554968 0.542547 0.455847 0.54292 0.455878 0.542941 0.456038 0.54334 0.455906 0.543151 0.456275 0.543023 0.456178 0.543307 0.456316 0.543151 0.456275 0.54334 0.455906 0.542941 0.456038 0.54292 0.455878 0.54334 0.455906 0.542588 0.456143 0.543023 0.456178 0.542738 0.456401 0.542738 0.456401 0.543023 0.456178 0.543151 0.456275 0.542738 0.456401 0.543151 0.456275 0.542975 0.456581 0.542975 0.456581 0.543151 0.456275 0.543307 0.456316 0.526777 0.554966 0.526791 0.555297 0.526499 0.555298 0.542588 0.456143 0.542547 0.455847 0.542941 0.456038 0.542588 0.456143 0.542941 0.456038 0.543023 0.456178 0.543023 0.456178 0.542941 0.456038 0.54334 0.455906 0.543307 0.456316 0.543293 0.45644 0.542975 0.456581 0.542975 0.456581 0.543293 0.45644 0.543263 0.456656 0.466892 0.529929 0.46689 0.530222 0.466659 0.530222 0.526777 0.554966 0.526499 0.555298 0.526395 0.554968 0.526395 0.554968 0.526499 0.555298 0.526255 0.55529 0.526395 0.554968 0.526255 0.55529 0.526076 0.554956 0.46654 0.529513 0.466897 0.52968 0.466892 0.529929 0.46654 0.529513 0.466892 0.529929 0.466532 0.529839 0.466532 0.529839 0.466892 0.529929 0.466659 0.530222 0.466532 0.529839 0.466659 0.530222 0.46653 0.530222 0.526765 0.554559 0.526395 0.554968 0.526352 0.554561 0.526352 0.554561 0.526395 0.554968 0.526076 0.554956 0.526352 0.554561 0.526076 0.554956 0.526006 0.554549 0.466122 0.529455 0.46654 0.529513 0.466532 0.529839 0.466122 0.529455 0.466532 0.529839 0.466114 0.529807 0.466114 0.529807 0.466532 0.529839 0.46653 0.530222 0.466114 0.529807 0.46653 0.530222 0.466112 0.530222 0.526463 0.541802 0.526765 0.554559 0.526352 0.554561 0.526463 0.541802 0.526352 0.554561 0.52605 0.541804 0.52605 0.541804 0.526352 0.554561 0.526006 0.554549 0.52605 0.541804 0.526006 0.554549 0.525704 0.541791 0.453323 0.529455 0.466122 0.529455 0.466114 0.529807 0.453323 0.529455 0.466114 0.529807 0.453316 0.529807 0.453316 0.529807 0.466114 0.529807 0.466112 0.530222 0.453316 0.529807 0.466112 0.530222 0.453313 0.530222 0.556618 0.537168 0.556217 0.537106 0.553457 0.534996 0.441047 0.425745 0.441282 0.42852 0.440998 0.42818 0.441047 0.425745 0.440998 0.42818 0.440701 0.425648 0.440701 0.425648 0.440998 0.42818 0.440604 0.427821 0.440701 0.425648 0.440604 0.427821 0.440298 0.425643 0.556618 0.537168 0.553457 0.534996 0.557047 0.537198 0.557047 0.537198 0.553457 0.534996 0.553598 0.534701 0.557047 0.537198 0.553598 0.534701 0.557072 0.537152 0.557072 0.537152 0.553598 0.534701 0.557162 0.537 0.557162 0.537 0.553598 0.534701 0.553805 0.534364 0.557162 0.537 0.553805 0.534364 0.557272 0.536829 0.557272 0.536829 0.557004 0.528788 0.557622 0.537342 0.557622 0.537342 0.557004 0.528788 0.557355 0.528768 0.557622 0.537342 0.557355 0.528768 0.557626 0.537348 0.557626 0.537348 0.557355 0.528768 0.557677 0.528738 0.557626 0.537348 0.557677 0.528738 0.557927 0.537814 0.482821 0.546668 0.482807 0.537584 0.483222 0.537586 0.482821 0.546668 0.483222 0.537586 0.483195 0.547037 0.483195 0.547037 0.483222 0.537586 0.483498 0.547139 0.483498 0.547139 0.483222 0.537586 0.483595 0.537584 0.483498 0.547139 0.483595 0.537584 0.483684 0.547132 0.557004 0.528788 0.552786 0.528986 0.552784 0.528846 0.557004 0.528788 0.552784 0.528846 0.557007 0.528414 0.552784 0.528846 0.552792 0.528575 0.557007 0.528414 0.557007 0.528414 0.552792 0.528575 0.552836 0.528234 0.557007 0.528414 0.552836 0.528234 0.557054 0.528033 0.45256 0.534566 0.452556 0.530222 0.4529 0.530222 0.45256 0.534566 0.4529 0.530222 0.452947 0.534566 0.452947 0.534566 0.4529 0.530222 0.453313 0.530222 0.452947 0.534566 0.453313 0.530222 0.453313 0.534566 0.445256 0.543604 0.445401 0.543061 0.445401 0.549573 0.445256 0.543604 0.445401 0.549573 0.44486 0.544002 0.442378 0.54958 0.442378 0.544154 0.445401 0.549573 0.445401 0.549573 0.442378 0.544154 0.444319 0.544149 0.445401 0.549573 0.444319 0.544149 0.44486 0.544002 0.525475 0.541614 0.520051 0.541608 0.525476 0.541341 0.525476 0.541341 0.520051 0.541608 0.520053 0.541228 0.525476 0.541341 0.520053 0.541228 0.525518 0.541064 0.525518 0.541064 0.520053 0.541228 0.520062 0.540813 0.483222 0.537083 0.483163 0.53701 0.483165 0.531078 0.483165 0.531078 0.483163 0.53701 0.483005 0.536831 0.483165 0.531078 0.483005 0.536831 0.482796 0.53109 0.482796 0.53109 0.483005 0.536831 0.482897 0.536723 0.520062 0.540813 0.525696 0.540766 0.525518 0.541064 0.483222 0.537083 0.483165 0.531078 0.483325 0.537215 0.483325 0.537215 0.483165 0.531078 0.483534 0.531072 0.483325 0.537215 0.483534 0.531072 0.483595 0.537584 0.511432 0.558201 0.511432 0.56471 0.5103 0.558219 0.5103 0.558219 0.511432 0.56471 0.5103 0.564728 0.561133 0.464888 0.561133 0.4714 0.560081 0.464873 0.560081 0.464873 0.561133 0.4714 0.560081 0.471385 0.560081 0.464873 0.560081 0.471385 0.558873 0.464873 0.558873 0.464873 0.560081 0.471385 0.558873 0.471386 0.558873 0.464873 0.558873 0.471386 0.557832 0.464889 0.557832 0.464889 0.558873 0.471386 0.557832 0.471401 0.507131 0.564706 0.507131 0.558201 0.508162 0.564741 0.508162 0.564741 0.507131 0.558201 0.508162 0.558236 0.508162 0.564741 0.508162 0.558236 0.50937 0.564743 0.50937 0.564743 0.508162 0.558236 0.50937 0.558238 0.50937 0.564743 0.50937 0.558238 0.5103 0.564717 0.5103 0.564717 0.50937 0.558238 0.5103 0.558212 0.445401 0.550371 0.445401 0.556883 0.444687 0.550349 0.444687 0.550349 0.445401 0.556883 0.444687 0.556862 0.444687 0.550349 0.444687 0.556862 0.443717 0.550339 0.443717 0.550339 0.444687 0.556862 0.443717 0.556851 0.443717 0.550339 0.443717 0.556851 0.442682 0.550341 0.442682 0.550341 0.443717 0.556851 0.442682 0.556854 0.442682 0.550341 0.442682 0.556854 0.441787 0.550356 0.441787 0.550356 0.442682 0.556854 0.441787 0.556868 0.513334 0.558231 0.513334 0.56474 0.512462 0.558207 0.512462 0.558207 0.513334 0.56474 0.512462 0.564716 0.512462 0.558207 0.512462 0.564716 0.511432 0.558201 0.511432 0.558201 0.512462 0.564716 0.511432 0.56471 0.55926 0.537953 0.55926 0.544462 0.558129 0.537971 0.558129 0.537971 0.55926 0.544462 0.558129 0.54448 0.561228 0.531439 0.561228 0.537952 0.560176 0.531424 0.560176 0.531424 0.561228 0.537952 0.560176 0.537937 0.560176 0.531424 0.560176 0.537937 0.558968 0.531424 0.558968 0.531424 0.560176 0.537937 0.558968 0.537937 0.558968 0.531424 0.558968 0.537937 0.557927 0.53144 0.557927 0.53144 0.558968 0.537937 0.557927 0.537953 0.48027 0.563609 0.48027 0.557104 0.481301 0.563644 0.481301 0.563644 0.48027 0.557104 0.481301 0.55714 0.481301 0.563644 0.481301 0.55714 0.482509 0.563646 0.482509 0.563646 0.481301 0.55714 0.482509 0.557141 0.482509 0.563646 0.482509 0.557141 0.48357 0.563614 0.48357 0.563614 0.482509 0.557141 0.48357 0.557109 0.561378 0.54453 0.561378 0.551043 0.560455 0.544508 0.560455 0.544508 0.561378 0.551043 0.560455 0.551021 0.560455 0.544508 0.560455 0.551021 0.559266 0.544502 0.559266 0.544502 0.560455 0.551021 0.559266 0.551015 0.559266 0.544502 0.559266 0.551015 0.558129 0.544514 0.558129 0.544514 0.559266 0.551015 0.558129 0.551026 0.561386 0.537993 0.561386 0.544502 0.560452 0.537961 0.560452 0.537961 0.561386 0.544502 0.560452 0.54447 0.560452 0.537961 0.560452 0.54447 0.55926 0.537953 0.55926 0.537953 0.560452 0.54447 0.55926 0.544462 0.460535 0.426083 0.460768 0.426054 0.460895 0.426093 0.460768 0.426054 0.460535 0.426083 0.460622 0.42583 0.460622 0.42583 0.460535 0.426083 0.460258 0.426076 0.460622 0.42583 0.460258 0.426076 0.460399 0.425678 0.460399 0.425678 0.460258 0.426076 0.460118 0.426072 0.460399 0.425678 0.460118 0.426072 0.460133 0.425619 0.519517 0.541354 0.519639 0.5416 0.519297 0.541577 0.519947 0.541208 0.520051 0.541608 0.519639 0.5416 0.519639 0.5416 0.519517 0.541354 0.519947 0.541208 0.519947 0.541208 0.519517 0.541354 0.519441 0.541024 0.519947 0.541208 0.519441 0.541024 0.519864 0.540843 0.482793 0.530893 0.482878 0.53047 0.483178 0.530405 0.482793 0.530893 0.483178 0.530405 0.483125 0.530821 0.483125 0.530821 0.483178 0.530405 0.483549 0.530379 0.483125 0.530821 0.483549 0.530379 0.483534 0.530792 0.460895 0.426093 0.460768 0.426054 0.461052 0.42586 0.461052 0.42586 0.460768 0.426054 0.460622 0.42583 0.461052 0.42586 0.460622 0.42583 0.460845 0.425543 0.460845 0.425543 0.460622 0.42583 0.460399 0.425678 0.460845 0.425543 0.460399 0.425678 0.460529 0.425326 0.460529 0.425326 0.460399 0.425678 0.460133 0.425619 0.460529 0.425326 0.460133 0.425619 0.460153 0.425243 0.469075 0.501574 0.469377 0.501606 0.469444 0.50172 0.46998 0.500668 0.46979 0.501171 0.469567 0.500605 0.469567 0.500605 0.46979 0.501171 0.469449 0.500965 0.469075 0.501574 0.469444 0.50172 0.469128 0.50186 0.469128 0.50186 0.469444 0.50172 0.469599 0.501976 0.469128 0.50186 0.469599 0.501976 0.46918 0.502125 0.541305 0.527166 0.541482 0.527571 0.541231 0.527741 0.541305 0.527166 0.541231 0.527741 0.541023 0.527278 0.541023 0.527278 0.541231 0.527741 0.541017 0.527281 0.541017 0.527281 0.541231 0.527741 0.540885 0.527921 0.541017 0.527281 0.540885 0.527921 0.540688 0.527424 0.540688 0.527424 0.540885 0.527921 0.540539 0.528059 0.540688 0.527424 0.540539 0.528059 0.540373 0.527569 0.540373 0.527569 0.540539 0.528059 0.540304 0.52813 0.540373 0.527569 0.540304 0.52813 0.540114 0.527697 0.539943 0.527787 0.540114 0.527697 0.540272 0.528256 0.480074 0.504053 0.480074 0.503463 0.480139 0.503934 0.540272 0.528256 0.540304 0.52813 0.540437 0.528443 0.540437 0.528443 0.540304 0.52813 0.540539 0.528059 0.540437 0.528443 0.540539 0.528059 0.540639 0.528641 0.50022 0.499038 0.500211 0.499755 0.499809 0.499016 0.499809 0.499016 0.500211 0.499755 0.499824 0.499709 0.499809 0.499016 0.499824 0.499709 0.499467 0.498961 0.499467 0.498961 0.499824 0.499709 0.499528 0.499605 0.470336 0.500721 0.470173 0.501378 0.46998 0.500668 0.46998 0.500668 0.470173 0.501378 0.469907 0.501234 0.46998 0.500668 0.469907 0.501234 0.46979 0.501171 0.500584 0.499726 0.500591 0.500005 0.500211 0.499755 0.500211 0.499755 0.500591 0.500005 0.500218 0.500043 0.500211 0.499755 0.500218 0.500043 0.499824 0.499709 0.499824 0.499709 0.500218 0.500043 0.49983 0.499985 0.499824 0.499709 0.49983 0.499985 0.499528 0.499605 0.499528 0.499605 0.49983 0.499985 0.499534 0.499854 0.470173 0.501378 0.469994 0.50164 0.469907 0.501234 0.469907 0.501234 0.469994 0.50164 0.469759 0.501451 0.469907 0.501234 0.469759 0.501451 0.46979 0.501171 0.46979 0.501171 0.469759 0.501451 0.469656 0.501367 0.46979 0.501171 0.469656 0.501367 0.469449 0.500965 0.469449 0.500965 0.469656 0.501367 0.469226 0.501232 0.50022 0.499038 0.500351 0.499278 0.500211 0.499755 0.500211 0.499755 0.500351 0.499278 0.500482 0.499504 0.500211 0.499755 0.500482 0.499504 0.500584 0.499726 0.480108 0.504313 0.480074 0.504585 0.480074 0.504053 0.500584 0.499726 0.50073 0.499893 0.500591 0.500005 0.540751 0.528544 0.540639 0.528641 0.540539 0.528059 0.540751 0.528544 0.540539 0.528059 0.541105 0.528423 0.541105 0.528423 0.540539 0.528059 0.540885 0.527921 0.541105 0.528423 0.540885 0.527921 0.54144 0.52822 0.54144 0.52822 0.540885 0.527921 0.541231 0.527741 0.54144 0.52822 0.541231 0.527741 0.541668 0.527997 0.541668 0.527997 0.541231 0.527741 0.541482 0.527571 0.469994 0.50164 0.469599 0.501976 0.469759 0.501451 0.469759 0.501451 0.469599 0.501976 0.469444 0.50172 0.469759 0.501451 0.469444 0.50172 0.469656 0.501367 0.469656 0.501367 0.469444 0.50172 0.469377 0.501606 0.469656 0.501367 0.469377 0.501606 0.469226 0.501232 0.469226 0.501232 0.469377 0.501606 0.469075 0.501574 0.469226 0.501232 0.469075 0.501574 0.46903 0.501318 0.467468 0.501532 0.46903 0.501318 0.469075 0.501574 0.466345 0.501878 0.466331 0.501619 0.467468 0.501532 0.460193 0.50108 0.461636 0.501624 0.460137 0.501332 0.460137 0.501332 0.461636 0.501624 0.461594 0.501911 0.460137 0.501332 0.461594 0.501911 0.460077 0.501615 0.460077 0.501615 0.461594 0.501911 0.461559 0.502176 0.460077 0.501615 0.461559 0.502176 0.460025 0.501875 0.537613 0.519146 0.538209 0.520432 0.537298 0.519193 0.537298 0.519193 0.538209 0.520432 0.537896 0.520491 0.537298 0.519193 0.537896 0.520491 0.537557 0.520612 0.537298 0.519193 0.537557 0.520612 0.53696 0.519308 0.53696 0.519308 0.537557 0.520612 0.537248 0.520771 0.53696 0.519308 0.537248 0.520771 0.536653 0.519466 0.536653 0.519466 0.537248 0.520771 0.537007 0.520936 0.536653 0.519466 0.537007 0.520936 0.536414 0.519637 0.504167 0.505987 0.504299 0.507553 0.504167 0.508201 0.536414 0.519637 0.537102 0.521618 0.536258 0.51979 0.540114 0.527697 0.539943 0.527787 0.539699 0.527258 0.539849 0.524723 0.540688 0.527424 0.539517 0.524858 0.539517 0.524858 0.540688 0.527424 0.540373 0.527569 0.539517 0.524858 0.540373 0.527569 0.539204 0.525008 0.539204 0.525008 0.540373 0.527569 0.540114 0.527697 0.539204 0.525008 0.540114 0.527697 0.538952 0.52515 0.538952 0.52515 0.540114 0.527697 0.539699 0.527258 0.467468 0.501532 0.469075 0.501574 0.466345 0.501878 0.466345 0.501878 0.469075 0.501574 0.469128 0.50186 0.466345 0.501878 0.469128 0.50186 0.466364 0.502169 0.466364 0.502169 0.469128 0.50186 0.46918 0.502125 0.466364 0.502169 0.46918 0.502125 0.466385 0.502437 0.540147 0.524629 0.541305 0.527166 0.541023 0.527278 0.540147 0.524629 0.541023 0.527278 0.539849 0.524723 0.539849 0.524723 0.541023 0.527278 0.541017 0.527281 0.539849 0.524723 0.541017 0.527281 0.540688 0.527424 0.538952 0.52515 0.538294 0.523718 0.539204 0.525008 0.539204 0.525008 0.538294 0.523718 0.538543 0.523568 0.539204 0.525008 0.538543 0.523568 0.539517 0.524858 0.539517 0.524858 0.538543 0.523568 0.538854 0.523415 0.539517 0.524858 0.538854 0.523415 0.539849 0.524723 0.539849 0.524723 0.538854 0.523415 0.539189 0.523285 0.539849 0.524723 0.539189 0.523285 0.540147 0.524629 0.540147 0.524629 0.539189 0.523285 0.539492 0.523202 0.466385 0.502437 0.464775 0.502463 0.466364 0.502169 0.466364 0.502169 0.464775 0.502463 0.464773 0.502195 0.466364 0.502169 0.464773 0.502195 0.466345 0.501878 0.466345 0.501878 0.464773 0.502195 0.464775 0.501904 0.466345 0.501878 0.464775 0.501904 0.466331 0.501619 0.466331 0.501619 0.464775 0.501904 0.463844 0.501607 0.539699 0.527258 0.538841 0.525393 0.538952 0.52515 0.538952 0.52515 0.538841 0.525393 0.537963 0.523486 0.538952 0.52515 0.537963 0.523486 0.538294 0.523718 0.538294 0.523718 0.537963 0.523486 0.537646 0.522314 0.538294 0.523718 0.537646 0.522314 0.538543 0.523568 0.538543 0.523568 0.537646 0.522314 0.537891 0.522156 0.538543 0.523568 0.537891 0.522156 0.538854 0.523415 0.538854 0.523415 0.537891 0.522156 0.538201 0.522 0.538854 0.523415 0.538201 0.522 0.539189 0.523285 0.539189 0.523285 0.538201 0.522 0.538538 0.521875 0.539189 0.523285 0.538538 0.521875 0.539492 0.523202 0.539492 0.523202 0.538538 0.521875 0.538846 0.521804 0.464775 0.502463 0.463168 0.502376 0.464773 0.502195 0.464773 0.502195 0.463168 0.502376 0.463184 0.502109 0.464773 0.502195 0.463184 0.502109 0.464775 0.501904 0.464775 0.501904 0.463184 0.502109 0.463206 0.501819 0.464775 0.501904 0.463206 0.501819 0.463844 0.501607 0.463844 0.501607 0.463206 0.501819 0.463228 0.501561 0.537963 0.523486 0.537102 0.521618 0.537646 0.522314 0.537646 0.522314 0.537102 0.521618 0.537007 0.520936 0.537646 0.522314 0.537007 0.520936 0.537891 0.522156 0.537891 0.522156 0.537007 0.520936 0.537248 0.520771 0.537891 0.522156 0.537248 0.520771 0.538201 0.522 0.538201 0.522 0.537248 0.520771 0.537557 0.520612 0.538201 0.522 0.537557 0.520612 0.538538 0.521875 0.538538 0.521875 0.537557 0.520612 0.537896 0.520491 0.538538 0.521875 0.537896 0.520491 0.538846 0.521804 0.538846 0.521804 0.537896 0.520491 0.538209 0.520432 0.463168 0.502376 0.461559 0.502176 0.463184 0.502109 0.463184 0.502109 0.461559 0.502176 0.461594 0.501911 0.463184 0.502109 0.461594 0.501911 0.463206 0.501819 0.463206 0.501819 0.461594 0.501911 0.461636 0.501624 0.463206 0.501819 0.461636 0.501624 0.463228 0.501561 0.463228 0.501561 0.461636 0.501624 0.460193 0.50108 0.460051 0.501307 0.460044 0.501015 0.460193 0.50108 0.459284 0.50038 0.459695 0.50034 0.459845 0.500802 0.500565 0.500913 0.500619 0.501303 0.500565 0.501447 0.497998 0.501689 0.498104 0.501624 0.498079 0.502012 0.450912 0.506502 0.450613 0.50679 0.450418 0.506702 0.460193 0.50108 0.460137 0.501332 0.460051 0.501307 0.460051 0.501307 0.460137 0.501332 0.460077 0.501615 0.460051 0.501307 0.460077 0.501615 0.459954 0.501578 0.459954 0.501578 0.460077 0.501615 0.460025 0.501875 0.459954 0.501578 0.460025 0.501875 0.459868 0.501828 0.537553 0.519018 0.537613 0.519146 0.537298 0.519193 0.537553 0.519018 0.537298 0.519193 0.537229 0.519046 0.537229 0.519046 0.537298 0.519193 0.536887 0.519153 0.536887 0.519153 0.537298 0.519193 0.53696 0.519308 0.536887 0.519153 0.53696 0.519308 0.536653 0.519466 0.536258 0.51979 0.536253 0.519775 0.536414 0.519637 0.536414 0.519637 0.536253 0.519775 0.536349 0.519499 0.536414 0.519637 0.536349 0.519499 0.536582 0.519315 0.498367 0.502121 0.498079 0.502012 0.498104 0.501624 0.498367 0.502121 0.498104 0.501624 0.498395 0.501698 0.498395 0.501698 0.498104 0.501624 0.498202 0.501302 0.498395 0.501698 0.498202 0.501302 0.498413 0.501127 0.498413 0.501127 0.498202 0.501302 0.498465 0.5008 0.498413 0.501127 0.498465 0.5008 0.498718 0.500318 0.536887 0.519153 0.536697 0.518761 0.537229 0.519046 0.537229 0.519046 0.536697 0.518761 0.537049 0.518674 0.537229 0.519046 0.537049 0.518674 0.537553 0.519018 0.537553 0.519018 0.537049 0.518674 0.537396 0.518693 0.459868 0.501828 0.459428 0.501554 0.459954 0.501578 0.459954 0.501578 0.459428 0.501554 0.459602 0.501358 0.459954 0.501578 0.459602 0.501358 0.460051 0.501307 0.460051 0.501307 0.459602 0.501358 0.459795 0.501146 0.460051 0.501307 0.459795 0.501146 0.460044 0.501015 0.498739 0.501724 0.498758 0.50114 0.499093 0.501681 0.499093 0.501681 0.498758 0.50114 0.499111 0.501122 0.499093 0.501681 0.499111 0.501122 0.499396 0.501573 0.499396 0.501573 0.499111 0.501122 0.499412 0.501073 0.459428 0.501554 0.459098 0.501113 0.459602 0.501358 0.459602 0.501358 0.459098 0.501113 0.459328 0.500991 0.459602 0.501358 0.459328 0.500991 0.459795 0.501146 0.459795 0.501146 0.459328 0.500991 0.459581 0.500858 0.459795 0.501146 0.459581 0.500858 0.460044 0.501015 0.460044 0.501015 0.459581 0.500858 0.459845 0.500802 0.459845 0.500802 0.459581 0.500858 0.459284 0.50038 0.459284 0.50038 0.459581 0.500858 0.459328 0.500991 0.459284 0.50038 0.459328 0.500991 0.458942 0.500415 0.458942 0.500415 0.459328 0.500991 0.459098 0.501113 0.499467 0.500359 0.499412 0.501073 0.499129 0.50033 0.499129 0.50033 0.499412 0.501073 0.499111 0.501122 0.499129 0.50033 0.499111 0.501122 0.498718 0.500318 0.498718 0.500318 0.499111 0.501122 0.498758 0.50114 0.498718 0.500318 0.498758 0.50114 0.498413 0.501127 0.498413 0.501127 0.498758 0.50114 0.498739 0.501724 0.498413 0.501127 0.498739 0.501724 0.498395 0.501698 0.498395 0.501698 0.498739 0.501724 0.498712 0.502157 0.498395 0.501698 0.498712 0.502157 0.498367 0.502121 0.536582 0.519315 0.536887 0.519153 0.536653 0.519466 0.536582 0.519315 0.536653 0.519466 0.536414 0.519637 0.459284 0.50038 0.458942 0.500415 0.451646 0.42594 0.499467 0.425996 0.499467 0.500359 0.499129 0.50033 0.499467 0.425996 0.499129 0.50033 0.499129 0.425968 0.499129 0.425968 0.499129 0.50033 0.498718 0.500318 0.499129 0.425968 0.498718 0.500318 0.498718 0.425956 0.451646 0.42594 0.451857 0.425918 0.459284 0.50038 0.459284 0.50038 0.451857 0.425918 0.451988 0.425905 0.459284 0.50038 0.451988 0.425905 0.459695 0.50034 0.459695 0.50034 0.451988 0.425905 0.452119 0.425892 0.459695 0.50034 0.452119 0.425892 0.452399 0.425865 0.451857 0.425918 0.451858 0.42585 0.451988 0.425905 0.451988 0.425905 0.451858 0.42585 0.452119 0.425892 0.452413 0.425449 0.452399 0.425865 0.452119 0.425892 0.491235 0.530569 0.491252 0.530223 0.491393 0.530187 0.452289 0.425144 0.45243 0.425097 0.452413 0.425449 0.452289 0.425144 0.452413 0.425449 0.45216 0.425508 0.45216 0.425508 0.452413 0.425449 0.452119 0.425892 0.45216 0.425508 0.452119 0.425892 0.451876 0.42563 0.451876 0.42563 0.452119 0.425892 0.451858 0.42585 0.451876 0.42563 0.451901 0.425488 0.45216 0.425508 0.45216 0.425508 0.451901 0.425488 0.451998 0.425185 0.45216 0.425508 0.451998 0.425185 0.452289 0.425144 0.452289 0.425144 0.451998 0.425185 0.452034 0.425111 0.491393 0.530187 0.491651 0.530303 0.491235 0.530569 0.491235 0.530569 0.491651 0.530303 0.491473 0.530575 0.491235 0.530569 0.491473 0.530575 0.491232 0.530982 0.520051 0.541608 0.519947 0.541208 0.520053 0.541228 0.520053 0.541228 0.519947 0.541208 0.519864 0.540843 0.520053 0.541228 0.519864 0.540843 0.520062 0.540813 0.482796 0.53109 0.482793 0.530893 0.483125 0.530821 0.482796 0.53109 0.483125 0.530821 0.483165 0.531078 0.483165 0.531078 0.483125 0.530821 0.483534 0.530792 0.483165 0.531078 0.483534 0.530792 0.483534 0.531072 0.445717 0.430755 0.443273 0.431068 0.443241 0.430924 0.450483 0.430139 0.446912 0.430601 0.450427 0.429957 0.450427 0.429957 0.446912 0.430601 0.446875 0.430457 0.491007 0.546824 0.487429 0.547449 0.490964 0.546639 0.490964 0.546639 0.487429 0.547449 0.487366 0.547107 0.490964 0.546639 0.487366 0.547107 0.490908 0.546376 0.490908 0.546376 0.487366 0.547107 0.487308 0.546729 0.490908 0.546376 0.487308 0.546729 0.490862 0.546134 0.490862 0.546134 0.487308 0.546729 0.487284 0.546714 0.483684 0.547132 0.487284 0.546714 0.483686 0.54715 0.483686 0.54715 0.487284 0.546714 0.487308 0.546729 0.483686 0.54715 0.487308 0.546729 0.483726 0.54753 0.483726 0.54753 0.487308 0.546729 0.487366 0.547107 0.483726 0.54753 0.487366 0.547107 0.483774 0.547873 0.483774 0.547873 0.487366 0.547107 0.487429 0.547449 0.483774 0.547873 0.487429 0.547449 0.486256 0.54774 0.445717 0.430755 0.446875 0.430457 0.446912 0.430601 0.491217 0.546278 0.491501 0.546057 0.491764 0.546229 0.491376 0.546497 0.490964 0.546639 0.490908 0.546376 0.483779 0.425462 0.483771 0.425645 0.483719 0.425625 0.483779 0.425462 0.483719 0.425625 0.483274 0.425338 0.501897 0.500077 0.50205 0.500352 0.501897 0.500465 0.450937 0.429955 0.451065 0.430171 0.450483 0.430139 0.491519 0.546688 0.491054 0.547 0.491007 0.546824 0.483794 0.425297 0.48332 0.425216 0.483817 0.425156 0.492197 0.545881 0.491984 0.54637 0.491764 0.546229 0.492197 0.545881 0.491764 0.546229 0.492054 0.54584 0.492054 0.54584 0.491764 0.546229 0.491708 0.545743 0.491708 0.545743 0.491764 0.546229 0.491501 0.546057 0.491708 0.545743 0.491501 0.546057 0.49128 0.545781 0.49128 0.545781 0.491501 0.546057 0.491217 0.546278 0.49128 0.545781 0.491217 0.546278 0.491077 0.546036 0.483771 0.425645 0.483779 0.425462 0.484052 0.425752 0.484052 0.425752 0.483779 0.425462 0.484323 0.42564 0.484052 0.425752 0.484323 0.42564 0.484324 0.425865 0.483719 0.425625 0.48324 0.425477 0.483274 0.425338 0.483274 0.425338 0.48324 0.425477 0.483018 0.425425 0.492071 0.546424 0.491906 0.546674 0.491764 0.54655 0.501978 0.500729 0.502096 0.500465 0.502096 0.500943 0.491764 0.54655 0.491519 0.546688 0.491376 0.546497 0.491376 0.546497 0.491519 0.546688 0.491007 0.546824 0.491376 0.546497 0.491007 0.546824 0.490964 0.546639 0.48432 0.425472 0.483794 0.425297 0.484312 0.425245 0.484312 0.425245 0.483794 0.425297 0.483817 0.425156 0.484312 0.425245 0.483817 0.425156 0.484303 0.425097 0.492209 0.545393 0.492197 0.545881 0.492054 0.54584 0.492209 0.545393 0.492054 0.54584 0.491776 0.54539 0.491776 0.54539 0.492054 0.54584 0.491708 0.545743 0.491776 0.54539 0.491708 0.545743 0.491367 0.545393 0.491367 0.545393 0.491708 0.545743 0.49128 0.545781 0.490862 0.546134 0.491077 0.546036 0.490908 0.546376 0.490908 0.546376 0.491077 0.546036 0.491217 0.546278 0.490908 0.546376 0.491217 0.546278 0.491376 0.546497 0.491376 0.546497 0.491217 0.546278 0.491764 0.546229 0.491376 0.546497 0.491764 0.546229 0.491764 0.54655 0.491764 0.54655 0.491764 0.546229 0.491984 0.54637 0.491764 0.54655 0.491984 0.54637 0.492071 0.546424 0.483274 0.425338 0.48332 0.425216 0.483794 0.425297 0.483274 0.425338 0.483794 0.425297 0.483779 0.425462 0.483779 0.425462 0.483794 0.425297 0.48432 0.425472 0.483779 0.425462 0.48432 0.425472 0.484323 0.42564 0.498718 0.425956 0.484324 0.425865 0.498718 0.425823 0.498718 0.425823 0.484324 0.425865 0.484323 0.42564 0.498718 0.425823 0.484323 0.42564 0.498714 0.425563 0.491367 0.545393 0.491232 0.530982 0.491776 0.54539 0.491776 0.54539 0.491232 0.530982 0.491642 0.530979 0.491776 0.54539 0.491642 0.530979 0.492209 0.545393 0.492209 0.545393 0.491642 0.530979 0.491671 0.530979 0.492209 0.545393 0.491671 0.530979 0.491994 0.530981 0.491994 0.530981 0.49207 0.530982 0.492209 0.545393 0.492209 0.545393 0.49207 0.530982 0.492074 0.530982 0.484303 0.425097 0.498698 0.425188 0.484312 0.425245 0.484312 0.425245 0.498698 0.425188 0.498714 0.425563 0.484312 0.425245 0.498714 0.425563 0.48432 0.425472 0.48432 0.425472 0.498714 0.425563 0.484323 0.42564 0.439206 0.498678 0.439083 0.498151 0.4419 0.497804 0.44242 0.500877 0.439827 0.501385 0.439527 0.500069 0.442853 0.503549 0.440347 0.50371 0.440101 0.502602 0.450471 0.497468 0.450486 0.498811 0.44777 0.498658 0.44777 0.498658 0.450486 0.498811 0.450495 0.500083 0.447658 0.497079 0.450462 0.496718 0.450471 0.497468 0.450471 0.497468 0.44777 0.498658 0.447658 0.497079 0.447658 0.497079 0.44777 0.498658 0.444973 0.499028 0.447658 0.497079 0.444973 0.499028 0.444782 0.497444 0.444782 0.497444 0.444973 0.499028 0.442167 0.499364 0.444782 0.497444 0.442167 0.499364 0.4419 0.497804 0.450499 0.502431 0.44804 0.502896 0.447964 0.50161 0.447964 0.50161 0.44804 0.502896 0.445455 0.503276 0.447964 0.50161 0.445455 0.503276 0.445314 0.501988 0.445314 0.501988 0.445455 0.503276 0.442853 0.503549 0.445314 0.501988 0.442853 0.503549 0.44265 0.50228 0.44265 0.50228 0.442853 0.503549 0.440101 0.502602 0.44265 0.50228 0.440101 0.502602 0.439827 0.501385 0.439827 0.501385 0.44242 0.500877 0.44265 0.50228 0.44265 0.50228 0.44242 0.500877 0.445153 0.500564 0.44265 0.50228 0.445153 0.500564 0.445314 0.501988 0.445314 0.501988 0.445153 0.500564 0.447874 0.50019 0.445314 0.501988 0.447874 0.50019 0.447964 0.50161 0.447964 0.50161 0.447874 0.50019 0.4505 0.501269 0.447964 0.50161 0.4505 0.501269 0.450499 0.502431 0.439206 0.498678 0.4419 0.497804 0.439527 0.500069 0.439527 0.500069 0.4419 0.497804 0.442167 0.499364 0.439527 0.500069 0.442167 0.499364 0.44242 0.500877 0.44242 0.500877 0.442167 0.499364 0.444973 0.499028 0.44242 0.500877 0.444973 0.499028 0.445153 0.500564 0.445153 0.500564 0.444973 0.499028 0.44777 0.498658 0.445153 0.500564 0.44777 0.498658 0.447874 0.50019 0.447874 0.50019 0.44777 0.498658 0.450495 0.500083 0.447874 0.50019 0.450495 0.500083 0.4505 0.501269 0.44804 0.502896 0.450499 0.502431 0.45045 0.504569 0.539943 0.527787 0.536915 0.531008 0.539699 0.527258 0.44192 0.50788 0.440347 0.50371 0.442853 0.503549 0.44192 0.50788 0.442853 0.503549 0.443995 0.507881 0.443995 0.507881 0.442853 0.503549 0.445455 0.503276 0.443995 0.507881 0.445455 0.503276 0.446144 0.50769 0.446144 0.50769 0.445455 0.503276 0.44804 0.502896 0.446144 0.50769 0.44804 0.502896 0.44828 0.507299 0.44828 0.507299 0.44804 0.502896 0.45045 0.504569 0.44828 0.507299 0.45045 0.504569 0.450402 0.506706 0.536209 0.425097 0.5364 0.426916 0.523455 0.425223 0.523455 0.425223 0.5364 0.426916 0.52319 0.427046 0.537182 0.426771 0.53725 0.427313 0.536523 0.427535 0.536523 0.427535 0.536455 0.427204 0.537182 0.426771 0.501807 0.501213 0.501528 0.500594 0.501807 0.500379 0.501528 0.500642 0.501134 0.501333 0.501134 0.500379 0.536523 0.427535 0.541753 0.467815 0.523059 0.427667 0.523059 0.427667 0.541753 0.467815 0.518193 0.468046 0.48698 0.446153 0.487519 0.446721 0.4865 0.447052 0.4865 0.447052 0.487519 0.446721 0.487189 0.447342 0.541753 0.467815 0.54248 0.467593 0.541819 0.46816 0.541819 0.46816 0.54248 0.467593 0.542547 0.468099 0.487129 0.447702 0.486414 0.447573 0.487189 0.447342 0.487189 0.447342 0.486414 0.447573 0.486499 0.447058 0.487189 0.447342 0.486499 0.447058 0.4865 0.447052 0.545689 0.551933 0.545671 0.551933 0.54552 0.527998 0.54552 0.527998 0.545671 0.551933 0.545404 0.551921 0.54552 0.527998 0.545404 0.551921 0.544845 0.527985 0.544845 0.527985 0.545404 0.551921 0.544895 0.55184 0.544845 0.527985 0.544895 0.55184 0.544546 0.527968 0.544546 0.527968 0.544895 0.55184 0.544464 0.551678 0.542448 0.471651 0.517777 0.471651 0.542393 0.47141 0.490742 0.443046 0.490705 0.44387 0.490027 0.444016 0.489465 0.444443 0.488927 0.443875 0.489722 0.444199 0.489722 0.444199 0.488927 0.443875 0.489303 0.443522 0.489722 0.444199 0.489303 0.443522 0.490027 0.444016 0.490027 0.444016 0.489303 0.443522 0.489749 0.443258 0.490027 0.444016 0.489749 0.443258 0.490742 0.443046 0.450402 0.506706 0.45045 0.504569 0.450418 0.506702 0.450418 0.506702 0.45045 0.504569 0.450929 0.504434 0.450418 0.506702 0.450929 0.504434 0.450912 0.506502 0.497998 0.501689 0.496048 0.499581 0.49635 0.499282 0.497998 0.501689 0.49635 0.499282 0.498202 0.501302 0.498202 0.501302 0.49635 0.499282 0.496756 0.498898 0.498202 0.501302 0.496756 0.498898 0.498465 0.5008 0.494553 0.496918 0.495133 0.496385 0.496925 0.498352 0.498718 0.500318 0.498465 0.5008 0.496925 0.498352 0.496925 0.498352 0.498465 0.5008 0.496756 0.498898 0.496925 0.498352 0.496756 0.498898 0.494553 0.496918 0.494553 0.496918 0.496756 0.498898 0.49635 0.499282 0.494553 0.496918 0.49635 0.499282 0.494332 0.497129 0.494332 0.497129 0.49635 0.499282 0.496048 0.499581 0.494332 0.497129 0.496048 0.499581 0.494096 0.497362 0.451044 0.502266 0.450929 0.504434 0.45045 0.504569 0.451044 0.502266 0.45045 0.504569 0.450499 0.502431 0.493429 0.493727 0.493983 0.494821 0.493514 0.4951 0.450471 0.497468 0.450462 0.496718 0.451003 0.496683 0.450471 0.497468 0.451003 0.496683 0.450486 0.498811 0.450928 0.501469 0.4505 0.501269 0.450495 0.500083 0.451044 0.502266 0.450499 0.502431 0.4505 0.501269 0.493983 0.494821 0.494619 0.495767 0.49408 0.495957 0.49317 0.493052 0.493429 0.493727 0.493037 0.494187 0.49221 0.491537 0.492773 0.491442 0.49317 0.493052 0.450964 0.49853 0.451428 0.496619 0.451418 0.498401 0.492151 0.493427 0.49171 0.491642 0.49221 0.491537 0.492151 0.493427 0.49221 0.491537 0.492656 0.493231 0.492656 0.493231 0.49221 0.491537 0.49317 0.493052 0.493429 0.493727 0.493514 0.4951 0.493037 0.494187 0.493037 0.494187 0.493514 0.4951 0.493053 0.49539 0.493037 0.494187 0.493053 0.49539 0.492552 0.494431 0.492552 0.494431 0.493053 0.49539 0.492704 0.495629 0.492552 0.494431 0.492704 0.495629 0.492185 0.494636 0.4505 0.501269 0.450928 0.501469 0.451044 0.502266 0.494096 0.497362 0.493319 0.496562 0.493648 0.496292 0.494096 0.497362 0.493648 0.496292 0.494332 0.497129 0.494332 0.497129 0.493648 0.496292 0.49408 0.495957 0.494332 0.497129 0.49408 0.495957 0.494553 0.496918 0.494553 0.496918 0.49408 0.495957 0.494619 0.495767 0.494553 0.496918 0.494619 0.495767 0.495133 0.496385 0.49317 0.493052 0.493037 0.494187 0.492656 0.493231 0.492656 0.493231 0.493037 0.494187 0.492552 0.494431 0.492656 0.493231 0.492552 0.494431 0.492151 0.493427 0.451418 0.498401 0.451409 0.4994 0.450954 0.499565 0.451418 0.498401 0.450954 0.499565 0.450964 0.49853 0.493983 0.494821 0.49408 0.495957 0.493514 0.4951 0.493514 0.4951 0.49408 0.495957 0.493648 0.496292 0.493514 0.4951 0.493648 0.496292 0.493053 0.49539 0.493053 0.49539 0.493648 0.496292 0.493319 0.496562 0.493053 0.49539 0.493319 0.496562 0.492704 0.495629 0.450942 0.500549 0.450928 0.501469 0.450495 0.500083 0.450942 0.500549 0.450495 0.500083 0.450954 0.499565 0.450954 0.499565 0.450495 0.500083 0.450486 0.498811 0.450954 0.499565 0.450486 0.498811 0.450964 0.49853 0.450964 0.49853 0.450486 0.498811 0.451003 0.496683 0.450964 0.49853 0.451003 0.496683 0.451428 0.496619 0.451003 0.496683 0.450462 0.496718 0.450538 0.478869 0.450538 0.478869 0.451084 0.465466 0.451003 0.496683 0.451003 0.496683 0.451084 0.465466 0.451538 0.465398 0.451003 0.496683 0.451538 0.465398 0.451428 0.496619 0.49171 0.491642 0.486728 0.460466 0.487254 0.460355 0.49171 0.491642 0.487254 0.460355 0.49221 0.491537 0.49221 0.491537 0.487254 0.460355 0.487651 0.45939 0.49221 0.491537 0.487651 0.45939 0.492773 0.491442 0.450592 0.465496 0.450712 0.433898 0.451141 0.449334 0.451141 0.449334 0.450712 0.433898 0.451079 0.433877 0.451141 0.449334 0.451079 0.433877 0.451594 0.449266 0.451594 0.449266 0.451079 0.433877 0.451594 0.43381 0.484156 0.444356 0.481626 0.428927 0.484683 0.444246 0.484683 0.444246 0.481626 0.428927 0.482182 0.428807 0.484683 0.444246 0.482182 0.428807 0.482753 0.42871 0.482753 0.42871 0.487651 0.45939 0.484683 0.444246 0.484683 0.444246 0.487651 0.45939 0.487254 0.460355 0.484683 0.444246 0.487254 0.460355 0.484156 0.444356 0.484156 0.444356 0.487254 0.460355 0.486728 0.460466 0.451594 0.449266 0.451538 0.465398 0.451141 0.449334 0.451141 0.449334 0.451538 0.465398 0.451084 0.465466 0.451141 0.449334 0.451084 0.465466 0.450592 0.465496 0.450592 0.465496 0.451084 0.465466 0.450538 0.478869 0.482865 0.427281 0.483083 0.427448 0.482787 0.428044 0.450608 0.432324 0.45054 0.431674 0.451068 0.431686 0.450712 0.433898 0.450668 0.43308 0.451079 0.432757 0.451079 0.432757 0.450668 0.43308 0.450643 0.432735 0.451079 0.432757 0.450643 0.432735 0.45064 0.432702 0.450712 0.433898 0.451079 0.432757 0.451079 0.433877 0.451079 0.433877 0.451079 0.432757 0.451594 0.432823 0.451079 0.433877 0.451594 0.432823 0.451594 0.43381 0.481626 0.428927 0.481649 0.427946 0.482201 0.428021 0.481626 0.428927 0.482201 0.428021 0.482182 0.428807 0.482182 0.428807 0.482201 0.428021 0.482787 0.428044 0.482182 0.428807 0.482787 0.428044 0.482753 0.42871 0.45054 0.431674 0.450501 0.431364 0.451068 0.431686 0.451068 0.431686 0.450501 0.431364 0.451075 0.431447 0.451068 0.431686 0.451075 0.431447 0.451585 0.431878 0.451585 0.431878 0.451075 0.431447 0.451586 0.431669 0.48203 0.427018 0.482182 0.426814 0.482507 0.427274 0.482507 0.427274 0.482182 0.426814 0.482628 0.427109 0.45064 0.432702 0.450608 0.432324 0.451079 0.432757 0.451079 0.432757 0.450608 0.432324 0.451068 0.431686 0.451079 0.432757 0.451068 0.431686 0.451594 0.432823 0.451594 0.432823 0.451068 0.431686 0.451585 0.431878 0.481649 0.427946 0.48203 0.427018 0.482201 0.428021 0.482201 0.428021 0.48203 0.427018 0.482507 0.427274 0.482201 0.428021 0.482507 0.427274 0.482787 0.428044 0.482787 0.428044 0.482507 0.427274 0.482628 0.427109 0.482787 0.428044 0.482628 0.427109 0.482865 0.427281 0.484324 0.425865 0.483704 0.426656 0.483485 0.42649 0.484324 0.425865 0.483485 0.42649 0.484052 0.425752 0.484052 0.425752 0.483485 0.42649 0.483248 0.426318 0.484052 0.425752 0.483248 0.426318 0.483771 0.425645 0.451065 0.430171 0.451335 0.430221 0.451571 0.430855 0.482803 0.426023 0.483018 0.425425 0.48324 0.425477 0.482803 0.426023 0.48324 0.425477 0.483248 0.426318 0.483248 0.426318 0.48324 0.425477 0.483719 0.425625 0.483248 0.426318 0.483719 0.425625 0.483771 0.425645 0.451571 0.430855 0.451061 0.430633 0.451065 0.430171 0.451065 0.430171 0.451061 0.430633 0.450492 0.430751 0.451065 0.430171 0.450492 0.430751 0.450483 0.430139 0.450501 0.431364 0.450492 0.430751 0.451075 0.431447 0.451075 0.431447 0.450492 0.430751 0.451061 0.430633 0.451075 0.431447 0.451061 0.430633 0.451586 0.431669 0.451586 0.431669 0.451061 0.430633 0.451571 0.430855 0.482182 0.426814 0.482803 0.426023 0.482628 0.427109 0.482628 0.427109 0.482803 0.426023 0.483248 0.426318 0.482628 0.427109 0.483248 0.426318 0.482865 0.427281 0.482865 0.427281 0.483248 0.426318 0.483485 0.42649 0.482865 0.427281 0.483485 0.42649 0.483083 0.427448 0.483083 0.427448 0.483485 0.42649 0.483704 0.426656 0.536523 0.427535 0.53725 0.427313 0.541753 0.467815 0.541753 0.467815 0.53725 0.427313 0.54248 0.467593 0.495563 0.49095 0.49505 0.491362 0.493892 0.489116 0.493892 0.489116 0.49505 0.491362 0.493379 0.489528 0.497309 0.490493 0.497251 0.490877 0.496507 0.490573 0.523175 0.472474 0.522483 0.472014 0.523201 0.472387 0.4965 0.490663 0.497251 0.490877 0.496472 0.490768 0.496472 0.490768 0.497251 0.490877 0.497079 0.491231 0.52323 0.472286 0.522524 0.471655 0.523268 0.472154 0.496402 0.490903 0.497079 0.491231 0.496345 0.490972 0.496345 0.490972 0.497079 0.491231 0.496812 0.491516 0.496345 0.490972 0.496812 0.491516 0.496206 0.491075 0.480153 0.502463 0.480498 0.50247 0.480697 0.503284 0.480697 0.503284 0.480498 0.50247 0.480881 0.502473 0.480697 0.503284 0.480881 0.502473 0.480945 0.503296 0.480945 0.503296 0.480881 0.502473 0.481269 0.50247 0.480945 0.503296 0.481269 0.50247 0.481165 0.503285 0.481269 0.50247 0.481626 0.502463 0.481165 0.503285 0.495739 0.491085 0.495342 0.491602 0.49505 0.491362 0.495739 0.491085 0.49505 0.491362 0.495563 0.49095 0.496507 0.445125 0.497309 0.445045 0.496507 0.490573 0.496507 0.490573 0.497309 0.445045 0.497309 0.490493 0.49532 0.443899 0.495358 0.443075 0.495634 0.443944 0.495634 0.443944 0.495358 0.443075 0.496098 0.443227 0.495634 0.443944 0.496098 0.443227 0.495813 0.444011 0.495813 0.444011 0.496098 0.443227 0.496736 0.443655 0.495813 0.444011 0.496736 0.443655 0.496164 0.444264 0.496164 0.444264 0.496736 0.443655 0.497162 0.4443 0.496164 0.444264 0.497162 0.4443 0.496423 0.444669 0.496423 0.444669 0.497162 0.4443 0.497309 0.445045 0.496423 0.444669 0.497309 0.445045 0.496507 0.445125 0.490705 0.44387 0.490742 0.443046 0.49532 0.443899 0.49532 0.443899 0.490742 0.443046 0.495358 0.443075 0.54552 0.527998 0.550141 0.527998 0.545689 0.551933 0.545689 0.551933 0.550141 0.527998 0.550311 0.551933 0.561204 0.45326 0.55752 0.453324 0.558214 0.452466 0.561204 0.45326 0.558214 0.452466 0.561176 0.452076 0.558254 0.458682 0.555452 0.459264 0.557918 0.457984 0.557918 0.457984 0.555452 0.459264 0.555445 0.458106 0.557918 0.457984 0.555445 0.458106 0.557495 0.457378 0.558254 0.458682 0.558439 0.458937 0.555452 0.459264 0.555452 0.459264 0.558439 0.458937 0.558842 0.459202 0.555452 0.459264 0.558842 0.459202 0.558965 0.459278 0.430974 0.530924 0.431942 0.530212 0.431149 0.531655 0.431149 0.531655 0.431942 0.530212 0.431634 0.531915 0.430974 0.530924 0.430726 0.530245 0.431942 0.530212 0.431942 0.530212 0.430726 0.530245 0.430605 0.529981 0.555408 0.456557 0.556764 0.456565 0.555445 0.458106 0.555445 0.458106 0.556764 0.456565 0.557024 0.456851 0.555445 0.458106 0.557024 0.456851 0.557495 0.457378 0.551545 0.463237 0.552033 0.463015 0.553336 0.462731 0.431634 0.531915 0.431347 0.533221 0.431314 0.532689 0.431314 0.532689 0.431238 0.532165 0.431634 0.531915 0.431634 0.531915 0.431238 0.532165 0.431194 0.531908 0.431634 0.531915 0.431194 0.531908 0.431149 0.531655 0.430616 0.535297 0.430764 0.535071 0.431069 0.535374 0.431069 0.535374 0.430764 0.535071 0.430879 0.534881 0.431069 0.535374 0.430879 0.534881 0.430989 0.53468 0.430989 0.53468 0.431091 0.534465 0.431069 0.535374 0.431069 0.535374 0.431091 0.534465 0.431181 0.534238 0.55013 0.464446 0.551091 0.463519 0.551545 0.463237 0.431323 0.533748 0.431181 0.534238 0.431308 0.533746 0.431323 0.533748 0.431308 0.533746 0.431347 0.533221 0.559878 0.45021 0.560063 0.449936 0.561171 0.450274 0.561171 0.450274 0.560063 0.449936 0.560504 0.449251 0.561171 0.450274 0.560504 0.449251 0.561212 0.448832 0.561212 0.448832 0.560504 0.449251 0.560684 0.448955 0.431069 0.535374 0.430534 0.535418 0.430616 0.535297 0.558214 0.452466 0.558422 0.452201 0.561176 0.452076 0.561176 0.452076 0.558422 0.452201 0.558861 0.451626 0.561176 0.452076 0.558861 0.451626 0.559097 0.45131 0.559097 0.45131 0.559286 0.45105 0.561176 0.452076 0.561176 0.452076 0.559286 0.45105 0.559696 0.450474 0.561176 0.452076 0.559696 0.450474 0.561171 0.450274 0.561171 0.450274 0.559696 0.450474 0.559818 0.450298 0.561171 0.450274 0.559818 0.450298 0.559878 0.45021 0.555452 0.459264 0.558965 0.459278 0.555445 0.460453 0.555445 0.460453 0.558965 0.459278 0.559274 0.459495 0.55752 0.453324 0.561204 0.45326 0.557057 0.453873 0.557057 0.453873 0.561204 0.45326 0.561247 0.454367 0.557057 0.453873 0.561247 0.454367 0.556599 0.454397 0.556599 0.454397 0.561247 0.454367 0.556556 0.454445 0.556556 0.454445 0.561247 0.454367 0.555721 0.455345 0.555721 0.455345 0.561247 0.454367 0.561341 0.455755 0.555721 0.455345 0.561341 0.455755 0.555408 0.455755 0.457819 0.557011 0.457739 0.557688 0.451626 0.556519 0.451626 0.556519 0.457739 0.557688 0.457734 0.55771 0.451626 0.556519 0.457734 0.55771 0.451594 0.558092 0.451594 0.558092 0.457734 0.55771 0.457588 0.558109 0.451594 0.558092 0.457588 0.558109 0.457521 0.558226 0.451638 0.554674 0.457781 0.554679 0.451626 0.556519 0.451626 0.556519 0.457781 0.554679 0.457795 0.555799 0.457795 0.555799 0.45781 0.556281 0.451626 0.556519 0.451626 0.556519 0.45781 0.556281 0.457819 0.556534 0.451626 0.556519 0.457819 0.556534 0.457819 0.557011 0.457816 0.552413 0.457819 0.55291 0.451626 0.552895 0.451626 0.552895 0.457819 0.55291 0.45781 0.553144 0.451626 0.552895 0.45781 0.553144 0.451638 0.554674 0.451638 0.554674 0.45781 0.553144 0.457781 0.55443 0.451638 0.554674 0.457781 0.55443 0.457781 0.554679 0.561341 0.462054 0.561399 0.462194 0.555408 0.462172 0.555408 0.462172 0.561399 0.462194 0.561501 0.462528 0.451594 0.55151 0.457711 0.551785 0.451626 0.552895 0.451626 0.552895 0.457711 0.551785 0.457814 0.552375 0.451626 0.552895 0.457814 0.552375 0.457816 0.552413 0.559274 0.459495 0.559521 0.45973 0.555445 0.460453 0.555445 0.460453 0.559521 0.45973 0.560282 0.460638 0.555445 0.460453 0.560282 0.460638 0.555408 0.462172 0.555408 0.462172 0.560282 0.460638 0.56101 0.461523 0.555408 0.462172 0.56101 0.461523 0.561341 0.462054 0.437981 0.426379 0.438047 0.426165 0.438754 0.426482 0.438164 0.425914 0.43891 0.426258 0.438149 0.425941 0.438149 0.425941 0.43891 0.426258 0.438103 0.426032 0.430838 0.530946 0.430974 0.530924 0.431006 0.531671 0.431006 0.531671 0.430974 0.530924 0.431149 0.531655 0.430838 0.530946 0.431006 0.531671 0.430713 0.530953 0.430713 0.530953 0.431006 0.531671 0.4309 0.531676 0.430713 0.530953 0.4309 0.531676 0.430606 0.530945 0.430606 0.530945 0.4309 0.531676 0.430802 0.531676 0.438615 0.426844 0.437949 0.426591 0.438643 0.426731 0.430297 0.529652 0.430418 0.52963 0.430598 0.530269 0.430598 0.530269 0.430418 0.52963 0.430605 0.529981 0.430598 0.530269 0.430605 0.529981 0.430726 0.530245 0.440137 0.427232 0.440604 0.427821 0.440493 0.427879 0.43891 0.426258 0.439539 0.426679 0.439386 0.426898 0.439386 0.426898 0.439539 0.426679 0.440137 0.427232 0.439386 0.426898 0.440137 0.427232 0.439933 0.427394 0.439933 0.427394 0.440137 0.427232 0.440493 0.427879 0.557137 0.45679 0.556709 0.456322 0.557243 0.456712 0.557243 0.456712 0.556709 0.456322 0.556822 0.456246 0.557243 0.456712 0.556822 0.456246 0.557338 0.456621 0.557338 0.456621 0.556822 0.456246 0.556922 0.456151 0.557338 0.456621 0.556922 0.456151 0.557415 0.456522 0.557415 0.456522 0.556922 0.456151 0.557001 0.456045 0.439778 0.427593 0.43925 0.427123 0.439933 0.427394 0.439933 0.427394 0.43925 0.427123 0.439309 0.427011 0.439933 0.427394 0.439309 0.427011 0.439386 0.426898 0.437949 0.426591 0.437968 0.426434 0.438643 0.426731 0.438643 0.426731 0.437968 0.426434 0.437981 0.426379 0.438643 0.426731 0.437981 0.426379 0.43869 0.426608 0.43869 0.426608 0.437981 0.426379 0.438754 0.426482 0.557495 0.457378 0.557024 0.456851 0.5576 0.457312 0.5576 0.457312 0.557024 0.456851 0.557137 0.45679 0.5576 0.457312 0.557137 0.45679 0.557705 0.45723 0.557705 0.45723 0.557137 0.45679 0.557243 0.456712 0.557705 0.45723 0.557243 0.456712 0.557791 0.457147 0.557791 0.457147 0.557243 0.456712 0.557338 0.456621 0.557791 0.457147 0.557338 0.456621 0.557866 0.457058 0.557866 0.457058 0.557338 0.456621 0.557415 0.456522 0.440221 0.428125 0.439778 0.427593 0.440296 0.428036 0.440296 0.428036 0.439778 0.427593 0.439933 0.427394 0.440296 0.428036 0.439933 0.427394 0.440397 0.427946 0.440397 0.427946 0.439933 0.427394 0.440493 0.427879 0.430726 0.530245 0.430974 0.530924 0.430598 0.530269 0.430598 0.530269 0.430974 0.530924 0.430838 0.530946 0.430598 0.530269 0.430838 0.530946 0.43048 0.530273 0.43048 0.530273 0.430838 0.530946 0.430713 0.530953 0.556822 0.456246 0.556449 0.455851 0.556922 0.456151 0.556922 0.456151 0.556449 0.455851 0.556553 0.455755 0.439212 0.42723 0.438615 0.426844 0.43925 0.427123 0.43925 0.427123 0.438615 0.426844 0.438643 0.426731 0.43925 0.427123 0.438643 0.426731 0.439309 0.427011 0.439309 0.427011 0.438643 0.426731 0.43869 0.426608 0.439309 0.427011 0.43869 0.426608 0.439386 0.426898 0.439386 0.426898 0.43869 0.426608 0.438754 0.426482 0.439386 0.426898 0.438754 0.426482 0.43891 0.426258 0.43891 0.426258 0.438754 0.426482 0.438047 0.426165 0.43891 0.426258 0.438047 0.426165 0.438103 0.426032 0.458063 0.556289 0.45781 0.556281 0.457795 0.555799 0.436773 0.435403 0.437468 0.435329 0.437497 0.435475 0.438254 0.435465 0.438321 0.435652 0.437389 0.435884 0.438895 0.435143 0.439005 0.435348 0.438321 0.435652 0.438321 0.435652 0.438254 0.435465 0.438895 0.435143 0.438895 0.435143 0.438254 0.435465 0.438192 0.435289 0.438895 0.435143 0.438192 0.435289 0.438798 0.434957 0.438798 0.434957 0.438192 0.435289 0.438143 0.435148 0.438798 0.434957 0.438143 0.435148 0.438758 0.434875 0.45781 0.553144 0.458039 0.553131 0.457781 0.55443 0.457781 0.55443 0.458039 0.553131 0.45792 0.554429 0.457781 0.55443 0.45792 0.554429 0.457781 0.554679 0.436773 0.435403 0.437497 0.435475 0.436781 0.435552 0.436781 0.435552 0.437497 0.435475 0.437533 0.435659 0.436781 0.435552 0.437533 0.435659 0.436789 0.435739 0.457781 0.554679 0.45792 0.554429 0.457795 0.555799 0.457795 0.555799 0.45792 0.554429 0.457933 0.555799 0.457795 0.555799 0.457933 0.555799 0.458063 0.556289 0.458063 0.556289 0.457933 0.555799 0.458117 0.555809 0.458063 0.556289 0.458117 0.555809 0.458227 0.556319 0.43557 0.435362 0.436078 0.435368 0.436066 0.435516 0.43557 0.435362 0.436066 0.435516 0.435561 0.435408 0.435561 0.435408 0.436066 0.435516 0.435527 0.435567 0.435527 0.435567 0.436066 0.435516 0.436046 0.435701 0.435527 0.435567 0.436046 0.435701 0.435507 0.435653 0.45792 0.554429 0.458104 0.554418 0.457933 0.555799 0.43608 0.435277 0.437468 0.435329 0.436773 0.435403 0.457933 0.555799 0.458105 0.555116 0.458117 0.555809 0.436078 0.435368 0.436773 0.435403 0.436781 0.435552 0.436078 0.435368 0.436781 0.435552 0.436066 0.435516 0.436066 0.435516 0.436781 0.435552 0.436789 0.435739 0.436066 0.435516 0.436789 0.435739 0.436046 0.435701 0.435471 0.435794 0.435507 0.435653 0.435773 0.435859 0.435773 0.435859 0.435507 0.435653 0.436046 0.435701 0.435773 0.435859 0.436046 0.435701 0.43602 0.435897 0.43602 0.435897 0.436046 0.435701 0.436789 0.435739 0.43602 0.435897 0.436789 0.435739 0.437389 0.435884 0.437389 0.435884 0.436789 0.435739 0.437533 0.435659 0.437389 0.435884 0.437533 0.435659 0.438254 0.435465 0.438254 0.435465 0.437533 0.435659 0.437497 0.435475 0.438254 0.435465 0.437497 0.435475 0.438192 0.435289 0.438192 0.435289 0.437497 0.435475 0.437468 0.435329 0.438192 0.435289 0.437468 0.435329 0.438143 0.435148 0.458113 0.553736 0.458104 0.554418 0.45792 0.554429 0.438143 0.435148 0.437449 0.435239 0.438758 0.434875 0.458132 0.553111 0.45792 0.554429 0.458039 0.553131 0.557656 0.548984 0.557566 0.54898 0.557653 0.548182 0.557653 0.548182 0.557566 0.54898 0.557481 0.548975 0.557832 0.548165 0.55775 0.548984 0.557656 0.548984 0.442466 0.441205 0.442298 0.440402 0.442656 0.441204 0.442873 0.441183 0.442656 0.441204 0.442479 0.44037 0.557623 0.546747 0.557741 0.547418 0.557535 0.54742 0.557535 0.54742 0.557741 0.547418 0.557653 0.548182 0.557535 0.54742 0.557653 0.548182 0.557429 0.548299 0.557429 0.548299 0.557653 0.548182 0.557481 0.548975 0.557429 0.548299 0.557481 0.548975 0.55735 0.548965 0.446016 0.558544 0.445788 0.558642 0.446158 0.558005 0.446158 0.558005 0.445788 0.558642 0.445952 0.557975 0.557623 0.546747 0.557827 0.546711 0.557741 0.547418 0.446016 0.558544 0.445983 0.558688 0.445788 0.558642 0.445788 0.558642 0.445983 0.558688 0.445834 0.559455 0.445788 0.558642 0.445834 0.559455 0.445642 0.559419 0.445642 0.559419 0.445834 0.559455 0.445717 0.56031 0.445642 0.559419 0.445717 0.56031 0.445527 0.560287 0.445527 0.560287 0.445717 0.56031 0.445641 0.561219 0.445527 0.560287 0.445641 0.561219 0.445454 0.561212 0.445454 0.561212 0.445641 0.561219 0.445618 0.562132 0.445454 0.561212 0.445618 0.562132 0.445431 0.562141 0.445431 0.562141 0.445618 0.562132 0.445651 0.562994 0.445431 0.562141 0.445651 0.562994 0.445464 0.563017 0.445464 0.563017 0.445651 0.562994 0.445736 0.56375 0.445464 0.563017 0.445736 0.56375 0.445547 0.563785 0.445547 0.563785 0.445736 0.56375 0.445862 0.564368 0.445547 0.563785 0.445862 0.564368 0.44567 0.564411 0.555575 0.441334 0.555767 0.441355 0.555816 0.442064 0.555575 0.441334 0.555816 0.442064 0.555619 0.442055 0.555619 0.442055 0.555816 0.442064 0.555829 0.442218 0.555619 0.442055 0.555829 0.442218 0.555683 0.442836 0.555829 0.442218 0.555886 0.442832 0.555683 0.442836 0.555683 0.442836 0.555886 0.442832 0.555969 0.443634 0.555683 0.442836 0.555969 0.443634 0.555762 0.443647 0.555762 0.443647 0.555969 0.443634 0.556061 0.444445 0.555762 0.443647 0.556061 0.444445 0.555849 0.444466 0.555849 0.444466 0.556061 0.444445 0.556157 0.445243 0.555849 0.444466 0.556157 0.445243 0.55594 0.445271 0.557656 0.548984 0.557653 0.548182 0.557832 0.548165 0.557832 0.548165 0.557653 0.548182 0.557741 0.547418 0.557832 0.548165 0.557741 0.547418 0.557916 0.54738 0.557916 0.54738 0.557741 0.547418 0.557827 0.546711 0.557916 0.54738 0.557827 0.546711 0.557998 0.546654 0.44578 0.557877 0.445952 0.557975 0.445788 0.558642 0.44578 0.557877 0.445788 0.558642 0.445618 0.558564 0.445618 0.558564 0.445788 0.558642 0.445642 0.559419 0.445618 0.558564 0.445642 0.559419 0.445474 0.559364 0.445474 0.559364 0.445642 0.559419 0.445527 0.560287 0.445474 0.559364 0.445527 0.560287 0.44536 0.560257 0.44536 0.560257 0.445527 0.560287 0.445454 0.561212 0.44536 0.560257 0.445454 0.561212 0.445287 0.561209 0.445287 0.561209 0.445454 0.561212 0.445431 0.562141 0.445287 0.561209 0.445431 0.562141 0.445265 0.562166 0.445265 0.562166 0.445431 0.562141 0.445464 0.563017 0.445265 0.562166 0.445464 0.563017 0.445298 0.563068 0.445298 0.563068 0.445464 0.563017 0.445547 0.563785 0.445298 0.563068 0.445547 0.563785 0.44538 0.563859 0.44538 0.563859 0.445547 0.563785 0.44567 0.564411 0.44538 0.563859 0.44567 0.564411 0.445503 0.564504 0.555408 0.44127 0.555575 0.441334 0.555619 0.442055 0.555408 0.44127 0.555619 0.442055 0.555448 0.442011 0.555448 0.442011 0.555619 0.442055 0.555683 0.442836 0.555448 0.442011 0.555683 0.442836 0.555508 0.442813 0.555508 0.442813 0.555683 0.442836 0.555762 0.443647 0.555508 0.442813 0.555762 0.443647 0.555582 0.443648 0.555582 0.443648 0.555762 0.443647 0.555849 0.444466 0.555582 0.443648 0.555849 0.444466 0.555665 0.444488 0.555665 0.444488 0.555849 0.444466 0.55594 0.445271 0.555665 0.444488 0.55594 0.445271 0.555752 0.445314 0.442656 0.441204 0.442298 0.440402 0.442479 0.44037 0.442479 0.44037 0.442298 0.440402 0.441983 0.439639 0.442479 0.44037 0.441983 0.439639 0.442149 0.439578 0.442149 0.439578 0.441983 0.439639 0.441525 0.438937 0.442149 0.439578 0.441525 0.438937 0.44167 0.43885 0.44167 0.43885 0.441525 0.438937 0.440926 0.43832 0.44167 0.43885 0.440926 0.43832 0.441046 0.438212 0.441046 0.438212 0.440926 0.43832 0.440195 0.437815 0.441046 0.438212 0.440195 0.437815 0.440286 0.43769 0.440286 0.43769 0.440195 0.437815 0.439348 0.437455 0.440286 0.43769 0.439348 0.437455 0.439406 0.437318 0.439406 0.437318 0.439348 0.437455 0.438415 0.437272 0.439406 0.437318 0.438415 0.437272 0.438437 0.437129 0.438437 0.437129 0.438415 0.437272 0.437446 0.437289 0.438437 0.437129 0.437446 0.437289 0.437431 0.437148 0.437431 0.437148 0.437446 0.437289 0.436501 0.437512 0.437431 0.437148 0.436501 0.437512 0.43645 0.437379 0.43645 0.437379 0.436501 0.437512 0.43564 0.437921 0.43645 0.437379 0.43564 0.437921 0.435555 0.437802 0.435555 0.437802 0.43564 0.437921 0.434903 0.438481 0.435555 0.437802 0.434903 0.438481 0.434789 0.438381 0.434789 0.438381 0.434903 0.438481 0.434315 0.439152 0.434789 0.438381 0.434315 0.439152 0.434176 0.439076 0.434176 0.439076 0.434315 0.439152 0.433881 0.439899 0.434176 0.439076 0.433881 0.439899 0.433723 0.439851 0.433723 0.439851 0.433881 0.439899 0.433603 0.440694 0.433723 0.439851 0.433603 0.440694 0.433432 0.440676 0.433432 0.440676 0.433603 0.440694 0.43348 0.441513 0.433432 0.440676 0.43348 0.441513 0.433301 0.441526 0.433301 0.441526 0.43348 0.441513 0.43351 0.442333 0.433301 0.441526 0.43351 0.442333 0.433329 0.442379 0.442873 0.441183 0.442479 0.44037 0.442684 0.440312 0.442684 0.440312 0.442479 0.44037 0.442149 0.439578 0.442684 0.440312 0.442149 0.439578 0.442336 0.439488 0.442336 0.439488 0.442149 0.439578 0.44167 0.43885 0.442336 0.439488 0.44167 0.43885 0.441832 0.438732 0.441832 0.438732 0.44167 0.43885 0.441046 0.438212 0.441832 0.438732 0.441046 0.438212 0.441179 0.43807 0.441179 0.43807 0.441046 0.438212 0.440286 0.43769 0.441179 0.43807 0.440286 0.43769 0.440384 0.437531 0.440384 0.437531 0.440286 0.43769 0.439406 0.437318 0.440384 0.437531 0.439406 0.437318 0.439466 0.437147 0.439466 0.437147 0.439406 0.437318 0.438437 0.437129 0.439466 0.437147 0.438437 0.437129 0.438457 0.436952 0.438457 0.436952 0.438437 0.437129 0.437431 0.437148 0.438457 0.436952 0.437431 0.437148 0.43741 0.436972 0.43741 0.436972 0.437431 0.437148 0.43645 0.437379 0.43741 0.436972 0.43645 0.437379 0.436389 0.437212 0.436389 0.437212 0.43645 0.437379 0.435555 0.437802 0.436389 0.437212 0.435555 0.437802 0.435456 0.437651 0.435456 0.437651 0.435555 0.437802 0.434789 0.438381 0.435456 0.437651 0.434789 0.438381 0.434657 0.438251 0.434657 0.438251 0.434789 0.438381 0.434176 0.439076 0.434657 0.438251 0.434176 0.439076 0.434015 0.438971 0.434015 0.438971 0.434176 0.439076 0.433723 0.439851 0.434015 0.438971 0.433723 0.439851 0.433539 0.439776 0.433539 0.439776 0.433723 0.439851 0.433432 0.440676 0.433539 0.439776 0.433432 0.440676 0.433231 0.440634 0.433231 0.440634 0.433432 0.440676 0.433301 0.441526 0.433231 0.440634 0.433301 0.441526 0.43309 0.441521 0.43309 0.441521 0.433301 0.441526 0.433329 0.442379 0.43309 0.441521 0.433329 0.442379 0.433115 0.442412 0.434098 0.444465 0.433741 0.44386 0.433892 0.443771 0.442256 0.443321 0.441941 0.443985 0.441822 0.4439 0.557046 0.552081 0.557222 0.551661 0.557131 0.552712 0.561311 0.555601 0.561327 0.554766 0.561467 0.554764 0.561418 0.558946 0.561391 0.558614 0.56153 0.558616 0.441543 0.444567 0.441941 0.443985 0.442097 0.444083 0.557586 0.549685 0.557656 0.548984 0.55775 0.548984 0.55711 0.551361 0.557182 0.550584 0.557341 0.550355 0.435792 0.445734 0.43571 0.445899 0.435195 0.445349 0.435195 0.445349 0.43571 0.445899 0.435091 0.445499 0.436371 0.446194 0.436429 0.446017 0.43708 0.446386 0.43708 0.446386 0.436429 0.446017 0.437111 0.446202 0.43708 0.446386 0.437111 0.446202 0.437817 0.446466 0.441437 0.445252 0.440682 0.445858 0.440574 0.445693 0.556331 0.446579 0.556196 0.446593 0.556255 0.446014 0.556255 0.446014 0.556196 0.446593 0.556043 0.445398 0.556352 0.446732 0.556447 0.447371 0.556343 0.447593 0.556343 0.447593 0.556447 0.447371 0.556481 0.447582 0.561638 0.559652 0.561501 0.559648 0.561471 0.55943 0.561418 0.558946 0.56153 0.558616 0.561451 0.559271 0.561347 0.557857 0.561337 0.557592 0.561469 0.557371 0.561337 0.557592 0.561329 0.557372 0.561469 0.557371 0.561469 0.557371 0.561329 0.557372 0.561309 0.556011 0.561469 0.557371 0.561309 0.556011 0.561449 0.55601 0.561449 0.55601 0.561309 0.556011 0.561311 0.555601 0.561467 0.554764 0.561327 0.554766 0.561492 0.554132 0.561492 0.554132 0.561327 0.554766 0.56135 0.554186 0.561492 0.554132 0.56135 0.554186 0.561528 0.553566 0.561528 0.553566 0.56135 0.554186 0.561389 0.55357 0.557131 0.552712 0.556991 0.552703 0.557046 0.552081 0.55735 0.548965 0.557481 0.548975 0.557263 0.549777 0.557263 0.549777 0.557481 0.548975 0.557341 0.550355 0.557263 0.549777 0.557341 0.550355 0.557206 0.550343 0.557206 0.550343 0.557341 0.550355 0.557182 0.550584 0.561471 0.55943 0.561451 0.559271 0.561638 0.559652 0.561638 0.559652 0.561451 0.559271 0.56153 0.558616 0.561638 0.559652 0.56153 0.558616 0.561818 0.559703 0.561818 0.559703 0.56153 0.558616 0.561713 0.55865 0.561391 0.558614 0.561347 0.557857 0.56153 0.558616 0.56153 0.558616 0.561347 0.557857 0.561469 0.557371 0.56153 0.558616 0.561469 0.557371 0.561713 0.55865 0.561713 0.55865 0.561469 0.557371 0.561653 0.557386 0.561311 0.555601 0.561467 0.554764 0.561449 0.55601 0.561449 0.55601 0.561467 0.554764 0.561633 0.556003 0.561449 0.55601 0.561633 0.556003 0.561469 0.557371 0.437137 0.445964 0.438515 0.446098 0.437819 0.446131 0.561469 0.557371 0.561638 0.5567 0.561653 0.557386 0.557062 0.551904 0.55711 0.551361 0.557278 0.551024 0.557278 0.551024 0.55711 0.551361 0.557341 0.550355 0.557278 0.551024 0.557341 0.550355 0.557521 0.550383 0.557521 0.550383 0.557341 0.550355 0.557481 0.548975 0.557656 0.548984 0.557586 0.549685 0.557566 0.54898 0.441684 0.444688 0.441172 0.445231 0.44105 0.44509 0.44105 0.44509 0.441172 0.445231 0.440474 0.445535 0.44105 0.44509 0.440474 0.445535 0.440397 0.445407 0.440397 0.445407 0.440474 0.445535 0.439768 0.445749 0.441822 0.4439 0.441941 0.443985 0.441435 0.444466 0.441435 0.444466 0.441941 0.443985 0.441543 0.444567 0.441435 0.444466 0.441543 0.444567 0.440956 0.444975 0.557481 0.548975 0.557566 0.54898 0.557521 0.550383 0.501897 0.501857 0.501897 0.500465 0.501978 0.501165 0.557521 0.550383 0.557586 0.549685 0.557727 0.549703 0.557727 0.549703 0.557586 0.549685 0.55775 0.548984 0.442544 0.441916 0.442466 0.441205 0.442656 0.441204 0.556043 0.445398 0.556196 0.446593 0.555866 0.445432 0.555866 0.445432 0.556196 0.446593 0.556013 0.446642 0.555866 0.445432 0.556013 0.446642 0.555722 0.445476 0.555722 0.445476 0.556013 0.446642 0.555866 0.44672 0.433482 0.442496 0.433892 0.443771 0.433319 0.442538 0.433319 0.442538 0.433892 0.443771 0.433741 0.44386 0.433319 0.442538 0.433741 0.44386 0.433338 0.443386 0.434551 0.445017 0.434098 0.444465 0.434675 0.444884 0.434675 0.444884 0.434098 0.444465 0.433892 0.443771 0.434675 0.444884 0.433892 0.443771 0.434765 0.444774 0.434765 0.444774 0.433892 0.443771 0.434003 0.44369 0.556157 0.447654 0.556013 0.446642 0.556343 0.447593 0.556343 0.447593 0.556013 0.446642 0.556196 0.446593 0.556343 0.447593 0.556196 0.446593 0.556352 0.446732 0.556352 0.446732 0.556196 0.446593 0.556331 0.446579 0.442097 0.444083 0.441941 0.443985 0.442422 0.443393 0.442422 0.443393 0.441941 0.443985 0.442256 0.443321 0.442422 0.443393 0.442256 0.443321 0.442629 0.442673 0.557046 0.552081 0.557062 0.551904 0.557222 0.551661 0.557222 0.551661 0.557062 0.551904 0.557278 0.551024 0.557222 0.551661 0.557278 0.551024 0.557461 0.551062 0.557461 0.551062 0.557278 0.551024 0.557521 0.550383 0.501375 0.502086 0.501235 0.501398 0.501375 0.501378 0.557664 0.550421 0.557521 0.550383 0.557727 0.549703 0.442456 0.442627 0.442544 0.441916 0.442718 0.441936 0.442718 0.441936 0.442544 0.441916 0.442656 0.441204 0.442718 0.441936 0.442656 0.441204 0.442873 0.441183 0.433338 0.443386 0.433115 0.442412 0.433319 0.442538 0.433319 0.442538 0.433115 0.442412 0.433329 0.442379 0.433319 0.442538 0.433329 0.442379 0.433482 0.442496 0.433482 0.442496 0.433329 0.442379 0.43351 0.442333 0.555722 0.445476 0.555752 0.445314 0.555866 0.445432 0.555866 0.445432 0.555752 0.445314 0.55594 0.445271 0.555866 0.445432 0.55594 0.445271 0.556043 0.445398 0.556043 0.445398 0.55594 0.445271 0.556157 0.445243 0.556043 0.445398 0.556157 0.445243 0.556255 0.446014 0.435849 0.4456 0.435792 0.445734 0.434765 0.444774 0.434765 0.444774 0.435792 0.445734 0.435195 0.445349 0.434765 0.444774 0.435195 0.445349 0.434675 0.444884 0.434675 0.444884 0.435195 0.445349 0.435091 0.445499 0.434675 0.444884 0.435091 0.445499 0.434551 0.445017 0.434551 0.445017 0.435091 0.445499 0.434411 0.445152 0.434551 0.445017 0.434411 0.445152 0.434098 0.444465 0.434098 0.444465 0.434411 0.445152 0.434108 0.444802 0.434098 0.444465 0.434108 0.444802 0.433741 0.44386 0.433741 0.44386 0.434108 0.444802 0.43357 0.443946 0.433741 0.44386 0.43357 0.443946 0.433338 0.443386 0.435616 0.446072 0.436371 0.446194 0.436887 0.446548 0.436887 0.446548 0.436371 0.446194 0.43708 0.446386 0.436887 0.446548 0.43708 0.446386 0.43781 0.446664 0.43781 0.446664 0.43708 0.446386 0.437817 0.446466 0.43781 0.446664 0.437817 0.446466 0.438586 0.446628 0.440004 0.446229 0.439982 0.446239 0.439901 0.446058 0.439901 0.446058 0.439982 0.446239 0.438586 0.446628 0.439901 0.446058 0.438586 0.446628 0.438561 0.446431 0.438561 0.446431 0.438586 0.446628 0.437817 0.446466 0.438561 0.446431 0.437817 0.446466 0.43782 0.446279 0.43782 0.446279 0.437817 0.446466 0.437111 0.446202 0.440682 0.445858 0.440004 0.446229 0.440574 0.445693 0.440574 0.445693 0.440004 0.446229 0.439901 0.446058 0.440574 0.445693 0.439901 0.446058 0.439826 0.445887 0.439826 0.445887 0.439901 0.446058 0.438561 0.446431 0.439826 0.445887 0.438561 0.446431 0.438537 0.446245 0.438537 0.446245 0.438561 0.446431 0.43782 0.446279 0.438537 0.446245 0.439768 0.445749 0.439826 0.445887 0.439826 0.445887 0.439768 0.445749 0.440474 0.445535 0.439826 0.445887 0.440474 0.445535 0.440574 0.445693 0.440574 0.445693 0.440474 0.445535 0.441172 0.445231 0.440574 0.445693 0.441172 0.445231 0.441437 0.445252 0.441437 0.445252 0.441172 0.445231 0.441684 0.444688 0.441437 0.445252 0.441684 0.444688 0.442094 0.444458 0.442094 0.444458 0.441684 0.444688 0.442266 0.444179 0.440397 0.445407 0.440956 0.444975 0.44105 0.44509 0.44105 0.44509 0.440956 0.444975 0.441543 0.444567 0.44105 0.44509 0.441543 0.444567 0.441684 0.444688 0.441684 0.444688 0.441543 0.444567 0.442097 0.444083 0.441684 0.444688 0.442097 0.444083 0.442266 0.444179 0.442266 0.444179 0.442097 0.444083 0.442422 0.443393 0.442266 0.444179 0.442422 0.443393 0.442782 0.442867 0.442782 0.442867 0.442422 0.443393 0.442629 0.442673 0.442782 0.442867 0.442629 0.442673 0.442906 0.441946 0.442873 0.441183 0.442906 0.441946 0.442718 0.441936 0.442718 0.441936 0.442906 0.441946 0.442629 0.442673 0.442718 0.441936 0.442629 0.442673 0.442456 0.442627 0.442456 0.442627 0.442629 0.442673 0.442256 0.443321 0.501235 0.501378 0.501235 0.502078 0.501086 0.502033 0.442128 0.443254 0.442256 0.443321 0.441822 0.4439 0.557461 0.551062 0.557407 0.551707 0.557222 0.551661 0.557222 0.551661 0.557407 0.551707 0.55736 0.55227 0.557222 0.551661 0.55736 0.55227 0.557131 0.552712 0.557131 0.552712 0.55736 0.55227 0.557318 0.552771 0.561528 0.553566 0.561711 0.55352 0.561492 0.554132 0.561492 0.554132 0.561711 0.55352 0.561675 0.554096 0.561492 0.554132 0.561675 0.554096 0.561467 0.554764 0.561467 0.554764 0.561675 0.554096 0.56165 0.554738 0.561467 0.554764 0.56165 0.554738 0.561633 0.556003 0.438515 0.446098 0.439768 0.445749 0.438537 0.446245 0.438515 0.446098 0.438537 0.446245 0.437819 0.446131 0.437819 0.446131 0.438537 0.446245 0.43782 0.446279 0.437819 0.446131 0.43782 0.446279 0.437131 0.446055 0.437131 0.446055 0.43782 0.446279 0.437111 0.446202 0.437131 0.446055 0.437111 0.446202 0.435849 0.4456 0.435849 0.4456 0.437111 0.446202 0.436429 0.446017 0.435849 0.4456 0.436429 0.446017 0.435792 0.445734 0.435792 0.445734 0.436429 0.446017 0.436371 0.446194 0.435792 0.445734 0.436371 0.446194 0.43571 0.445899 0.43571 0.445899 0.436371 0.446194 0.435616 0.446072 0.43571 0.445899 0.435616 0.446072 0.435091 0.445499 0.435091 0.445499 0.435616 0.446072 0.435349 0.445917 0.435091 0.445499 0.435349 0.445917 0.434411 0.445152 0.450492 0.430751 0.450501 0.431364 0.445826 0.431947 0.441477 0.430479 0.441855 0.430766 0.441408 0.431518 0.441408 0.431518 0.441855 0.430766 0.442259 0.430958 0.441408 0.431518 0.442259 0.430958 0.441118 0.432536 0.442259 0.430958 0.44309 0.431084 0.441118 0.432536 0.441118 0.432536 0.44309 0.431084 0.443273 0.431068 0.441118 0.432536 0.443273 0.431068 0.445826 0.431947 0.450483 0.430139 0.450492 0.430751 0.446912 0.430601 0.446912 0.430601 0.450492 0.430751 0.445826 0.431947 0.446912 0.430601 0.445826 0.431947 0.445717 0.430755 0.445717 0.430755 0.445826 0.431947 0.443273 0.431068 0.440647 0.433241 0.440183 0.433978 0.44005 0.433882 0.561399 0.462194 0.561341 0.462054 0.561529 0.462061 0.561399 0.462194 0.561529 0.462061 0.561501 0.462528 0.457816 0.552413 0.457814 0.552375 0.45803 0.552466 0.45803 0.552466 0.457814 0.552375 0.457939 0.551871 0.45803 0.552466 0.457939 0.551871 0.458111 0.55178 0.457816 0.552413 0.45803 0.552466 0.457819 0.55291 0.457819 0.55291 0.45803 0.552466 0.458039 0.553131 0.457819 0.55291 0.458039 0.553131 0.45781 0.553144 0.438758 0.434875 0.439464 0.434485 0.438798 0.434957 0.438798 0.434957 0.439464 0.434485 0.439582 0.434631 0.438798 0.434957 0.439582 0.434631 0.438895 0.435143 0.440334 0.434101 0.439942 0.434576 0.439582 0.434631 0.439582 0.434631 0.439942 0.434576 0.439718 0.4348 0.439582 0.434631 0.439718 0.4348 0.438895 0.435143 0.438895 0.435143 0.439718 0.4348 0.439246 0.435188 0.438895 0.435143 0.439246 0.435188 0.439005 0.435348 0.440647 0.433241 0.440863 0.433196 0.440183 0.433978 0.440183 0.433978 0.440863 0.433196 0.440479 0.43389 0.440183 0.433978 0.440479 0.43389 0.440416 0.433985 0.561341 0.462054 0.56101 0.461523 0.561529 0.462061 0.561529 0.462061 0.56101 0.461523 0.561157 0.461447 0.561529 0.462061 0.561157 0.461447 0.561686 0.462066 0.561686 0.462066 0.561157 0.461447 0.56129 0.461403 0.440505 0.4332 0.440807 0.432521 0.440953 0.43251 0.440416 0.433985 0.440334 0.434101 0.440183 0.433978 0.440183 0.433978 0.440334 0.434101 0.439582 0.434631 0.440183 0.433978 0.439582 0.434631 0.44005 0.433882 0.44005 0.433882 0.439582 0.434631 0.439464 0.434485 0.458111 0.55178 0.458213 0.552392 0.45803 0.552466 0.45803 0.552466 0.458213 0.552392 0.458132 0.553111 0.45803 0.552466 0.458132 0.553111 0.458039 0.553131 0.441118 0.432536 0.440863 0.433196 0.440953 0.43251 0.440953 0.43251 0.440863 0.433196 0.440647 0.433241 0.440953 0.43251 0.440647 0.433241 0.440505 0.4332 0.440505 0.4332 0.440647 0.433241 0.44005 0.433882 0.561686 0.462066 0.561895 0.462731 0.561529 0.462061 0.457708 0.551396 0.458111 0.55178 0.457939 0.551871 0.561529 0.462061 0.561721 0.462676 0.561501 0.462528 0.457711 0.551785 0.457939 0.551871 0.457814 0.552375 0.483371 0.547616 0.483726 0.54753 0.483774 0.547873 0.483332 0.547829 0.482924 0.547742 0.48303 0.54753 0.557386 0.53751 0.55727 0.537277 0.557554 0.537501 0.557047 0.537198 0.557072 0.537152 0.557193 0.537218 0.557193 0.537218 0.557072 0.537152 0.557162 0.537 0.557193 0.537218 0.557162 0.537 0.55727 0.537277 0.482692 0.546934 0.482342 0.546752 0.48246 0.546457 0.557499 0.537651 0.557559 0.537949 0.557453 0.537693 0.557499 0.537651 0.557453 0.537693 0.557386 0.53751 0.482119 0.547359 0.482201 0.547171 0.482295 0.547389 0.482295 0.547389 0.482201 0.547171 0.482277 0.546967 0.482295 0.547389 0.482277 0.546967 0.482512 0.547181 0.48303 0.54753 0.482924 0.547742 0.482512 0.547181 0.482512 0.547181 0.482924 0.547742 0.482575 0.547588 0.482512 0.547181 0.482575 0.547588 0.482295 0.547389 0.483332 0.547829 0.483615 0.548018 0.482924 0.547742 0.442383 0.430789 0.44309 0.431084 0.442259 0.430958 0.442383 0.430789 0.442259 0.430958 0.442024 0.430606 0.442024 0.430606 0.442259 0.430958 0.441855 0.430766 0.442024 0.430606 0.441855 0.430766 0.441732 0.430366 0.441732 0.430366 0.441855 0.430766 0.441477 0.430479 0.441732 0.430366 0.441477 0.430479 0.441553 0.430297 0.443273 0.431068 0.44309 0.431084 0.443241 0.430924 0.443241 0.430924 0.44309 0.431084 0.442797 0.43089 0.483774 0.547873 0.483332 0.547829 0.483371 0.547616 0.483371 0.547616 0.483332 0.547829 0.48303 0.54753 0.483371 0.547616 0.48303 0.54753 0.483122 0.54729 0.483122 0.54729 0.48303 0.54753 0.482512 0.547181 0.483122 0.54729 0.482512 0.547181 0.482692 0.546934 0.482692 0.546934 0.482512 0.547181 0.482277 0.546967 0.482692 0.546934 0.482277 0.546967 0.482342 0.546752 0.55727 0.537277 0.557162 0.537 0.557554 0.537501 0.557554 0.537501 0.557162 0.537 0.557272 0.536829 0.557554 0.537501 0.557272 0.536829 0.557622 0.537342 0.483195 0.547037 0.482764 0.546802 0.482821 0.546668 0.557927 0.537814 0.557897 0.537953 0.557554 0.537501 0.557927 0.537814 0.557554 0.537501 0.557626 0.537348 0.557626 0.537348 0.557554 0.537501 0.557622 0.537342 0.483498 0.547139 0.483684 0.547132 0.483686 0.54715 0.557386 0.53751 0.557554 0.537501 0.557499 0.537651 0.557499 0.537651 0.557554 0.537501 0.557897 0.537953 0.48246 0.546457 0.482764 0.546802 0.482692 0.546934 0.482692 0.546934 0.482764 0.546802 0.483195 0.547037 0.482692 0.546934 0.483195 0.547037 0.483122 0.54729 0.483122 0.54729 0.483195 0.547037 0.483498 0.547139 0.483122 0.54729 0.483498 0.547139 0.483371 0.547616 0.483371 0.547616 0.483498 0.547139 0.483686 0.54715 0.483371 0.547616 0.483686 0.54715 0.483726 0.54753 0.440493 0.427879 0.440604 0.427821 0.440998 0.42818 0.558254 0.458682 0.557918 0.457984 0.558063 0.45792 0.55852 0.458103 0.558586 0.458538 0.558196 0.45784 0.558196 0.45784 0.558586 0.458538 0.558492 0.458585 0.558196 0.45784 0.558492 0.458585 0.558063 0.45792 0.558063 0.45792 0.558492 0.458585 0.558429 0.458614 0.558063 0.45792 0.558429 0.458614 0.558254 0.458682 0.441121 0.429023 0.441158 0.429461 0.440961 0.429088 0.440961 0.429088 0.441158 0.429461 0.440991 0.429527 0.440961 0.429088 0.440991 0.429527 0.440821 0.429166 0.440821 0.429166 0.440991 0.429527 0.440936 0.429555 0.55852 0.458103 0.558665 0.458492 0.558586 0.458538 0.441514 0.429385 0.441414 0.429397 0.441285 0.428976 0.441285 0.428976 0.441414 0.429397 0.441345 0.42941 0.441285 0.428976 0.441345 0.42941 0.441121 0.429023 0.441121 0.429023 0.441345 0.42941 0.441339 0.429412 0.441121 0.429023 0.441339 0.429412 0.441158 0.429461 0.557038 0.537281 0.557037 0.537382 0.556621 0.537236 0.441501 0.42895 0.441638 0.429382 0.441435 0.428952 0.441501 0.42895 0.441435 0.428952 0.441155 0.428546 0.558196 0.45784 0.558307 0.457754 0.55852 0.458103 0.440821 0.429166 0.440621 0.428818 0.440732 0.428732 0.440821 0.429166 0.440732 0.428732 0.440961 0.429088 0.440961 0.429088 0.440732 0.428732 0.440866 0.428654 0.440961 0.429088 0.440866 0.428654 0.441121 0.429023 0.441121 0.429023 0.440866 0.428654 0.441011 0.42859 0.441121 0.429023 0.441011 0.42859 0.441285 0.428976 0.440397 0.427946 0.440493 0.427879 0.440836 0.428185 0.440836 0.428185 0.440493 0.427879 0.440998 0.42818 0.440836 0.428185 0.440998 0.42818 0.441223 0.428532 0.441223 0.428532 0.440998 0.42818 0.441282 0.42852 0.441223 0.428532 0.441282 0.42852 0.441558 0.428954 0.557047 0.537198 0.557038 0.537281 0.556618 0.537168 0.556618 0.537168 0.557038 0.537281 0.556621 0.537236 0.556618 0.537168 0.556621 0.537236 0.556236 0.537157 0.441223 0.428532 0.441501 0.42895 0.441155 0.428546 0.441223 0.428532 0.441155 0.428546 0.440836 0.428185 0.440836 0.428185 0.441155 0.428546 0.440708 0.428246 0.440836 0.428185 0.440708 0.428246 0.440397 0.427946 0.440397 0.427946 0.440708 0.428246 0.440587 0.428323 0.440397 0.427946 0.440587 0.428323 0.440296 0.428036 0.440296 0.428036 0.440587 0.428323 0.440482 0.428409 0.440296 0.428036 0.440482 0.428409 0.440221 0.428125 0.557918 0.457984 0.557495 0.457378 0.558063 0.45792 0.558063 0.45792 0.557495 0.457378 0.5576 0.457312 0.558063 0.45792 0.5576 0.457312 0.558196 0.45784 0.558196 0.45784 0.5576 0.457312 0.557705 0.45723 0.558196 0.45784 0.557705 0.45723 0.558307 0.457754 0.558307 0.457754 0.557705 0.45723 0.557791 0.457147 0.557791 0.457147 0.557866 0.457058 0.558307 0.457754 0.558307 0.457754 0.557866 0.457058 0.558146 0.457344 0.440621 0.428818 0.440482 0.428409 0.440732 0.428732 0.440732 0.428732 0.440482 0.428409 0.440587 0.428323 0.440732 0.428732 0.440587 0.428323 0.440866 0.428654 0.440866 0.428654 0.440587 0.428323 0.440708 0.428246 0.440866 0.428654 0.440708 0.428246 0.441011 0.42859 0.441011 0.42859 0.440708 0.428246 0.441155 0.428546 0.441011 0.42859 0.441155 0.428546 0.441285 0.428976 0.441285 0.428976 0.441155 0.428546 0.441435 0.428952 0.441285 0.428976 0.441435 0.428952 0.441514 0.429385 0.441514 0.429385 0.441435 0.428952 0.441638 0.429382 0.491642 0.530979 0.491232 0.530982 0.491473 0.530575 0.499129 0.425968 0.498718 0.425956 0.498718 0.425823 0.451901 0.425488 0.451876 0.42563 0.451594 0.425636 0.451594 0.425636 0.451876 0.42563 0.451858 0.42585 0.498718 0.425823 0.499063 0.425678 0.499129 0.425968 0.499129 0.425968 0.499063 0.425678 0.499377 0.425687 0.499129 0.425968 0.499377 0.425687 0.499467 0.425996 0.451646 0.42594 0.451594 0.425636 0.451858 0.42585 0.451646 0.42594 0.451858 0.42585 0.451857 0.425918 0.491671 0.530979 0.491787 0.530785 0.491994 0.530981 0.491994 0.530981 0.491787 0.530785 0.491989 0.530479 0.491994 0.530981 0.491989 0.530479 0.49207 0.530982 0.49207 0.530982 0.491989 0.530479 0.492209 0.530773 0.49207 0.530982 0.492209 0.530773 0.492074 0.530982 0.498698 0.425188 0.498919 0.425363 0.498714 0.425563 0.451998 0.425185 0.451901 0.425488 0.451709 0.425218 0.451709 0.425218 0.451901 0.425488 0.451594 0.425636 0.4992 0.4253 0.499377 0.425687 0.498919 0.425363 0.498919 0.425363 0.499377 0.425687 0.499063 0.425678 0.498919 0.425363 0.499063 0.425678 0.498714 0.425563 0.498714 0.425563 0.499063 0.425678 0.498718 0.425823 0.491689 0.530249 0.491989 0.530479 0.491651 0.530303 0.491651 0.530303 0.491989 0.530479 0.491787 0.530785 0.491651 0.530303 0.491787 0.530785 0.491473 0.530575 0.491473 0.530575 0.491787 0.530785 0.491671 0.530979 0.491473 0.530575 0.491671 0.530979 0.491642 0.530979 0.48182 0.547172 0.481945 0.547192 0.481886 0.547353 0.481886 0.547353 0.481945 0.547192 0.482002 0.547365 0.559521 0.45973 0.559274 0.459495 0.55936 0.459399 0.559521 0.45973 0.55936 0.459399 0.559687 0.459606 0.559687 0.459606 0.55936 0.459399 0.559443 0.459306 0.559687 0.459606 0.559443 0.459306 0.559832 0.459502 0.559832 0.459502 0.559443 0.459306 0.559517 0.459223 0.559832 0.459502 0.559517 0.459223 0.559716 0.459323 0.559517 0.459223 0.559579 0.459154 0.559716 0.459323 0.441117 0.4304 0.441134 0.430228 0.441213 0.430352 0.441117 0.4304 0.441213 0.430352 0.441098 0.430582 0.441098 0.430582 0.441213 0.430352 0.441272 0.430509 0.482277 0.546967 0.482201 0.547171 0.482074 0.547192 0.482074 0.547192 0.482201 0.547171 0.482119 0.547359 0.482074 0.547192 0.482119 0.547359 0.482002 0.547365 0.482002 0.547365 0.481945 0.547192 0.482074 0.547192 0.482074 0.547192 0.481945 0.547192 0.482144 0.547001 0.482074 0.547192 0.482144 0.547001 0.482277 0.546967 0.482342 0.546752 0.482277 0.546967 0.482214 0.5468 0.482214 0.5468 0.482277 0.546967 0.482144 0.547001 0.482214 0.5468 0.482144 0.547001 0.482208 0.546801 0.482208 0.546801 0.482144 0.547001 0.482109 0.546822 0.482109 0.546822 0.482144 0.547001 0.482063 0.546827 0.482063 0.546827 0.482144 0.547001 0.481945 0.547192 0.482063 0.546827 0.481945 0.547192 0.481902 0.54683 0.481902 0.54683 0.481945 0.547192 0.48182 0.547172 0.481902 0.54683 0.48182 0.547172 0.481848 0.546825 0.559274 0.459495 0.558965 0.459278 0.55936 0.459399 0.55936 0.459399 0.558965 0.459278 0.559056 0.459151 0.55936 0.459399 0.559056 0.459151 0.559443 0.459306 0.559443 0.459306 0.559056 0.459151 0.559114 0.459069 0.559443 0.459306 0.559114 0.459069 0.559517 0.459223 0.559517 0.459223 0.559114 0.459069 0.559209 0.458932 0.559517 0.459223 0.559209 0.458932 0.559579 0.459154 0.481707 0.547134 0.481626 0.546761 0.48176 0.546809 0.48176 0.546809 0.481848 0.546825 0.481707 0.547134 0.481707 0.547134 0.481848 0.546825 0.48182 0.547172 0.481707 0.547134 0.48182 0.547172 0.481777 0.547323 0.441213 0.430352 0.441246 0.430175 0.441321 0.430317 0.441213 0.430352 0.441321 0.430317 0.441272 0.430509 0.441272 0.430509 0.441321 0.430317 0.441436 0.430299 0.441272 0.430509 0.441436 0.430299 0.441373 0.430488 0.441373 0.430488 0.441436 0.430299 0.441553 0.430297 0.441373 0.430488 0.441553 0.430297 0.441477 0.430479 0.441373 0.430488 0.441477 0.430479 0.441408 0.431518 0.560282 0.460638 0.559521 0.45973 0.559687 0.459606 0.441408 0.431518 0.441118 0.432536 0.441221 0.431518 0.441221 0.431518 0.441118 0.432536 0.440953 0.43251 0.501715 0.501238 0.501715 0.502065 0.501528 0.501213 0.501528 0.501213 0.501715 0.502065 0.501543 0.50203 0.560576 0.460462 0.56129 0.461403 0.560437 0.460536 0.560437 0.460536 0.56129 0.461403 0.561157 0.461447 0.441373 0.430488 0.441408 0.431518 0.441272 0.430509 0.441272 0.430509 0.441408 0.431518 0.441221 0.431518 0.441272 0.430509 0.441221 0.431518 0.441098 0.430582 0.441098 0.430582 0.441221 0.431518 0.441058 0.431558 0.559832 0.459502 0.560576 0.460462 0.559687 0.459606 0.559687 0.459606 0.560576 0.460462 0.560437 0.460536 0.559687 0.459606 0.560437 0.460536 0.560282 0.460638 0.560282 0.460638 0.560437 0.460536 0.561157 0.461447 0.560282 0.460638 0.561157 0.461447 0.56101 0.461523 0.55728 0.537543 0.557386 0.53751 0.557453 0.537693 0.558655 0.45863 0.558522 0.45875 0.558492 0.458585 0.558439 0.458937 0.558254 0.458682 0.558522 0.45875 0.558522 0.45875 0.558254 0.458682 0.558429 0.458614 0.558522 0.45875 0.558429 0.458614 0.558492 0.458585 0.482404 0.546492 0.48228 0.546557 0.482329 0.546326 0.482329 0.546326 0.48228 0.546557 0.482123 0.546602 0.482329 0.546326 0.482123 0.546602 0.482171 0.546393 0.482171 0.546393 0.482123 0.546602 0.481953 0.54662 0.482109 0.546822 0.482063 0.546827 0.482123 0.546602 0.482123 0.546602 0.482063 0.546827 0.481902 0.54683 0.482123 0.546602 0.481902 0.54683 0.481953 0.54662 0.481953 0.54662 0.481902 0.54683 0.481848 0.546825 0.481953 0.54662 0.481848 0.546825 0.48176 0.546809 0.482404 0.546492 0.482342 0.546752 0.48228 0.546557 0.48228 0.546557 0.482342 0.546752 0.482214 0.5468 0.48228 0.546557 0.482214 0.5468 0.482123 0.546602 0.482123 0.546602 0.482214 0.5468 0.482208 0.546801 0.482123 0.546602 0.482208 0.546801 0.482109 0.546822 0.557047 0.537198 0.557193 0.537218 0.557038 0.537281 0.557038 0.537281 0.557193 0.537218 0.55727 0.537277 0.557038 0.537281 0.55727 0.537277 0.557037 0.537382 0.557037 0.537382 0.55727 0.537277 0.557175 0.537386 0.441638 0.429382 0.441731 0.429531 0.441514 0.429385 0.441514 0.429385 0.441731 0.429531 0.441578 0.429482 0.441514 0.429385 0.441578 0.429482 0.441414 0.429397 0.441414 0.429397 0.441578 0.429482 0.441395 0.429476 0.441414 0.429397 0.441395 0.429476 0.441345 0.42941 0.558492 0.458585 0.558586 0.458538 0.558655 0.45863 0.558655 0.45863 0.558586 0.458538 0.558665 0.458492 0.440899 0.429693 0.440936 0.429555 0.441033 0.429589 0.441033 0.429589 0.440936 0.429555 0.440991 0.429527 0.441033 0.429589 0.440991 0.429527 0.441206 0.429513 0.441206 0.429513 0.440991 0.429527 0.441158 0.429461 0.441206 0.429513 0.441158 0.429461 0.441395 0.429476 0.441395 0.429476 0.441158 0.429461 0.441339 0.429412 0.441395 0.429476 0.441339 0.429412 0.441345 0.42941 0.558965 0.459278 0.558842 0.459202 0.559056 0.459151 0.559056 0.459151 0.558842 0.459202 0.558671 0.458878 0.559056 0.459151 0.558671 0.458878 0.559114 0.459069 0.559114 0.459069 0.558671 0.458878 0.558772 0.458738 0.559114 0.459069 0.558772 0.458738 0.559209 0.458932 0.559209 0.458932 0.558772 0.458738 0.558851 0.458621 0.481626 0.546761 0.481646 0.546391 0.48176 0.546809 0.48176 0.546809 0.481646 0.546391 0.481809 0.546428 0.48176 0.546809 0.481809 0.546428 0.481953 0.54662 0.481953 0.54662 0.481809 0.546428 0.481991 0.546429 0.481953 0.54662 0.481991 0.546429 0.482171 0.546393 0.558842 0.459202 0.558439 0.458937 0.558671 0.458878 0.558671 0.458878 0.558439 0.458937 0.558522 0.45875 0.558671 0.458878 0.558522 0.45875 0.558772 0.458738 0.558772 0.458738 0.558522 0.45875 0.558655 0.45863 0.558772 0.458738 0.558655 0.45863 0.558851 0.458621 0.558851 0.458621 0.558655 0.45863 0.558756 0.458528 0.499563 0.502157 0.499467 0.502157 0.499495 0.501989 0.481809 0.546428 0.481642 0.546293 0.481817 0.546336 0.481809 0.546428 0.481817 0.546336 0.481991 0.546429 0.481991 0.546429 0.481817 0.546336 0.482008 0.546327 0.481991 0.546429 0.482008 0.546327 0.482171 0.546393 0.482171 0.546393 0.482008 0.546327 0.482191 0.546267 0.482171 0.546393 0.482191 0.546267 0.482329 0.546326 0.482329 0.546326 0.482191 0.546267 0.482343 0.546162 0.55728 0.537543 0.557175 0.537386 0.557386 0.53751 0.557386 0.53751 0.557175 0.537386 0.55727 0.537277 0.561337 0.557592 0.561347 0.557857 0.557015 0.557846 0.557206 0.550343 0.552488 0.550533 0.557263 0.549777 0.557263 0.549777 0.552488 0.550533 0.552398 0.549348 0.557263 0.549777 0.552398 0.549348 0.55735 0.548965 0.556447 0.447371 0.561031 0.446778 0.556481 0.447582 0.556481 0.447582 0.561031 0.446778 0.56098 0.448169 0.556447 0.447371 0.556352 0.446732 0.561031 0.446778 0.561031 0.446778 0.556352 0.446732 0.556331 0.446579 0.561031 0.446778 0.556331 0.446579 0.561103 0.445673 0.561103 0.445673 0.556331 0.446579 0.556255 0.446014 0.561103 0.445673 0.556255 0.446014 0.556157 0.445243 0.557015 0.557846 0.561347 0.557857 0.556984 0.559419 0.556984 0.559419 0.561347 0.557857 0.561391 0.558614 0.556984 0.559419 0.561391 0.558614 0.561418 0.558946 0.561418 0.558946 0.561451 0.559271 0.556984 0.559419 0.556984 0.559419 0.561451 0.559271 0.561471 0.55943 0.556984 0.559419 0.561471 0.55943 0.561501 0.559648 0.557015 0.554222 0.56135 0.554186 0.561327 0.554766 0.557015 0.554222 0.561327 0.554766 0.557027 0.556001 0.561327 0.554766 0.561311 0.555601 0.557027 0.556001 0.557027 0.556001 0.561311 0.555601 0.561309 0.556011 0.557027 0.556001 0.561309 0.556011 0.557015 0.557846 0.557015 0.557846 0.561309 0.556011 0.561329 0.557372 0.557015 0.557846 0.561329 0.557372 0.561337 0.557592 0.56135 0.554186 0.557015 0.554222 0.561389 0.55357 0.561389 0.55357 0.557015 0.554222 0.556984 0.552837 0.556991 0.552703 0.55259 0.55225 0.557046 0.552081 0.557206 0.550343 0.557182 0.550584 0.552488 0.550533 0.552488 0.550533 0.557182 0.550584 0.55711 0.551361 0.552488 0.550533 0.55711 0.551361 0.55259 0.55225 0.55259 0.55225 0.55711 0.551361 0.557062 0.551904 0.55259 0.55225 0.557062 0.551904 0.557046 0.552081 0.561103 0.445673 0.556157 0.445243 0.561198 0.444492 0.561198 0.444492 0.556157 0.445243 0.556061 0.444445 0.55735 0.548965 0.552398 0.549348 0.557429 0.548299 0.557429 0.548299 0.552398 0.549348 0.552297 0.548194 0.557429 0.548299 0.552297 0.548194 0.557535 0.54742 0.557535 0.54742 0.552297 0.548194 0.557623 0.546747 0.557623 0.546747 0.552297 0.548194 0.552134 0.546654 0.446158 0.558005 0.451594 0.558552 0.446016 0.558544 0.446016 0.558544 0.451594 0.558552 0.445983 0.558688 0.445983 0.558688 0.451594 0.558552 0.451575 0.560283 0.445983 0.558688 0.451575 0.560283 0.445834 0.559455 0.451575 0.562142 0.445641 0.561219 0.451575 0.560283 0.451575 0.560283 0.445641 0.561219 0.445717 0.56031 0.451575 0.560283 0.445717 0.56031 0.445834 0.559455 0.445862 0.564368 0.445736 0.56375 0.451594 0.563787 0.451594 0.563787 0.445736 0.56375 0.445651 0.562994 0.451594 0.563787 0.445651 0.562994 0.451575 0.562142 0.451575 0.562142 0.445651 0.562994 0.445618 0.562132 0.451575 0.562142 0.445618 0.562132 0.445641 0.561219 0.556061 0.444445 0.555969 0.443634 0.561198 0.444492 0.561198 0.444492 0.555969 0.443634 0.555886 0.442832 0.561198 0.444492 0.555886 0.442832 0.56138 0.442699 0.56138 0.442699 0.555886 0.442832 0.555829 0.442218 0.56138 0.442699 0.555829 0.442218 0.56157 0.44127 0.56157 0.44127 0.555829 0.442218 0.555816 0.442064 0.56157 0.44127 0.555816 0.442064 0.555767 0.441355 0.548274 0.561002 0.546727 0.559451 0.549689 0.559794 0.549689 0.559794 0.546727 0.559451 0.5478 0.558896 0.549689 0.559794 0.5478 0.558896 0.550469 0.558104 0.550469 0.558104 0.5478 0.558896 0.548452 0.557879 0.550469 0.558104 0.548452 0.557879 0.550469 0.556243 0.550469 0.556243 0.548452 0.557879 0.548507 0.556673 0.550469 0.556243 0.548507 0.556673 0.549689 0.554553 0.549689 0.554553 0.548507 0.556673 0.547951 0.5556 0.549689 0.554553 0.547951 0.5556 0.548274 0.553343 0.548274 0.553343 0.547951 0.5556 0.546934 0.554948 0.548274 0.553343 0.546934 0.554948 0.546483 0.552837 0.546483 0.552837 0.546934 0.554948 0.545727 0.554892 0.546483 0.552837 0.545727 0.554892 0.545297 0.55293 0.548274 0.561002 0.547158 0.561413 0.546727 0.559451 0.546727 0.559451 0.547158 0.561413 0.545972 0.561506 0.546727 0.559451 0.545972 0.561506 0.545521 0.559395 0.545521 0.559395 0.545972 0.561506 0.54418 0.561 0.545521 0.559395 0.54418 0.561 0.544503 0.558744 0.544503 0.558744 0.54418 0.561 0.542765 0.55979 0.544503 0.558744 0.542765 0.55979 0.543947 0.557671 0.543947 0.557671 0.542765 0.55979 0.541986 0.5581 0.543947 0.557671 0.541986 0.5581 0.544003 0.556464 0.544003 0.556464 0.541986 0.5581 0.541986 0.556239 0.544003 0.556464 0.541986 0.556239 0.544654 0.555447 0.544654 0.555447 0.541986 0.556239 0.542765 0.554549 0.544654 0.555447 0.542765 0.554549 0.545727 0.554892 0.545727 0.554892 0.542765 0.554549 0.54418 0.553341 0.545727 0.554892 0.54418 0.553341 0.545297 0.55293 0.551534 0.468167 0.549351 0.467998 0.551259 0.466991 0.551259 0.466991 0.549351 0.467998 0.549351 0.466137 0.551259 0.466991 0.549351 0.466137 0.55161 0.465834 0.55161 0.465834 0.549351 0.466137 0.55013 0.464446 0.55161 0.465834 0.55013 0.464446 0.552491 0.465008 0.552491 0.465008 0.55013 0.464446 0.551545 0.463237 0.552491 0.465008 0.551545 0.463237 0.553668 0.464733 0.553668 0.464733 0.551545 0.463237 0.553336 0.462731 0.553668 0.464733 0.553336 0.462731 0.554824 0.465083 0.554824 0.465083 0.553336 0.462731 0.555174 0.463021 0.554824 0.465083 0.555174 0.463021 0.555649 0.465965 0.554206 0.469318 0.553847 0.471401 0.553168 0.469362 0.553168 0.469362 0.553847 0.471401 0.552009 0.471111 0.553168 0.469362 0.552009 0.471111 0.552215 0.468951 0.552215 0.468951 0.552009 0.471111 0.550462 0.470077 0.552215 0.468951 0.550462 0.470077 0.551534 0.468167 0.551534 0.468167 0.550462 0.470077 0.549763 0.469115 0.551534 0.468167 0.549763 0.469115 0.549351 0.467998 0.555174 0.463021 0.556721 0.464055 0.555649 0.465965 0.555649 0.465965 0.556721 0.464055 0.55742 0.465017 0.555649 0.465965 0.55742 0.465017 0.555923 0.466967 0.555923 0.466967 0.55742 0.465017 0.557832 0.466134 0.555923 0.466967 0.557832 0.466134 0.555735 0.467989 0.555735 0.467989 0.557832 0.466134 0.557832 0.467995 0.555735 0.467989 0.557832 0.467995 0.555122 0.468828 0.555122 0.468828 0.557832 0.467995 0.557053 0.469686 0.555122 0.468828 0.557053 0.469686 0.554206 0.469318 0.554206 0.469318 0.557053 0.469686 0.555638 0.470895 0.554206 0.469318 0.555638 0.470895 0.553847 0.471401 0.443066 0.434841 0.441799 0.433805 0.444803 0.433429 0.439005 0.435348 0.439246 0.435188 0.443066 0.434841 0.443066 0.434841 0.439246 0.435188 0.439718 0.4348 0.440416 0.433985 0.441799 0.433805 0.440334 0.434101 0.440334 0.434101 0.441799 0.433805 0.443066 0.434841 0.440334 0.434101 0.443066 0.434841 0.439942 0.434576 0.439942 0.434576 0.443066 0.434841 0.439718 0.4348 0.447795 0.433056 0.447156 0.434335 0.444803 0.433429 0.444803 0.433429 0.447156 0.434335 0.444085 0.434714 0.444803 0.433429 0.444085 0.434714 0.443066 0.434841 0.450643 0.432735 0.450668 0.43308 0.447795 0.433056 0.447795 0.433056 0.450668 0.43308 0.450712 0.433898 0.447795 0.433056 0.450712 0.433898 0.447156 0.434335 0.45054 0.431674 0.450608 0.432324 0.444626 0.432369 0.444626 0.432369 0.450608 0.432324 0.45064 0.432702 0.440416 0.433985 0.440479 0.43389 0.441799 0.433805 0.441799 0.433805 0.440479 0.43389 0.440863 0.433196 0.441799 0.433805 0.440863 0.433196 0.444803 0.433429 0.444803 0.433429 0.440863 0.433196 0.444626 0.432369 0.444803 0.433429 0.444626 0.432369 0.447795 0.433056 0.447795 0.433056 0.444626 0.432369 0.45064 0.432702 0.447795 0.433056 0.45064 0.432702 0.450643 0.432735 0.450501 0.431364 0.45054 0.431674 0.445826 0.431947 0.445826 0.431947 0.45054 0.431674 0.444626 0.432369 0.445826 0.431947 0.444626 0.432369 0.441118 0.432536 0.441118 0.432536 0.444626 0.432369 0.440863 0.433196 0.481008 0.515907 0.480945 0.503296 0.481165 0.503285 0.481008 0.515907 0.481165 0.503285 0.481219 0.515923 0.481219 0.515923 0.481165 0.503285 0.481339 0.503257 0.481219 0.515923 0.481339 0.503257 0.481403 0.515974 0.536098 0.472284 0.536123 0.472367 0.523201 0.472387 0.523201 0.472387 0.536123 0.472367 0.536155 0.472473 0.523201 0.472387 0.536155 0.472473 0.523175 0.472474 0.523201 0.472387 0.52323 0.472286 0.536098 0.472284 0.536098 0.472284 0.52323 0.472286 0.523268 0.472154 0.536098 0.472284 0.523268 0.472154 0.536054 0.472143 0.523268 0.472154 0.523287 0.472087 0.536054 0.472143 0.480569 0.515991 0.480556 0.503262 0.480697 0.503284 0.480569 0.515991 0.480697 0.503284 0.48076 0.515931 0.48076 0.515931 0.480697 0.503284 0.480945 0.503296 0.48076 0.515931 0.480945 0.503296 0.481008 0.515907 0.517474 0.517841 0.523175 0.472474 0.54182 0.517838 0.54182 0.517838 0.523175 0.472474 0.536155 0.472473 0.550768 0.551891 0.550311 0.551933 0.550141 0.527998 0.550141 0.527998 0.550457 0.527995 0.550768 0.551891 0.550768 0.551891 0.550457 0.527995 0.550638 0.527991 0.550768 0.551891 0.550638 0.527991 0.551162 0.55177 0.550638 0.527991 0.550997 0.527974 0.551162 0.55177 0.541986 0.518674 0.517294 0.518674 0.517381 0.518285 0.541986 0.518674 0.517381 0.518285 0.541911 0.51829 0.541911 0.51829 0.517381 0.518285 0.517474 0.517841 0.541911 0.51829 0.517474 0.517841 0.54182 0.517838 0.496092 0.491787 0.496473 0.491706 0.498718 0.500318 0.496473 0.491706 0.496812 0.491516 0.498718 0.500318 0.498718 0.500318 0.496812 0.491516 0.497079 0.491231 0.498718 0.500318 0.497079 0.491231 0.497251 0.490877 0.498718 0.500318 0.496925 0.498352 0.496092 0.491787 0.496092 0.491787 0.496925 0.498352 0.495133 0.496385 0.496092 0.491787 0.495133 0.496385 0.495703 0.491751 0.495703 0.491751 0.495133 0.496385 0.494619 0.495767 0.495703 0.491751 0.494619 0.495767 0.495342 0.491602 0.496736 0.443655 0.496098 0.443227 0.498718 0.425956 0.498718 0.425956 0.496098 0.443227 0.495358 0.443075 0.498718 0.425956 0.495358 0.443075 0.484324 0.425865 0.484324 0.425865 0.495358 0.443075 0.490742 0.443046 0.484324 0.425865 0.490742 0.443046 0.483704 0.426656 0.483704 0.426656 0.490742 0.443046 0.489749 0.443258 0.483704 0.426656 0.489749 0.443258 0.483083 0.427448 0.483083 0.427448 0.489749 0.443258 0.482787 0.428044 0.497251 0.490877 0.497309 0.490493 0.498718 0.500318 0.498718 0.500318 0.497309 0.490493 0.497309 0.445045 0.498718 0.500318 0.497309 0.445045 0.498718 0.425956 0.498718 0.425956 0.497309 0.445045 0.497162 0.4443 0.498718 0.425956 0.497162 0.4443 0.496736 0.443655 0.482787 0.428044 0.489749 0.443258 0.482753 0.42871 0.482753 0.42871 0.489749 0.443258 0.489303 0.443522 0.482753 0.42871 0.489303 0.443522 0.488927 0.443875 0.488927 0.443875 0.48698 0.446153 0.482753 0.42871 0.482753 0.42871 0.48698 0.446153 0.4865 0.447052 0.482753 0.42871 0.4865 0.447052 0.486499 0.447058 0.492773 0.491442 0.493379 0.489528 0.49317 0.493052 0.49317 0.493052 0.493379 0.489528 0.49505 0.491362 0.49317 0.493052 0.49505 0.491362 0.493429 0.493727 0.493429 0.493727 0.49505 0.491362 0.495342 0.491602 0.493429 0.493727 0.495342 0.491602 0.493983 0.494821 0.493983 0.494821 0.495342 0.491602 0.494619 0.495767 0.48644 0.44808 0.492889 0.48851 0.492773 0.491442 0.492773 0.491442 0.492889 0.48851 0.493059 0.489054 0.492773 0.491442 0.493059 0.489054 0.493379 0.489528 0.486499 0.447058 0.486414 0.447573 0.482753 0.42871 0.482753 0.42871 0.486414 0.447573 0.48644 0.44808 0.482753 0.42871 0.48644 0.44808 0.487651 0.45939 0.487651 0.45939 0.48644 0.44808 0.492773 0.491442 0.487519 0.446721 0.48698 0.446153 0.489465 0.444443 0.489465 0.444443 0.48698 0.446153 0.488927 0.443875 0.542393 0.47141 0.517777 0.471651 0.54202 0.469127 0.54202 0.469127 0.517777 0.471651 0.517977 0.469363 0.54202 0.469127 0.517977 0.469363 0.518009 0.469153 0.54202 0.469127 0.518009 0.469153 0.54189 0.468514 0.54189 0.468514 0.518009 0.469153 0.518093 0.46862 0.54189 0.468514 0.518093 0.46862 0.541819 0.46816 0.541819 0.46816 0.518093 0.46862 0.518193 0.468046 0.541819 0.46816 0.518193 0.468046 0.541753 0.467815 0.536523 0.427535 0.523059 0.427667 0.523129 0.427328 0.536523 0.427535 0.523129 0.427328 0.536455 0.427204 0.536455 0.427204 0.523129 0.427328 0.52319 0.427046 0.536455 0.427204 0.52319 0.427046 0.5364 0.426916 0.487284 0.546714 0.483684 0.547132 0.483595 0.537584 0.491367 0.545393 0.49128 0.545781 0.491077 0.546036 0.491077 0.546036 0.490862 0.546134 0.491367 0.545393 0.491367 0.545393 0.490862 0.546134 0.487284 0.546714 0.491367 0.545393 0.487284 0.546714 0.491232 0.530982 0.491232 0.530982 0.487284 0.546714 0.483595 0.537584 0.491232 0.530982 0.483595 0.537584 0.483534 0.531072 0.460118 0.426072 0.452399 0.425865 0.452413 0.425449 0.460118 0.426072 0.452413 0.425449 0.460133 0.425619 0.460133 0.425619 0.452413 0.425449 0.45243 0.425097 0.460133 0.425619 0.45243 0.425097 0.460153 0.425243 0.483549 0.530379 0.491252 0.530223 0.491235 0.530569 0.483549 0.530379 0.491235 0.530569 0.483534 0.530792 0.483534 0.530792 0.491235 0.530569 0.491232 0.530982 0.483534 0.530792 0.491232 0.530982 0.483534 0.531072 0.472613 0.439906 0.4728 0.438904 0.476166 0.426504 0.476166 0.426504 0.4728 0.438904 0.47315 0.42588 0.476166 0.426504 0.47315 0.42588 0.476181 0.425961 0.459695 0.50034 0.461053 0.441225 0.461948 0.441712 0.469458 0.442073 0.470468 0.441941 0.469567 0.500605 0.469567 0.500605 0.470468 0.441941 0.471387 0.441503 0.476166 0.426504 0.480854 0.42663 0.472613 0.439906 0.472613 0.439906 0.480854 0.42663 0.469567 0.500605 0.472613 0.439906 0.469567 0.500605 0.472127 0.440802 0.472127 0.440802 0.469567 0.500605 0.471387 0.441503 0.460118 0.426072 0.459782 0.438554 0.452399 0.425865 0.452399 0.425865 0.459782 0.438554 0.459914 0.439565 0.452399 0.425865 0.459914 0.439565 0.459695 0.50034 0.459695 0.50034 0.459914 0.439565 0.460352 0.440485 0.459695 0.50034 0.460352 0.440485 0.461053 0.441225 0.46903 0.501318 0.467468 0.501532 0.462949 0.441898 0.462949 0.441898 0.467468 0.501532 0.466331 0.501619 0.469449 0.500965 0.469226 0.501232 0.469567 0.500605 0.469567 0.500605 0.469226 0.501232 0.46903 0.501318 0.469567 0.500605 0.46903 0.501318 0.469458 0.442073 0.469458 0.442073 0.46903 0.501318 0.462949 0.441898 0.466331 0.501619 0.463844 0.501607 0.462949 0.441898 0.462949 0.441898 0.463844 0.501607 0.463228 0.501561 0.462949 0.441898 0.463228 0.501561 0.460193 0.50108 0.460044 0.501015 0.459845 0.500802 0.460193 0.50108 0.460193 0.50108 0.459845 0.500802 0.459695 0.50034 0.460193 0.50108 0.459695 0.50034 0.462949 0.441898 0.462949 0.441898 0.459695 0.50034 0.461948 0.441712 0.459782 0.438554 0.460118 0.426072 0.460258 0.426076 0.459782 0.438554 0.460258 0.426076 0.4602 0.438566 0.460258 0.426076 0.460535 0.426083 0.4602 0.438566 0.4602 0.438566 0.460535 0.426083 0.460895 0.426093 0.4602 0.438566 0.460895 0.426093 0.46056 0.438575 0.519334 0.554004 0.519297 0.541577 0.519639 0.5416 0.519334 0.554004 0.519639 0.5416 0.519676 0.554028 0.519676 0.554028 0.519639 0.5416 0.520051 0.541608 0.519676 0.554028 0.520051 0.541608 0.520088 0.554036 0.459782 0.438554 0.4602 0.438566 0.460315 0.439447 0.4602 0.438566 0.46056 0.438575 0.460661 0.439348 0.519334 0.554004 0.519676 0.554028 0.519674 0.554732 0.519676 0.554028 0.520088 0.554036 0.520085 0.554714 0.519676 0.554028 0.520085 0.554714 0.519674 0.554732 0.519674 0.554732 0.520085 0.554714 0.520083 0.554879 0.519674 0.554732 0.520083 0.554879 0.519662 0.555388 0.520083 0.554879 0.520074 0.555347 0.519662 0.555388 0.519662 0.555388 0.520074 0.555347 0.520056 0.555871 0.519662 0.555388 0.520056 0.555871 0.519643 0.555933 0.468544 0.550658 0.468958 0.550713 0.468967 0.55129 0.468544 0.550658 0.468967 0.55129 0.468553 0.551257 0.468553 0.551257 0.468967 0.55129 0.46897 0.55195 0.468553 0.551257 0.46897 0.55195 0.468557 0.551942 0.519334 0.554004 0.519674 0.554732 0.519331 0.554782 0.519331 0.554782 0.519674 0.554732 0.519662 0.555388 0.519331 0.554782 0.519662 0.555388 0.519319 0.555507 0.519319 0.555507 0.519662 0.555388 0.519643 0.555933 0.519319 0.555507 0.519643 0.555933 0.519297 0.556109 0.468198 0.550503 0.468544 0.550658 0.468553 0.551257 0.468198 0.550503 0.468553 0.551257 0.468208 0.551165 0.468208 0.551165 0.468553 0.551257 0.468557 0.551942 0.468208 0.551165 0.468557 0.551942 0.468211 0.551921 0.4602 0.438566 0.460661 0.439348 0.460315 0.439447 0.460315 0.439447 0.460661 0.439348 0.460995 0.440051 0.460315 0.439447 0.460995 0.440051 0.460697 0.44025 0.460697 0.44025 0.460995 0.440051 0.461531 0.440616 0.460697 0.44025 0.461531 0.440616 0.461309 0.440895 0.461309 0.440895 0.461531 0.440616 0.462215 0.440988 0.461309 0.440895 0.462215 0.440988 0.462089 0.44132 0.462089 0.44132 0.462215 0.440988 0.46298 0.441131 0.462089 0.44132 0.46298 0.441131 0.462963 0.441483 0.459782 0.438554 0.460315 0.439447 0.459914 0.439565 0.459914 0.439565 0.460315 0.439447 0.460697 0.44025 0.459914 0.439565 0.460697 0.44025 0.460352 0.440485 0.460352 0.440485 0.460697 0.44025 0.461309 0.440895 0.460352 0.440485 0.461309 0.440895 0.461053 0.441225 0.461053 0.441225 0.461309 0.440895 0.462089 0.44132 0.461053 0.441225 0.462089 0.44132 0.461948 0.441712 0.461948 0.441712 0.462089 0.44132 0.462963 0.441483 0.461948 0.441712 0.462963 0.441483 0.462949 0.441898 0.46897 0.555196 0.46897 0.558442 0.468557 0.558434 0.468557 0.551942 0.468211 0.558413 0.468211 0.551921 0.46298 0.441131 0.469489 0.441306 0.469472 0.441658 0.46298 0.441131 0.469472 0.441658 0.462963 0.441483 0.462963 0.441483 0.469472 0.441658 0.469458 0.442073 0.462963 0.441483 0.469458 0.442073 0.462949 0.441898 0.46897 0.55195 0.46897 0.555196 0.468557 0.551942 0.468557 0.551942 0.46897 0.555196 0.468557 0.558434 0.468557 0.551942 0.468557 0.558434 0.468211 0.558413 0.469458 0.442073 0.469472 0.441658 0.470353 0.441542 0.469472 0.441658 0.469489 0.441306 0.470261 0.441205 0.468557 0.558434 0.46897 0.558442 0.468967 0.559119 0.468211 0.558413 0.468557 0.558434 0.468553 0.559137 0.468553 0.559137 0.468557 0.558434 0.468967 0.559119 0.468553 0.559137 0.468967 0.559119 0.468544 0.55979 0.468544 0.55979 0.468967 0.559119 0.468961 0.559548 0.468961 0.559548 0.468958 0.559748 0.468544 0.55979 0.468544 0.55979 0.468958 0.559748 0.468944 0.560267 0.468544 0.55979 0.468944 0.560267 0.46853 0.560329 0.451254 0.557693 0.450843 0.557624 0.450836 0.557468 0.451254 0.557693 0.450836 0.557468 0.451236 0.557157 0.450836 0.557468 0.450826 0.557108 0.451236 0.557157 0.451236 0.557157 0.450826 0.557108 0.450821 0.55648 0.451236 0.557157 0.450821 0.55648 0.451231 0.556506 0.468211 0.558413 0.468553 0.559137 0.468208 0.55919 0.468208 0.55919 0.468553 0.559137 0.468544 0.55979 0.468208 0.55919 0.468544 0.55979 0.468198 0.559911 0.468198 0.559911 0.468544 0.55979 0.46853 0.560329 0.468198 0.559911 0.46853 0.560329 0.468182 0.560506 0.451594 0.557877 0.451254 0.557693 0.451236 0.557157 0.451594 0.557877 0.451236 0.557157 0.451575 0.557285 0.451575 0.557285 0.451236 0.557157 0.451231 0.556506 0.451575 0.557285 0.451231 0.556506 0.451569 0.556566 0.469472 0.441658 0.470261 0.441205 0.470353 0.441542 0.470353 0.441542 0.470261 0.441205 0.470964 0.44087 0.470353 0.441542 0.470964 0.44087 0.471155 0.44116 0.471155 0.44116 0.470964 0.44087 0.471529 0.440334 0.471155 0.44116 0.471529 0.440334 0.4718 0.440549 0.4718 0.440549 0.471529 0.440334 0.471901 0.43965 0.4718 0.440549 0.471901 0.43965 0.472225 0.439767 0.472225 0.439767 0.471901 0.43965 0.472043 0.438884 0.472225 0.439767 0.472043 0.438884 0.472387 0.438893 0.469458 0.442073 0.470353 0.441542 0.470468 0.441941 0.470468 0.441941 0.470353 0.441542 0.471155 0.44116 0.470468 0.441941 0.471155 0.44116 0.471387 0.441503 0.471387 0.441503 0.471155 0.44116 0.4718 0.440549 0.471387 0.441503 0.4718 0.440549 0.472127 0.440802 0.472127 0.440802 0.4718 0.440549 0.472225 0.439767 0.472127 0.440802 0.472225 0.439767 0.472613 0.439906 0.472613 0.439906 0.472225 0.439767 0.472387 0.438893 0.472613 0.439906 0.472387 0.438893 0.4728 0.438904 0.47315 0.42588 0.4728 0.438904 0.472387 0.438893 0.47315 0.42588 0.472387 0.438893 0.472721 0.425868 0.472721 0.425868 0.472387 0.438893 0.472043 0.438884 0.472721 0.425868 0.472043 0.438884 0.472369 0.425859 0.451562 0.543893 0.451569 0.556566 0.451231 0.556506 0.451562 0.543893 0.451231 0.556506 0.451199 0.543834 0.451199 0.543834 0.451231 0.556506 0.450821 0.55648 0.451199 0.543834 0.450821 0.55648 0.450838 0.543814 0.442378 0.54958 0.442371 0.549993 0.442206 0.549959 0.442378 0.54958 0.441981 0.549719 0.441957 0.549579 0.451167 0.543448 0.450834 0.543429 0.450821 0.543141 0.451199 0.543834 0.450838 0.543814 0.450834 0.543429 0.441631 0.549831 0.442069 0.549863 0.441793 0.550097 0.441793 0.550097 0.442069 0.549863 0.442206 0.549959 0.441793 0.550097 0.442206 0.549959 0.442047 0.550276 0.442047 0.550276 0.442206 0.549959 0.442371 0.549993 0.442047 0.550276 0.442371 0.549993 0.442351 0.550339 0.450821 0.543141 0.451076 0.543156 0.451167 0.543448 0.44138 0.549901 0.441631 0.549831 0.441793 0.550097 0.44138 0.549901 0.441793 0.550097 0.441592 0.550248 0.472443 0.425445 0.472629 0.425097 0.472878 0.425104 0.472443 0.425445 0.472878 0.425104 0.472768 0.425454 0.472768 0.425454 0.472878 0.425104 0.473181 0.425112 0.472768 0.425454 0.473181 0.425112 0.473164 0.425464 0.450834 0.543429 0.451167 0.543448 0.451199 0.543834 0.451199 0.543834 0.451167 0.543448 0.451503 0.543502 0.451199 0.543834 0.451503 0.543502 0.451562 0.543893 0.472369 0.425859 0.472443 0.425445 0.472768 0.425454 0.472369 0.425859 0.472768 0.425454 0.472721 0.425868 0.472721 0.425868 0.472768 0.425454 0.473164 0.425464 0.472721 0.425868 0.473164 0.425464 0.47315 0.42588 0.442069 0.549863 0.442378 0.54958 0.442206 0.549959 0.441586 0.549573 0.441957 0.549579 0.441631 0.549831 0.441631 0.549831 0.441957 0.549579 0.441981 0.549719 0.441631 0.549831 0.441981 0.549719 0.442069 0.549863 0.442069 0.549863 0.441981 0.549719 0.442378 0.54958 0.483595 0.537584 0.483222 0.537586 0.483201 0.537211 0.483163 0.53701 0.483222 0.537083 0.483201 0.537211 0.483201 0.537211 0.483222 0.537083 0.483325 0.537215 0.483201 0.537211 0.483325 0.537215 0.483595 0.537584 0.452086 0.536198 0.451864 0.53592 0.452143 0.535566 0.452143 0.535566 0.452413 0.535847 0.452086 0.536198 0.452086 0.536198 0.452413 0.535847 0.452955 0.53576 0.452086 0.536198 0.452955 0.53576 0.452193 0.536466 0.453313 0.534566 0.453155 0.535378 0.452947 0.534566 0.452947 0.534566 0.453155 0.535378 0.452834 0.535193 0.452947 0.534566 0.452834 0.535193 0.45256 0.534566 0.45256 0.534566 0.452834 0.535193 0.452472 0.535056 0.557054 0.528033 0.557509 0.528007 0.557007 0.528414 0.557509 0.528007 0.55738 0.528392 0.557007 0.528414 0.557007 0.528414 0.55738 0.528392 0.557355 0.528768 0.557007 0.528414 0.557355 0.528768 0.557004 0.528788 0.483222 0.537586 0.482807 0.537584 0.483201 0.537211 0.483201 0.537211 0.482807 0.537584 0.48276 0.537208 0.483201 0.537211 0.48276 0.537208 0.483163 0.53701 0.483163 0.53701 0.48276 0.537208 0.482593 0.536822 0.451594 0.535743 0.452143 0.535566 0.451753 0.535832 0.451753 0.535832 0.452143 0.535566 0.451864 0.53592 0.557677 0.528738 0.557355 0.528768 0.557722 0.528361 0.557722 0.528361 0.557355 0.528768 0.55738 0.528392 0.557722 0.528361 0.55738 0.528392 0.557927 0.527968 0.557927 0.527968 0.55738 0.528392 0.557509 0.528007 0.452143 0.535566 0.452472 0.535056 0.452413 0.535847 0.452413 0.535847 0.452472 0.535056 0.452834 0.535193 0.452413 0.535847 0.452834 0.535193 0.452955 0.53576 0.452955 0.53576 0.452834 0.535193 0.453155 0.535378 0.520088 0.554036 0.520051 0.541608 0.525512 0.554042 0.525512 0.554042 0.520051 0.541608 0.525475 0.541614 0.474396 0.551963 0.46897 0.55195 0.468967 0.55129 0.474396 0.551963 0.468967 0.55129 0.474392 0.551148 0.474392 0.551148 0.468967 0.55129 0.468958 0.550713 0.474392 0.551148 0.468958 0.550713 0.474378 0.550486 0.52549 0.555632 0.520056 0.555871 0.520074 0.555347 0.52549 0.555632 0.520074 0.555347 0.525508 0.554885 0.520088 0.554036 0.525512 0.554042 0.520085 0.554714 0.520085 0.554714 0.525512 0.554042 0.525508 0.554885 0.520085 0.554714 0.525508 0.554885 0.520083 0.554879 0.520083 0.554879 0.525508 0.554885 0.520074 0.555347 0.474396 0.555209 0.46897 0.555196 0.474396 0.551963 0.474396 0.551963 0.46897 0.555196 0.46897 0.55195 0.474396 0.558455 0.46897 0.558442 0.474396 0.555209 0.474396 0.555209 0.46897 0.558442 0.46897 0.555196 0.450821 0.55648 0.450826 0.557108 0.445401 0.5564 0.445401 0.5564 0.450826 0.557108 0.445416 0.557387 0.468958 0.559748 0.474388 0.559561 0.468944 0.560267 0.468944 0.560267 0.474388 0.559561 0.474366 0.56042 0.450843 0.557624 0.445416 0.557387 0.450836 0.557468 0.450836 0.557468 0.445416 0.557387 0.450826 0.557108 0.46897 0.558442 0.474396 0.558455 0.468967 0.559119 0.468967 0.559119 0.474396 0.558455 0.474388 0.559561 0.468967 0.559119 0.474388 0.559561 0.468961 0.559548 0.468961 0.559548 0.474388 0.559561 0.468958 0.559748 0.445418 0.543733 0.450838 0.543814 0.445401 0.5564 0.445401 0.5564 0.450838 0.543814 0.450821 0.55648 0.450838 0.543814 0.445418 0.543733 0.445414 0.543348 0.450838 0.543814 0.445414 0.543348 0.450834 0.543429 0.450834 0.543429 0.445414 0.543348 0.445401 0.543061 0.450834 0.543429 0.445401 0.543061 0.450821 0.543141 0.441586 0.549573 0.441586 0.544146 0.441957 0.544152 0.441586 0.549573 0.441957 0.544152 0.441957 0.549579 0.441957 0.549579 0.441957 0.544152 0.442378 0.544154 0.441957 0.549579 0.442378 0.544154 0.442378 0.54958 0.466112 0.535109 0.466112 0.530222 0.466659 0.535109 0.466659 0.535109 0.466112 0.530222 0.46653 0.530222 0.46653 0.530222 0.466659 0.530222 0.466659 0.535109 0.466659 0.535109 0.466659 0.530222 0.46689 0.530222 0.466659 0.535109 0.46689 0.530222 0.46707 0.535109 0.54334 0.455906 0.548195 0.456182 0.543307 0.456316 0.543307 0.456316 0.548195 0.456182 0.548149 0.456716 0.543307 0.456316 0.548149 0.456716 0.543293 0.45644 0.543293 0.45644 0.548149 0.456716 0.543263 0.456656 0.456487 0.533087 0.455633 0.533941 0.453313 0.530222 0.462789 0.55031 0.461995 0.551105 0.460909 0.551396 0.453313 0.530222 0.455633 0.533941 0.453313 0.534566 0.453313 0.534566 0.455633 0.533941 0.45532 0.535109 0.453313 0.534566 0.45532 0.535109 0.453155 0.535378 0.456487 0.533087 0.453313 0.530222 0.457654 0.532774 0.457654 0.532774 0.453313 0.530222 0.466112 0.530222 0.457654 0.532774 0.466112 0.530222 0.45882 0.533087 0.466112 0.530222 0.466112 0.535109 0.464165 0.535109 0.452393 0.550055 0.452228 0.549224 0.452863 0.550759 0.452863 0.550759 0.452228 0.549224 0.455633 0.547134 0.45882 0.543945 0.463162 0.535779 0.459674 0.544799 0.459674 0.544799 0.463162 0.535779 0.46308 0.536194 0.459674 0.544799 0.46308 0.536194 0.459987 0.545967 0.459987 0.545967 0.46308 0.536194 0.46308 0.549224 0.459987 0.545967 0.46308 0.549224 0.459674 0.547134 0.459674 0.547134 0.46308 0.549224 0.45882 0.547988 0.45882 0.533087 0.466112 0.530222 0.459674 0.533941 0.459674 0.533941 0.466112 0.530222 0.464165 0.535109 0.459674 0.533941 0.464165 0.535109 0.459987 0.535109 0.453155 0.535378 0.45532 0.535109 0.452955 0.53576 0.452955 0.53576 0.45532 0.535109 0.455552 0.536121 0.452955 0.53576 0.455552 0.536121 0.452193 0.536466 0.452193 0.536466 0.455552 0.536121 0.456487 0.543945 0.452193 0.536466 0.456487 0.543945 0.452228 0.536737 0.452228 0.536737 0.456487 0.543945 0.455633 0.544799 0.452228 0.536737 0.455633 0.544799 0.452228 0.549224 0.452228 0.549224 0.455633 0.544799 0.455321 0.545967 0.452228 0.549224 0.455321 0.545967 0.455633 0.547134 0.46308 0.549224 0.462789 0.55031 0.45882 0.547988 0.45882 0.547988 0.462789 0.55031 0.460909 0.551396 0.45882 0.547988 0.460909 0.551396 0.457654 0.548301 0.457654 0.548301 0.460909 0.551396 0.457654 0.551396 0.457654 0.548301 0.457654 0.551396 0.456487 0.547988 0.456487 0.547988 0.457654 0.551396 0.454398 0.551396 0.456487 0.547988 0.454398 0.551396 0.455633 0.547134 0.455633 0.547134 0.454398 0.551396 0.453568 0.55123 0.455633 0.547134 0.453568 0.55123 0.452863 0.550759 0.464165 0.535109 0.46375 0.535191 0.459987 0.535109 0.459987 0.535109 0.46375 0.535191 0.463398 0.535427 0.459987 0.535109 0.463398 0.535427 0.459756 0.536121 0.459756 0.536121 0.463398 0.535427 0.463162 0.535779 0.459756 0.536121 0.463162 0.535779 0.459108 0.536934 0.459108 0.536934 0.463162 0.535779 0.45882 0.543945 0.459108 0.536934 0.45882 0.543945 0.458173 0.537385 0.458173 0.537385 0.45882 0.543945 0.457654 0.543632 0.458173 0.537385 0.457654 0.543632 0.457134 0.537385 0.457134 0.537385 0.457654 0.543632 0.456487 0.543945 0.457134 0.537385 0.456487 0.543945 0.456199 0.536934 0.456199 0.536934 0.456487 0.543945 0.455552 0.536121 0.552792 0.528575 0.55278 0.528356 0.552836 0.528234 0.552784 0.528846 0.552786 0.528986 0.552442 0.529006 0.55278 0.528356 0.552792 0.528575 0.552558 0.528513 0.552558 0.528513 0.552792 0.528575 0.552784 0.528846 0.552558 0.528513 0.552784 0.528846 0.552414 0.528743 0.552414 0.528743 0.552784 0.528846 0.552442 0.529006 0.552414 0.528743 0.552442 0.529006 0.552369 0.529011 0.452778 0.529985 0.4529 0.530222 0.452556 0.530222 0.45321 0.529828 0.453313 0.530222 0.4529 0.530222 0.4529 0.530222 0.452778 0.529985 0.45321 0.529828 0.45321 0.529828 0.452778 0.529985 0.452701 0.529674 0.45321 0.529828 0.452701 0.529674 0.453126 0.529484 0.525696 0.541592 0.525764 0.541149 0.526077 0.541104 0.525696 0.541592 0.526077 0.541104 0.526042 0.541542 0.526042 0.541542 0.526077 0.541104 0.526453 0.541083 0.526042 0.541542 0.526453 0.541083 0.526457 0.541519 0.452556 0.530222 0.452453 0.530187 0.452778 0.529985 0.452778 0.529985 0.452453 0.530187 0.4524 0.529967 0.452778 0.529985 0.4524 0.529967 0.452701 0.529674 0.552339 0.528335 0.552558 0.528513 0.552414 0.528743 0.552339 0.528335 0.552414 0.528743 0.552134 0.528662 0.526077 0.541104 0.526191 0.540781 0.526456 0.540766 0.526077 0.541104 0.526456 0.540766 0.526453 0.541083 0.453313 0.530222 0.45321 0.529828 0.453316 0.529807 0.453316 0.529807 0.45321 0.529828 0.453126 0.529484 0.453316 0.529807 0.453126 0.529484 0.453323 0.529455 0.525704 0.541791 0.525696 0.541592 0.526042 0.541542 0.525704 0.541791 0.526042 0.541542 0.52605 0.541804 0.52605 0.541804 0.526042 0.541542 0.526457 0.541519 0.52605 0.541804 0.526457 0.541519 0.526463 0.541802 0.552909 0.53267 0.552786 0.528986 0.557004 0.528788 0.557272 0.536829 0.553805 0.534364 0.557004 0.528788 0.557004 0.528788 0.553805 0.534364 0.553445 0.534038 0.553445 0.534038 0.553162 0.533627 0.557004 0.528788 0.557004 0.528788 0.553162 0.533627 0.55298 0.53316 0.557004 0.528788 0.55298 0.53316 0.552909 0.53267 0.530152 0.541723 0.526463 0.541802 0.526457 0.541519 0.530152 0.541723 0.526457 0.541519 0.530145 0.541302 0.530145 0.541302 0.526457 0.541519 0.526453 0.541083 0.530145 0.541302 0.526453 0.541083 0.530143 0.540932 0.530143 0.540932 0.526453 0.541083 0.526456 0.540766 0.552239 0.532719 0.552369 0.529011 0.552525 0.532693 0.552369 0.529011 0.552442 0.529006 0.552525 0.532693 0.552525 0.532693 0.552442 0.529006 0.552786 0.528986 0.552525 0.532693 0.552786 0.528986 0.552909 0.53267 0.553445 0.534038 0.553805 0.534364 0.553598 0.534701 0.532259 0.541576 0.531613 0.541636 0.532191 0.54117 0.532191 0.54117 0.531613 0.541636 0.531565 0.541225 0.532191 0.54117 0.531565 0.541225 0.532036 0.54082 0.532036 0.54082 0.531565 0.541225 0.531457 0.540868 0.55297 0.53456 0.552588 0.534009 0.553169 0.534316 0.553169 0.534316 0.552588 0.534009 0.552832 0.53383 0.531613 0.541636 0.530893 0.541686 0.531565 0.541225 0.531565 0.541225 0.530893 0.541686 0.530866 0.54127 0.531565 0.541225 0.530866 0.54127 0.531457 0.540868 0.531457 0.540868 0.530866 0.54127 0.53081 0.540906 0.552588 0.534009 0.552339 0.53338 0.552832 0.53383 0.552832 0.53383 0.552339 0.53338 0.552613 0.533275 0.552525 0.532693 0.552613 0.533275 0.552239 0.532719 0.552239 0.532719 0.552613 0.533275 0.552339 0.53338 0.530143 0.540932 0.53081 0.540906 0.530145 0.541302 0.530145 0.541302 0.53081 0.540906 0.530866 0.54127 0.530145 0.541302 0.530866 0.54127 0.530152 0.541723 0.530152 0.541723 0.530866 0.54127 0.530893 0.541686 0.440298 0.425643 0.44021 0.425097 0.440701 0.425648 0.440701 0.425648 0.44021 0.425097 0.440617 0.425117 0.532702 0.541108 0.532191 0.54117 0.532508 0.540766 0.532508 0.540766 0.532191 0.54117 0.532036 0.54082 0.553457 0.534996 0.55297 0.53456 0.553598 0.534701 0.553598 0.534701 0.55297 0.53456 0.553169 0.534316 0.553598 0.534701 0.553169 0.534316 0.553445 0.534038 0.553445 0.534038 0.553169 0.534316 0.552832 0.53383 0.553445 0.534038 0.552832 0.53383 0.553162 0.533627 0.553162 0.533627 0.552832 0.53383 0.552613 0.533275 0.553162 0.533627 0.552613 0.533275 0.55298 0.53316 0.55298 0.53316 0.552613 0.533275 0.552525 0.532693 0.55298 0.53316 0.552525 0.532693 0.552909 0.53267 0.543131 0.452541 0.543544 0.452568 0.54334 0.455906 0.54334 0.455906 0.54292 0.455878 0.543131 0.452541 0.543131 0.452541 0.54292 0.455878 0.542547 0.455847 0.543131 0.452541 0.542547 0.455847 0.542755 0.452509 0.530137 0.555229 0.526791 0.555297 0.526777 0.554966 0.530137 0.555229 0.526777 0.554966 0.530122 0.554897 0.530122 0.554897 0.526777 0.554966 0.526765 0.554559 0.530122 0.554897 0.526765 0.554559 0.53011 0.554488 0.526463 0.541802 0.530152 0.541723 0.530156 0.541765 0.530156 0.541765 0.530346 0.544932 0.526463 0.541802 0.526463 0.541802 0.530346 0.544932 0.530401 0.548146 0.526463 0.541802 0.530401 0.548146 0.526765 0.554559 0.526765 0.554559 0.530401 0.548146 0.530319 0.551358 0.526765 0.554559 0.530319 0.551358 0.53011 0.554488 0.427978 0.434195 0.428746 0.434097 0.429259 0.434305 0.433764 0.434822 0.433865 0.434908 0.431808 0.436259 0.431808 0.436259 0.433865 0.434908 0.434611 0.43542 0.431808 0.436259 0.434611 0.43542 0.435471 0.435794 0.429366 0.435374 0.429259 0.434305 0.432378 0.434992 0.432378 0.434992 0.429259 0.434305 0.433297 0.434367 0.428746 0.434097 0.432701 0.433596 0.429259 0.434305 0.429259 0.434305 0.432701 0.433596 0.432829 0.433783 0.429259 0.434305 0.432829 0.433783 0.433297 0.434367 0.423279 0.434793 0.427978 0.434195 0.423358 0.435305 0.423358 0.435305 0.427978 0.434195 0.429259 0.434305 0.423358 0.435305 0.429259 0.434305 0.423476 0.435997 0.423476 0.435997 0.429259 0.434305 0.429366 0.435374 0.504232 0.505987 0.504232 0.500043 0.504299 0.503071 0.429366 0.435374 0.427737 0.43678 0.426361 0.435756 0.426361 0.435756 0.427737 0.43678 0.423726 0.437297 0.426361 0.435756 0.423726 0.437297 0.423567 0.43649 0.423567 0.43649 0.423504 0.436152 0.426361 0.435756 0.426361 0.435756 0.423504 0.436152 0.423499 0.436121 0.426361 0.435756 0.423499 0.436121 0.423476 0.435997 0.433297 0.434367 0.433764 0.434822 0.432378 0.434992 0.432378 0.434992 0.433764 0.434822 0.431808 0.436259 0.432378 0.434992 0.431808 0.436259 0.429366 0.435374 0.429366 0.435374 0.431808 0.436259 0.430381 0.436441 0.429366 0.435374 0.430381 0.436441 0.427737 0.43678 0.544118 0.451214 0.543841 0.45093 0.544351 0.450994 0.544351 0.450994 0.543841 0.45093 0.544291 0.450552 0.544351 0.450994 0.544291 0.450552 0.544511 0.450876 0.427068 0.427368 0.427003 0.426833 0.427447 0.427256 0.427447 0.427256 0.427003 0.426833 0.427386 0.426706 0.531575 0.55448 0.532223 0.554454 0.531544 0.554874 0.531544 0.554874 0.532223 0.554454 0.532168 0.554842 0.542919 0.451092 0.543363 0.450503 0.54357 0.450684 0.54357 0.450684 0.543363 0.450503 0.543917 0.45004 0.54357 0.450684 0.543917 0.45004 0.544082 0.450257 0.54383 0.451609 0.54363 0.452076 0.543481 0.45141 0.543481 0.45141 0.54363 0.452076 0.543239 0.45196 0.543481 0.45141 0.543239 0.45196 0.542882 0.45185 0.544118 0.451214 0.54383 0.451609 0.543841 0.45093 0.543841 0.45093 0.54383 0.451609 0.543481 0.45141 0.543841 0.45093 0.543481 0.45141 0.543159 0.451227 0.543159 0.451227 0.543481 0.45141 0.542882 0.45185 0.53145 0.555192 0.530805 0.555217 0.530845 0.554892 0.530853 0.554492 0.531575 0.55448 0.530845 0.554892 0.530845 0.554892 0.531575 0.55448 0.531544 0.554874 0.530845 0.554892 0.531544 0.554874 0.53145 0.555192 0.543159 0.451227 0.542919 0.451092 0.54357 0.450684 0.543159 0.451227 0.54357 0.450684 0.543841 0.45093 0.543841 0.45093 0.54357 0.450684 0.544082 0.450257 0.543841 0.45093 0.544082 0.450257 0.544291 0.450552 0.53011 0.554488 0.530853 0.554492 0.530122 0.554897 0.530122 0.554897 0.530853 0.554492 0.530845 0.554892 0.530122 0.554897 0.530845 0.554892 0.530137 0.555229 0.530137 0.555229 0.530845 0.554892 0.530805 0.555217 0.542755 0.452509 0.542882 0.45185 0.543131 0.452541 0.543131 0.452541 0.542882 0.45185 0.543239 0.45196 0.543131 0.452541 0.543239 0.45196 0.543544 0.452568 0.543544 0.452568 0.543239 0.45196 0.54363 0.452076 0.530156 0.541765 0.530152 0.541723 0.530893 0.541686 0.433724 0.426473 0.433732 0.426022 0.434525 0.42595 0.428273 0.427154 0.427447 0.427256 0.427386 0.426706 0.53011 0.554488 0.530319 0.551358 0.530909 0.551382 0.53011 0.554488 0.530909 0.551382 0.530853 0.554492 0.530853 0.554492 0.530909 0.551382 0.531499 0.551396 0.530853 0.554492 0.531499 0.551396 0.531575 0.55448 0.531499 0.551396 0.532052 0.551399 0.531575 0.55448 0.531575 0.55448 0.532052 0.551399 0.532543 0.551391 0.531575 0.55448 0.532543 0.551391 0.532223 0.554454 0.427386 0.426706 0.43044 0.426433 0.43138 0.426767 0.427386 0.426706 0.43138 0.426767 0.428273 0.427154 0.532654 0.547291 0.532625 0.548086 0.532411 0.5465 0.532411 0.5465 0.532625 0.548086 0.532134 0.548114 0.532411 0.5465 0.532134 0.548114 0.53235 0.545789 0.44021 0.425097 0.440298 0.425643 0.438164 0.425914 0.532078 0.544828 0.531613 0.541636 0.532447 0.545061 0.532447 0.545061 0.531613 0.541636 0.532259 0.541576 0.532447 0.545061 0.532259 0.541576 0.5327 0.544241 0.437567 0.42569 0.44021 0.425097 0.438164 0.425914 0.532078 0.544828 0.531525 0.544871 0.531613 0.541636 0.531613 0.541636 0.531525 0.544871 0.530935 0.544906 0.531613 0.541636 0.530935 0.544906 0.530893 0.541686 0.530893 0.541686 0.530935 0.544906 0.530346 0.544932 0.530893 0.541686 0.530346 0.544932 0.530156 0.541765 0.532447 0.545061 0.53235 0.545789 0.532078 0.544828 0.532078 0.544828 0.53235 0.545789 0.532134 0.548114 0.532078 0.544828 0.532134 0.548114 0.531525 0.544871 0.531525 0.544871 0.532134 0.548114 0.531581 0.548134 0.531525 0.544871 0.531581 0.548134 0.530935 0.544906 0.530935 0.544906 0.531581 0.548134 0.530991 0.548144 0.530935 0.544906 0.530991 0.548144 0.530346 0.544932 0.530346 0.544932 0.530991 0.548144 0.530401 0.548146 0.433724 0.426473 0.43138 0.426767 0.433732 0.426022 0.433732 0.426022 0.43138 0.426767 0.43044 0.426433 0.532625 0.548086 0.532543 0.551391 0.532134 0.548114 0.532134 0.548114 0.532543 0.551391 0.532052 0.551399 0.532134 0.548114 0.532052 0.551399 0.531581 0.548134 0.531581 0.548134 0.532052 0.551399 0.531499 0.551396 0.531581 0.548134 0.531499 0.551396 0.530991 0.548144 0.530991 0.548144 0.531499 0.551396 0.530909 0.551382 0.530991 0.548144 0.530909 0.551382 0.530401 0.548146 0.530401 0.548146 0.530909 0.551382 0.530319 0.551358 0.549255 0.447688 0.547448 0.448902 0.549267 0.447477 0.549267 0.447477 0.547448 0.448902 0.54723 0.448582 0.549267 0.447477 0.54723 0.448582 0.549278 0.447209 0.549278 0.447209 0.54723 0.448582 0.547025 0.448293 0.549284 0.446962 0.547013 0.448276 0.549351 0.446548 0.549351 0.446548 0.547013 0.448276 0.546851 0.448063 0.427624 0.432653 0.427478 0.430215 0.427812 0.432724 0.427812 0.432724 0.427478 0.430215 0.427849 0.430106 0.427812 0.432724 0.427849 0.430106 0.428252 0.432956 0.544082 0.450257 0.547025 0.448293 0.544291 0.450552 0.544291 0.450552 0.547025 0.448293 0.54723 0.448582 0.544291 0.450552 0.54723 0.448582 0.544511 0.450876 0.544511 0.450876 0.54723 0.448582 0.547448 0.448902 0.427447 0.427256 0.427849 0.430106 0.427068 0.427368 0.427068 0.427368 0.427849 0.430106 0.427478 0.430215 0.543917 0.45004 0.546851 0.448063 0.544082 0.450257 0.544082 0.450257 0.546851 0.448063 0.547013 0.448276 0.544082 0.450257 0.547013 0.448276 0.547025 0.448293 0.547025 0.448293 0.547013 0.448276 0.549284 0.446962 0.547025 0.448293 0.549284 0.446962 0.549278 0.447209 0.432031 0.432447 0.432701 0.433596 0.428746 0.434097 0.427849 0.430106 0.427447 0.427256 0.428273 0.427154 0.423118 0.434199 0.422957 0.433606 0.425599 0.433283 0.423118 0.434199 0.425599 0.433283 0.423279 0.434793 0.427849 0.430106 0.428273 0.427154 0.428252 0.432956 0.428252 0.432956 0.428273 0.427154 0.428746 0.434097 0.428252 0.432956 0.428746 0.434097 0.425599 0.433283 0.425599 0.433283 0.428746 0.434097 0.427978 0.434195 0.425599 0.433283 0.427978 0.434195 0.423279 0.434793 0.43138 0.426767 0.433724 0.426473 0.433325 0.426782 0.433325 0.426782 0.433153 0.426937 0.43138 0.426767 0.43138 0.426767 0.433153 0.426937 0.432365 0.427908 0.43138 0.426767 0.432365 0.427908 0.428273 0.427154 0.428273 0.427154 0.432365 0.427908 0.43199 0.428653 0.43199 0.428653 0.431742 0.429475 0.428273 0.427154 0.428273 0.427154 0.431742 0.429475 0.43167 0.429921 0.428273 0.427154 0.43167 0.429921 0.428746 0.434097 0.428746 0.434097 0.43167 0.429921 0.431686 0.431194 0.428746 0.434097 0.431686 0.431194 0.432031 0.432447 0.422957 0.433606 0.423118 0.434199 0.422394 0.433782 0.422394 0.433782 0.423118 0.434199 0.422527 0.434227 0.422394 0.433782 0.422527 0.434227 0.422248 0.433845 0.516006 0.425488 0.516458 0.425872 0.516141 0.426206 0.516006 0.425488 0.516141 0.426206 0.51571 0.425661 0.51571 0.425661 0.516141 0.426206 0.515699 0.426599 0.51571 0.425661 0.515699 0.426599 0.515443 0.425801 0.515443 0.425801 0.515699 0.426599 0.515175 0.42593 0.515175 0.42593 0.515699 0.426599 0.515463 0.426791 0.515175 0.42593 0.515463 0.426791 0.514896 0.426057 0.514896 0.426057 0.515463 0.426791 0.51471 0.426137 0.51471 0.426137 0.515463 0.426791 0.515244 0.426958 0.51471 0.426137 0.515244 0.426958 0.514624 0.426172 0.423118 0.434199 0.423279 0.434793 0.422527 0.434227 0.422527 0.434227 0.423279 0.434793 0.422749 0.435012 0.516458 0.425872 0.517082 0.426654 0.516141 0.426206 0.516141 0.426206 0.517082 0.426654 0.516767 0.426988 0.516141 0.426206 0.516767 0.426988 0.515699 0.426599 0.515699 0.426599 0.516767 0.426988 0.516322 0.427384 0.515699 0.426599 0.516322 0.427384 0.515463 0.426791 0.515463 0.426791 0.516322 0.427384 0.516083 0.427578 0.515463 0.426791 0.516083 0.427578 0.515244 0.426958 0.515244 0.426958 0.516083 0.427578 0.515865 0.427745 0.508202 0.442939 0.503583 0.442895 0.50022 0.426036 0.50022 0.426036 0.503583 0.442895 0.502838 0.443033 0.50022 0.426036 0.502838 0.443033 0.502204 0.443443 0.50022 0.426036 0.514624 0.426172 0.508202 0.442939 0.508202 0.442939 0.514624 0.426172 0.515244 0.426958 0.508202 0.442939 0.515244 0.426958 0.509188 0.443159 0.516196 0.428989 0.512443 0.446927 0.511966 0.446047 0.501689 0.489796 0.501861 0.490145 0.50022 0.499038 0.511966 0.446047 0.510018 0.443781 0.516196 0.428989 0.516196 0.428989 0.510018 0.443781 0.509646 0.44343 0.516196 0.428989 0.509646 0.44343 0.516163 0.428339 0.516163 0.428339 0.509646 0.44343 0.509188 0.443159 0.516163 0.428339 0.509188 0.443159 0.515865 0.427745 0.515865 0.427745 0.509188 0.443159 0.515244 0.426958 0.503239 0.490674 0.503808 0.495233 0.502849 0.490705 0.502849 0.490705 0.503808 0.495233 0.502005 0.497145 0.502849 0.490705 0.502005 0.497145 0.502469 0.490619 0.502469 0.490619 0.502005 0.497145 0.50022 0.499038 0.502469 0.490619 0.50022 0.499038 0.50213 0.490428 0.50213 0.490428 0.50022 0.499038 0.501861 0.490145 0.502204 0.443443 0.501778 0.444067 0.50022 0.426036 0.50022 0.426036 0.501778 0.444067 0.501631 0.444798 0.50022 0.426036 0.501631 0.444798 0.50022 0.499038 0.50022 0.499038 0.501631 0.444798 0.501631 0.489414 0.50022 0.499038 0.501631 0.489414 0.501689 0.489796 0.503891 0.490303 0.505563 0.488529 0.50617 0.490417 0.50617 0.490417 0.506012 0.491188 0.503891 0.490303 0.503891 0.490303 0.506012 0.491188 0.505762 0.492022 0.503891 0.490303 0.505762 0.492022 0.503599 0.490534 0.503599 0.490534 0.505762 0.492022 0.505168 0.493353 0.503599 0.490534 0.505168 0.493353 0.503239 0.490674 0.503239 0.490674 0.505168 0.493353 0.50494 0.493748 0.503239 0.490674 0.50494 0.493748 0.503808 0.495233 0.505563 0.488529 0.505878 0.48808 0.50617 0.490417 0.50617 0.490417 0.505878 0.48808 0.506053 0.487537 0.50617 0.490417 0.506053 0.487537 0.511297 0.459021 0.511297 0.459021 0.506053 0.487537 0.512506 0.447948 0.511297 0.459021 0.512506 0.447948 0.516196 0.428989 0.516196 0.428989 0.512506 0.447948 0.512533 0.447444 0.516196 0.428989 0.512533 0.447444 0.512443 0.446927 0.499809 0.426014 0.49947 0.425959 0.499503 0.425551 0.481623 0.426746 0.481267 0.426693 0.481264 0.426329 0.481264 0.426329 0.481267 0.426693 0.480854 0.42663 0.553232 0.442932 0.553266 0.442665 0.553448 0.442548 0.553448 0.442548 0.553266 0.442665 0.553275 0.442573 0.553448 0.442548 0.553275 0.442573 0.553308 0.442128 0.480854 0.42663 0.480864 0.426318 0.481264 0.426329 0.481264 0.426329 0.480864 0.426318 0.480874 0.426087 0.481264 0.426329 0.480874 0.426087 0.481197 0.425924 0.481626 0.426746 0.481623 0.426746 0.481609 0.426338 0.481609 0.426338 0.481623 0.426746 0.481264 0.426329 0.481609 0.426338 0.481264 0.426329 0.481468 0.425932 0.481468 0.425932 0.481264 0.426329 0.481197 0.425924 0.553821 0.442724 0.553547 0.442886 0.553598 0.442459 0.553598 0.442459 0.553703 0.442318 0.553821 0.442724 0.553821 0.442724 0.553703 0.442318 0.554012 0.442468 0.499669 0.425137 0.499926 0.425156 0.499503 0.425551 0.499503 0.425551 0.499926 0.425156 0.49983 0.425576 0.499503 0.425551 0.49983 0.425576 0.499809 0.426014 0.499809 0.426014 0.49983 0.425576 0.499811 0.426014 0.50022 0.426036 0.499811 0.426014 0.500224 0.425587 0.500224 0.425587 0.499811 0.426014 0.49983 0.425576 0.500224 0.425587 0.49983 0.425576 0.500236 0.425165 0.500236 0.425165 0.49983 0.425576 0.499926 0.425156 0.554091 0.442159 0.554012 0.442468 0.553747 0.442149 0.553747 0.442149 0.554012 0.442468 0.553703 0.442318 0.553747 0.442149 0.553703 0.442318 0.553308 0.442128 0.553598 0.442459 0.553308 0.442128 0.553703 0.442318 0.480874 0.426087 0.480882 0.425916 0.481197 0.425924 0.553547 0.442886 0.553232 0.442932 0.553448 0.442548 0.553547 0.442886 0.553448 0.442548 0.553598 0.442459 0.553598 0.442459 0.553448 0.442548 0.553308 0.442128 0.553232 0.442932 0.548542 0.4428 0.553266 0.442665 0.503721 0.506876 0.503721 0.502157 0.504116 0.502203 0.553266 0.442665 0.548597 0.442417 0.553275 0.442573 0.553275 0.442573 0.548597 0.442417 0.548639 0.44188 0.553275 0.442573 0.548639 0.44188 0.553308 0.442128 0.480854 0.42663 0.476166 0.426504 0.480864 0.426318 0.480864 0.426318 0.476166 0.426504 0.476186 0.425961 0.480864 0.426318 0.476186 0.425961 0.480874 0.426087 0.480874 0.426087 0.476186 0.425961 0.480882 0.425916 0.548542 0.425097 0.551178 0.425564 0.551159 0.425861 0.553637 0.426977 0.5515 0.426519 0.5511 0.426232 0.553637 0.426977 0.5511 0.426232 0.553732 0.426525 0.553732 0.426525 0.5511 0.426232 0.551159 0.425861 0.553732 0.426525 0.551159 0.425861 0.553772 0.426292 0.553772 0.426292 0.551159 0.425861 0.551178 0.425564 0.422959 0.433417 0.425599 0.433283 0.422957 0.433606 0.548542 0.425097 0.551159 0.425861 0.548944 0.425479 0.548944 0.425479 0.551159 0.425861 0.5511 0.426232 0.548944 0.425479 0.5511 0.426232 0.549113 0.425697 0.549113 0.425697 0.5511 0.426232 0.5515 0.426519 0.549113 0.425697 0.5515 0.426519 0.549351 0.426119 0.516006 0.425488 0.51571 0.425661 0.515668 0.425504 0.515668 0.425504 0.51571 0.425661 0.515443 0.425801 0.554503 0.427758 0.554107 0.427739 0.55404 0.427352 0.554509 0.426918 0.554264 0.42708 0.553992 0.426848 0.554264 0.42708 0.554509 0.426918 0.554453 0.427402 0.554453 0.427402 0.554509 0.426918 0.554767 0.427317 0.554453 0.427402 0.554767 0.427317 0.554844 0.427541 0.514891 0.425628 0.51487 0.425248 0.515151 0.425537 0.515151 0.425537 0.51487 0.425248 0.515095 0.425198 0.515151 0.425537 0.515095 0.425198 0.515398 0.425445 0.515398 0.425445 0.515095 0.425198 0.515495 0.425097 0.515398 0.425445 0.515495 0.425097 0.515621 0.425353 0.422959 0.433417 0.422957 0.433606 0.422422 0.433657 0.422422 0.433657 0.422957 0.433606 0.422394 0.433782 0.422422 0.433657 0.422394 0.433782 0.422248 0.433845 0.516006 0.425488 0.515668 0.425504 0.516033 0.425305 0.516033 0.425305 0.515668 0.425504 0.515957 0.425192 0.422422 0.433657 0.422459 0.433543 0.422959 0.433417 0.553772 0.426292 0.554266 0.426448 0.554143 0.426634 0.553772 0.426292 0.554143 0.426634 0.553732 0.426525 0.553637 0.426977 0.553992 0.426848 0.553851 0.427087 0.553851 0.427087 0.553992 0.426848 0.554264 0.42708 0.553851 0.427087 0.554264 0.42708 0.55404 0.427352 0.55404 0.427352 0.554264 0.42708 0.554453 0.427402 0.55404 0.427352 0.554453 0.427402 0.554503 0.427758 0.554503 0.427758 0.554453 0.427402 0.554844 0.427541 0.554503 0.427758 0.554844 0.427541 0.554887 0.42777 0.51464 0.425298 0.51487 0.425248 0.514891 0.425628 0.51464 0.425298 0.514891 0.425628 0.514628 0.425761 0.514628 0.425761 0.514891 0.425628 0.51471 0.426137 0.514628 0.425761 0.51471 0.426137 0.514624 0.426172 0.553637 0.426977 0.553732 0.426525 0.553992 0.426848 0.553992 0.426848 0.553732 0.426525 0.554143 0.426634 0.553992 0.426848 0.554143 0.426634 0.554509 0.426918 0.554509 0.426918 0.554143 0.426634 0.554266 0.426448 0.554509 0.426918 0.554266 0.426448 0.554696 0.426784 0.501375 0.501839 0.501474 0.50137 0.501474 0.501968 0.515621 0.425353 0.515668 0.425504 0.515398 0.425445 0.515398 0.425445 0.515668 0.425504 0.515443 0.425801 0.515398 0.425445 0.515443 0.425801 0.515151 0.425537 0.515151 0.425537 0.515443 0.425801 0.515175 0.42593 0.515151 0.425537 0.515175 0.42593 0.514891 0.425628 0.514891 0.425628 0.515175 0.42593 0.514896 0.426057 0.514891 0.425628 0.514896 0.426057 0.51471 0.426137 0.553747 0.442149 0.553308 0.442128 0.554107 0.427739 0.514628 0.425761 0.514624 0.426172 0.50022 0.426036 0.50022 0.426036 0.500224 0.425587 0.514628 0.425761 0.514628 0.425761 0.500224 0.425587 0.500236 0.425165 0.514628 0.425761 0.500236 0.425165 0.51464 0.425298 0.554887 0.42777 0.554091 0.442159 0.553747 0.442149 0.554887 0.42777 0.553747 0.442149 0.554503 0.427758 0.554503 0.427758 0.553747 0.442149 0.554107 0.427739 0.549432 0.426367 0.549351 0.426119 0.5515 0.426519 0.553637 0.426977 0.553851 0.427087 0.55404 0.427352 0.553308 0.442128 0.548639 0.44188 0.554107 0.427739 0.554107 0.427739 0.548639 0.44188 0.549474 0.426846 0.55404 0.427352 0.554107 0.427739 0.553637 0.426977 0.553637 0.426977 0.554107 0.427739 0.549474 0.426846 0.553637 0.426977 0.549474 0.426846 0.5515 0.426519 0.5515 0.426519 0.549474 0.426846 0.549473 0.426635 0.5515 0.426519 0.549473 0.426635 0.549432 0.426367 0.438304 0.561888 0.438303 0.56183 0.438971 0.561814 0.438304 0.561888 0.438971 0.561814 0.438304 0.562062 0.438972 0.562617 0.438304 0.562291 0.438971 0.561814 0.438971 0.561814 0.438304 0.562291 0.438304 0.562062 0.516525 0.554702 0.516359 0.555333 0.515598 0.554403 0.515598 0.554403 0.516359 0.555333 0.515476 0.555048 0.515598 0.554403 0.515476 0.555048 0.515311 0.554327 0.515311 0.554327 0.515476 0.555048 0.515027 0.554935 0.438291 0.559298 0.438959 0.559282 0.438303 0.56183 0.438303 0.56183 0.438959 0.559282 0.438971 0.561814 0.556984 0.554035 0.556984 0.555379 0.556332 0.555357 0.556332 0.555357 0.556332 0.554237 0.556984 0.554035 0.556984 0.554035 0.556332 0.554237 0.556332 0.554103 0.556984 0.554035 0.556332 0.554103 0.556984 0.552837 0.510748 0.547939 0.509904 0.548455 0.509542 0.547975 0.509542 0.547975 0.509904 0.548455 0.509695 0.548647 0.509542 0.547975 0.509695 0.548647 0.508672 0.549017 0.509695 0.548647 0.50918 0.549323 0.508672 0.549017 0.541234 0.532899 0.540885 0.533601 0.540511 0.533581 0.541234 0.532899 0.540511 0.533581 0.539979 0.532849 0.540511 0.533581 0.539839 0.533559 0.539979 0.532849 0.539979 0.532849 0.539839 0.533559 0.539276 0.533552 0.539979 0.532849 0.539276 0.533552 0.538623 0.532844 0.538623 0.532844 0.539276 0.533552 0.538709 0.533555 0.538623 0.532844 0.538709 0.533555 0.537329 0.532883 0.538709 0.533555 0.53802 0.533571 0.537329 0.532883 0.537329 0.532883 0.53802 0.533571 0.53763 0.533588 0.508672 0.552924 0.50918 0.552579 0.509542 0.553962 0.53763 0.533588 0.536934 0.533635 0.536253 0.532964 0.509542 0.553962 0.509695 0.553252 0.509904 0.553444 0.509542 0.553962 0.509904 0.553444 0.510713 0.554637 0.438959 0.559282 0.438291 0.559298 0.438958 0.558164 0.438958 0.558164 0.438291 0.559298 0.43829 0.557957 0.51088 0.554007 0.510713 0.554637 0.510748 0.553955 0.510748 0.553955 0.510713 0.554637 0.509904 0.553444 0.556983 0.55791 0.556332 0.557888 0.556984 0.555379 0.556984 0.555379 0.556332 0.557888 0.556332 0.555357 0.556332 0.558759 0.556332 0.557888 0.556983 0.55791 0.556983 0.55791 0.556983 0.558411 0.556332 0.558759 0.556332 0.558759 0.556983 0.558411 0.556332 0.559064 0.556983 0.558411 0.556983 0.558903 0.556332 0.559064 0.556332 0.559064 0.556983 0.558903 0.556332 0.560076 0.556332 0.560076 0.556983 0.558903 0.556983 0.559389 0.556332 0.560076 0.556983 0.559389 0.556983 0.55987 0.500583 0.561389 0.500583 0.561138 0.501251 0.561124 0.501248 0.561993 0.500582 0.561637 0.501251 0.561124 0.501251 0.561124 0.500582 0.561637 0.500583 0.561389 0.516677 0.54022 0.516506 0.540849 0.515678 0.539888 0.515678 0.539888 0.516506 0.540849 0.515551 0.540532 0.515678 0.539888 0.515551 0.540532 0.515377 0.539806 0.515377 0.539806 0.515551 0.540532 0.515065 0.540406 0.50058 0.558606 0.501248 0.558592 0.500583 0.561138 0.500583 0.561138 0.501248 0.558592 0.501251 0.561124 0.549062 0.465051 0.549062 0.466395 0.548411 0.466374 0.548411 0.466374 0.548411 0.465254 0.549062 0.465051 0.549062 0.465051 0.548411 0.465254 0.548411 0.46512 0.549062 0.465051 0.548411 0.46512 0.549062 0.463854 0.510748 0.533402 0.509904 0.533918 0.509542 0.533438 0.509542 0.533438 0.509904 0.533918 0.509695 0.53411 0.509542 0.533438 0.509695 0.53411 0.508672 0.53448 0.509695 0.53411 0.50918 0.534786 0.508672 0.53448 0.541234 0.539545 0.540885 0.540247 0.540511 0.540227 0.541234 0.539545 0.540511 0.540227 0.539979 0.539495 0.540511 0.540227 0.539839 0.540205 0.539979 0.539495 0.539979 0.539495 0.539839 0.540205 0.539276 0.540198 0.539979 0.539495 0.539276 0.540198 0.538623 0.53949 0.538623 0.53949 0.539276 0.540198 0.538709 0.540201 0.538623 0.53949 0.538709 0.540201 0.537329 0.539529 0.538709 0.540201 0.53802 0.540217 0.537329 0.539529 0.537329 0.539529 0.53802 0.540217 0.53763 0.540234 0.508672 0.538387 0.50918 0.538042 0.509542 0.539424 0.53763 0.540234 0.536934 0.540281 0.536253 0.53961 0.509542 0.539424 0.509695 0.538715 0.509904 0.538906 0.509542 0.539424 0.509904 0.538906 0.510713 0.5401 0.501248 0.558592 0.50058 0.558606 0.501252 0.557475 0.501252 0.557475 0.50058 0.558606 0.500584 0.557265 0.51088 0.539469 0.510713 0.5401 0.510748 0.539418 0.510748 0.539418 0.510713 0.5401 0.509904 0.538906 0.549062 0.468926 0.548411 0.468905 0.549062 0.466395 0.549062 0.466395 0.548411 0.468905 0.548411 0.466374 0.548411 0.469776 0.548411 0.468905 0.549062 0.468926 0.549062 0.468926 0.549062 0.469427 0.548411 0.469776 0.548411 0.469776 0.549062 0.469427 0.548411 0.470081 0.549062 0.469427 0.549062 0.46992 0.548411 0.470081 0.548411 0.470081 0.549062 0.46992 0.548411 0.471092 0.548411 0.471092 0.549062 0.46992 0.549062 0.470405 0.548411 0.471092 0.549062 0.470405 0.549062 0.470887 0.554888 0.430217 0.554889 0.429965 0.555557 0.429952 0.555553 0.430822 0.554887 0.430465 0.555557 0.429952 0.555557 0.429952 0.554887 0.430465 0.554888 0.430217 0.516677 0.525682 0.516506 0.526312 0.515678 0.525351 0.515678 0.525351 0.516506 0.526312 0.515551 0.525994 0.515678 0.525351 0.515551 0.525994 0.515377 0.525269 0.515377 0.525269 0.515551 0.525994 0.515065 0.525869 0.554887 0.427434 0.555555 0.427421 0.554889 0.429965 0.554889 0.429965 0.555555 0.427421 0.555557 0.429952 0.532211 0.556496 0.532211 0.55784 0.53156 0.557818 0.53156 0.557818 0.53156 0.556698 0.532211 0.556496 0.532211 0.556496 0.53156 0.556698 0.53156 0.556564 0.532211 0.556496 0.53156 0.556564 0.532211 0.555298 0.510748 0.518864 0.509904 0.51938 0.509542 0.518901 0.509542 0.518901 0.509904 0.51938 0.509695 0.519573 0.509542 0.518901 0.509695 0.519573 0.508672 0.519942 0.509695 0.519573 0.50918 0.520248 0.508672 0.519942 0.541234 0.552837 0.540885 0.553539 0.540511 0.553519 0.541234 0.552837 0.540511 0.553519 0.539979 0.552787 0.540511 0.553519 0.539839 0.553497 0.539979 0.552787 0.539979 0.552787 0.539839 0.553497 0.539276 0.55349 0.539979 0.552787 0.539276 0.55349 0.538623 0.552782 0.538623 0.552782 0.539276 0.55349 0.538709 0.553493 0.538623 0.552782 0.538709 0.553493 0.537329 0.552822 0.538709 0.553493 0.53802 0.553509 0.537329 0.552822 0.537329 0.552822 0.53802 0.553509 0.53763 0.553526 0.508672 0.52385 0.50918 0.523504 0.509542 0.524887 0.53763 0.553526 0.536934 0.553573 0.536253 0.552902 0.509542 0.524887 0.509695 0.524178 0.509904 0.524369 0.509542 0.524887 0.509904 0.524369 0.510713 0.525563 0.555555 0.427421 0.554887 0.427434 0.555559 0.426303 0.555559 0.426303 0.554887 0.427434 0.554892 0.426092 0.51088 0.524932 0.510713 0.525563 0.510748 0.524881 0.510748 0.524881 0.510713 0.525563 0.509904 0.524369 0.532211 0.560371 0.53156 0.560349 0.532211 0.55784 0.532211 0.55784 0.53156 0.560349 0.53156 0.557818 0.53156 0.56122 0.53156 0.560349 0.532211 0.560371 0.532211 0.560371 0.532211 0.560871 0.53156 0.56122 0.53156 0.56122 0.532211 0.560871 0.53156 0.561525 0.532211 0.560871 0.532211 0.561364 0.53156 0.561525 0.53156 0.561525 0.532211 0.561364 0.53156 0.562537 0.53156 0.562537 0.532211 0.561364 0.532211 0.56185 0.53156 0.562537 0.532211 0.56185 0.532211 0.562331 0.516359 0.555333 0.516525 0.554702 0.516491 0.555409 0.516491 0.555409 0.516525 0.554702 0.516854 0.554891 0.516491 0.555409 0.516854 0.554891 0.5166 0.555548 0.516854 0.554891 0.517142 0.555269 0.5166 0.555548 0.552857 0.526185 0.553563 0.525949 0.553573 0.52642 0.552857 0.526185 0.553573 0.52642 0.552862 0.526276 0.552862 0.526276 0.553573 0.52642 0.553566 0.52679 0.552862 0.526276 0.553566 0.52679 0.552891 0.526546 0.525696 0.561181 0.525045 0.561159 0.525696 0.55865 0.525696 0.55865 0.525045 0.561159 0.525045 0.558628 0.525696 0.557306 0.525696 0.55865 0.525045 0.558628 0.525045 0.558628 0.525045 0.557508 0.525696 0.557306 0.525696 0.557306 0.525045 0.557508 0.525045 0.557374 0.525696 0.557306 0.525045 0.557374 0.525696 0.556109 0.510748 0.504327 0.509904 0.504843 0.509542 0.504364 0.509542 0.504364 0.509904 0.504843 0.509695 0.505035 0.509542 0.504364 0.509695 0.505035 0.508672 0.505405 0.509695 0.505035 0.50918 0.505711 0.508672 0.505405 0.541234 0.546191 0.540885 0.546893 0.540511 0.546873 0.541234 0.546191 0.540511 0.546873 0.539979 0.546141 0.539979 0.546141 0.540511 0.546873 0.539839 0.546851 0.539979 0.546141 0.539839 0.546851 0.538623 0.546136 0.539839 0.546851 0.539276 0.546844 0.538623 0.546136 0.538623 0.546136 0.539276 0.546844 0.538709 0.546847 0.538623 0.546136 0.538709 0.546847 0.537329 0.546175 0.538709 0.546847 0.53802 0.546863 0.537329 0.546175 0.537329 0.546175 0.53802 0.546863 0.53763 0.54688 0.508672 0.509312 0.50918 0.508967 0.509542 0.51035 0.53763 0.54688 0.536934 0.546927 0.536253 0.546256 0.509542 0.51035 0.509695 0.50964 0.509904 0.509832 0.509542 0.51035 0.509904 0.509832 0.510713 0.511026 0.494274 0.55873 0.493607 0.558744 0.494278 0.557612 0.494278 0.557612 0.493607 0.558744 0.493611 0.557402 0.51088 0.510395 0.510713 0.511026 0.510748 0.510344 0.510748 0.510344 0.510713 0.511026 0.509904 0.509832 0.493607 0.558744 0.494274 0.55873 0.49361 0.561275 0.49361 0.561275 0.494274 0.55873 0.494277 0.561262 0.515551 0.511457 0.515065 0.511332 0.515377 0.510731 0.493609 0.561527 0.49361 0.561275 0.494277 0.561262 0.494275 0.562131 0.493608 0.561775 0.494277 0.561262 0.494277 0.561262 0.493608 0.561775 0.493609 0.561527 0.516677 0.511145 0.516506 0.511775 0.515377 0.510731 0.501134 0.500043 0.501134 0.501333 0.500634 0.500508 0.53156 0.560349 0.525696 0.560349 0.53156 0.557818 0.53156 0.557818 0.525696 0.560349 0.525697 0.557818 0.555555 0.427421 0.555559 0.426303 0.561416 0.42742 0.561416 0.42742 0.555559 0.426303 0.561422 0.426168 0.555559 0.426303 0.55556 0.426169 0.561422 0.426168 0.561422 0.426168 0.55556 0.426169 0.555573 0.425312 0.561422 0.426168 0.555573 0.425312 0.561439 0.425097 0.555573 0.425312 0.555578 0.425098 0.561439 0.425097 0.536934 0.559409 0.536934 0.553573 0.53763 0.553526 0.536934 0.559409 0.53763 0.553526 0.53802 0.559345 0.53763 0.553526 0.53802 0.553509 0.53802 0.559345 0.53802 0.559345 0.53802 0.553509 0.538709 0.553493 0.53802 0.559345 0.538709 0.553493 0.539276 0.559326 0.538709 0.553493 0.539276 0.55349 0.539276 0.559326 0.539276 0.559326 0.539276 0.55349 0.539839 0.553497 0.539276 0.559326 0.539839 0.553497 0.540511 0.559355 0.539839 0.553497 0.540511 0.553519 0.540511 0.559355 0.540511 0.559355 0.540511 0.553519 0.540885 0.553539 0.540511 0.559355 0.540885 0.553539 0.541537 0.559428 0.540885 0.553539 0.541537 0.553592 0.541537 0.559428 0.525696 0.555484 0.53156 0.555485 0.53156 0.5557 0.525696 0.555484 0.53156 0.5557 0.525697 0.556564 0.53156 0.557818 0.525697 0.557818 0.53156 0.556698 0.53156 0.556698 0.525697 0.557818 0.525697 0.556564 0.53156 0.556698 0.525697 0.556564 0.53156 0.556564 0.53156 0.556564 0.525697 0.556564 0.53156 0.5557 0.555555 0.427421 0.561416 0.42742 0.555557 0.429952 0.555557 0.429952 0.561416 0.42742 0.561418 0.429951 0.561405 0.432133 0.555544 0.432134 0.561415 0.430821 0.561415 0.430821 0.555544 0.432134 0.555551 0.431125 0.555551 0.431125 0.555553 0.430822 0.561415 0.430821 0.561415 0.430821 0.555553 0.430822 0.555557 0.429952 0.561415 0.430821 0.555557 0.429952 0.561418 0.429951 0.516652 0.526403 0.516506 0.526312 0.516677 0.525682 0.516677 0.525682 0.517043 0.525909 0.516652 0.526403 0.552862 0.497057 0.553553 0.496599 0.553578 0.496969 0.552862 0.497057 0.553578 0.496969 0.552871 0.497205 0.552871 0.497205 0.553578 0.496969 0.553587 0.497403 0.552871 0.497205 0.553587 0.497403 0.552875 0.497379 0.517043 0.532344 0.516677 0.532572 0.516506 0.53198 0.516506 0.53198 0.516652 0.531889 0.517043 0.532344 0.517043 0.532344 0.516652 0.531889 0.516753 0.531745 0.517043 0.532344 0.516753 0.531745 0.517294 0.531983 0.553578 0.502681 0.552871 0.502401 0.552875 0.50223 0.553578 0.502681 0.552875 0.50223 0.553587 0.502255 0.548411 0.468905 0.542547 0.468904 0.548411 0.466374 0.548411 0.466374 0.542547 0.468904 0.542547 0.466374 0.501248 0.558592 0.501252 0.557475 0.507109 0.558589 0.507109 0.558589 0.501252 0.557475 0.507114 0.557337 0.501252 0.557475 0.501253 0.557341 0.507114 0.557337 0.507114 0.557337 0.501253 0.557341 0.501265 0.556484 0.507114 0.557337 0.501265 0.556484 0.507131 0.556266 0.501265 0.556484 0.501269 0.55627 0.507131 0.556266 0.536934 0.546117 0.536934 0.540281 0.53763 0.540234 0.536934 0.546117 0.53763 0.540234 0.53802 0.546053 0.53763 0.540234 0.53802 0.540217 0.53802 0.546053 0.53802 0.546053 0.53802 0.540217 0.538709 0.540201 0.53802 0.546053 0.538709 0.540201 0.539276 0.546034 0.538709 0.540201 0.539276 0.540198 0.539276 0.546034 0.539276 0.546034 0.539276 0.540198 0.539839 0.540205 0.539276 0.546034 0.539839 0.540205 0.540511 0.546063 0.539839 0.540205 0.540511 0.540227 0.540511 0.546063 0.540511 0.546063 0.540511 0.540227 0.540885 0.540247 0.540511 0.546063 0.540885 0.540247 0.541537 0.546136 0.540885 0.540247 0.541537 0.5403 0.541537 0.546136 0.542547 0.46404 0.548411 0.46404 0.548411 0.464256 0.542547 0.46404 0.548411 0.464256 0.542547 0.46512 0.548411 0.466374 0.542547 0.466374 0.548411 0.465254 0.548411 0.465254 0.542547 0.466374 0.542547 0.46512 0.548411 0.465254 0.542547 0.46512 0.548411 0.46512 0.548411 0.46512 0.542547 0.46512 0.548411 0.464256 0.501248 0.558592 0.507109 0.558589 0.501251 0.561124 0.501251 0.561124 0.507109 0.558589 0.507112 0.56112 0.548411 0.471092 0.542547 0.471092 0.548411 0.470081 0.548411 0.470081 0.542547 0.471092 0.542547 0.469775 0.548411 0.470081 0.542547 0.469775 0.548411 0.469776 0.548411 0.469776 0.542547 0.469775 0.542547 0.468904 0.548411 0.469776 0.542547 0.468904 0.548411 0.468905 0.5071 0.563302 0.501239 0.563305 0.507109 0.56199 0.507109 0.56199 0.501239 0.563305 0.501246 0.562297 0.501246 0.562297 0.501248 0.561993 0.507109 0.56199 0.507109 0.56199 0.501248 0.561993 0.501251 0.561124 0.507109 0.56199 0.501251 0.561124 0.507112 0.56112 0.516652 0.54094 0.516506 0.540849 0.516677 0.54022 0.516677 0.54022 0.517043 0.540446 0.516652 0.54094 0.552862 0.511587 0.553553 0.511129 0.553578 0.511499 0.552862 0.511587 0.553578 0.511499 0.552871 0.511735 0.552871 0.511735 0.553578 0.511499 0.553587 0.511933 0.552871 0.511735 0.553587 0.511933 0.552875 0.511909 0.517043 0.546881 0.516677 0.547109 0.516506 0.546518 0.516506 0.546518 0.516652 0.546426 0.517043 0.546881 0.517043 0.546881 0.516652 0.546426 0.516753 0.546282 0.517043 0.546881 0.516753 0.546282 0.517294 0.546521 0.553578 0.517212 0.552871 0.516931 0.552875 0.51676 0.553578 0.517212 0.552875 0.51676 0.553587 0.516785 0.556332 0.560076 0.550469 0.560076 0.556332 0.559064 0.556332 0.559064 0.550469 0.560076 0.550469 0.558759 0.556332 0.559064 0.550469 0.558759 0.556332 0.558759 0.556332 0.558759 0.550469 0.558759 0.550469 0.557888 0.556332 0.558759 0.550469 0.557888 0.556332 0.557888 0.556332 0.557888 0.550469 0.557888 0.556332 0.555357 0.556332 0.555357 0.550469 0.557888 0.550469 0.555357 0.438959 0.559282 0.438958 0.558164 0.44482 0.559256 0.44482 0.559256 0.438958 0.558164 0.44482 0.558005 0.438958 0.558164 0.438959 0.558031 0.44482 0.558005 0.44482 0.558005 0.438959 0.558031 0.438968 0.557173 0.44482 0.558005 0.438968 0.557173 0.444833 0.556934 0.438968 0.557173 0.438972 0.55696 0.444833 0.556934 0.536934 0.539471 0.536934 0.533635 0.53763 0.533588 0.536934 0.539471 0.53763 0.533588 0.53802 0.539407 0.53763 0.533588 0.53802 0.533571 0.53802 0.539407 0.53802 0.539407 0.53802 0.533571 0.538709 0.533555 0.53802 0.539407 0.538709 0.533555 0.539276 0.539388 0.538709 0.533555 0.539276 0.533552 0.539276 0.539388 0.539276 0.539388 0.539276 0.533552 0.539839 0.533559 0.539276 0.539388 0.539839 0.533559 0.540511 0.539417 0.539839 0.533559 0.540511 0.533581 0.540511 0.539417 0.540511 0.539417 0.540511 0.533581 0.540885 0.533601 0.540511 0.539417 0.540885 0.533601 0.541537 0.53949 0.540885 0.533601 0.541537 0.533654 0.541537 0.53949 0.550469 0.553024 0.556332 0.553024 0.556332 0.553239 0.550469 0.553024 0.556332 0.553239 0.550469 0.554103 0.556332 0.555357 0.550469 0.555357 0.556332 0.554237 0.556332 0.554237 0.550469 0.555357 0.550469 0.554103 0.556332 0.554237 0.550469 0.554103 0.556332 0.554103 0.556332 0.554103 0.550469 0.554103 0.556332 0.553239 0.438959 0.559282 0.44482 0.559256 0.438971 0.561814 0.438971 0.561814 0.44482 0.559256 0.444832 0.561788 0.444829 0.563816 0.438968 0.563842 0.444833 0.562591 0.444833 0.562591 0.438968 0.563842 0.438971 0.562906 0.438971 0.562906 0.438972 0.562617 0.444833 0.562591 0.444833 0.562591 0.438972 0.562617 0.438971 0.561814 0.444833 0.562591 0.438971 0.561814 0.444832 0.561788 0.516652 0.511865 0.516506 0.511775 0.516677 0.511145 0.516677 0.511145 0.517043 0.511372 0.516652 0.511865 0.552862 0.482527 0.553553 0.482069 0.553578 0.482439 0.552862 0.482527 0.553578 0.482439 0.552871 0.482675 0.552871 0.482675 0.553578 0.482439 0.553587 0.482873 0.552871 0.482675 0.553587 0.482873 0.552875 0.482848 0.517043 0.517807 0.516677 0.518035 0.516506 0.517443 0.516506 0.517443 0.516652 0.517352 0.517043 0.517807 0.517043 0.517807 0.516652 0.517352 0.516753 0.517207 0.517043 0.517807 0.516753 0.517207 0.517294 0.517446 0.553578 0.488151 0.552871 0.487871 0.552875 0.4877 0.553578 0.488151 0.552875 0.4877 0.553587 0.487725 0.53156 0.562537 0.525696 0.562537 0.53156 0.561525 0.53156 0.561525 0.525696 0.562537 0.525696 0.56122 0.53156 0.561525 0.525696 0.56122 0.53156 0.56122 0.53156 0.56122 0.525696 0.56122 0.525696 0.560349 0.53156 0.56122 0.525696 0.560349 0.53156 0.560349 0.525696 0.561181 0.525696 0.561239 0.525045 0.561159 0.525045 0.561159 0.525696 0.561239 0.525696 0.561413 0.525045 0.561159 0.525696 0.561413 0.525045 0.561964 0.525045 0.561964 0.525696 0.561413 0.525696 0.561643 0.525045 0.561964 0.525696 0.561643 0.525696 0.562098 0.525045 0.561964 0.525696 0.562098 0.525045 0.563193 0.525045 0.563193 0.525696 0.562098 0.525696 0.562543 0.525045 0.563193 0.525696 0.562543 0.525696 0.562993 0.559401 0.526766 0.553566 0.52679 0.553573 0.52642 0.559401 0.526766 0.553573 0.52642 0.559408 0.526347 0.559408 0.526347 0.553573 0.52642 0.553563 0.525949 0.559408 0.526347 0.553563 0.525949 0.559399 0.525925 0.559399 0.525925 0.553563 0.525949 0.553535 0.525558 0.559399 0.525925 0.553535 0.525558 0.559374 0.525568 0.444826 0.564187 0.438965 0.564176 0.438968 0.563842 0.444826 0.564187 0.438968 0.563842 0.444829 0.563816 0.552891 0.526546 0.553566 0.52679 0.552956 0.526838 0.552956 0.526838 0.553566 0.52679 0.553536 0.527379 0.553495 0.527887 0.55332 0.527579 0.553536 0.527379 0.516864 0.556712 0.516498 0.556933 0.516527 0.556625 0.516864 0.556712 0.516527 0.556625 0.516582 0.556199 0.516582 0.556199 0.516527 0.556625 0.507908 0.556646 0.5166 0.555548 0.516635 0.555637 0.507781 0.555569 0.507781 0.555569 0.516635 0.555637 0.516642 0.555906 0.507781 0.555569 0.516642 0.555906 0.507878 0.55609 0.507878 0.55609 0.516642 0.555906 0.516582 0.556199 0.507878 0.55609 0.516582 0.556199 0.507912 0.556556 0.507912 0.556556 0.516582 0.556199 0.507908 0.556646 0.507898 0.55686 0.5079 0.557075 0.507378 0.556217 0.507332 0.556098 0.507131 0.554971 0.507717 0.554985 0.507898 0.55686 0.507378 0.556217 0.507908 0.556646 0.507717 0.554985 0.507781 0.555569 0.507332 0.556098 0.507332 0.556098 0.507781 0.555569 0.507878 0.55609 0.507332 0.556098 0.507878 0.55609 0.507378 0.556217 0.507378 0.556217 0.507878 0.55609 0.507912 0.556556 0.507378 0.556217 0.507912 0.556556 0.507908 0.556646 0.507131 0.503334 0.507717 0.503348 0.507131 0.554971 0.507131 0.554971 0.507717 0.503348 0.507717 0.554985 0.509542 0.518901 0.508209 0.508038 0.510713 0.51822 0.510713 0.51822 0.508209 0.508038 0.508672 0.509312 0.514819 0.511282 0.515065 0.511332 0.515552 0.517765 0.514819 0.511282 0.515552 0.517765 0.514569 0.511252 0.514569 0.511252 0.515552 0.517765 0.515065 0.517893 0.515552 0.517765 0.515065 0.511332 0.515551 0.511457 0.515552 0.517765 0.515551 0.511457 0.516032 0.517612 0.514819 0.525819 0.515065 0.525869 0.515552 0.532302 0.508672 0.509312 0.509542 0.51035 0.510713 0.51822 0.510713 0.51822 0.509542 0.51035 0.510713 0.511026 0.510713 0.51822 0.510713 0.511026 0.512045 0.517981 0.512045 0.517981 0.510713 0.511026 0.512045 0.511258 0.512045 0.517981 0.512045 0.511258 0.514569 0.517975 0.514569 0.517975 0.512045 0.511258 0.514569 0.511252 0.514569 0.517975 0.514569 0.511252 0.515065 0.517893 0.508672 0.505405 0.507717 0.503348 0.509542 0.504364 0.509542 0.504364 0.507717 0.503348 0.507781 0.502765 0.509542 0.504364 0.507781 0.502765 0.510713 0.503682 0.509542 0.518901 0.508672 0.519942 0.508209 0.508038 0.508209 0.508038 0.508672 0.519942 0.507717 0.503348 0.508209 0.508038 0.507717 0.503348 0.508209 0.506681 0.508209 0.506681 0.507717 0.503348 0.508672 0.505405 0.510713 0.547294 0.508209 0.537113 0.508672 0.538387 0.514819 0.525819 0.515552 0.532302 0.514569 0.525789 0.514569 0.525789 0.515552 0.532302 0.515065 0.53243 0.516652 0.511865 0.516753 0.512009 0.516506 0.511775 0.516506 0.511775 0.516753 0.512009 0.516789 0.512181 0.516789 0.517035 0.516753 0.517207 0.516652 0.517352 0.515027 0.503364 0.514799 0.50341 0.507781 0.502765 0.507781 0.502765 0.514799 0.50341 0.514627 0.503433 0.510713 0.547294 0.509542 0.547975 0.508209 0.537113 0.508209 0.537113 0.509542 0.547975 0.508672 0.549017 0.508209 0.537113 0.508672 0.549017 0.508209 0.550293 0.508672 0.552924 0.509542 0.553962 0.507781 0.555569 0.507781 0.555569 0.509542 0.553962 0.510713 0.554637 0.507781 0.555569 0.510713 0.554637 0.512045 0.55487 0.516652 0.517352 0.516506 0.517443 0.516789 0.517035 0.516789 0.517035 0.516506 0.517443 0.516032 0.517612 0.516789 0.517035 0.516032 0.517612 0.516789 0.512181 0.516789 0.512181 0.516032 0.517612 0.515551 0.511457 0.516789 0.512181 0.515551 0.511457 0.516506 0.511775 0.515916 0.503114 0.515477 0.503249 0.507781 0.502765 0.507781 0.502765 0.515477 0.503249 0.515027 0.503364 0.514627 0.503433 0.514569 0.503437 0.507781 0.502765 0.507781 0.502765 0.514569 0.503437 0.512045 0.503443 0.507781 0.502765 0.512045 0.503443 0.510713 0.503682 0.514819 0.540357 0.515065 0.540406 0.515552 0.546839 0.508209 0.522576 0.508672 0.52385 0.508209 0.535756 0.508209 0.535756 0.508672 0.52385 0.509542 0.524887 0.508209 0.535756 0.509542 0.524887 0.508672 0.53448 0.516789 0.526718 0.516789 0.531572 0.516032 0.53215 0.514569 0.525789 0.515065 0.53243 0.514569 0.532512 0.514569 0.525789 0.514569 0.532512 0.512045 0.525795 0.512045 0.525795 0.514569 0.532512 0.512045 0.532518 0.512045 0.525795 0.512045 0.532518 0.510713 0.525563 0.510713 0.525563 0.512045 0.532518 0.510713 0.532757 0.510713 0.525563 0.510713 0.532757 0.509542 0.524887 0.509542 0.524887 0.510713 0.532757 0.509542 0.533438 0.509542 0.524887 0.509542 0.533438 0.508672 0.53448 0.5166 0.502744 0.516491 0.502883 0.507781 0.502765 0.507781 0.502765 0.516491 0.502883 0.516359 0.50296 0.507781 0.502765 0.516359 0.50296 0.515916 0.503114 0.514819 0.540357 0.515552 0.546839 0.514569 0.540327 0.514569 0.540327 0.515552 0.546839 0.515065 0.546967 0.508672 0.519942 0.508209 0.521219 0.507717 0.503348 0.507717 0.503348 0.508209 0.521219 0.508209 0.522576 0.507717 0.503348 0.508209 0.522576 0.507717 0.554985 0.507717 0.554985 0.508209 0.522576 0.508209 0.535756 0.508209 0.535756 0.508209 0.537113 0.507717 0.554985 0.507717 0.554985 0.508209 0.537113 0.508209 0.550293 0.507717 0.554985 0.508209 0.550293 0.507781 0.555569 0.507781 0.555569 0.508209 0.550293 0.508209 0.55165 0.507781 0.555569 0.508209 0.55165 0.508672 0.552924 0.514799 0.554891 0.515027 0.554935 0.507781 0.555569 0.507781 0.555569 0.515027 0.554935 0.515476 0.555048 0.516753 0.531745 0.516652 0.531889 0.516789 0.531572 0.516789 0.531572 0.516652 0.531889 0.516506 0.53198 0.516789 0.531572 0.516506 0.53198 0.516032 0.53215 0.512045 0.55487 0.514569 0.554864 0.507781 0.555569 0.507781 0.555569 0.514569 0.554864 0.514627 0.554868 0.507781 0.555569 0.514627 0.554868 0.514799 0.554891 0.516652 0.526403 0.516753 0.526546 0.516506 0.526312 0.516506 0.526312 0.516753 0.526546 0.516789 0.526718 0.516506 0.526312 0.516789 0.526718 0.515551 0.525994 0.515551 0.525994 0.516789 0.526718 0.516032 0.53215 0.515551 0.525994 0.516032 0.53215 0.515552 0.532302 0.515551 0.525994 0.515552 0.532302 0.515065 0.525869 0.516789 0.541256 0.516789 0.54611 0.516032 0.546687 0.508672 0.538387 0.509542 0.539424 0.510713 0.547294 0.510713 0.547294 0.509542 0.539424 0.510713 0.5401 0.510713 0.547294 0.510713 0.5401 0.512045 0.547055 0.512045 0.547055 0.510713 0.5401 0.512045 0.540333 0.512045 0.547055 0.512045 0.540333 0.514569 0.547049 0.514569 0.547049 0.512045 0.540333 0.514569 0.540327 0.514569 0.547049 0.514569 0.540327 0.515065 0.546967 0.516491 0.555409 0.5166 0.555548 0.516359 0.555333 0.516359 0.555333 0.5166 0.555548 0.507781 0.555569 0.516359 0.555333 0.507781 0.555569 0.515476 0.555048 0.516753 0.546282 0.516652 0.546426 0.516789 0.54611 0.516789 0.54611 0.516652 0.546426 0.516506 0.546518 0.516789 0.54611 0.516506 0.546518 0.516032 0.546687 0.516652 0.54094 0.516753 0.541084 0.516506 0.540849 0.516506 0.540849 0.516753 0.541084 0.516789 0.541256 0.516506 0.540849 0.516789 0.541256 0.515551 0.540532 0.515551 0.540532 0.516789 0.541256 0.516032 0.546687 0.515551 0.540532 0.516032 0.546687 0.515552 0.546839 0.515551 0.540532 0.515552 0.546839 0.515065 0.540406 0.525045 0.561159 0.519181 0.561159 0.525045 0.558628 0.525045 0.558628 0.519181 0.561159 0.519182 0.558628 0.494274 0.55873 0.494278 0.557612 0.500136 0.558726 0.500136 0.558726 0.494278 0.557612 0.500141 0.557475 0.494278 0.557612 0.494279 0.557479 0.500141 0.557475 0.500141 0.557475 0.494279 0.557479 0.494291 0.556621 0.500141 0.557475 0.494291 0.556621 0.500157 0.556404 0.494291 0.556621 0.494296 0.556408 0.500157 0.556404 0.536934 0.552763 0.536934 0.546927 0.53763 0.54688 0.536934 0.552763 0.53763 0.54688 0.53802 0.552699 0.53763 0.54688 0.53802 0.546863 0.53802 0.552699 0.53802 0.552699 0.53802 0.546863 0.538709 0.546847 0.53802 0.552699 0.538709 0.546847 0.539276 0.55268 0.538709 0.546847 0.539276 0.546844 0.539276 0.55268 0.539276 0.55268 0.539276 0.546844 0.539839 0.546851 0.539276 0.55268 0.539839 0.546851 0.540511 0.552709 0.539839 0.546851 0.540511 0.546873 0.540511 0.552709 0.540511 0.552709 0.540511 0.546873 0.540885 0.546893 0.540511 0.552709 0.540885 0.546893 0.541537 0.552782 0.540885 0.546893 0.541537 0.546946 0.541537 0.552782 0.519182 0.556295 0.525045 0.556295 0.525045 0.556511 0.519182 0.556295 0.525045 0.556511 0.519182 0.557374 0.525045 0.558628 0.519182 0.558628 0.525045 0.557508 0.525045 0.557508 0.519182 0.558628 0.519182 0.557374 0.525045 0.557508 0.519182 0.557374 0.525045 0.557374 0.525045 0.557374 0.519182 0.557374 0.525045 0.556511 0.494274 0.55873 0.500136 0.558726 0.494277 0.561262 0.494277 0.561262 0.500136 0.558726 0.500139 0.561258 0.500127 0.563439 0.494266 0.563443 0.494275 0.562131 0.500127 0.563439 0.494275 0.562131 0.500136 0.562127 0.500136 0.562127 0.494275 0.562131 0.494277 0.561262 0.500136 0.562127 0.494277 0.561262 0.500139 0.561258 0.466981 0.551826 0.46707 0.551396 0.46707 0.561079 0.46707 0.561079 0.466981 0.560649 0.466981 0.551826 0.466981 0.551826 0.466981 0.560649 0.466729 0.560289 0.466981 0.551826 0.466729 0.560289 0.466729 0.552187 0.466729 0.552187 0.466729 0.560289 0.466363 0.560063 0.466729 0.552187 0.466363 0.560063 0.466363 0.552415 0.466363 0.552415 0.466363 0.560063 0.465064 0.559649 0.466363 0.552415 0.465064 0.559649 0.465064 0.552835 0.465064 0.552835 0.465064 0.559649 0.4642 0.5595 0.465064 0.552835 0.4642 0.5595 0.4642 0.552988 0.4642 0.552988 0.4642 0.5595 0.461677 0.552994 0.461677 0.552994 0.4642 0.5595 0.461677 0.559506 0.461677 0.552994 0.461677 0.559506 0.460435 0.553245 0.461677 0.559506 0.460435 0.559261 0.459382 0.558558 0.459382 0.553953 0.460435 0.553245 0.458678 0.555011 0.458678 0.555011 0.460435 0.553245 0.461677 0.559506 0.458678 0.555011 0.461677 0.559506 0.458431 0.556258 0.458431 0.556258 0.461677 0.559506 0.459382 0.558558 0.458431 0.556258 0.459382 0.558558 0.458678 0.557503 0.555538 0.432505 0.555544 0.432134 0.561405 0.432133 0.561405 0.432133 0.5614 0.432504 0.555538 0.432505 0.553553 0.496599 0.559389 0.496575 0.559414 0.496945 0.553553 0.496599 0.559414 0.496945 0.553578 0.496969 0.553578 0.496969 0.559414 0.496945 0.559422 0.497379 0.553578 0.496969 0.559422 0.497379 0.553587 0.497403 0.552875 0.497379 0.553587 0.497403 0.552875 0.50223 0.552875 0.50223 0.553587 0.497403 0.553587 0.502255 0.542547 0.471092 0.548411 0.471092 0.548411 0.471467 0.542547 0.471092 0.548411 0.471467 0.542547 0.471471 0.559389 0.503003 0.553553 0.503031 0.553578 0.502681 0.559389 0.503003 0.553578 0.502681 0.559414 0.502655 0.559414 0.502655 0.553578 0.502681 0.553587 0.502255 0.559414 0.502655 0.553587 0.502255 0.559422 0.502231 0.430887 0.56026 0.430799 0.559832 0.430887 0.550577 0.430887 0.550577 0.430799 0.559832 0.43055 0.559474 0.430887 0.550577 0.43055 0.559474 0.430799 0.551005 0.428017 0.552169 0.428881 0.552016 0.43018 0.559244 0.43018 0.559244 0.428881 0.552016 0.43018 0.551596 0.43018 0.559244 0.43018 0.551596 0.43055 0.559474 0.43055 0.559474 0.43018 0.551596 0.43055 0.551364 0.43055 0.559474 0.43055 0.551364 0.430799 0.551005 0.43018 0.559244 0.428881 0.55883 0.428017 0.552169 0.428017 0.552169 0.428881 0.55883 0.428017 0.558681 0.428017 0.552169 0.428017 0.558681 0.425494 0.552175 0.425494 0.552175 0.428017 0.558681 0.425494 0.558687 0.425494 0.552175 0.425494 0.558687 0.424252 0.558442 0.424252 0.558442 0.423199 0.557739 0.422495 0.556684 0.424252 0.552426 0.425494 0.552175 0.423199 0.553134 0.423199 0.553134 0.425494 0.552175 0.424252 0.558442 0.423199 0.553134 0.424252 0.558442 0.422495 0.554192 0.422495 0.554192 0.424252 0.558442 0.422495 0.556684 0.422495 0.554192 0.422495 0.556684 0.422248 0.555439 0.559422 0.511909 0.553587 0.511933 0.553578 0.511499 0.559422 0.511909 0.553578 0.511499 0.559414 0.511478 0.559414 0.511478 0.553578 0.511499 0.553553 0.511129 0.559414 0.511478 0.553553 0.511129 0.559389 0.511109 0.507095 0.563677 0.501234 0.563677 0.501239 0.563305 0.507095 0.563677 0.501239 0.563305 0.5071 0.563302 0.552875 0.511909 0.553587 0.511933 0.552875 0.51676 0.552875 0.51676 0.553587 0.511933 0.553587 0.516785 0.550469 0.560076 0.556332 0.560076 0.556332 0.560451 0.550469 0.560076 0.556332 0.560451 0.550469 0.560455 0.559389 0.517533 0.553553 0.517561 0.553578 0.517212 0.559389 0.517533 0.553578 0.517212 0.559414 0.517185 0.559414 0.517185 0.553578 0.517212 0.553587 0.516785 0.559414 0.517185 0.553587 0.516785 0.559422 0.516761 0.440652 0.546914 0.440652 0.555769 0.440564 0.547343 0.440564 0.547343 0.440652 0.555769 0.440315 0.547702 0.440437 0.556934 0.440508 0.556511 0.440652 0.555769 0.440652 0.555769 0.440508 0.556511 0.44041 0.556094 0.440652 0.555769 0.44041 0.556094 0.440315 0.547702 0.440315 0.547702 0.44041 0.556094 0.440159 0.555748 0.440315 0.547702 0.440159 0.555748 0.439945 0.547934 0.439945 0.547934 0.440159 0.555748 0.439793 0.555526 0.439945 0.547934 0.439793 0.555526 0.438646 0.548354 0.438646 0.548354 0.439793 0.555526 0.437782 0.548507 0.439793 0.555526 0.43858 0.555151 0.437782 0.548507 0.437782 0.548507 0.43858 0.555151 0.437782 0.555019 0.437782 0.548507 0.437782 0.555019 0.435259 0.548513 0.435259 0.548513 0.437782 0.555019 0.435259 0.555025 0.435259 0.555025 0.434017 0.55478 0.435259 0.548513 0.435259 0.548513 0.434017 0.55478 0.432964 0.554077 0.435259 0.548513 0.432964 0.554077 0.43226 0.553022 0.432964 0.549472 0.434017 0.548764 0.43226 0.55053 0.43226 0.55053 0.434017 0.548764 0.435259 0.548513 0.43226 0.55053 0.435259 0.548513 0.432013 0.551777 0.432013 0.551777 0.435259 0.548513 0.43226 0.553022 0.559422 0.482849 0.553587 0.482873 0.553578 0.482439 0.559422 0.482849 0.553578 0.482439 0.559414 0.482417 0.559414 0.482417 0.553578 0.482439 0.553553 0.482069 0.559414 0.482417 0.553553 0.482069 0.559389 0.482048 0.500122 0.563815 0.49426 0.563815 0.494266 0.563443 0.500122 0.563815 0.494266 0.563443 0.500127 0.563439 0.552875 0.482848 0.553587 0.482873 0.552875 0.4877 0.552875 0.4877 0.553587 0.482873 0.553587 0.487725 0.525696 0.562912 0.525696 0.562537 0.53156 0.562537 0.53156 0.562537 0.53156 0.562912 0.525696 0.562912 0.559389 0.488476 0.553553 0.4885 0.553578 0.488151 0.559389 0.488476 0.553578 0.488151 0.559414 0.488127 0.559414 0.488127 0.553578 0.488151 0.553587 0.487725 0.559414 0.488127 0.553587 0.487725 0.559422 0.487701 0.516854 0.503363 0.516525 0.503554 0.516359 0.50296 0.552875 0.47317 0.552891 0.47305 0.553566 0.47285 0.516359 0.50296 0.516491 0.502883 0.516854 0.503363 0.516854 0.503363 0.516491 0.502883 0.5166 0.502744 0.516854 0.503363 0.5166 0.502744 0.517142 0.502983 0.553563 0.473688 0.552857 0.473407 0.552875 0.47317 0.553563 0.473688 0.552875 0.47317 0.553573 0.473226 0.553573 0.473226 0.552875 0.47317 0.553566 0.47285 0.519181 0.561159 0.525045 0.561159 0.525045 0.561964 0.519181 0.561159 0.525045 0.561964 0.519181 0.561963 0.519181 0.561963 0.525045 0.561964 0.525045 0.563193 0.519181 0.561963 0.525045 0.563193 0.519181 0.563193 0.504376 0.553984 0.504969 0.554005 0.504945 0.55524 0.504376 0.553984 0.504945 0.55524 0.504356 0.555014 0.504356 0.555014 0.504945 0.55524 0.504877 0.556266 0.504356 0.555014 0.504877 0.556266 0.504299 0.555869 0.567834 0.528229 0.568171 0.528596 0.567118 0.529305 0.567834 0.528229 0.567118 0.529305 0.566957 0.528819 0.450324 0.538175 0.450515 0.538718 0.449261 0.538718 0.450324 0.538175 0.449261 0.538718 0.449279 0.538175 0.504376 0.502373 0.504969 0.502393 0.504376 0.553984 0.504376 0.553984 0.504969 0.502393 0.504969 0.554005 0.449261 0.540889 0.449261 0.538718 0.450515 0.538718 0.449261 0.540889 0.450515 0.538718 0.450515 0.540889 0.450515 0.540889 0.450515 0.538718 0.451594 0.538718 0.450515 0.540889 0.451594 0.538718 0.451594 0.540889 0.507038 0.556257 0.504877 0.556266 0.504945 0.55524 0.507038 0.556257 0.504945 0.55524 0.507107 0.555231 0.507107 0.555231 0.504945 0.55524 0.504969 0.554005 0.507107 0.555231 0.504969 0.554005 0.507131 0.553996 0.448348 0.538175 0.449279 0.538175 0.447785 0.53847 0.447785 0.53847 0.449279 0.538175 0.449261 0.538718 0.447785 0.53847 0.449261 0.538718 0.447168 0.538655 0.447168 0.538655 0.449261 0.538718 0.446531 0.538718 0.446531 0.538718 0.446531 0.531239 0.447168 0.538655 0.447168 0.538655 0.446531 0.531239 0.446901 0.531227 0.447168 0.538655 0.446901 0.531227 0.447785 0.53847 0.447785 0.53847 0.446901 0.531227 0.447787 0.531096 0.447968 0.531049 0.448864 0.538175 0.447787 0.531096 0.447787 0.531096 0.448864 0.538175 0.448348 0.538175 0.447787 0.531096 0.448348 0.538175 0.447785 0.53847 0.447968 0.531049 0.448874 0.530683 0.448864 0.538175 0.560951 0.527866 0.553495 0.527887 0.553536 0.527379 0.560951 0.527866 0.553536 0.527379 0.561019 0.526839 0.559422 0.525611 0.561043 0.525604 0.559401 0.526766 0.559401 0.526766 0.561043 0.525604 0.561019 0.526839 0.559401 0.526766 0.561019 0.526839 0.553566 0.52679 0.553566 0.52679 0.561019 0.526839 0.553536 0.527379 0.514091 0.558192 0.510321 0.558201 0.507898 0.55686 0.515347 0.557945 0.516498 0.556933 0.515529 0.557865 0.515529 0.557865 0.516498 0.556933 0.516442 0.557239 0.515347 0.557945 0.51446 0.558171 0.516498 0.556933 0.516498 0.556933 0.51446 0.558171 0.514091 0.558192 0.516498 0.556933 0.514091 0.558192 0.516527 0.556625 0.516527 0.556625 0.514091 0.558192 0.507898 0.55686 0.516527 0.556625 0.507898 0.55686 0.507908 0.556646 0.510321 0.558201 0.509091 0.55796 0.507898 0.55686 0.507898 0.55686 0.509091 0.55796 0.508072 0.557268 0.507898 0.55686 0.508072 0.557268 0.5079 0.557075 0.44275 0.531239 0.44275 0.540889 0.441533 0.540889 0.44275 0.531239 0.441533 0.540889 0.441512 0.531096 0.441512 0.531096 0.441533 0.540889 0.44049 0.540889 0.441512 0.531096 0.44049 0.540889 0.440479 0.530688 0.440479 0.530688 0.44049 0.540889 0.440479 0.540889 0.54232 0.471796 0.552237 0.471661 0.542167 0.471984 0.542167 0.471984 0.552237 0.471661 0.552072 0.472671 0.542167 0.471984 0.552072 0.472671 0.542044 0.472814 0.542044 0.472814 0.552072 0.472671 0.542033 0.47293 0.542033 0.47293 0.552072 0.472671 0.552013 0.473909 0.542033 0.47293 0.552013 0.473909 0.541986 0.474045 0.444378 0.543061 0.44436 0.542518 0.446549 0.543061 0.446549 0.543061 0.44436 0.542518 0.446531 0.542518 0.44436 0.540889 0.443727 0.540952 0.44275 0.540889 0.44275 0.540889 0.443727 0.540952 0.443123 0.541137 0.44275 0.540889 0.443123 0.541137 0.442764 0.541316 0.563282 0.473926 0.562627 0.473897 0.562698 0.472666 0.563282 0.473926 0.562698 0.472666 0.563341 0.4729 0.563341 0.4729 0.562698 0.472666 0.562874 0.471651 0.563341 0.4729 0.562874 0.471651 0.563488 0.472055 0.442486 0.543061 0.44209 0.542518 0.443123 0.542518 0.442486 0.543061 0.443123 0.542518 0.443347 0.543061 0.443347 0.543061 0.443123 0.542518 0.44436 0.542518 0.443347 0.543061 0.44436 0.542518 0.444378 0.543061 0.552668 0.473932 0.552013 0.473909 0.552072 0.472671 0.44275 0.540889 0.442764 0.541316 0.441533 0.540889 0.441533 0.540889 0.442764 0.541316 0.442665 0.541374 0.552668 0.473932 0.552072 0.472671 0.552717 0.4729 0.552717 0.4729 0.552072 0.472671 0.552237 0.471661 0.552717 0.4729 0.552237 0.471661 0.552857 0.47205 0.552237 0.471661 0.552239 0.471651 0.552857 0.47205 0.440884 0.541432 0.44049 0.540889 0.441533 0.540889 0.440884 0.541432 0.441533 0.540889 0.441754 0.541432 0.441754 0.541432 0.441533 0.540889 0.442665 0.541374 0.441754 0.541432 0.442665 0.541374 0.442568 0.541432 0.55267 0.525509 0.552015 0.525486 0.552668 0.473932 0.552668 0.473932 0.552015 0.525486 0.552013 0.473909 0.541986 0.474045 0.552013 0.473909 0.541988 0.525622 0.541988 0.525622 0.552013 0.473909 0.552015 0.525486 0.507717 0.503348 0.507131 0.503334 0.507781 0.502765 0.507781 0.502765 0.507131 0.503334 0.507332 0.502207 0.507781 0.502765 0.507332 0.502207 0.50781 0.502625 0.50781 0.502625 0.507332 0.502207 0.507854 0.502391 0.5079 0.501228 0.507898 0.501449 0.507378 0.502088 0.507378 0.502088 0.507898 0.501449 0.507908 0.501671 0.507378 0.502088 0.507908 0.501671 0.507332 0.502207 0.507332 0.502207 0.507908 0.501671 0.507894 0.502111 0.507332 0.502207 0.507894 0.502111 0.507854 0.502391 0.507781 0.502765 0.50781 0.502625 0.5166 0.502744 0.5166 0.502744 0.50781 0.502625 0.507854 0.502391 0.5166 0.502744 0.507854 0.502391 0.516655 0.502504 0.516655 0.502504 0.507854 0.502391 0.507894 0.502111 0.516655 0.502504 0.507894 0.502111 0.516642 0.502384 0.507908 0.501671 0.516527 0.501651 0.507894 0.502111 0.507894 0.502111 0.516527 0.501651 0.516549 0.501879 0.507894 0.502111 0.516549 0.501879 0.516642 0.502384 0.491716 0.549206 0.491967 0.548858 0.492209 0.549182 0.492209 0.549182 0.491967 0.548858 0.492065 0.548441 0.492209 0.549182 0.492065 0.548441 0.491994 0.548018 0.492209 0.558037 0.492121 0.557609 0.492209 0.549182 0.492209 0.549182 0.492121 0.557609 0.491872 0.55725 0.492209 0.549182 0.491872 0.55725 0.491716 0.549206 0.491716 0.549206 0.491872 0.55725 0.491502 0.55702 0.491716 0.549206 0.491502 0.55702 0.49135 0.549429 0.49135 0.549429 0.491502 0.55702 0.490203 0.556607 0.49135 0.549429 0.490203 0.556607 0.490137 0.54981 0.490137 0.54981 0.490203 0.556607 0.489339 0.556458 0.490137 0.54981 0.489339 0.556458 0.489339 0.549946 0.489339 0.549946 0.489339 0.556458 0.486816 0.549952 0.486816 0.549952 0.489339 0.556458 0.486816 0.556464 0.486816 0.549952 0.486816 0.556464 0.485574 0.550202 0.485574 0.550202 0.486816 0.556464 0.485574 0.556219 0.485574 0.550202 0.485574 0.556219 0.484521 0.555516 0.483817 0.551969 0.484521 0.550911 0.48357 0.553215 0.48357 0.553215 0.484521 0.550911 0.485574 0.550202 0.48357 0.553215 0.485574 0.550202 0.483817 0.554461 0.483817 0.554461 0.485574 0.550202 0.484521 0.555516 0.561043 0.473992 0.561043 0.525604 0.559422 0.516761 0.559422 0.516761 0.561043 0.525604 0.559422 0.525611 0.559422 0.497379 0.559422 0.487701 0.561043 0.473992 0.559422 0.502231 0.553587 0.502255 0.553587 0.497403 0.559422 0.473999 0.561043 0.473992 0.559422 0.482849 0.559422 0.482849 0.561043 0.473992 0.559422 0.487701 0.559422 0.482849 0.559422 0.487701 0.553587 0.482873 0.553587 0.482873 0.559422 0.487701 0.553587 0.487725 0.553587 0.497403 0.559422 0.497379 0.559422 0.502231 0.559422 0.502231 0.559422 0.497379 0.561043 0.473992 0.559422 0.502231 0.561043 0.473992 0.559422 0.511909 0.559422 0.511909 0.561043 0.473992 0.559422 0.516761 0.559422 0.511909 0.559422 0.516761 0.553587 0.511933 0.553587 0.511933 0.559422 0.516761 0.553587 0.516785 0.55303 0.472546 0.553141 0.472319 0.553536 0.472235 0.516864 0.501541 0.516527 0.501651 0.516498 0.501332 0.553536 0.472235 0.55332 0.472005 0.553495 0.471692 0.55303 0.472546 0.553536 0.472235 0.552891 0.47305 0.552891 0.47305 0.553536 0.472235 0.553563 0.472767 0.552891 0.47305 0.553563 0.472767 0.553566 0.47285 0.519181 0.563193 0.525045 0.563193 0.525045 0.563529 0.519181 0.563193 0.525045 0.563529 0.519181 0.563567 0.559374 0.474001 0.553535 0.474055 0.553563 0.473688 0.559374 0.474001 0.553563 0.473688 0.559399 0.473664 0.559399 0.473664 0.553563 0.473688 0.553573 0.473226 0.559399 0.473664 0.553573 0.473226 0.559408 0.473251 0.559408 0.473251 0.553573 0.473226 0.553566 0.47285 0.559408 0.473251 0.553566 0.47285 0.559401 0.472826 0.565495 0.472376 0.564994 0.471967 0.565922 0.471964 0.566445 0.526313 0.566445 0.474676 0.568627 0.474671 0.566198 0.52756 0.566957 0.528819 0.565495 0.528618 0.565495 0.528618 0.566957 0.528819 0.565922 0.529028 0.565495 0.528618 0.565922 0.529028 0.564994 0.52903 0.568627 0.474671 0.566445 0.474676 0.568421 0.473633 0.568421 0.473633 0.566445 0.474676 0.566198 0.473431 0.568421 0.473633 0.566198 0.473431 0.567834 0.472755 0.565495 0.472376 0.565922 0.471964 0.566198 0.473431 0.566198 0.473431 0.565922 0.471964 0.566957 0.472168 0.566198 0.473431 0.566957 0.472168 0.567834 0.472755 0.568627 0.474671 0.568627 0.526308 0.566445 0.526313 0.566445 0.526313 0.568627 0.526308 0.568421 0.527347 0.566445 0.526313 0.568421 0.527347 0.566198 0.52756 0.566198 0.52756 0.568421 0.527347 0.567834 0.528229 0.566198 0.52756 0.567834 0.528229 0.566957 0.528819 0.494912 0.537691 0.494923 0.538248 0.493672 0.538243 0.494912 0.537691 0.493672 0.538243 0.493869 0.537687 0.566957 0.472168 0.567118 0.471651 0.568171 0.472355 0.566957 0.472168 0.568171 0.472355 0.567834 0.472755 0.504299 0.500422 0.504877 0.500052 0.504945 0.501137 0.504299 0.500422 0.504945 0.501137 0.504356 0.501326 0.504356 0.501326 0.504945 0.501137 0.504969 0.502393 0.504356 0.501326 0.504969 0.502393 0.504376 0.502373 0.504969 0.502393 0.507131 0.502384 0.504969 0.554005 0.504969 0.554005 0.507131 0.502384 0.507131 0.553996 0.474396 0.505918 0.475065 0.505909 0.47582 0.557539 0.47582 0.557539 0.475065 0.505909 0.476489 0.557531 0.449279 0.541432 0.449261 0.540889 0.450515 0.540889 0.449279 0.541432 0.450515 0.540889 0.450324 0.541432 0.478171 0.559981 0.477839 0.56048 0.476802 0.559809 0.478171 0.559981 0.476802 0.559809 0.477307 0.559422 0.477307 0.559422 0.476802 0.559809 0.476093 0.558777 0.477307 0.559422 0.476093 0.558777 0.476716 0.558562 0.476716 0.558562 0.476093 0.558777 0.47582 0.557539 0.476716 0.558562 0.47582 0.557539 0.476489 0.557531 0.475065 0.505909 0.474396 0.505918 0.474601 0.504664 0.475065 0.505909 0.474601 0.504664 0.475235 0.504864 0.475235 0.504864 0.474601 0.504664 0.475252 0.503585 0.475235 0.504864 0.475252 0.503585 0.475778 0.503965 0.475778 0.503965 0.475252 0.503585 0.47625 0.502844 0.475778 0.503965 0.47625 0.502844 0.476609 0.503347 0.476609 0.503347 0.47625 0.502844 0.477443 0.502554 0.476609 0.503347 0.477443 0.502554 0.477604 0.503106 0.447168 0.540952 0.446531 0.540889 0.449261 0.540889 0.449279 0.541432 0.448348 0.541432 0.449261 0.540889 0.449261 0.540889 0.448348 0.541432 0.447785 0.541137 0.449261 0.540889 0.447785 0.541137 0.447168 0.540952 0.44275 0.531239 0.446531 0.531239 0.446531 0.538718 0.446531 0.542518 0.44436 0.542518 0.446531 0.540889 0.446531 0.540889 0.44436 0.542518 0.44436 0.540889 0.449261 0.538718 0.449261 0.540889 0.446531 0.538718 0.446531 0.538718 0.449261 0.540889 0.446531 0.540889 0.446531 0.538718 0.446531 0.540889 0.44275 0.531239 0.44275 0.531239 0.446531 0.540889 0.44436 0.540889 0.44275 0.531239 0.44436 0.540889 0.44275 0.540889 0.446549 0.543061 0.446531 0.542518 0.447785 0.542518 0.446549 0.543061 0.447785 0.542518 0.447594 0.543061 0.424531 0.550087 0.424186 0.550577 0.423167 0.549878 0.424531 0.550087 0.423167 0.549878 0.423683 0.549505 0.423683 0.549505 0.423167 0.549878 0.422487 0.548826 0.423683 0.549505 0.422487 0.548826 0.423116 0.548629 0.423116 0.548629 0.422487 0.548826 0.422248 0.547582 0.423116 0.548629 0.422248 0.547582 0.422916 0.547592 0.478549 0.561832 0.479071 0.563124 0.478486 0.563124 0.478395 0.563099 0.477956 0.562859 0.478549 0.561832 0.477817 0.562726 0.477589 0.562383 0.478549 0.561832 0.502151 0.545849 0.50184 0.545812 0.502315 0.544748 0.477511 0.561404 0.477588 0.561199 0.478549 0.561832 0.478549 0.561832 0.477955 0.560729 0.47846 0.56048 0.477865 0.560809 0.477955 0.560729 0.478549 0.561832 0.477588 0.561199 0.477865 0.560809 0.478549 0.561832 0.477458 0.56179 0.477511 0.561404 0.478549 0.561832 0.502444 0.545868 0.502151 0.545849 0.502315 0.544748 0.477956 0.562859 0.477817 0.562726 0.478549 0.561832 0.478486 0.563124 0.478395 0.563099 0.478549 0.561832 0.478549 0.561832 0.47846 0.56048 0.479042 0.56048 0.478549 0.561832 0.479938 0.561212 0.480074 0.5618 0.47957 0.560741 0.479938 0.561212 0.478549 0.561832 0.479042 0.56048 0.47957 0.560741 0.478549 0.561832 0.478549 0.561832 0.479593 0.562862 0.479071 0.563124 0.479951 0.562389 0.479593 0.562862 0.478549 0.561832 0.480074 0.5618 0.479951 0.562389 0.478549 0.561832 0.430117 0.508843 0.43024 0.508779 0.43024 0.54754 0.430117 0.508843 0.43024 0.54754 0.429717 0.508928 0.429474 0.549464 0.428625 0.550058 0.427624 0.550272 0.429717 0.508928 0.427624 0.550272 0.42344 0.508972 0.42344 0.508972 0.427624 0.550272 0.425532 0.550287 0.429717 0.508928 0.43024 0.54754 0.427624 0.550272 0.427624 0.550272 0.43024 0.54754 0.430041 0.54858 0.427624 0.550272 0.430041 0.54858 0.429474 0.549464 0.425532 0.550287 0.424531 0.550087 0.423683 0.549505 0.422916 0.508831 0.42344 0.508972 0.422916 0.547592 0.422916 0.547592 0.42344 0.508972 0.425532 0.550287 0.422916 0.547592 0.425532 0.550287 0.423116 0.548629 0.423116 0.548629 0.425532 0.550287 0.423683 0.549505 0.562221 0.513546 0.562627 0.473897 0.562248 0.513336 0.562248 0.513336 0.562627 0.473897 0.562325 0.513136 0.563282 0.473926 0.562885 0.512637 0.562627 0.473897 0.562627 0.473897 0.562885 0.512637 0.562612 0.512797 0.562627 0.473897 0.562612 0.512797 0.562325 0.513136 0.44436 0.540889 0.44436 0.542518 0.443727 0.540952 0.443727 0.540952 0.44436 0.542518 0.443123 0.542518 0.44209 0.541432 0.442568 0.541432 0.443123 0.542518 0.443123 0.542518 0.442568 0.541432 0.442665 0.541374 0.442665 0.541374 0.442764 0.541316 0.443123 0.542518 0.443123 0.542518 0.442764 0.541316 0.443123 0.541137 0.443123 0.542518 0.443123 0.541137 0.443727 0.540952 0.443123 0.542518 0.44209 0.542518 0.44209 0.541432 0.561819 0.471655 0.562874 0.471651 0.562698 0.472666 0.561819 0.471655 0.562698 0.472666 0.561643 0.47267 0.561643 0.47267 0.562698 0.472666 0.562627 0.473897 0.561643 0.47267 0.562627 0.473897 0.561572 0.4739 0.5691 0.472374 0.568627 0.471974 0.569435 0.472167 0.57002 0.526311 0.570848 0.52735 0.569781 0.527559 0.569781 0.527559 0.570848 0.52735 0.570274 0.528237 0.569781 0.527559 0.570274 0.528237 0.5691 0.52862 0.5691 0.52862 0.570274 0.528237 0.569417 0.52883 0.5691 0.52862 0.569417 0.52883 0.568627 0.529027 0.57002 0.47467 0.571049 0.474663 0.57002 0.526311 0.57002 0.526311 0.571049 0.474663 0.571049 0.526304 0.57002 0.526311 0.571049 0.526304 0.570848 0.52735 0.5691 0.472374 0.569435 0.472167 0.569781 0.473426 0.569781 0.473426 0.569435 0.472167 0.570283 0.47275 0.569781 0.473426 0.570283 0.47275 0.57002 0.47467 0.57002 0.47467 0.570283 0.47275 0.57085 0.473626 0.57002 0.47467 0.57085 0.473626 0.571049 0.474663 0.499858 0.500168 0.499467 0.500393 0.499887 0.500043 0.501529 0.540885 0.501437 0.540413 0.502678 0.540406 0.501529 0.540885 0.502678 0.540406 0.501626 0.540942 0.501626 0.540942 0.502678 0.540406 0.502461 0.540936 0.569435 0.472167 0.569489 0.471651 0.570508 0.47235 0.569435 0.472167 0.570508 0.47235 0.570283 0.47275 0.552857 0.527468 0.552239 0.527838 0.552073 0.526744 0.552857 0.527468 0.552073 0.526744 0.552718 0.526557 0.552718 0.526557 0.552073 0.526744 0.552015 0.525486 0.552718 0.526557 0.552015 0.525486 0.55267 0.525509 0.499858 0.500168 0.499791 0.500589 0.499467 0.500393 0.499467 0.500393 0.499791 0.500589 0.499779 0.501266 0.499467 0.500393 0.499779 0.501266 0.499887 0.501888 0.54232 0.527968 0.542169 0.527766 0.552239 0.527838 0.552239 0.527838 0.542169 0.527766 0.552073 0.526744 0.502678 0.540406 0.501437 0.540413 0.501434 0.530766 0.501434 0.530766 0.502038 0.530732 0.502678 0.540406 0.502678 0.540406 0.502038 0.530732 0.50268 0.530615 0.502678 0.540406 0.50268 0.530615 0.503721 0.540387 0.503721 0.540387 0.50268 0.530615 0.503071 0.530496 0.503721 0.540387 0.503071 0.530496 0.503721 0.530187 0.541988 0.525622 0.552015 0.525486 0.542035 0.526759 0.542035 0.526759 0.552015 0.525486 0.552073 0.526744 0.542035 0.526759 0.552073 0.526744 0.542046 0.52688 0.542046 0.52688 0.552073 0.526744 0.542169 0.527766 0.516527 0.501651 0.507908 0.501671 0.507898 0.501449 0.507898 0.501449 0.5079 0.501228 0.508069 0.50103 0.516527 0.501651 0.507898 0.501449 0.516498 0.501332 0.516498 0.501332 0.507898 0.501449 0.516432 0.501007 0.516498 0.501332 0.516432 0.501007 0.516442 0.501016 0.508069 0.50103 0.508702 0.50051 0.507898 0.501449 0.507898 0.501449 0.508702 0.50051 0.509087 0.500309 0.507898 0.501449 0.509087 0.500309 0.509721 0.500111 0.515345 0.500292 0.516432 0.501007 0.514091 0.500043 0.514091 0.500043 0.516432 0.501007 0.507898 0.501449 0.514091 0.500043 0.507898 0.501449 0.510321 0.500052 0.510321 0.500052 0.507898 0.501449 0.509721 0.500111 0.553566 0.47285 0.553563 0.472767 0.559401 0.472826 0.559401 0.472826 0.553563 0.472767 0.561019 0.472737 0.559401 0.472826 0.561019 0.472737 0.559422 0.473999 0.559422 0.473999 0.561019 0.472737 0.561043 0.473992 0.553563 0.472767 0.553536 0.472235 0.561019 0.472737 0.561019 0.472737 0.553536 0.472235 0.553495 0.471692 0.561019 0.472737 0.553495 0.471692 0.560951 0.471651 0.560951 0.471651 0.553495 0.471692 0.553499 0.471682 0.495332 0.537681 0.49533 0.530196 0.495843 0.537691 0.495843 0.537691 0.49533 0.530196 0.4964 0.530621 0.495843 0.537691 0.4964 0.530621 0.496393 0.537988 0.496393 0.537988 0.4964 0.530621 0.496708 0.538103 0.496708 0.538103 0.4964 0.530621 0.497652 0.530769 0.496708 0.538103 0.497652 0.530769 0.497654 0.538246 0.496708 0.538103 0.497654 0.538246 0.494923 0.538248 0.494912 0.537691 0.495843 0.537691 0.494923 0.538248 0.494923 0.538248 0.495843 0.537691 0.496393 0.537988 0.494923 0.538248 0.496393 0.537988 0.496708 0.538103 0.507131 0.502384 0.504969 0.502393 0.504945 0.501137 0.507131 0.502384 0.504945 0.501137 0.507107 0.501128 0.507107 0.501128 0.504945 0.501137 0.504877 0.500052 0.507107 0.501128 0.504877 0.500052 0.507038 0.500043 0.492602 0.540396 0.492601 0.538226 0.493672 0.538243 0.492602 0.540396 0.493672 0.538243 0.493672 0.540413 0.493672 0.540413 0.493672 0.538243 0.494923 0.538248 0.493672 0.540413 0.494923 0.538248 0.494924 0.540419 0.478501 0.503075 0.477604 0.503106 0.478947 0.502757 0.478947 0.502757 0.477604 0.503106 0.477443 0.502554 0.478947 0.502757 0.477443 0.502554 0.479481 0.502548 0.479481 0.502548 0.477443 0.502554 0.480074 0.502463 0.43232 0.563763 0.432536 0.55787 0.432659 0.563525 0.432659 0.563525 0.432536 0.55787 0.433059 0.558012 0.432659 0.563525 0.433059 0.558012 0.433059 0.563439 0.432013 0.556934 0.432153 0.557476 0.432013 0.564532 0.432013 0.564532 0.432153 0.557476 0.432536 0.55787 0.432013 0.564532 0.432536 0.55787 0.432093 0.564116 0.432093 0.564116 0.432536 0.55787 0.43232 0.563763 0.437244 0.557983 0.437645 0.558062 0.437984 0.558295 0.437984 0.558295 0.438211 0.558646 0.437244 0.557983 0.437244 0.557983 0.438211 0.558646 0.43829 0.559061 0.437244 0.557983 0.43829 0.559061 0.433059 0.558012 0.433059 0.558012 0.43829 0.559061 0.437244 0.56341 0.433059 0.558012 0.437244 0.56341 0.433059 0.563439 0.437984 0.563087 0.437645 0.563324 0.438211 0.562733 0.438211 0.562733 0.437645 0.563324 0.437244 0.56341 0.438211 0.562733 0.437244 0.56341 0.43829 0.562317 0.43829 0.562317 0.437244 0.56341 0.43829 0.559061 0.479579 0.559727 0.480074 0.560121 0.479177 0.560152 0.477173 0.505836 0.478596 0.557457 0.476489 0.557531 0.477377 0.504582 0.476609 0.503347 0.478028 0.503503 0.478028 0.503503 0.476609 0.503347 0.477604 0.503106 0.478028 0.503503 0.477604 0.503106 0.478501 0.503075 0.476489 0.557531 0.478596 0.557457 0.476716 0.558562 0.476716 0.558562 0.478596 0.557457 0.478869 0.558695 0.476716 0.558562 0.478869 0.558695 0.477307 0.559422 0.479579 0.559727 0.479177 0.560152 0.478869 0.558695 0.478869 0.558695 0.479177 0.560152 0.478171 0.559981 0.478869 0.558695 0.478171 0.559981 0.477307 0.559422 0.476489 0.557531 0.475065 0.505909 0.477173 0.505836 0.477173 0.505836 0.475065 0.505909 0.475235 0.504864 0.477173 0.505836 0.475235 0.504864 0.477377 0.504582 0.477377 0.504582 0.475235 0.504864 0.475778 0.503965 0.477377 0.504582 0.475778 0.503965 0.476609 0.503347 0.532795 0.572641 0.533875 0.572637 0.533851 0.573872 0.532795 0.572641 0.533851 0.573872 0.53277 0.573876 0.53277 0.573876 0.533851 0.573872 0.533783 0.574898 0.53277 0.573876 0.533783 0.574898 0.532702 0.574903 0.448864 0.541432 0.448864 0.542518 0.448348 0.541432 0.448348 0.541432 0.448864 0.542518 0.447785 0.542518 0.448348 0.541432 0.447785 0.542518 0.447785 0.541137 0.447785 0.541137 0.447785 0.542518 0.447168 0.540952 0.447168 0.540952 0.447785 0.542518 0.446531 0.542518 0.447168 0.540952 0.446531 0.542518 0.446531 0.540889 0.422916 0.508831 0.422916 0.547592 0.422427 0.508426 0.422427 0.508426 0.422916 0.547592 0.422248 0.547582 0.422427 0.508426 0.422248 0.547582 0.422294 0.508163 0.422294 0.508163 0.422248 0.547582 0.422248 0.507881 0.562457 0.546086 0.562515 0.538244 0.563046 0.546086 0.563046 0.546086 0.562515 0.538244 0.563189 0.538244 0.563046 0.546086 0.563189 0.538244 0.563132 0.546086 0.563132 0.546086 0.563189 0.538244 0.563512 0.54608 0.503009 0.545858 0.502786 0.553404 0.502254 0.553473 0.503009 0.545858 0.502254 0.553473 0.50284 0.545869 0.50284 0.545869 0.502254 0.553473 0.502444 0.545868 0.502444 0.545868 0.502254 0.553473 0.501566 0.553453 0.502444 0.545868 0.501566 0.553453 0.502151 0.545849 0.500905 0.55335 0.50149 0.545746 0.501566 0.553453 0.501566 0.553453 0.50149 0.545746 0.50184 0.545812 0.501566 0.553453 0.50184 0.545812 0.502151 0.545849 0.561708 0.530108 0.56238 0.530108 0.56238 0.537953 0.56238 0.537953 0.561816 0.537953 0.561708 0.530108 0.561708 0.530108 0.561816 0.537953 0.561708 0.537953 0.561708 0.530108 0.561708 0.537953 0.561228 0.530108 0.561228 0.530108 0.561708 0.537953 0.561348 0.537953 0.500905 0.55335 0.501319 0.545701 0.50149 0.545746 0.56238 0.537953 0.56238 0.530108 0.562977 0.530108 0.56238 0.537953 0.562977 0.530108 0.562973 0.537953 0.562973 0.537953 0.562977 0.530108 0.563462 0.530108 0.562973 0.537953 0.563462 0.530108 0.563458 0.537953 0.432004 0.515746 0.432013 0.523554 0.431475 0.523527 0.432004 0.515746 0.431475 0.523527 0.431471 0.51572 0.431471 0.51572 0.431475 0.523527 0.430868 0.523527 0.431471 0.51572 0.430868 0.523527 0.430868 0.515718 0.430868 0.515718 0.430868 0.523527 0.430313 0.523552 0.430868 0.515718 0.430313 0.523552 0.430313 0.515743 0.561386 0.546065 0.561455 0.538224 0.561943 0.538237 0.561386 0.546065 0.561943 0.538237 0.561865 0.546078 0.561865 0.546078 0.561943 0.538237 0.562515 0.538244 0.561865 0.546078 0.562515 0.538244 0.562457 0.546086 0.534956 0.522105 0.536253 0.5221 0.536239 0.522636 0.534956 0.522105 0.536239 0.522636 0.534942 0.522642 0.431942 0.52963 0.430639 0.52963 0.430639 0.52922 0.431942 0.52963 0.430639 0.52922 0.431942 0.52922 0.431942 0.52922 0.430639 0.52922 0.430639 0.528672 0.431942 0.52922 0.430639 0.528672 0.431942 0.528672 0.430639 0.524332 0.431942 0.524332 0.430639 0.528672 0.430639 0.528672 0.431942 0.524332 0.431942 0.528672 0.431942 0.524332 0.430639 0.524332 0.430639 0.523921 0.431942 0.524332 0.430639 0.523921 0.431942 0.523914 0.431942 0.523914 0.430639 0.523921 0.430639 0.523558 0.431942 0.523914 0.430639 0.523558 0.431942 0.523554 0.48011 0.527764 0.481407 0.527755 0.481384 0.528098 0.48011 0.527764 0.481384 0.528098 0.480087 0.528106 0.480087 0.528106 0.481384 0.528098 0.481376 0.528512 0.480087 0.528106 0.481376 0.528512 0.480079 0.528517 0.481377 0.531766 0.48008 0.531772 0.481376 0.528512 0.481376 0.528512 0.48008 0.531772 0.480079 0.528517 0.481401 0.522637 0.480098 0.522638 0.481402 0.52222 0.481402 0.52222 0.480098 0.522638 0.480099 0.522221 0.481402 0.52222 0.480099 0.522221 0.481407 0.521863 0.481407 0.521863 0.480099 0.522221 0.480105 0.521864 0.481407 0.532547 0.480111 0.532552 0.481385 0.532185 0.481385 0.532185 0.480111 0.532552 0.480088 0.532191 0.481385 0.532185 0.480088 0.532191 0.481377 0.531766 0.481377 0.531766 0.480088 0.532191 0.48008 0.531772 0.481407 0.526979 0.480105 0.526981 0.481401 0.522637 0.481401 0.522637 0.480105 0.526981 0.480098 0.522638 0.536253 0.529694 0.534956 0.529699 0.534948 0.529281 0.536253 0.529694 0.534948 0.529281 0.536245 0.529275 0.536245 0.529275 0.534948 0.529281 0.534925 0.528919 0.536245 0.529275 0.534925 0.528919 0.536222 0.528913 0.481401 0.527753 0.480098 0.527755 0.480103 0.527398 0.481401 0.527753 0.480103 0.527398 0.481406 0.527396 0.481406 0.527396 0.480103 0.527398 0.480105 0.526981 0.481406 0.527396 0.480105 0.526981 0.481407 0.526979 0.533875 0.532958 0.536253 0.532948 0.533908 0.533237 0.533908 0.533237 0.536253 0.532948 0.536245 0.53336 0.533908 0.533237 0.536245 0.53336 0.534006 0.533494 0.536245 0.53336 0.536239 0.533485 0.534006 0.533494 0.534006 0.533494 0.536239 0.533485 0.536222 0.533702 0.492209 0.566308 0.48997 0.566081 0.49182 0.565889 0.489986 0.565303 0.491832 0.565342 0.489977 0.565721 0.489977 0.565721 0.491832 0.565342 0.49182 0.565889 0.489977 0.565721 0.49182 0.565889 0.489975 0.56585 0.489975 0.56585 0.49182 0.565889 0.48997 0.566081 0.490123 0.558793 0.491968 0.558832 0.489986 0.565303 0.489986 0.565303 0.491968 0.558832 0.491832 0.565342 0.491977 0.558419 0.491968 0.558832 0.490131 0.558381 0.490131 0.558381 0.491968 0.558832 0.490123 0.558793 0.491977 0.558419 0.490131 0.558381 0.491979 0.558294 0.491979 0.558294 0.490131 0.558381 0.490139 0.558037 0.491979 0.558294 0.490139 0.558037 0.492209 0.55808 0.562612 0.512797 0.564626 0.51279 0.564567 0.513129 0.562612 0.512797 0.564567 0.513129 0.562325 0.513136 0.562325 0.513136 0.564567 0.513129 0.562248 0.513336 0.562248 0.513336 0.564567 0.513129 0.564543 0.513539 0.562248 0.513336 0.564543 0.513539 0.562221 0.513546 0.561572 0.4739 0.562627 0.473897 0.562221 0.513546 0.564543 0.513539 0.564421 0.525463 0.562221 0.513546 0.562221 0.513546 0.564421 0.525463 0.561043 0.525474 0.562221 0.513546 0.561043 0.525474 0.561572 0.4739 0.564621 0.527817 0.561089 0.526733 0.564466 0.526722 0.564466 0.526722 0.561089 0.526733 0.561043 0.525474 0.564466 0.526722 0.561043 0.525474 0.564421 0.525463 0.501069 0.544423 0.501078 0.540659 0.501429 0.540829 0.501429 0.540829 0.501529 0.540885 0.501069 0.544423 0.501069 0.544423 0.501529 0.540885 0.501626 0.540942 0.501069 0.544423 0.501626 0.540942 0.502111 0.544405 0.502111 0.544405 0.501626 0.540942 0.50211 0.540931 0.564621 0.527817 0.561243 0.527828 0.561089 0.526733 0.501078 0.540659 0.501069 0.544423 0.50046 0.540475 0.50046 0.540475 0.501069 0.544423 0.499827 0.544431 0.50046 0.540475 0.499827 0.544431 0.499826 0.540415 0.501434 0.530766 0.501437 0.540413 0.499826 0.540415 0.494924 0.540419 0.494923 0.538248 0.497655 0.540416 0.497655 0.540416 0.494923 0.538248 0.497654 0.538246 0.499827 0.544431 0.497656 0.544433 0.499826 0.540415 0.499826 0.540415 0.497656 0.544433 0.497655 0.540416 0.499826 0.540415 0.497655 0.540416 0.501434 0.530766 0.501434 0.530766 0.497655 0.540416 0.497654 0.538246 0.501434 0.530766 0.497654 0.538246 0.497652 0.530769 0.497655 0.540416 0.497656 0.544433 0.497018 0.540478 0.497018 0.540478 0.497656 0.544433 0.496405 0.544427 0.495333 0.540937 0.495844 0.540947 0.496405 0.544427 0.496405 0.544427 0.495844 0.540947 0.496404 0.540659 0.496405 0.544427 0.496404 0.540659 0.497018 0.540478 0.496405 0.544427 0.495334 0.54441 0.495333 0.540937 0.532702 0.518688 0.53616 0.518674 0.536229 0.519759 0.532702 0.518688 0.536229 0.519759 0.53277 0.519774 0.53277 0.519774 0.536229 0.519759 0.536253 0.521015 0.53277 0.519774 0.536253 0.521015 0.532795 0.521029 0.536253 0.521015 0.536253 0.5221 0.532795 0.521029 0.532795 0.521029 0.536253 0.5221 0.534956 0.522105 0.536253 0.529694 0.536253 0.532948 0.534956 0.529699 0.534956 0.529699 0.536253 0.532948 0.533875 0.532958 0.533875 0.572637 0.532795 0.572641 0.533875 0.532958 0.533875 0.532958 0.532795 0.572641 0.532795 0.521029 0.533875 0.532958 0.532795 0.521029 0.534956 0.529699 0.534956 0.529699 0.532795 0.521029 0.534956 0.522105 0.475452 0.561818 0.475659 0.56048 0.47623 0.560606 0.475452 0.561818 0.476945 0.561524 0.476945 0.562132 0.47669 0.560979 0.476945 0.561524 0.475452 0.561818 0.47623 0.560606 0.47669 0.560979 0.475452 0.561818 0.475452 0.561818 0.47623 0.563059 0.475683 0.563193 0.47669 0.56268 0.47623 0.563059 0.475452 0.561818 0.476945 0.562132 0.47669 0.56268 0.475452 0.561818 0.562515 0.538244 0.562523 0.537953 0.563189 0.538244 0.563189 0.538244 0.562523 0.537953 0.563346 0.537953 0.502786 0.553404 0.503009 0.553751 0.502254 0.553473 0.502254 0.553473 0.503009 0.553751 0.502361 0.553835 0.502254 0.553473 0.502361 0.553835 0.501566 0.553453 0.501566 0.553453 0.502361 0.553835 0.501521 0.553811 0.501566 0.553453 0.501521 0.553811 0.500905 0.55335 0.500905 0.55335 0.501521 0.553811 0.500714 0.553686 0.500905 0.55335 0.500714 0.553686 0.500448 0.553192 0.500448 0.553192 0.500714 0.553686 0.500157 0.553492 0.561708 0.530108 0.56155 0.529809 0.56238 0.530108 0.56238 0.530108 0.56155 0.529809 0.56237 0.529809 0.56238 0.530108 0.56237 0.529809 0.562977 0.530108 0.562977 0.530108 0.56237 0.529809 0.563098 0.529809 0.436776 0.53218 0.436981 0.531918 0.437232 0.532557 0.437232 0.532557 0.436981 0.531918 0.437538 0.532378 0.437232 0.532557 0.437538 0.532378 0.437483 0.533104 0.437483 0.533104 0.437538 0.532378 0.437843 0.533046 0.437483 0.533104 0.437843 0.533046 0.437477 0.533712 0.437477 0.533712 0.437843 0.533046 0.437837 0.533787 0.437477 0.533712 0.437837 0.533787 0.437217 0.534258 0.437217 0.534258 0.437837 0.533787 0.437519 0.534453 0.437217 0.534258 0.437519 0.534453 0.436754 0.534632 0.436754 0.534632 0.437519 0.534453 0.436954 0.53491 0.436754 0.534632 0.436954 0.53491 0.436205 0.534761 0.436205 0.534761 0.436954 0.53491 0.436285 0.535067 0.433147 0.535822 0.433059 0.53614 0.432536 0.535998 0.433147 0.535822 0.432536 0.535998 0.43278 0.535723 0.43278 0.535723 0.432536 0.535998 0.432153 0.535603 0.43278 0.535723 0.432153 0.535603 0.432512 0.535447 0.432512 0.535447 0.432153 0.535603 0.432013 0.535062 0.432512 0.535447 0.432013 0.535062 0.432414 0.535067 0.430313 0.524342 0.430639 0.524332 0.430313 0.528683 0.430313 0.528683 0.430639 0.524332 0.430639 0.528672 0.430639 0.524332 0.430313 0.524342 0.430639 0.523921 0.430639 0.523921 0.430313 0.524342 0.430313 0.523808 0.437638 0.536187 0.437843 0.535892 0.43798 0.536419 0.43798 0.536419 0.437843 0.535892 0.438289 0.536194 0.43798 0.536419 0.438289 0.536194 0.43821 0.536771 0.43821 0.536771 0.438289 0.536194 0.438587 0.536652 0.43821 0.536771 0.438587 0.536652 0.43829 0.537188 0.43829 0.537188 0.438587 0.536652 0.438691 0.537194 0.43829 0.537188 0.438691 0.537194 0.43829 0.540444 0.43829 0.540444 0.438691 0.537194 0.438691 0.54045 0.43829 0.540444 0.438691 0.54045 0.438211 0.54086 0.438211 0.54086 0.438691 0.54045 0.438588 0.540991 0.438211 0.54086 0.438588 0.540991 0.437984 0.541214 0.437984 0.541214 0.438588 0.540991 0.438293 0.541451 0.437984 0.541214 0.438293 0.541451 0.437645 0.541452 0.437645 0.541452 0.438293 0.541451 0.437852 0.54176 0.437645 0.541452 0.437852 0.54176 0.437244 0.541537 0.437244 0.541537 0.437852 0.54176 0.437331 0.541871 0.437244 0.541537 0.437331 0.541871 0.433059 0.541567 0.433059 0.541567 0.437331 0.541871 0.433147 0.541901 0.432414 0.542666 0.432013 0.54266 0.432093 0.542244 0.432414 0.542666 0.432093 0.542244 0.43247 0.542374 0.43247 0.542374 0.432093 0.542244 0.43232 0.54189 0.43247 0.542374 0.43232 0.54189 0.432629 0.542127 0.432629 0.542127 0.43232 0.54189 0.432659 0.541652 0.432629 0.542127 0.432659 0.541652 0.432866 0.54196 0.432866 0.54196 0.432659 0.541652 0.433059 0.541567 0.432866 0.54196 0.433059 0.541567 0.433147 0.541901 0.432013 0.54266 0.432414 0.542666 0.432013 0.545916 0.432013 0.545916 0.432414 0.542666 0.432414 0.545922 0.48966 0.565307 0.489986 0.565303 0.489977 0.565721 0.48966 0.565307 0.489977 0.565721 0.489654 0.5656 0.432866 0.546621 0.432659 0.546914 0.432536 0.546852 0.432866 0.546621 0.432536 0.546852 0.432629 0.546458 0.432536 0.546852 0.43232 0.546681 0.432629 0.546458 0.432629 0.546458 0.43232 0.546681 0.432153 0.546458 0.432629 0.546458 0.432153 0.546458 0.43247 0.546212 0.432153 0.546458 0.432093 0.546331 0.43247 0.546212 0.43247 0.546212 0.432093 0.546331 0.432013 0.545916 0.43247 0.546212 0.432013 0.545916 0.432414 0.545922 0.489797 0.558797 0.490123 0.558793 0.48966 0.565307 0.48966 0.565307 0.490123 0.558793 0.489986 0.565303 0.564936 0.513556 0.564543 0.513539 0.564567 0.513129 0.564936 0.513556 0.564567 0.513129 0.564953 0.513269 0.564953 0.513269 0.564567 0.513129 0.564626 0.51279 0.564953 0.513269 0.564626 0.51279 0.564994 0.513032 0.489808 0.558268 0.490139 0.558037 0.490131 0.558381 0.489808 0.558268 0.490131 0.558381 0.489803 0.558508 0.489803 0.558508 0.490131 0.558381 0.490123 0.558793 0.489803 0.558508 0.490123 0.558793 0.489797 0.558797 0.564814 0.525481 0.564421 0.525463 0.564936 0.513556 0.564936 0.513556 0.564421 0.525463 0.564543 0.513539 0.499821 0.544748 0.499827 0.544431 0.501069 0.544423 0.499821 0.544748 0.501069 0.544423 0.500938 0.544742 0.438412 0.531232 0.438445 0.530922 0.439464 0.531621 0.438412 0.531232 0.439464 0.531621 0.439329 0.531861 0.564994 0.527599 0.564621 0.527817 0.564466 0.526722 0.564994 0.527599 0.564466 0.526722 0.564855 0.526614 0.564855 0.526614 0.564466 0.526722 0.564421 0.525463 0.564855 0.526614 0.564421 0.525463 0.564814 0.525481 0.435239 0.531031 0.435152 0.530698 0.437331 0.531016 0.437331 0.531016 0.435152 0.530698 0.437244 0.530683 0.432414 0.533982 0.432013 0.533976 0.432252 0.532728 0.432414 0.533982 0.432252 0.532728 0.432629 0.532859 0.432629 0.532859 0.432252 0.532728 0.432932 0.531667 0.432629 0.532859 0.432932 0.531667 0.433242 0.531904 0.433242 0.531904 0.432932 0.531667 0.433951 0.530954 0.433242 0.531904 0.433951 0.530954 0.434158 0.531262 0.434158 0.531262 0.433951 0.530954 0.435152 0.530698 0.434158 0.531262 0.435152 0.530698 0.435239 0.531031 0.432414 0.535067 0.432013 0.535062 0.432414 0.533982 0.432414 0.533982 0.432013 0.535062 0.432013 0.533976 0.562215 0.463258 0.562215 0.471103 0.561619 0.471103 0.562215 0.463258 0.561619 0.471103 0.561619 0.463258 0.561619 0.463258 0.561619 0.471103 0.561133 0.471103 0.561619 0.463258 0.561133 0.471103 0.561133 0.463258 0.432013 0.50791 0.432013 0.515718 0.431476 0.515691 0.432013 0.50791 0.431476 0.515691 0.431476 0.507883 0.431476 0.507883 0.431476 0.515691 0.430868 0.515689 0.431476 0.507883 0.430868 0.515689 0.430868 0.507881 0.430868 0.507881 0.430868 0.515689 0.430313 0.515713 0.430868 0.507881 0.430313 0.515713 0.430313 0.507905 0.561402 0.440619 0.56146 0.432776 0.561948 0.432789 0.561402 0.440619 0.561948 0.432789 0.56189 0.440631 0.56189 0.440631 0.561948 0.432789 0.562519 0.432796 0.56189 0.440631 0.562519 0.432796 0.562461 0.440638 0.475452 0.561818 0.475683 0.563193 0.475111 0.563066 0.475028 0.563022 0.474652 0.562693 0.475452 0.561818 0.474545 0.562533 0.474396 0.562148 0.475452 0.561818 0.482713 0.549119 0.482401 0.549082 0.482876 0.548018 0.474532 0.561176 0.474652 0.560992 0.475452 0.561818 0.475452 0.561818 0.475111 0.560613 0.475659 0.56048 0.475006 0.560672 0.475111 0.560613 0.475452 0.561818 0.474652 0.560992 0.475006 0.560672 0.475452 0.561818 0.474396 0.561541 0.474532 0.561176 0.475452 0.561818 0.483005 0.549138 0.482713 0.549119 0.482876 0.548018 0.474652 0.562693 0.474545 0.562533 0.475452 0.561818 0.475111 0.563066 0.475028 0.563022 0.475452 0.561818 0.433147 0.546677 0.432866 0.546621 0.434904 0.545104 0.432866 0.546621 0.432629 0.546458 0.434904 0.545104 0.434904 0.545104 0.432629 0.546458 0.43247 0.546212 0.434904 0.545104 0.43247 0.546212 0.43469 0.544278 0.43469 0.544278 0.43247 0.546212 0.432414 0.545922 0.43469 0.544278 0.432414 0.545922 0.434904 0.543448 0.434904 0.543448 0.432414 0.545922 0.432414 0.542666 0.434904 0.532594 0.43469 0.533423 0.432629 0.532859 0.43278 0.535723 0.432512 0.535447 0.434904 0.534249 0.434904 0.534249 0.432512 0.535447 0.432414 0.535067 0.434904 0.534249 0.432414 0.535067 0.43469 0.533423 0.43469 0.533423 0.432414 0.535067 0.432414 0.533982 0.43469 0.533423 0.432414 0.533982 0.432629 0.532859 0.43278 0.535723 0.434904 0.534249 0.433147 0.535822 0.433147 0.535822 0.434904 0.534249 0.435487 0.534851 0.433147 0.535822 0.435487 0.534851 0.437331 0.535792 0.436285 0.542611 0.435487 0.542838 0.437331 0.541871 0.437331 0.541871 0.435487 0.542838 0.433147 0.541901 0.432629 0.532859 0.433242 0.531904 0.434904 0.532594 0.434904 0.532594 0.433242 0.531904 0.434158 0.531262 0.434904 0.532594 0.434158 0.531262 0.435487 0.531984 0.435487 0.531984 0.434158 0.531262 0.435239 0.531031 0.435487 0.531984 0.435239 0.531031 0.436285 0.531757 0.433147 0.541901 0.435487 0.542838 0.432866 0.54196 0.432866 0.54196 0.435487 0.542838 0.434904 0.543448 0.432866 0.54196 0.434904 0.543448 0.432629 0.542127 0.432629 0.542127 0.434904 0.543448 0.432414 0.542666 0.432629 0.542127 0.432414 0.542666 0.43247 0.542374 0.434904 0.545104 0.435487 0.545705 0.433147 0.546677 0.433147 0.546677 0.435487 0.545705 0.436285 0.545922 0.433147 0.546677 0.436285 0.545922 0.439424 0.546632 0.437843 0.535892 0.436954 0.53491 0.437519 0.534453 0.437538 0.532378 0.439329 0.531861 0.437843 0.533046 0.437843 0.533046 0.439329 0.531861 0.439941 0.532807 0.437843 0.533046 0.439941 0.532807 0.437837 0.533787 0.436285 0.545922 0.436954 0.545764 0.439424 0.546632 0.439424 0.546632 0.436954 0.545764 0.437519 0.545307 0.439424 0.546632 0.437519 0.545307 0.439704 0.546572 0.439704 0.546572 0.437519 0.545307 0.437837 0.544641 0.439704 0.546572 0.437837 0.544641 0.439942 0.546406 0.439942 0.546406 0.437837 0.544641 0.4401 0.546158 0.437331 0.535792 0.435487 0.534851 0.437843 0.535892 0.437843 0.535892 0.435487 0.534851 0.436285 0.535067 0.437843 0.535892 0.436285 0.535067 0.436954 0.53491 0.436285 0.531757 0.435239 0.531031 0.436981 0.531918 0.436981 0.531918 0.435239 0.531031 0.437331 0.531016 0.436981 0.531918 0.437331 0.531016 0.437538 0.532378 0.437538 0.532378 0.437331 0.531016 0.438412 0.531232 0.437538 0.532378 0.438412 0.531232 0.439329 0.531861 0.437852 0.54176 0.437538 0.543232 0.437331 0.541871 0.437331 0.541871 0.437538 0.543232 0.436981 0.542772 0.437331 0.541871 0.436981 0.542772 0.436285 0.542611 0.4401 0.546158 0.437837 0.544641 0.440156 0.545867 0.440156 0.545867 0.437837 0.544641 0.437843 0.5439 0.440156 0.545867 0.437843 0.5439 0.437538 0.543232 0.439941 0.532807 0.440156 0.533927 0.437837 0.533787 0.437837 0.533787 0.440156 0.533927 0.438587 0.536652 0.437837 0.533787 0.438587 0.536652 0.437519 0.534453 0.437519 0.534453 0.438587 0.536652 0.438289 0.536194 0.437519 0.534453 0.438289 0.536194 0.437843 0.535892 0.437852 0.54176 0.438293 0.541451 0.437538 0.543232 0.437538 0.543232 0.438293 0.541451 0.438588 0.540991 0.437538 0.543232 0.438588 0.540991 0.440156 0.545867 0.440156 0.545867 0.438588 0.540991 0.438691 0.54045 0.440156 0.545867 0.438691 0.54045 0.440156 0.533927 0.440156 0.533927 0.438691 0.54045 0.438691 0.537194 0.440156 0.533927 0.438691 0.537194 0.438587 0.536652 0.562215 0.471103 0.562225 0.471401 0.561619 0.471103 0.561619 0.471103 0.562225 0.471401 0.561498 0.471401 0.436776 0.543034 0.436981 0.542772 0.437232 0.543411 0.437232 0.543411 0.436981 0.542772 0.437538 0.543232 0.437232 0.543411 0.437538 0.543232 0.437483 0.543959 0.437483 0.543959 0.437538 0.543232 0.437843 0.5439 0.437483 0.543959 0.437843 0.5439 0.437477 0.544566 0.437477 0.544566 0.437843 0.5439 0.437837 0.544641 0.437477 0.544566 0.437837 0.544641 0.437217 0.545112 0.437217 0.545112 0.437837 0.544641 0.437519 0.545307 0.437217 0.545112 0.437519 0.545307 0.436754 0.545487 0.436754 0.545487 0.437519 0.545307 0.436954 0.545764 0.436754 0.545487 0.436954 0.545764 0.436205 0.545616 0.436205 0.545616 0.436954 0.545764 0.436285 0.545922 0.562461 0.440638 0.562519 0.432796 0.563051 0.440639 0.563051 0.440639 0.562519 0.432796 0.563194 0.432796 0.563051 0.440639 0.563194 0.432796 0.563136 0.440638 0.563136 0.440638 0.563194 0.432796 0.563516 0.440633 0.48357 0.549128 0.483347 0.556673 0.482815 0.556742 0.48357 0.549128 0.482815 0.556742 0.483401 0.549138 0.483401 0.549138 0.482815 0.556742 0.483005 0.549138 0.483005 0.549138 0.482815 0.556742 0.482127 0.556723 0.483005 0.549138 0.482127 0.556723 0.482713 0.549119 0.482713 0.549119 0.482127 0.556723 0.482401 0.549082 0.482401 0.549082 0.482127 0.556723 0.481466 0.55662 0.482401 0.549082 0.481466 0.55662 0.482051 0.549016 0.482051 0.549016 0.481466 0.55662 0.48188 0.548971 0.563248 0.463258 0.563368 0.471103 0.562888 0.471103 0.563248 0.463258 0.562888 0.471103 0.562888 0.463258 0.562888 0.463258 0.562888 0.471103 0.56278 0.463258 0.56278 0.463258 0.562888 0.471103 0.562215 0.471103 0.56278 0.463258 0.562215 0.471103 0.562215 0.463258 0.562519 0.432796 0.562527 0.432505 0.563194 0.432796 0.563194 0.432796 0.562527 0.432505 0.56335 0.432505 0.483347 0.556673 0.48357 0.55702 0.482815 0.556742 0.482815 0.556742 0.48357 0.55702 0.482922 0.557104 0.482815 0.556742 0.482922 0.557104 0.482127 0.556723 0.482127 0.556723 0.482922 0.557104 0.482082 0.557081 0.482127 0.556723 0.482082 0.557081 0.481466 0.55662 0.481466 0.55662 0.482082 0.557081 0.481275 0.556955 0.481466 0.55662 0.481275 0.556955 0.481009 0.556462 0.481009 0.556462 0.481275 0.556955 0.480718 0.556762 0.562888 0.471103 0.563045 0.471401 0.562215 0.471103 0.562215 0.471103 0.563045 0.471401 0.562225 0.471401</float_array>
          <technique_common>
            <accessor source="#right_gripper_finger_link1-mesh-map-0-array" count="15384" stride="2">
              <param name="S" type="float"/>
              <param name="T" type="float"/>
            </accessor>
          </technique_common>
        </source>
        <vertices id="right_gripper_finger_link1-mesh-vertices">
          <input semantic="POSITION" source="#right_gripper_finger_link1-mesh-positions"/>
        </vertices>
        <triangles material="材质-material" count="5128">
          <input semantic="VERTEX" source="#right_gripper_finger_link1-mesh-vertices" offset="0"/>
          <input semantic="NORMAL" source="#right_gripper_finger_link1-mesh-normals" offset="1"/>
          <input semantic="TEXCOORD" source="#right_gripper_finger_link1-mesh-map-0" offset="2" set="0"/>
          <p>0 0 0 1 1 1 2 2 2 3 1 3 4 3 4 5 4 5 5 4 6 4 3 7 0 0 8 6 1 9 7 1 10 8 5 11 8 5 12 7 1 13 9 6 14 10 7 15 8 5 16 11 8 17 11 8 18 8 5 19 9 6 20 11 8 21 9 6 22 2 2 23 2 2 24 9 6 25 12 9 26 2 2 27 12 9 28 0 0 29 0 0 30 12 9 31 13 10 32 0 0 33 13 10 34 5 4 35 9 11 36 14 12 37 12 13 38 12 13 39 14 12 40 15 14 41 12 15 42 15 16 43 13 17 44 13 17 45 15 16 46 16 18 47 13 19 48 16 20 49 5 21 50 5 21 51 16 20 52 17 22 53 5 23 54 17 24 55 3 25 56 3 25 57 17 24 58 18 26 59 3 27 60 18 28 61 4 29 62 4 29 63 18 28 64 19 30 65 4 31 66 19 32 67 0 33 68 0 33 69 19 32 70 20 34 71 0 35 72 20 36 73 1 37 74 1 37 75 20 36 76 21 38 77 1 39 78 21 40 79 2 41 80 2 41 81 21 40 82 22 42 83 2 43 84 22 44 85 11 45 86 11 45 87 22 44 88 23 46 89 11 47 90 23 48 91 10 49 92 10 49 93 23 48 94 24 50 95 10 51 96 24 52 97 8 53 98 8 53 99 24 52 100 25 54 101 8 55 102 25 56 103 6 57 104 6 57 105 25 56 106 26 58 107 6 59 108 26 60 109 7 61 110 7 61 111 26 60 112 27 62 113 7 63 114 27 64 115 9 65 116 9 65 117 27 64 118 14 66 119 24 1 120 28 67 121 25 68 122 25 68 123 28 67 124 29 69 125 25 68 126 29 69 127 26 70 128 26 70 129 29 69 130 30 71 131 31 72 132 32 73 133 33 74 134 33 74 135 32 73 136 34 75 137 33 74 138 34 75 139 35 1 140 36 76 141 37 77 142 38 78 143 38 78 144 37 77 145 39 79 146 38 78 147 39 79 148 40 80 149 40 80 150 39 79 151 41 81 152 40 80 153 41 81 154 42 82 155 42 82 156 41 81 157 43 83 158 42 82 159 43 83 160 44 84 161 24 1 162 23 85 163 28 67 164 28 67 165 23 85 166 22 86 167 28 67 168 22 86 169 45 87 170 45 87 171 22 86 172 21 88 173 45 87 174 21 88 175 46 89 176 46 89 177 21 88 178 47 90 179 48 91 180 49 92 181 50 93 182 51 1 183 52 1 184 53 1 185 53 1 186 52 1 187 54 94 188 53 1 189 54 94 190 55 95 191 34 75 192 56 1 193 35 1 194 35 1 195 56 1 196 57 1 197 35 1 198 57 1 199 58 1 200 58 1 201 57 1 202 59 96 203 58 1 204 59 96 205 60 97 206 60 97 207 59 96 208 61 98 209 60 97 210 61 98 211 62 99 212 62 99 213 61 98 214 48 91 215 62 99 216 48 91 217 63 100 218 63 100 219 48 91 220 50 93 221 63 100 222 50 93 223 64 101 224 64 101 225 50 93 226 65 102 227 64 101 228 65 102 229 36 76 230 36 76 231 65 102 232 55 95 233 36 76 234 55 95 235 37 77 236 37 77 237 55 95 238 54 94 239 30 71 240 66 103 241 26 70 242 26 70 243 66 103 244 67 104 245 26 70 246 67 104 247 27 1 248 27 1 249 67 104 250 68 1 251 27 1 252 68 1 253 14 105 254 14 105 255 68 1 256 69 106 257 14 105 258 69 106 259 15 107 260 15 107 261 69 106 262 70 108 263 15 107 264 70 108 265 16 109 266 31 72 267 71 110 268 72 111 269 72 111 270 71 110 271 73 112 272 33 74 273 74 113 274 31 72 275 31 72 276 74 113 277 75 114 278 31 72 279 75 114 280 44 84 281 21 88 282 20 115 283 47 90 284 47 90 285 20 115 286 19 116 287 47 90 288 19 116 289 73 112 290 73 112 291 19 116 292 18 117 293 73 112 294 18 117 295 72 111 296 72 111 297 18 117 298 17 118 299 72 111 300 17 118 301 76 119 302 76 119 303 17 118 304 16 109 305 76 119 306 16 109 307 77 120 308 77 120 309 16 109 310 70 108 311 43 83 312 78 121 313 44 84 314 44 84 315 78 121 316 79 122 317 44 84 318 79 122 319 31 72 320 31 72 321 79 122 322 80 123 323 31 72 324 80 123 325 71 110 326 81 124 327 40 125 328 82 126 329 82 126 330 40 125 331 42 127 332 82 128 333 42 129 334 83 130 335 83 130 336 42 129 337 44 131 338 83 19 339 44 132 340 84 133 341 84 133 342 44 132 343 75 134 344 84 135 345 75 136 346 85 137 347 85 137 348 75 136 349 74 138 350 85 139 351 74 140 352 86 141 353 86 141 354 74 140 355 33 142 356 86 143 357 33 144 358 87 145 359 87 145 360 33 144 361 35 146 362 87 147 363 35 148 364 88 149 365 88 149 366 35 148 367 58 150 368 88 151 369 58 152 370 89 153 371 89 153 372 58 152 373 60 154 374 89 155 375 60 156 376 90 157 377 90 157 378 60 156 379 62 158 380 90 47 381 62 159 382 91 160 383 91 160 384 62 159 385 63 50 386 91 161 387 63 162 388 92 163 389 92 163 390 63 162 391 64 164 392 92 165 393 64 166 394 93 167 395 93 167 396 64 166 397 36 168 398 93 169 399 36 170 400 94 171 401 94 171 402 36 170 403 38 172 404 94 173 405 38 174 406 81 175 407 81 175 408 38 174 409 40 176 410 95 177 411 55 178 412 96 179 413 96 179 414 55 178 415 65 180 416 96 181 417 65 182 418 97 183 419 97 183 420 65 182 421 50 184 422 98 185 423 31 186 424 99 187 425 99 187 426 31 186 427 72 188 428 69 189 429 100 190 430 101 191 431 69 189 432 101 191 433 70 192 434 70 193 435 101 194 436 102 195 437 70 193 438 102 195 439 77 196 440 77 197 441 102 198 442 103 199 443 77 197 444 103 199 445 76 200 446 76 201 447 103 202 448 99 203 449 76 201 450 99 203 451 72 204 452 100 205 453 69 206 454 104 207 455 104 207 456 69 206 457 68 208 458 29 209 459 105 210 460 106 211 461 29 209 462 106 211 463 30 212 464 30 213 465 106 214 466 107 215 467 30 213 468 107 215 469 66 216 470 66 217 471 107 218 472 108 219 473 66 217 474 108 219 475 67 220 476 67 221 477 108 222 478 104 223 479 67 221 480 104 223 481 68 224 482 29 225 483 28 226 484 105 227 485 105 227 486 28 226 487 109 228 488 109 228 489 110 229 490 105 227 491 105 227 492 110 229 493 111 230 494 105 227 495 111 230 496 112 231 497 113 232 498 28 233 499 114 234 500 114 234 501 28 233 502 45 235 503 114 236 504 45 237 505 46 238 506 114 236 507 46 238 508 115 239 509 115 240 510 46 241 511 47 242 512 115 240 513 47 242 514 116 243 515 116 244 516 47 245 517 73 246 518 116 244 519 73 246 520 117 247 521 117 248 522 73 249 523 71 250 524 117 248 525 71 250 526 118 251 527 118 252 528 71 253 529 119 254 530 119 254 531 71 253 532 80 255 533 41 256 534 120 257 535 121 258 536 41 256 537 121 258 538 43 259 539 43 260 540 121 261 541 122 262 542 43 260 543 122 262 544 78 263 545 78 264 546 122 265 547 123 266 548 78 264 549 123 266 550 79 267 551 79 268 552 123 269 553 119 270 554 79 268 555 119 270 556 80 271 557 120 272 558 41 273 559 124 274 560 124 274 561 41 273 562 39 275 563 52 276 564 51 277 565 125 278 566 125 279 567 51 279 568 126 279 569 125 280 570 126 281 571 127 282 572 125 283 573 128 284 574 52 285 575 52 286 576 128 287 577 129 288 578 52 286 579 129 288 580 54 289 581 54 290 582 129 291 583 130 292 584 54 290 585 130 292 586 37 293 587 37 294 588 130 295 589 124 296 590 37 294 591 124 296 592 39 297 593 51 298 594 53 299 595 131 300 596 131 301 597 53 302 598 132 302 599 131 303 600 132 304 601 127 305 602 127 306 603 132 306 604 133 306 605 127 307 606 133 308 607 134 309 608 133 308 609 135 310 610 134 309 611 134 311 612 135 312 613 136 313 614 134 314 615 136 315 616 137 316 617 137 317 618 136 318 619 138 319 620 132 320 621 53 321 622 95 322 623 95 322 624 53 321 625 55 323 626 31 324 627 98 325 628 139 326 629 31 324 630 139 326 631 32 327 632 32 328 633 139 329 634 140 330 635 32 328 636 140 330 637 34 331 638 34 332 639 140 333 640 141 334 641 34 332 642 141 334 643 56 335 644 56 336 645 141 337 646 142 338 647 56 336 648 142 338 649 57 339 650 57 340 651 142 341 652 143 342 653 57 340 654 143 342 655 59 343 656 59 344 657 143 345 658 144 346 659 59 344 660 144 346 661 61 347 662 145 348 663 146 349 664 147 350 665 145 348 666 147 350 667 148 351 668 148 352 669 147 353 670 149 354 671 148 352 672 149 354 673 150 355 674 150 356 675 149 357 676 151 358 677 150 356 678 151 358 679 152 359 680 152 360 681 151 361 682 49 362 683 152 360 684 49 362 685 48 363 686 97 364 687 50 365 688 153 366 689 153 366 690 50 365 691 49 367 692 154 368 693 48 368 694 144 369 695 144 369 696 48 368 697 61 369 698 91 370 699 92 1 700 93 371 701 94 372 702 81 373 703 87 374 704 87 374 705 81 373 706 82 375 707 85 1 708 86 1 709 84 376 710 84 376 711 86 1 712 87 374 713 84 376 714 87 374 715 83 377 716 83 377 717 87 374 718 82 375 719 87 374 720 88 378 721 94 372 722 94 372 723 88 378 724 89 379 725 94 372 726 89 379 727 93 371 728 93 371 729 89 379 730 90 380 731 93 371 732 90 380 733 91 370 734 155 381 735 95 382 736 156 383 737 156 383 738 95 382 739 96 384 740 156 385 741 96 386 742 157 387 743 157 387 744 96 386 745 97 388 746 99 389 747 158 390 748 98 391 749 98 391 750 158 390 751 159 392 752 158 393 753 99 394 754 103 395 755 158 393 756 103 395 757 160 396 758 160 397 759 103 398 760 102 399 761 160 397 762 102 399 763 161 400 764 161 401 765 102 402 766 101 403 767 161 401 768 101 403 769 162 404 770 162 405 771 101 406 772 100 407 773 162 405 774 100 407 775 163 408 776 104 409 777 164 410 778 100 411 779 100 411 780 164 410 781 163 412 782 164 413 783 104 414 784 108 415 785 164 413 786 108 415 787 165 416 788 165 417 789 108 418 790 107 419 791 165 417 792 107 419 793 166 420 794 166 421 795 107 422 796 106 423 797 166 421 798 106 423 799 167 424 800 167 425 801 106 426 802 105 427 803 167 425 804 105 427 805 168 428 806 168 429 807 105 430 808 169 431 809 169 431 810 105 430 811 112 432 812 169 431 813 112 432 814 138 433 815 138 433 816 112 432 817 170 434 818 138 433 819 170 434 820 137 435 821 137 435 822 170 434 823 125 436 824 137 435 825 125 436 826 134 437 827 134 437 828 125 436 829 127 438 830 109 439 831 28 439 832 113 439 833 113 440 834 171 441 835 109 442 836 109 443 837 171 444 838 172 445 839 109 446 840 172 447 841 110 448 842 170 449 843 112 450 844 173 451 845 173 452 846 112 453 847 111 454 848 173 455 849 111 456 850 174 457 851 174 458 852 111 458 853 110 458 854 174 459 855 110 460 856 175 461 857 175 462 858 110 463 859 172 464 860 176 465 861 113 466 862 177 467 863 177 467 864 113 466 865 114 468 866 177 469 867 114 470 868 115 471 869 177 469 870 115 471 871 178 472 872 178 473 873 115 474 874 116 475 875 178 473 876 116 475 877 179 476 878 179 477 879 116 478 880 117 479 881 179 477 882 117 479 883 180 480 884 180 481 885 117 482 886 118 483 887 180 481 888 118 483 889 181 484 890 181 485 891 118 486 892 182 487 893 182 487 894 118 486 895 119 488 896 182 489 897 119 490 898 123 491 899 182 489 900 123 491 901 183 492 902 183 493 903 123 494 904 122 495 905 183 493 906 122 495 907 184 496 908 184 497 909 122 498 910 121 499 911 184 497 912 121 499 913 185 500 914 185 501 915 121 502 916 120 503 917 185 501 918 120 503 919 186 504 920 186 505 921 120 506 922 187 507 923 187 507 924 120 506 925 124 508 926 187 509 927 124 510 928 130 511 929 187 509 930 130 511 931 188 512 932 188 513 933 130 514 934 129 515 935 188 513 936 129 515 937 189 516 938 189 517 939 129 518 940 128 519 941 189 517 942 128 519 943 190 520 944 190 521 945 128 522 946 125 523 947 190 521 948 125 523 949 191 524 950 132 525 951 192 526 952 133 527 953 133 528 954 192 529 955 193 530 956 133 531 957 193 532 958 135 533 959 169 534 960 138 535 961 193 536 962 193 537 963 138 538 964 136 539 965 193 540 966 136 541 967 135 542 968 95 543 969 155 544 970 132 545 971 132 545 972 155 544 973 192 546 974 194 547 975 144 548 976 143 549 977 194 547 978 143 549 979 195 550 980 195 551 981 143 552 982 142 553 983 195 551 984 142 553 985 196 554 986 196 555 987 142 556 988 141 557 989 196 555 990 141 557 991 197 558 992 197 559 993 141 560 994 140 561 995 197 559 996 140 561 997 198 562 998 198 563 999 140 564 1000 139 565 1001 198 563 1002 139 565 1003 199 566 1004 199 567 1005 139 568 1006 98 569 1007 199 567 1008 98 569 1009 159 570 1010 146 571 1011 145 572 1012 200 573 1013 200 573 1014 145 572 1015 201 574 1016 153 575 1017 49 576 1018 151 577 1019 153 575 1020 151 577 1021 202 578 1022 202 579 1023 151 580 1024 149 581 1025 202 579 1026 149 581 1027 203 582 1028 203 583 1029 149 584 1030 147 585 1031 203 583 1032 147 585 1033 204 586 1034 204 587 1035 147 588 1036 146 589 1037 204 587 1038 146 589 1039 205 590 1040 206 591 1041 145 592 1042 148 593 1043 206 591 1044 148 593 1045 207 594 1046 207 595 1047 148 596 1048 150 597 1049 207 595 1050 150 597 1051 208 598 1052 208 599 1053 150 600 1054 152 601 1055 208 602 1056 152 603 1057 209 604 1058 209 605 1059 152 606 1060 48 607 1061 209 608 1062 48 609 1063 154 610 1064 210 611 1065 211 612 1066 212 613 1067 212 613 1068 211 612 1069 213 614 1070 214 615 1071 215 616 1072 216 617 1073 216 617 1074 217 618 1075 214 615 1076 214 619 1077 217 620 1078 218 621 1079 214 622 1080 218 623 1081 219 624 1082 218 625 1083 220 626 1084 219 626 1085 219 627 1086 220 628 1087 221 629 1088 219 630 1089 221 631 1090 222 630 1091 221 632 1092 223 633 1093 222 632 1094 222 634 1095 223 635 1096 224 636 1097 222 637 1098 224 638 1099 225 639 1100 225 640 1101 224 641 1102 226 642 1103 225 643 1104 226 643 1105 227 643 1106 226 644 1107 228 645 1108 227 646 1109 227 647 1110 228 648 1111 229 649 1112 227 650 1113 229 651 1114 230 652 1115 229 653 1116 231 653 1117 230 653 1118 230 654 1119 231 655 1120 232 656 1121 230 657 1122 232 658 1123 210 659 1124 210 660 1125 232 661 1126 233 662 1127 210 663 1128 233 664 1129 211 665 1130 225 666 1131 234 667 1132 235 668 1133 236 669 1134 237 670 1135 238 671 1136 236 669 1137 238 671 1138 239 672 1139 239 672 1140 238 671 1141 240 673 1142 239 672 1143 240 673 1144 241 674 1145 206 675 1146 242 676 1147 243 677 1148 225 666 1149 227 678 1150 234 667 1151 234 667 1152 227 678 1153 144 679 1154 234 667 1155 144 679 1156 194 680 1157 244 681 1158 154 682 1159 208 683 1160 208 684 1161 154 685 1162 245 686 1163 208 684 1164 245 686 1165 207 687 1166 207 687 1167 245 686 1168 246 688 1169 207 687 1170 246 688 1171 206 675 1172 206 675 1173 246 688 1174 247 689 1175 206 675 1176 243 677 1177 248 690 1178 214 691 1179 219 692 1180 241 674 1181 241 674 1182 219 692 1183 222 693 1184 241 674 1185 222 693 1186 249 694 1187 249 694 1188 222 693 1189 225 666 1190 249 694 1191 225 666 1192 250 695 1193 250 695 1194 225 666 1195 235 668 1196 227 678 1197 230 696 1198 144 679 1199 144 679 1200 230 696 1201 210 697 1202 144 679 1203 210 697 1204 154 685 1205 154 685 1206 210 697 1207 212 698 1208 154 685 1209 212 698 1210 245 686 1211 243 677 1212 251 699 1213 248 690 1214 248 690 1215 251 699 1216 252 700 1217 248 690 1218 252 700 1219 253 701 1220 253 701 1221 252 700 1222 254 702 1223 236 669 1224 255 703 1225 237 670 1226 237 670 1227 255 703 1228 256 704 1229 237 670 1230 256 704 1231 257 705 1232 257 705 1233 256 704 1234 258 706 1235 257 705 1236 258 706 1237 259 707 1238 259 707 1239 258 706 1240 260 708 1241 259 707 1242 260 708 1243 261 709 1244 261 709 1245 260 708 1246 262 710 1247 261 709 1248 262 710 1249 254 702 1250 254 702 1251 262 710 1252 263 711 1253 254 702 1254 263 711 1255 253 701 1256 247 689 1257 264 712 1258 206 675 1259 206 675 1260 264 712 1261 265 713 1262 206 675 1263 265 713 1264 242 676 1265 242 676 1266 265 713 1267 266 714 1268 242 676 1269 266 714 1270 267 715 1271 267 715 1272 266 714 1273 268 716 1274 267 715 1275 268 716 1276 269 717 1277 269 717 1278 268 716 1279 215 718 1280 269 717 1281 215 718 1282 270 719 1283 270 719 1284 215 718 1285 214 691 1286 270 719 1287 214 691 1288 271 720 1289 271 720 1290 214 691 1291 241 674 1292 271 720 1293 241 674 1294 272 721 1295 272 721 1296 241 674 1297 240 673 1298 157 722 1299 273 723 1300 156 724 1301 156 724 1302 273 723 1303 274 725 1304 156 726 1305 274 727 1306 155 728 1307 155 728 1308 274 727 1309 275 729 1310 158 730 1311 276 731 1312 159 732 1313 159 732 1314 276 731 1315 277 733 1316 276 734 1317 158 735 1318 160 736 1319 276 734 1320 160 736 1321 278 737 1322 278 738 1323 160 739 1324 161 740 1325 278 738 1326 161 740 1327 279 741 1328 279 742 1329 161 743 1330 162 744 1331 279 742 1332 162 744 1333 280 745 1334 280 746 1335 162 747 1336 163 748 1337 280 746 1338 163 748 1339 281 749 1340 164 750 1341 282 751 1342 163 752 1343 163 752 1344 282 751 1345 281 753 1346 283 754 1347 282 755 1348 164 756 1349 164 756 1350 165 757 1351 283 754 1352 283 758 1353 165 759 1354 166 760 1355 283 758 1356 166 760 1357 284 761 1358 284 762 1359 166 763 1360 167 764 1361 284 762 1362 167 764 1363 285 765 1364 285 766 1365 167 767 1366 168 768 1367 285 766 1368 168 768 1369 286 769 1370 170 770 1371 287 771 1372 125 772 1373 125 772 1374 287 771 1375 191 773 1376 169 774 1377 288 775 1378 168 776 1379 168 776 1380 288 775 1381 286 777 1382 287 778 1383 170 779 1384 173 780 1385 287 778 1386 173 780 1387 289 781 1388 289 782 1389 173 783 1390 174 784 1391 289 785 1392 174 786 1393 290 786 1394 174 787 1395 175 788 1396 290 789 1397 290 790 1398 175 791 1399 172 792 1400 290 793 1401 172 794 1402 291 793 1403 172 795 1404 171 796 1405 291 797 1406 291 798 1407 171 799 1408 113 800 1409 291 798 1410 113 800 1411 176 801 1412 191 802 1413 287 1 1414 176 803 1415 181 804 1416 182 805 1417 186 806 1418 189 807 1419 190 1 1420 191 802 1421 179 1 1422 180 1 1423 181 804 1424 187 808 1425 188 809 1426 189 807 1427 291 1 1428 176 803 1429 290 1 1430 290 1 1431 176 803 1432 287 1 1433 290 1 1434 287 1 1435 289 1 1436 182 805 1437 183 810 1438 186 806 1439 186 806 1440 183 810 1441 184 811 1442 186 806 1443 184 811 1444 185 812 1445 189 807 1446 191 802 1447 187 808 1448 187 808 1449 191 802 1450 176 803 1451 187 808 1452 176 803 1453 186 806 1454 186 806 1455 176 803 1456 177 813 1457 186 806 1458 177 813 1459 181 804 1460 181 804 1461 177 813 1462 178 814 1463 181 804 1464 178 814 1465 179 1 1466 192 815 1467 292 816 1468 193 817 1469 193 817 1470 292 816 1471 293 818 1472 193 819 1473 293 820 1474 169 821 1475 169 821 1476 293 820 1477 288 822 1478 155 823 1479 275 824 1480 192 825 1481 192 825 1482 275 824 1483 292 826 1484 294 827 1485 194 828 1486 195 829 1487 294 827 1488 195 829 1489 295 830 1490 295 831 1491 195 832 1492 196 833 1493 295 831 1494 196 833 1495 296 834 1496 296 835 1497 196 836 1498 197 837 1499 296 835 1500 197 837 1501 297 838 1502 297 839 1503 197 840 1504 198 841 1505 297 839 1506 198 841 1507 298 842 1508 298 843 1509 198 844 1510 199 845 1511 298 843 1512 199 845 1513 299 846 1514 299 847 1515 199 848 1516 159 849 1517 299 847 1518 159 849 1519 277 850 1520 300 851 1521 301 852 1522 302 853 1523 300 851 1524 302 853 1525 303 854 1526 303 855 1527 302 856 1528 304 857 1529 303 855 1530 304 857 1531 305 858 1532 305 859 1533 304 860 1534 306 861 1535 305 859 1536 306 861 1537 307 862 1538 307 863 1539 306 864 1540 200 865 1541 307 863 1542 200 865 1543 201 866 1544 260 867 1545 300 868 1546 303 869 1547 260 867 1548 303 869 1549 262 870 1550 262 871 1551 303 872 1552 305 873 1553 262 871 1554 305 873 1555 263 874 1556 263 875 1557 305 876 1558 307 877 1559 263 875 1560 307 877 1561 253 878 1562 253 879 1563 307 880 1564 201 881 1565 253 879 1566 201 881 1567 248 882 1568 248 883 1569 201 884 1570 206 885 1571 206 885 1572 201 884 1573 145 885 1574 216 886 1575 308 887 1576 309 888 1577 309 889 1578 308 890 1579 310 891 1580 308 892 1581 311 892 1582 310 892 1583 310 893 1584 311 893 1585 312 893 1586 310 894 1587 312 895 1588 313 896 1589 312 897 1590 314 898 1591 313 899 1592 313 900 1593 314 901 1594 315 902 1595 313 903 1596 315 904 1597 316 905 1598 315 906 1599 317 907 1600 316 908 1601 316 909 1602 317 910 1603 318 911 1604 316 912 1605 318 912 1606 319 912 1607 318 913 1608 320 914 1609 319 915 1610 319 916 1611 320 917 1612 321 918 1613 319 919 1614 321 920 1615 322 921 1616 321 922 1617 323 923 1618 322 924 1619 322 925 1620 323 926 1621 324 927 1622 322 928 1623 324 929 1624 325 930 1625 213 931 1626 326 932 1627 327 933 1628 327 934 1629 326 935 1630 325 936 1631 327 937 1632 325 937 1633 328 937 1634 328 938 1635 325 938 1636 324 938 1637 213 939 1638 211 939 1639 326 939 1640 326 940 1641 211 941 1642 329 942 1643 211 943 1644 233 944 1645 329 945 1646 329 946 1647 233 946 1648 232 946 1649 329 947 1650 232 947 1651 330 947 1652 232 948 1653 231 949 1654 330 950 1655 330 951 1656 231 952 1657 229 953 1658 330 954 1659 229 955 1660 331 956 1661 229 957 1662 228 958 1663 331 959 1664 331 960 1665 228 961 1666 226 962 1667 331 963 1668 226 963 1669 332 963 1670 226 964 1671 224 965 1672 332 966 1673 332 967 1674 224 968 1675 223 969 1676 332 970 1677 223 971 1678 333 972 1679 223 973 1680 221 974 1681 333 975 1682 333 976 1683 221 977 1684 220 978 1685 333 979 1686 220 980 1687 334 981 1688 216 982 1689 309 983 1690 217 984 1691 217 985 1692 309 986 1693 334 987 1694 217 988 1695 334 989 1696 218 990 1697 218 991 1698 334 991 1699 220 991 1700 245 992 1701 212 993 1702 213 994 1703 213 994 1704 327 995 1705 245 992 1706 245 996 1707 327 997 1708 328 998 1709 245 999 1710 328 1000 1711 246 1001 1712 328 1002 1713 324 1003 1714 246 1004 1715 246 1005 1716 324 1006 1717 323 1007 1718 246 1008 1719 323 1009 1720 247 1010 1721 323 1011 1722 321 1012 1723 247 1013 1724 247 1014 1725 321 1015 1726 320 1014 1727 247 1016 1728 320 1017 1729 264 1018 1730 264 1019 1731 320 1020 1732 318 1021 1733 264 1022 1734 318 1022 1735 265 1022 1736 318 1023 1737 317 1024 1738 265 1025 1739 265 1026 1740 317 1027 1741 315 1028 1742 265 1029 1743 315 1029 1744 266 1029 1745 315 1030 1746 314 1031 1747 266 1032 1748 266 1033 1749 314 1034 1750 312 1035 1751 266 1036 1752 312 1037 1753 268 1038 1754 216 1039 1755 215 1040 1756 308 1041 1757 308 1041 1758 215 1040 1759 268 1042 1760 308 1043 1761 268 1044 1762 311 1045 1763 311 1046 1764 268 1047 1765 312 1048 1766 335 1049 1767 336 1050 1768 157 1051 1769 157 1051 1770 336 1050 1771 273 1052 1772 336 1053 1773 335 1054 1774 337 1055 1775 337 1055 1776 335 1054 1777 338 1056 1778 337 1057 1779 338 1058 1780 339 1059 1781 339 1059 1782 338 1058 1783 340 1060 1784 339 1061 1785 340 1062 1786 341 1063 1787 341 1063 1788 340 1062 1789 342 1064 1790 341 1065 1791 342 1066 1792 343 1067 1793 343 1067 1794 342 1066 1795 344 1068 1796 345 1069 1797 346 1070 1798 344 1071 1799 344 1071 1800 346 1070 1801 343 1072 1802 347 1073 1803 348 1074 1804 349 1075 1805 347 1073 1806 349 1075 1807 350 1076 1808 350 1077 1809 349 1078 1810 351 1079 1811 350 1080 1812 351 1081 1813 352 1082 1814 352 1083 1815 351 1083 1816 353 1083 1817 352 1084 1818 353 1085 1819 354 1084 1820 354 1086 1821 353 1086 1822 346 1087 1823 354 1088 1824 346 1089 1825 345 1090 1826 355 1091 1827 356 1091 1828 357 1091 1829 357 1092 1830 356 1093 1831 358 1094 1832 356 1095 1833 359 1096 1834 358 1097 1835 358 1098 1836 359 1098 1837 360 1098 1838 358 1099 1839 360 1100 1840 361 1101 1841 360 1102 1842 362 1103 1843 361 1104 1844 361 951 1845 362 952 1846 363 953 1847 361 1105 1848 363 1106 1849 364 1107 1850 363 1108 1851 365 1109 1852 364 1110 1853 364 1111 1854 365 1112 1855 366 1113 1856 364 1114 1857 366 1114 1858 367 1114 1859 366 1115 1860 368 1116 1861 367 1117 1862 367 1118 1863 368 1119 1864 369 1120 1865 367 1121 1866 369 1121 1867 370 1122 1868 369 1123 1869 371 1124 1870 370 1125 1871 370 1126 1872 371 1127 1873 372 1128 1874 370 1129 1875 372 1130 1876 373 1131 1877 374 982 1878 375 983 1879 376 984 1880 376 1132 1881 375 1133 1882 373 1134 1883 376 1135 1884 373 1136 1885 377 1137 1886 377 1138 1887 373 1138 1888 372 1138 1889 270 1139 1890 356 1140 1891 269 1141 1892 269 1141 1893 356 1140 1894 355 1142 1895 257 1143 1896 259 1144 1897 374 1145 1898 374 1145 1899 376 1146 1900 257 1143 1901 257 619 1902 376 620 1903 377 621 1904 257 1147 1905 377 1148 1906 237 1149 1907 377 1150 1908 372 1150 1909 237 1151 1910 237 1152 1911 372 1153 1912 371 1152 1913 237 630 1914 371 631 1915 238 630 1916 371 1154 1917 369 1155 1918 238 1154 1919 238 1156 1920 369 1157 1921 368 1158 1922 238 1159 1923 368 1160 1924 240 1161 1925 240 1162 1926 368 1163 1927 366 1164 1928 240 1165 1929 366 1165 1930 272 1165 1931 366 644 1932 365 645 1933 272 646 1934 272 1166 1935 365 1167 1936 363 1168 1937 272 1169 1938 363 1170 1939 271 1171 1940 363 1172 1941 362 1172 1942 271 1172 1943 271 1173 1944 362 1174 1945 360 1175 1946 271 1176 1947 360 1177 1948 270 1178 1949 270 1179 1950 360 1180 1951 359 1181 1952 270 1182 1953 359 1183 1954 356 1184 1955 267 1185 1956 269 1186 1957 355 1187 1958 355 1187 1959 378 1188 1960 267 1185 1961 267 1189 1962 378 1190 1963 379 1191 1964 267 1192 1965 379 1193 1966 242 1193 1967 379 1194 1968 380 1195 1969 242 1196 1970 242 1197 1971 380 1198 1972 381 1198 1973 242 1008 1974 381 1009 1975 243 1010 1976 381 1199 1977 382 1200 1978 243 1201 1979 243 1202 1980 382 1203 1981 383 1204 1982 243 1205 1983 383 1206 1984 251 1207 1985 251 1208 1986 383 1209 1987 384 1210 1988 251 1211 1989 384 1212 1990 252 1213 1991 384 1214 1992 385 1215 1993 252 1216 1994 252 1217 1995 385 1218 1996 386 1219 1997 252 1220 1998 386 1221 1999 254 1222 2000 386 1030 2001 387 1031 2002 254 1032 2003 254 1223 2004 387 1224 2005 388 1225 2006 254 1226 2007 388 1227 2008 261 1228 2009 374 1229 2010 259 1230 2011 389 1231 2012 389 1231 2013 259 1230 2014 261 1232 2015 389 1233 2016 261 1234 2017 390 1235 2018 390 1236 2019 261 1237 2020 388 1238 2021 374 1239 2022 389 1240 2023 375 1241 2024 375 1242 2025 389 1243 2026 391 1244 2027 389 1245 2028 390 1245 2029 391 1245 2030 391 1246 2031 390 1246 2032 388 1246 2033 391 1247 2034 388 1248 2035 392 1249 2036 388 1250 2037 387 1251 2038 392 1252 2039 392 900 2040 387 901 2041 386 902 2042 392 1253 2043 386 1254 2044 393 1255 2045 386 906 2046 385 907 2047 393 908 2048 393 909 2049 385 910 2050 384 911 2051 393 912 2052 384 912 2053 394 912 2054 384 1256 2055 383 1257 2056 394 1258 2057 394 1259 2058 383 1260 2059 382 1261 2060 394 1262 2061 382 1263 2062 395 1264 2063 382 1265 2064 381 1266 2065 395 1267 2066 395 1268 2067 381 1269 2068 380 1270 2069 395 1271 2070 380 1271 2071 396 1271 2072 355 1272 2073 357 1273 2074 378 1274 2075 378 1275 2076 357 1276 2077 396 1277 2078 378 1278 2079 396 1278 2080 379 1278 2081 379 1279 2082 396 1279 2083 380 1279 2084 338 1280 2085 335 1281 2086 331 1282 2087 330 1283 2088 331 1282 2089 97 1284 2090 97 1284 2091 331 1282 2092 335 1281 2093 97 1284 2094 335 1281 2095 157 1285 2096 370 1286 2097 397 1287 2098 367 1288 2099 367 1288 2100 397 1287 2101 345 1289 2102 367 1290 2103 345 1291 2104 364 1292 2105 364 1292 2106 345 1291 2107 344 1293 2108 364 1292 2109 344 1293 2110 361 1294 2111 398 1295 2112 399 1296 2113 392 1297 2114 396 1298 2115 310 1299 2116 313 1300 2117 399 1296 2118 400 1301 2119 392 1297 2120 392 1297 2121 400 1301 2122 401 1302 2123 392 1297 2124 401 1302 2125 391 1303 2126 391 1303 2127 401 1302 2128 402 1304 2129 391 1303 2130 402 1304 2131 375 1305 2132 375 1305 2133 402 1304 2134 347 1306 2135 375 1305 2136 347 1306 2137 373 1307 2138 373 1307 2139 347 1306 2140 350 1308 2141 373 1307 2142 350 1308 2143 370 1286 2144 370 1286 2145 350 1308 2146 403 1309 2147 370 1286 2148 403 1309 2149 397 1287 2150 392 1297 2151 393 1310 2152 398 1295 2153 398 1295 2154 393 1310 2155 394 1311 2156 398 1295 2157 394 1311 2158 205 1312 2159 310 1299 2160 396 1298 2161 309 1313 2162 309 1313 2163 396 1298 2164 357 1314 2165 309 1313 2166 357 1314 2167 334 1315 2168 394 1311 2169 395 1316 2170 205 1312 2171 205 1312 2172 395 1316 2173 396 1298 2174 205 1312 2175 396 1298 2176 316 1317 2177 316 1317 2178 396 1298 2179 313 1300 2180 357 1314 2181 358 1318 2182 334 1315 2183 334 1315 2184 358 1318 2185 361 1294 2186 334 1315 2187 361 1294 2188 333 1319 2189 333 1319 2190 361 1294 2191 344 1293 2192 333 1319 2193 344 1293 2194 332 1320 2195 332 1320 2196 344 1293 2197 342 1321 2198 332 1320 2199 342 1321 2200 331 1282 2201 331 1282 2202 342 1321 2203 340 1322 2204 331 1282 2205 340 1322 2206 338 1280 2207 202 1323 2208 325 1324 2209 153 1325 2210 153 1325 2211 325 1324 2212 326 1326 2213 153 1325 2214 326 1326 2215 97 1284 2216 97 1284 2217 326 1326 2218 329 1327 2219 97 1284 2220 329 1327 2221 330 1283 2222 316 1317 2223 319 1328 2224 205 1312 2225 205 1312 2226 319 1328 2227 322 1329 2228 205 1312 2229 322 1329 2230 204 1330 2231 204 1330 2232 322 1329 2233 325 1324 2234 204 1330 2235 325 1324 2236 203 1331 2237 203 1331 2238 325 1324 2239 202 1323 2240 205 1332 2241 146 1333 2242 398 1333 2243 398 1333 2244 146 1333 2245 200 1332 2246 398 1334 2247 200 1335 2248 306 1336 2249 398 1334 2250 306 1336 2251 399 1337 2252 399 1338 2253 306 1339 2254 304 1340 2255 399 1338 2256 304 1340 2257 400 1341 2258 400 1342 2259 304 1343 2260 302 1344 2261 400 1342 2262 302 1344 2263 401 1345 2264 401 1346 2265 302 1347 2266 301 1348 2267 401 1346 2268 301 1348 2269 402 1349 2270 402 1350 2271 301 1351 2272 347 1352 2273 347 1352 2274 301 1351 2275 348 1353 2276 301 1354 2277 300 1354 2278 348 1354 2279 348 1354 2280 300 1354 2281 404 1354 2282 258 1355 2283 404 1356 2284 260 1357 2285 260 1357 2286 404 1356 2287 300 1358 2288 404 1359 2289 258 1360 2290 256 1361 2291 404 1359 2292 256 1361 2293 405 1362 2294 405 1363 2295 256 1364 2296 255 1365 2297 405 1363 2298 255 1365 2299 406 1366 2300 406 1367 2301 255 1368 2302 236 1369 2303 406 1367 2304 236 1369 2305 407 1370 2306 407 1371 2307 236 1372 2308 239 1373 2309 407 1371 2310 239 1373 2311 408 1374 2312 241 1375 2313 409 1376 2314 239 1376 2315 239 1376 2316 409 1376 2317 408 1375 2318 409 1377 2319 241 1378 2320 410 1379 2321 410 1379 2322 241 1378 2323 249 1380 2324 410 1381 2325 249 1382 2326 411 1383 2327 411 1383 2328 249 1382 2329 250 1384 2330 411 1385 2331 250 1386 2332 412 1387 2333 412 1387 2334 250 1386 2335 235 1388 2336 412 1389 2337 235 1390 2338 413 1391 2339 413 1391 2340 235 1390 2341 234 1392 2342 194 1393 2343 294 1394 2344 234 1395 2345 234 1395 2346 294 1394 2347 413 1396 2348 275 1397 2349 274 1398 2350 294 1399 2351 294 1399 2352 274 1398 2353 413 1400 2354 413 1400 2355 274 1398 2356 273 1401 2357 413 1400 2358 273 1401 2359 336 1354 2360 286 1402 2361 288 1403 2362 277 1404 2363 277 1404 2364 288 1403 2365 293 1405 2366 277 1404 2367 293 1405 2368 299 1406 2369 299 1406 2370 293 1405 2371 292 1407 2372 275 1397 2373 294 1399 2374 292 1407 2375 292 1407 2376 294 1399 2377 295 1408 2378 292 1407 2379 295 1408 2380 296 1409 2381 284 1354 2382 285 1410 2383 283 1411 2384 283 1411 2385 285 1410 2386 286 1402 2387 283 1411 2388 286 1402 2389 282 1412 2390 282 1412 2391 286 1402 2392 277 1404 2393 282 1412 2394 277 1404 2395 281 1413 2396 296 1409 2397 297 1414 2398 292 1407 2399 292 1407 2400 297 1414 2401 298 1415 2402 292 1407 2403 298 1415 2404 299 1406 2405 279 1416 2406 280 1417 2407 278 1418 2408 278 1418 2409 280 1417 2410 281 1413 2411 278 1418 2412 281 1413 2413 276 1419 2414 276 1419 2415 281 1413 2416 277 1404 2417 413 1420 2418 336 1421 2419 412 1422 2420 412 1422 2421 336 1421 2422 337 1423 2423 412 1424 2424 337 1425 2425 411 1426 2426 411 1426 2427 337 1425 2428 339 1427 2429 411 1428 2430 339 1429 2431 410 1430 2432 410 1430 2433 339 1429 2434 341 1431 2435 410 1432 2436 341 1433 2437 409 1434 2438 409 1434 2439 341 1433 2440 343 1435 2441 346 1436 2442 408 1437 2443 343 1438 2444 343 1438 2445 408 1437 2446 409 1439 2447 348 1440 2448 404 1441 2449 405 1442 2450 348 1440 2451 405 1442 2452 349 1443 2453 349 1444 2454 405 1445 2455 406 1446 2456 349 1444 2457 406 1446 2458 351 1447 2459 351 1448 2460 406 1449 2461 407 1450 2462 351 1448 2463 407 1450 2464 353 1451 2465 353 1452 2466 407 1453 2467 408 1454 2468 353 1452 2469 408 1454 2470 346 1455 2471 414 1456 2472 415 1457 2473 416 1458 2474 417 1459 2475 418 1460 2476 419 1461 2477 419 1461 2478 418 1460 2479 420 1462 2480 419 1461 2481 420 1462 2482 421 1463 2483 421 1463 2484 420 1462 2485 422 1464 2486 422 1464 2487 420 1462 2488 423 1465 2489 422 1464 2490 423 1465 2491 424 1466 2492 419 1461 2493 425 1467 2494 426 1468 2495 414 1456 2496 416 1458 2497 423 1465 2498 423 1465 2499 416 1458 2500 427 1469 2501 423 1465 2502 427 1469 2503 424 1466 2504 428 1470 2505 429 1471 2506 419 1461 2507 419 1461 2508 429 1471 2509 430 1472 2510 419 1461 2511 430 1472 2512 417 1459 2513 426 1468 2514 431 1473 2515 419 1461 2516 419 1461 2517 431 1473 2518 432 1474 2519 419 1461 2520 432 1474 2521 428 1470 2522 416 1475 2523 433 1476 2524 434 1477 2525 416 1475 2526 434 1477 2527 427 1478 2528 427 1479 2529 434 1480 2530 435 1481 2531 427 1479 2532 435 1481 2533 424 1482 2534 424 1483 2535 435 1484 2536 436 1485 2537 424 1483 2538 436 1485 2539 422 1486 2540 422 1487 2541 436 1488 2542 437 1489 2543 422 1487 2544 437 1489 2545 421 1490 2546 438 1491 2547 439 1492 2548 440 1493 2549 440 1494 2550 439 1495 2551 441 1496 2552 440 1497 2553 441 1497 2554 442 1498 2555 442 1499 2556 441 1500 2557 443 1501 2558 442 1502 2559 443 1503 2560 444 1504 2561 440 1505 2562 445 1506 2563 438 1507 2564 438 1508 2565 445 1509 2566 446 1510 2567 438 1508 2568 446 1510 2569 447 1511 2570 447 1512 2571 446 1513 2572 448 1514 2573 447 1512 2574 448 1514 2575 449 1515 2576 450 1516 2577 451 1516 2578 452 1516 2579 453 1517 2580 454 1518 2581 455 1519 2582 453 1520 2583 455 1520 2584 456 1521 2585 450 1522 2586 452 1523 2587 457 1522 2588 457 1524 2589 452 1525 2590 458 1526 2591 457 1527 2592 458 1528 2593 459 1529 2594 459 1530 2595 458 1531 2596 460 1532 2597 459 1533 2598 460 1534 2599 461 1535 2600 462 1536 2601 463 1537 2602 458 1538 2603 458 1539 2604 463 1540 2605 464 1541 2606 458 1542 2607 464 1543 2608 460 1544 2609 465 1545 2610 466 1546 2611 467 1547 2612 455 1548 2613 468 1549 2614 456 1550 2615 456 1551 2616 468 1552 2617 469 1553 2618 456 1551 2619 469 1553 2620 470 1554 2621 470 1555 2622 469 1556 2623 465 1557 2624 470 1555 2625 465 1557 2626 471 1558 2627 471 1559 2628 465 1559 2629 467 1560 2630 467 1561 2631 462 1562 2632 471 1563 2633 471 1563 2634 462 1562 2635 458 1564 2636 471 1565 2637 458 1566 2638 470 1567 2639 470 1567 2640 458 1566 2641 452 1568 2642 470 1569 2643 452 1570 2644 456 1571 2645 456 1571 2646 452 1570 2647 451 1572 2648 456 1573 2649 451 1574 2650 453 1575 2651 453 1576 2652 451 1577 2653 450 1578 2654 453 1576 2655 450 1578 2656 472 1579 2657 473 1580 2658 474 1581 2659 475 1581 2660 476 1582 2661 477 1583 2662 478 1584 2663 478 1585 2664 477 1586 2665 479 1587 2666 478 1588 2667 479 1589 2668 480 1590 2669 481 1591 2670 473 1592 2671 476 1593 2672 476 1594 2673 473 1595 2674 475 1596 2675 476 1597 2676 475 1597 2677 477 1597 2678 482 1598 2679 472 1599 2680 483 1600 2681 483 1600 2682 472 1599 2683 450 1601 2684 483 1602 2685 450 1603 2686 484 1604 2687 484 1604 2688 450 1603 2689 457 1605 2690 484 1606 2691 457 1607 2692 485 1608 2693 485 1608 2694 457 1607 2695 459 1609 2696 485 1610 2697 459 1611 2698 461 1612 2699 461 1612 2700 481 1591 2701 485 1610 2702 485 1610 2703 481 1591 2704 476 1593 2705 485 1608 2706 476 1582 2707 484 1606 2708 484 1606 2709 476 1582 2710 478 1584 2711 484 1604 2712 478 1588 2713 483 1602 2714 483 1602 2715 478 1588 2716 480 1590 2717 483 1600 2718 480 1613 2719 482 1598 2720 482 1598 2721 480 1613 2722 479 1614 2723 482 1615 2724 479 1616 2725 486 1617 2726 487 1618 2727 488 1619 2728 489 1620 2729 490 1621 2730 491 1621 2731 492 1621 2732 490 1622 2733 492 1623 2734 493 1624 2735 493 1625 2736 492 1626 2737 494 1627 2738 493 1628 2739 494 1629 2740 495 1630 2741 495 1631 2742 494 1632 2743 496 1633 2744 495 1634 2745 496 1635 2746 497 1636 2747 498 1637 2748 499 1638 2749 500 1639 2750 500 1640 2751 499 1641 2752 501 1642 2753 475 1643 2754 474 1644 2755 498 1645 2756 498 1646 2757 500 1647 2758 475 1647 2759 475 1648 2760 500 1648 2761 502 1649 2762 475 1650 2763 502 1650 2764 477 1650 2765 477 1651 2766 502 1652 2767 503 1653 2768 477 1654 2769 503 1655 2770 479 1656 2771 487 1618 2772 489 1620 2773 504 1657 2774 504 1658 2775 489 1659 2776 505 1660 2777 504 1658 2778 505 1660 2779 506 1661 2780 507 1662 2781 488 1663 2782 501 1664 2783 501 1665 2784 488 1666 2785 487 1666 2786 501 1667 2787 487 1668 2788 500 1669 2789 500 1670 2790 487 1671 2791 504 1672 2792 500 1670 2793 504 1672 2794 502 1673 2795 502 1674 2796 504 1675 2797 506 1676 2798 502 1674 2799 506 1676 2800 503 1677 2801 508 1678 2802 497 1679 2803 507 1680 2804 507 1681 2805 497 1682 2806 496 1683 2807 507 1684 2808 496 1685 2809 488 1686 2810 488 1687 2811 496 1688 2812 494 1689 2813 488 1687 2814 494 1689 2815 489 1690 2816 489 1691 2817 494 1692 2818 492 1693 2819 489 1691 2820 492 1693 2821 505 1694 2822 505 1695 2823 492 1696 2824 491 1697 2825 505 1698 2826 491 1699 2827 506 1700 2828 506 1700 2829 491 1699 2830 509 1701 2831 506 1702 2832 509 1703 2833 503 1704 2834 503 1704 2835 509 1703 2836 510 1705 2837 503 1706 2838 510 1706 2839 479 1707 2840 479 1708 2841 510 1708 2842 511 1708 2843 479 1616 2844 511 1709 2845 486 1617 2846 512 1710 2847 508 1711 2848 513 1711 2849 442 1712 2850 514 1713 2851 515 1714 2852 515 1715 2853 514 1716 2854 516 1717 2855 515 1718 2856 516 1719 2857 517 1720 2858 517 1721 2859 516 1722 2860 518 1723 2861 513 1724 2862 519 1725 2863 512 1726 2864 512 1727 2865 519 1728 2866 520 1729 2867 512 1730 2868 520 1730 2869 518 1730 2870 518 1731 2871 520 1732 2872 521 1733 2873 518 1723 2874 521 1734 2875 517 1721 2876 508 1735 2877 512 1736 2878 497 1737 2879 497 1738 2880 512 1738 2881 518 1738 2882 497 1739 2883 518 1740 2884 495 1741 2885 495 1742 2886 518 1723 2887 516 1722 2888 495 1742 2889 516 1722 2890 493 1743 2891 493 1624 2892 516 1717 2893 514 1716 2894 493 1624 2895 514 1716 2896 490 1622 2897 522 1744 2898 523 1745 2899 524 1746 2900 524 1746 2901 523 1745 2902 525 1747 2903 526 1748 2904 524 1749 2905 525 1750 2906 525 1751 2907 527 1752 2908 526 1752 2909 526 1753 2910 527 1754 2911 528 1755 2912 526 1756 2913 528 1757 2914 529 1758 2915 529 1759 2916 528 1760 2917 530 1761 2918 530 1761 2919 528 1760 2920 531 1762 2921 530 1763 2922 531 1764 2923 532 1765 2924 532 1766 2925 531 1766 2926 533 1766 2927 532 1767 2928 533 1767 2929 534 1768 2930 533 1769 2931 535 1770 2932 534 1771 2933 534 1772 2934 535 1773 2935 536 1774 2936 534 1775 2937 536 1775 2938 537 1775 2939 537 1776 2940 536 1777 2941 538 1778 2942 538 1778 2943 536 1777 2944 539 1779 2945 538 1780 2946 539 1781 2947 540 1782 2948 540 1783 2949 539 1783 2950 541 1783 2951 540 1784 2952 541 1785 2953 542 1786 2954 542 1787 2955 541 1788 2956 543 1789 2957 542 1790 2958 543 1790 2959 544 1791 2960 544 1792 2961 543 1793 2962 545 1794 2963 544 1795 2964 545 1796 2965 546 1797 2966 544 1795 2967 546 1797 2968 547 1798 2969 547 1798 2970 546 1797 2971 548 1799 2972 549 1800 2973 550 1801 2974 551 1802 2975 549 1803 2976 551 1804 2977 552 1805 2978 552 1806 2979 551 1806 2980 553 1806 2981 552 1807 2982 553 1808 2983 554 1809 2984 554 1810 2985 553 1811 2986 555 1812 2987 554 1813 2988 555 1814 2989 556 1815 2990 556 1816 2991 555 1817 2992 547 1818 2993 556 1816 2994 547 1818 2995 548 1819 2996 550 1820 2997 549 1821 2998 557 1822 2999 557 1822 3000 549 1821 3001 558 1823 3002 522 1824 3003 559 1825 3004 523 1826 3005 523 1827 3006 559 1828 3007 560 1829 3008 559 1830 3009 561 1830 3010 560 1831 3011 560 1832 3012 561 1832 3013 562 1832 3014 560 1833 3015 562 1834 3016 563 1835 3017 563 1836 3018 562 1837 3019 564 1838 3020 563 1839 3021 564 1840 3022 565 1841 3023 565 1842 3024 564 1843 3025 566 1844 3026 565 1845 3027 566 1846 3028 567 1847 3029 568 1848 3030 569 1849 3031 567 1850 3032 567 1851 3033 569 1852 3034 570 1853 3035 567 1847 3036 570 1854 3037 565 1845 3038 567 1855 3039 571 1856 3040 568 1857 3041 568 1858 3042 571 1859 3043 557 1860 3044 568 1861 3045 557 1862 3046 558 1863 3047 572 1864 3048 573 1865 3049 574 1866 3050 575 1867 3051 576 1868 3052 577 1869 3053 578 1870 3054 579 1871 3055 580 1870 3056 581 1872 3057 582 1873 3058 583 1874 3059 583 1875 3060 582 1876 3061 584 1877 3062 583 1878 3063 584 1879 3064 577 1880 3065 577 1881 3066 584 1882 3067 585 1883 3068 577 1884 3069 585 1885 3070 575 1886 3071 581 1887 3072 583 1888 3073 586 1889 3074 586 1890 3075 583 1891 3076 587 1892 3077 586 1893 3078 587 1894 3079 588 1895 3080 589 1896 3081 590 1897 3082 591 1898 3083 592 1899 3084 593 1900 3085 590 1901 3086 594 1902 3087 595 1903 3088 593 1904 3089 596 1905 3090 597 1906 3091 598 1907 3092 598 1908 3093 597 1909 3094 599 1910 3095 600 1911 3096 601 1912 3097 602 1913 3098 602 1914 3099 601 1915 3100 596 1916 3101 602 1917 3102 596 1918 3103 603 1919 3104 580 1920 3105 604 1921 3106 578 1922 3107 578 1923 3108 604 1924 3109 605 1925 3110 578 1926 3111 605 1927 3112 606 1928 3113 607 1929 3114 608 1930 3115 609 1931 3116 609 1932 3117 608 1933 3118 610 1934 3119 593 1935 3120 592 1936 3121 594 1937 3122 594 1938 3123 592 1939 3124 611 1940 3125 594 1941 3126 611 1942 3127 612 1943 3128 612 1944 3129 611 1944 3130 613 1944 3131 612 1945 3132 613 1946 3133 614 1947 3134 615 1948 3135 588 1949 3136 591 1950 3137 591 1951 3138 588 1952 3139 587 1953 3140 591 1954 3141 587 1955 3142 589 1956 3143 589 1957 3144 587 1958 3145 583 1959 3146 589 1960 3147 583 1961 3148 616 1962 3149 616 1963 3150 583 1964 3151 577 1965 3152 616 1966 3153 577 1967 3154 617 1968 3155 617 1969 3156 577 1970 3157 576 1971 3158 617 1972 3159 576 1973 3160 609 1974 3161 609 1975 3162 576 1976 3163 618 1977 3164 609 1978 3165 618 1979 3166 607 1978 3167 607 1980 3168 618 1981 3169 579 1982 3170 596 1983 3171 598 1984 3172 603 1985 3173 603 1986 3174 598 1987 3175 619 1988 3176 603 1989 3177 619 1990 3178 620 1991 3179 620 1992 3180 619 1992 3181 621 1993 3182 620 1994 3183 621 1995 3184 622 1996 3185 595 1997 3186 594 1998 3187 623 1999 3188 623 2000 3189 594 2001 3190 612 2002 3191 623 2003 3192 612 2004 3193 624 2004 3194 624 2005 3195 612 2005 3196 614 2005 3197 624 2006 3198 614 2007 3199 625 2008 3200 626 2009 3201 627 2010 3202 628 2011 3203 628 2012 3204 627 2013 3205 606 2014 3206 628 2015 3207 606 2016 3208 629 2017 3209 629 2018 3210 606 2019 3211 605 2020 3212 622 2021 3213 621 2021 3214 630 2021 3215 630 2022 3216 621 2023 3217 627 2024 3218 630 2025 3219 627 2026 3220 574 2027 3221 574 2028 3222 627 2029 3223 626 2030 3224 574 2031 3225 626 2031 3226 572 2032 3227 590 2033 3228 589 2034 3229 592 2035 3230 592 2036 3231 589 2037 3232 616 2038 3233 592 2039 3234 616 2040 3235 611 2041 3236 611 2042 3237 616 2042 3238 617 2042 3239 611 2043 3240 617 2044 3241 613 2045 3242 613 2046 3243 617 2047 3244 609 2048 3245 613 2049 3246 609 2050 3247 614 2051 3248 614 2052 3249 609 2053 3250 610 2054 3251 614 2055 3252 610 2056 3253 625 2057 3254 579 1982 3255 578 2058 3256 607 1980 3257 607 2059 3258 578 2060 3259 606 2061 3260 607 2062 3261 606 2063 3262 608 2064 3263 608 2065 3264 606 2066 3265 627 2067 3266 608 2068 3267 627 2069 3268 610 2070 3269 610 2071 3270 627 2072 3271 621 2073 3272 610 2074 3273 621 2075 3274 625 2074 3275 625 2076 3276 621 2077 3277 619 2078 3278 625 2079 3279 619 2080 3280 624 2081 3281 624 2082 3282 619 2083 3283 598 2083 3284 624 2084 3285 598 2085 3286 623 2086 3287 623 2087 3288 598 2088 3289 599 2089 3290 623 2090 3291 599 2091 3292 595 2092 3293 631 2093 3294 632 2094 3295 633 2095 3296 634 2096 3297 635 2097 3298 636 2098 3299 637 2099 3300 638 2100 3301 635 2101 3302 639 2102 3303 573 2103 3304 572 2104 3305 639 2105 3306 572 2106 3307 640 2107 3308 635 2108 3309 634 2108 3310 637 2108 3311 637 2109 3312 634 2110 3313 604 2111 3314 637 2112 3315 604 2113 3316 580 2114 3317 572 2115 3318 626 2116 3319 640 2117 3320 640 2118 3321 626 2119 3322 628 2119 3323 640 2120 3324 628 2121 3325 636 2122 3326 636 2123 3327 628 2124 3328 629 2124 3329 636 2125 3330 629 2126 3331 634 2127 3332 634 2128 3333 629 2129 3334 605 2130 3335 634 2131 3336 605 2132 3337 604 2133 3338 638 2134 3339 631 2135 3340 635 2136 3341 635 2137 3342 631 2138 3343 633 2139 3344 635 2140 3345 633 2141 3346 636 2142 3347 636 2143 3348 633 2144 3349 641 2145 3350 636 2146 3351 641 2147 3352 640 2148 3353 640 2149 3354 641 2150 3355 642 2151 3356 640 2152 3357 642 2153 3358 639 2154 3359 639 2155 3360 642 2156 3361 643 2157 3362 644 2158 3363 645 2159 3364 646 2160 3365 647 2161 3366 648 2162 3367 646 2160 3368 646 2160 3369 648 2162 3370 649 2163 3371 646 2160 3372 649 2163 3373 644 2158 3374 601 2164 3375 600 2165 3376 650 2166 3377 651 2167 3378 615 2168 3379 591 2169 3380 652 2170 3381 653 2171 3382 654 2172 3383 655 2173 3384 656 2174 3385 657 2175 3386 658 2176 3387 659 2177 3388 660 2177 3389 660 2178 3390 659 2179 3391 661 2180 3392 662 2181 3393 663 2182 3394 664 2183 3395 664 2184 3396 663 2185 3397 665 2186 3398 664 2187 3399 665 2188 3400 666 2189 3401 645 2190 3402 662 2191 3403 667 2192 3404 667 2193 3405 662 2194 3406 664 2195 3407 667 2196 3408 664 2197 3409 668 2198 3410 669 2199 3411 670 2200 3412 671 2201 3413 672 2202 3414 650 2203 3415 670 2204 3416 590 2205 3417 593 2205 3418 673 2206 3419 673 2207 3420 593 2208 3421 674 2209 3422 673 2210 3423 674 2211 3424 675 2212 3425 676 2213 3426 661 2214 3427 677 2215 3428 677 2216 3429 661 2217 3430 659 2218 3431 677 2219 3432 659 2220 3433 678 2221 3434 678 2222 3435 659 2223 3436 658 2224 3437 678 2225 3438 658 2226 3439 679 2227 3440 679 2228 3441 658 2229 3442 680 2230 3443 679 2231 3444 680 2232 3445 681 2233 3446 681 2234 3447 680 2235 3448 654 2236 3449 682 2237 3450 683 2238 3451 657 2239 3452 657 2240 3453 683 2241 3454 684 2242 3455 657 2175 3456 684 2243 3457 655 2173 3458 655 2244 3459 684 2245 3460 685 2246 3461 683 2247 3462 686 2248 3463 684 2249 3464 684 2250 3465 686 2251 3466 687 2252 3467 684 2253 3468 687 2254 3469 685 2255 3470 685 2256 3471 687 2257 3472 688 2258 3473 685 2259 3474 688 2260 3475 689 2261 3476 690 2262 3477 691 2263 3478 692 2264 3479 692 2265 3480 691 2265 3481 693 2265 3482 692 2266 3483 693 2267 3484 694 2268 3485 694 2268 3486 693 2267 3487 695 2269 3488 694 2270 3489 695 2271 3490 675 2272 3491 690 2273 3492 668 2274 3493 691 2275 3494 691 2276 3495 668 2198 3496 664 2197 3497 691 2277 3498 664 2277 3499 693 2277 3500 693 2278 3501 664 2279 3502 666 2280 3503 693 2281 3504 666 2282 3505 695 2283 3506 665 2284 3507 676 2285 3508 666 2286 3509 666 2287 3510 676 2288 3511 677 2289 3512 666 2290 3513 677 2291 3514 695 2292 3515 695 2293 3516 677 2294 3517 678 2295 3518 695 2271 3519 678 2296 3520 675 2272 3521 675 2297 3522 678 2298 3523 679 2299 3524 675 2300 3525 679 2301 3526 673 2302 3527 673 2303 3528 679 2231 3529 681 2233 3530 673 2304 3531 681 2305 3532 590 2306 3533 590 2307 3534 681 2308 3535 654 2309 3536 590 2307 3537 654 2309 3538 591 2310 3539 591 2311 3540 654 2312 3541 653 2313 3542 591 2314 3543 653 2315 3544 651 2316 3545 670 2200 3546 669 2199 3547 672 2317 3548 672 2318 3549 669 2319 3550 696 2320 3551 672 2321 3552 696 2322 3553 697 2323 3554 697 2324 3555 696 2325 3556 698 2326 3557 697 2327 3558 698 2328 3559 699 2329 3560 601 2330 3561 650 2331 3562 596 2332 3563 596 2333 3564 650 2334 3565 672 2335 3566 596 1905 3567 672 2336 3568 597 1906 3569 597 2337 3570 672 2338 3571 697 2339 3572 597 2340 3573 697 2341 3574 599 2342 3575 599 2343 3576 697 2344 3577 699 2345 3578 599 2346 3579 699 2347 3580 595 2348 3581 700 2349 3582 701 2350 3583 654 2351 3584 654 2352 3585 701 2353 3586 702 2354 3587 654 2355 3588 702 2356 3589 652 2357 3590 660 2358 3591 656 2359 3592 658 2360 3593 658 2361 3594 656 2362 3595 655 2363 3596 658 2229 3597 655 2364 3598 680 2230 3599 680 2365 3600 655 2244 3601 685 2246 3602 680 2235 3603 685 2366 3604 654 2236 3605 654 2367 3606 685 2368 3607 689 2369 3608 654 2370 3609 689 2371 3610 700 2372 3611 593 2373 3612 595 2374 3613 674 2375 3614 674 2376 3615 595 2377 3616 699 2378 3617 674 2379 3618 699 2380 3619 675 2381 3620 675 2382 3621 699 2383 3622 698 2384 3623 675 2385 3624 698 2386 3625 694 2387 3626 694 2388 3627 698 2389 3628 696 2390 3629 694 2388 3630 696 2390 3631 692 2391 3632 692 2392 3633 696 2393 3634 669 2394 3635 692 2395 3636 669 2396 3637 690 2397 3638 690 2398 3639 669 2199 3640 671 2201 3641 690 2399 3642 671 2400 3643 668 2401 3644 481 2402 3645 461 2403 3646 703 2404 3647 704 2405 3648 705 2406 3649 706 2407 3650 706 2408 3651 705 2409 3652 707 2410 3653 706 2408 3654 707 2410 3655 708 2411 3656 708 2411 3657 707 2410 3658 709 2412 3659 708 2411 3660 709 2412 3661 710 2413 3662 710 2413 3663 709 2412 3664 711 2414 3665 710 2413 3666 711 2414 3667 712 2415 3668 712 2415 3669 711 2414 3670 713 2416 3671 712 2415 3672 713 2416 3673 714 2417 3674 714 2417 3675 713 2416 3676 715 2418 3677 714 2417 3678 715 2418 3679 716 2419 3680 716 2420 3681 715 2421 3682 717 2422 3683 715 2421 3684 718 2423 3685 717 2422 3686 717 2422 3687 718 2423 3688 719 2424 3689 717 2425 3690 719 2426 3691 720 2427 3692 720 2428 3693 719 2428 3694 721 2428 3695 720 2429 3696 721 2430 3697 722 2431 3698 722 2431 3699 723 2432 3700 720 2429 3701 720 2429 3702 723 2432 3703 724 2433 3704 720 2429 3705 724 2433 3706 725 2434 3707 725 2435 3708 726 2436 3709 727 2437 3710 727 2437 3711 726 2436 3712 728 2438 3713 725 2434 3714 727 2439 3715 720 2429 3716 720 2440 3717 727 2441 3718 474 2442 3719 720 2440 3720 474 2442 3721 703 2443 3722 703 2404 3723 474 2444 3724 473 2445 3725 703 2404 3726 473 2445 3727 481 2402 3728 729 2446 3729 730 2447 3730 731 2448 3731 731 2448 3732 730 2447 3733 732 2449 3734 732 2449 3735 733 2450 3736 731 2448 3737 731 2451 3738 733 2452 3739 734 2453 3740 731 2451 3741 734 2453 3742 735 2454 3743 736 2455 3744 737 2456 3745 734 2457 3746 737 2456 3747 738 2458 3748 734 2457 3749 734 2459 3750 738 2460 3751 739 2461 3752 734 2459 3753 739 2461 3754 735 2462 3755 735 2462 3756 739 2461 3757 740 2463 3758 735 2462 3759 740 2463 3760 741 2464 3761 741 2464 3762 742 2465 3763 735 2462 3764 735 2462 3765 742 2465 3766 743 2466 3767 735 2467 3768 743 2468 3769 704 2467 3770 704 2405 3771 743 2469 3772 744 2470 3773 704 2405 3774 744 2470 3775 705 2406 3776 745 2471 3777 746 2472 3778 734 2473 3779 734 2473 3780 746 2472 3781 747 2474 3782 734 2457 3783 747 2475 3784 736 2455 3785 728 2476 3786 748 2477 3787 727 2478 3788 727 2478 3789 748 2477 3790 749 2479 3791 727 2478 3792 749 2479 3793 750 2480 3794 750 2481 3795 751 2482 3796 727 2483 3797 727 2483 3798 751 2482 3799 752 2484 3800 727 2485 3801 752 2486 3802 753 2487 3803 753 2488 3804 752 2489 3805 754 2490 3806 753 2491 3807 754 2491 3808 734 2491 3809 734 2492 3810 754 2493 3811 755 2494 3812 734 2492 3813 755 2494 3814 745 2495 3815 756 2496 3816 643 2497 3817 642 2498 3818 757 2499 3819 758 2500 3820 759 2501 3821 760 2502 3822 761 2503 3823 762 2504 3824 757 2505 3825 759 2506 3826 763 2507 3827 756 2508 3828 642 2509 3829 764 2510 3830 765 2511 3831 766 2512 3832 767 2513 3833 767 2514 3834 766 2515 3835 768 2516 3836 767 2517 3837 768 2518 3838 769 2519 3839 769 2520 3840 768 2521 3841 770 2522 3842 769 2523 3843 770 2524 3844 716 2525 3845 767 2526 3846 771 2527 3847 765 2528 3848 765 2529 3849 771 2530 3850 772 2531 3851 765 2532 3852 772 2532 3853 762 2533 3854 762 2534 3855 772 2535 3856 773 2536 3857 762 2537 3858 773 2538 3859 760 2539 3860 774 2540 3861 764 2541 3862 775 2542 3863 775 2543 3864 764 2544 3865 642 2545 3866 775 2546 3867 642 2547 3868 776 2548 3869 776 2549 3870 642 2151 3871 641 2150 3872 776 2550 3873 641 2551 3874 777 2552 3875 777 2553 3876 641 2554 3877 633 2555 3878 777 2556 3879 633 2557 3880 778 2558 3881 778 2559 3882 633 2560 3883 632 2561 3884 778 2562 3885 763 2563 3886 777 2564 3887 777 2565 3888 763 2566 3889 759 2567 3890 777 2568 3891 759 2569 3892 776 2570 3893 776 2571 3894 759 2572 3895 779 2573 3896 776 2574 3897 779 2575 3898 775 2576 3899 775 2577 3900 779 2578 3901 780 2579 3902 775 2580 3903 780 2580 3904 774 2580 3905 774 2581 3906 780 2582 3907 781 2583 3908 758 2584 3909 773 2585 3910 759 2586 3911 759 2586 3912 773 2585 3913 772 2587 3914 759 2588 3915 772 2589 3916 779 2590 3917 779 2591 3918 772 2592 3919 771 2593 3920 779 2578 3921 771 2594 3922 780 2579 3923 780 2595 3924 771 2596 3925 767 2597 3926 780 2598 3927 767 2598 3928 781 2598 3929 781 2599 3930 767 2600 3931 769 2601 3932 782 2602 3933 783 2603 3934 784 2604 3935 785 2605 3936 786 2606 3937 787 2607 3938 425 2608 3939 788 2609 3940 789 2610 3941 790 2611 3942 788 2612 3943 425 2613 3944 787 2614 3945 786 2615 3946 425 2616 3947 791 2617 3948 789 2618 3949 792 2619 3950 792 2620 3951 789 2621 3952 788 2622 3953 792 2620 3954 788 2622 3955 793 2623 3956 793 2624 3957 788 2625 3958 790 2626 3959 783 2627 3960 785 2628 3961 791 2629 3962 791 2630 3963 785 2605 3964 787 2607 3965 791 2617 3966 787 2631 3967 789 2618 3968 789 2632 3969 787 2632 3970 425 2632 3971 790 2633 3972 794 2634 3973 793 2635 3974 793 2636 3975 794 2636 3976 795 2636 3977 793 2637 3978 795 2638 3979 796 2637 3980 783 2627 3981 791 2629 3982 784 2639 3983 784 2640 3984 791 2641 3985 792 2642 3986 784 2640 3987 792 2642 3988 797 2643 3989 797 2644 3990 792 2645 3991 793 2646 3992 797 2644 3993 793 2646 3994 798 2647 3995 798 2648 3996 793 2649 3997 796 2650 3998 798 2651 3999 796 2652 4000 799 2653 4001 782 2602 4002 784 2604 4003 800 2654 4004 800 2655 4005 784 2656 4006 797 2657 4007 800 2655 4008 797 2657 4009 801 2658 4010 801 2659 4011 797 2660 4012 798 2661 4013 801 2659 4014 798 2661 4015 802 2662 4016 802 2663 4017 798 2664 4018 799 2665 4019 802 2663 4020 799 2665 4021 803 2666 4022 804 2667 4023 782 2668 4024 800 2669 4025 804 2667 4026 800 2669 4027 805 2670 4028 805 2671 4029 800 2672 4030 801 2673 4031 805 2671 4032 801 2673 4033 806 2674 4034 806 2675 4035 801 2676 4036 802 2677 4037 806 2675 4038 802 2677 4039 807 2678 4040 807 2679 4041 802 2680 4042 803 2681 4043 807 2679 4044 803 2681 4045 808 2682 4046 809 2683 4047 810 2683 4048 811 2684 4049 811 2685 4050 810 2685 4051 812 2685 4052 811 2686 4053 812 2687 4054 813 2688 4055 813 2689 4056 812 2690 4057 647 2691 4058 813 2692 4059 647 2693 4060 646 2693 4061 809 2694 4062 811 2695 4063 814 2696 4064 814 2697 4065 811 2698 4066 815 2699 4067 814 2700 4068 815 2701 4069 816 2702 4070 816 2703 4071 815 2704 4072 817 2705 4073 817 2706 4074 815 2707 4075 818 2708 4076 817 2709 4077 818 2709 4078 819 2709 4079 819 2710 4080 820 2711 4081 821 2712 4082 821 2712 4083 820 2711 4084 822 2713 4085 821 2714 4086 822 2715 4087 823 2716 4088 823 2717 4089 822 2718 4090 824 2719 4091 823 2720 4092 824 2720 4093 825 2720 4094 825 2721 4095 824 2722 4096 826 2723 4097 825 2724 4098 826 2725 4099 827 2726 4100 827 2727 4101 826 2728 4102 828 2729 4103 828 2730 4104 826 2731 4105 829 2732 4106 828 2733 4107 829 2734 4108 830 2735 4109 820 2736 4110 831 2737 4111 832 2738 4112 820 2739 4113 832 2740 4114 833 2741 4115 832 2742 4116 834 2743 4117 833 2744 4118 833 2745 4119 834 2746 4120 835 2747 4121 833 2748 4122 835 2748 4123 836 2748 4124 836 2749 4125 835 2750 4126 837 2751 4127 836 2752 4128 837 2753 4129 838 2754 4130 838 2755 4131 837 2756 4132 808 2757 4133 838 2758 4134 808 2759 4135 839 2760 4136 840 2761 4137 419 2762 4138 421 2763 4139 840 2761 4140 421 2763 4141 841 1 4142 437 1 4143 842 2764 4144 421 2763 4145 421 2763 4146 842 2764 4147 843 2765 4148 421 2763 4149 843 2765 4150 841 1 4151 844 2766 4152 845 2767 4153 846 2768 4154 846 2769 4155 845 2770 4156 847 2771 4157 846 2772 4158 847 2773 4159 848 2774 4160 848 2775 4161 847 2776 4162 849 2777 4163 850 2778 4164 851 2779 4165 852 2780 4166 852 2781 4167 851 2782 4168 853 2783 4169 852 2784 4170 853 2784 4171 849 2784 4172 849 2785 4173 853 2786 4174 854 2787 4175 849 2788 4176 854 2789 4177 848 2790 4178 850 2791 4179 852 2792 4180 855 2793 4181 855 2794 4182 852 2795 4183 856 2796 4184 855 2797 4185 856 2798 4186 829 2799 4187 857 2800 4188 858 2801 4189 859 2802 4190 859 2802 4191 858 2801 4192 860 2803 4193 859 2804 4194 860 2805 4195 861 2806 4196 861 2806 4197 860 2805 4198 862 2807 4199 861 2808 4200 862 2809 4201 863 2810 4202 863 2810 4203 862 2809 4204 864 2811 4205 863 2812 4206 864 2813 4207 865 2814 4208 865 2814 4209 864 2813 4210 866 2815 4211 865 2816 4212 866 2817 4213 867 2818 4214 867 2818 4215 866 2817 4216 868 2819 4217 867 2820 4218 868 2821 4219 869 2822 4220 869 2822 4221 868 2821 4222 870 2823 4223 869 2824 4224 870 2825 4225 871 2826 4226 871 2826 4227 870 2825 4228 872 2827 4229 871 2828 4230 872 2829 4231 873 2830 4232 873 2830 4233 872 2829 4234 874 2831 4235 873 2832 4236 874 2833 4237 875 2834 4238 875 2834 4239 874 2833 4240 876 2835 4241 875 2836 4242 876 2837 4243 877 2838 4244 877 2838 4245 876 2837 4246 878 2839 4247 877 2840 4248 878 2841 4249 879 2842 4250 879 2842 4251 878 2841 4252 880 2843 4253 879 2844 4254 880 2845 4255 881 2846 4256 881 2846 4257 880 2845 4258 882 2847 4259 881 2848 4260 882 2849 4261 857 2850 4262 857 2850 4263 882 2849 4264 858 2851 4265 883 2852 4266 884 2853 4267 885 2854 4268 885 2854 4269 884 2853 4270 886 2855 4271 885 2856 4272 886 2857 4273 887 2858 4274 887 2858 4275 886 2857 4276 888 2859 4277 887 2860 4278 888 2861 4279 889 2862 4280 889 2862 4281 888 2861 4282 890 2863 4283 889 2864 4284 890 2865 4285 891 2866 4286 891 2866 4287 890 2865 4288 892 2867 4289 891 2868 4290 892 2869 4291 893 2870 4292 893 2870 4293 892 2869 4294 894 2871 4295 893 2872 4296 894 2873 4297 895 2874 4298 895 2874 4299 894 2873 4300 896 2875 4301 895 2876 4302 896 2877 4303 897 2878 4304 897 2878 4305 896 2877 4306 898 2879 4307 897 2880 4308 898 2881 4309 899 2882 4310 899 2882 4311 898 2881 4312 900 2883 4313 899 2884 4314 900 2885 4315 901 2886 4316 901 2886 4317 900 2885 4318 902 2887 4319 901 2888 4320 902 2889 4321 903 2890 4322 903 2890 4323 902 2889 4324 904 2891 4325 903 2892 4326 904 2893 4327 905 2894 4328 905 2894 4329 904 2893 4330 906 2895 4331 905 2896 4332 906 2897 4333 883 2898 4334 883 2898 4335 906 2897 4336 884 2899 4337 907 2900 4338 908 2901 4339 909 2902 4340 908 2903 4341 907 2903 4342 910 2903 4343 910 2904 4344 907 2905 4345 911 2906 4346 910 2907 4347 911 2908 4348 912 2909 4349 912 2910 4350 911 2911 4351 913 2912 4352 912 2913 4353 913 2914 4354 914 2915 4355 915 2916 4356 916 2917 4357 909 2918 4358 917 2919 4359 845 2920 4360 916 2921 4361 916 2922 4362 915 2923 4363 917 2924 4364 917 2925 4365 915 2926 4366 918 2927 4367 917 2925 4368 918 2927 4369 919 2928 4370 919 2929 4371 918 2930 4372 920 2931 4373 919 2929 4374 920 2931 4375 921 2932 4376 921 2933 4377 920 2934 4378 922 2935 4379 921 2933 4380 922 2935 4381 923 2936 4382 909 2937 4383 908 2938 4384 915 2939 4385 915 2939 4386 908 2938 4387 910 2940 4388 915 2939 4389 910 2940 4390 918 2941 4391 918 2942 4392 910 2943 4393 912 2944 4394 918 2942 4395 912 2944 4396 920 2945 4397 920 2946 4398 912 2947 4399 914 2948 4400 920 2946 4401 914 2948 4402 922 2949 4403 924 2950 4404 925 2951 4405 926 2952 4406 446 2953 4407 927 2954 4408 448 2955 4409 448 2955 4410 927 2954 4411 928 2956 4412 924 2957 4413 926 2958 4414 929 2959 4415 929 2960 4416 926 2961 4417 930 2962 4418 929 2963 4419 930 2964 4420 931 2965 4421 931 2966 4422 930 2967 4423 932 2968 4424 931 2966 4425 932 2968 4426 933 2969 4427 933 2970 4428 932 2971 4429 934 2972 4430 934 2973 4431 932 2974 4432 935 2975 4433 934 2973 4434 935 2975 4435 936 2976 4436 936 2977 4437 935 2978 4438 937 2979 4439 936 2980 4440 937 2981 4441 938 2982 4442 938 2983 4443 937 2983 4444 939 2983 4445 938 2984 4446 939 2985 4447 940 2986 4448 513 2987 4449 940 2988 4450 519 2989 4451 519 2990 4452 940 2991 4453 939 2992 4454 519 2993 4455 939 2994 4456 520 2995 4457 520 2996 4458 939 2997 4459 937 2996 4460 520 2998 4461 937 2999 4462 521 3000 4463 442 3001 4464 941 3002 4465 440 3003 4466 440 3003 4467 941 3002 4468 942 3004 4469 440 3005 4470 942 3006 4471 445 3007 4472 445 3008 4473 942 3009 4474 943 3010 4475 445 3011 4476 943 3012 4477 446 3013 4478 446 3014 4479 943 3015 4480 944 3016 4481 446 3017 4482 944 3018 4483 927 3019 4484 945 3020 4485 946 3021 4486 941 3022 4487 941 3022 4488 946 3021 4489 947 3023 4490 941 3024 4491 947 3025 4492 942 3026 4493 942 3026 4494 947 3025 4495 948 3027 4496 942 3028 4497 948 3029 4498 943 3030 4499 943 3030 4500 948 3029 4501 949 3031 4502 943 3032 4503 949 3033 4504 944 3034 4505 944 3034 4506 949 3033 4507 950 3035 4508 944 3036 4509 950 3037 4510 927 3038 4511 927 3038 4512 950 3037 4513 951 3039 4514 927 3040 4515 951 3041 4516 928 3042 4517 928 3043 4518 951 3044 4519 952 3045 4520 442 3046 4521 515 3047 4522 941 3048 4523 941 3049 4524 515 3050 4525 517 3051 4526 941 3052 4527 517 3053 4528 945 3054 4529 945 3055 4530 517 3056 4531 521 3057 4532 945 3058 4533 521 3059 4534 946 3060 4535 946 3061 4536 521 3061 4537 937 3062 4538 946 3063 4539 937 3064 4540 947 3065 4541 947 3065 4542 937 3064 4543 935 3066 4544 947 3067 4545 935 3068 4546 948 3069 4547 948 3069 4548 935 3068 4549 932 3070 4550 948 3071 4551 932 3072 4552 949 3073 4553 949 3073 4554 932 3072 4555 930 3074 4556 949 3075 4557 930 3076 4558 950 3077 4559 950 3077 4560 930 3076 4561 926 3078 4562 950 3079 4563 926 3080 4564 951 3081 4565 951 3081 4566 926 3080 4567 925 3082 4568 951 3083 4569 925 3084 4570 952 3085 4571 952 3085 4572 925 3084 4573 924 3086 4574 952 3087 4575 924 3088 4576 953 3089 4577 954 3090 4578 953 3091 4579 924 3092 4580 955 3093 4581 956 3094 4582 954 3095 4583 957 3096 4584 958 3097 4585 959 3098 4586 959 3099 4587 958 3100 4588 960 3101 4589 959 3099 4590 960 3101 4591 961 3102 4592 961 3103 4593 960 3104 4594 962 3105 4595 961 3103 4596 962 3105 4597 963 3106 4598 963 3107 4599 962 3108 4600 964 3109 4601 964 3109 4602 962 3108 4603 965 3110 4604 964 3111 4605 965 3112 4606 966 3113 4607 964 3111 4608 966 3113 4609 967 3114 4610 967 3115 4611 966 3116 4612 968 3117 4613 967 3115 4614 968 3117 4615 969 3118 4616 969 3119 4617 968 3120 4618 970 3121 4619 969 3119 4620 970 3121 4621 971 3122 4622 971 3123 4623 970 3124 4624 972 3125 4625 971 3126 4626 972 3127 4627 973 3128 4628 940 3129 4629 513 3130 4630 974 3130 4631 975 3131 4632 936 3132 4633 976 3133 4634 976 3134 4635 936 3135 4636 938 3136 4637 976 3134 4638 938 3136 4639 977 3137 4640 977 3138 4641 938 3139 4642 940 3140 4643 977 3138 4644 940 3140 4645 978 3141 4646 978 3142 4647 940 3143 4648 974 3144 4649 954 3145 4650 924 3146 4651 955 3147 4652 955 3148 4653 924 3149 4654 929 3150 4655 955 3148 4656 929 3150 4657 979 3151 4658 979 3152 4659 929 3153 4660 931 3154 4661 979 3152 4662 931 3154 4663 980 3155 4664 980 3156 4665 931 3157 4666 933 3158 4667 980 3156 4668 933 3158 4669 975 3159 4670 975 3160 4671 933 3161 4672 934 3162 4673 975 3131 4674 934 3163 4675 936 3132 4676 978 3164 4677 981 3165 4678 977 3166 4679 977 3166 4680 981 3165 4681 982 3167 4682 977 3168 4683 982 3169 4684 976 3170 4685 976 3170 4686 982 3169 4687 983 3171 4688 976 3172 4689 983 3173 4690 975 3174 4691 975 3174 4692 983 3173 4693 984 3175 4694 975 3176 4695 984 3177 4696 980 3178 4697 980 3178 4698 984 3177 4699 985 3179 4700 980 3180 4701 985 3181 4702 979 3182 4703 979 3182 4704 985 3181 4705 986 3183 4706 979 3184 4707 986 3185 4708 955 3186 4709 955 3186 4710 986 3185 4711 987 3187 4712 955 3188 4713 987 3189 4714 956 3190 4715 956 3190 4716 987 3189 4717 988 3191 4718 974 3192 4719 989 3193 4720 978 3194 4721 978 3195 4722 989 3196 4723 990 3197 4724 978 3198 4725 990 3199 4726 981 3200 4727 981 3201 4728 990 3202 4729 991 3203 4730 981 3204 4731 991 3205 4732 982 3206 4733 982 3206 4734 991 3205 4735 992 3207 4736 982 3208 4737 992 3209 4738 983 3210 4739 983 3210 4740 992 3209 4741 993 3211 4742 983 3212 4743 993 3213 4744 984 3214 4745 984 3214 4746 993 3213 4747 994 3215 4748 984 3216 4749 994 3217 4750 985 3218 4751 985 3218 4752 994 3217 4753 995 3219 4754 985 3220 4755 995 3221 4756 986 3222 4757 986 3222 4758 995 3221 4759 996 3223 4760 986 3224 4761 996 3225 4762 987 3226 4763 987 3226 4764 996 3225 4765 997 3227 4766 987 3228 4767 997 3229 4768 988 3230 4769 988 3230 4770 997 3229 4771 998 3231 4772 990 3232 4773 972 3233 4774 991 3234 4775 991 3235 4776 972 3235 4777 970 3235 4778 991 3236 4779 970 3237 4780 992 3238 4781 992 3238 4782 970 3237 4783 968 3239 4784 992 3240 4785 968 3241 4786 993 3242 4787 993 3242 4788 968 3241 4789 966 3243 4790 993 3244 4791 966 3245 4792 994 3246 4793 994 3246 4794 966 3245 4795 965 3247 4796 994 3248 4797 965 3249 4798 995 3250 4799 995 3250 4800 965 3249 4801 962 3251 4802 995 3252 4803 962 3253 4804 996 3254 4805 996 3254 4806 962 3253 4807 960 3255 4808 996 3256 4809 960 3257 4810 997 3258 4811 997 3258 4812 960 3257 4813 958 3259 4814 997 3229 4815 958 3260 4816 998 3231 4817 998 3261 4818 958 3262 4819 957 3263 4820 999 3264 4821 1000 3265 4822 957 3266 4823 1001 3267 4824 1002 3268 4825 1003 3269 4826 1004 3270 4827 1005 3271 4828 1006 3272 4829 1006 3273 4830 1005 3274 4831 1007 3275 4832 1006 3276 4833 1007 3277 4834 1008 3278 4835 957 3096 4836 959 3098 4837 999 3279 4838 999 3280 4839 959 3281 4840 961 3282 4841 999 3280 4842 961 3282 4843 1009 3283 4844 1009 3284 4845 961 3285 4846 963 3286 4847 1009 3284 4848 963 3286 4849 1010 3287 4850 1010 3288 4851 963 3289 4852 964 3290 4853 1010 3288 4854 964 3290 4855 1011 3291 4856 1011 3292 4857 964 3293 4858 1012 3294 4859 1012 3294 4860 964 3293 4861 967 3295 4862 1012 3296 4863 967 3297 4864 969 3298 4865 973 3299 4866 1008 3300 4867 971 3301 4868 971 3302 4869 1008 3303 4870 1007 3304 4871 971 3305 4872 1007 3306 4873 1013 3307 4874 1013 3308 4875 1007 3309 4876 1005 3310 4877 1013 3308 4878 1005 3310 4879 1014 3311 4880 1014 3312 4881 1005 3313 4882 1004 3314 4883 1014 3315 4884 1004 3316 4885 1015 3317 4886 1015 3318 4887 1004 3319 4888 1016 3320 4889 1015 3321 4890 1016 3322 4891 1017 3323 4892 1012 3324 4893 1018 3325 4894 1011 3326 4895 1011 3326 4896 1018 3325 4897 1019 3327 4898 1011 3328 4899 1019 3329 4900 1010 3330 4901 1010 3330 4902 1019 3329 4903 1020 3331 4904 1010 3332 4905 1020 3333 4906 1009 3334 4907 1009 3334 4908 1020 3333 4909 1021 3335 4910 1009 3336 4911 1021 3337 4912 999 3338 4913 999 3338 4914 1021 3337 4915 1022 3339 4916 999 3340 4917 1022 3341 4918 1000 3342 4919 1018 3343 4920 1023 3344 4921 1019 3345 4922 1019 3345 4923 1023 3344 4924 1024 3346 4925 1019 3347 4926 1024 3348 4927 1020 3349 4928 1020 3349 4929 1024 3348 4930 1025 3350 4931 1020 3351 4932 1025 3352 4933 1021 3353 4934 1021 3353 4935 1025 3352 4936 1026 3354 4937 1021 3355 4938 1026 3356 4939 1022 3357 4940 1022 3357 4941 1026 3356 4942 1027 3358 4943 1022 3359 4944 1027 3360 4945 1000 3361 4946 1000 3362 4947 1027 3363 4948 1003 3364 4949 1003 3365 4950 1027 3366 4951 1001 3367 4952 1001 3368 4953 1027 3369 4954 1026 3370 4955 1001 3371 4956 1026 3372 4957 1028 3373 4958 1028 3374 4959 1026 3374 4960 1025 3375 4961 1028 3376 4962 1025 3376 4963 1029 3376 4964 1029 3377 4965 1025 3377 4966 1024 3377 4967 1029 3378 4968 1024 3379 4969 1017 3380 4970 1017 3381 4971 1024 3381 4972 1023 3381 4973 1017 3382 4974 1023 3383 4975 1015 3384 4976 1015 3385 4977 1023 3386 4978 1018 3387 4979 1015 3385 4980 1018 3387 4981 1014 3388 4982 1014 3389 4983 1018 3390 4984 1012 3391 4985 1014 3389 4986 1012 3391 4987 1013 3392 4988 1013 3393 4989 1012 3296 4990 969 3298 4991 1013 3307 4992 969 3394 4993 971 3305 4994 1001 3395 4995 1028 3395 4996 1030 3395 4997 1030 3396 4998 1028 3397 4999 1029 3398 5000 1030 3396 5001 1029 3398 5002 1031 3399 5003 1031 3400 5004 1029 3401 5005 1017 3402 5006 1031 3400 5007 1017 3402 5008 1032 3403 5009 1030 3404 5010 1033 3404 5011 1001 3404 5012 1001 3405 5013 1033 3405 5014 1034 3405 5015 1001 3406 5016 1034 3407 5017 1002 3408 5018 1002 3409 5019 1034 3410 5020 1035 3411 5021 1002 3412 5022 1035 3413 5023 1036 3414 5024 1033 3415 5025 1037 3416 5026 1034 3417 5027 1034 3418 5028 1037 3419 5029 1035 3420 5030 1038 3421 5031 1036 3422 5032 1035 3423 5033 1039 3424 5034 1040 3425 5035 1041 3426 5036 1041 3427 5037 1040 3428 5038 1038 3429 5039 1041 3430 5040 1038 3431 5041 1042 3432 5042 1042 3433 5043 1038 3434 5044 1035 3435 5045 1042 3436 5046 1035 3437 5047 1043 3438 5048 1043 3439 5049 1035 3440 5050 1037 3441 5051 1043 3442 5052 1044 3443 5053 1042 3444 5054 1042 3445 5055 1044 3446 5056 1045 3447 5057 1042 3448 5058 1045 3449 5059 1041 3449 5060 1041 3450 5061 1045 3451 5062 1046 3452 5063 1041 3426 5064 1046 3453 5065 1039 3424 5066 1039 3454 5067 1046 3455 5068 1047 3456 5069 1039 3457 5070 1047 3458 5071 1048 3459 5072 845 3460 5073 917 3461 5074 847 3462 5075 847 3463 5076 917 3464 5077 919 3465 5078 847 3466 5079 919 3467 5080 849 3468 5081 849 3469 5082 919 3470 5083 921 3471 5084 849 3472 5085 921 3473 5086 852 3474 5087 852 3475 5088 921 3476 5089 923 3477 5090 852 3478 5091 923 3479 5092 856 3480 5093 1049 3481 5094 1050 3482 5095 1051 3483 5096 1052 3484 5097 1053 3485 5098 1054 3486 5099 1054 3487 5100 1053 3488 5101 1055 3489 5102 1054 3490 5103 1055 3490 5104 1056 3490 5105 1056 3491 5106 1055 3491 5107 1057 3491 5108 1056 3492 5109 1057 3493 5110 1058 3494 5111 1058 3495 5112 1057 3496 5113 1059 3497 5114 1058 3498 5115 1059 3499 5116 1060 3500 5117 1060 3501 5118 1059 3502 5119 1061 3503 5120 830 3504 5121 1061 3503 5122 1062 3505 5123 1062 3505 5124 1061 3503 5125 1059 3502 5126 1062 3506 5127 1059 3497 5128 1063 3507 5129 1063 3507 5130 1059 3497 5131 1057 3496 5132 1063 3508 5133 1057 3509 5134 1051 3510 5135 1051 3510 5136 1057 3509 5137 1055 3511 5138 1051 3512 5139 1055 3513 5140 1049 3514 5141 1049 3515 5142 1055 3516 5143 1053 3517 5144 1064 3518 5145 1065 3519 5146 1066 3520 5147 1067 3521 5148 1056 3522 5149 1058 3523 5150 1068 3524 5151 1069 3525 5152 1070 3526 5153 1068 3527 5154 1070 3528 5155 1071 3529 5156 1072 3530 5157 1073 3531 5158 1074 3532 5159 1074 3533 5160 1073 3534 5161 1052 3535 5162 1074 3536 5163 1052 3537 5164 1054 3538 5165 1075 3539 5166 1076 3540 5167 1077 3541 5168 1077 3542 5169 1076 3543 5170 1066 3543 5171 1077 3544 5172 1066 3545 5173 1078 3546 5174 1078 3547 5175 1066 3548 5176 1079 3549 5177 1079 3550 5178 1066 3551 5179 1065 3552 5180 1079 3553 5181 1065 3554 5182 1080 3555 5183 1080 3556 5184 1065 3557 5185 1064 3558 5186 1080 3556 5187 1064 3558 5188 1081 3559 5189 1069 3560 5190 1068 3561 5191 1082 3562 5192 1082 3562 5193 1068 3561 5194 1083 3563 5195 1082 3564 5196 1083 3565 5197 1084 3566 5198 1070 3567 5199 1085 3568 5200 1071 3569 5201 1071 3570 5202 1085 3571 5203 1072 3572 5204 1071 3573 5205 1072 3574 5206 1086 3573 5207 1086 3575 5208 1072 3576 5209 1074 3577 5210 1086 3578 5211 1074 3579 5212 1067 3580 5213 1067 3581 5214 1074 3581 5215 1054 3581 5216 1067 3582 5217 1054 3583 5218 1056 3584 5219 1087 3585 5220 1075 3586 5221 1088 3587 5222 1088 3588 5223 1075 3589 5224 1077 3590 5225 1088 3591 5226 1077 3592 5227 1089 3593 5228 1089 3594 5229 1077 3595 5230 1078 3596 5231 1089 3597 5232 1078 3598 5233 1090 3599 5234 1090 3600 5235 1078 3601 5236 1079 3602 5237 1090 3603 5238 1079 3604 5239 1091 3603 5240 1091 3605 5241 1079 3553 5242 1080 3555 5243 1060 3606 5244 1081 3607 5245 1058 3608 5246 1058 3608 5247 1081 3607 5248 1064 3609 5249 1058 3610 5250 1064 3611 5251 1067 3612 5252 1067 3613 5253 1064 3614 5254 1066 3615 5255 1067 3580 5256 1066 3616 5257 1086 3578 5258 1086 3617 5259 1066 3618 5260 1076 3619 5261 1086 3620 5262 1076 3621 5263 1071 3622 5264 1071 3623 5265 1076 3540 5266 1075 3539 5267 1071 3624 5268 1075 3624 5269 1068 3625 5270 1068 3626 5271 1075 3586 5272 1087 3585 5273 1068 3627 5274 1087 3628 5275 1083 3629 5276 1032 3630 5277 1084 3631 5278 1092 3632 5279 1092 3633 5280 1084 3634 5281 1083 3635 5282 1092 3636 5283 1083 3637 5284 1093 3638 5285 1091 3639 5286 1048 3640 5287 1090 3641 5288 1090 3641 5289 1048 3640 5290 1094 3642 5291 1090 3643 5292 1094 3644 5293 1089 3645 5294 1089 3646 5295 1094 3647 5296 1095 3648 5297 1089 3649 5298 1095 3650 5299 1096 3651 5300 1096 3652 5301 1097 3653 5302 1089 3654 5303 1089 3655 5304 1097 3656 5305 1098 3657 5306 1089 3658 5307 1098 3659 5308 1088 3660 5309 1088 3661 5310 1098 3661 5311 1093 3661 5312 1088 3662 5313 1093 3663 5314 1087 3664 5315 1087 3665 5316 1093 3665 5317 1083 3665 5318 498 3666 5319 474 3667 5320 727 3668 5321 1099 3669 5322 501 3670 5323 499 3671 5324 1100 3672 5325 508 3673 5326 507 3674 5327 1101 3675 5328 1102 3675 5329 1103 3675 5330 1103 3676 5331 1102 3676 5332 1104 3676 5333 734 3677 5334 733 3677 5335 1101 3677 5336 1101 3678 5337 1103 3678 5338 734 3678 5339 734 3679 5340 1103 3680 5341 1105 3681 5342 734 3679 5343 1105 3681 5344 753 3682 5345 753 3683 5346 1105 3684 5347 1106 3685 5348 753 3683 5349 1106 3685 5350 727 3686 5351 1107 3687 5352 1108 3688 5353 1109 3689 5354 1109 3690 5355 1108 3691 5356 1110 3692 5357 1109 3690 5358 1110 3692 5359 1111 3693 5360 1111 3694 5361 1110 3695 5362 1100 3696 5363 1111 3694 5364 1100 3696 5365 1112 3697 5366 1112 3698 5367 1100 3672 5368 507 3674 5369 1112 3699 5370 507 3700 5371 501 3701 5372 501 3702 5373 1099 3703 5374 1112 3703 5375 1112 3704 5376 1099 3705 5377 1113 3706 5378 1112 3704 5379 1113 3706 5380 1111 3707 5381 1111 3708 5382 1113 3709 5383 1114 3710 5384 1111 3708 5385 1114 3710 5386 1109 3711 5387 1109 3712 5388 1114 3712 5389 1115 3712 5390 1109 3689 5391 1115 3713 5392 1107 3687 5393 498 3714 5394 727 3714 5395 499 3714 5396 499 3715 5397 727 3716 5398 1106 3717 5399 499 3718 5400 1106 3718 5401 1099 3718 5402 1099 3719 5403 1106 3720 5404 1105 3721 5405 1099 3719 5406 1105 3721 5407 1113 3722 5408 1113 3723 5409 1105 3724 5410 1103 3725 5411 1113 3723 5412 1103 3725 5413 1114 3726 5414 1114 3727 5415 1103 3727 5416 1104 3727 5417 1114 3728 5418 1104 3728 5419 1115 3728 5420 1108 3729 5421 1107 3730 5422 1116 3731 5423 513 3732 5424 508 3732 5425 974 3732 5426 974 3733 5427 508 3733 5428 1100 3733 5429 974 3734 5430 1100 3735 5431 989 3736 5432 989 3737 5433 1100 3738 5434 1110 3739 5435 989 3737 5436 1110 3739 5437 990 3740 5438 990 3741 5439 1110 3742 5440 1108 3743 5441 990 3741 5442 1108 3743 5443 972 3744 5444 972 3745 5445 1108 3729 5446 1116 3731 5447 972 3745 5448 1116 3731 5449 973 3746 5450 1117 3747 5451 1118 3748 5452 523 3749 5453 523 3749 5454 1118 3748 5455 525 3750 5456 1119 3751 5457 1120 3752 5458 1121 3753 5459 1121 3754 5460 1122 3755 5461 1119 3756 5462 1119 3757 5463 1122 3758 5464 1118 3759 5465 1119 3760 5466 1118 3761 5467 1123 3761 5468 1121 3762 5469 1124 3763 5470 528 3764 5471 528 3764 5472 1124 3763 5473 531 3765 5474 1125 3766 5475 1126 3767 5476 1127 3768 5477 1127 3769 5478 1126 3769 5479 1128 3770 5480 1124 3771 5481 1129 3772 5482 1130 3773 5483 1130 3774 5484 1129 3775 5485 1131 3776 5486 1130 3777 5487 1131 3778 5488 1128 3779 5489 1128 3780 5490 1131 3781 5491 1132 3782 5492 1128 3783 5493 1132 3784 5494 1127 3785 5495 546 3786 5496 545 3787 5497 1133 3788 5498 1133 3789 5499 545 3790 5500 543 3791 5501 1133 3792 5502 543 3793 5503 1134 3794 5504 1134 3795 5505 543 3796 5506 541 3797 5507 1134 3798 5508 541 3799 5509 1135 3800 5510 1135 3801 5511 541 3802 5512 539 3803 5513 1135 3804 5514 539 3805 5515 1136 3806 5516 1137 3807 5517 1133 3808 5518 1134 3809 5519 1136 3810 5520 1138 3811 5521 1135 3812 5522 1135 3813 5523 1138 3813 5524 1139 3813 5525 1135 3814 5526 1139 3815 5527 1134 3816 5528 1134 3817 5529 1139 3817 5530 1140 3818 5531 1134 3809 5532 1140 3819 5533 1137 3807 5534 973 3820 5535 1116 3821 5536 1008 3822 5537 1008 3823 5538 1116 3824 5539 1141 3825 5540 1008 3278 5541 1141 3826 5542 1006 3276 5543 1006 3827 5544 1141 3828 5545 1142 3829 5546 1006 3827 5547 1142 3829 5548 1004 3830 5549 1004 3831 5550 1142 3832 5551 1143 3833 5552 1004 3831 5553 1143 3833 5554 1016 3834 5555 1144 3835 5556 1145 3836 5557 1146 3837 5558 1017 3838 5559 1016 3839 5560 1146 3840 5561 1146 3840 5562 1016 3839 5563 1143 3841 5564 1146 3842 5565 1143 3843 5566 1144 3843 5567 1144 3844 5568 1143 3833 5569 1142 3832 5570 1144 3845 5571 1142 3846 5572 1147 3847 5573 1147 3848 5574 1142 3829 5575 1141 3828 5576 1147 3848 5577 1141 3828 5578 1148 3849 5579 1148 3850 5580 1141 3825 5581 1116 3824 5582 1148 3851 5583 1116 3852 5584 1107 3853 5585 1149 3854 5586 1150 3855 5587 1151 3856 5588 1101 3857 5589 733 3857 5590 1152 3857 5591 1101 3858 5592 1152 3859 5593 1102 3860 5594 1153 3861 5595 1115 3862 5596 1104 3863 5597 1148 3864 5598 1107 3865 5599 1115 3866 5600 1150 3867 5601 1154 3868 5602 1155 3869 5603 1156 3870 5604 1149 3871 5605 1157 3872 5606 1158 3873 5607 1159 3874 5608 1156 3875 5609 1160 3876 5610 1161 3877 5611 1162 3878 5612 1162 3879 5613 1161 3880 5614 1158 3881 5615 1162 3879 5616 1158 3881 5617 1163 3882 5618 1163 3883 5619 1158 3873 5620 1156 3875 5621 1149 3854 5622 1151 3856 5623 1157 3884 5624 1157 3885 5625 1151 3886 5626 1164 3887 5627 1157 3885 5628 1164 3887 5629 1165 3888 5630 1165 3889 5631 1164 3890 5632 1166 3891 5633 1165 3889 5634 1166 3891 5635 1167 3892 5636 1115 3893 5637 1153 3894 5638 1148 3895 5639 1148 3896 5640 1153 3896 5641 1168 3896 5642 1148 3897 5643 1168 3897 5644 1147 3897 5645 1147 3898 5646 1168 3898 5647 1155 3898 5648 1147 3899 5649 1155 3900 5650 1144 3899 5651 1144 3901 5652 1155 3902 5653 1154 3903 5654 1144 3835 5655 1154 3904 5656 1145 3836 5657 1156 3870 5658 1157 3872 5659 1163 3905 5660 1163 3906 5661 1157 3907 5662 1165 3908 5663 1163 3906 5664 1165 3908 5665 1162 3909 5666 1162 3910 5667 1165 3911 5668 1167 3912 5669 1162 3910 5670 1167 3912 5671 1160 3913 5672 1150 3867 5673 1155 3869 5674 1151 3914 5675 1151 3915 5676 1155 3916 5677 1168 3917 5678 1151 3915 5679 1168 3917 5680 1164 3918 5681 1164 3919 5682 1168 3920 5683 1153 3921 5684 1164 3919 5685 1153 3921 5686 1166 3922 5687 1166 3923 5688 1153 3924 5689 1104 3925 5690 1166 3926 5691 1104 3926 5692 1167 3927 5693 1167 3928 5694 1104 3929 5695 1102 3930 5696 1167 3931 5697 1102 3931 5698 1160 3931 5699 1160 3932 5700 1102 3933 5701 1152 3934 5702 1160 3876 5703 1152 3935 5704 1161 3877 5705 1152 3936 5706 733 3937 5707 732 3938 5708 732 3938 5709 1169 3939 5710 1152 3936 5711 1152 3940 5712 1169 3941 5713 1170 3942 5714 1152 3940 5715 1170 3942 5716 1161 3943 5717 1161 3944 5718 1170 3945 5719 1171 3946 5720 1161 3944 5721 1171 3946 5722 1158 3947 5723 1158 3948 5724 1171 3949 5725 1172 3950 5726 1158 3948 5727 1172 3950 5728 1159 3951 5729 730 3952 5730 729 3953 5731 1173 3954 5732 1173 3955 5733 729 3956 5734 1174 3957 5735 1173 3958 5736 1174 3959 5737 1175 3960 5738 1175 3961 5739 1174 3962 5740 1176 3963 5741 1175 3964 5742 1176 3965 5743 1177 3966 5744 1177 3967 5745 1176 3968 5746 1178 3968 5747 1177 3969 5748 1178 3970 5749 1179 3971 5750 1179 3971 5751 1172 3950 5752 1177 3969 5753 1177 3969 5754 1172 3950 5755 1171 3949 5756 1177 3966 5757 1171 3946 5758 1175 3964 5759 1175 3964 5760 1171 3946 5761 1170 3945 5762 1175 3960 5763 1170 3942 5764 1173 3958 5765 1173 3958 5766 1170 3942 5767 1169 3941 5768 1173 3954 5769 1169 3939 5770 730 3952 5771 730 3952 5772 1169 3939 5773 732 3938 5774 1180 3972 5775 1181 3973 5776 1182 3974 5777 1183 3975 5778 1184 3976 5779 1185 3977 5780 729 3978 5781 1186 3978 5782 1187 3978 5783 1187 3979 5784 1186 3980 5785 1188 3981 5786 1187 3982 5787 1188 3983 5788 1189 3984 5789 729 3985 5790 1187 3986 5791 1174 3987 5792 1174 3988 5793 1187 3989 5794 1190 3990 5795 1174 3988 5796 1190 3990 5797 1176 3991 5798 1176 3992 5799 1190 3993 5800 1191 3994 5801 1176 3992 5802 1191 3994 5803 1178 3995 5804 1178 3996 5805 1191 3997 5806 1182 3998 5807 1178 3996 5808 1182 3998 5809 1179 3999 5810 1184 4000 5811 1192 4001 5812 1185 4002 5813 1185 4002 5814 1192 4001 5815 1193 4003 5816 1185 4004 5817 1193 4005 5818 1194 4006 5819 1194 4007 5820 1193 4008 5821 1195 4009 5822 1194 4010 5823 1195 4011 5824 1196 4012 5825 1196 4012 5826 1195 4011 5827 1197 4013 5828 1189 4014 5829 1183 4015 5830 1187 4016 5831 1187 4017 5832 1183 4018 5833 1185 4019 5834 1187 4020 5835 1185 4021 5836 1190 4022 5837 1190 4022 5838 1185 4021 5839 1194 4023 5840 1190 4024 5841 1194 4025 5842 1191 4026 5843 1191 4026 5844 1194 4025 5845 1196 4027 5846 1191 4028 5847 1196 4029 5848 1182 4030 5849 1182 4031 5850 1196 4032 5851 1197 4033 5852 1182 4034 5853 1197 4035 5854 1180 4036 5855 1084 4037 5856 1198 4038 5857 1199 4039 5858 1084 4037 5859 1199 4039 5860 1082 4040 5861 1082 4041 5862 1199 4042 5863 1200 4043 5864 1082 4041 5865 1200 4043 5866 1069 4044 5867 1073 4045 5868 1072 4046 5869 1201 4045 5870 1201 4047 5871 1072 4047 5872 1085 4047 5873 1201 4048 5874 1085 4049 5875 1200 4050 5876 1200 4051 5877 1085 4052 5878 1070 4053 5879 1200 4054 5880 1070 4055 5881 1069 4056 5882 1201 4057 5883 1202 4058 5884 1073 4059 5885 1073 4060 5886 1202 4061 5887 1203 4062 5888 1073 4060 5889 1203 4062 5890 1052 4063 5891 1192 4064 5892 1203 4062 5893 1193 4065 5894 1193 4065 5895 1203 4062 5896 1202 4061 5897 1193 4066 5898 1202 4058 5899 1195 4067 5900 1195 4067 5901 1202 4058 5902 1201 4057 5903 1195 4068 5904 1201 4048 5905 1197 4069 5906 1197 4069 5907 1201 4048 5908 1200 4050 5909 1197 4070 5910 1200 4043 5911 1180 4071 5912 1180 4071 5913 1200 4043 5914 1199 4042 5915 1180 4072 5916 1199 4039 5917 1181 4073 5918 1181 4073 5919 1199 4039 5920 1198 4038 5921 1121 4074 5922 1120 4075 5923 1124 4076 5924 1124 4076 5925 1120 4075 5926 1129 4077 5927 1117 4078 5928 1204 4079 5929 1118 4080 5930 1118 4080 5931 1204 4079 5932 1123 4081 5933 1205 4082 5934 1206 4083 5935 1207 4084 5936 1207 4085 5937 1206 4086 5938 1208 4087 5939 1208 4088 5940 1206 4089 5941 1209 4090 5942 1209 4091 5943 1206 4091 5944 1210 4092 5945 1209 4093 5946 1210 4094 5947 1211 4095 5948 1211 4096 5949 1210 4097 5950 1212 4098 5951 1212 4099 5952 1210 4100 5953 1213 4099 5954 1212 4101 5955 1213 4102 5956 1214 4103 5957 1213 4104 5958 1215 4105 5959 1214 4106 5960 1214 4107 5961 1215 4107 5962 1216 4107 5963 1214 4108 5964 1216 4109 5965 1217 4110 5966 1217 4111 5967 1216 4112 5968 1218 4113 5969 1217 4114 5970 1218 4115 5971 1219 4116 5972 1218 4117 5973 1220 4118 5974 1219 4119 5975 1219 4120 5976 1220 4121 5977 1204 4122 5978 1219 4123 5979 1204 4123 5980 1117 4123 5981 1221 4124 5982 1222 4125 5983 1207 4126 5984 1207 4126 5985 1222 4125 5986 1205 4127 5987 1223 4128 5988 1224 4129 5989 1225 4130 5990 1225 4131 5991 1224 4132 5992 1226 4133 5993 1225 4134 5994 1226 4135 5995 1227 4136 5996 1227 4137 5997 1226 4137 5998 1228 4137 5999 1227 4138 6000 1228 4139 6001 1229 4140 6002 1229 4141 6003 1228 4141 6004 1230 4141 6005 1229 4142 6006 1230 4143 6007 1231 4142 6008 1231 4144 6009 1230 4145 6010 1222 4146 6011 1231 4147 6012 1222 4147 6013 1221 4147 6014 1133 4148 6015 1137 4149 6016 1223 4150 6017 1223 4150 6018 1137 4149 6019 1224 4151 6020 1133 3788 6021 1223 4152 6022 546 3786 6023 546 3786 6024 1223 4152 6025 548 4153 6026 1232 4154 6027 580 4154 6028 579 4154 6029 1232 4155 6030 579 4155 6031 1233 4155 6032 1234 4156 6033 1235 4156 6034 1236 4156 6035 1236 4157 6036 1235 4158 6037 1237 4159 6038 1236 4160 6039 1237 4161 6040 1238 4162 6041 1234 4163 6042 1239 4164 6043 1235 4165 6044 1235 4166 6045 1239 4167 6046 1240 4168 6047 1235 4169 6048 1240 4170 6049 1241 4171 6050 1242 4172 6051 1243 4173 6052 682 4174 6053 682 4175 6054 1243 4176 6055 1244 4177 6056 1242 4178 6057 1245 4179 6058 1243 4180 6059 1243 4181 6060 1245 4181 6061 1246 4181 6062 1243 4182 6063 1246 4182 6064 1237 4182 6065 1237 4183 6066 1246 4184 6067 1247 4185 6068 1237 4186 6069 1247 4186 6070 1238 4186 6071 1248 4187 6072 688 4188 6073 1244 4189 6074 1244 4190 6075 688 4191 6076 687 4192 6077 687 4193 6078 686 4194 6079 1244 4195 6080 1244 4196 6081 686 4197 6082 683 4198 6083 1244 4199 6084 683 4200 6085 682 4201 6086 651 4202 6087 653 4203 6088 1249 4204 6089 1249 4205 6090 653 2171 6091 652 2170 6092 1249 4206 6093 652 4207 6094 702 4208 6095 702 4209 6096 701 4210 6097 1249 4211 6098 1249 4212 6099 701 4213 6100 700 4214 6101 1249 4215 6102 700 4216 6103 1248 4217 6104 1248 4218 6105 700 4219 6106 689 4220 6107 1248 4221 6108 689 4222 6109 688 4223 6110 581 4224 6111 586 4225 6112 1250 4226 6113 1250 4227 6114 586 4228 6115 588 4229 6116 1250 4230 6117 588 4231 6118 1249 4232 6119 1249 4233 6120 588 4234 6121 615 4235 6122 1249 4236 6123 615 4237 6124 651 4238 6125 579 4239 6126 618 4240 6127 1233 4241 6128 1233 4242 6129 618 4243 6130 576 4244 6131 1233 4245 6132 576 4245 6133 575 4245 6134 575 4246 6135 585 4247 6136 1233 4248 6137 1233 4249 6138 585 4250 6139 584 4251 6140 1233 4252 6141 584 4253 6142 1250 4254 6143 1250 4255 6144 584 4256 6145 582 4257 6146 1250 4258 6147 582 4258 6148 581 4258 6149 1235 4259 6150 1241 4260 6151 1251 4261 6152 1251 4262 6153 1241 4263 6154 1252 4264 6155 580 4265 6156 1232 4266 6157 637 4267 6158 637 4268 6159 1232 4269 6160 1253 4270 6161 637 4271 6162 1253 4272 6163 638 4273 6164 638 4274 6165 1253 4275 6166 631 4276 6167 631 4277 6168 1253 4278 6169 632 4279 6170 632 4280 6171 1253 4280 6172 1254 4280 6173 632 4281 6174 1254 4281 6175 778 4281 6176 773 4282 6177 758 4282 6178 1255 4282 6179 1255 4283 6180 758 4284 6181 757 4285 6182 1255 4286 6183 757 4286 6184 1254 4286 6185 1254 4287 6186 757 4288 6187 763 4289 6188 1254 4290 6189 763 4291 6190 778 4292 6191 1256 4293 6192 1257 4293 6193 1255 4293 6194 1255 4294 6195 1257 4294 6196 1258 4294 6197 1258 4295 6198 761 4296 6199 1255 4297 6200 1255 4298 6201 761 4299 6202 760 4300 6203 1255 4301 6204 760 4302 6205 773 4303 6206 1259 4304 6207 1260 4304 6208 1261 4304 6209 1261 4305 6210 1260 4306 6211 1262 4307 6212 1261 4308 6213 1262 4309 6214 1256 4310 6215 1256 4310 6216 1262 4309 6217 1263 4311 6218 1256 4312 6219 1263 4313 6220 1257 4314 6221 1264 4315 6222 1265 4315 6223 1266 4315 6224 1266 4316 6225 1265 4317 6226 1267 4318 6227 1266 4319 6228 1267 4319 6229 1261 4319 6230 1261 4320 6231 1267 4320 6232 1268 4320 6233 1261 4321 6234 1268 4322 6235 1259 4323 6236 1252 4324 6237 1269 4325 6238 1251 4326 6239 1251 4327 6240 1269 4328 6241 1270 4329 6242 1251 4330 6243 1270 4330 6244 1266 4330 6245 1266 4331 6246 1270 4331 6247 1271 4331 6248 1266 4332 6249 1271 4332 6250 1264 4332 6251 676 4333 6252 665 4334 6253 1272 4335 6254 645 4336 6255 644 4337 6256 662 4338 6257 662 4339 6258 644 4340 6259 663 4341 6260 1273 4342 6261 1242 4343 6262 657 4344 6263 657 4345 6264 1242 4346 6265 682 4347 6266 1273 4348 6267 657 4349 6268 1274 4350 6269 1274 4351 6270 657 4352 6271 656 4353 6272 1274 4354 6273 656 4355 6274 1275 4354 6275 1275 4356 6276 656 4357 6277 660 4358 6278 1275 4359 6279 660 4360 6280 1276 4361 6281 1277 4362 6282 1247 4363 6283 1278 4364 6284 1278 4365 6285 1247 4366 6286 1246 4367 6287 1278 4368 6288 1246 4369 6289 1245 4370 6290 648 4371 6291 647 4372 6292 1279 4373 6293 644 4374 6294 649 4375 6295 1280 4376 6296 1280 4377 6297 649 4378 6298 648 4379 6299 1280 4380 6300 648 4381 6301 1281 4382 6302 1281 4383 6303 648 4384 6304 1279 4385 6305 1277 4386 6306 1278 4387 6307 1282 4388 6308 1282 4389 6309 1278 4390 6310 1283 4391 6311 1282 4392 6312 1283 4393 6313 1284 4392 6314 1284 4394 6315 1283 4395 6316 1285 4395 6317 1284 4396 6318 1285 4397 6319 1286 4398 6320 1286 4399 6321 1285 4400 6322 1287 4401 6323 1286 4402 6324 1287 4403 6325 1281 4404 6326 1281 4405 6327 1287 4406 6328 1288 4407 6329 1281 4408 6330 1288 4409 6331 1280 4410 6332 660 4411 6333 661 4412 6334 1276 4413 6335 1276 4414 6336 661 4415 6337 676 4416 6338 1276 4417 6339 676 4418 6340 1289 4419 6341 1289 4420 6342 676 4421 6343 1272 4422 6344 1238 4423 6345 1247 4424 6346 1290 4425 6347 1290 4426 6348 1247 4427 6349 1277 4428 6350 1290 4429 6351 1277 4430 6352 1291 4431 6353 1291 4432 6354 1277 4432 6355 1282 4433 6356 1291 4434 6357 1282 4435 6358 1292 4436 6359 1292 4437 6360 1282 4438 6361 1284 4439 6362 1292 4440 6363 1284 4441 6364 1293 4442 6365 1293 4443 6366 1284 4443 6367 1286 4443 6368 1293 4444 6369 1286 4445 6370 1294 4446 6371 1294 4447 6372 1286 4448 6373 1281 4449 6374 1294 4450 6375 1281 4451 6376 1295 4452 6377 1295 4453 6378 1281 4454 6379 1279 4455 6380 1245 4456 6381 1242 4457 6382 1278 4458 6383 1278 4459 6384 1242 4460 6385 1273 4461 6386 1278 4462 6387 1273 4463 6388 1283 4464 6389 1283 4465 6390 1273 4466 6391 1274 4467 6392 1283 4468 6393 1274 4469 6394 1285 4470 6395 1285 4471 6396 1274 4472 6397 1275 4473 6398 1285 4474 6399 1275 4475 6400 1287 4476 6401 1287 4477 6402 1275 4478 6403 1276 4479 6404 1287 4480 6405 1276 4481 6406 1288 4482 6407 1288 4483 6408 1276 4484 6409 1289 4485 6410 1288 4486 6411 1289 4487 6412 1280 4488 6413 1280 4489 6414 1289 4489 6415 1272 4489 6416 1280 4490 6417 1272 4491 6418 644 4492 6419 644 4493 6420 1272 4494 6421 665 4495 6422 644 4496 6423 665 4497 6424 663 4498 6425 762 4499 6426 761 4500 6427 1258 4501 6428 1296 4502 6429 1297 4503 6430 1298 4504 6431 1299 4505 6432 708 4506 6433 710 4507 6434 1300 4508 6435 706 4509 6436 708 4510 6437 708 4506 6438 1299 4505 6439 1300 4511 6440 1300 4512 6441 1299 4513 6442 1301 4514 6443 1300 4515 6444 1301 4516 6445 1302 4517 6446 1302 4518 6447 1301 4519 6448 1303 4520 6449 1302 4521 6450 1303 4522 6451 1304 4523 6452 1262 4524 6453 1305 4524 6454 1263 4524 6455 1263 4525 6456 1305 4526 6457 1306 4527 6458 1263 4528 6459 1306 4529 6460 1257 4530 6461 1296 4502 6462 1298 4504 6463 1307 4531 6464 1307 4532 6465 1298 4533 6466 1308 4534 6467 1307 4532 6468 1308 4534 6469 1309 4535 6470 1257 4536 6471 1306 4537 6472 1258 4538 6473 1258 4539 6474 1306 4540 6475 1310 4541 6476 1258 4542 6477 1310 4543 6478 762 4542 6479 762 4544 6480 1310 4545 6481 1311 4546 6482 762 4547 6483 1311 4548 6484 765 4547 6485 765 4549 6486 1311 4550 6487 1312 4551 6488 765 4552 6489 1312 4553 6490 766 4554 6491 766 4555 6492 1312 4556 6493 768 4557 6494 768 4558 6495 1312 4559 6496 1313 4560 6497 768 2521 6498 1313 4561 6499 770 2522 6500 1306 4562 6501 1297 4563 6502 1310 4564 6503 1310 4565 6504 1297 4566 6505 1296 4567 6506 1310 4568 6507 1296 4569 6508 1311 4570 6509 1311 4571 6510 1296 4572 6511 1307 4573 6512 1311 4571 6513 1307 4573 6514 1312 4574 6515 1312 4575 6516 1307 4576 6517 1309 4577 6518 1312 4575 6519 1309 4577 6520 1313 4578 6521 716 4579 6522 770 4580 6523 714 4581 6524 714 4582 6525 770 4583 6526 1313 4582 6527 714 4584 6528 1313 4585 6529 712 4586 6530 712 4586 6531 1313 4585 6532 1309 4587 6533 712 4588 6534 1309 4589 6535 710 4590 6536 710 4591 6537 1309 4592 6538 1308 4593 6539 710 4594 6540 1308 4595 6541 1299 4596 6542 1299 4597 6543 1308 4598 6544 1298 4599 6545 1299 4597 6546 1298 4599 6547 1301 4600 6548 1301 4601 6549 1298 4602 6550 1297 4603 6551 1301 4601 6552 1297 4603 6553 1303 4604 6554 1303 4605 6555 1297 4606 6556 1306 4607 6557 1303 4608 6558 1306 4609 6559 1304 4610 6560 1304 4611 6561 1306 4612 6562 1305 4613 6563 1314 4614 6564 1315 4615 6565 1316 4616 6566 1316 4617 6567 1315 4618 6568 1317 4619 6569 1318 4620 6570 1319 4621 6571 1314 4620 6572 1319 4622 6573 1318 4623 6574 1320 4624 6575 740 4625 6576 1320 4626 6577 1321 4627 6578 1322 4628 6579 1323 4629 6580 1324 4630 6581 1324 4631 6582 1323 4632 6583 1316 4633 6584 1324 4634 6585 1316 4635 6586 1325 4636 6587 1325 4637 6588 1316 4638 6589 1317 4639 6590 1325 4640 6591 1317 4641 6592 1326 4642 6593 1327 4643 6594 1328 4644 6595 1322 4645 6596 1322 4646 6597 1328 4647 6598 1329 4648 6599 1322 4649 6600 1329 4650 6601 1323 4651 6602 1327 4652 6603 1330 4653 6604 1328 4654 6605 1328 4655 6606 1330 4656 6607 1331 4657 6608 1328 4658 6609 1331 4659 6610 1332 4660 6611 1332 4661 6612 1331 4661 6613 1333 4661 6614 1332 4662 6615 1333 4663 6616 1334 4662 6617 1334 4664 6618 1333 4665 6619 1335 4666 6620 1334 4664 6621 1335 4666 6622 1336 4667 6623 1336 4668 6624 1335 4669 6625 1337 4670 6626 1336 4668 6627 1337 4670 6628 1338 4671 6629 1338 4672 6630 1337 4673 6631 1339 4674 6632 1338 4672 6633 1339 4674 6634 1340 4675 6635 1340 4676 6636 1339 4677 6637 1341 4678 6638 1340 4676 6639 1341 4678 6640 1342 4679 6641 1342 4680 6642 1341 4681 6643 1343 4682 6644 1342 4683 6645 1343 4684 6646 1344 4685 6647 1344 4686 6648 1343 4687 6649 1345 4688 6650 1344 4689 6651 1345 4690 6652 1346 4691 6653 1346 4692 6654 1345 4693 6655 1347 4694 6656 1346 4695 6657 1347 4696 6658 1348 4697 6659 1347 4698 6660 1349 4699 6661 1348 4700 6662 1348 4701 6663 1349 4702 6664 1350 4703 6665 1348 4704 6666 1350 4705 6667 1351 4706 6668 1351 4707 6669 1350 4708 6670 1352 4709 6671 1351 4710 6672 1352 4711 6673 1353 4712 6674 1353 4713 6675 1352 4714 6676 1354 4715 6677 1353 4716 6678 1354 4717 6679 1355 4718 6680 1314 4719 6681 1316 4719 6682 1318 4720 6683 1318 4721 6684 1316 4722 6685 1323 4723 6686 1318 4724 6687 1323 4725 6688 1356 4726 6689 1356 4727 6690 1323 4728 6691 1329 4729 6692 1356 4730 6693 1329 4731 6694 1357 4732 6695 1357 4733 6696 1329 4733 6697 1328 4734 6698 1357 4735 6699 1328 4736 6700 1358 4737 6701 1358 4738 6702 1328 4739 6703 1332 4739 6704 1358 4740 6705 1332 4741 6706 1359 4742 6707 1359 4743 6708 1332 4744 6709 1334 4745 6710 1359 4743 6711 1334 4745 6712 1360 4746 6713 1360 4747 6714 1334 4748 6715 1336 4749 6716 1360 4747 6717 1336 4749 6718 1361 4750 6719 1361 4751 6720 1336 4752 6721 1338 4753 6722 1361 4751 6723 1338 4753 6724 1362 4754 6725 1362 4755 6726 1338 4756 6727 1340 4757 6728 1362 4755 6729 1340 4757 6730 1363 4758 6731 1363 4759 6732 1340 4760 6733 1342 4761 6734 1363 4759 6735 1342 4761 6736 1364 4762 6737 1364 4763 6738 1342 4764 6739 1344 4765 6740 1364 4763 6741 1344 4765 6742 1365 4766 6743 1365 4767 6744 1344 4768 6745 1346 4769 6746 1365 4770 6747 1346 4771 6748 1366 4772 6749 1366 4773 6750 1346 4774 6751 1348 4775 6752 1366 4776 6753 1348 4777 6754 1367 4778 6755 1367 4779 6756 1348 4780 6757 1351 4781 6758 1367 4782 6759 1351 4783 6760 1368 4784 6761 1368 4785 6762 1351 4786 6763 1353 4787 6764 1368 4788 6765 1353 4789 6766 1369 4790 6767 1369 4791 6768 1353 4792 6769 1355 4793 6770 1369 4794 6771 1355 4795 6772 1370 4796 6773 1320 4624 6774 1318 4623 6775 1321 4797 6776 1321 4798 6777 1318 4799 6778 1356 4800 6779 1321 4798 6780 1356 4800 6781 1371 4801 6782 1371 4802 6783 1356 4803 6784 1357 4804 6785 1371 4802 6786 1357 4804 6787 1372 4805 6788 1372 4806 6789 1357 4807 6790 1358 4808 6791 1372 4806 6792 1358 4808 6793 1373 4809 6794 1373 4810 6795 1358 4811 6796 1359 4812 6797 1373 4810 6798 1359 4812 6799 1374 4813 6800 1374 4814 6801 1359 4815 6802 1360 4816 6803 1374 4814 6804 1360 4816 6805 1375 4817 6806 1375 4818 6807 1360 4819 6808 1361 4820 6809 1375 4818 6810 1361 4820 6811 1376 4821 6812 1376 4822 6813 1361 4823 6814 1362 4824 6815 1376 4822 6816 1362 4824 6817 1377 4825 6818 1377 4826 6819 1362 4827 6820 1363 4828 6821 1377 4826 6822 1363 4828 6823 1378 4829 6824 1378 4830 6825 1363 4831 6826 1364 4832 6827 1378 4830 6828 1364 4832 6829 1379 4833 6830 1379 4834 6831 1364 4835 6832 1365 4836 6833 1379 4834 6834 1365 4836 6835 1380 4837 6836 1380 4838 6837 1365 4839 6838 1366 4840 6839 1380 4838 6840 1366 4840 6841 1381 4841 6842 1381 4842 6843 1366 4843 6844 1367 4844 6845 1381 4842 6846 1367 4844 6847 1382 4845 6848 1382 4846 6849 1367 4847 6850 1368 4848 6851 1382 4846 6852 1368 4848 6853 1383 4849 6854 1383 4850 6855 1368 4851 6856 1369 4852 6857 1383 4850 6858 1369 4852 6859 1384 4853 6860 1384 4854 6861 1369 4855 6862 1370 4856 6863 1384 4854 6864 1370 4856 6865 1385 4857 6866 740 4625 6867 1321 4627 6868 741 4858 6869 741 4859 6870 1321 4860 6871 1371 4861 6872 741 4859 6873 1371 4861 6874 742 4862 6875 742 4863 6876 1371 4864 6877 1372 4865 6878 742 4863 6879 1372 4865 6880 743 4866 6881 743 4867 6882 1372 4868 6883 1373 4869 6884 743 4867 6885 1373 4869 6886 744 4870 6887 744 4871 6888 1373 4872 6889 1374 4873 6890 744 4871 6891 1374 4873 6892 705 4874 6893 705 4875 6894 1374 4876 6895 1375 4877 6896 705 4875 6897 1375 4877 6898 707 4878 6899 707 4879 6900 1375 4880 6901 1376 4881 6902 707 4879 6903 1376 4881 6904 709 4882 6905 709 4883 6906 1376 4884 6907 1377 4885 6908 709 4883 6909 1377 4885 6910 711 4886 6911 711 4887 6912 1377 4888 6913 1378 4889 6914 711 4887 6915 1378 4889 6916 713 4890 6917 713 4891 6918 1378 4892 6919 1379 4893 6920 713 4891 6921 1379 4893 6922 715 4894 6923 715 4895 6924 1379 4896 6925 1380 4897 6926 715 4895 6927 1380 4897 6928 718 4898 6929 718 4899 6930 1380 4900 6931 1381 4901 6932 718 4899 6933 1381 4901 6934 719 4902 6935 719 4903 6936 1381 4904 6937 1382 4905 6938 719 4903 6939 1382 4905 6940 721 4906 6941 721 4907 6942 1382 4908 6943 1383 4909 6944 721 4907 6945 1383 4909 6946 722 4910 6947 722 4911 6948 1383 4912 6949 1384 4913 6950 722 4911 6951 1384 4913 6952 723 4914 6953 723 4915 6954 1384 4916 6955 1385 4917 6956 723 4915 6957 1385 4917 6958 724 4918 6959 1386 4919 6960 1387 4920 6961 1388 4921 6962 1389 4922 6963 1390 4923 6964 1391 4924 6965 1392 4925 6966 1393 4926 6967 1394 4927 6968 1395 4928 6969 1396 4929 6970 1397 4930 6971 1398 4931 6972 1399 4931 6973 1400 4932 6974 1401 4933 6975 1390 4934 6976 1402 4935 6977 1403 4936 6978 1314 4937 6979 1319 4938 6980 1404 4939 6981 1405 4940 6982 1406 4941 6983 1407 4942 6984 1408 4943 6985 1409 4944 6986 1409 4944 6987 1408 4943 6988 1410 4945 6989 1411 4946 6990 1412 4947 6991 1413 4948 6992 1413 4948 6993 1412 4947 6994 1414 4949 6995 1413 4950 6996 1414 4951 6997 1415 4952 6998 747 4953 6999 746 4954 7000 1416 4955 7001 1417 4956 7002 1418 4957 7003 1419 4958 7004 1419 4959 7005 1418 4960 7006 1420 4961 7007 1421 4962 7008 1422 4963 7009 1423 4964 7010 1423 4965 7011 1422 4966 7012 1424 4967 7013 1423 4968 7014 1424 4969 7015 1425 4970 7016 1398 4971 7017 1400 4972 7018 1426 4973 7019 1427 4974 7020 1428 4975 7021 1429 4976 7022 1428 4977 7023 1430 4978 7024 1429 4979 7025 1429 4980 7026 1430 4981 7027 1431 4982 7028 1429 4980 7029 1431 4982 7030 1432 4983 7031 1432 4984 7032 1431 4985 7033 1395 4986 7034 1397 4987 7035 1396 4988 7036 1433 4989 7037 1433 4990 7038 1396 4991 7039 1434 4992 7040 1433 4993 7041 1434 4994 7042 1394 4995 7043 1394 4996 7044 1434 4997 7045 1435 4998 7046 1394 4999 7047 1435 5000 7048 1392 5001 7049 1326 5002 7050 1317 5003 7051 1436 5004 7052 1436 5005 7053 1317 5005 7054 1406 5006 7055 1436 5007 7056 1406 5008 7057 1437 5009 7058 1437 5010 7059 1406 5011 7060 1405 5012 7061 1425 5013 7062 1426 5014 7063 1423 5015 7064 1423 5016 7065 1426 5017 7066 1400 5018 7067 1423 5019 7068 1400 5020 7069 1438 5021 7070 1438 5022 7071 1400 5023 7072 1439 5024 7073 1399 5025 7074 1427 5026 7075 1400 5026 7076 1400 5027 7077 1427 5028 7078 1429 5029 7079 1400 5030 7080 1429 5031 7081 1439 5032 7082 1439 5033 7083 1429 5034 7084 1440 5035 7085 1395 5036 7086 1397 5036 7087 1432 5036 7088 1432 5037 7089 1397 5038 7090 1441 5039 7091 1432 5040 7092 1441 5041 7093 1429 5042 7094 1429 5043 7095 1441 5043 7096 1442 5043 7097 1429 5044 7098 1442 5045 7099 1440 5046 7100 1443 5047 7101 1404 5048 7102 1444 5049 7103 1444 5050 7104 1404 5051 7105 1406 5052 7106 1444 5050 7107 1406 5052 7108 1445 5053 7109 1445 5054 7110 1406 5055 7111 1317 5056 7112 1314 5057 7113 1403 5058 7114 1315 5059 7115 1446 5060 7116 1447 5061 7117 1448 5062 7118 1448 5063 7119 1447 5064 7120 1449 5065 7121 1448 5066 7122 1449 5067 7123 1450 5068 7124 1450 5069 7125 1449 5070 7126 1451 5071 7127 1391 5072 7128 1390 5073 7129 1452 5074 7130 1452 5074 7131 1390 5073 7132 1401 5075 7133 1452 5076 7134 1401 5077 7135 1453 5078 7136 1317 5079 7137 1315 5080 7138 1445 5081 7139 1445 5082 7140 1315 5082 7141 1403 5083 7142 1445 5084 7143 1403 5085 7144 1454 5086 7145 1454 5087 7146 1403 5088 7147 1319 5089 7148 1454 5090 7149 1319 5091 7150 1320 5092 7151 1420 5093 7152 1418 5094 7153 1455 5095 7154 1455 5096 7155 1418 5097 7156 1456 5098 7157 1455 5099 7158 1456 5100 7159 1457 5101 7160 1457 5102 7161 1456 5102 7162 1388 5102 7163 1457 5103 7164 1388 5104 7165 1458 5105 7166 1458 5106 7167 1388 5106 7168 1387 5106 7169 1458 5107 7170 1387 5108 7171 725 5109 7172 1459 5110 7173 1386 5111 7174 1460 5112 7175 1460 5113 7176 1386 5114 7177 1388 5115 7178 1460 5116 7179 1388 5117 7180 1438 5118 7181 1438 5119 7182 1388 5120 7183 1456 5121 7184 1438 5122 7185 1456 5123 7186 1423 5124 7187 1423 5125 7188 1456 5126 7189 1418 5127 7190 1423 5128 7191 1418 5129 7192 1421 5130 7193 1421 5131 7194 1418 5132 7195 1417 5133 7196 1402 5134 7197 1390 5135 7198 1461 5136 7199 1461 5136 7200 1390 5135 7201 1389 5137 7202 1461 5138 7203 1389 5139 7204 1462 5140 7205 1392 5141 7206 1443 5142 7207 1393 5143 7208 1393 5144 7209 1443 5145 7210 1444 5146 7211 1393 5147 7212 1444 5148 7213 1463 5149 7214 1463 5150 7215 1444 5151 7216 1445 5152 7217 1463 5153 7218 1445 5154 7219 1464 5155 7220 1464 5156 7221 1445 5084 7222 1454 5086 7223 1464 5157 7224 1454 5158 7225 1465 5159 7226 1465 5160 7227 1454 5161 7228 1320 5162 7229 1465 5163 7230 1320 5164 7231 740 5165 7232 725 5166 7233 724 5166 7234 1458 5166 7235 1458 5167 7236 724 5168 7237 1385 5169 7238 1458 5170 7239 1385 5171 7240 1457 5172 7241 1457 5173 7242 1385 5174 7243 1370 5175 7244 1457 5176 7245 1370 5177 7246 1455 5178 7247 1455 5179 7248 1370 5180 7249 1355 5181 7250 1455 5182 7251 1355 5183 7252 1420 5184 7253 1420 5185 7254 1355 5186 7255 1354 5187 7256 1420 5185 7257 1354 5187 7258 1419 5188 7259 1439 5189 7260 1407 5190 7261 1438 5191 7262 1438 5192 7263 1407 5193 7264 1409 5194 7265 1438 5195 7266 1409 5196 7267 1460 5196 7268 1460 5197 7269 1409 5198 7270 1410 5199 7271 1460 5197 7272 1410 5199 7273 1459 5200 7274 1459 5201 7275 1410 5202 7276 748 5203 7277 1459 5204 7278 748 5205 7279 1386 5206 7280 1386 5207 7281 748 5208 7282 728 5209 7283 1386 5210 7284 728 5211 7285 1387 5212 7286 1387 5213 7287 728 5214 7288 726 5215 7289 1387 5216 7290 726 5217 7291 725 5218 7292 750 5219 7293 1411 5220 7294 751 5221 7295 751 5222 7296 1411 5223 7297 1413 5224 7298 751 5225 7299 1413 5226 7300 752 5227 7301 752 5227 7302 1413 5226 7303 1415 5228 7304 752 5229 7305 1415 5230 7306 754 5231 7307 745 5232 7308 755 5233 7309 1466 5234 7310 1466 5235 7311 755 5236 7312 754 5237 7313 1466 5235 7314 754 5237 7315 1467 5238 7316 1467 5239 7317 754 5231 7318 1415 5230 7319 1467 5240 7320 1415 5241 7321 1468 5242 7322 1468 5243 7323 1415 4952 7324 1414 4951 7325 746 5244 7326 745 5232 7327 1416 5245 7328 1416 5245 7329 745 5232 7330 1466 5234 7331 1416 5246 7332 1466 5247 7333 1469 5248 7334 1469 5249 7335 1466 5250 7336 1467 5251 7337 1469 5249 7338 1467 5251 7339 1470 5252 7340 1470 5253 7341 1467 5240 7342 1468 5242 7343 1470 5254 7344 1451 5255 7345 1469 5256 7346 1469 5257 7347 1451 5071 7348 1449 5070 7349 1469 5248 7350 1449 5258 7351 1416 5246 7352 1416 5259 7353 1449 5065 7354 1447 5064 7355 1416 4955 7356 1447 5260 7357 747 4953 7358 747 5261 7359 1447 5262 7360 1446 5263 7361 747 5264 7362 1446 5264 7363 736 5265 7364 736 5266 7365 1446 5267 7366 737 5268 7367 1450 5068 7368 1453 5269 7369 1448 5066 7370 1448 5270 7371 1453 5078 7372 1401 5077 7373 1448 5062 7374 1401 5271 7375 1446 5060 7376 1446 5272 7377 1401 4933 7378 1402 4935 7379 1446 5273 7380 1402 5274 7381 737 5275 7382 737 5276 7383 1402 5277 7384 1461 5278 7385 737 5279 7386 1461 5280 7387 738 5281 7388 738 5282 7389 1461 5283 7390 1462 5284 7391 738 5285 7392 1462 5285 7393 739 5285 7394 740 5286 7395 739 5287 7396 1465 5288 7397 1465 5289 7398 739 5289 7399 1462 5289 7400 1465 5159 7401 1462 5290 7402 1464 5157 7403 1464 5291 7404 1462 5140 7405 1389 5139 7406 1464 5155 7407 1389 5292 7408 1463 5153 7409 1463 5293 7410 1389 4922 7411 1391 4924 7412 1463 5294 7413 1391 5295 7414 1393 5296 7415 1393 5297 7416 1391 5298 7417 1452 5299 7418 1393 5300 7419 1452 5301 7420 1394 5302 7421 1394 5303 7422 1452 5304 7423 1453 5305 7424 1394 5306 7425 1453 5307 7426 1433 5308 7427 1433 5308 7428 1453 5307 7429 1450 5309 7430 1433 5310 7431 1450 5311 7432 1397 5312 7433 1397 5312 7434 1450 5311 7435 1451 5313 7436 1397 5038 7437 1451 5314 7438 1441 5039 7439 1441 5315 7440 1451 5255 7441 1470 5254 7442 1441 5316 7443 1470 5317 7444 1442 5318 7445 1442 5318 7446 1470 5317 7447 1468 5319 7448 1442 5320 7449 1468 5321 7450 1440 5322 7451 1440 5322 7452 1468 5321 7453 1414 5323 7454 1440 5324 7455 1414 5325 7456 1439 5326 7457 1439 5327 7458 1414 5328 7459 1412 5329 7460 1439 5330 7461 1412 5331 7462 1407 5332 7463 1407 5333 7464 1412 5334 7465 1411 5335 7466 1407 5333 7467 1411 5335 7468 1408 5336 7469 1408 5337 7470 1411 5338 7471 750 5337 7472 1408 5339 7473 750 5340 7474 1410 5341 7475 1410 5342 7476 750 5343 7477 749 5344 7478 1410 5345 7479 749 5346 7480 748 5347 7481 1203 5348 7482 1192 5348 7483 1471 5348 7484 1472 5349 7485 1473 5350 7486 1474 5351 7487 1474 5351 7488 1473 5350 7489 1475 5352 7490 1474 5351 7491 1475 5352 7492 1476 5353 7493 1475 5352 7494 1477 5354 7495 1476 5353 7496 1476 5355 7497 1477 5356 7498 1050 5357 7499 1476 5355 7500 1050 5357 7501 1471 5358 7502 1052 5359 7503 1203 5360 7504 1053 5360 7505 1053 5361 7506 1203 5361 7507 1471 5362 7508 1053 5363 7509 1471 5364 7510 1049 5365 7511 1049 5366 7512 1471 5366 7513 1050 5366 7514 1478 5367 7515 1479 5368 7516 1480 5369 7517 1265 5370 7518 1264 5371 7519 1481 5372 7520 1265 5373 7521 1481 5374 7522 1267 5375 7523 1259 5376 7524 1268 5377 7525 1482 5378 7526 1482 5379 7527 1268 5380 7528 1483 5379 7529 1482 5381 7530 1483 5382 7531 1480 5383 7532 1259 5384 7533 1482 5385 7534 1260 5386 7535 1260 5387 7536 1482 5388 7537 1305 5389 7538 1260 5390 7539 1305 5391 7540 1262 5392 7541 1304 5393 7542 1484 5393 7543 1302 5394 7544 1302 5395 7545 1484 5396 7546 1485 5397 7547 1302 5398 7548 1485 5399 7549 1300 5400 7550 1486 5401 7551 1487 5402 7552 1485 5403 7553 1485 5404 7554 1487 5405 7555 1488 5406 7556 1485 5404 7557 1488 5406 7558 1300 5407 7559 1300 5408 7560 1488 5409 7561 1489 5410 7562 1300 5411 7563 1489 5412 7564 706 5413 7565 1478 5414 7566 1490 5415 7567 1479 5416 7568 1479 5417 7569 1490 5418 7570 1491 5419 7571 1479 5420 7572 1491 5421 7573 1492 5422 7574 1264 5423 7575 1271 5424 7576 1481 5425 7577 1481 5426 7578 1271 5427 7579 1493 5428 7580 1481 5429 7581 1493 5430 7582 1494 5431 7583 1494 5432 7584 1493 5433 7585 1495 5434 7586 1494 5435 7587 1495 5436 7588 1496 5437 7589 1492 5438 7590 1486 5439 7591 1479 5440 7592 1479 5441 7593 1486 5442 7594 1485 5443 7595 1479 5444 7596 1485 5445 7597 1480 5446 7598 1480 5447 7599 1485 5397 7600 1484 5396 7601 1480 5448 7602 1484 5449 7603 1482 5450 7604 1482 5451 7605 1484 5452 7606 1304 5453 7607 1482 5454 7608 1304 5455 7609 1305 5456 7610 1476 5457 7611 1490 5458 7612 1496 5459 7613 1496 5460 7614 1490 5461 7615 1478 5462 7616 1496 5463 7617 1478 5464 7618 1494 5465 7619 1494 5466 7620 1478 5466 7621 1480 5467 7622 1494 5431 7623 1480 5468 7624 1481 5429 7625 1481 5469 7626 1480 5470 7627 1483 5471 7628 1481 5472 7629 1483 5473 7630 1267 5474 7631 1267 5475 7632 1483 5476 7633 1268 5477 7634 1497 5478 7635 1063 5479 7636 1051 5480 7637 1498 5481 7638 1499 5482 7639 1500 5483 7640 1501 5484 7641 1502 5485 7642 1503 5486 7643 814 5487 7644 816 5488 7645 1504 5489 7646 1504 5490 7647 816 5491 7648 817 5492 7649 1504 5493 7650 817 5494 7651 1502 5495 7652 1505 5496 7653 1506 5497 7654 1507 5498 7655 1507 5499 7656 1506 5500 7657 1508 5501 7658 1507 5502 7659 1508 5503 7660 1501 5504 7661 1509 5505 7662 1510 5506 7663 1511 5507 7664 1511 5508 7665 1510 5509 7666 1512 5510 7667 1511 5511 7668 1512 5512 7669 1513 5513 7670 1500 5514 7671 1499 5515 7672 1513 5516 7673 1513 5517 7674 1499 5518 7675 1514 5519 7676 1513 5520 7677 1514 5521 7678 1511 5522 7679 1498 5523 7680 1477 5524 7681 1499 5525 7682 1499 5526 7683 1477 5527 7684 1475 5528 7685 1499 5529 7686 1475 5530 7687 1514 5531 7688 1514 5531 7689 1475 5530 7690 1473 5532 7691 1514 5533 7692 1473 5534 7693 1511 5535 7694 1511 5535 7695 1473 5534 7696 1472 5536 7697 1511 5537 7698 1472 5538 7699 1509 5539 7700 1050 5540 7701 1477 5541 7702 1051 5542 7703 1051 5542 7704 1477 5541 7705 1498 5543 7706 1051 5544 7707 1498 5545 7708 1497 5546 7709 1497 5547 7710 1498 5548 7711 1500 5549 7712 1497 5550 7713 1500 5551 7714 1515 5552 7715 1515 5553 7716 1500 5554 7717 1513 5555 7718 1515 5556 7719 1513 5557 7720 1505 5558 7721 1505 5559 7722 1513 5560 7723 1512 5561 7724 1505 5562 7725 1512 5563 7726 1506 5563 7727 1502 5564 7728 817 5565 7729 1503 5566 7730 1503 5567 7731 817 5568 7732 819 5569 7733 1503 5570 7734 819 5571 7735 821 5572 7736 827 5573 7737 1516 5574 7738 825 5575 7739 825 5576 7740 1516 5577 7741 1503 5578 7742 825 5579 7743 1503 5579 7744 823 5580 7745 823 5581 7746 1503 5582 7747 821 5583 7748 828 2733 7749 830 2735 7750 1062 5584 7751 1501 5585 7752 1503 5586 7753 1507 5587 7754 1507 5588 7755 1503 5578 7756 1516 5577 7757 1507 5589 7758 1516 5590 7759 1505 5591 7760 1505 5592 7761 1516 5593 7762 827 5594 7763 1505 5595 7764 827 5596 7765 1515 5597 7766 1515 5598 7767 827 5599 7768 828 5600 7769 1515 5601 7770 828 5602 7771 1497 5603 7772 1497 5604 7773 828 5605 7774 1062 5606 7775 1497 5607 7776 1062 5608 7777 1063 5609 7778 1279 5610 7779 647 5611 7780 812 5612 7781 1234 5613 7782 1236 5614 7783 1517 5615 7784 1518 5616 7785 1519 5617 7786 1520 5618 7787 1520 5619 7788 1519 5620 7789 1521 5621 7790 1520 5622 7791 1521 5623 7792 1517 5624 7793 1517 5625 7794 1521 5626 7795 1522 5627 7796 1517 5628 7797 1522 5629 7798 1234 5630 7799 1523 5631 7800 1524 5632 7801 1525 5633 7802 1525 5634 7803 1524 5635 7804 1526 5636 7805 1525 5637 7806 1526 5638 7807 1518 5639 7808 1518 5640 7809 1526 5641 7810 1527 5642 7811 1518 5616 7812 1527 5643 7813 1519 5617 7814 1528 5644 7815 1529 5645 7816 1530 5646 7817 1530 5647 7818 1529 5648 7819 1531 5649 7820 1530 5650 7821 1531 5651 7822 1523 5652 7823 1523 5652 7824 1531 5651 7825 1532 5653 7826 1523 5654 7827 1532 5655 7828 1524 5656 7829 1533 5657 7830 1534 5658 7831 1535 5659 7832 1535 5660 7833 1534 5661 7834 1536 5662 7835 1535 5663 7836 1536 5664 7837 1537 5665 7838 1520 5666 7839 1538 5667 7840 1518 5668 7841 1518 5669 7842 1538 5670 7843 1539 5671 7844 1518 5672 7845 1539 5673 7846 1525 5674 7847 1525 5675 7848 1539 5676 7849 1540 5677 7850 1525 5633 7851 1540 5678 7852 1523 5631 7853 1523 5679 7854 1540 5680 7855 1541 5681 7856 1523 5682 7857 1541 5683 7858 1530 5684 7859 1295 5685 7860 1279 5686 7861 1542 5687 7862 1542 5688 7863 1279 5689 7864 812 5689 7865 1542 5690 7866 812 5691 7867 1543 5692 7868 1543 5693 7869 812 5694 7870 810 5695 7871 1543 5696 7872 810 5697 7873 809 5698 7874 814 5699 7875 1533 5700 7876 809 5701 7877 809 5702 7878 1533 5703 7879 1535 5704 7880 809 5705 7881 1535 5706 7882 1543 5707 7883 1543 5708 7884 1535 5709 7885 1537 5710 7886 1543 5711 7887 1537 5712 7888 1542 5713 7889 1542 5714 7890 1537 5715 7891 1544 5716 7892 1542 5717 7893 1544 5718 7894 1295 5719 7895 1295 5720 7896 1544 5721 7897 1545 5722 7898 1295 4452 7899 1545 5723 7900 1294 4450 7901 1294 5724 7902 1545 5725 7903 1546 5726 7904 1294 5727 7905 1546 5728 7906 1293 5729 7907 1236 5730 7908 1238 5731 7909 1517 5732 7910 1517 5733 7911 1238 5734 7912 1290 5735 7913 1517 5736 7914 1290 5737 7915 1520 5738 7916 1520 5739 7917 1290 5740 7918 1291 5741 7919 1520 5742 7920 1291 5743 7921 1538 5744 7922 1538 5745 7923 1291 5746 7924 1292 5747 7925 1292 5748 7926 1293 5749 7927 1538 5750 7928 1538 5751 7929 1293 5752 7930 1546 5753 7931 1538 5754 7932 1546 5755 7933 1539 5756 7934 1539 5757 7935 1546 5757 7936 1545 5757 7937 1539 5676 7938 1545 5758 7939 1540 5677 7940 1540 5759 7941 1545 5760 7942 1544 5761 7943 1540 5762 7944 1544 5763 7945 1541 5764 7946 1541 5765 7947 1544 5766 7948 1537 5767 7949 1541 5768 7950 1537 5769 7951 1530 5770 7952 1530 5771 7953 1537 5772 7954 1536 5773 7955 1530 5774 7956 1536 5775 7957 1528 5776 7958 1528 5777 7959 1536 5778 7960 1534 5779 7961 1094 5780 7962 1048 5781 7963 1047 5782 7964 1031 5783 7965 1032 5784 7966 1092 5785 7967 1044 5786 7968 1043 5787 7969 1547 5786 7970 1547 5788 7971 1043 5789 7972 1037 5790 7973 1092 5791 7974 1548 5792 7975 1031 5793 7976 1031 5794 7977 1548 5795 7978 1547 5796 7979 1031 5797 7980 1547 5797 7981 1030 5797 7982 1030 5798 7983 1547 5788 7984 1037 5790 7985 1030 5799 7986 1037 5800 7987 1033 5801 7988 1095 5802 7989 1549 5803 7990 1096 5804 7991 1096 5805 7992 1549 5806 7993 1550 5806 7994 1096 5807 7995 1550 5808 7996 1097 5809 7997 1097 5810 7998 1550 5811 7999 1551 5812 8000 1097 5813 8001 1551 5814 8002 1098 5815 8003 1098 5816 8004 1551 5817 8005 1093 5818 8006 1045 5819 8007 1044 5820 8008 1550 5821 8009 1550 5822 8010 1044 5823 8011 1547 5822 8012 1550 5824 8013 1547 5825 8014 1551 5826 8015 1551 5826 8016 1547 5825 8017 1548 5827 8018 1551 5828 8019 1548 5829 8020 1093 5830 8021 1093 5831 8022 1548 5832 8023 1092 5833 8024 1045 5834 8025 1550 5835 8026 1046 5836 8027 1046 5837 8028 1550 5837 8029 1549 5838 8030 1046 5839 8031 1549 5840 8032 1047 5841 8033 1047 5842 8034 1549 5843 8035 1095 5844 8036 1047 5845 8037 1095 5846 8038 1094 5847 8039 1552 5848 8040 1553 5849 8041 1554 5850 8042 1554 5851 8043 1553 5852 8044 1555 5853 8045 1269 5854 8046 1252 5855 8047 1556 5856 8048 1269 5857 8049 1556 5858 8050 1557 5859 8051 1557 5860 8052 1556 5861 8053 1558 5862 8054 1557 5863 8055 1558 5863 8056 1559 5864 8057 1559 5865 8058 1558 5866 8059 1560 5867 8060 1559 5868 8061 1560 5869 8062 1561 5870 8063 1560 5871 8064 1562 5872 8065 1561 5871 8066 1561 5873 8067 1562 5874 8068 1563 5875 8069 1561 5876 8070 1563 5877 8071 1559 5878 8072 1559 5879 8073 1563 5880 8074 1564 5880 8075 1512 5881 8076 1510 5882 8077 1565 5883 8078 1565 5884 8079 1510 5506 8080 1509 5505 8081 1565 5885 8082 1509 5886 8083 1555 5887 8084 1555 5888 8085 1553 5889 8086 1565 5890 8087 1565 5891 8088 1553 5892 8089 1566 5893 8090 1565 5894 8091 1566 5895 8092 1512 5896 8093 1506 5897 8094 1512 5898 8095 1567 5899 8096 1567 5900 8097 1512 5901 8098 1566 5902 8099 1567 5903 8100 1566 5904 8101 1568 5905 8102 1568 5906 8103 1566 5907 8104 1569 5908 8105 1569 5909 8106 1566 5910 8107 1570 5911 8108 1570 5912 8109 1566 5913 8110 1553 5914 8111 1570 5915 8112 1553 5916 8113 1571 5917 8114 1571 5918 8115 1553 5919 8116 1552 5920 8117 1571 5921 8118 1552 5922 8119 1572 5923 8120 1252 5924 8121 1241 5925 8122 1556 5926 8123 1556 5927 8124 1241 5928 8125 1573 5929 8126 1556 5861 8127 1573 5930 8128 1558 5862 8129 1558 5862 8130 1573 5930 8131 1574 5931 8132 1558 5932 8133 1574 5933 8134 1560 5934 8135 1560 5935 8136 1574 5936 8137 1575 5937 8138 1560 5938 8139 1575 5939 8140 1562 5940 8141 1562 5941 8142 1575 5942 8143 1576 5943 8144 1576 5944 8145 1572 5945 8146 1562 5946 8147 1562 5947 8148 1572 5948 8149 1552 5949 8150 1562 5950 8151 1552 5951 8152 1563 5951 8153 1563 5952 8154 1552 5953 8155 1554 5954 8156 1563 5955 8157 1554 5956 8158 1564 5957 8159 1564 5958 8160 1554 5959 8161 1555 5960 8162 1564 5961 8163 1555 5962 8164 1577 5963 8165 1577 5964 8166 1555 5965 8167 1509 5966 8168 1577 5967 8169 1509 5968 8170 1472 5969 8171 1577 5970 8172 1472 5971 8173 1474 5972 8174 1270 5973 8175 1269 5974 8176 1557 5975 8177 1474 5976 8178 1476 5977 8179 1578 5978 8180 1578 5978 8181 1476 5977 8182 1496 5979 8183 1578 5980 8184 1496 5981 8185 1579 5982 8186 1579 5983 8187 1496 5437 8188 1495 5436 8189 1579 5984 8190 1495 5985 8191 1580 5984 8192 1580 5986 8193 1495 5987 8194 1493 5988 8195 1577 5989 8196 1474 5990 8197 1564 5990 8198 1564 5991 8199 1474 5992 8200 1578 5993 8201 1564 5994 8202 1578 5995 8203 1559 5996 8204 1559 5997 8205 1578 5998 8206 1579 5997 8207 1559 5999 8208 1579 6000 8209 1557 6001 8210 1557 6002 8211 1579 6002 8212 1580 6003 8213 1557 6004 8214 1580 6005 8215 1270 6006 8216 1270 6007 8217 1580 6008 8218 1493 6009 8219 1270 6010 8220 1493 6011 8221 1271 6012 8222 1581 6013 8223 1501 6014 8224 1508 6015 8225 1582 6016 8226 1583 6017 8227 1521 6018 8228 1239 6019 8229 1234 6020 8230 1583 6021 8231 1583 6022 8232 1234 6023 8233 1522 6024 8234 1583 6025 8235 1522 6026 8236 1521 6027 8237 1508 6028 8238 1584 6029 8239 1581 6030 8240 1581 6031 8241 1584 6032 8242 1585 6033 8243 1581 6034 8244 1585 6035 8245 1586 6036 8246 1586 6037 8247 1585 6038 8248 1587 6039 8249 1569 6040 8250 1570 6041 8251 1585 6042 8252 1585 6043 8253 1570 6044 8254 1571 6045 8255 1585 6046 8256 1571 6047 8257 1587 6048 8258 1587 6049 8259 1571 6050 8260 1572 6051 8261 1587 6052 8262 1572 6053 8263 1576 6054 8264 1508 6055 8265 1506 6056 8266 1584 6057 8267 1584 6058 8268 1506 5897 8269 1567 5899 8270 1584 6059 8271 1567 6060 8272 1585 6061 8273 1585 6062 8274 1567 6063 8275 1568 6064 8276 1585 6065 8277 1568 6066 8278 1569 6067 8279 814 6068 8280 1504 6069 8281 1533 6070 8282 1533 6071 8283 1504 6072 8284 1502 6073 8285 1533 6074 8286 1502 6074 8287 1534 6074 8288 1534 6075 8289 1502 6076 8290 1588 6077 8291 1534 6078 8292 1588 6079 8293 1528 6080 8294 1528 6081 8295 1588 6082 8296 1589 6083 8297 1528 6084 8298 1589 6085 8299 1529 6086 8300 1529 6087 8301 1589 6088 8302 1590 6089 8303 1529 6090 8304 1590 6091 8305 1531 6092 8306 1521 6093 8307 1519 6094 8308 1582 6095 8309 1582 6096 8310 1519 6097 8311 1527 6098 8312 1582 6099 8313 1527 6100 8314 1591 6101 8315 1591 6102 8316 1527 6103 8317 1526 6104 8318 1591 6105 8319 1526 6106 8320 1592 6107 8321 1592 6108 8322 1526 6109 8323 1524 6110 8324 1592 6111 8325 1524 6112 8326 1590 6113 8327 1590 6114 8328 1524 5656 8329 1532 5655 8330 1590 6115 8331 1532 6116 8332 1531 6117 8333 1241 5928 8334 1240 6118 8335 1573 5929 8336 1573 6119 8337 1240 6120 8338 1593 6121 8339 1573 6122 8340 1593 6123 8341 1574 6124 8342 1574 6125 8343 1593 6125 8344 1594 6125 8345 1574 6126 8346 1594 6126 8347 1575 6126 8348 1575 6127 8349 1594 6128 8350 1595 6129 8351 1575 5942 8352 1595 6130 8353 1576 5943 8354 1576 6131 8355 1595 6132 8356 1596 6133 8357 1576 6134 8358 1596 6135 8359 1587 6136 8360 1587 6137 8361 1596 6138 8362 1597 6139 8363 1587 6140 8364 1597 6141 8365 1586 6142 8366 1240 6143 8367 1239 6144 8368 1593 6145 8369 1593 6146 8370 1239 6147 8371 1583 6148 8372 1593 6149 8373 1583 6150 8374 1594 6151 8375 1594 6151 8376 1583 6150 8377 1582 6152 8378 1594 6153 8379 1582 6154 8380 1595 6155 8381 1595 6156 8382 1582 6157 8383 1591 6158 8384 1595 6159 8385 1591 6159 8386 1596 6160 8387 1596 6161 8388 1591 6162 8389 1592 6162 8390 1596 6163 8391 1592 6164 8392 1597 6165 8393 1597 6166 8394 1592 6167 8395 1590 6168 8396 1597 6169 8397 1590 6170 8398 1586 6171 8399 1586 6172 8400 1590 6172 8401 1589 6173 8402 1586 6174 8403 1589 6175 8404 1581 6176 8405 1581 6177 8406 1589 6178 8407 1588 6179 8408 1581 6180 8409 1588 6181 8410 1501 6181 8411 1501 6182 8412 1588 6077 8413 1502 6076 8414 1428 6183 8415 1427 6184 8416 1598 6185 8417 1437 6186 8418 1599 6186 8419 1436 6186 8420 1436 6187 8421 1599 6188 8422 1600 6189 8423 1436 6190 8424 1600 6191 8425 1326 6192 8426 1422 6193 8427 1601 6194 8428 1424 6195 8429 1424 6196 8430 1601 6197 8431 1602 6198 8432 1422 6199 8433 1421 6199 8434 1601 6199 8435 1601 6200 8436 1421 6200 8437 1417 6200 8438 1601 6201 8439 1417 6202 8440 1603 6203 8441 1603 6204 8442 1417 6205 8443 1419 6206 8444 1603 6207 8445 1419 6208 8446 1354 6209 8447 1598 6210 8448 1427 6210 8449 1602 6210 8450 1602 6211 8451 1427 6211 8452 1399 6211 8453 1602 6212 8454 1399 6212 8455 1398 6212 8456 1398 6213 8457 1426 6214 8458 1602 6215 8459 1602 6216 8460 1426 5014 8461 1425 5013 8462 1602 6217 8463 1425 6218 8464 1424 6219 8465 1604 6220 8466 1434 6220 8467 1396 6220 8468 1604 6221 8469 1396 6222 8470 1605 6223 8471 1396 6224 8472 1395 6224 8473 1605 6224 8474 1605 6225 8475 1395 6226 8476 1431 6227 8477 1605 6228 8478 1431 6229 8479 1598 6230 8480 1598 6231 8481 1431 6231 8482 1430 6231 8483 1598 6232 8484 1430 6233 8485 1428 6234 8486 1434 6235 8487 1604 6236 8488 1435 6237 8489 1435 6238 8490 1604 6238 8491 1606 6238 8492 1435 6239 8493 1606 6240 8494 1392 6241 8495 1437 6242 8496 1405 6243 8497 1599 6244 8498 1599 6245 8499 1405 6246 8500 1404 6247 8501 1599 6248 8502 1404 6248 8503 1606 6248 8504 1606 6249 8505 1404 6250 8506 1443 6251 8507 1606 6252 8508 1443 5142 8509 1392 5141 8510 1603 6253 8511 1354 6253 8512 1607 6253 8513 1607 6254 8514 1354 6255 8515 1352 6256 8516 1326 6257 8517 1600 6258 8518 1325 6259 8519 1325 6260 8520 1600 6261 8521 1608 6262 8522 1325 6263 8523 1608 6264 8524 1324 6265 8525 1324 6266 8526 1608 6266 8527 1322 6266 8528 1322 6267 8529 1608 6267 8530 1609 6267 8531 1322 6268 8532 1609 6269 8533 1327 6270 8534 1327 6271 8535 1609 6272 8536 1330 6273 8537 1330 6274 8538 1609 6274 8539 1610 6274 8540 1330 6275 8541 1610 6275 8542 1331 6275 8543 1611 6276 8544 1335 6277 8545 1610 6278 8546 1610 6279 8547 1335 6280 8548 1333 6281 8549 1610 6282 8550 1333 6282 8551 1331 6282 8552 1343 6283 8553 1341 6284 8554 1612 6285 8555 1612 6286 8556 1341 6287 8557 1339 6288 8558 1612 6289 8559 1339 6290 8560 1611 6290 8561 1611 6291 8562 1339 6292 8563 1337 6293 8564 1611 6294 8565 1337 6295 8566 1335 6296 8567 1352 6297 8568 1350 6298 8569 1607 6299 8570 1607 6300 8571 1350 6301 8572 1349 6302 8573 1607 6303 8574 1349 6303 8575 1613 6303 8576 1613 6304 8577 1349 6304 8578 1347 6304 8579 1613 6305 8580 1347 6305 8581 1612 6305 8582 1612 6306 8583 1347 6306 8584 1345 6306 8585 1612 6307 8586 1345 6308 8587 1343 6307 8588 1601 6309 8589 895 6310 8590 1602 6311 8591 1602 6311 8592 895 6310 8593 897 6312 8594 1602 6311 8595 897 6312 8596 1598 6313 8597 1598 6313 8598 897 6312 8599 899 6314 8600 1598 6313 8601 899 6314 8602 1605 6315 8603 1605 6315 8604 899 6314 8605 901 6316 8606 1605 6315 8607 901 6316 8608 1604 6317 8609 1604 6317 8610 901 6316 8611 903 6318 8612 1604 6317 8613 903 6318 8614 1606 6319 8615 1606 6319 8616 903 6318 8617 905 6320 8618 1606 6319 8619 905 6320 8620 1599 6321 8621 1599 6321 8622 905 6320 8623 883 6322 8624 1599 6321 8625 883 6322 8626 1600 6323 8627 1601 6309 8628 1603 6324 8629 895 6310 8630 895 6310 8631 1603 6324 8632 1607 6325 8633 895 6310 8634 1607 6325 8635 893 6326 8636 893 6326 8637 1607 6325 8638 1613 6327 8639 893 6326 8640 1613 6327 8641 891 6328 8642 891 6328 8643 1613 6327 8644 1612 6329 8645 891 6328 8646 1612 6329 8647 889 6330 8648 889 6330 8649 1612 6329 8650 1611 6331 8651 889 6330 8652 1611 6331 8653 887 6332 8654 887 6332 8655 1611 6331 8656 1610 6333 8657 887 6332 8658 1610 6333 8659 885 6334 8660 885 6334 8661 1610 6333 8662 1609 6335 8663 885 6334 8664 1609 6335 8665 883 6322 8666 883 6322 8667 1609 6335 8668 1608 6336 8669 883 6322 8670 1608 6336 8671 1600 6323 8672 869 6337 8673 1233 6338 8674 867 6339 8675 867 6339 8676 1233 6338 8677 1250 6340 8678 867 6339 8679 1250 6340 8680 865 6341 8681 865 6341 8682 1250 6340 8683 1249 6342 8684 865 6341 8685 1249 6342 8686 863 6343 8687 863 6343 8688 1249 6342 8689 1248 6344 8690 863 6343 8691 1248 6344 8692 861 6345 8693 861 6345 8694 1248 6344 8695 1244 6346 8696 861 6345 8697 1244 6346 8698 859 6347 8699 859 6347 8700 1244 6346 8701 1243 6348 8702 859 6347 8703 1243 6348 8704 857 6349 8705 875 6350 8706 1255 6351 8707 873 6352 8708 873 6352 8709 1255 6351 8710 1254 6353 8711 873 6352 8712 1254 6353 8713 871 6354 8714 871 6354 8715 1254 6353 8716 1253 6355 8717 871 6354 8718 1253 6355 8719 869 6337 8720 869 6337 8721 1253 6355 8722 1232 6356 8723 869 6337 8724 1232 6356 8725 1233 6338 8726 1243 6348 8727 1237 6357 8728 857 6349 8729 857 6349 8730 1237 6357 8731 1235 6358 8732 857 6349 8733 1235 6358 8734 881 6359 8735 881 6359 8736 1235 6358 8737 1251 6360 8738 881 6359 8739 1251 6360 8740 879 6361 8741 879 6361 8742 1251 6360 8743 1266 6362 8744 879 6361 8745 1266 6362 8746 877 6363 8747 877 6363 8748 1266 6362 8749 1261 6364 8750 877 6363 8751 1261 6364 8752 875 6350 8753 875 6350 8754 1261 6364 8755 1256 6365 8756 875 6350 8757 1256 6365 8758 1255 6351 8759 704 6366 8760 1614 6367 8761 1615 6368 8762 706 6369 8763 1489 6370 8764 704 6371 8765 704 6372 8766 1489 6373 8767 1488 6374 8768 1492 6375 8769 1614 6376 8770 1486 6377 8771 1486 6378 8772 1614 6379 8773 704 6380 8774 1486 6381 8775 704 6382 8776 1487 6383 8777 1487 6384 8778 704 6385 8779 1488 6386 8780 1616 6387 8781 731 6387 8782 1615 6387 8783 1615 6388 8784 731 6389 8785 735 6390 8786 1615 6368 8787 735 6391 8788 704 6366 8789 1188 6392 8790 1186 6393 8791 1616 6394 8792 1616 6395 8793 1186 6396 8794 729 6397 8795 1616 6398 8796 729 6398 8797 731 6398 8798 1184 6399 8799 1183 6400 8800 1617 6401 8801 1617 6402 8802 1183 6403 8803 1189 6404 8804 1492 6405 8805 1491 6406 8806 1614 6407 8807 1614 6408 8808 1491 6408 8809 1490 6408 8810 1614 6409 8811 1490 6409 8812 1615 6409 8813 1615 6410 8814 1490 6410 8815 1617 6410 8816 1615 6411 8817 1617 6411 8818 1616 6411 8819 1616 6412 8820 1617 6413 8821 1189 6414 8822 1616 6415 8823 1189 6416 8824 1188 6417 8825 1192 6418 8826 1184 6419 8827 1471 6420 8828 1471 6421 8829 1184 6422 8830 1617 6423 8831 1471 6424 8832 1617 6425 8833 1476 6426 8834 1476 6427 8835 1617 6427 8836 1490 6427 8837 563 6428 8838 1217 6429 8839 1219 6430 8840 563 6428 8841 1219 6430 8842 560 6431 8843 560 6432 8844 1219 6433 8845 1117 6434 8846 560 6432 8847 1117 6434 8848 523 6435 8849 569 6436 8850 568 6437 8851 1208 6438 8852 1208 6439 8853 568 6440 8854 558 6441 8855 1208 6442 8856 558 6443 8857 1207 6444 8858 1208 6445 8859 1209 6446 8860 569 6447 8861 569 6448 8862 1209 6449 8863 1211 6450 8864 569 6448 8865 1211 6450 8866 570 6451 8867 1211 6452 8868 1212 6453 8869 570 6454 8870 570 6455 8871 1212 6456 8872 1214 6457 8873 570 6458 8874 1214 6459 8875 565 6460 8876 565 6461 8877 1214 6462 8878 1217 6463 8879 565 6461 8880 1217 6463 8881 563 6464 8882 1221 6465 8883 1207 6466 8884 549 6467 8885 549 6467 8886 1207 6466 8887 558 6468 8888 556 6469 8889 548 6470 8890 1223 6471 8891 1223 6472 8892 1225 6473 8893 556 6474 8894 556 6475 8895 1225 6476 8896 1227 6477 8897 556 6478 8898 1227 6478 8899 554 6478 8900 1227 6479 8901 1229 6479 8902 554 6479 8903 554 6480 8904 1229 6481 8905 1231 6482 8906 554 6480 8907 1231 6482 8908 552 6483 8909 552 6484 8910 1231 6485 8911 1221 6486 8912 552 6484 8913 1221 6486 8914 549 6487 8915 1216 6488 8916 1215 6489 8917 1017 6490 8918 1215 6489 8919 1213 6491 8920 1017 6490 8921 1017 6490 8922 1213 6491 8923 1210 6492 8924 1017 6490 8925 1210 6492 8926 1206 6493 8927 1017 6490 8928 1146 6494 8929 1216 6488 8930 1216 6488 8931 1146 6494 8932 1145 6495 8933 1216 6488 8934 1145 6495 8935 1218 6496 8936 1218 6496 8937 1145 6495 8938 1154 6497 8939 1218 6496 8940 1154 6497 8941 1220 6498 8942 1228 6499 8943 1226 6500 8944 1032 6501 8945 1032 6501 8946 1226 6500 8947 1224 6502 8948 1032 6501 8949 1224 6502 8950 1084 6503 8951 1084 6503 8952 1224 6502 8953 1137 6504 8954 1084 6503 8955 1137 6504 8956 1198 6505 8957 1198 6505 8958 1137 6504 8959 1140 6506 8960 1198 6505 8961 1140 6506 8962 1181 6507 8963 1181 6507 8964 1140 6506 8965 1182 6508 8966 1206 6493 8967 1205 6509 8968 1017 6490 8969 1017 6490 8970 1205 6509 8971 1222 6510 8972 1017 6490 8973 1222 6510 8974 1032 6501 8975 1032 6501 8976 1222 6510 8977 1230 6511 8978 1032 6501 8979 1230 6511 8980 1228 6499 8981 1182 6508 8982 1140 6506 8983 1179 6512 8984 1179 6512 8985 1140 6506 8986 1139 6513 8987 1179 6512 8988 1139 6513 8989 1138 6514 8990 1138 6514 8991 1125 6515 8992 1179 6512 8993 1179 6512 8994 1125 6515 8995 1127 6516 8996 1179 6512 8997 1127 6516 8998 1132 6517 8999 1159 6518 9000 1123 6519 9001 1156 6520 9002 1156 6520 9003 1123 6519 9004 1204 6521 9005 1156 6520 9006 1204 6521 9007 1149 6522 9008 1149 6522 9009 1204 6521 9010 1220 6498 9011 1149 6522 9012 1220 6498 9013 1150 6523 9014 1150 6523 9015 1220 6498 9016 1154 6497 9017 1129 6524 9018 1120 6525 9019 1159 6518 9020 1159 6518 9021 1120 6525 9022 1119 6526 9023 1159 6518 9024 1119 6526 9025 1123 6519 9026 1132 6517 9027 1131 6527 9028 1179 6512 9029 1179 6512 9030 1131 6527 9031 1129 6524 9032 1179 6512 9033 1129 6524 9034 1172 6528 9035 1172 6528 9036 1129 6524 9037 1159 6518 9038 1126 6529 9039 1125 6530 9040 1136 6531 9041 1136 6531 9042 1125 6530 9043 1138 6532 9044 1136 6533 9045 539 6534 9046 1126 6535 9047 1126 6535 9048 539 6534 9049 536 6536 9050 1126 6537 9051 536 6537 9052 535 6537 9053 1126 6538 9054 535 6538 9055 1128 6538 9056 1128 6539 9057 535 6540 9058 533 6541 9059 1128 6542 9060 533 6542 9061 1130 6542 9062 1130 6543 9063 533 6544 9064 531 6545 9065 1130 6546 9066 531 6547 9067 1124 6548 9068 1121 6549 9069 528 6550 9070 527 6551 9071 1121 6549 9072 527 6551 9073 1122 6552 9074 1122 6553 9075 527 6554 9076 525 6555 9077 1122 6553 9078 525 6555 9079 1118 6556 9080 1061 3503 9081 830 3504 9082 829 6557 9083 1091 6558 9084 1080 6559 9085 1081 6560 9086 1081 6560 9087 1060 3501 9088 1091 6558 9089 1091 6558 9090 1060 3501 9091 1061 3503 9092 1091 6558 9093 1061 3503 9094 1048 6561 9095 1048 6561 9096 1061 3503 9097 829 6557 9098 1048 6561 9099 829 6557 9100 856 6562 9101 913 6563 9102 1036 6563 9103 1038 6563 9104 913 6564 9105 1038 6565 9106 914 6566 9107 914 6567 9108 1038 3429 9109 1040 3428 9110 914 6568 9111 1040 6569 9112 922 6570 9113 922 6571 9114 1040 6572 9115 1039 6573 9116 922 6574 9117 1039 6575 9118 923 6576 9119 923 6577 9120 1039 6578 9121 1048 6579 9122 923 6580 9123 1048 6580 9124 856 6580 9125 1618 6581 9126 1619 6582 9127 415 6583 9128 415 6583 9129 1619 6582 9130 433 6584 9131 415 6583 9132 433 6584 9133 416 6585 9134 1002 6586 9135 1620 6587 9136 1621 6588 9137 1622 6589 9138 1623 6590 9139 448 6591 9140 448 6591 9141 1623 6590 9142 1624 6592 9143 415 6583 9144 449 6593 9145 1618 6581 9146 1618 6581 9147 449 6593 9148 448 6591 9149 1618 6581 9150 448 6591 9151 1625 6594 9152 1625 6594 9153 448 6591 9154 1624 6592 9155 913 6595 9156 1626 6596 9157 1036 6597 9158 1036 6597 9159 1626 6596 9160 1627 6598 9161 1036 6597 9162 1627 6598 9163 1002 6586 9164 1002 6586 9165 1627 6598 9166 1628 6599 9167 1002 6586 9168 1628 6599 9169 1620 6587 9170 953 6600 9171 954 6601 9172 1629 6602 9173 1629 6602 9174 954 6601 9175 956 6603 9176 928 6604 9177 952 6605 9178 448 6591 9179 448 6591 9180 952 6605 9181 953 6600 9182 448 6591 9183 953 6600 9184 1622 6589 9185 1622 6589 9186 953 6600 9187 1629 6602 9188 956 6603 9189 988 6606 9190 1629 6602 9191 1629 6602 9192 988 6606 9193 998 6607 9194 1629 6602 9195 998 6607 9196 957 6608 9197 1000 6609 9198 1003 6610 9199 957 6608 9200 957 6608 9201 1003 6610 9202 1002 6586 9203 957 6608 9204 1002 6586 9205 1629 6602 9206 1629 6602 9207 1002 6586 9208 1621 6588 9209 1626 6611 9210 913 6612 9211 911 6613 9212 1626 6614 9213 911 6614 9214 1630 6614 9215 911 6615 9216 907 6616 9217 1630 6617 9218 1630 6618 9219 907 6619 9220 909 6620 9221 1630 6618 9222 909 6620 9223 1631 6621 9224 1631 6622 9225 909 6623 9226 916 6624 9227 1631 6622 9228 916 6624 9229 1632 6625 9230 1632 6626 9231 916 6627 9232 845 6628 9233 1632 6626 9234 845 6628 9235 1633 6629 9236 1626 6630 9237 1630 6631 9238 1634 6632 9239 1630 6633 9240 1631 6634 9241 1635 6635 9242 1631 6636 9243 1632 6637 9244 1636 6638 9245 1632 6639 9246 1633 6640 9247 1637 6641 9248 1632 6639 9249 1637 6641 9250 1636 6642 9251 1636 6643 9252 1637 6644 9253 1638 6645 9254 1636 6646 9255 1638 6646 9256 1639 6647 9257 1638 6648 9258 1640 6649 9259 1639 6650 9260 1639 6651 9261 1640 6652 9262 1641 6653 9263 1639 6651 9264 1641 6653 9265 1642 6654 9266 1642 6655 9267 1641 6656 9268 1643 6657 9269 1642 6655 9270 1643 6657 9271 1644 6658 9272 1644 6659 9273 1643 6660 9274 1645 6661 9275 1644 6659 9276 1645 6661 9277 1646 6662 9278 1631 6636 9279 1636 6638 9280 1635 6663 9281 1635 6664 9282 1636 6665 9283 1639 6666 9284 1635 6664 9285 1639 6666 9286 1647 6667 9287 1647 6668 9288 1639 6669 9289 1642 6670 9290 1647 6668 9291 1642 6670 9292 1648 6671 9293 1648 6672 9294 1642 6673 9295 1644 6674 9296 1648 6672 9297 1644 6674 9298 1649 6675 9299 1649 6676 9300 1644 6677 9301 1646 6678 9302 1649 6676 9303 1646 6678 9304 1650 6679 9305 1630 6633 9306 1635 6635 9307 1634 6680 9308 1634 6681 9309 1635 6682 9310 1647 6683 9311 1634 6681 9312 1647 6683 9313 1651 6684 9314 1651 6685 9315 1647 6686 9316 1648 6687 9317 1651 6685 9318 1648 6687 9319 1652 6688 9320 1652 6689 9321 1648 6690 9322 1649 6691 9323 1652 6689 9324 1649 6691 9325 1653 6692 9326 1653 6693 9327 1649 6694 9328 1650 6695 9329 1653 6693 9330 1650 6695 9331 1654 6696 9332 1626 6630 9333 1634 6632 9334 1627 6697 9335 1627 6698 9336 1634 6699 9337 1651 6700 9338 1627 6698 9339 1651 6700 9340 1628 6701 9341 1628 6702 9342 1651 6703 9343 1652 6704 9344 1628 6702 9345 1652 6704 9346 1620 6705 9347 1620 6706 9348 1652 6707 9349 1653 6708 9350 1620 6706 9351 1653 6708 9352 1621 6709 9353 1621 6710 9354 1653 6711 9355 1654 6712 9356 1621 6710 9357 1654 6712 9358 1629 6713 9359 1655 6714 9360 1656 6715 9361 1657 6716 9362 1646 6717 9363 1658 6718 9364 1650 6719 9365 1650 6720 9366 1658 6721 9367 1659 6722 9368 1650 6720 9369 1659 6722 9370 1654 6723 9371 1654 6724 9372 1659 6725 9373 1622 6726 9374 1654 6724 9375 1622 6726 9376 1629 6727 9377 1645 6728 9378 1655 6714 9379 1646 6729 9380 1646 6729 9381 1655 6714 9382 1657 6716 9383 1646 6717 9384 1657 6730 9385 1658 6718 9386 1622 6731 9387 1659 6732 9388 1660 6733 9389 1659 6734 9390 1658 6735 9391 1661 6736 9392 1657 6737 9393 1656 6738 9394 1662 6739 9395 1658 6740 9396 1657 6741 9397 1663 6742 9398 1663 6743 9399 1657 6737 9400 1662 6739 9401 1663 6744 9402 1662 6745 9403 1664 6746 9404 1664 6747 9405 1662 6748 9406 1665 6749 9407 1665 6750 9408 1666 6751 9409 1664 6752 9410 1664 6753 9411 1666 6754 9412 1667 6755 9413 1664 6753 9414 1667 6755 9415 1668 6756 9416 1668 6757 9417 1667 6758 9418 1669 6759 9419 1668 6760 9420 1669 6761 9421 1670 6762 9422 1669 6763 9423 1671 6764 9424 1670 6763 9425 1670 6765 9426 1671 6766 9427 1672 6767 9428 1670 6765 9429 1672 6767 9430 1673 6768 9431 1658 6740 9432 1663 6742 9433 1661 6769 9434 1661 6770 9435 1663 6771 9436 1664 6772 9437 1661 6770 9438 1664 6772 9439 1674 6773 9440 1674 6774 9441 1664 6775 9442 1668 6776 9443 1674 6774 9444 1668 6776 9445 1675 6777 9446 1675 6778 9447 1668 6779 9448 1670 6780 9449 1675 6778 9450 1670 6780 9451 1676 6781 9452 1676 6782 9453 1670 6783 9454 1673 6784 9455 1676 6782 9456 1673 6784 9457 1677 6785 9458 1659 6734 9459 1661 6736 9460 1660 6786 9461 1660 6787 9462 1661 6788 9463 1674 6789 9464 1660 6787 9465 1674 6789 9466 1678 6790 9467 1678 6791 9468 1674 6792 9469 1675 6793 9470 1678 6791 9471 1675 6793 9472 1679 6794 9473 1679 6795 9474 1675 6796 9475 1676 6797 9476 1679 6795 9477 1676 6797 9478 1680 6798 9479 1680 6799 9480 1676 6800 9481 1677 6801 9482 1680 6799 9483 1677 6801 9484 1681 6802 9485 1622 6731 9486 1660 6733 9487 1623 6803 9488 1623 6804 9489 1660 6805 9490 1678 6806 9491 1623 6804 9492 1678 6806 9493 1624 6807 9494 1624 6808 9495 1678 6809 9496 1679 6810 9497 1624 6808 9498 1679 6810 9499 1625 6811 9500 1625 6812 9501 1679 6813 9502 1680 6814 9503 1625 6812 9504 1680 6814 9505 1618 6815 9506 1618 6816 9507 1680 6817 9508 1681 6818 9509 1618 6816 9510 1681 6818 9511 1619 6819 9512 433 6820 9513 1619 6821 9514 1681 6822 9515 433 6820 9516 1681 6822 9517 1682 6823 9518 1682 6824 9519 1681 6824 9520 1677 6824 9521 1682 6825 9522 1677 6826 9523 1683 6827 9524 1683 6828 9525 1677 6829 9526 1673 6830 9527 1683 6831 9528 1673 6831 9529 1684 6831 9530 1684 6832 9531 1673 6832 9532 1672 6832 9533 1684 6833 9534 1672 6833 9535 1685 6833 9536 437 6834 9537 436 6835 9538 1686 6836 9539 437 6837 9540 1687 6838 9541 1688 6839 9542 1689 6840 9543 1690 6841 9544 1691 6842 9545 1684 6843 9546 1685 6844 9547 1690 6845 9548 1692 6846 9549 1693 6847 9550 1694 6848 9551 1694 6849 9552 1693 6850 9553 1686 6851 9554 1694 6849 9555 1686 6851 9556 1695 6852 9557 1695 6853 9558 1686 6854 9559 436 6855 9560 1695 6853 9561 436 6855 9562 435 6856 9563 1691 6842 9564 1692 6857 9565 1689 6840 9566 1689 6858 9567 1692 6859 9568 1694 6860 9569 1689 6858 9570 1694 6860 9571 1696 6861 9572 1696 6862 9573 1694 6863 9574 1695 6864 9575 1696 6862 9576 1695 6864 9577 1697 6865 9578 1697 6866 9579 1695 6867 9580 435 6868 9581 1697 6866 9582 435 6868 9583 434 6869 9584 1690 6845 9585 1689 6870 9586 1684 6843 9587 1684 6871 9588 1689 6872 9589 1696 6873 9590 1684 6871 9591 1696 6873 9592 1683 6874 9593 1683 6875 9594 1696 6876 9595 1697 6877 9596 1683 6875 9597 1697 6877 9598 1682 6878 9599 1682 6879 9600 1697 6880 9601 434 6881 9602 1682 6879 9603 434 6881 9604 433 6882 9605 1693 6883 9606 437 6884 9607 1686 6885 9608 1691 6886 9609 1688 6887 9610 1692 6888 9611 1692 6888 9612 1688 6887 9613 1687 6889 9614 1692 6846 9615 1687 6890 9616 1693 6847 9617 1693 6891 9618 1687 6892 9619 437 6891 9620 829 6893 9621 826 6894 9622 1698 6895 9623 851 6896 9624 850 6897 9625 1698 6898 9626 1698 6899 9627 850 6900 9628 855 6901 9629 1698 6902 9630 855 6903 9631 829 6904 9632 848 6905 9633 854 6906 9634 1699 6907 9635 1699 6908 9636 1700 6909 9637 848 6910 9638 848 6911 9639 1700 6912 9640 1701 6913 9641 848 6914 9642 1701 6915 9643 846 6916 9644 839 6917 9645 1702 6918 9646 838 6919 9647 838 6919 9648 1702 6918 9649 1703 6920 9650 838 6921 9651 1703 6922 9652 836 6923 9653 836 6923 9654 1703 6922 9655 1704 6924 9656 836 6925 9657 1704 6926 9658 833 6927 9659 1704 6926 9660 1705 6928 9661 833 6927 9662 833 6929 9663 1705 6930 9664 822 6931 9665 833 6929 9666 822 6931 9667 820 6932 9668 826 6933 9669 824 6934 9670 1698 6935 9671 1698 6935 9672 824 6934 9673 1706 6936 9674 1698 6937 9675 1706 6938 9676 851 6939 9677 851 6940 9678 1706 6941 9679 1699 6942 9680 851 6943 9681 1699 6944 9682 853 6944 9683 853 6945 9684 1699 6946 9685 854 6945 9686 824 6947 9687 822 6948 9688 1706 6949 9689 1706 6949 9690 822 6948 9691 1705 6950 9692 1706 6951 9693 1705 6952 9694 1699 6953 9695 1699 6953 9696 1705 6952 9697 1704 6954 9698 1699 6955 9699 1704 6956 9700 1700 6957 9701 1700 6957 9702 1704 6956 9703 1703 6958 9704 1700 6959 9705 1703 6960 9706 1701 6961 9707 1701 6962 9708 1703 6963 9709 1702 6964 9710 1633 6965 9711 845 573 9712 1707 6966 9713 1707 6966 9714 845 573 9715 844 6967 9716 1708 6968 9717 1645 6969 9718 1643 6970 9719 1708 6971 9720 1643 6972 9721 1709 6973 9722 1709 6974 9723 1643 6974 9724 1641 6974 9725 1709 6975 9726 1641 6976 9727 1710 6977 9728 1710 6978 9729 1641 6978 9730 1640 6978 9731 1710 6979 9732 1640 6979 9733 1711 6979 9734 1633 6980 9735 1707 6981 9736 1637 6982 9737 1637 6983 9738 1707 6984 9739 1711 6985 9740 1637 6986 9741 1711 6987 9742 1638 6988 9743 1638 6989 9744 1711 6990 9745 1640 6991 9746 1712 1 9747 1655 1 9748 1708 1 9749 1708 1 9750 1655 1 9751 1645 1 9752 1713 1 9753 1656 1 9754 1712 1 9755 1712 1 9756 1656 1 9757 1655 1 9758 1672 6992 9759 1671 6993 9760 1714 6994 9761 1714 6995 9762 1671 6995 9763 1715 6995 9764 1666 6996 9765 1716 6997 9766 1667 6998 9767 1667 6998 9768 1716 6997 9769 1715 6999 9770 1667 7000 9771 1715 7001 9772 1669 7002 9773 1669 7003 9774 1715 7003 9775 1671 7003 9776 1656 7004 9777 1713 7004 9778 1662 7004 9779 1662 7005 9780 1713 7005 9781 1716 7005 9782 1662 7006 9783 1716 7006 9784 1665 7006 9785 1665 7007 9786 1716 7008 9787 1666 7009 9788 1717 7010 9789 1685 7011 9790 1714 7012 9791 1714 7012 9792 1685 7011 9793 1672 7013 9794 1685 7014 9795 1717 7015 9796 1718 7016 9797 1685 7014 9798 1718 7016 9799 1690 7017 9800 1690 7018 9801 1718 7019 9802 1719 7020 9803 1690 7018 9804 1719 7020 9805 1691 7021 9806 1691 7022 9807 1719 7023 9808 1720 7024 9809 1691 7022 9810 1720 7024 9811 1688 7025 9812 1688 7026 9813 1720 7027 9814 842 7028 9815 1688 7026 9816 842 7028 9817 437 7029 9818 843 7030 9819 803 7030 9820 841 7030 9821 841 7031 9822 803 7031 9823 799 7031 9824 799 7032 9825 796 7033 9826 841 7034 9827 841 7035 9828 796 7036 9829 795 7037 9830 841 7038 9831 795 7039 9832 840 7040 9833 425 7041 9834 419 7041 9835 790 7041 9836 790 7042 9837 419 7042 9838 840 7042 9839 790 7043 9840 840 7043 9841 794 7043 9842 794 7044 9843 840 7044 9844 795 7044 9845 862 7045 9846 860 7046 9847 808 7047 9848 1715 7048 9849 1716 7049 9850 1713 7050 9851 808 7047 9852 860 7046 9853 839 7051 9854 839 7051 9855 860 7046 9856 858 7052 9857 839 7051 9858 858 7052 9859 1702 7053 9860 862 7045 9861 808 7047 9862 864 7054 9863 864 7054 9864 808 7047 9865 803 7055 9866 864 7054 9867 803 7055 9868 866 7056 9869 803 7055 9870 843 7057 9871 842 7058 9872 1711 7059 9873 1707 7060 9874 1710 7061 9875 1710 7061 9876 1707 7060 9877 906 7062 9878 892 7063 9879 1718 7064 9880 894 7065 9881 894 7065 9882 1718 7064 9883 1717 7066 9884 894 7065 9885 1717 7066 9886 896 7067 9887 896 7067 9888 1717 7066 9889 1714 7068 9890 896 7067 9891 1714 7068 9892 898 7069 9893 898 7069 9894 1714 7068 9895 900 7070 9896 866 7056 9897 803 7055 9898 868 7071 9899 868 7071 9900 803 7055 9901 842 7058 9902 868 7071 9903 842 7058 9904 870 7072 9905 1702 7053 9906 858 7052 9907 1701 7073 9908 1701 7073 9909 858 7052 9910 882 7074 9911 1701 7073 9912 882 7074 9913 846 7075 9914 846 7075 9915 882 7074 9916 888 7076 9917 846 7075 9918 888 7076 9919 844 7077 9920 844 7077 9921 888 7076 9922 886 7078 9923 844 7077 9924 886 7078 9925 1707 7060 9926 1707 7060 9927 886 7078 9928 884 7079 9929 1707 7060 9930 884 7079 9931 906 7062 9932 1714 7068 9933 1715 7048 9934 900 7070 9935 900 7070 9936 1715 7048 9937 1713 7050 9938 900 7070 9939 1713 7050 9940 902 7080 9941 902 7080 9942 1713 7050 9943 1712 7081 9944 902 7080 9945 1712 7081 9946 904 7082 9947 904 7082 9948 1712 7081 9949 1708 7083 9950 904 7082 9951 1708 7083 9952 906 7062 9953 906 7062 9954 1708 7083 9955 1709 7084 9956 906 7062 9957 1709 7084 9958 1710 7061 9959 842 7058 9960 1720 7085 9961 870 7072 9962 870 7072 9963 1720 7085 9964 1719 7086 9965 870 7072 9966 1719 7086 9967 872 7087 9968 872 7087 9969 1719 7086 9970 1718 7064 9971 872 7087 9972 1718 7064 9973 874 7088 9974 874 7088 9975 1718 7064 9976 892 7063 9977 874 7088 9978 892 7063 9979 876 7089 9980 876 7089 9981 892 7063 9982 890 7090 9983 876 7089 9984 890 7090 9985 878 7091 9986 878 7091 9987 890 7090 9988 888 7076 9989 878 7091 9990 888 7076 9991 880 7092 9992 880 7092 9993 888 7076 9994 882 7074 9995 834 7093 9996 1721 7094 9997 835 7095 9998 832 7096 9999 831 7097 10000 1722 7098 10001 1721 7099 10002 834 7100 10003 1723 7101 10004 1723 7102 10005 834 7103 10006 832 7104 10007 1723 7105 10008 832 7106 10009 1724 7107 10010 1724 7108 10011 832 7109 10012 1722 7110 10013 1724 7111 10014 1722 7112 10015 1725 7113 10016 1726 7114 10017 837 7115 10018 835 7116 10019 1727 7117 10020 808 7118 10021 837 7119 10022 837 7120 10023 1726 7121 10024 1727 7122 10025 1727 7123 10026 1726 7124 10027 1728 7125 10028 1727 7123 10029 1728 7125 10030 1729 7126 10031 1729 7127 10032 1728 7128 10033 1730 7129 10034 1729 7127 10035 1730 7129 10036 1731 7130 10037 1731 7131 10038 1730 7132 10039 1732 7133 10040 1731 7131 10041 1732 7133 10042 1733 7134 10043 835 7135 10044 1721 7136 10045 1726 7137 10046 1726 7137 10047 1721 7136 10048 1723 7138 10049 1726 7137 10050 1723 7138 10051 1728 7139 10052 1728 7140 10053 1723 7141 10054 1724 7142 10055 1728 7140 10056 1724 7142 10057 1730 7143 10058 1730 7144 10059 1724 7145 10060 1725 7146 10061 1730 7144 10062 1725 7146 10063 1732 7147 10064 808 2682 10065 1727 7148 10066 807 2679 10067 807 7149 10068 1727 7150 10069 1729 7151 10070 807 7152 10071 1729 7153 10072 806 7154 10073 806 7155 10074 1729 7156 10075 1731 7157 10076 806 7155 10077 1731 7157 10078 805 7158 10079 805 7159 10080 1731 7160 10081 1733 7161 10082 805 7159 10083 1733 7161 10084 804 7162 10085 1734 7163 10086 831 7164 10087 820 7165 10088 819 7166 10089 818 7167 10090 820 7165 10091 820 7165 10092 818 7167 10093 1735 7168 10094 1735 7168 10095 1736 7169 10096 820 7165 10097 820 7165 10098 1736 7169 10099 1737 7170 10100 820 7165 10101 1737 7170 10102 1734 7163 10103 1738 7171 10104 804 7171 10105 1733 7171 10106 1738 7172 10107 1733 7173 10108 1739 7174 10109 1739 7175 10110 1733 7176 10111 1732 7177 10112 1739 7178 10113 1732 7179 10114 1740 7180 10115 1740 7181 10116 1732 7182 10117 1725 7183 10118 1740 7184 10119 1725 7185 10120 1741 7186 10121 1725 7187 10122 1722 7188 10123 1741 7189 10124 1741 7190 10125 1722 7190 10126 831 7190 10127 1741 7191 10128 831 7192 10129 1734 7193 10130 1735 7194 10131 818 7195 10132 815 7196 10133 1742 7197 10134 1743 7198 10135 1744 7199 10136 1744 7199 10137 1743 7198 10138 1745 7200 10139 1744 7201 10140 1745 7202 10141 1746 7203 10142 1746 7203 10143 1745 7202 10144 1747 7204 10145 1746 7205 10146 1747 7206 10147 1748 7207 10148 1748 7207 10149 1747 7206 10150 1749 7208 10151 1743 7209 10152 1750 7210 10153 1745 7211 10154 1745 7211 10155 1750 7210 10156 1751 7212 10157 1745 7213 10158 1751 7214 10159 1747 7215 10160 1747 7215 10161 1751 7214 10162 1752 7216 10163 1747 7217 10164 1752 7218 10165 1749 7219 10166 1749 7219 10167 1752 7218 10168 1753 7220 10169 1741 7221 10170 1753 7222 10171 1740 7223 10172 1740 7223 10173 1753 7222 10174 1752 7224 10175 1740 7225 10176 1752 7226 10177 1739 7227 10178 1739 7227 10179 1752 7226 10180 1751 7228 10181 1739 7229 10182 1751 7230 10183 1738 7231 10184 1738 7231 10185 1751 7230 10186 1750 7232 10187 646 7233 10188 1742 7234 10189 813 7235 10190 813 7235 10191 1742 7234 10192 1744 7236 10193 813 7237 10194 1744 7238 10195 811 7239 10196 811 7239 10197 1744 7238 10198 1746 7240 10199 811 7241 10200 1746 7242 10201 815 7243 10202 815 7243 10203 1746 7242 10204 1748 7244 10205 815 7196 10206 1748 7245 10207 1735 7194 10208 1735 7246 10209 1748 7247 10210 1749 7248 10211 1735 7246 10212 1749 7248 10213 1736 7249 10214 1736 7250 10215 1749 7251 10216 1753 7252 10217 1736 7250 10218 1753 7252 10219 1737 7253 10220 1737 7254 10221 1753 7255 10222 1741 7256 10223 1737 7254 10224 1741 7256 10225 1734 7257 10226 1754 7258 10227 426 7259 10228 425 7260 10229 425 7260 10230 786 7261 10231 1754 7258 10232 1754 7262 10233 786 7263 10234 785 7264 10235 1754 7262 10236 785 7264 10237 1755 7265 10238 1755 7266 10239 785 7267 10240 783 7268 10241 1755 7266 10242 783 7268 10243 1756 7269 10244 1756 7270 10245 783 7271 10246 782 7272 10247 1756 7270 10248 782 7272 10249 1757 7273 10250 804 7274 10251 1738 1 10252 1758 7275 10253 1758 7275 10254 1759 7276 10255 804 7274 10256 804 7274 10257 1759 7276 10258 1760 7277 10259 804 7274 10260 1760 7277 10261 782 7278 10262 782 7278 10263 1760 7277 10264 1761 1 10265 782 7278 10266 1761 1 10267 1757 1 10268 1762 7279 10269 1763 7280 10270 1764 7281 10271 774 7282 10272 781 7283 10273 717 7284 10274 717 7285 10275 781 7285 10276 769 7285 10277 717 7286 10278 769 7287 10279 716 7288 10280 1765 7289 10281 1764 7290 10282 1766 7291 10283 1766 7292 10284 1764 7293 10285 764 7292 10286 1763 7294 10287 643 7295 10288 1764 7296 10289 1764 7297 10290 643 7298 10291 756 7299 10292 1764 7300 10293 756 7301 10294 764 7302 10295 466 7303 10296 1762 7304 10297 467 7305 10298 467 7306 10299 1762 7307 10300 1764 7308 10301 467 7309 10302 1764 7310 10303 462 7311 10304 462 7312 10305 1764 7313 10306 1765 7314 10307 462 7315 10308 1765 7316 10309 1767 7317 10310 1765 7318 10311 703 7318 10312 1767 7318 10313 1767 7319 10314 703 7320 10315 461 7321 10316 1767 7322 10317 461 7322 10318 460 7322 10319 460 7323 10320 464 7324 10321 1767 7323 10322 1767 7325 10323 464 7326 10324 463 7327 10325 1767 7328 10326 463 7329 10327 462 7330 10328 764 7331 10329 774 7332 10330 1766 7333 10331 1766 7334 10332 774 7335 10333 717 7336 10334 1766 7337 10335 717 7338 10336 1765 7339 10337 1765 7339 10338 717 7338 10339 720 7340 10340 1765 7341 10341 720 7341 10342 703 7341 10343 428 7342 10344 1768 7343 10345 429 7344 10346 429 7344 10347 1768 7343 10348 1769 7345 10349 429 7346 10350 1769 7347 10351 430 7348 10352 1770 7349 10353 1771 7350 10354 1772 7349 10355 1772 7351 10356 1771 7352 10357 1773 7353 10358 1774 7354 10359 1773 7355 10360 1775 7356 10361 1775 7357 10362 1773 7357 10363 1771 7358 10364 1775 7359 10365 1771 7360 10366 1776 7361 10367 1776 7362 10368 1771 7363 10369 1770 7364 10370 1776 7362 10371 1770 7364 10372 1777 7365 10373 432 7366 10374 431 7367 10375 1778 7368 10376 1778 7368 10377 431 7367 10378 1779 7369 10379 1778 7370 10380 1779 7371 10381 1780 7372 10382 428 7373 10383 432 7374 10384 1768 7375 10385 1768 7375 10386 432 7374 10387 1778 7376 10388 1768 7377 10389 1778 7378 10390 1781 7379 10391 1781 7380 10392 1778 7370 10393 1780 7372 10394 1781 7381 10395 1780 7381 10396 1782 7381 10397 1783 7382 10398 1774 7382 10399 1782 7382 10400 1782 7383 10401 1774 7384 10402 1775 7385 10403 1782 7386 10404 1775 7387 10405 1781 7388 10406 1781 7389 10407 1775 7390 10408 1776 7391 10409 1781 7379 10410 1776 7392 10411 1768 7377 10412 1768 7393 10413 1776 7394 10414 1777 7395 10415 1768 7393 10416 1777 7395 10417 1769 7396 10418 1757 7397 10419 1783 7398 10420 1756 7399 10421 1756 7400 10422 1783 7401 10423 1782 7402 10424 1756 7403 10425 1782 7404 10426 1755 7405 10427 1755 7406 10428 1782 7406 10429 1780 7406 10430 1755 7407 10431 1780 7408 10432 1754 7409 10433 1754 7409 10434 1780 7408 10435 1779 7410 10436 1754 7411 10437 1779 7412 10438 426 7413 10439 426 7413 10440 1779 7412 10441 431 7414 10442 1758 7415 10443 1738 7416 10444 1750 7417 10445 600 7418 10446 1784 7419 10447 650 7420 10448 1785 7421 10449 1772 7422 10450 1773 7423 10451 1757 7424 10452 1761 7425 10453 1786 7426 10454 1757 7427 10455 1786 7428 10456 1783 7429 10457 1783 7430 10458 1786 7431 10459 1787 7432 10460 1783 7433 10461 1787 7434 10462 1774 7435 10463 1787 7436 10464 1788 7437 10465 1774 7438 10466 1774 7439 10467 1788 7440 10468 1789 7441 10469 1774 7442 10470 1789 7443 10471 1773 7444 10472 1773 7445 10473 1789 7446 10474 1790 7447 10475 1773 7448 10476 1790 7449 10477 1785 7450 10478 650 7451 10479 1784 7452 10480 670 7453 10481 670 7454 10482 1784 7455 10483 1791 7456 10484 670 7457 10485 1791 7457 10486 671 7457 10487 1742 7458 10488 646 7458 10489 645 7458 10490 1792 7459 10491 1743 7460 10492 668 7461 10493 668 7462 10494 1743 7462 10495 1742 7462 10496 668 7463 10497 1742 7464 10498 667 7465 10499 667 7466 10500 1742 7467 10501 645 7468 10502 1792 7469 10503 1793 7470 10504 1743 7471 10505 1743 7472 10506 1793 7473 10507 1794 7474 10508 1743 7475 10509 1794 7476 10510 1750 7477 10511 1750 7478 10512 1794 7479 10513 1759 7480 10514 1750 7417 10515 1759 7481 10516 1758 7415 10517 668 7482 10518 671 7483 10519 1792 7484 10520 1792 7485 10521 671 7486 10522 1791 7487 10523 1792 7488 10524 1791 7489 10525 1793 7490 10526 1793 7490 10527 1791 7489 10528 1795 7491 10529 1793 7492 10530 1795 7493 10531 1794 7494 10532 1794 7494 10533 1795 7493 10534 1796 7495 10535 1794 7479 10536 1796 7496 10537 1759 7480 10538 1759 7480 10539 1796 7496 10540 1760 7497 10541 600 7418 10542 1790 7498 10543 1784 7419 10544 1784 7499 10545 1790 7500 10546 1789 7501 10547 1784 7455 10548 1789 7502 10549 1791 7456 10550 1791 7456 10551 1789 7502 10552 1788 7503 10553 1791 7504 10554 1788 7437 10555 1795 7505 10556 1795 7505 10557 1788 7437 10558 1787 7436 10559 1795 7493 10560 1787 7432 10561 1796 7495 10562 1796 7495 10563 1787 7432 10564 1786 7431 10565 1796 7496 10566 1786 7426 10567 1760 7497 10568 1760 7497 10569 1786 7426 10570 1761 7425 10571 418 7506 10572 417 7507 10573 1797 7508 10574 1797 7509 10575 417 7510 10576 1798 7511 10577 1797 7512 10578 1798 7513 10579 1799 7514 10580 1799 7515 10581 1798 7516 10582 1800 7517 10583 1801 7518 10584 1802 7519 10585 1803 7520 10586 1803 7521 10587 1802 7522 10588 1804 7523 10589 1803 7524 10590 1804 7525 10591 1805 7526 10592 1805 7527 10593 1804 7528 10594 1806 7529 10595 1805 7527 10596 1806 7529 10597 1807 7530 10598 1777 7531 10599 1800 7517 10600 1769 7532 10601 1769 7532 10602 1800 7517 10603 1798 7516 10604 1769 7347 10605 1798 7511 10606 430 7348 10607 430 7348 10608 1798 7511 10609 417 7510 10610 1772 7533 10611 1806 7529 10612 1770 7534 10613 1770 7534 10614 1806 7529 10615 1804 7528 10616 1770 7535 10617 1804 7523 10618 1777 7536 10619 1777 7536 10620 1804 7523 10621 1802 7522 10622 1777 7537 10623 1802 7519 10624 1800 7538 10625 1800 7538 10626 1802 7519 10627 1801 7518 10628 1800 7539 10629 1801 7540 10630 1799 7541 10631 639 7542 10632 643 7543 10633 1763 7544 10634 1806 7545 10635 1772 7546 10636 1785 7547 10637 1808 7548 10638 1809 7549 10639 1810 7550 10640 1808 7548 10641 1810 7550 10642 466 7551 10643 1806 7545 10644 1785 7547 10645 1807 7552 10646 1807 7552 10647 1785 7547 10648 1763 7553 10649 1807 7554 10650 1763 7555 10651 1810 7556 10652 1810 7557 10653 1763 7558 10654 1762 7559 10655 1810 7560 10656 1762 7561 10657 466 7562 10658 1790 7563 10659 600 7564 10660 602 7565 10661 602 7565 10662 603 7566 10663 1790 7563 10664 1790 7563 10665 603 7566 10666 620 7567 10667 1790 7568 10668 620 7568 10669 1785 7568 10670 1785 7569 10671 620 7570 10672 622 7571 10673 622 7571 10674 630 7572 10675 1785 7569 10676 1785 7569 10677 630 7572 10678 574 7573 10679 1785 7569 10680 574 7573 10681 1763 7544 10682 1763 7544 10683 574 7573 10684 573 7574 10685 1763 7544 10686 573 7574 10687 639 7542 10688 1809 7575 10689 1808 7576 10690 1811 7577 10691 1811 7577 10692 1808 7576 10693 1812 7578 10694 1811 7579 10695 1812 7580 10696 1813 7581 10697 1813 7582 10698 1812 7582 10699 1814 7583 10700 1813 7584 10701 1814 7585 10702 1815 7586 10703 1815 7587 10704 1814 7588 10705 1816 7589 10706 1815 7590 10707 1816 7591 10708 1817 7592 10709 1817 7593 10710 1816 7594 10711 1818 7595 10712 1818 7596 10713 1816 7597 10714 1819 7598 10715 1818 7596 10716 1819 7598 10717 1820 7599 10718 1820 7600 10719 1819 7601 10720 1821 7602 10721 1821 7603 10722 1819 7604 10723 1822 7605 10724 1821 7606 10725 1822 7607 10726 1823 7608 10727 1808 7576 10728 466 7609 10729 1812 7578 10730 1812 7578 10731 466 7609 10732 465 7610 10733 1812 7611 10734 465 7612 10735 1814 7613 10736 1814 7613 10737 465 7612 10738 469 7614 10739 1814 7588 10740 469 7615 10741 1816 7589 10742 1816 7589 10743 469 7615 10744 468 7616 10745 1816 7597 10746 468 1549 10747 1819 7598 10748 1819 7598 10749 468 1549 10750 455 1548 10751 1819 7604 10752 455 7617 10753 1822 7605 10754 1822 7605 10755 455 7617 10756 454 7618 10757 544 7619 10758 547 7620 10759 444 7621 10760 444 7621 10761 547 7620 10762 555 7622 10763 444 7621 10764 555 7622 10765 553 7623 10766 444 7621 10767 1823 7624 10768 544 7619 10769 544 7619 10770 1823 7624 10771 1822 7625 10772 544 7619 10773 1822 7625 10774 542 7626 10775 472 7627 10776 534 7628 10777 537 7629 10778 571 7630 10779 567 7631 10780 442 7632 10781 537 7629 10782 538 7633 10783 472 7627 10784 472 7627 10785 538 7633 10786 540 7634 10787 472 7627 10788 540 7634 10789 453 7635 10790 453 7635 10791 540 7634 10792 542 7626 10793 453 7635 10794 542 7626 10795 454 7636 10796 454 7636 10797 542 7626 10798 1822 7625 10799 561 7637 10800 490 7638 10801 562 7639 10802 562 7639 10803 490 7638 10804 514 7640 10805 562 7639 10806 514 7640 10807 564 7641 10808 564 7641 10809 514 7640 10810 442 7632 10811 564 7641 10812 442 7632 10813 566 7642 10814 566 7642 10815 442 7632 10816 567 7631 10817 553 7623 10818 551 7643 10819 444 7621 10820 444 7621 10821 551 7643 10822 550 7644 10823 444 7621 10824 550 7644 10825 442 7632 10826 442 7632 10827 550 7644 10828 557 7645 10829 442 7632 10830 557 7645 10831 571 7630 10832 522 7646 10833 524 7647 10834 486 7648 10835 486 7648 10836 511 7649 10837 522 7646 10838 522 7646 10839 511 7649 10840 510 7650 10841 522 7646 10842 510 7650 10843 559 7651 10844 559 7651 10845 510 7650 10846 509 7652 10847 559 7651 10848 509 7652 10849 561 7637 10850 561 7637 10851 509 7652 10852 491 7653 10853 561 7637 10854 491 7653 10855 490 7638 10856 524 7647 10857 526 7654 10858 486 7648 10859 486 7648 10860 526 7654 10861 529 7655 10862 486 7648 10863 529 7655 10864 482 7656 10865 482 7656 10866 529 7655 10867 530 7657 10868 482 7656 10869 530 7657 10870 472 7627 10871 472 7627 10872 530 7657 10873 532 7658 10874 472 7627 10875 532 7658 10876 534 7628 10877 441 7659 10878 439 7660 10879 1824 7661 10880 438 7662 10881 447 7663 10882 1825 7664 10883 1825 7665 10884 447 7666 10885 449 7667 10886 1826 7668 10887 1827 7669 10888 1828 7670 10889 1828 7671 10890 1827 7672 10891 1829 7673 10892 1828 7674 10893 1829 7675 10894 1830 7676 10895 449 7677 10896 1831 7678 10897 1825 7679 10898 1825 7680 10899 1831 7681 10900 1832 7682 10901 1825 7683 10902 1832 7684 10903 1833 7685 10904 439 7686 10905 438 7687 10906 1824 7688 10907 1824 7689 10908 438 7690 10909 1825 7689 10910 1824 7691 10911 1825 7692 10912 1834 7693 10913 1834 7693 10914 1825 7692 10915 1833 7694 10916 1834 7695 10917 1833 7696 10918 1835 7697 10919 1835 7698 10920 1836 7699 10921 1834 7700 10922 1834 7700 10923 1836 7699 10924 1837 7701 10925 1834 7702 10926 1837 7703 10927 1824 7704 10928 1824 7704 10929 1837 7703 10930 1838 7705 10931 1824 7706 10932 1838 7707 10933 441 7708 10934 441 7709 10935 1838 7710 10936 443 7711 10937 444 7712 10938 443 7713 10939 1839 7714 10940 1839 7714 10941 443 7713 10942 1838 7715 10943 1839 7716 10944 1838 7717 10945 1840 7718 10946 1840 7718 10947 1838 7717 10948 1837 7719 10949 1840 7720 10950 1837 7721 10951 1841 7722 10952 1841 7722 10953 1837 7721 10954 1836 7723 10955 1841 7724 10956 1836 7725 10957 1830 7726 10958 1835 7727 10959 1830 7728 10960 1836 7729 10961 1832 7730 10962 1826 7731 10963 1833 7732 10964 1833 7733 10965 1826 7734 10966 1828 7735 10967 1833 7696 10968 1828 7736 10969 1835 7697 10970 1835 7737 10971 1828 7738 10972 1830 7739 10973 1826 7740 10974 414 7740 10975 1827 7740 10976 1827 7741 10977 414 7741 10978 423 7741 10979 1827 7742 10980 423 7743 10981 1829 7744 10982 1829 7745 10983 423 7745 10984 420 7745 10985 1829 7746 10986 420 7747 10987 1830 7748 10988 449 7749 10989 415 7750 10990 1831 7751 10991 1831 7752 10992 415 7752 10993 414 7752 10994 1831 7753 10995 414 7753 10996 1832 7753 10997 1832 7754 10998 414 7754 10999 1826 7754 11000 1807 7755 11001 1810 7756 11002 1842 7757 11003 1843 7758 11004 1844 7759 11005 1845 7760 11006 1843 7761 11007 1845 7762 11008 1846 7763 11009 1846 7764 11010 1845 7765 11011 1842 7766 11012 1846 7767 11013 1842 7768 11014 1847 7769 11015 1847 7770 11016 1842 7771 11017 1810 7772 11018 1847 7773 11019 1810 7774 11020 1809 7775 11021 1807 7755 11022 1842 7757 11023 1805 7776 11024 1805 7777 11025 1842 7766 11026 1845 7765 11027 1805 7778 11028 1845 7779 11029 1803 7780 11030 1803 7781 11031 1845 7782 11032 1844 7783 11033 1803 7784 11034 1844 7785 11035 1801 7786 11036 1813 7584 11037 1815 7586 11038 1848 7787 11039 1848 7788 11040 1815 7789 11041 1817 7790 11042 1849 7791 11043 1850 7792 11044 1851 7792 11045 1852 7793 11046 1853 7794 11047 1854 7795 11048 1853 7796 11049 1852 7797 11050 1855 7798 11051 1855 7799 11052 1852 7800 11053 1856 7801 11054 1855 7802 11055 1856 7803 11056 1857 7804 11057 1858 7805 11058 1857 7806 11059 1859 7807 11060 1859 7808 11061 1857 7809 11062 1856 7810 11063 1859 7811 11064 1856 7812 11065 1860 7813 11066 1860 7814 11067 1856 7815 11068 1852 7816 11069 1860 7817 11070 1852 7817 11071 1861 7817 11072 1847 7818 11073 1809 7819 11074 1862 7820 11075 1862 7821 11076 1809 7822 11077 1811 7823 11078 1862 7824 11079 1811 7825 11080 1813 7826 11081 1813 7827 11082 1848 7828 11083 1862 7829 11084 1862 7830 11085 1848 7831 11086 1863 7832 11087 1862 7833 11088 1863 7834 11089 1847 7835 11090 1847 7836 11091 1863 7837 11092 1864 7838 11093 1847 7839 11094 1864 7840 11095 1846 7841 11096 1843 7842 11097 1854 7842 11098 1865 7842 11099 1865 7843 11100 1854 7844 11101 1853 7845 11102 1865 7843 11103 1853 7845 11104 1851 7846 11105 1851 7847 11106 1853 7848 11107 1855 7849 11108 1851 7850 11109 1855 7851 11110 1849 7852 11111 1849 7853 11112 1855 7854 11113 1857 7855 11114 1849 7856 11115 1857 7857 11116 1866 7858 11117 1866 7859 11118 1857 7860 11119 1858 7861 11120 1866 7862 11121 1858 7863 11122 1867 7864 11123 1867 7865 11124 1858 7866 11125 1821 7867 11126 1867 7868 11127 1821 7869 11128 1823 7870 11129 1843 7871 11130 1846 7872 11131 1854 7873 11132 1854 7874 11133 1846 7875 11134 1864 7876 11135 1854 7877 11136 1864 7878 11137 1852 7877 11138 1852 7879 11139 1864 7880 11140 1863 7881 11141 1852 7882 11142 1863 7882 11143 1861 7882 11144 1861 7883 11145 1863 7884 11146 1848 7885 11147 1861 7886 11148 1848 7887 11149 1860 7888 11150 1860 7889 11151 1848 7890 11152 1817 7891 11153 1860 7892 11154 1817 7893 11155 1859 7894 11156 1859 7895 11157 1817 7896 11158 1818 7897 11159 1859 7898 11160 1818 7899 11161 1858 7898 11162 1858 7900 11163 1818 7901 11164 1820 7902 11165 1858 7903 11166 1820 7904 11167 1821 7905 11168 1841 7906 11169 1830 7907 11170 1850 7908 11171 1867 7909 11172 1823 7909 11173 444 7909 11174 444 7910 11175 1839 7911 11176 1867 7912 11177 1867 7913 11178 1839 7913 11179 1840 7913 11180 1867 7914 11181 1840 7915 11182 1866 7916 11183 1866 7917 11184 1840 7918 11185 1841 7919 11186 1866 7920 11187 1841 7921 11188 1849 7922 11189 1849 7923 11190 1841 7923 11191 1850 7923 11192 1799 7924 11193 1801 1 11194 1844 7925 11195 1843 7926 11196 1865 7927 11197 1851 7928 11198 1830 1 11199 420 7929 11200 1850 7930 11201 1850 7930 11202 420 7929 11203 418 7931 11204 1851 7928 11205 1850 7930 11206 1843 7926 11207 1843 7926 11208 1850 7930 11209 418 7931 11210 1843 7926 11211 418 7931 11212 1844 7925 11213 1844 7925 11214 418 7931 11215 1797 7932 11216 1844 7925 11217 1797 7932 11218 1799 7924 11219 1868 7933 11220 1869 7934 11221 1870 7935 11222 1868 7936 11223 1870 7937 11224 1871 7938 11225 1872 7939 11226 1873 7940 11227 1870 7940 11228 1870 7941 11229 1873 7942 11230 1871 7943 11231 1874 7944 11232 1875 7945 11233 1876 7946 11234 1876 7946 11235 1875 7945 11236 1877 7947 11237 1876 7948 11238 1877 7949 11239 1872 7950 11240 1872 7950 11241 1877 7949 11242 1873 7951 11243 1878 7952 11244 1879 7953 11245 1869 7954 11246 1869 7954 11247 1879 7953 11248 1870 7955 11249 1880 7956 11250 1881 7957 11251 1882 7958 11252 1882 7958 11253 1883 7959 11254 1880 7956 11255 1880 7960 11256 1883 7961 11257 1884 7962 11258 1880 7963 11259 1884 7964 11260 1885 7965 11261 1884 7966 11262 1886 7967 11263 1885 7968 11264 1885 7969 11265 1886 7970 11266 1887 7971 11267 1885 7972 11268 1887 7972 11269 1888 7972 11270 1887 7973 11271 1889 7973 11272 1888 7973 11273 1888 7974 11274 1889 7974 11275 1890 7975 11276 1888 7976 11277 1890 7976 11278 1891 7976 11279 1890 7977 11280 1892 7977 11281 1891 7977 11282 1891 7978 11283 1892 7979 11284 1893 7980 11285 1891 7981 11286 1893 7982 11287 1894 7983 11288 1894 7984 11289 1893 7985 11290 1895 7985 11291 1894 7986 11292 1895 7986 11293 1896 7986 11294 1895 7987 11295 1897 7987 11296 1896 7987 11297 1896 7988 11298 1897 7989 11299 1898 7990 11300 1896 7991 11301 1898 7992 11302 1899 7992 11303 1898 7993 11304 1900 7994 11305 1899 7995 11306 1899 7996 11307 1900 7997 11308 1901 7996 11309 1899 7998 11310 1901 7999 11311 1902 7999 11312 1879 8000 11313 1878 8001 11314 1903 8002 11315 1903 8002 11316 1878 8001 11317 1902 8003 11318 1903 8004 11319 1902 8005 11320 1904 8006 11321 1904 8007 11322 1902 8008 11323 1901 8008 11324 1905 8009 11325 1906 8010 11326 1881 8011 11327 1881 8011 11328 1906 8010 11329 1882 8012 11330 1907 8013 11331 1906 8014 11332 1905 8015 11333 1905 8015 11334 1908 8016 11335 1907 8013 11336 1907 8017 11337 1908 8018 11338 1909 8019 11339 1908 8018 11340 1910 8020 11341 1909 8019 11342 1909 8021 11343 1910 8022 11344 1911 8023 11345 1911 8024 11346 1910 8025 11347 1912 8024 11348 1911 8026 11349 1912 8026 11350 1913 8027 11351 1914 8028 11352 1915 8029 11353 1916 8030 11354 1917 8031 11355 1918 8032 11356 1916 8033 11357 1916 8034 11358 1918 8035 11359 1914 8034 11360 1919 8036 11361 1920 8037 11362 1921 8038 11363 1921 8038 11364 1920 8037 11365 1922 8039 11366 1921 8040 11367 1922 8041 11368 1917 8042 11369 1917 8042 11370 1922 8041 11371 1918 8043 11372 1923 8044 11373 1924 8045 11374 1915 8046 11375 1915 8046 11376 1924 8045 11377 1916 8047 11378 1925 8048 11379 1926 8049 11380 1927 8050 11381 1927 8050 11382 1928 8051 11383 1925 8048 11384 1925 8052 11385 1928 8052 11386 1929 8053 11387 1925 8054 11388 1929 8054 11389 1930 8054 11390 1929 8055 11391 1931 8055 11392 1930 8055 11393 1930 8056 11394 1931 8057 11395 1932 8058 11396 1930 8059 11397 1932 8060 11398 1933 8061 11399 1932 8062 11400 1934 8063 11401 1933 8064 11402 1933 8065 11403 1934 8066 11404 1935 8067 11405 1933 8068 11406 1935 8069 11407 1936 8070 11408 1935 8071 11409 1937 8071 11410 1936 8071 11411 1936 8072 11412 1937 8073 11413 1938 8072 11414 1936 8074 11415 1938 8074 11416 1939 8074 11417 1939 8075 11418 1938 8076 11419 1940 8077 11420 1939 8078 11421 1940 8078 11422 1941 8078 11423 1940 8079 11424 1942 8079 11425 1941 8079 11426 1941 8080 11427 1942 8080 11428 1943 8080 11429 1941 8081 11430 1943 8082 11431 1944 8083 11432 1943 8084 11433 1945 8085 11434 1944 8086 11435 1944 8087 11436 1945 8088 11437 1946 8088 11438 1944 8089 11439 1946 8089 11440 1947 8089 11441 1924 8090 11442 1923 8091 11443 1948 8092 11444 1948 8092 11445 1923 8091 11446 1947 8093 11447 1948 8094 11448 1947 8095 11449 1949 8096 11450 1949 8097 11451 1947 8098 11452 1946 8099 11453 1950 8100 11454 1951 8101 11455 1926 8102 11456 1926 8102 11457 1951 8101 11458 1927 8103 11459 1952 8104 11460 1951 8105 11461 1950 8106 11462 1950 8106 11463 1953 8107 11464 1952 8104 11465 1952 8108 11466 1953 8109 11467 1954 8110 11468 1953 8109 11469 1955 8111 11470 1954 8110 11471 1954 8112 11472 1955 8113 11473 1956 8114 11474 1956 8115 11475 1955 8116 11476 1957 8117 11477 1956 8118 11478 1957 8119 11479 1958 8120 11480 1959 8121 11481 1960 8122 11482 1961 8122 11483 1962 8123 11484 1963 8124 11485 1961 8125 11486 1961 8126 11487 1963 8127 11488 1959 8128 11489 1964 8129 11490 1965 8130 11491 1966 8131 11492 1966 8131 11493 1965 8130 11494 1967 8132 11495 1966 8133 11496 1967 8134 11497 1962 8135 11498 1962 8135 11499 1967 8134 11500 1963 8136 11501 1968 8137 11502 1969 8138 11503 1960 8139 11504 1960 8139 11505 1969 8138 11506 1961 8140 11507 1970 8141 11508 1971 8142 11509 1972 8143 11510 1972 8143 11511 1973 8144 11512 1970 8141 11513 1970 8145 11514 1973 8146 11515 1974 8147 11516 1970 8148 11517 1974 8148 11518 1975 8149 11519 1974 8150 11520 1976 8151 11521 1975 8152 11522 1975 8153 11523 1976 8154 11524 1977 8155 11525 1975 8156 11526 1977 8156 11527 1978 8156 11528 1977 8157 11529 1979 8157 11530 1978 8157 11531 1978 8158 11532 1979 8159 11533 1980 8160 11534 1978 8161 11535 1980 8162 11536 1981 8163 11537 1980 8164 11538 1982 8165 11539 1981 8166 11540 1981 8167 11541 1982 8168 11542 1983 8169 11543 1981 8170 11544 1983 8170 11545 1984 8170 11546 1984 8171 11547 1983 8172 11548 1985 8173 11549 1984 8174 11550 1985 8175 11551 1986 8175 11552 1985 8176 11553 1987 8177 11554 1986 8178 11555 1986 8179 11556 1987 8180 11557 1988 8181 11558 1986 8182 11559 1988 8183 11560 1989 8184 11561 1988 8185 11562 1990 8185 11563 1989 8185 11564 1989 8186 11565 1990 8187 11566 1991 8188 11567 1989 8189 11568 1991 8190 11569 1992 8191 11570 1969 8192 11571 1968 8193 11572 1993 8194 11573 1993 8194 11574 1968 8193 11575 1992 8195 11576 1993 8196 11577 1992 8197 11578 1994 8198 11579 1994 8199 11580 1992 8200 11581 1991 8199 11582 1995 8201 11583 1996 8202 11584 1971 8203 11585 1971 8203 11586 1996 8202 11587 1972 8204 11588 1997 8205 11589 1996 8206 11590 1995 8207 11591 1995 8207 11592 1998 8208 11593 1997 8205 11594 1997 8209 11595 1998 8210 11596 1999 8211 11597 1998 8210 11598 2000 8212 11599 1999 8211 11600 1999 8213 11601 2000 8214 11602 2001 8215 11603 2001 8216 11604 2000 8216 11605 2002 8216 11606 2001 8217 11607 2002 8218 11608 2003 8219 11609 1875 8220 11610 1874 8221 11611 2004 8222 11612 2004 8222 11613 1874 8221 11614 2005 8223 11615 2004 8224 11616 2005 8225 11617 2006 8226 11618 2005 8225 11619 2007 8227 11620 2006 8226 11621 2006 8228 11622 2007 8228 11623 2008 8228 11624 2006 8229 11625 2008 8230 11626 2009 8231 11627 2009 8232 11628 2008 8233 11629 2010 8233 11630 2009 8234 11631 2010 8235 11632 2011 8236 11633 2012 8237 11634 2013 8238 11635 2014 8239 11636 2014 8239 11637 2013 8238 11638 2015 8240 11639 2016 8241 11640 2014 8242 11641 2015 8243 11642 2015 8243 11643 2017 8244 11644 2016 8241 11645 2016 8245 11646 2017 8246 11647 2018 8247 11648 2016 8248 11649 2018 8248 11650 2019 8248 11651 2018 8249 11652 2020 8250 11653 2019 8251 11654 2019 8252 11655 2020 8253 11656 2021 8254 11657 2019 8255 11658 2021 8255 11659 2022 8255 11660 2021 8256 11661 2023 8256 11662 2022 8256 11663 2022 8257 11664 2023 8258 11665 2024 8258 11666 2022 8259 11667 2024 8260 11668 2025 8261 11669 2025 8262 11670 2024 8263 11671 2026 8264 11672 2025 8265 11673 2026 8266 11674 2027 8267 11675 2026 8268 11676 2028 8269 11677 2027 8270 11678 2027 8271 11679 2028 8272 11680 2029 8273 11681 2027 8274 11682 2029 8274 11683 2030 8275 11684 2029 8276 11685 2031 8277 11686 2030 8278 11687 2030 8279 11688 2031 8280 11689 2032 8281 11690 2030 8282 11691 2032 8282 11692 2033 8282 11693 2032 8283 11694 2034 8284 11695 2033 8285 11696 2033 8286 11697 2034 8287 11698 2035 8287 11699 2033 8288 11700 2035 8288 11701 2036 8288 11702 2037 8289 11703 2038 8290 11704 2039 8291 11705 2039 8291 11706 2038 8290 11707 2036 8292 11708 2039 8293 11709 2036 8294 11710 2040 8295 11711 2040 8296 11712 2036 8296 11713 2035 8296 11714 2038 8297 11715 2037 8298 11716 2041 8299 11717 2041 8299 11718 2037 8298 11719 2042 8300 11720 2043 8301 11721 2044 8302 11722 2045 8303 11723 2046 8304 11724 2041 8305 11725 2042 8306 11726 2045 8307 11727 2044 8308 11728 2042 8309 11729 2042 8310 11730 2044 8311 11731 2046 8312 11732 2047 8313 11733 2048 8313 11734 2045 8314 11735 2045 8315 11736 2048 8315 11737 2043 8315 11738 1996 8316 11739 2049 8317 11740 1972 8318 11741 1972 8318 11742 2049 8317 11743 2050 8319 11744 1969 8320 11745 1993 8320 11746 2051 8320 11747 2051 8321 11748 1993 8321 11749 2052 8321 11750 1993 8322 11751 1994 8323 11752 2052 8324 11753 2052 8325 11754 1994 8326 11755 1991 8327 11756 2052 8328 11757 1991 8328 11758 2053 8328 11759 1991 8329 11760 1990 8330 11761 2053 8331 11762 2053 8332 11763 1990 8332 11764 1988 8332 11765 2053 8333 11766 1988 8333 11767 2054 8333 11768 1988 8334 11769 1987 8335 11770 2054 8336 11771 2054 8337 11772 1987 8338 11773 1985 8339 11774 2054 8340 11775 1985 8340 11776 2055 8340 11777 1985 8341 11778 1983 8342 11779 2055 8343 11780 2055 8344 11781 1983 8345 11782 1982 8346 11783 2055 8347 11784 1982 8347 11785 2056 8347 11786 1982 8348 11787 1980 8349 11788 2056 8350 11789 2056 8351 11790 1980 8352 11791 1979 8353 11792 2056 8354 11793 1979 8354 11794 2057 8354 11795 1979 8355 11796 1977 8355 11797 2057 8355 11798 2057 8356 11799 1977 8357 11800 1976 8358 11801 2057 8359 11802 1976 8359 11803 2058 8359 11804 1972 8360 11805 2050 8360 11806 1973 8360 11807 1973 8361 11808 2050 8362 11809 2058 8363 11810 1973 8364 11811 2058 8365 11812 1974 8366 11813 1974 8367 11814 2058 8367 11815 1976 8367 11816 1969 8368 11817 2051 8369 11818 1961 8370 11819 1961 8370 11820 2051 8369 11821 2059 8371 11822 2060 8372 11823 1964 8373 11824 2061 8374 11825 2061 8374 11826 1964 8373 11827 1966 8375 11828 1966 8376 11829 1962 8377 11830 2061 8378 11831 2061 8379 11832 1962 8380 11833 1961 8379 11834 2061 8379 11835 1961 8379 11836 2059 8380 11837 2062 8381 11838 1965 8382 11839 1964 8383 11840 1964 8383 11841 2063 8384 11842 2062 8381 11843 2062 8385 11844 2063 8386 11845 2064 8387 11846 2062 8385 11847 2064 8387 11848 2065 8388 11849 2065 8389 11850 2064 8390 11851 2066 8391 11852 2065 8389 11853 2066 8391 11854 2067 8392 11855 2068 8393 11856 1956 8394 11857 1958 8395 11858 1958 8395 11859 2069 8396 11860 2068 8393 11861 2068 8397 11862 2069 8398 11863 2070 8399 11864 2068 8397 11865 2070 8399 11866 2071 8400 11867 2071 8401 11868 2070 8402 11869 2072 8403 11870 2071 8401 11871 2072 8403 11872 2073 8404 11873 1951 8405 11874 2074 8406 11875 1927 8407 11876 1927 8407 11877 2074 8406 11878 2075 8319 11879 1924 8408 11880 1948 8408 11881 2076 8408 11882 2076 8409 11883 1948 8410 11884 2077 8411 11885 1948 8412 11886 1949 8413 11887 2077 8414 11888 2077 8415 11889 1949 8416 11890 1946 8417 11891 2077 8418 11892 1946 8419 11893 2078 8420 11894 1946 8421 11895 1945 8422 11896 2078 8423 11897 2078 8424 11898 1945 8425 11899 1943 8426 11900 2078 8427 11901 1943 8428 11902 2079 8429 11903 1943 8430 11904 1942 8430 11905 2079 8430 11906 2079 8431 11907 1942 8432 11908 1940 8433 11909 2079 8434 11910 1940 8434 11911 2080 8434 11912 1940 8435 11913 1938 8436 11914 2080 8437 11915 2080 8438 11916 1938 8439 11917 1937 8440 11918 2080 8441 11919 1937 8442 11920 2081 8443 11921 1937 8444 11922 1935 8444 11923 2081 8444 11924 2081 8445 11925 1935 8446 11926 1934 8447 11927 2081 8448 11928 1934 8449 11929 2082 8450 11930 1934 8451 11931 1932 8452 11932 2082 8453 11933 2082 8454 11934 1932 8455 11935 1931 8456 11936 2082 8457 11937 1931 8457 11938 2083 8457 11939 1927 8458 11940 2075 8458 11941 1928 8458 11942 1928 8459 11943 2075 8459 11944 2083 8459 11945 1928 8460 11946 2083 8461 11947 1929 8462 11948 1929 8463 11949 2083 8463 11950 1931 8463 11951 1924 8368 11952 2076 8369 11953 1916 8370 11954 1916 8370 11955 2076 8369 11956 2084 8371 11957 1956 8464 11958 2085 8465 11959 1954 8466 11960 1954 8466 11961 2085 8465 11962 2086 8467 11963 1954 8468 11964 2086 8469 11965 1952 8470 11966 1952 8471 11967 2086 8472 11968 2074 8473 11969 1952 8471 11970 2074 8473 11971 1951 8474 11972 2087 8475 11973 1919 8476 11974 2088 8477 11975 2088 8477 11976 1919 8476 11977 1921 8478 11978 1921 8479 11979 1917 8480 11980 2088 8481 11981 2088 8482 11982 1917 8483 11983 1916 8484 11984 2088 8482 11985 1916 8484 11986 2084 8485 11987 2089 8486 11988 1920 8487 11989 1919 8488 11990 1919 8488 11991 2090 8489 11992 2089 8486 11993 2089 8490 11994 2090 8491 11995 2091 8492 11996 2089 8490 11997 2091 8492 11998 2092 8493 11999 2092 8494 12000 2091 8495 12001 2093 8496 12002 2092 8494 12003 2093 8496 12004 2094 8497 12005 2095 8498 12006 1911 8499 12007 1913 8500 12008 1913 8500 12009 2096 8501 12010 2095 8498 12011 2095 8502 12012 2096 8503 12013 2097 8504 12014 2095 8502 12015 2097 8504 12016 2098 8505 12017 2098 8506 12018 2097 8507 12019 2099 8508 12020 2098 8506 12021 2099 8508 12022 2100 8509 12023 1911 8510 12024 2101 8511 12025 1909 8512 12026 1909 8512 12027 2101 8511 12028 2102 8513 12029 1909 8514 12030 2102 8515 12031 1907 8516 12032 1907 8517 12033 2102 8518 12034 2103 8519 12035 1907 8517 12036 2103 8519 12037 1906 8518 12038 1906 8520 12039 2103 8521 12040 1882 8522 12041 1882 8522 12042 2103 8521 12043 2104 8523 12044 1879 8524 12045 1903 8524 12046 2105 8524 12047 2105 8525 12048 1903 8526 12049 2106 8527 12050 1903 8528 12051 1904 8529 12052 2106 8530 12053 2106 8531 12054 1904 8532 12055 1901 8533 12056 2106 8534 12057 1901 8534 12058 2107 8534 12059 1901 8535 12060 1900 8536 12061 2107 8537 12062 2107 8538 12063 1900 8539 12064 1898 8540 12065 2107 8541 12066 1898 8541 12067 2108 8541 12068 1898 8542 12069 1897 8543 12070 2108 8544 12071 2108 8545 12072 1897 8546 12073 1895 8547 12074 2108 8548 12075 1895 8548 12076 2109 8548 12077 1895 8549 12078 1893 8550 12079 2109 8551 12080 2109 8552 12081 1893 8553 12082 1892 8554 12083 2109 8555 12084 1892 8556 12085 2110 8557 12086 1892 8558 12087 1890 8558 12088 2110 8558 12089 2110 8351 12090 1890 8352 12091 1889 8559 12092 2110 8560 12093 1889 8560 12094 2111 8560 12095 1889 8355 12096 1887 8355 12097 2111 8355 12098 2111 8561 12099 1887 8562 12100 1886 8563 12101 2111 8564 12102 1886 8564 12103 2112 8564 12104 1882 8565 12105 2104 8566 12106 1883 8567 12107 1883 8568 12108 2104 8569 12109 2112 8570 12110 1883 8571 12111 2112 8572 12112 1884 8573 12113 1884 8574 12114 2112 8575 12115 1886 8576 12116 1879 8368 12117 2105 8369 12118 1870 8370 12119 1870 8370 12120 2105 8369 12121 2113 8371 12122 2114 8577 12123 1874 8578 12124 2115 8579 12125 2115 8579 12126 1874 8578 12127 1876 8580 12128 1876 8581 12129 1872 8582 12130 2115 8583 12131 2115 8584 12132 1872 8585 12133 1870 8586 12134 2115 8584 12135 1870 8586 12136 2113 8587 12137 2116 8588 12138 2048 8589 12139 2047 8590 12140 2047 8590 12141 2117 8591 12142 2116 8588 12143 2116 8592 12144 2117 8593 12145 2118 8594 12146 2116 8592 12147 2118 8594 12148 2119 8595 12149 2119 8596 12150 2118 8597 12151 2120 8598 12152 2119 8596 12153 2120 8598 12154 2121 8599 12155 2122 8600 12156 2001 8601 12157 2003 8602 12158 2003 8602 12159 2123 8603 12160 2122 8600 12161 2122 8604 12162 2123 8605 12163 2124 8606 12164 2122 8604 12165 2124 8606 12166 2125 8607 12167 2125 8608 12168 2124 8609 12169 2126 8610 12170 2125 8608 12171 2126 8610 12172 2127 8611 12173 2001 8612 12174 2128 8613 12175 1999 8614 12176 1999 8614 12177 2128 8613 12178 2129 8615 12179 1999 8514 12180 2129 8515 12181 1997 8516 12182 1997 8616 12183 2129 8518 12184 2049 8617 12185 1997 8616 12186 2049 8617 12187 1996 8618 12188 2012 8619 12189 2130 8619 12190 2013 8619 12191 2013 8620 12192 2130 8621 12193 2131 8622 12194 2013 8623 12195 2131 8624 12196 2132 8625 12197 2132 8626 12198 2131 8627 12199 2133 8628 12200 2132 8629 12201 2133 8629 12202 2134 8629 12203 2132 8630 12204 2134 8631 12205 2135 8632 12206 2135 8632 12207 2134 8631 12208 2136 8633 12209 2135 8634 12210 2136 8634 12211 2137 8634 12212 2138 8635 12213 2010 8636 12214 2008 8637 12215 2138 8638 12216 2008 8639 12217 2139 8640 12218 2139 8641 12219 2008 8642 12220 2007 8643 12221 2139 8644 12222 2007 8645 12223 2140 8646 12224 2140 8647 12225 2007 8648 12226 2005 8649 12227 2140 8650 12228 2005 8651 12229 2141 8652 12230 2141 8653 12231 2005 8654 12232 1874 8655 12233 2141 8656 12234 1874 8657 12235 2114 8658 12236 2011 8659 12237 2010 8660 12238 2142 8661 12239 2142 8662 12240 2010 8663 12241 2143 8663 12242 2144 8664 12243 2145 8665 12244 2143 8666 12245 2143 8667 12246 2145 8668 12247 2146 8669 12248 2143 8670 12249 2146 8671 12250 2142 8672 12251 2142 8673 12252 2146 8673 12253 2147 8673 12254 2006 8674 12255 2009 8675 12256 2148 8676 12257 2148 8677 12258 2009 8678 12259 2011 8679 12260 2148 8680 12261 2011 8680 12262 2149 8680 12263 2149 8681 12264 2011 8681 12265 2142 8681 12266 2149 8682 12267 2142 8683 12268 2150 8684 12269 2150 8685 12270 2142 8686 12271 2147 8687 12272 2151 8688 12273 2152 8688 12274 2153 8688 12275 2154 8689 12276 2155 8689 12277 2156 8689 12278 2151 8690 12279 2153 8691 12280 2147 8692 12281 2156 8693 12282 2148 8694 12283 2154 8695 12284 2154 8696 12285 2148 8697 12286 2149 8697 12287 2154 8698 12288 2149 8699 12289 2153 8700 12290 2153 8701 12291 2149 8702 12292 2150 8702 12293 2153 8703 12294 2150 8704 12295 2147 8705 12296 2157 8706 12297 2158 8707 12298 2155 8708 12299 2155 8708 12300 2158 8707 12301 2156 8709 12302 1975 8710 12303 2027 8711 12304 1970 8712 12305 1970 8712 12306 2027 8711 12307 2030 8713 12308 2046 1 12309 2044 1 12310 2000 1 12311 2046 1 12312 2000 1 12313 2041 8714 12314 2041 8714 12315 2000 1 12316 1998 8715 12317 2000 1 12318 2044 1 12319 2043 8716 12320 2000 1 12321 2043 8716 12322 2002 8717 12323 1959 1 12324 1963 1 12325 1955 8718 12326 2030 8713 12327 2033 1 12328 1970 8712 12329 1970 8712 12330 2033 1 12331 2036 8719 12332 1970 8712 12333 2036 8719 12334 1971 8720 12335 1971 8720 12336 2036 8719 12337 2038 1 12338 1971 8720 12339 2038 1 12340 1995 8721 12341 1995 8721 12342 2038 1 12343 2041 8714 12344 1995 8721 12345 2041 8714 12346 1998 8715 12347 2022 1 12348 2158 8722 12349 2019 8723 12350 2019 8723 12351 2158 8722 12352 2159 8724 12353 2019 8723 12354 2159 8724 12355 2016 8725 12356 1975 8710 12357 1978 1 12358 2027 8711 12359 2027 8711 12360 1978 1 12361 2158 8722 12362 2027 8711 12363 2158 8722 12364 2025 8726 12365 2025 8726 12366 2158 8722 12367 2022 1 12368 1880 8727 12369 1939 8728 12370 1941 8729 12371 1959 1 12372 1955 8718 12373 1960 8730 12374 1960 8730 12375 1955 8718 12376 1953 8731 12377 2116 1 12378 2119 1 12379 2048 8732 12380 2048 8732 12381 2119 1 12382 2121 8733 12383 2126 8734 12384 2124 1 12385 2123 1 12386 2133 8735 12387 2131 8736 12388 2159 8724 12389 2159 8724 12390 2131 8736 12391 2130 8737 12392 1880 8727 12393 1885 1 12394 1939 8728 12395 1939 8728 12396 1885 1 12397 1888 1 12398 1939 8728 12399 1888 1 12400 1891 8738 12401 1896 8739 12402 1899 1 12403 2148 8740 12404 2148 8740 12405 1899 1 12406 1902 1 12407 2148 8740 12408 1902 1 12409 1878 1 12410 2123 1 12411 2003 8741 12412 2126 8734 12413 2126 8734 12414 2003 8741 12415 2002 8717 12416 2126 8734 12417 2002 8717 12418 2121 8733 12419 2121 8733 12420 2002 8717 12421 2043 8716 12422 2121 8733 12423 2043 8716 12424 2048 8732 12425 2136 8742 12426 2134 8743 12427 2159 8724 12428 2159 8724 12429 2134 8743 12430 2133 8735 12431 2130 8737 12432 2012 8744 12433 2159 8724 12434 2159 8724 12435 2012 8744 12436 2014 8745 12437 2159 8724 12438 2014 8745 12439 2016 8725 12440 1914 8746 12441 1918 8747 12442 1910 8748 12443 1984 8749 12444 1986 1 12445 1936 8750 12446 1936 8750 12447 1986 1 12448 1989 8751 12449 1936 8750 12450 1989 8751 12451 1933 8752 12452 2067 8753 12453 2072 8754 12454 1957 8755 12455 1960 8730 12456 1953 8731 12457 1950 1 12458 1960 8730 12459 1950 1 12460 1968 1 12461 1968 1 12462 1950 1 12463 1926 1 12464 1968 1 12465 1926 1 12466 1992 1 12467 1992 1 12468 1926 1 12469 1925 1 12470 1992 1 12471 1925 1 12472 1989 8751 12473 1989 8751 12474 1925 1 12475 1930 8756 12476 1989 8751 12477 1930 8756 12478 1933 8752 12479 2160 1 12480 2161 8757 12481 2159 8724 12482 2159 8724 12483 2161 8757 12484 2137 8758 12485 2159 8724 12486 2137 8758 12487 2136 8742 12488 1914 8746 12489 1910 8748 12490 1915 1 12491 1915 1 12492 1910 8748 12493 1908 1 12494 1978 1 12495 1981 8759 12496 2158 8722 12497 2158 8722 12498 1981 8759 12499 1984 8749 12500 2158 8722 12501 1984 8749 12502 2156 8760 12503 2156 8760 12504 1984 8749 12505 1936 8750 12506 1936 8750 12507 1939 8728 12508 2156 8760 12509 2156 8760 12510 1939 8728 12511 1891 8738 12512 2156 8760 12513 1891 8738 12514 2148 8740 12515 2148 8740 12516 1891 8738 12517 1894 8761 12518 2148 8740 12519 1894 8761 12520 1896 8739 12521 1871 8762 12522 1873 8763 12523 2148 8740 12524 2148 8740 12525 1873 8763 12526 1877 8764 12527 2070 1 12528 2069 1 12529 2072 8754 12530 2072 8754 12531 2069 1 12532 1958 8765 12533 2072 8754 12534 1958 8765 12535 1957 8755 12536 1878 1 12537 1869 8766 12538 2148 8740 12539 2148 8740 12540 1869 8766 12541 1868 8767 12542 2148 8740 12543 1868 8767 12544 1871 8762 12545 2062 1 12546 2065 1 12547 1965 1 12548 1965 1 12549 2065 1 12550 2067 8753 12551 1965 1 12552 2067 8753 12553 1967 1 12554 1967 1 12555 2067 8753 12556 1957 8755 12557 1967 1 12558 1957 8755 12559 1955 8718 12560 1967 1 12561 1955 8718 12562 1963 1 12563 2094 1 12564 2099 8768 12565 1912 1 12566 1941 8729 12567 1944 8769 12568 1880 8727 12569 1880 8727 12570 1944 8769 12571 1947 8770 12572 1880 8727 12573 1947 8770 12574 1881 1 12575 1881 1 12576 1947 8770 12577 1923 1 12578 1881 1 12579 1923 1 12580 1905 1 12581 1905 1 12582 1923 1 12583 1915 1 12584 1905 1 12585 1915 1 12586 1908 1 12587 2004 1 12588 2006 1 12589 1875 1 12590 1875 1 12591 2006 1 12592 2148 8740 12593 1875 1 12594 2148 8740 12595 1877 8764 12596 2097 8771 12597 2096 8772 12598 2099 8768 12599 2099 8768 12600 2096 8772 12601 1913 1 12602 2099 8768 12603 1913 1 12604 1912 1 12605 2089 1 12606 2092 1 12607 1920 1 12608 1920 1 12609 2092 1 12610 2094 1 12611 1920 1 12612 2094 1 12613 1922 1 12614 1922 1 12615 2094 1 12616 1912 1 12617 1922 1 12618 1912 1 12619 1910 8748 12620 1922 1 12621 1910 8748 12622 1918 8747 12623 2013 8773 12624 2162 8774 12625 2015 8775 12626 2015 8775 12627 2162 8774 12628 2163 8776 12629 2037 8777 12630 2039 8777 12631 2164 8777 12632 2164 8778 12633 2039 8779 12634 2165 8780 12635 2039 8781 12636 2040 8782 12637 2165 8783 12638 2165 8784 12639 2040 8785 12640 2035 8786 12641 2165 8787 12642 2035 8787 12643 2166 8787 12644 2035 8788 12645 2034 8788 12646 2166 8788 12647 2166 8789 12648 2034 8789 12649 2032 8789 12650 2166 8790 12651 2032 8790 12652 2167 8790 12653 2032 8791 12654 2031 8792 12655 2167 8793 12656 2167 8794 12657 2031 8795 12658 2029 8796 12659 2167 8797 12660 2029 8797 12661 2168 8797 12662 2029 8798 12663 2028 8799 12664 2168 8800 12665 2168 8801 12666 2028 8802 12667 2026 8803 12668 2168 8804 12669 2026 8805 12670 2169 8806 12671 2026 8807 12672 2024 8807 12673 2169 8807 12674 2169 8351 12675 2024 8352 12676 2023 8353 12677 2169 8808 12678 2023 8808 12679 2170 8808 12680 2023 8809 12681 2021 8809 12682 2170 8809 12683 2170 8810 12684 2021 8811 12685 2020 8812 12686 2170 8813 12687 2020 8813 12688 2171 8813 12689 2015 8814 12690 2163 8814 12691 2017 8814 12692 2017 8815 12693 2163 8815 12694 2171 8815 12695 2017 8816 12696 2171 8817 12697 2018 8818 12698 2018 8819 12699 2171 8820 12700 2020 8821 12701 2037 8822 12702 2164 8823 12703 2042 8824 12704 2042 8824 12705 2164 8823 12706 2172 8371 12707 2173 8825 12708 2047 8826 12709 2045 8827 12710 2173 8825 12711 2045 8827 12712 2174 8372 12713 2174 8828 12714 2045 8829 12715 2042 8830 12716 2174 8828 12717 2042 8830 12718 2172 8831 12719 2175 8832 12720 2176 8833 12721 2177 8834 12722 2177 8834 12723 2178 8835 12724 2175 8832 12725 2175 8832 12726 2178 8835 12727 2179 8836 12728 2175 8832 12729 2179 8836 12730 2180 8837 12731 2180 8837 12732 2179 8836 12733 2060 1 12734 2180 8837 12735 2060 1 12736 2128 8838 12737 2128 8838 12738 2060 1 12739 2061 8839 12740 2128 8838 12741 2061 8839 12742 2129 8840 12743 2129 8840 12744 2061 8839 12745 2059 8841 12746 2129 8840 12747 2059 8841 12748 2049 8842 12749 2049 8842 12750 2059 8841 12751 2050 8843 12752 2050 8843 12753 2059 8841 12754 2051 8844 12755 2050 8843 12756 2051 8844 12757 2058 8845 12758 2051 8844 12759 2052 1 12760 2053 8846 12761 2057 1 12762 2058 8845 12763 2056 8847 12764 2056 8847 12765 2058 8845 12766 2051 8844 12767 2056 8847 12768 2051 8844 12769 2055 8848 12770 2055 8848 12771 2051 8844 12772 2053 8846 12773 2055 8848 12774 2053 8846 12775 2054 8849 12776 2063 8850 12777 1964 8851 12778 2060 8852 12779 2060 8852 12780 2179 8853 12781 2063 8850 12782 2063 8854 12783 2179 8855 12784 2178 8856 12785 2063 8854 12786 2178 8856 12787 2064 8857 12788 2064 8858 12789 2178 8859 12790 2177 8860 12791 2064 8858 12792 2177 8860 12793 2066 8861 12794 2067 8862 12795 2066 8863 12796 2072 8864 12797 2072 8864 12798 2066 8863 12799 2073 8865 12800 2085 8866 12801 1956 8867 12802 2068 8868 12803 2085 8866 12804 2068 8868 12805 2181 8869 12806 2181 8870 12807 2068 8871 12808 2071 8872 12809 2181 8870 12810 2071 8872 12811 2182 8873 12812 2182 8874 12813 2071 8875 12814 2073 8876 12815 2182 8874 12816 2073 8876 12817 2183 8877 12818 2184 1 12819 2185 1 12820 2183 1 12821 2183 1 12822 2185 1 12823 2186 1 12824 2183 1 12825 2186 1 12826 2182 1 12827 2074 8878 12828 2086 1 12829 2087 1 12830 2087 1 12831 2086 1 12832 2085 1 12833 2087 1 12834 2085 1 12835 2186 1 12836 2186 1 12837 2085 1 12838 2181 1 12839 2186 1 12840 2181 1 12841 2182 1 12842 2087 1 12843 2088 8879 12844 2074 8878 12845 2074 8878 12846 2088 8879 12847 2084 8880 12848 2074 8878 12849 2084 8880 12850 2075 1 12851 2075 1 12852 2084 8880 12853 2076 1 12854 2075 1 12855 2076 1 12856 2077 8881 12857 2077 8881 12858 2078 8882 12859 2079 8883 12860 2083 1 12861 2075 1 12862 2082 8884 12863 2082 8884 12864 2075 1 12865 2077 8881 12866 2082 8884 12867 2077 8881 12868 2081 8885 12869 2081 8885 12870 2077 8881 12871 2079 8883 12872 2081 8885 12873 2079 8883 12874 2080 1 12875 2184 8886 12876 2093 8887 12877 2091 8888 12878 2184 8886 12879 2091 8888 12880 2185 8889 12881 2185 8890 12882 2091 8891 12883 2090 8892 12884 2185 8890 12885 2090 8892 12886 2186 8893 12887 2186 8894 12888 2090 8895 12889 1919 8896 12890 2186 8894 12891 1919 8896 12892 2087 8897 12893 2094 8898 12894 2093 8899 12895 2099 8900 12896 2099 8900 12897 2093 8899 12898 2100 8901 12899 2101 8902 12900 1911 8903 12901 2095 8904 12902 2101 8902 12903 2095 8904 12904 2187 8905 12905 2187 8906 12906 2095 8907 12907 2098 8908 12908 2187 8906 12909 2098 8908 12910 2188 8909 12911 2188 8910 12912 2098 8911 12913 2100 8912 12914 2188 8910 12915 2100 8912 12916 2189 8913 12917 2189 1 12918 2190 8914 12919 2188 8915 12920 2188 8915 12921 2190 8914 12922 2187 8916 12923 2138 1 12924 2139 1 12925 2190 8914 12926 2190 8914 12927 2139 1 12928 2140 8917 12929 2190 8914 12930 2140 8917 12931 2187 8916 12932 2187 8916 12933 2140 8917 12934 2141 1 12935 2187 8916 12936 2141 1 12937 2101 8918 12938 2101 8918 12939 2141 1 12940 2114 8919 12941 2101 8918 12942 2114 8919 12943 2102 8920 12944 2102 8920 12945 2114 8919 12946 2103 8921 12947 2114 8919 12948 2115 8922 12949 2103 8921 12950 2103 8921 12951 2115 8922 12952 2113 8923 12953 2103 8921 12954 2113 8923 12955 2104 8924 12956 2104 8924 12957 2113 8923 12958 2105 1 12959 2105 1 12960 2106 8925 12961 2104 8924 12962 2104 8924 12963 2106 8925 12964 2107 8926 12965 2104 8924 12966 2107 8926 12967 2108 8927 12968 2111 1 12969 2112 8928 12970 2110 8929 12971 2110 8929 12972 2112 8928 12973 2104 8924 12974 2110 8929 12975 2104 8924 12976 2109 8930 12977 2109 8930 12978 2104 8924 12979 2108 8927 12980 2191 8931 12981 2120 8932 12982 2118 8933 12983 2191 8931 12984 2118 8933 12985 2192 8934 12986 2192 8935 12987 2118 8936 12988 2117 8937 12989 2192 8935 12990 2117 8937 12991 2193 8938 12992 2193 8939 12993 2117 8940 12994 2047 8941 12995 2193 8939 12996 2047 8941 12997 2173 8942 12998 2121 8943 12999 2120 8944 13000 2126 8945 13001 2126 8945 13002 2120 8944 13003 2127 8946 13004 2180 8947 13005 2128 8948 13006 2001 8949 13007 2001 8949 13008 2122 8950 13009 2180 8947 13010 2180 8951 13011 2122 8952 13012 2125 8953 13013 2180 8951 13014 2125 8953 13015 2175 8954 13016 2175 8955 13017 2125 8956 13018 2127 8957 13019 2175 8955 13020 2127 8957 13021 2176 8958 13022 2194 8959 13023 2135 8960 13024 2137 8961 13025 2195 8962 13026 2196 8963 13027 2197 8963 13028 2137 8961 13029 2161 8964 13030 2194 8959 13031 2194 8965 13032 2161 8966 13033 2160 8967 13034 2194 8965 13035 2160 8967 13036 2198 8968 13037 2198 8969 13038 2160 8970 13039 2195 8970 13040 2198 8971 13041 2195 8972 13042 2199 8973 13043 2199 8974 13044 2195 8975 13045 2197 8976 13046 2162 8977 13047 2013 8978 13048 2132 8979 13049 2162 8977 13050 2132 8979 13051 2200 8980 13052 2200 8981 13053 2132 8982 13054 2135 8983 13055 2200 8981 13056 2135 8983 13057 2201 8984 13058 2202 8985 13059 2203 8986 13060 2204 8987 13061 2202 8985 13062 2204 8987 13063 2205 8988 13064 2205 8989 13065 2204 8990 13066 2206 8991 13067 2205 8989 13068 2206 8991 13069 2207 8992 13070 2207 8993 13071 2206 8994 13072 2208 8995 13073 2207 8993 13074 2208 8995 13075 2209 8996 13076 2209 8997 13077 2208 8998 13078 2210 8999 13079 2209 8997 13080 2210 8999 13081 2211 9000 13082 2212 9001 13083 2213 9002 13084 2202 9003 13085 2202 9003 13086 2213 9002 13087 2203 9004 13088 2214 9005 13089 2210 9006 13090 2208 9007 13091 2214 9005 13092 2208 9007 13093 2215 9008 13094 2215 9009 13095 2208 9010 13096 2206 9011 13097 2215 9009 13098 2206 9011 13099 2216 9012 13100 2216 9013 13101 2206 9014 13102 2204 9015 13103 2216 9013 13104 2204 9015 13105 2217 9016 13106 2217 9017 13107 2204 9018 13108 2203 9019 13109 2217 9017 13110 2203 9019 13111 2218 9020 13112 2219 9021 13113 2211 9022 13114 2220 9023 13115 2220 9023 13116 2211 9022 13117 2210 9024 13118 2220 9023 13119 2210 9024 13120 2221 9025 13121 2221 9025 13122 2210 9024 13123 2222 9026 13124 2222 9027 13125 2223 9027 13126 2221 9027 13127 2221 9028 13128 2223 9028 13129 2224 9028 13130 2221 9029 13131 2224 9030 13132 2220 9031 13133 2220 9032 13134 2224 9032 13135 2225 9032 13136 2226 9033 13137 2227 9034 13138 2225 9035 13139 2225 9036 13140 2227 9037 13141 2219 9038 13142 2225 9039 13143 2219 9040 13144 2220 9041 13145 2226 9042 13146 2144 9043 13147 2227 9044 13148 2227 9045 13149 2144 9045 13150 2143 9045 13151 2227 9046 13152 2143 9046 13153 2228 9046 13154 2190 9047 13155 2229 9047 13156 2138 9047 13157 2138 9048 13158 2229 9049 13159 2228 9050 13160 2138 9051 13161 2228 9052 13162 2010 9053 13163 2010 9054 13164 2228 9054 13165 2143 9054 13166 2223 9055 13167 2230 9056 13168 2151 9057 13169 2225 9058 13170 2145 9059 13171 2226 9060 13172 2226 9060 13173 2145 9059 13174 2144 9061 13175 2225 9058 13176 2224 9062 13177 2145 9059 13178 2145 9059 13179 2224 9062 13180 2223 9055 13181 2145 9059 13182 2223 9055 13183 2146 9063 13184 2146 9063 13185 2223 9055 13186 2151 9057 13187 2146 9063 13188 2151 9057 13189 2147 9064 13190 2230 9056 13191 2231 9065 13192 2151 9057 13193 2151 9057 13194 2231 9065 13195 2232 9066 13196 2151 9057 13197 2232 9066 13198 2152 9067 13199 2230 9068 13200 2233 9069 13201 2234 9070 13202 2230 9068 13203 2234 9070 13204 2231 9071 13205 2231 9072 13206 2234 9073 13207 2235 9074 13208 2231 9072 13209 2235 9074 13210 2232 9075 13211 2232 9076 13212 2235 9077 13213 2236 9078 13214 2232 9079 13215 2236 9080 13216 2152 9081 13217 2152 9082 13218 2236 9082 13219 2237 9082 13220 2152 9083 13221 2237 9083 13222 2153 9083 13223 2153 9084 13224 2237 9085 13225 2154 9086 13226 2154 9087 13227 2237 9087 13228 2238 9087 13229 2154 9088 13230 2238 9089 13231 2155 9090 13232 2239 9091 13233 2240 9092 13234 2241 9093 13235 2241 9093 13236 2240 9092 13237 2242 9094 13238 2243 9095 13239 2244 9096 13240 2233 9097 13241 2233 9097 13242 2244 9096 13243 2245 9098 13244 2233 9097 13245 2245 9098 13246 2246 9099 13247 2247 9100 13248 2248 9101 13249 2249 9102 13250 2247 9100 13251 2249 9102 13252 2250 9103 13253 2250 9104 13254 2249 9105 13255 2251 9106 13256 2250 9104 13257 2251 9106 13258 2252 9107 13259 2252 9108 13260 2251 9109 13261 2253 9110 13262 2252 9108 13263 2253 9110 13264 2254 9111 13265 2254 9112 13266 2253 9113 13267 2240 9114 13268 2254 9112 13269 2240 9114 13270 2239 9115 13271 2255 9116 13272 2238 9117 13273 2237 9118 13274 2233 9119 13275 2246 9119 13276 2234 9119 13277 2234 9120 13278 2246 9121 13279 2256 9122 13280 2255 9116 13281 2237 9118 13282 2257 9123 13283 2257 9124 13284 2237 9125 13285 2236 9126 13286 2257 9124 13287 2236 9126 13288 2258 9127 13289 2236 9128 13290 2235 9129 13291 2258 9130 13292 2258 9131 13293 2235 9132 13294 2234 9133 13295 2258 9131 13296 2234 9133 13297 2259 9134 13298 2259 9135 13299 2234 9136 13300 2256 9137 13301 2259 9138 13302 2256 9139 13303 2260 9140 13304 2261 9141 13305 2262 9142 13306 2255 9143 13307 2255 9143 13308 2262 9142 13309 2238 9144 13310 2155 9145 13311 2238 9146 13312 2157 9147 13313 2157 9147 13314 2238 9146 13315 2262 9148 13316 2158 9149 13317 2157 9150 13318 2159 9151 13319 2159 9152 13320 2157 9153 13321 2263 9154 13322 2159 9155 13323 2263 9156 13324 2264 9157 13325 2264 9158 13326 2263 9159 13327 2265 9160 13328 2266 9161 13329 2267 9162 13330 2268 9163 13331 2268 9164 13332 2267 9164 13333 2269 9164 13334 2268 9165 13335 2269 9166 13336 2263 9167 13337 2263 9168 13338 2269 9169 13339 2270 9170 13340 2263 9171 13341 2270 9172 13342 2265 9173 13343 2159 9174 13344 2264 9174 13345 2160 9174 13346 2160 9175 13347 2264 9176 13348 2265 9177 13349 2160 9178 13350 2265 9179 13351 2195 9180 13352 2195 9181 13353 2265 9182 13354 2270 9183 13355 2195 9184 13356 2270 9185 13357 2196 9186 13358 2269 9187 13359 2271 9187 13360 2270 9187 13361 2270 9188 13362 2271 9189 13363 2272 9190 13364 2270 9191 13365 2272 9191 13366 2196 9191 13367 2273 1 13368 2274 9192 13369 2275 9193 13370 2275 9193 13371 2274 9192 13372 2276 9194 13373 2275 9193 13374 2276 9194 13375 2277 9195 13376 2191 9196 13377 2192 9197 13378 2275 9193 13379 2275 9193 13380 2192 9197 13381 2193 1 13382 2275 9193 13383 2193 1 13384 2273 1 13385 2273 1 13386 2193 1 13387 2173 9198 13388 2273 1 13389 2173 9198 13390 2201 9199 13391 2201 9199 13392 2173 9198 13393 2174 9200 13394 2201 9199 13395 2174 9200 13396 2200 9201 13397 2200 9201 13398 2174 9200 13399 2172 9202 13400 2200 9201 13401 2172 9202 13402 2162 9203 13403 2162 9203 13404 2172 9202 13405 2163 1 13406 2163 1 13407 2172 9202 13408 2164 1 13409 2163 1 13410 2164 1 13411 2171 9204 13412 2171 9204 13413 2164 1 13414 2165 9205 13415 2171 9204 13416 2165 9205 13417 2166 9206 13418 2169 9207 13419 2170 9208 13420 2168 9209 13421 2168 9209 13422 2170 9208 13423 2171 9204 13424 2168 9209 13425 2171 9204 13426 2167 1 13427 2167 1 13428 2171 9204 13429 2166 9206 13430 2278 9210 13431 2229 9211 13432 2189 9212 13433 2189 9212 13434 2229 9211 13435 2190 9213 13436 2177 9214 13437 2176 9215 13438 2278 9210 13439 2183 9216 13440 2073 9217 13441 2066 9218 13442 2275 9219 13443 2278 9210 13444 2191 9220 13445 2191 9220 13446 2278 9210 13447 2176 9215 13448 2191 9220 13449 2176 9215 13450 2120 9221 13451 2120 9221 13452 2176 9215 13453 2127 9222 13454 2066 9218 13455 2177 9214 13456 2183 9216 13457 2183 9216 13458 2177 9214 13459 2278 9210 13460 2183 9216 13461 2278 9210 13462 2184 9223 13463 2184 9223 13464 2278 9210 13465 2189 9212 13466 2184 9223 13467 2189 9212 13468 2093 9224 13469 2093 9224 13470 2189 9212 13471 2100 9222 13472 2272 9225 13473 2271 9226 13474 2279 9227 13475 2279 9228 13476 2271 9229 13477 2280 9230 13478 2279 9231 13479 2280 9232 13480 2281 9233 13481 2272 9234 13482 2279 9235 13483 2196 9236 13484 2196 9237 13485 2279 9237 13486 2282 9238 13487 2196 9239 13488 2282 9240 13489 2197 9241 13490 2201 9242 13491 2135 9243 13492 2194 9244 13493 2201 9245 13494 2194 9246 13495 2273 9247 13496 2273 9248 13497 2194 9248 13498 2198 9248 13499 2273 9249 13500 2198 9250 13501 2274 9251 13502 2274 9252 13503 2198 9253 13504 2199 9254 13505 2274 9255 13506 2199 9256 13507 2276 9257 13508 2276 9258 13509 2199 9258 13510 2197 9258 13511 2276 9259 13512 2197 9259 13513 2277 9259 13514 2283 1 13515 2284 1 13516 2285 1 13517 2229 9260 13518 2278 9261 13519 2212 9262 13520 2228 9263 13521 2209 9264 13522 2227 9265 13523 2227 9265 13524 2209 9264 13525 2211 9266 13526 2227 9265 13527 2211 9266 13528 2219 9267 13529 2212 9262 13530 2278 9261 13531 2286 9268 13532 2286 9268 13533 2278 9261 13534 2287 9269 13535 2286 9268 13536 2287 9269 13537 2288 1 13538 2283 1 13539 2285 1 13540 2287 9269 13541 2287 9269 13542 2285 1 13543 2289 1 13544 2287 9269 13545 2289 1 13546 2288 1 13547 2212 9262 13548 2202 9270 13549 2229 9260 13550 2229 9260 13551 2202 9270 13552 2205 9271 13553 2229 9260 13554 2205 9271 13555 2228 9263 13556 2228 9263 13557 2205 9271 13558 2207 9272 13559 2228 9263 13560 2207 9272 13561 2209 9264 13562 2285 9273 13563 2290 9274 13564 2291 9275 13565 2285 9273 13566 2291 9275 13567 2289 9276 13568 2289 9277 13569 2291 9278 13570 2292 9279 13571 2289 9277 13572 2292 9279 13573 2288 9280 13574 2288 9281 13575 2292 9282 13576 2293 9283 13577 2288 9281 13578 2293 9283 13579 2286 9284 13580 2286 9285 13581 2293 9286 13582 2213 9287 13583 2286 9285 13584 2213 9287 13585 2212 9288 13586 2213 9289 13587 2294 9290 13588 2203 9291 13589 2203 9291 13590 2294 9290 13591 2218 9292 13592 2294 9293 13593 2295 9294 13594 2218 9295 13595 2218 9295 13596 2295 9294 13597 2296 9296 13598 2297 9297 13599 2214 9298 13600 2215 9299 13601 2297 9297 13602 2215 9299 13603 2298 9300 13604 2298 9301 13605 2215 9302 13606 2216 9303 13607 2298 9301 13608 2216 9303 13609 2299 9304 13610 2299 9305 13611 2216 9306 13612 2217 9307 13613 2299 9305 13614 2217 9307 13615 2300 9308 13616 2300 9309 13617 2217 9310 13618 2218 9311 13619 2300 9309 13620 2218 9311 13621 2296 9312 13622 2295 9313 13623 2294 9314 13624 2301 9315 13625 2295 9313 13626 2301 9315 13627 2302 9316 13628 2302 9317 13629 2301 9318 13630 2303 9319 13631 2302 9317 13632 2303 9319 13633 2304 9320 13634 2304 9321 13635 2303 9322 13636 2305 9323 13637 2304 9321 13638 2305 9323 13639 2306 9324 13640 2306 9325 13641 2305 9326 13642 2307 9327 13643 2306 9325 13644 2307 9327 13645 2308 9328 13646 2309 9329 13647 2310 9330 13648 2214 9331 13649 2297 9332 13650 2311 9333 13651 2214 9331 13652 2214 9331 13653 2311 9333 13654 2312 9334 13655 2214 9331 13656 2312 9334 13657 2309 9329 13658 2230 9335 13659 2223 9336 13660 2222 9337 13661 2242 9338 13662 2240 9339 13663 2310 9340 13664 2310 9340 13665 2240 9339 13666 2243 9341 13667 2210 9342 13668 2214 9343 13669 2222 9337 13670 2222 9337 13671 2214 9343 13672 2310 9340 13673 2222 9337 13674 2310 9340 13675 2230 9335 13676 2230 9335 13677 2310 9340 13678 2243 9341 13679 2230 9335 13680 2243 9341 13681 2233 9344 13682 2241 9345 13683 2242 9346 13684 2313 9347 13685 2241 9345 13686 2313 9347 13687 2314 9348 13688 2314 9349 13689 2313 9350 13690 2315 9351 13691 2314 9349 13692 2315 9351 13693 2316 9352 13694 2316 9353 13695 2315 9354 13696 2317 9355 13697 2316 9353 13698 2317 9355 13699 2318 9356 13700 2318 9357 13701 2317 9358 13702 2319 9359 13703 2318 9357 13704 2319 9359 13705 2320 9360 13706 2321 9361 13707 2322 9362 13708 2323 9363 13709 2324 9364 13710 2325 9365 13711 2321 9366 13712 2326 9367 13713 2327 9368 13714 2321 9367 13715 2328 9369 13716 2329 9370 13717 2321 9370 13718 2330 9371 13719 2331 9372 13720 2321 9373 13721 2321 9374 13722 2332 9374 13723 2333 9375 13724 2334 9376 13725 2332 9377 13726 2321 9378 13727 2331 9379 13728 2334 9379 13729 2321 9379 13730 2329 9380 13731 2330 9381 13732 2321 9382 13733 2327 9383 13734 2328 9383 13735 2321 9383 13736 2325 9384 13737 2326 9385 13738 2321 9386 13739 2323 9387 13740 2324 9388 13741 2321 9389 13742 2321 9390 13743 2333 9390 13744 2335 9390 13745 2321 9391 13746 2336 9391 13747 2337 9392 13748 2338 9393 13749 2336 9394 13750 2321 9395 13751 2335 9396 13752 2338 9397 13753 2321 9398 13754 2321 9399 13755 2339 9400 13756 2322 9401 13757 2340 9402 13758 2339 9402 13759 2321 9402 13760 2337 9403 13761 2340 9403 13762 2321 9403 13763 2341 1354 13764 2342 1354 13765 2247 9404 13766 2341 1354 13767 2247 9404 13768 2343 1354 13769 2252 9405 13770 2254 9406 13771 2239 9407 13772 2343 1354 13773 2239 9407 13774 2344 9408 13775 2344 9408 13776 2239 9407 13777 2241 9409 13778 2343 1354 13779 2247 9404 13780 2239 9407 13781 2239 9407 13782 2247 9404 13783 2250 9410 13784 2239 9407 13785 2250 9410 13786 2252 9405 13787 2241 9409 13788 2314 9411 13789 2316 9412 13790 2345 1354 13791 2344 9408 13792 2320 1354 13793 2320 1354 13794 2344 9408 13795 2241 9409 13796 2320 1354 13797 2241 9409 13798 2318 1354 13799 2318 1354 13800 2241 9409 13801 2316 9412 13802 2346 9413 13803 2248 9414 13804 2347 9415 13805 2347 9415 13806 2248 9414 13807 2348 9416 13808 2247 9417 13809 2342 9418 13810 2248 9414 13811 2248 9414 13812 2342 9418 13813 2349 9419 13814 2248 9414 13815 2349 9419 13816 2348 9416 13817 2243 9420 13818 2240 9420 13819 2244 9420 13820 2244 9421 13821 2240 9421 13822 2253 9421 13823 2350 9422 13824 2260 9422 13825 2253 9422 13826 2253 9423 13827 2260 9424 13828 2256 9425 13829 2256 9426 13830 2246 9427 13831 2253 9428 13832 2253 9429 13833 2246 9430 13834 2245 9431 13835 2253 9432 13836 2245 9433 13837 2244 9434 13838 2253 9435 13839 2251 9435 13840 2350 9435 13841 2350 9436 13842 2251 9437 13843 2249 9438 13844 2350 9436 13845 2249 9438 13846 2351 9439 13847 2351 9440 13848 2249 9441 13849 2248 9442 13850 2351 9440 13851 2248 9442 13852 2352 9443 13853 2353 1354 13854 2354 1354 13855 2355 1354 13856 2352 9444 13857 2257 9445 13858 2351 1354 13859 2351 1354 13860 2257 9445 13861 2258 1354 13862 2351 1354 13863 2258 1354 13864 2350 9446 13865 2350 9446 13866 2258 1354 13867 2259 9447 13868 2350 9446 13869 2259 9447 13870 2260 9448 13871 2356 9449 13872 2261 9450 13873 2352 9444 13874 2352 9444 13875 2261 9450 13876 2255 9451 13877 2352 9444 13878 2255 9451 13879 2257 9445 13880 2353 1354 13881 2355 1354 13882 2357 9452 13883 2357 9452 13884 2355 1354 13885 2358 9453 13886 2357 9452 13887 2358 9453 13888 2356 9449 13889 2356 9449 13890 2358 9453 13891 2359 9454 13892 2356 9449 13893 2359 9454 13894 2261 9450 13895 2360 9455 13896 2361 9456 13897 2362 9457 13898 2362 9458 13899 2361 9458 13900 2363 9458 13901 2362 9459 13902 2363 9460 13903 2354 9461 13904 2354 9462 13905 2363 9463 13906 2355 9464 13907 2355 9465 13908 2363 9466 13909 2364 9467 13910 2355 9465 13911 2364 9467 13912 2358 9468 13913 2358 9469 13914 2364 9470 13915 2365 9471 13916 2358 9469 13917 2365 9471 13918 2359 9472 13919 2359 9473 13920 2365 9474 13921 2262 9475 13922 2359 9473 13923 2262 9475 13924 2261 9476 13925 2360 9455 13926 2366 9477 13927 2361 9456 13928 2361 9456 13929 2366 9477 13930 2367 9478 13931 2361 9456 13932 2367 9478 13933 2368 9479 13934 2369 9480 13935 2266 9480 13936 2364 9480 13937 2364 9481 13938 2266 9482 13939 2365 9483 13940 2363 9484 13941 2361 9484 13942 2370 9484 13943 2370 9485 13944 2371 9486 13945 2363 9487 13946 2363 9488 13947 2371 9489 13948 2372 9490 13949 2363 9491 13950 2372 9492 13951 2364 9493 13952 2364 9494 13953 2372 9494 13954 2373 9494 13955 2364 9495 13956 2373 9496 13957 2369 9497 13958 2157 9498 13959 2262 9499 13960 2263 9500 13961 2263 9501 13962 2262 9502 13963 2365 9503 13964 2263 9504 13965 2365 9505 13966 2268 9506 13967 2268 9507 13968 2365 9507 13969 2266 9507 13970 2271 9508 13971 2269 9509 13972 2267 9510 13973 2267 9510 13974 2266 9511 13975 2369 9512 13976 2271 9508 13977 2267 9510 13978 2280 9513 13979 2280 9513 13980 2267 9510 13981 2374 9514 13982 2280 9513 13983 2374 9514 13984 2281 9515 13985 2369 9512 13986 2373 9516 13987 2267 9510 13988 2267 9510 13989 2373 9516 13990 2372 9517 13991 2267 9510 13992 2372 9517 13993 2371 9518 13994 2375 9519 13995 2374 9514 13996 2376 9520 13997 2376 9520 13998 2374 9514 13999 2267 9510 14000 2376 9520 14001 2267 9510 14002 2370 9521 14003 2370 9521 14004 2267 9510 14005 2371 9518 14006 2197 9522 14007 2282 9523 14008 2277 9524 14009 2277 9524 14010 2282 9523 14011 2287 9525 14012 2277 9526 14013 2287 9526 14014 2275 9526 14015 2275 9527 14016 2287 9527 14017 2278 9527 14018 2282 9528 14019 2279 9529 14020 2287 9530 14021 2287 9531 14022 2279 9531 14023 2281 9531 14024 2287 9532 14025 2281 9532 14026 2283 9532 14027 2283 9533 14028 2281 9534 14029 2374 9535 14030 2283 9536 14031 2374 9536 14032 2284 9536 14033 2284 9537 14034 2374 9537 14035 2375 9537 14036 2284 9538 14037 2375 9539 14038 2377 9540 14039 2377 9541 14040 2375 9541 14041 2378 9541 14042 2378 9542 14043 2375 9542 14044 2376 9542 14045 2378 9543 14046 2376 9543 14047 2379 9543 14048 2378 9544 14049 2379 9545 14050 2290 9546 14051 2285 9547 14052 2284 9548 14053 2290 9546 14054 2290 9546 14055 2284 9548 14056 2377 9549 14057 2290 9546 14058 2377 9549 14059 2378 9544 14060 2294 9550 14061 2213 9551 14062 2293 9552 14063 2294 9550 14064 2293 9552 14065 2301 9553 14066 2301 9554 14067 2293 9555 14068 2292 9556 14069 2301 9554 14070 2292 9556 14071 2303 9557 14072 2303 9558 14073 2292 9559 14074 2291 9560 14075 2303 9558 14076 2291 9560 14077 2305 9561 14078 2305 9562 14079 2291 9563 14080 2290 9564 14081 2305 9562 14082 2290 9564 14083 2307 9565 14084 2380 9566 14085 2308 9567 14086 2381 9568 14087 2381 9568 14088 2308 9567 14089 2307 9569 14090 2381 9568 14091 2307 9569 14092 2382 9570 14093 2382 9570 14094 2307 9569 14095 2383 9571 14096 2384 9572 14097 2385 9573 14098 2386 9574 14099 2386 9574 14100 2385 9573 14101 2387 9575 14102 2386 9574 14103 2387 9575 14104 2388 9576 14105 2389 9577 14106 2390 9578 14107 2391 9579 14108 2391 9579 14109 2390 9578 14110 2385 9573 14111 2391 9579 14112 2385 9573 14113 2392 9580 14114 2392 9580 14115 2385 9573 14116 2384 9572 14117 2393 9581 14118 2394 9582 14119 2395 9583 14120 2395 9583 14121 2396 9584 14122 2393 9581 14123 2393 9581 14124 2396 9584 14125 2397 9585 14126 2393 9581 14127 2397 9585 14128 2387 9575 14129 2387 9575 14130 2397 9585 14131 2398 9586 14132 2387 9575 14133 2398 9586 14134 2388 9576 14135 2399 1354 14136 2400 9587 14137 2401 9588 14138 2401 9588 14139 2400 9587 14140 2398 9586 14141 2401 9588 14142 2398 9586 14143 2402 9589 14144 2402 9589 14145 2398 9586 14146 2397 9585 14147 2403 9590 14148 2311 1354 14149 2297 9591 14150 2404 9592 14151 2405 9593 14152 2296 1354 14153 2406 9594 14154 2306 1354 14155 2407 1354 14156 2407 1354 14157 2306 1354 14158 2308 1354 14159 2407 1354 14160 2308 1354 14161 2380 1354 14162 2296 1354 14163 2405 9593 14164 2300 9595 14165 2300 9595 14166 2405 9593 14167 2408 9596 14168 2300 9595 14169 2408 9596 14170 2299 1354 14171 2403 9590 14172 2297 9591 14173 2408 9596 14174 2408 9596 14175 2297 9591 14176 2298 1354 14177 2408 9596 14178 2298 1354 14179 2299 1354 14180 2296 1354 14181 2295 1354 14182 2404 9592 14183 2404 9592 14184 2295 1354 14185 2302 9597 14186 2404 9592 14187 2302 9597 14188 2406 9594 14189 2406 9594 14190 2302 9597 14191 2304 9598 14192 2406 9594 14193 2304 9598 14194 2306 1354 14195 2405 9599 14196 2319 9018 14197 2317 9600 14198 2405 9599 14199 2317 9600 14200 2408 9601 14201 2408 9602 14202 2317 9603 14203 2315 9604 14204 2408 9602 14205 2315 9604 14206 2403 9605 14207 2403 9606 14208 2315 9606 14209 2311 9606 14210 2311 9607 14211 2315 9608 14212 2313 9609 14213 2311 9610 14214 2313 9611 14215 2312 9612 14216 2312 9613 14217 2313 9614 14218 2309 9615 14219 2309 9616 14220 2313 9617 14221 2242 9618 14222 2309 9619 14223 2242 9619 14224 2310 9619 14225 2345 9620 14226 2320 9621 14227 2409 9622 14228 2409 9622 14229 2320 9621 14230 2319 9623 14231 2409 9622 14232 2319 9623 14233 2410 9624 14234 2410 9624 14235 2319 9623 14236 2411 9625 14237 2322 9626 14238 2412 9627 14239 2323 9628 14240 2323 9629 14241 2412 9630 14242 2413 9631 14243 2323 9632 14244 2413 9633 14245 2324 9634 14246 2324 9635 14247 2413 9635 14248 2325 9635 14249 2325 9636 14250 2413 9637 14251 2414 9638 14252 2325 9639 14253 2414 9640 14254 2326 9641 14255 2326 9642 14256 2414 9643 14257 2327 9644 14258 2327 9645 14259 2414 9646 14260 2415 9647 14261 2327 9648 14262 2415 9648 14263 2328 9648 14264 2416 9649 14265 2330 9650 14266 2415 9651 14267 2415 9652 14268 2330 9653 14269 2329 9654 14270 2415 9655 14271 2329 9656 14272 2328 9657 14273 2417 9658 14274 2418 9658 14275 2333 9658 14276 2333 9659 14277 2332 9660 14278 2417 9661 14279 2417 9662 14280 2332 9663 14281 2334 9664 14282 2417 9665 14283 2334 9665 14284 2416 9665 14285 2416 9666 14286 2334 9667 14287 2331 9668 14288 2416 9669 14289 2331 9670 14290 2330 9671 14291 2333 9672 14292 2418 9673 14293 2419 9674 14294 2333 9672 14295 2419 9674 14296 2335 9675 14297 2335 9676 14298 2419 9677 14299 2420 9678 14300 2335 9676 14301 2420 9678 14302 2338 9679 14303 2338 9680 14304 2420 9681 14305 2421 9682 14306 2338 9680 14307 2421 9682 14308 2336 9683 14309 2336 9684 14310 2421 9685 14311 2422 9686 14312 2336 9684 14313 2422 9686 14314 2337 9687 14315 2337 9688 14316 2422 9689 14317 2423 9690 14318 2337 9688 14319 2423 9690 14320 2340 9691 14321 2340 9692 14322 2423 9692 14323 2424 9692 14324 2340 9693 14325 2424 9693 14326 2339 9693 14327 2339 9694 14328 2424 9695 14329 2412 9696 14330 2339 9694 14331 2412 9696 14332 2322 9697 14333 2389 9698 14334 2425 9698 14335 2426 9698 14336 2389 9698 14337 2426 9698 14338 2390 9698 14339 2390 9699 14340 2426 9700 14341 2427 9701 14342 2390 9699 14343 2427 9701 14344 2385 9702 14345 2385 9703 14346 2427 9704 14347 2428 9705 14348 2385 9703 14349 2428 9705 14350 2387 9706 14351 2429 9707 14352 2393 9708 14353 2428 9709 14354 2428 9709 14355 2393 9708 14356 2387 9710 14357 2393 9711 14358 2429 9712 14359 2430 9713 14360 2393 9711 14361 2430 9713 14362 2394 9714 14363 2394 9715 14364 2430 9716 14365 2431 9717 14366 2394 9715 14367 2431 9717 14368 2395 9718 14369 2395 9719 14370 2431 9720 14371 2432 9721 14372 2395 9719 14373 2432 9721 14374 2396 9722 14375 2396 9723 14376 2432 9724 14377 2433 9725 14378 2396 9723 14379 2433 9725 14380 2397 9726 14381 2434 9727 14382 2402 9728 14383 2433 9729 14384 2433 9729 14385 2402 9728 14386 2397 9730 14387 2435 9731 14388 2398 9732 14389 2436 9733 14390 2436 9733 14391 2398 9732 14392 2400 9734 14393 2436 9735 14394 2400 9736 14395 2437 9737 14396 2437 9737 14397 2400 9736 14398 2399 9738 14399 2437 9739 14400 2399 9740 14401 2438 9741 14402 2438 9741 14403 2399 9740 14404 2401 9742 14405 2438 9743 14406 2401 9744 14407 2434 9745 14408 2434 9745 14409 2401 9744 14410 2402 9746 14411 2439 9747 14412 2388 9748 14413 2435 9749 14414 2435 9749 14415 2388 9748 14416 2398 9750 14417 2440 9751 14418 2391 9752 14419 2392 9753 14420 2440 9751 14421 2392 9753 14422 2441 9754 14423 2441 9755 14424 2392 9756 14425 2384 9757 14426 2441 9755 14427 2384 9757 14428 2442 9758 14429 2442 9759 14430 2384 9760 14431 2386 9761 14432 2442 9759 14433 2386 9761 14434 2443 9762 14435 2443 9763 14436 2386 9764 14437 2388 9765 14438 2443 9763 14439 2388 9765 14440 2439 9766 14441 2411 9767 14442 2444 9768 14443 2410 9769 14444 2410 9770 14445 2444 9770 14446 2445 9770 14447 2410 9771 14448 2445 9772 14449 2409 9773 14450 2445 9774 14451 2446 9775 14452 2409 9776 14453 2409 9777 14454 2446 9777 14455 2447 9777 14456 2409 9778 14457 2447 9779 14458 2345 9780 14459 2448 9781 14460 2344 9782 14461 2449 9783 14462 2449 9784 14463 2344 9785 14464 2345 9786 14465 2449 9787 14466 2345 9788 14467 2450 9789 14468 2450 9790 14469 2345 9791 14470 2447 9792 14471 2451 9793 14472 2343 9794 14473 2448 9795 14474 2448 9795 14475 2343 9794 14476 2344 9796 14477 2341 9797 14478 2343 9798 14479 2452 9799 14480 2452 9799 14481 2343 9798 14482 2451 9800 14483 2341 9801 14484 2452 9802 14485 2342 9803 14486 2342 9804 14487 2452 9805 14488 2453 9806 14489 2342 9807 14490 2453 9807 14491 2349 9807 14492 2349 9808 14493 2453 9809 14494 2454 9810 14495 2349 9808 14496 2454 9810 14497 2348 9811 14498 2348 9812 14499 2454 9813 14500 2347 9814 14501 2347 9815 14502 2454 9816 14503 2455 9817 14504 2347 9818 14505 2455 9819 14506 2346 9820 14507 2352 9821 14508 2248 9822 14509 2346 9823 14510 2455 9824 14511 2456 9825 14512 2346 9823 14513 2346 9823 14514 2456 9825 14515 2356 9826 14516 2346 9823 14517 2356 9826 14518 2352 9821 14519 2457 9827 14520 2357 9828 14521 2458 9829 14522 2458 9830 14523 2357 9831 14524 2356 9832 14525 2458 9830 14526 2356 9832 14527 2456 9833 14528 2459 9834 14529 2366 9835 14530 2360 9836 14531 2360 9837 14532 2362 9838 14533 2459 9839 14534 2459 9840 14535 2362 9841 14536 2354 9842 14537 2459 9843 14538 2354 9844 14539 2457 9845 14540 2457 9846 14541 2354 9847 14542 2353 9848 14543 2457 9827 14544 2353 9849 14545 2357 9828 14546 2366 9850 14547 2459 9851 14548 2367 9852 14549 2367 9853 14550 2459 9854 14551 2460 9855 14552 2367 9856 14553 2460 9857 14554 2368 9858 14555 2370 9859 14556 2361 9860 14557 2368 9861 14558 2307 9862 14559 2290 9863 14560 2383 9864 14561 2383 9864 14562 2290 9863 14563 2379 9865 14564 2460 9866 14565 2461 9867 14566 2368 9861 14567 2368 9861 14568 2461 9867 14569 2383 9864 14570 2368 9861 14571 2383 9864 14572 2370 9859 14573 2370 9859 14574 2383 9864 14575 2379 9865 14576 2370 9859 14577 2379 9865 14578 2376 9868 14579 2383 9869 14580 2461 9869 14581 2382 9869 14582 2382 9870 14583 2461 9871 14584 2462 9872 14585 2407 9873 14586 2380 9873 14587 2462 9873 14588 2462 9874 14589 2380 9874 14590 2381 9874 14591 2462 9875 14592 2381 9876 14593 2382 9877 14594 2462 9878 14595 2463 9878 14596 2407 9878 14597 2407 9879 14598 2463 9880 14599 2464 9881 14600 2407 9879 14601 2464 9881 14602 2406 9882 14603 2406 9883 14604 2464 9884 14605 2465 9885 14606 2406 9883 14607 2465 9885 14608 2404 9886 14609 2465 9887 14610 2425 9888 14611 2404 9889 14612 2404 9889 14613 2425 9888 14614 2389 9890 14615 2440 9891 14616 2444 9892 14617 2391 9893 14618 2391 9893 14619 2444 9892 14620 2411 9894 14621 2319 9895 14622 2405 9896 14623 2411 9894 14624 2411 9894 14625 2405 9896 14626 2404 9889 14627 2411 9894 14628 2404 9889 14629 2391 9893 14630 2391 9893 14631 2404 9889 14632 2389 9890 14633 2466 9897 14634 2467 9898 14635 2468 9899 14636 2466 9900 14637 2469 9901 14638 2470 9902 14639 2471 9903 14640 2469 9903 14641 2466 9903 14642 2468 9904 14643 2471 9904 14644 2466 9905 14645 2466 9906 14646 2472 9906 14647 2473 9906 14648 2474 9907 14649 2472 9907 14650 2466 9908 14651 2470 9909 14652 2474 9910 14653 2466 9911 14654 2412 9912 14655 2475 9913 14656 2413 9914 14657 2413 9914 14658 2475 9913 14659 2476 9915 14660 2413 9916 14661 2476 9917 14662 2414 9918 14663 2414 9918 14664 2476 9917 14665 2477 9919 14666 2414 9920 14667 2477 9921 14668 2415 9922 14669 2415 9922 14670 2477 9921 14671 2478 9923 14672 2415 9924 14673 2478 9925 14674 2416 9926 14675 2416 9926 14676 2478 9925 14677 2479 9927 14678 2416 9928 14679 2479 9929 14680 2417 9930 14681 2417 9930 14682 2479 9929 14683 2480 9931 14684 2417 9932 14685 2480 9933 14686 2418 9934 14687 2418 9934 14688 2480 9933 14689 2481 9935 14690 2418 9936 14691 2481 9937 14692 2419 9938 14693 2419 9938 14694 2481 9937 14695 2482 9939 14696 2419 9940 14697 2482 9941 14698 2420 9942 14699 2420 9942 14700 2482 9941 14701 2483 9943 14702 2420 9944 14703 2483 9945 14704 2421 9946 14705 2421 9946 14706 2483 9945 14707 2484 9947 14708 2421 9948 14709 2484 9949 14710 2422 9950 14711 2422 9950 14712 2484 9949 14713 2485 9951 14714 2422 9952 14715 2485 9953 14716 2423 9954 14717 2423 9954 14718 2485 9953 14719 2486 9955 14720 2423 9956 14721 2486 9957 14722 2424 9958 14723 2424 9958 14724 2486 9957 14725 2487 9959 14726 2424 9960 14727 2487 9961 14728 2412 9962 14729 2412 9962 14730 2487 9961 14731 2475 9963 14732 2488 9964 14733 2428 9965 14734 2427 9966 14735 2488 9964 14736 2427 9966 14737 2489 9967 14738 2489 9968 14739 2427 9969 14740 2426 9970 14741 2489 9968 14742 2426 9970 14743 2490 9971 14744 2490 9972 14745 2426 9973 14746 2425 9974 14747 2490 9972 14748 2425 9974 14749 2491 9975 14750 2492 9976 14751 2429 9977 14752 2488 9978 14753 2488 9978 14754 2429 9977 14755 2428 9979 14756 2429 9980 14757 2492 9981 14758 2430 9982 14759 2430 9982 14760 2492 9981 14761 2493 9983 14762 2430 9984 14763 2493 9985 14764 2431 9986 14765 2431 9986 14766 2493 9985 14767 2494 9987 14768 2431 9988 14769 2494 9989 14770 2432 9990 14771 2432 9990 14772 2494 9989 14773 2495 9991 14774 2432 9992 14775 2495 9993 14776 2433 9994 14777 2433 9994 14778 2495 9993 14779 2496 9995 14780 2433 9996 14781 2496 9997 14782 2434 9998 14783 2434 9998 14784 2496 9997 14785 2497 9999 14786 2434 10000 14787 2497 10001 14788 2438 10002 14789 2438 10002 14790 2497 10001 14791 2498 10003 14792 2438 10004 14793 2498 10005 14794 2437 10006 14795 2437 10006 14796 2498 10005 14797 2499 10007 14798 2437 10008 14799 2499 10009 14800 2436 10010 14801 2436 10010 14802 2499 10009 14803 2500 10011 14804 2436 10012 14805 2500 10013 14806 2435 10014 14807 2435 10014 14808 2500 10013 14809 2501 10015 14810 2435 10016 14811 2501 10017 14812 2439 10018 14813 2439 10018 14814 2501 10017 14815 2502 10019 14816 2503 10020 14817 2440 10021 14818 2441 10022 14819 2503 10020 14820 2441 10022 14821 2504 10023 14822 2504 10024 14823 2441 10025 14824 2442 10026 14825 2504 10024 14826 2442 10026 14827 2505 10027 14828 2505 10028 14829 2442 10029 14830 2443 10030 14831 2505 10028 14832 2443 10030 14833 2506 10031 14834 2506 10032 14835 2443 10033 14836 2439 10034 14837 2506 10032 14838 2439 10034 14839 2502 10035 14840 2440 10036 14841 2503 10037 14842 2444 10038 14843 2444 10038 14844 2503 10037 14845 2507 10039 14846 2508 10040 14847 2448 10041 14848 2449 10042 14849 2508 10040 14850 2449 10042 14851 2509 10043 14852 2509 10044 14853 2449 10045 14854 2450 10046 14855 2509 10047 14856 2450 10048 14857 2510 10049 14858 2450 10050 14859 2447 10050 14860 2510 10051 14861 2510 10052 14862 2447 10052 14863 2446 10052 14864 2510 10053 14865 2446 10054 14866 2511 10054 14867 2446 10055 14868 2445 10056 14869 2511 10057 14870 2511 10058 14871 2445 10059 14872 2444 10060 14873 2511 10058 14874 2444 10060 14875 2507 10061 14876 2512 10062 14877 2451 10063 14878 2508 10064 14879 2508 10064 14880 2451 10063 14881 2448 10065 14882 2513 10066 14883 2455 10067 14884 2454 10068 14885 2513 10066 14886 2454 10068 14887 2514 10069 14888 2514 10070 14889 2454 10071 14890 2453 10072 14891 2514 10070 14892 2453 10072 14893 2515 10073 14894 2515 10074 14895 2453 10075 14896 2452 10076 14897 2515 10074 14898 2452 10076 14899 2516 10077 14900 2516 10078 14901 2452 10079 14902 2451 10080 14903 2516 10078 14904 2451 10080 14905 2512 10081 14906 2517 10082 14907 2456 10083 14908 2513 10084 14909 2513 10084 14910 2456 10083 14911 2455 10085 14912 2518 10086 14913 2460 10087 14914 2459 10088 14915 2518 10086 14916 2459 10088 14917 2519 10089 14918 2519 10090 14919 2459 10091 14920 2457 10092 14921 2519 10090 14922 2457 10092 14923 2520 10093 14924 2520 10094 14925 2457 10095 14926 2458 10096 14927 2520 10094 14928 2458 10096 14929 2521 10097 14930 2521 10098 14931 2458 10099 14932 2456 10100 14933 2521 10098 14934 2456 10100 14935 2517 10101 14936 2522 10102 14937 2461 10103 14938 2518 10104 14939 2518 10104 14940 2461 10103 14941 2460 10105 14942 2523 10106 14943 2465 10107 14944 2464 10108 14945 2523 10106 14946 2464 10108 14947 2524 10109 14948 2524 10110 14949 2464 10111 14950 2463 10112 14951 2524 10110 14952 2463 10112 14953 2525 10113 14954 2525 10114 14955 2463 10115 14956 2462 10116 14957 2525 10114 14958 2462 10116 14959 2526 10117 14960 2526 10118 14961 2462 10119 14962 2461 10120 14963 2526 10118 14964 2461 10120 14965 2522 10121 14966 2491 10122 14967 2425 10123 14968 2523 10124 14969 2523 10124 14970 2425 10123 14971 2465 10125 14972 2467 10126 14973 2527 10127 14974 2528 10128 14975 2467 10126 14976 2528 10128 14977 2468 10129 14978 2468 10130 14979 2528 10131 14980 2529 10132 14981 2468 10130 14982 2529 10132 14983 2471 10133 14984 2471 10134 14985 2529 10135 14986 2530 10136 14987 2471 10134 14988 2530 10136 14989 2469 10137 14990 2469 10138 14991 2530 10139 14992 2531 10140 14993 2469 10138 14994 2531 10140 14995 2470 10141 14996 2470 10142 14997 2531 10143 14998 2532 10144 14999 2470 10142 15000 2532 10144 15001 2474 10145 15002 2474 10146 15003 2532 10147 15004 2533 10148 15005 2474 10146 15006 2533 10148 15007 2472 10149 15008 2472 10150 15009 2533 10151 15010 2534 10152 15011 2472 10150 15012 2534 10152 15013 2473 10153 15014 2466 10154 15015 2473 10154 15016 2535 10154 15017 2536 10155 15018 2537 10155 15019 2466 10155 15020 2538 10156 15021 2539 10156 15022 2466 10157 15023 2540 10158 15024 2541 10159 15025 2466 10160 15026 2542 10161 15027 2543 10162 15028 2466 10163 15029 2466 10164 15030 2544 10164 15031 2467 10164 15032 2545 10165 15033 2544 10166 15034 2466 10167 15035 2543 10168 15036 2545 10168 15037 2466 10168 15038 2541 10169 15039 2542 10169 15040 2466 10170 15041 2539 10171 15042 2540 10171 15043 2466 10171 15044 2537 10172 15045 2538 10172 15046 2466 10172 15047 2535 10173 15048 2536 10174 15049 2466 10175 15050 2508 10176 15051 2509 10177 15052 2546 10178 15053 2509 10177 15054 2510 10179 15055 2546 10178 15056 2546 10178 15057 2510 10179 15058 2511 10180 15059 2546 10178 15060 2511 10180 15061 2547 10181 15062 2547 10181 15063 2511 10180 15064 2507 10182 15065 2547 10181 15066 2507 10182 15067 2548 10183 15068 2548 10183 15069 2507 10182 15070 2503 10184 15071 2479 10185 15072 2478 10186 15073 2524 10187 15074 2489 1354 15075 2490 10188 15076 2477 10189 15077 2477 10189 15078 2490 10188 15079 2491 10190 15080 2477 10189 15081 2491 10190 15082 2478 10186 15083 2478 10186 15084 2491 10190 15085 2523 10191 15086 2478 10186 15087 2523 10191 15088 2524 10187 15089 2489 1354 15090 2477 10189 15091 2488 10192 15092 2488 10192 15093 2477 10189 15094 2476 10193 15095 2488 10192 15096 2476 10193 15097 2492 1354 15098 2549 10194 15099 2550 10195 15100 2501 10196 15101 2501 10196 15102 2550 10195 15103 2502 1354 15104 2524 10187 15105 2525 10197 15106 2479 10185 15107 2479 10185 15108 2525 10197 15109 2526 1354 15110 2479 10185 15111 2526 1354 15112 2480 10198 15113 2480 10198 15114 2526 1354 15115 2522 10199 15116 2480 10198 15117 2522 10199 15118 2481 10200 15119 2502 1354 15120 2550 10195 15121 2506 10201 15122 2506 10201 15123 2550 10195 15124 2548 10183 15125 2506 10201 15126 2548 10183 15127 2505 10202 15128 2505 10202 15129 2548 10183 15130 2503 10184 15131 2505 10202 15132 2503 10184 15133 2504 10203 15134 2546 10178 15135 2551 10204 15136 2508 10176 15137 2508 10176 15138 2551 10204 15139 2552 10205 15140 2508 10176 15141 2552 10205 15142 2512 10206 15143 2493 10207 15144 2487 1354 15145 2486 10208 15146 2483 10209 15147 2520 10210 15148 2484 10211 15149 2484 10211 15150 2520 10210 15151 2521 10212 15152 2484 10211 15153 2521 10212 15154 2485 1354 15155 2552 10205 15156 2553 10213 15157 2512 10206 15158 2512 10206 15159 2553 10213 15160 2554 10214 15161 2512 10206 15162 2554 10214 15163 2516 10215 15164 2516 10215 15165 2554 10214 15166 2555 10216 15167 2516 10215 15168 2555 10216 15169 2515 1354 15170 2515 1354 15171 2555 10216 15172 2514 1354 15173 2492 1354 15174 2476 10193 15175 2493 10207 15176 2493 10207 15177 2476 10193 15178 2475 10217 15179 2493 10207 15180 2475 10217 15181 2487 1354 15182 2481 10200 15183 2522 10199 15184 2482 10218 15185 2482 10218 15186 2522 10199 15187 2518 10219 15188 2482 10218 15189 2518 10219 15190 2483 10209 15191 2483 10209 15192 2518 10219 15193 2519 1354 15194 2483 10209 15195 2519 1354 15196 2520 10210 15197 2500 10220 15198 2556 10221 15199 2501 10196 15200 2501 10196 15201 2556 10221 15202 2557 10222 15203 2501 10196 15204 2557 10222 15205 2549 10194 15206 2514 1354 15207 2555 10216 15208 2513 10223 15209 2513 10223 15210 2555 10216 15211 2558 10224 15212 2513 10223 15213 2558 10224 15214 2556 10221 15215 2521 10212 15216 2517 10225 15217 2485 1354 15218 2485 1354 15219 2517 10225 15220 2495 10226 15221 2485 1354 15222 2495 10226 15223 2486 10208 15224 2486 10208 15225 2495 10226 15226 2494 10227 15227 2486 10208 15228 2494 10227 15229 2493 10207 15230 2500 10220 15231 2499 10228 15232 2556 10221 15233 2556 10221 15234 2499 10228 15235 2498 10229 15236 2556 10221 15237 2498 10229 15238 2513 10223 15239 2513 10223 15240 2498 10229 15241 2497 10230 15242 2513 10223 15243 2497 10230 15244 2517 10225 15245 2517 10225 15246 2497 10230 15247 2496 10231 15248 2517 10225 15249 2496 10231 15250 2495 10226 15251 2527 10232 15252 2549 10233 15253 2528 10234 15254 2528 10234 15255 2549 10233 15256 2557 10235 15257 2528 10236 15258 2557 10237 15259 2529 10238 15260 2529 10238 15261 2557 10237 15262 2556 10239 15263 2529 10240 15264 2556 10241 15265 2530 10242 15266 2530 10242 15267 2556 10241 15268 2558 10243 15269 2530 10244 15270 2558 10245 15271 2531 10246 15272 2531 10246 15273 2558 10245 15274 2555 10247 15275 2531 10248 15276 2555 10249 15277 2532 10250 15278 2532 10250 15279 2555 10249 15280 2554 10251 15281 2532 10252 15282 2554 10253 15283 2533 10254 15284 2533 10254 15285 2554 10253 15286 2553 10255 15287 2533 10256 15288 2553 10257 15289 2534 10258 15290 2534 10258 15291 2553 10257 15292 2552 10259 15293 2473 10260 15294 2534 10261 15295 2535 9628 15296 2535 10262 15297 2534 10262 15298 2559 10262 15299 2535 10263 15300 2559 10264 15301 2536 10265 15302 2536 10266 15303 2559 10266 15304 2537 10266 15305 2537 10267 15306 2559 10267 15307 2560 10267 15308 2537 10268 15309 2560 10269 15310 2538 10270 15311 2538 10271 15312 2560 10272 15313 2539 9644 15314 2539 10273 15315 2560 10273 15316 2561 10273 15317 2539 10274 15318 2561 10275 15319 2540 10276 15320 2540 10277 15321 2561 10278 15322 2541 10279 15323 2541 10280 15324 2561 10280 15325 2562 10280 15326 2541 10281 15327 2562 10282 15328 2542 10283 15329 2542 10284 15330 2562 10285 15331 2543 10286 15332 2543 10287 15333 2562 10288 15334 2563 10289 15335 2543 10290 15336 2563 10291 15337 2545 10292 15338 2545 10293 15339 2563 10294 15340 2544 10295 15341 2544 10296 15342 2563 10297 15343 2527 10298 15344 2544 10299 15345 2527 10299 15346 2467 10299 15347 2534 10300 15348 2552 10301 15349 2559 10302 15350 2559 10302 15351 2552 10301 15352 2551 10303 15353 2559 10304 15354 2551 10305 15355 2560 10306 15356 2560 10306 15357 2551 10305 15358 2546 10307 15359 2560 10308 15360 2546 10309 15361 2561 10310 15362 2561 10310 15363 2546 10309 15364 2547 10311 15365 2561 10312 15366 2547 10313 15367 2562 10314 15368 2562 10314 15369 2547 10313 15370 2548 10315 15371 2562 10316 15372 2548 10317 15373 2563 10318 15374 2563 10318 15375 2548 10317 15376 2550 10319 15377 2563 10320 15378 2550 10321 15379 2527 10322 15380 2527 10322 15381 2550 10321 15382 2549 10323 15383</p>
        </triangles>
      </mesh>
    </geometry>
  </library_geometries>
  <library_visual_scenes>
    <visual_scene id="Scene" name="Scene">
      <node id="right_gripper_finger_link1" name="right_gripper_finger_link1" type="NODE">
        <matrix sid="transform">1 0 0 0 0 1 0 0 0 0 1 0 0 0 0 1</matrix>
        <instance_geometry url="#right_gripper_finger_link1-mesh" name="right_gripper_finger_link1">
          <bind_material>
            <technique_common>
              <instance_material symbol="材质-material" target="#材质-material">
                <bind_vertex_input semantic="UVMap" input_semantic="TEXCOORD" input_set="0"/>
              </instance_material>
            </technique_common>
          </bind_material>
        </instance_geometry>
      </node>
    </visual_scene>
  </library_visual_scenes>
  <scene>
    <instance_visual_scene url="#Scene"/>
  </scene>
</COLLADA>